{
  "LogisticRegression": {
    "cv_auc_mean": 0.9731583644651687,
    "cv_auc_std": 0.0067564384206932615,
    "cv_acc_mean": 0.926445550478677,
    "cv_fold_aucs": [
      0.9795464409722223,
      0.9615071614583333,
      0.9788394415357766,
      0.9698407504363002,
      0.9760580279232112
    ],
    "test_auc": 0.6402312651436484,
    "test_acc": 0.5694227769110765,
    "test_precision": 0.7606177606177607,
    "test_recall": 0.20456905503634476,
    "test_f1": 0.32242225859247137
  },
  "RandomForest": {
    "cv_auc_mean": 0.9727093388688918,
    "cv_auc_std": 0.002994307469961409,
    "cv_acc_mean": 0.9139237924281985,
    "cv_fold_aucs": [
      0.9756944444444444,
      0.9723036024305556,
      0.9722949389179755,
      0.9675501745200698,
      0.9757035340314135
    ],
    "test_auc": 0.8402301834544825,
    "test_acc": 0.6058242329693188,
    "test_precision": 0.9083665338645418,
    "test_recall": 0.2367601246105919,
    "test_f1": 0.3756177924217463
  },
  "LightGBM": {
    "cv_auc_mean": 0.9802454870200699,
    "cv_auc_std": 0.003521737398743131,
    "cv_acc_mean": 0.9269623041775457,
    "cv_fold_aucs": [
      0.9823676215277777,
      0.9769422743055556,
      0.9820298865619547,
      0.975294502617801,
      0.98459315008726
    ],
    "test_auc": 0.8102262893734856,
    "test_acc": 0.6021840873634945,
    "test_precision": 1.0,
    "test_recall": 0.205607476635514,
    "test_f1": 0.34108527131782945
  },
  "best_classifier": "RandomForest",
  "best_test_auc": 0.8402301834544825,
  "cohens_d": {
    "s_benford_dev": 0.01965197045325098,
    "s_block_artifact": 0.002113246125186246,
    "s_blur_mag": 0.09169908780628043,
    "s_dbl_compress": 0.017735941674946538,
    "s_face_bg_diff": 0.01603960750995372,
    "s_flow_dir_consist": 0.06204276082254314,
    "s_flow_mag": 0.1200705190864462,
    "s_noise_hf_ratio": 0.7667408347036888,
    "s_noise_res_std": 0.057662618216155676,
    "s_noise_vmr": 0.26452320709135624,
    "s_prnu_energy": 0.00014959289920216245,
    "s_prnu_face_periph": 0.1595521141536277,
    "s_shadow_score": 0.1722753575954725,
    "t_blink_duration": 0.8255725551298229,
    "t_blink_rate": 0.6048768461014582,
    "t_blink_symmetry": 0.9570988409747208,
    "t_boundary_color_disc": 0.024128458499189744,
    "t_boundary_freq_leakage": 0.014764964267822247,
    "t_boundary_grad_temporal": 0.06536080017191816,
    "t_coupling_consistency": 0.7152220929552002,
    "t_dct_temporal_autocorr": 1.6027778167582922,
    "t_dct_temporal_std": 0.10002602617277621,
    "t_face_ssim_mean": 1.1384145985984109,
    "t_face_ssim_min": 0.5552431389400552,
    "t_face_ssim_std": 0.927752584003711,
    "t_interpupillary_std": 0.08636968636271128,
    "t_jaw_chin_rigidity": 0.41356192571088674,
    "t_landmark_accel_var": 0.7790960992954751,
    "t_landmark_jitter": 1.2576410831425073,
    "t_landmark_velocity_autocorr": 0.8419578591963652,
    "t_motion_blur_coupling": 0.17687003617075525,
    "t_noise_corr_std": 0.44700136949083463,
    "t_noise_spectral_entropy": 1.9123224049369236,
    "t_noise_temporal_corr": 0.1737776213228031,
    "t_nose_bridge_std": 0.22250798397385713,
    "t_prnu_face_vs_bg": 0.11819387610722892,
    "t_prnu_temporal_stability": 0.45867644362112425,
    "t_residual_entropy": 0.16367083878558786,
    "t_residual_flow_corr": 0.20410252753899735,
    "t_rigid_dist_var": 0.13384833120771206,
    "t_rppg_harmonic_ratio": 0.04967743124595631,
    "t_rppg_interregion_corr": 0.00268499178245257,
    "t_rppg_peak_prominence": 1.6450906999971349,
    "t_rppg_snr": 1.2317395605585266,
    "t_skin_bg_decorrelation": 0.921817684022491,
    "t_skin_color_jitter": 0.05898399994642268,
    "t_skin_texture_corr": 0.6594813393641653,
    "t_specular_stability": 0.0742659876305679,
    "t_specular_symmetry": 0.22352718447513856,
    "t_texture_warp_residual": 0.6329508705629565
  },
  "n_features": 50,
  "feature_names": [
    "s_benford_dev",
    "s_block_artifact",
    "s_blur_mag",
    "s_dbl_compress",
    "s_face_bg_diff",
    "s_flow_dir_consist",
    "s_flow_mag",
    "s_noise_hf_ratio",
    "s_noise_res_std",
    "s_noise_vmr",
    "s_prnu_energy",
    "s_prnu_face_periph",
    "s_shadow_score",
    "t_blink_duration",
    "t_blink_rate",
    "t_blink_symmetry",
    "t_boundary_color_disc",
    "t_boundary_freq_leakage",
    "t_boundary_grad_temporal",
    "t_coupling_consistency",
    "t_dct_temporal_autocorr",
    "t_dct_temporal_std",
    "t_face_ssim_mean",
    "t_face_ssim_min",
    "t_face_ssim_std",
    "t_interpupillary_std",
    "t_jaw_chin_rigidity",
    "t_landmark_accel_var",
    "t_landmark_jitter",
    "t_landmark_velocity_autocorr",
    "t_motion_blur_coupling",
    "t_noise_corr_std",
    "t_noise_spectral_entropy",
    "t_noise_temporal_corr",
    "t_nose_bridge_std",
    "t_prnu_face_vs_bg",
    "t_prnu_temporal_stability",
    "t_residual_entropy",
    "t_residual_flow_corr",
    "t_rigid_dist_var",
    "t_rppg_harmonic_ratio",
    "t_rppg_interregion_corr",
    "t_rppg_peak_prominence",
    "t_rppg_snr",
    "t_skin_bg_decorrelation",
    "t_skin_color_jitter",
    "t_skin_texture_corr",
    "t_specular_stability",
    "t_specular_symmetry",
    "t_texture_warp_residual"
  ]
}