{
  "LogisticRegression": {
    "cv_fold_aucs": [
      0.8526334776334776,
      0.8800955988455987,
      0.8761724386724387,
      0.8835227272727272,
      0.8819444444444443,
      0.8447420634920635,
      0.8585858585858586,
      0.8841540404040404,
      0.8679184941520467,
      0.9099963450292398
    ],
    "cv_auc_mean": 0.8739765488531935,
    "cv_auc_std": 0.017837162990220885,
    "cv_ci_lo": 0.8605263935124178,
    "cv_ci_hi": 0.8874267041939693,
    "test_auc": 0.9717610677083334
  },
  "RandomForest": {
    "cv_fold_aucs": [
      0.8938041125541124,
      0.8938041125541126,
      0.8880321067821068,
      0.8530844155844155,
      0.8861832611832611,
      0.8566468253968254,
      0.8544823232323233,
      0.8788329725829725,
      0.8863304093567251,
      0.8824013157894737
    ],
    "cv_auc_mean": 0.8773601855016329,
    "cv_auc_std": 0.015434836987833505,
    "cv_ci_lo": 0.8657215098187494,
    "cv_ci_hi": 0.8889988611845163,
    "test_auc": 0.995654296875
  },
  "LightGBM": {
    "cv_fold_aucs": [
      0.9123376623376623,
      0.9032287157287158,
      0.907151875901876,
      0.8914141414141414,
      0.9028679653679654,
      0.8896103896103896,
      0.8783820346320346,
      0.8991702741702741,
      0.8877010233918128,
      0.9243877923976607
    ],
    "cv_auc_mean": 0.8996251874952534,
    "cv_auc_std": 0.012713486202820319,
    "cv_ci_lo": 0.8900385528693048,
    "cv_ci_hi": 0.9092118221212021,
    "test_auc": 0.9947048611111111
  },
  "best_classifier": "RandomForest",
  "best_test_auc": 0.995654296875,
  "experiment_name": "Multi-manip\u2192FaceShifter",
  "best_test_ci_lo": 0.9920476909821613,
  "best_test_ci_hi": 0.9983171542553553,
  "previous_auc": 0.9957,
  "delta": -4.5703125000073896e-05
}