{
  "cv_results": {
    "LogisticRegression": {
      "mean": 0.8953813244047618,
      "std": 0.013459203534778716,
      "ci_lo": 0.8852323798441756,
      "ci_hi": 0.905530268965348
    },
    "RandomForest": {
      "mean": 0.8996798192213488,
      "std": 0.01585930255697479,
      "ci_lo": 0.8877210742626006,
      "ci_hi": 0.9116385641800969
    },
    "LightGBM": {
      "mean": 0.9211613283920027,
      "std": 0.013267817845799175,
      "ci_lo": 0.9111566986671439,
      "ci_hi": 0.9311659581168615
    }
  },
  "per_manipulation": {
    "Deepfakes": {
      "classifiers": {
        "LogisticRegression": {
          "auc": 0.9465996168582375,
          "f1": 0.9188293760353395,
          "precision": 0.9742388758782201,
          "recall": 0.8693834900731452,
          "mcc": 0.6446123496529894,
          "ci_lo": 0.9323118102132089,
          "ci_hi": 0.9595129774409759
        },
        "RandomForest": {
          "auc": 0.9495493730407523,
          "f1": 0.9390374331550803,
          "precision": 0.9616648411829135,
          "recall": 0.9174503657262278,
          "mcc": 0.6788851258824244,
          "ci_lo": 0.9349049345741192,
          "ci_hi": 0.962269629838003
        },
        "LightGBM": {
          "auc": 0.9708725182863115,
          "f1": 0.963265306122449,
          "precision": 0.9411764705882353,
          "recall": 0.9864158829676071,
          "mcc": 0.7607271314498834,
          "ci_lo": 0.9595622184100053,
          "ci_hi": 0.980902490598635
        }
      },
      "best_classifier": "LightGBM",
      "best_auc": 0.9708725182863115
    },
    "Face2Face": {
      "classifiers": {
        "LogisticRegression": {
          "auc": 0.6824761284722222,
          "f1": 0.5288389513108614,
          "precision": 0.9413333333333334,
          "recall": 0.36770833333333336,
          "mcc": 0.2013238041843888,
          "ci_lo": 0.6428009208408498,
          "ci_hi": 0.7217265046343023
        },
        "RandomForest": {
          "auc": 0.7496907552083334,
          "f1": 0.6882003955174687,
          "precision": 0.9371633752244165,
          "recall": 0.54375,
          "mcc": 0.26956182759535824,
          "ci_lo": 0.7130708537536656,
          "ci_hi": 0.7868656767758028
        },
        "LightGBM": {
          "auc": 0.8818088107638888,
          "f1": 0.9301837270341208,
          "precision": 0.9375661375661376,
          "recall": 0.9229166666666667,
          "mcc": 0.5975873584871877,
          "ci_lo": 0.8509850894605024,
          "ci_hi": 0.9109128948230004
        }
      },
      "best_classifier": "LightGBM",
      "best_auc": 0.8818088107638888
    },
    "FaceSwap": {
      "classifiers": {
        "LogisticRegression": {
          "auc": 0.9954893561786086,
          "f1": 0.9840123775141826,
          "precision": 0.9774590163934426,
          "recall": 0.9906542056074766,
          "mcc": 0.9012630675647191,
          "ci_lo": 0.9927035705929365,
          "ci_hi": 0.9977369683703389
        },
        "RandomForest": {
          "auc": 0.9998593804084458,
          "f1": 0.9821519632840388,
          "precision": 0.9649298597194389,
          "recall": 1.0,
          "mcc": 0.8882742748581373,
          "ci_lo": 0.9996429507238623,
          "ci_hi": 0.9999832840693372
        },
        "LightGBM": {
          "auc": 0.9996214087919695,
          "f1": 0.9702770780856423,
          "precision": 0.9422700587084148,
          "recall": 1.0,
          "mcc": 0.8079098476425499,
          "ci_lo": 0.9991612869451145,
          "ci_hi": 0.9999305139754529
        }
      },
      "best_classifier": "RandomForest",
      "best_auc": 0.9998593804084458
    },
    "NeuralTextures": {
      "classifiers": {
        "LogisticRegression": {
          "auc": 0.9864453260492542,
          "f1": 0.9744392279603548,
          "precision": 0.9769874476987448,
          "recall": 0.9719042663891779,
          "mcc": 0.8485817295371657,
          "ci_lo": 0.9803096263118656,
          "ci_hi": 0.9914527374568876
        },
        "RandomForest": {
          "auc": 0.9991003295178633,
          "f1": 0.9815950920245399,
          "precision": 0.964824120603015,
          "recall": 0.9989594172736732,
          "mcc": 0.8847440087802559,
          "ci_lo": 0.9981902863128193,
          "ci_hi": 0.9997279086353211
        },
        "LightGBM": {
          "auc": 0.9988510232396809,
          "f1": 0.9702170620898536,
          "precision": 0.942156862745098,
          "recall": 1.0,
          "mcc": 0.8078613186251208,
          "ci_lo": 0.9977829362260418,
          "ci_hi": 0.999642705001883
        }
      },
      "best_classifier": "RandomForest",
      "best_auc": 0.9991003295178633
    }
  },
  "summary": [
    {
      "Manipulation": "Deepfakes",
      "Best Model": "LGBM",
      "AUC": 0.9709,
      "95% CI Lo": 0.9596,
      "95% CI Hi": 0.9809,
      "F1": 0.9633,
      "Precision": 0.9412,
      "Recall": 0.9864,
      "MCC": 0.7607
    },
    {
      "Manipulation": "Face2Face",
      "Best Model": "LGBM",
      "AUC": 0.8818,
      "95% CI Lo": 0.851,
      "95% CI Hi": 0.9109,
      "F1": 0.9302,
      "Precision": 0.9376,
      "Recall": 0.9229,
      "MCC": 0.5976
    },
    {
      "Manipulation": "FaceSwap",
      "Best Model": "RF",
      "AUC": 0.9999,
      "95% CI Lo": 0.9996,
      "95% CI Hi": 1.0,
      "F1": 0.9822,
      "Precision": 0.9649,
      "Recall": 1.0,
      "MCC": 0.8883
    },
    {
      "Manipulation": "NeuralTextures",
      "Best Model": "RF",
      "AUC": 0.9991,
      "95% CI Lo": 0.9982,
      "95% CI Hi": 0.9997,
      "F1": 0.9816,
      "Precision": 0.9648,
      "Recall": 0.999,
      "MCC": 0.8847
    }
  ]
}