{
  "LogisticRegression": {
    "cv_auc_mean": 0.9731583644651687,
    "cv_auc_std": 0.0067564384206932615,
    "cv_acc_mean": 0.926445550478677,
    "cv_fold_aucs": [
      0.9795464409722223,
      0.9615071614583333,
      0.9788394415357766,
      0.9698407504363002,
      0.9760580279232112
    ],
    "test_auc": 0.7971006944444444,
    "test_acc": 0.675,
    "test_precision": 0.8652173913043478,
    "test_recall": 0.41458333333333336,
    "test_f1": 0.5605633802816902
  },
  "RandomForest": {
    "cv_auc_mean": 0.9727093388688918,
    "cv_auc_std": 0.002994307469961409,
    "cv_acc_mean": 0.9139237924281985,
    "cv_fold_aucs": [
      0.9756944444444444,
      0.9723036024305556,
      0.9722949389179755,
      0.9675501745200698,
      0.9757035340314135
    ],
    "test_auc": 0.9276996527777778,
    "test_acc": 0.7375,
    "test_precision": 0.954183266932271,
    "test_recall": 0.49895833333333334,
    "test_f1": 0.655266757865937
  },
  "LightGBM": {
    "cv_auc_mean": 0.9802454870200699,
    "cv_auc_std": 0.003521737398743131,
    "cv_acc_mean": 0.9269623041775457,
    "cv_fold_aucs": [
      0.9823676215277777,
      0.9769422743055556,
      0.9820298865619547,
      0.975294502617801,
      0.98459315008726
    ],
    "test_auc": 0.9407226562500001,
    "test_acc": 0.7078125,
    "test_precision": 1.0,
    "test_recall": 0.415625,
    "test_f1": 0.58719646799117
  },
  "best_classifier": "LightGBM",
  "best_test_auc": 0.9407226562500001,
  "cohens_d": {
    "s_benford_dev": 0.04954179257940794,
    "s_block_artifact": 0.025687118333796218,
    "s_blur_mag": 0.21208458552245604,
    "s_dbl_compress": 0.04362821387356866,
    "s_face_bg_diff": 0.06481439358320161,
    "s_flow_dir_consist": 0.031087910303498334,
    "s_flow_mag": 0.022587210211467718,
    "s_noise_hf_ratio": 0.10883887272414093,
    "s_noise_res_std": 0.6150743509792966,
    "s_noise_vmr": 0.02733695980046015,
    "s_prnu_energy": 0.5833784721105155,
    "s_prnu_face_periph": 0.42556417033575816,
    "s_shadow_score": 0.0037604220362600807,
    "t_blink_duration": 0.6525716478908846,
    "t_blink_rate": 0.47442552350401623,
    "t_blink_symmetry": 0.5952287087355284,
    "t_boundary_color_disc": 0.08810929913535055,
    "t_boundary_freq_leakage": 0.009322646438364984,
    "t_boundary_grad_temporal": 0.20616485264420764,
    "t_coupling_consistency": 0.6742288024102943,
    "t_dct_temporal_autocorr": 1.6665836579624635,
    "t_dct_temporal_std": 0.18466952674011247,
    "t_face_ssim_mean": 1.0115132026767495,
    "t_face_ssim_min": 0.6636324206882276,
    "t_face_ssim_std": 1.0279768412191204,
    "t_interpupillary_std": 0.11623502227003792,
    "t_jaw_chin_rigidity": 0.6689052699671214,
    "t_landmark_accel_var": 0.627181487097831,
    "t_landmark_jitter": 1.2787137893650975,
    "t_landmark_velocity_autocorr": 0.8360758666819595,
    "t_motion_blur_coupling": 0.30578699015451066,
    "t_noise_corr_std": 0.019297806533856623,
    "t_noise_spectral_entropy": 2.0062904620391984,
    "t_noise_temporal_corr": 0.05862172584257749,
    "t_nose_bridge_std": 0.0926893364443976,
    "t_prnu_face_vs_bg": 0.018948026804459377,
    "t_prnu_temporal_stability": 0.20507327389678062,
    "t_residual_entropy": 0.3303759785670637,
    "t_residual_flow_corr": 0.34065149086194274,
    "t_rigid_dist_var": 0.08517913746714875,
    "t_rppg_harmonic_ratio": 0.027291111184009245,
    "t_rppg_interregion_corr": 0.04527532884655046,
    "t_rppg_peak_prominence": 1.598343095189579,
    "t_rppg_snr": 1.0908249715502887,
    "t_skin_bg_decorrelation": 1.1887381018496146,
    "t_skin_color_jitter": 0.2831748359548727,
    "t_skin_texture_corr": 0.6195589943523155,
    "t_specular_stability": 0.20632683831514242,
    "t_specular_symmetry": 0.1979068102767409,
    "t_texture_warp_residual": 0.7572416674062235
  },
  "n_features": 50,
  "feature_names": [
    "s_benford_dev",
    "s_block_artifact",
    "s_blur_mag",
    "s_dbl_compress",
    "s_face_bg_diff",
    "s_flow_dir_consist",
    "s_flow_mag",
    "s_noise_hf_ratio",
    "s_noise_res_std",
    "s_noise_vmr",
    "s_prnu_energy",
    "s_prnu_face_periph",
    "s_shadow_score",
    "t_blink_duration",
    "t_blink_rate",
    "t_blink_symmetry",
    "t_boundary_color_disc",
    "t_boundary_freq_leakage",
    "t_boundary_grad_temporal",
    "t_coupling_consistency",
    "t_dct_temporal_autocorr",
    "t_dct_temporal_std",
    "t_face_ssim_mean",
    "t_face_ssim_min",
    "t_face_ssim_std",
    "t_interpupillary_std",
    "t_jaw_chin_rigidity",
    "t_landmark_accel_var",
    "t_landmark_jitter",
    "t_landmark_velocity_autocorr",
    "t_motion_blur_coupling",
    "t_noise_corr_std",
    "t_noise_spectral_entropy",
    "t_noise_temporal_corr",
    "t_nose_bridge_std",
    "t_prnu_face_vs_bg",
    "t_prnu_temporal_stability",
    "t_residual_entropy",
    "t_residual_flow_corr",
    "t_rigid_dist_var",
    "t_rppg_harmonic_ratio",
    "t_rppg_interregion_corr",
    "t_rppg_peak_prominence",
    "t_rppg_snr",
    "t_skin_bg_decorrelation",
    "t_skin_color_jitter",
    "t_skin_texture_corr",
    "t_specular_stability",
    "t_specular_symmetry",
    "t_texture_warp_residual"
  ]
}