{
  "LogisticRegression": {
    "cv_auc_mean": 0.9731583644651687,
    "cv_auc_std": 0.0067564384206932615,
    "cv_acc_mean": 0.926445550478677,
    "cv_fold_aucs": [
      0.9795464409722223,
      0.9615071614583333,
      0.9788394415357766,
      0.9698407504363002,
      0.9760580279232112
    ],
    "test_auc": 0.6446799045138889,
    "test_acc": 0.553125,
    "test_precision": 0.7256637168141593,
    "test_recall": 0.17083333333333334,
    "test_f1": 0.2765598650927487
  },
  "RandomForest": {
    "cv_auc_mean": 0.9727093388688918,
    "cv_auc_std": 0.002994307469961409,
    "cv_acc_mean": 0.9139237924281985,
    "cv_fold_aucs": [
      0.9756944444444444,
      0.9723036024305556,
      0.9722949389179755,
      0.9675501745200698,
      0.9757035340314135
    ],
    "test_auc": 0.6808528645833334,
    "test_acc": 0.5489583333333333,
    "test_precision": 0.8357142857142857,
    "test_recall": 0.121875,
    "test_f1": 0.21272727272727274
  },
  "LightGBM": {
    "cv_auc_mean": 0.9802454870200699,
    "cv_auc_std": 0.003521737398743131,
    "cv_acc_mean": 0.9269623041775457,
    "cv_fold_aucs": [
      0.9823676215277777,
      0.9769422743055556,
      0.9820298865619547,
      0.975294502617801,
      0.98459315008726
    ],
    "test_auc": 0.6642578125,
    "test_acc": 0.5463541666666667,
    "test_precision": 1.0,
    "test_recall": 0.09270833333333334,
    "test_f1": 0.16968541468064824
  },
  "best_classifier": "RandomForest",
  "best_test_auc": 0.6808528645833334,
  "cohens_d": {
    "s_benford_dev": 0.04343442412389681,
    "s_block_artifact": 0.018396725801539063,
    "s_blur_mag": 0.00922222923435831,
    "s_dbl_compress": 0.02054202433225149,
    "s_face_bg_diff": 0.004338760627513698,
    "s_flow_dir_consist": 0.08773012313986958,
    "s_flow_mag": 0.11025637659521717,
    "s_noise_hf_ratio": 0.2732719276575317,
    "s_noise_res_std": 0.1891528271186934,
    "s_noise_vmr": 0.16892254247272664,
    "s_prnu_energy": 0.219163872365801,
    "s_prnu_face_periph": 0.0850019674757133,
    "s_shadow_score": 0.16365895923771467,
    "t_blink_duration": 0.06755566378932558,
    "t_blink_rate": 0.10146303938703129,
    "t_blink_symmetry": 0.1508836267367362,
    "t_boundary_color_disc": 0.06982374319027858,
    "t_boundary_freq_leakage": 0.17928457636917994,
    "t_boundary_grad_temporal": 0.09405373322876888,
    "t_coupling_consistency": 0.6195913321675888,
    "t_dct_temporal_autocorr": 0.010944719791175582,
    "t_dct_temporal_std": 0.2230406657539618,
    "t_face_ssim_mean": 0.25529715043829493,
    "t_face_ssim_min": 0.18075021363744256,
    "t_face_ssim_std": 0.24402579747835135,
    "t_interpupillary_std": 0.20108227604516835,
    "t_jaw_chin_rigidity": 0.10709853891195503,
    "t_landmark_accel_var": 0.15920754486691105,
    "t_landmark_jitter": 0.21941936811682836,
    "t_landmark_velocity_autocorr": 0.11292934436802152,
    "t_motion_blur_coupling": 0.12937182649518403,
    "t_noise_corr_std": 0.05644463301026509,
    "t_noise_spectral_entropy": 0.07664931986959908,
    "t_noise_temporal_corr": 0.05937269921511339,
    "t_nose_bridge_std": 0.3821874659280623,
    "t_prnu_face_vs_bg": 0.012681387556185496,
    "t_prnu_temporal_stability": 0.07015806323252237,
    "t_residual_entropy": 0.11632038687046008,
    "t_residual_flow_corr": 0.15764299415648841,
    "t_rigid_dist_var": 0.29465779942019704,
    "t_rppg_harmonic_ratio": 0.037169383961011736,
    "t_rppg_interregion_corr": 0.15827273803229333,
    "t_rppg_peak_prominence": 0.10424567599941785,
    "t_rppg_snr": 0.029235964480967696,
    "t_skin_bg_decorrelation": 0.07184328555335026,
    "t_skin_color_jitter": 0.13872733771775542,
    "t_skin_texture_corr": 0.2641598928233904,
    "t_specular_stability": 0.33053525828426616,
    "t_specular_symmetry": 0.08395259116760083,
    "t_texture_warp_residual": 0.23654797216028697
  },
  "n_features": 50,
  "feature_names": [
    "s_benford_dev",
    "s_block_artifact",
    "s_blur_mag",
    "s_dbl_compress",
    "s_face_bg_diff",
    "s_flow_dir_consist",
    "s_flow_mag",
    "s_noise_hf_ratio",
    "s_noise_res_std",
    "s_noise_vmr",
    "s_prnu_energy",
    "s_prnu_face_periph",
    "s_shadow_score",
    "t_blink_duration",
    "t_blink_rate",
    "t_blink_symmetry",
    "t_boundary_color_disc",
    "t_boundary_freq_leakage",
    "t_boundary_grad_temporal",
    "t_coupling_consistency",
    "t_dct_temporal_autocorr",
    "t_dct_temporal_std",
    "t_face_ssim_mean",
    "t_face_ssim_min",
    "t_face_ssim_std",
    "t_interpupillary_std",
    "t_jaw_chin_rigidity",
    "t_landmark_accel_var",
    "t_landmark_jitter",
    "t_landmark_velocity_autocorr",
    "t_motion_blur_coupling",
    "t_noise_corr_std",
    "t_noise_spectral_entropy",
    "t_noise_temporal_corr",
    "t_nose_bridge_std",
    "t_prnu_face_vs_bg",
    "t_prnu_temporal_stability",
    "t_residual_entropy",
    "t_residual_flow_corr",
    "t_rigid_dist_var",
    "t_rppg_harmonic_ratio",
    "t_rppg_interregion_corr",
    "t_rppg_peak_prominence",
    "t_rppg_snr",
    "t_skin_bg_decorrelation",
    "t_skin_color_jitter",
    "t_skin_texture_corr",
    "t_specular_stability",
    "t_specular_symmetry",
    "t_texture_warp_residual"
  ]
}