video_path,label,median_face_energy,median_bg_energy,median_face_bg_ratio,median_face_bg_corr,median_temporal_consistency,gaussian_face_energy,gaussian_bg_energy,gaussian_face_bg_ratio,gaussian_face_bg_corr,gaussian_temporal_consistency,wavelet_face_energy,wavelet_bg_energy,wavelet_face_bg_ratio,wavelet_face_bg_corr,wavelet_temporal_consistency
/home/iiitn/Datasets/FaceForensics++/original_sequences/youtube/c23/videos/003.mp4,0,48.29925268446765,9.989572857586012,4.834966757141126,0.8442649212834309,0.09614673989122875,25.887254867689155,13.668764949712683,1.893898604806523,0.870403017590144,0.08841593539180945,0.15554610332605937,0.07690455144131891,2.022586445286622,0.9847035285881022,0.025417925152813627
/home/iiitn/Datasets/FaceForensics++/original_sequences/youtube/c23/videos/007.mp4,0,66.16184369753624,225.4719811907163,0.2934370973640978,0.9592210694124329,0.10246818378767256,36.066644715240606,134.27927269262443,0.2685942810980212,0.9834036040724007,0.07477415678105355,3.101683615812618,3.647547252854817,0.850347754476664,0.9969193357584771,0.05540662639333714
/home/iiitn/Datasets/FaceForensics++/original_sequences/youtube/c23/videos/000.mp4,0,46.325148418522225,25.20302629791179,1.838078803352299,0.8437366242242822,0.19763817204082432,31.69024670873517,26.705088680521765,1.18667446073113,0.89517985087537,0.14919630915360524,0.7963452206108631,0.40399764648315967,1.9711630192480791,0.9897513154510332,0.026553435964802297
/home/iiitn/Datasets/FaceForensics++/original_sequences/youtube/c23/videos/009.mp4,0,4.18578630554017,143.77565605712414,0.029113317374654144,0.8952281980417,0.302996568668348,2.8145653373150594,76.25582588049893,0.03690951222173878,0.9273555354471471,0.26335895779466034,0.90298549250689,1.126507198250818,0.8015798690936011,0.9921091780227372,0.03446521114930901
/home/iiitn/Datasets/FaceForensics++/original_sequences/youtube/c23/videos/008.mp4,0,76.52536746109494,121.58848377018019,0.6293800620603095,0.9388198330116783,0.22911464013721322,40.1239237631373,74.69118130459354,0.5371976056920345,0.9796941796922146,0.19476397571990836,1.6140859161195813,1.0832947332092602,1.4899785502859895,0.9960948126699914,0.05128164397895494
/home/iiitn/Datasets/FaceForensics++/original_sequences/youtube/c23/videos/010.mp4,0,59.463711236310395,89.64371052959125,0.6633338901860998,0.9439606379613567,0.1691619141073089,35.97359617333122,59.85490558062431,0.6010133308935711,0.9738538665058584,0.1530562927469122,3.984838309865371,3.5516291440962946,1.1219747750097107,0.9981513026735344,0.043950596487031576
/home/iiitn/Datasets/FaceForensics++/original_sequences/youtube/c23/videos/005.mp4,0,57.373100956419854,114.47958993030842,0.5011644520332995,0.9070611047090852,0.25938115550030977,33.44245626469106,63.36995661444371,0.5277336146553181,0.959666542007473,0.23814795090233637,1.5370644567920049,0.9813777365426342,1.5662312273427348,0.9919494542417148,0.06505889144433001
/home/iiitn/Datasets/FaceForensics++/original_sequences/youtube/c23/videos/012.mp4,0,10.763215646010222,23.477615643836376,0.4584458579308887,0.8155694643598412,0.2835981464453376,6.09492388355013,14.020030086250452,0.4347297292555361,0.9122636570870394,0.24014270083644537,1.027040798433973,0.7262200390189711,1.414228117171445,0.9961063871804431,0.025771876216099155
/home/iiitn/Datasets/FaceForensics++/original_sequences/youtube/c23/videos/013.mp4,0,17.48004066013568,154.83421555183946,0.11289520599717348,0.9170150430874173,0.20434487138006877,9.287894218944357,100.1354210355626,0.09275333466312392,0.9763213765716564,0.14442881991327097,1.3773359837787698,1.852417086091914,0.7435344848198127,0.9979852238111429,0.030353740988039682
/home/iiitn/Datasets/FaceForensics++/original_sequences/youtube/c23/videos/015.mp4,0,10.222600293971466,195.36526004919224,0.05232557872058447,0.8766004365457553,0.10779751448975168,6.486753827854869,87.04044710832714,0.07452574111644565,0.9523834489899586,0.0876009013308301,0.736654388422469,0.6578736732287407,1.1197505211100558,0.9906995334577964,-0.0011779639267318828
/home/iiitn/Datasets/FaceForensics++/original_sequences/youtube/c23/videos/006.mp4,0,4.616433591065056,34.48380654592327,0.13387250577795676,0.8884769634936626,0.1273742424926152,3.11571678327445,21.937519141850185,0.14202685194838646,0.9159184363816254,0.12411740734708607,0.03265946088067284,0.01841889014519245,1.7731503159650124,0.9840231623719232,0.009452165161934659
/home/iiitn/Datasets/FaceForensics++/original_sequences/youtube/c23/videos/018.mp4,0,9.884633013198515,11.449200628539636,0.8633469998384784,0.8321021203149753,0.20624670612497634,6.1447010438320255,24.690858074849743,0.24886543129463187,0.8534070401059018,0.15472459875663375,0.003756240267364148,0.0019507599183283472,1.9255266791533014,0.9698376816792487,0.019937873325399712
/home/iiitn/Datasets/FaceForensics++/original_sequences/youtube/c23/videos/004.mp4,0,23.1102398908882,29.895391929584108,0.7730368595040426,0.9226082322428427,0.13072974645872937,12.74424886377407,20.14792024352878,0.6325342124513987,0.9432217152562302,0.1081221345300564,1.0197154867092122,0.6508559454401954,1.5667299251903504,0.9901433673683512,0.01376661618603572
/home/iiitn/Datasets/FaceForensics++/original_sequences/youtube/c23/videos/014.mp4,0,101.96655107918912,603.4656523030119,0.1689682763054586,0.8624092006273839,0.3195567087025464,64.53388455536647,355.6622656573074,0.18144709401797224,0.9795978144786938,0.25572612800737593,4.57038670857617,5.945335251826767,0.7687349013954884,0.997426752253426,0.04330520852007003
/home/iiitn/Datasets/FaceForensics++/original_sequences/youtube/c23/videos/001.mp4,0,9.455496541296409,62.232897012725005,0.15193727104433216,0.9724308119576909,0.10853274528703719,6.604088079575999,42.154111689238476,0.15666533618977807,0.9689367886360221,0.12764325207089278,1.943221640750797,2.7211796748036607,0.7141100085171718,0.9966181184800128,0.019414564172150425
/home/iiitn/Datasets/FaceForensics++/original_sequences/youtube/c23/videos/016.mp4,0,66.97024287945807,224.89745494368515,0.2977812394374475,0.9365350030044834,0.23155102232587935,34.49326298763056,127.86632523534203,0.2697603370093307,0.9769908941292321,0.20460879707352017,3.2535287535584514,3.2902380550861987,0.9888429648818265,0.9978921652884863,0.0976654708241354
/home/iiitn/Datasets/FaceForensics++/original_sequences/youtube/c23/videos/011.mp4,0,14.136919537741711,4.87577811904651,2.8994181426176704,0.9122771105691253,0.09572245709513845,8.824491590678898,3.686504507227822,2.3937286861788594,0.9391169878346352,0.05960156756771886,0.023078090423054965,0.0125930732006128,1.8326019435773586,0.9781281544367196,0.0013352450417062254
/home/iiitn/Datasets/FaceForensics++/original_sequences/youtube/c23/videos/002.mp4,0,15.436362779808247,20.16856238883741,0.7653675300303868,0.9096082476737389,0.09550932218030514,8.802879107108433,21.026209508948835,0.4186621988790654,0.9562044233115201,0.0599784321165402,0.6946335624507087,0.5010817252694846,1.3862680026439418,0.9936474337266056,0.0014996591224447522
/home/iiitn/Datasets/FaceForensics++/original_sequences/youtube/c23/videos/021.mp4,0,59.13089415288683,96.9064945358371,0.6101850493727184,0.9084916899111278,0.18927608224609277,34.121271563187854,66.06750731875377,0.5164607073574617,0.9763424941895223,0.16424630491847977,2.3982663429761817,1.8795044945548627,1.276009900441436,0.9882054858227786,0.0311414376815616
/home/iiitn/Datasets/FaceForensics++/original_sequences/youtube/c23/videos/024.mp4,0,21.51011265462319,23.489124442210564,0.9157477413661687,0.9091787962092596,0.09488919703038699,10.747663043512338,19.523726353596313,0.5504924033896119,0.9207964827207723,0.05236690643840647,0.9480081893336747,0.6833834637230005,1.387227288423145,0.9972087148308764,0.021678559949896793
/home/iiitn/Datasets/FaceForensics++/original_sequences/youtube/c23/videos/026.mp4,0,57.71450883139761,50.32379114862678,1.1468632929689857,0.7656228675152033,0.18016698289703797,35.36154764079908,34.70965775423057,1.0187812248448072,0.8707832385680597,0.11972493818396701,1.222560609465882,0.7707724859487408,1.5861497805815383,0.9978418580269603,0.02611707999357335
/home/iiitn/Datasets/FaceForensics++/original_sequences/youtube/c23/videos/027.mp4,0,13.281272930869884,75.3651724668375,0.17622560257145253,0.9439001374210791,0.09178136060364253,7.619962155121063,76.1243985499238,0.10009881588914953,0.9572326149090697,0.08428078409507175,1.1187109299954867,1.4832602692675714,0.7542242943970326,0.9961991702393164,0.031283845602973585
/home/iiitn/Datasets/FaceForensics++/original_sequences/youtube/c23/videos/023.mp4,0,20.870269866998722,38.26366014467575,0.5454331809368934,0.9513117001589565,0.253217923131648,11.074069462594622,20.628683022324488,0.5368287180820122,0.975790767685713,0.2538503808923517,1.631312600135077,1.5158119180054033,1.0761972384289316,0.9953930382353211,0.03173661112234999
/home/iiitn/Datasets/FaceForensics++/original_sequences/youtube/c23/videos/017.mp4,0,5.343545675911148,14.364242490538805,0.37200330469432996,0.7997404524729413,0.07581412546424769,3.794486447801343,14.830062091993682,0.25586450173056763,0.8115270907096254,0.06019908759817588,0.13964410224166593,0.0823793583334458,1.6951346194811376,0.9920758641164844,0.00529090571730702
/home/iiitn/Datasets/FaceForensics++/original_sequences/youtube/c23/videos/019.mp4,0,16.154727335401677,92.18710087083137,0.17523847894985864,0.9168769862117921,0.02038847646867039,9.841634213219109,73.40722291172011,0.13406901695565718,0.9522720145144276,0.01707440240469882,0.9382655548727081,0.7999731849159663,1.1728712568925281,0.9962318054208691,-0.0018688250759458249
/home/iiitn/Datasets/FaceForensics++/original_sequences/youtube/c23/videos/029.mp4,0,14.885834090501774,10.50193975178776,1.4174366300252046,0.9499904817583019,0.18052259235167495,8.708630401974352,10.420085037725416,0.8357542544465976,0.9676295467635591,0.1748080009426583,0.9677490201200932,0.6156894454142544,1.5718135617364084,0.9974996882126642,0.02083219622065134
/home/iiitn/Datasets/FaceForensics++/original_sequences/youtube/c23/videos/028.mp4,0,10.556590990925228,53.90081696944702,0.19585215186829347,0.9333336686221366,0.10452893648561801,7.374592962348505,31.413466431657426,0.23475896804934077,0.9543803489312809,0.08266583123785014,1.0272504905713449,0.8351624898225894,1.2300007520567164,0.9954209302056146,-0.004519765566904061
/home/iiitn/Datasets/FaceForensics++/original_sequences/youtube/c23/videos/022.mp4,0,23.136562850568836,28.41072744597433,0.8143601002320404,0.9118480536359187,0.15703723119825852,13.667457268566455,19.840656046654694,0.6888611564268766,0.962581230489747,0.1423763355569563,0.9449444906232255,0.6461848644857515,1.4623438934541335,0.9895619380821057,0.03217497154945773
/home/iiitn/Datasets/FaceForensics++/original_sequences/youtube/c23/videos/020.mp4,0,7.872865400769612,33.12506832170242,0.2376709181188791,0.9115066243867668,0.15497949985339785,5.469641490393017,25.853757028755737,0.21156079885447326,0.9364221638744494,0.1111298443211672,0.07321565666675847,0.04792813508143485,1.5276133015056295,0.9888455094131325,0.0048478270686570695
/home/iiitn/Datasets/FaceForensics++/original_sequences/youtube/c23/videos/033.mp4,0,0.0,0.0,0.0,0.0,0.0,0.0,0.0,0.0,0.0,0.0,0.0,0.0,0.0,0.0,0.0
/home/iiitn/Datasets/FaceForensics++/original_sequences/youtube/c23/videos/036.mp4,0,10.481258776085296,32.9922889685643,0.3176881357359607,0.8759854574297209,0.30696285284278596,6.542815209151468,15.723358771795716,0.4161207095832383,0.9558410016131974,0.2922837965474469,0.9311611465021233,0.7765631100780978,1.1990798100214648,0.9942722930656798,0.03216532264399961
/home/iiitn/Datasets/FaceForensics++/original_sequences/youtube/c23/videos/035.mp4,0,9.977849992181895,31.02750287060087,0.32158082568855684,0.8283845898789902,0.20619660734639003,5.59484635098512,23.71452904418545,0.2359248349634384,0.901234408872679,0.1704861073521739,0.3402127162100507,0.21629318330753974,1.5729238943527597,0.9939741825452971,0.011614652488882563
/home/iiitn/Datasets/FaceForensics++/original_sequences/youtube/c23/videos/038.mp4,0,18.91686493751823,9.250987138222206,2.0448482583398717,0.767389050830388,0.17012660039500488,11.8701162764148,6.586758469806064,1.8021180419515663,0.834787343759874,0.09855987970968587,0.07472780845740751,0.039068126010931584,1.9127564100847338,0.9858910223374971,0.017929595591088802
/home/iiitn/Datasets/FaceForensics++/original_sequences/youtube/c23/videos/037.mp4,0,67.20790713904987,27.362282814512998,2.4562244164585088,0.9341106821563785,0.14190502525558066,37.08671823401568,27.801474047907544,1.3339838804988464,0.9592264364109951,0.10659648396130496,1.6954262727655562,0.9987184547114536,1.6976018263879915,0.9959213747033685,0.0186283747057296
/home/iiitn/Datasets/FaceForensics++/original_sequences/youtube/c23/videos/039.mp4,0,14.198830963260988,185.50582300184215,0.07654116045252116,0.9732532385060049,0.21949766812471386,8.065903027617336,104.61660774796069,0.07709964221980393,0.981676894872212,0.2164105952170601,2.476803580156045,4.925479424513534,0.5028553297429857,0.9974927090294088,0.0302405155495617
/home/iiitn/Datasets/FaceForensics++/original_sequences/youtube/c23/videos/032.mp4,0,5.918755503044554,12.693685418454839,0.46627557781127243,0.9046474711403367,0.19678173392516704,3.8465162844943013,9.336834403468268,0.411972207953637,0.95453260547855,0.10037924123678552,0.6192688547509555,0.6124272830175023,1.0111712393016588,0.9948632482406441,0.014537327265063744
/home/iiitn/Datasets/FaceForensics++/original_sequences/youtube/c23/videos/034.mp4,0,16.15990646333273,21.769151972598298,0.7423305457040243,0.8708549609597499,-0.0003032954935816115,9.732073641438465,20.775218223038603,0.46844627752916296,0.9280708307678198,0.008288733474253952,0.067983927308454,0.0355852708418262,1.9104513103367216,0.964419552116436,-0.005826178645679241
/home/iiitn/Datasets/FaceForensics++/original_sequences/youtube/c23/videos/041.mp4,0,46.2246807927007,58.987931164254285,0.7836294625079527,0.8120788802712182,0.29996090428157063,26.484415636992168,39.11804219697829,0.6770383728211731,0.9133799009796628,0.2907600834429278,1.879021770457343,1.3058028379913058,1.4389781640755277,0.997174578214444,0.06216535336002571
/home/iiitn/Datasets/FaceForensics++/original_sequences/youtube/c23/videos/042.mp4,0,12.711776786952337,2.9422950394304945,4.320361016348927,0.923633281996163,0.008041120784590126,8.097728621471406,2.990270666522944,2.708025300896043,0.9331776081824864,0.037621245326322494,0.4190073381889021,0.2262468374489738,1.8519920230195581,0.986498839690829,0.0028269159204959457
/home/iiitn/Datasets/FaceForensics++/original_sequences/youtube/c23/videos/031.mp4,0,13.401515200326749,43.193994137130495,0.31026339351207427,0.8026448205946748,0.04961878746828346,8.40757093070555,31.059663803937372,0.2706909831277613,0.897036367776594,0.02570145770821243,0.1456097199343442,0.07982250295847687,1.8241688062586738,0.9844295778939677,-0.001029716195956732
/home/iiitn/Datasets/FaceForensics++/original_sequences/youtube/c23/videos/047.mp4,0,15.955319591629495,178.40384719707902,0.08943371929644536,0.8218258805572018,0.5655769680636391,9.858841258006501,87.92679478466918,0.11212556174884562,0.8965976888844356,0.5843651072763694,2.325974699663535,3.0456818614545202,0.7636958833752663,0.9982183771586722,0.21819093523180633
/home/iiitn/Datasets/FaceForensics++/original_sequences/youtube/c23/videos/049.mp4,0,19.02424102208437,19.137730405747345,0.9940698619294538,0.9509745203693923,0.22625029027155028,15.505333998812043,28.615510245350176,0.5418506909668526,0.9404029474148577,0.2245887416372918,0.7513561359079155,0.4753415806081436,1.5806657076930737,0.9807210403147549,0.026913396383868964
/home/iiitn/Datasets/FaceForensics++/original_sequences/youtube/c23/videos/040.mp4,0,30.59278565029057,40.13770219792391,0.7621957405392519,0.9681590480653893,0.03511791509234872,18.137087812013256,28.293940072013196,0.6410237586511842,0.9849616935819355,0.030640816869880638,2.5555212834654832,2.583581490406499,0.9891390277236423,0.9981545498850716,-0.007314447506948447
/home/iiitn/Datasets/FaceForensics++/original_sequences/youtube/c23/videos/048.mp4,0,49.25263782901038,151.3702037293807,0.3253786849429372,0.9184120222699569,0.1693153450745768,31.611190179524367,90.7323492071069,0.34840043772445733,0.96782021745733,0.17674369142450355,2.039369281954233,1.619646672853306,1.259144550558986,0.9961250282806918,0.02709990371527133
/home/iiitn/Datasets/FaceForensics++/original_sequences/youtube/c23/videos/050.mp4,0,13.093756189362159,34.5030872228711,0.37949520588646585,0.7433196048371103,0.41778290469723345,7.123856007053856,59.464508986278766,0.1198001316835503,0.6937555856076202,0.4701033285496125,0.20454837003942528,0.10371500708449201,1.9722157457193135,0.9837750973633432,0.06758211579634285
/home/iiitn/Datasets/FaceForensics++/original_sequences/youtube/c23/videos/043.mp4,0,2.0151725684276527,5.167534912744913,0.38996786716574394,0.6689708237942765,0.11963122805034943,1.5272873876692807,4.266398843795404,0.3579804522707493,0.7489725824027399,0.07689099345612987,0.03646458985622572,0.01972105588195629,1.8490181293786032,0.9843482914360479,0.015356874148955047
/home/iiitn/Datasets/FaceForensics++/original_sequences/youtube/c23/videos/044.mp4,0,7.633093784392656,3.47980928208286,2.1935379687888594,0.8854295848303041,0.1041708979466582,4.241619267641104,3.134182039553726,1.35334170578205,0.923925223188531,0.0717852893592385,0.18968135357590957,0.12020745392260805,1.5779500137988962,0.9812039132089004,0.012507589220461733
/home/iiitn/Datasets/FaceForensics++/original_sequences/youtube/c23/videos/025.mp4,0,3.7144858035645476,5.650647103637517,0.6573558276490854,0.9264721185405816,0.11510123335562093,2.4744418744588725,4.737218318816471,0.5223406877049056,0.9294516217807924,0.1363349129617086,0.3371157768831343,0.22242642949868632,1.5156282355605828,0.980774825329053,0.007957673474144724
/home/iiitn/Datasets/FaceForensics++/original_sequences/youtube/c23/videos/053.mp4,0,139.3722381382926,74.62986597867487,1.8675129093507625,0.8760792364135584,0.1868994226042809,77.56491578049622,64.05114540344296,1.2109840548819732,0.9557350478959904,0.168322670262721,1.6825287453919255,0.8923165105679901,1.8855739252442367,0.9916119485587339,0.04728101176524326
/home/iiitn/Datasets/FaceForensics++/original_sequences/youtube/c23/videos/054.mp4,0,34.99125369569739,99.99957254515151,0.34991403268147214,0.8764914945067224,0.13965185103925454,22.28313935412265,57.724400890208926,0.3860263425947875,0.9066988648799651,0.1376056317097251,1.607590487786396,1.020457043983462,1.575363213243153,0.9907785433670773,0.015558878308649056
/home/iiitn/Datasets/FaceForensics++/original_sequences/youtube/c23/videos/030.mp4,0,1.9988495115328941,3.2300638666493584,0.6188266220278673,0.9181260495900293,0.03841384567294431,1.6285066994876052,11.45128966299516,0.14221164143197987,0.8059775064950498,0.029837244138144037,0.20636094067228739,0.1482793338737355,1.3917039905777442,0.9834766042149186,0.00968926533944091
/home/iiitn/Datasets/FaceForensics++/original_sequences/youtube/c23/videos/055.mp4,0,4.056561616699123,146.100762076738,0.02776550620980645,0.905172132091022,0.19484615596679392,3.0386864786870795,64.02448891688822,0.04746131566363106,0.9306040445605356,0.15628956793469492,0.9408974677694036,1.1306479349974738,0.8321754620915712,0.9922464202991378,0.011757546168017287
/home/iiitn/Datasets/FaceForensics++/original_sequences/youtube/c23/videos/046.mp4,0,12.551780032426585,12.145393677630503,1.033460122049775,0.945276767771919,0.019509598374141846,7.9256093100953775,7.296922173018712,1.0861578515118766,0.9498653121288599,0.02030544485001314,0.07046841347750642,0.039649557870287996,1.7772811920889793,0.9890744984633763,-0.004942415506628458
/home/iiitn/Datasets/FaceForensics++/original_sequences/youtube/c23/videos/057.mp4,0,45.91668806741141,33.43791716136038,1.3731922310182354,0.8416252332431448,0.0704919888537395,25.945592420405024,27.839493520576422,0.9319707056174855,0.9072671836904543,0.05691181938835958,0.34652785421448673,0.18857757837258238,1.8375877832614538,0.993334080290027,-7.390431134921077e-05
/home/iiitn/Datasets/FaceForensics++/original_sequences/youtube/c23/videos/058.mp4,0,5.782763064752274,84.66382098326399,0.06830264684008755,0.857628173304337,0.07598813928590432,3.5652348574779205,68.1161999046126,0.052340483797841675,0.9112463427005079,0.08496778331905176,0.565238126366885,0.5832257881174736,0.96915832235634,0.9848046215904317,0.004341813834403791
/home/iiitn/Datasets/FaceForensics++/original_sequences/youtube/c23/videos/061.mp4,0,94.45598001409822,115.59271672398324,0.8171447362003252,0.9269087067161399,0.28854971329969387,53.59142028332653,66.02297230186241,0.8117086888833509,0.9602416795658132,0.2708141059490692,1.296831344250436,0.7885061308455675,1.6446686887009458,0.9921869402162674,0.07422459075646219
/home/iiitn/Datasets/FaceForensics++/original_sequences/youtube/c23/videos/059.mp4,0,40.41993975040561,16.029595338710905,2.5215820422361435,0.8980154027675233,0.059728871990653284,22.131878692297203,21.87840409126753,1.011585607431524,0.9384755795195643,0.021202666429095317,0.48378081204667156,0.27597672629540887,1.7529768489565554,0.9934678696044917,0.016254676867743942
/home/iiitn/Datasets/FaceForensics++/original_sequences/youtube/c23/videos/051.mp4,0,31.622248465000027,17.072542332530826,1.8522284407955754,0.7639683669462712,0.017360491223770237,18.82743677753047,17.588079101603004,1.0704657779151396,0.8540252184081801,0.01218223543443887,0.12003072086441861,0.06562614804383238,1.8290075593686965,0.9725122798647817,-0.004392328111653833
/home/iiitn/Datasets/FaceForensics++/original_sequences/youtube/c23/videos/062.mp4,0,22.433885539825514,16.086943818144423,1.394539932098376,0.9344617248406749,0.3524790393519619,13.204407478281562,10.234255863739865,1.2902166658804177,0.9510519895920425,0.36163706007013036,1.3745690870106761,0.8376455746356632,1.6409912839431517,0.9964171359349051,0.07729168832801644
/home/iiitn/Datasets/FaceForensics++/original_sequences/youtube/c23/videos/056.mp4,0,4.084876746298986,29.084172187876618,0.14045016374926142,0.7749677244441905,0.07991320822806836,2.822271253136878,28.76186098870659,0.09812547436499498,0.8464441814407965,0.06254264692132527,0.0705927233225551,0.038627682206674056,1.8275164154259858,0.9778835863760366,0.0013476049707180893
/home/iiitn/Datasets/FaceForensics++/original_sequences/youtube/c23/videos/060.mp4,0,28.052411661613448,299.4473873479373,0.09368060249267919,0.9481493288576129,0.03315628714424517,19.064781561566697,127.47445312345165,0.1495576650413519,0.9746197505883099,0.0005577389831046544,3.187924280850869,3.675663102093942,0.8673058961891205,0.9968615389927161,0.002219207194839064
/home/iiitn/Datasets/FaceForensics++/original_sequences/youtube/c23/videos/064.mp4,0,2.7195469041943396,42.498828285716634,0.0639911031407976,0.9324898757126334,0.12666534669930027,2.174487370908663,25.302406608820263,0.08593994257252391,0.9527039789960323,0.14514930626541248,0.7047258134376738,0.8722395197355762,0.8079498778630381,0.9902765558916236,0.011067246406398987
/home/iiitn/Datasets/FaceForensics++/original_sequences/youtube/c23/videos/063.mp4,0,37.51552727033124,58.04381236800569,0.6463312063735179,0.8711476668321189,0.07156063457475803,20.914678031422227,39.74463340063222,0.5262264673723104,0.9429623730995614,0.05109129215921561,0.9565023971011484,0.5547162375876068,1.724309353663164,0.9934477380258273,0.013802212844605023
/home/iiitn/Datasets/FaceForensics++/original_sequences/youtube/c23/videos/066.mp4,0,38.19811824482418,133.71395406951171,0.28567039626220864,0.9488034564997401,0.21634883142358238,22.328369004470733,82.18762824789171,0.2716755487471255,0.9697240702637062,0.20887715585218775,3.592460704870303,3.7909479835283793,0.9476417826041136,0.9972728325365793,0.03332570340463135
/home/iiitn/Datasets/FaceForensics++/original_sequences/youtube/c23/videos/070.mp4,0,40.43092135425176,60.06899052287661,0.6730747595775576,0.8634115239260717,0.19089532732917966,23.20534978175756,47.82238272405234,0.4852403510644482,0.9148772329618776,0.15160914440586803,2.1110381021817655,1.4608712863979072,1.4450541412084186,0.997617984736439,0.05445778722107766
/home/iiitn/Datasets/FaceForensics++/original_sequences/youtube/c23/videos/068.mp4,0,14.300834343752982,3.4164926911980373,4.185823192479364,0.9270877125254038,0.06877433443805821,8.733331800466551,4.38694514127809,1.9907547323288812,0.9355613131813131,0.07067888203915997,0.1799173246809005,0.10339962007228058,1.7400192046656544,0.9887643480647155,-0.008799202439058624
/home/iiitn/Datasets/FaceForensics++/original_sequences/youtube/c23/videos/072.mp4,0,61.12308031859118,144.20580609482832,0.42386005094966317,0.9125220444769525,0.42526990687504884,31.839264738138894,87.14589801050488,0.36535586258232,0.9653377441401042,0.3552871754908816,1.4467038627318338,1.2476963183237209,1.1594999852812578,0.9951178030425568,0.1381092985788062
/home/iiitn/Datasets/FaceForensics++/original_sequences/youtube/c23/videos/045.mp4,0,4.0663009909188546,2.807768109563342,1.4482324865322431,0.8976571322544711,0.021480265653093224,2.7126118404782527,5.138147942198149,0.5279357213910372,0.866360731800881,0.031149279351379743,0.022706083178899623,0.01413415030123364,1.606469628168438,0.9861372807331591,0.0036448393036997285
/home/iiitn/Datasets/FaceForensics++/original_sequences/youtube/c23/videos/071.mp4,0,9.763944977176129,47.2901162873236,0.20646904139234298,0.9129926190493715,0.06815125262639543,5.397886698980787,28.265136169640716,0.19097331308025325,0.9428168021515072,0.07549786700893989,0.9871347063928768,0.8346241657728749,1.1827296007883679,0.9935830788108809,0.0024854064969567903
/home/iiitn/Datasets/FaceForensics++/original_sequences/youtube/c23/videos/065.mp4,0,2.1784269368906517,1.4439764795573968,1.5086304851436196,0.843944262194357,0.08491971949162153,1.906663211443704,2.0027276170440196,0.9520332147103936,0.8716700438939561,0.04692773489308028,0.2519761672220186,0.17290485257015295,1.4573111365962614,0.9953902963672486,-0.0012582227668897319
/home/iiitn/Datasets/FaceForensics++/original_sequences/youtube/c23/videos/077.mp4,0,18.26166665115369,105.4561142881418,0.17316840066054998,0.903873454817331,0.05694336488725537,11.831248563293471,52.287076316074526,0.2262748158220545,0.9604629567060171,0.02157890323615222,1.2964986032843755,1.2353491436778197,1.0494997385310072,0.997910990949217,0.0036295761148512767
/home/iiitn/Datasets/FaceForensics++/original_sequences/youtube/c23/videos/080.mp4,0,31.0602628839619,70.68800917601867,0.43939931603703,0.8473153742842592,0.23079262491819347,17.140152493991,60.48029971562979,0.2834005878704584,0.9358838206592383,0.1691690236068035,1.308547352655984,0.8426906913921437,1.5528204666580983,0.9862818569732039,0.030762896859084433
/home/iiitn/Datasets/FaceForensics++/original_sequences/youtube/c23/videos/067.mp4,0,10.568264649670624,5.295194819986378,1.995821685310119,0.8454131225478879,0.0809213160840085,5.79518651153237,3.5156693276858264,1.648387823591767,0.8855346381714426,0.04637915591210047,0.25003046727300543,0.15144128629659323,1.6510059666511827,0.9960090506027256,-0.0016187264852910437
/home/iiitn/Datasets/FaceForensics++/original_sequences/youtube/c23/videos/052.mp4,0,1.6142605873212765,1.231403422087584,1.3109112402697722,0.8947835649304761,-0.003222677849359813,1.3135413097143436,3.889033488406001,0.33775520669345666,0.813404708021558,0.01198441006130383,0.17201107155331077,0.1242611770486907,1.3842704184743855,0.9932964392521927,-0.013362568686050883
/home/iiitn/Datasets/FaceForensics++/original_sequences/youtube/c23/videos/073.mp4,0,11.428460778872472,26.15107040223747,0.43701694053390105,0.8504762640914268,0.2621664853087876,6.254363045296913,16.175274004854874,0.38666195351124916,0.8882963484923572,0.2535142475981768,0.056614744299077153,0.03188777756396048,1.775437130590846,0.985420031907211,0.02043567365971063
/home/iiitn/Datasets/FaceForensics++/original_sequences/youtube/c23/videos/069.mp4,0,4.088851059206544,12.896935772344262,0.3170405072478172,0.8422060128922819,0.009605507294585468,2.551333747089449,15.416901971379973,0.16548939286412795,0.8812400502051085,-0.006941611821537867,0.2653069093917377,0.20098236663427915,1.3200506782493397,0.990452207746494,0.005065122663210935
/home/iiitn/Datasets/FaceForensics++/original_sequences/youtube/c23/videos/076.mp4,0,2.7364123249066097,4.642335132240154,0.589447389505065,0.9209331243592502,0.09761114935433962,2.0236916630440898,3.3904118419107245,0.5968866784937855,0.9453692683367484,0.07739392302243937,0.5071805113398794,0.4293722204532078,1.1812140776237083,0.9942976561251239,0.02124133601010381
/home/iiitn/Datasets/FaceForensics++/original_sequences/youtube/c23/videos/082.mp4,0,101.499677459025,79.56136265711753,1.275740812741659,0.9851133196827568,0.5984096392472809,61.3703653298113,49.52887227399253,1.2390826302345814,0.9891302120830471,0.5992403523632097,2.487716593993211,1.7748870934539767,1.4016196315631826,0.9948752296475947,0.22994725153356357
/home/iiitn/Datasets/FaceForensics++/original_sequences/youtube/c23/videos/081.mp4,0,60.66148126188849,212.19570047667395,0.2858751667711421,0.8987081032203873,0.050227226887494085,34.93371046271608,117.87130603842499,0.29637162458629246,0.954843980140744,0.018716106049636222,1.220453023931391,0.8217601994662446,1.485169304529604,0.9900885888850818,0.004220739129234707
/home/iiitn/Datasets/FaceForensics++/original_sequences/youtube/c23/videos/075.mp4,0,8.065368216778113,10.884008776656222,0.7410291908323828,0.9275437117256274,0.009324790703651959,4.873749905679269,8.913306036377962,0.5467948576866973,0.9488612420509943,-0.0003386085963926583,0.6593203482977769,0.8391112978188264,0.7857364690614993,0.9968067975494929,-0.0031707934600690648
/home/iiitn/Datasets/FaceForensics++/original_sequences/youtube/c23/videos/079.mp4,0,6.732555747219354,26.31519633801635,0.25584288487687024,0.9287204746036997,0.011109188547567553,4.565687126301884,12.32257683643652,0.3705139912620909,0.9590779078155177,0.01969804527967488,0.9051738882419335,1.249946191070439,0.7241702840557906,0.9970749309364405,-0.02048067200245769
/home/iiitn/Datasets/FaceForensics++/original_sequences/youtube/c23/videos/078.mp4,0,6.623963795227046,80.51202338524958,0.08227297634207274,0.8791834274915716,0.013477343417036958,3.9514965091384706,54.17992422815903,0.07293285410474516,0.9272505436948646,0.013818876561607395,0.3703202231834384,0.28572506259155367,1.2960718945149525,0.9897358757888947,0.0015633683553156333
/home/iiitn/Datasets/FaceForensics++/original_sequences/youtube/c23/videos/085.mp4,0,104.4664671069378,209.53396317271782,0.49856579585060684,0.9647731327514827,0.228585932569624,57.13792875130471,120.347253458078,0.47477551094432124,0.989164920541047,0.19504281768755918,5.1578365400561,5.189601485114424,0.993879116701073,0.9956150663180146,0.06048834211628636
/home/iiitn/Datasets/FaceForensics++/original_sequences/youtube/c23/videos/087.mp4,0,26.489948186173383,208.34294959171243,0.12714588248887454,0.8759840661543485,0.2601778919261216,13.771551396269393,109.96477212049672,0.12523602905463999,0.924352003952695,0.22013477081398036,0.2795191935669357,0.1585461787052175,1.7630143838827015,0.9740259879873171,0.0760625003589092
/home/iiitn/Datasets/FaceForensics++/original_sequences/youtube/c23/videos/088.mp4,0,32.28814216851128,20.497327298493975,1.5752366978539503,0.7503167064702151,0.171856942474402,18.829984734153825,19.24208381890977,0.9785834482047645,0.8370903926960721,0.1594035870744492,0.5711467977828709,0.3024741075237052,1.8882502124189575,0.9812195500807674,0.028786597030777482
/home/iiitn/Datasets/FaceForensics++/original_sequences/youtube/c23/videos/091.mp4,0,44.20356733431311,319.61214388527634,0.13830377906472735,0.9843045309951387,0.13487243681968702,23.604969985169305,162.84229342984028,0.14495601534462163,0.9882888827171055,0.13386575154374009,2.8520577920294943,3.284350020780451,0.8683781490962306,0.9978052951236943,0.027719943905453653
/home/iiitn/Datasets/FaceForensics++/original_sequences/youtube/c23/videos/092.mp4,0,20.444591363624852,84.43989165657946,0.24212005679464693,0.9396287384867973,0.41887805130074246,10.887741097442238,96.3243852311109,0.11303203307572951,0.9649170224683316,0.3723485532408661,1.1603774851680697,1.228687888769653,0.9444037788392413,0.997990870781985,0.09438511194067717
/home/iiitn/Datasets/FaceForensics++/original_sequences/youtube/c23/videos/074.mp4,0,9.142241058610965,6.8273209634246825,1.3390671256833786,0.9316141063248754,0.16636996040082563,5.679932830729701,15.359380645935095,0.36980220502790334,0.811098685282964,0.18050048648079298,0.5763865449122421,0.3943235865810171,1.4617095312755748,0.9965755777537973,0.026770559230222975
/home/iiitn/Datasets/FaceForensics++/original_sequences/youtube/c23/videos/095.mp4,0,32.61374887093415,38.27471995412344,0.8520963421816123,0.8802960854917662,0.13483896913368745,16.608422519523092,21.299026237386943,0.779773795027762,0.9383467891291531,0.13514092092972294,1.8268813406376894,1.143083767110491,1.5982042551927012,0.9943275863738605,0.01429031167014725
/home/iiitn/Datasets/FaceForensics++/original_sequences/youtube/c23/videos/097.mp4,0,42.09624821297027,191.10983028209125,0.2202725424999505,0.9052866108797751,0.3732883120059626,22.72121232228066,129.11123887906794,0.17598167688223088,0.9644409902371388,0.32986921166482064,2.2819463482784315,1.9536359883782926,1.1680509377658774,0.9926444387631137,0.14760123809001058
/home/iiitn/Datasets/FaceForensics++/original_sequences/youtube/c23/videos/093.mp4,0,7.197241022914145,4.283297906945378,1.6803036303507637,0.8952080698639914,0.06598013947622043,4.854739283323004,2.441960088060337,1.9880502171430454,0.8889001519149051,0.044061821544953625,0.007640817735396717,0.003993925131083049,1.9131099068261017,0.9819498563130759,0.006101423651825779
/home/iiitn/Datasets/FaceForensics++/original_sequences/youtube/c23/videos/098.mp4,0,32.1126856789866,10.996781266753887,2.920189544559875,0.9256252357623023,0.34144525015531413,17.18396976292824,16.150934419514417,1.0639613360181597,0.9428193560624631,0.253822977970972,1.050167740800675,0.6524325044798499,1.609618977579786,0.9970193586850787,0.09287044867925787
/home/iiitn/Datasets/FaceForensics++/original_sequences/youtube/c23/videos/086.mp4,0,1.8410070632405315,9.964617593782004,0.18475441188925643,0.8428073735096547,0.105560366965599,1.4423055655856682,10.122778165599337,0.1424811985396574,0.8663829156526107,0.08407132823801537,0.04480903113095738,0.02612968911065519,1.7148704273211237,0.9742129987775852,-0.009203806312338825
/home/iiitn/Datasets/FaceForensics++/original_sequences/youtube/c23/videos/094.mp4,0,1.274045990714554,65.8312493204919,0.01935320997042008,0.7666255214030823,0.03136659168916951,1.1489530817317037,44.030393479317986,0.026094544948170664,0.8003935028202788,0.04126649604334036,0.5425802035129311,0.5081092807933832,1.0678415530330867,0.9925906594427202,0.008050609852840373
/home/iiitn/Datasets/FaceForensics++/original_sequences/youtube/c23/videos/090.mp4,0,23.459183952889486,58.28088665653497,0.4025193386494067,0.9122130386858099,0.04146913043240375,12.438181208843105,44.86629219843155,0.2772277493721204,0.937042938067696,0.040578479051802126,0.5204718651611451,0.3475273259404911,1.4976429946986907,0.993718107912787,0.004702692724618405
/home/iiitn/Datasets/FaceForensics++/original_sequences/youtube/c23/videos/100.mp4,0,50.393686102676945,54.815804480940024,0.9193276752911528,0.936753126421494,0.16289598712476122,29.620276821660752,44.72233527517269,0.6623150745463029,0.9540710783241542,0.11990843011813004,1.9395368223094944,1.534119929087795,1.2642667535534624,0.9978559256282084,0.03604828605639164
/home/iiitn/Datasets/FaceForensics++/original_sequences/youtube/c23/videos/089.mp4,0,1.9669629726539561,1.367230941849937,1.438647204686978,0.9102080096999385,0.1164582545594701,1.565369979701084,2.1921617335814587,0.7140759533027933,0.907033817909686,0.115137814582124,0.427817994034376,0.3562891066498178,1.2007608036550528,0.9980698375395217,0.006932201293709418
/home/iiitn/Datasets/FaceForensics++/original_sequences/youtube/c23/videos/096.mp4,0,0.0,0.0,0.0,0.0,0.0,0.0,0.0,0.0,0.0,0.0,0.0,0.0,0.0,0.0,0.0
/home/iiitn/Datasets/FaceForensics++/original_sequences/youtube/c23/videos/102.mp4,0,36.94886358026762,116.6315467916071,0.3167999104589299,0.9598060235821418,0.14410779781965558,19.484669536238727,71.49767449382733,0.27252172429637433,0.9826991354683422,0.1442856613341491,0.8183608448240477,0.6838054907155043,1.1967743107294304,0.9947563509116356,0.036729204176331444
/home/iiitn/Datasets/FaceForensics++/original_sequences/youtube/c23/videos/084.mp4,0,9.98283723802826,5.887487022118678,1.6956024192535417,0.9182207231992345,0.019128233336857207,6.072900741914234,18.153568283587443,0.3345293138542198,0.7892169684480966,0.016824436124085063,0.16471028404468677,0.1038778964015193,1.585614358304215,0.9933614491980924,0.0027446111091845716
/home/iiitn/Datasets/FaceForensics++/original_sequences/youtube/c23/videos/105.mp4,0,65.33818844913344,99.11103852172859,0.659242294538252,0.9000686085912205,0.2574957499814169,36.96040600506254,54.33863910396382,0.6801864495418767,0.9419477510566466,0.23918856740490163,3.6488711317154023,2.7107030694304526,1.3460976869303758,0.9929164185349258,0.02544886470005662
/home/iiitn/Datasets/FaceForensics++/original_sequences/youtube/c23/videos/106.mp4,0,16.561961263808197,258.0290232375682,0.06418642777467534,0.9657483333175295,-0.0019948480952996905,9.802359456686903,129.3530701347652,0.0757798747758705,0.9673722974292395,0.004572975821482078,1.7793247466782514,2.2471960128076454,0.7917977499680431,0.9941948778087474,0.018581747309859165
/home/iiitn/Datasets/FaceForensics++/original_sequences/youtube/c23/videos/103.mp4,0,24.307176639701936,40.7107389350216,0.5970703867227419,0.8599914080167398,0.02540595644634791,14.49985788847843,31.822314852085032,0.45565063245323223,0.9166865762266836,0.02125297421220095,0.4428350585716201,0.25524718997919293,1.7349262830580772,0.9924468856129375,-0.00037098188446995544
/home/iiitn/Datasets/FaceForensics++/original_sequences/youtube/c23/videos/107.mp4,0,14.355818163644635,47.50027394885786,0.30222600777210507,0.8960328977881575,0.4943061063493579,7.203217673123748,32.30912578417354,0.22294684545913057,0.9595044288794826,0.4673776914242928,1.1661414506173122,1.2975429750339247,0.8987305030007373,0.9975733256099693,0.09029594538143658
/home/iiitn/Datasets/FaceForensics++/original_sequences/youtube/c23/videos/104.mp4,0,17.660412776733487,7.6107961705810645,2.320442221931843,0.9314650551902437,0.08860173562491028,11.905192793492583,8.501099639600211,1.4004297441751266,0.9702136678358598,0.07275255147244407,0.8533568260293416,0.5770042410103379,1.4789437674411348,0.9944105672832743,-0.0031651094337425117
/home/iiitn/Datasets/FaceForensics++/original_sequences/youtube/c23/videos/109.mp4,0,21.88179973697928,35.753437758239755,0.6120194618750021,0.9169851026960668,0.4933888303310015,10.70353964824693,25.894260279165476,0.4133556831843155,0.9377733414167144,0.4225586534574847,1.9781595448396427,1.5195695427719034,1.30178941414633,0.9973584035592467,0.14421566857289567
/home/iiitn/Datasets/FaceForensics++/original_sequences/youtube/c23/videos/101.mp4,0,43.836609316298826,147.0024198094092,0.2982033178306428,0.895487767075006,0.018228938715271693,24.533953716446756,93.24041584993314,0.26312574319631105,0.9562753575891431,0.01504811013882273,0.9272764766339662,0.6011563144735045,1.5424881254821041,0.9924004582036868,-0.004262380091299164
/home/iiitn/Datasets/FaceForensics++/original_sequences/youtube/c23/videos/083.mp4,0,6.877529298887917,7.9513276194022495,0.8649535810983152,0.8853635482494373,0.061776227937415856,5.774128387091818,11.893651308281974,0.4854798780817701,0.8123246367270142,0.03990928377577183,0.5006773576043103,0.31200651296016213,1.6047016225851614,0.9918099196443023,0.0038712857190757828
/home/iiitn/Datasets/FaceForensics++/original_sequences/youtube/c23/videos/111.mp4,0,3.343079330812726,86.51306691311565,0.03864247853067274,0.9430726716614473,0.06064893409581025,2.153560904030712,53.62356463087517,0.0401607188715452,0.9488782834986544,0.05359462643599857,0.8644181907257025,1.7279932164704508,0.5002439723064065,0.9956071683157962,-0.010945444067733368
/home/iiitn/Datasets/FaceForensics++/original_sequences/youtube/c23/videos/110.mp4,0,4.012576923903813,0.7894354067412251,5.0828438775854465,0.8742123733920956,0.07695489659655576,2.497210830722364,4.523829271431097,0.5520126160579841,0.8216065262983622,0.05955999177392222,0.01253933855533326,0.006594322007912018,1.9015356757356217,0.9736969103790619,0.0026713214102279752
/home/iiitn/Datasets/FaceForensics++/original_sequences/youtube/c23/videos/116.mp4,0,19.800940184854493,36.78326998024454,0.5383137550165912,0.956600667656347,0.2625265787721056,11.724778489027658,24.614477160997907,0.47633668642800936,0.9771154722789942,0.23247984382532486,1.2456290625405047,1.1571720614725969,1.0764423926337618,0.9975347896288896,0.05648936467042579
/home/iiitn/Datasets/FaceForensics++/original_sequences/youtube/c23/videos/118.mp4,0,39.90336429945017,85.91193505946505,0.4644682286789436,0.9217673391337593,0.3602696446611229,21.43817170172802,45.91664471250431,0.46689325485252287,0.9632503454886684,0.3910215774665476,1.8489508190913593,1.4584145872776313,1.267781353272616,0.9943183491662174,0.07319579457153506
/home/iiitn/Datasets/FaceForensics++/original_sequences/youtube/c23/videos/119.mp4,0,106.87797185764657,135.51967000248447,0.7886528343500776,0.9791496871093724,0.1628262761444287,54.36947669757302,107.80229703154016,0.5043443247008542,0.9759305601059864,0.11791242454225145,2.217543591918993,1.7596567807047088,1.260213705442552,0.9982690610438687,0.06326335916090187
/home/iiitn/Datasets/FaceForensics++/original_sequences/youtube/c23/videos/120.mp4,0,130.3984633180058,62.02739109240057,2.1022722545875685,0.9126865246027043,0.15600485653758303,66.41632436149763,54.59674577467417,1.2164887012790828,0.9397717190222297,0.10890240973913114,1.0069140256437,0.5389232783409919,1.8683810221435586,0.9916473956098627,0.0277841431347354
/home/iiitn/Datasets/FaceForensics++/original_sequences/youtube/c23/videos/114.mp4,0,15.21541192885345,90.79803279017675,0.167574246503935,0.69834303754499,0.21661010289815688,8.906313756706595,53.280414750558045,0.16715924225445922,0.8430474879347711,0.1848795648052757,0.38002227288994855,0.22193804092886493,1.712289931457728,0.9890728491673982,0.001695001920768981
/home/iiitn/Datasets/FaceForensics++/original_sequences/youtube/c23/videos/115.mp4,0,0.9691694157597498,12.339414030717782,0.07854258017010338,0.7595750771213335,0.056334337159566615,0.850834447725226,9.720327857324003,0.08753145575065611,0.7806518095306395,0.09874069958710098,0.043131617351969985,0.026245285475681862,1.6434043894067953,0.987523494880277,0.006246066485303754
/home/iiitn/Datasets/FaceForensics++/original_sequences/youtube/c23/videos/124.mp4,0,42.042693184490766,182.30614200361143,0.23061588996632879,0.9545036250442719,0.25151486284781305,20.338655641304964,126.79280888114823,0.16040858957837117,0.9418087695827945,0.21916069542822766,0.9883736094661826,0.6749707460605437,1.464320661650612,0.9892424756545376,0.023151331204882986
/home/iiitn/Datasets/FaceForensics++/original_sequences/youtube/c23/videos/108.mp4,0,3.8465624138981127,4.703695371200657,0.81777456028498,0.9017133218170397,0.027517176677794592,2.8520310436100984,16.385077034739925,0.17406271801854653,0.8203944399028743,0.02802470595016704,0.18231382151507583,0.10550134353760454,1.7280710880245094,0.9749314027196386,-0.0017321119304819028
/home/iiitn/Datasets/FaceForensics++/original_sequences/youtube/c23/videos/123.mp4,0,23.65010346007963,20.31153794885346,1.1643679331241692,0.9584957334008773,0.09038513473819038,13.48387639379475,15.079340368205123,0.8941953735738721,0.9715281901803546,0.09701523280013315,1.0193762237155146,0.7521614205330721,1.3552625751438594,0.9932189579614953,0.026674147635705886
/home/iiitn/Datasets/FaceForensics++/original_sequences/youtube/c23/videos/117.mp4,0,7.93435417305447,2.7241469032148893,2.912601432650632,0.904567441367598,0.001747401876640361,4.860174963667373,2.3232323311707668,2.091988346778104,0.9428508728340373,0.012178795823679572,0.5978865147433646,0.4843464571491131,1.2344190938497905,0.9969041124635055,3.1777316492684536e-05
/home/iiitn/Datasets/FaceForensics++/original_sequences/youtube/c23/videos/126.mp4,0,17.26098567440405,2.8427965331529954,6.071832955016161,0.9032311028327712,0.07119729403071293,11.08528665322008,8.475977424085421,1.3078475907356737,0.8627067551297443,0.06036556351505244,0.2949270867719584,0.1549966240879205,1.902796841592263,0.9921689855315662,0.010850557404680331
/home/iiitn/Datasets/FaceForensics++/original_sequences/youtube/c23/videos/113.mp4,0,24.784822257437312,82.78018211916839,0.2994052637110374,0.8496021269184703,0.04487370761884168,17.176024282740148,44.49669270710666,0.3860067622508252,0.9425172315780775,0.05836327592294233,0.7395701566331172,0.5199449987253488,1.4224007509374683,0.9898316527079083,-0.0042191969452599655
/home/iiitn/Datasets/FaceForensics++/original_sequences/youtube/c23/videos/122.mp4,0,8.02697156489118,28.42927073773181,0.2823488382428906,0.9299712615612585,0.045190943900447304,4.87330898753715,19.38071720467581,0.25145142649114194,0.9519364557017117,0.04382618278543732,0.3814124838090944,0.2925516464205192,1.3037441028817354,0.9915479794510191,0.028252253878135004
/home/iiitn/Datasets/FaceForensics++/original_sequences/youtube/c23/videos/099.mp4,0,4.804829959248979,17.09884083464655,0.28100325663674147,0.9270796852602444,0.07870366874835763,3.2821450303084245,14.133860390667357,0.23221858286329458,0.9295327085915082,0.04565550338071244,0.5500175378278573,0.6617636856281739,0.8311388940989677,0.9967096249217091,0.00016726707599637157
/home/iiitn/Datasets/FaceForensics++/original_sequences/youtube/c23/videos/128.mp4,0,70.19775300071693,175.96022446963687,0.39894102893026273,0.8634378784409783,0.13287713261765907,41.3969694342367,118.68755679149004,0.3487894649896853,0.9600749529619989,0.11201550984961281,3.1127831401636787,2.5360614971948494,1.227408382488652,0.9965938329953556,0.03524191319640688
/home/iiitn/Datasets/FaceForensics++/original_sequences/youtube/c23/videos/131.mp4,0,30.609584118956274,154.61801557737098,0.19796906592452812,0.8890611672645127,0.08750713505752758,17.394773834737997,86.06267949812293,0.20211750245491003,0.9437017995404139,0.01998404372291144,1.0273722453123264,0.6780141857405674,1.5152665931173246,0.9894585066320508,0.010109958741804547
/home/iiitn/Datasets/FaceForensics++/original_sequences/youtube/c23/videos/132.mp4,0,46.81827284120916,25.634411522350273,1.8263837576450304,0.7665245992471327,0.22638883054694414,25.497286107263147,25.296805482390536,1.0079251360418677,0.8609996507479232,0.20004087134246915,0.26376486325929965,0.13568485297576832,1.9439521617523872,0.9753610663326393,0.024992511874231148
/home/iiitn/Datasets/FaceForensics++/original_sequences/youtube/c23/videos/130.mp4,0,47.755110804480104,27.029661221954747,1.7667669014545837,0.8727931478611911,0.046072136690696104,27.598825057324436,25.565295019531543,1.0795426000849708,0.9307503780561648,0.016929649020764544,0.6162184662999136,0.35958417491390626,1.7136974018599462,0.9950561596472594,-0.0006857395072266382
/home/iiitn/Datasets/FaceForensics++/original_sequences/youtube/c23/videos/125.mp4,0,32.908618350618426,145.75010026649218,0.22578796371630414,0.9150781560876382,0.17093409827552114,17.836334613577808,70.647025499925,0.25247113360203316,0.9553830478226054,0.1058659035530536,1.1242243648103176,1.2512062188434994,0.8985124497298678,0.991837722754371,0.036136893377877566
/home/iiitn/Datasets/FaceForensics++/original_sequences/youtube/c23/videos/133.mp4,0,11.410910529016926,204.89909688955814,0.05569038957339805,0.9049294992221855,0.1525959408605733,7.3909860818068305,93.68938610683436,0.07888818988928864,0.9515419079171387,0.14472518005145021,0.7930905063286411,0.6949427447935047,1.1412314356405002,0.9897083857127577,0.0038712759285036333
/home/iiitn/Datasets/FaceForensics++/original_sequences/youtube/c23/videos/129.mp4,0,23.86662279074329,55.55477722740917,0.42960522896252684,0.9003829074798726,0.05198474209739769,14.03906775331428,49.05574911427241,0.28618598241382714,0.968937825703534,0.028627278482695705,0.6076068089575918,0.4921274274594433,1.2346534150601984,0.9972288963067988,0.003075129601037759
/home/iiitn/Datasets/FaceForensics++/original_sequences/youtube/c23/videos/112.mp4,0,4.656260876260135,11.369636467270396,0.40953471904436384,0.8662071287871642,-0.01725830813668624,2.8282885497889354,11.941069578892169,0.23685387067741462,0.8627194275872297,-0.01920958874915197,0.029945284406132977,0.017293500153662978,1.7315918778761623,0.9817684831509998,0.0017049155193933066
/home/iiitn/Datasets/FaceForensics++/original_sequences/youtube/c23/videos/139.mp4,0,51.54520684202018,72.31035258377882,0.7128330176830471,0.8620150732924117,0.356868316053338,29.50769196758064,44.34041569143107,0.6654807246943131,0.9411643910173408,0.2957824964955416,1.3572087278478382,1.0088069529237853,1.3453602038668486,0.9964498550408987,0.07760072822235331
/home/iiitn/Datasets/FaceForensics++/original_sequences/youtube/c23/videos/137.mp4,0,42.33805872472936,319.958594682124,0.1323235550737177,0.9312124953591573,0.1632766167165685,29.02640461566325,198.2673299632401,0.14640034049505238,0.9618776027790465,0.164027307053804,1.735834938169516,1.436041948646583,1.208763392883806,0.9925621895530945,0.029111763892218537
/home/iiitn/Datasets/FaceForensics++/original_sequences/youtube/c23/videos/138.mp4,0,122.91003247532012,37.951287565320484,3.238626153691663,0.8333145330425132,0.3505806579721199,66.2896864081221,27.46128876821039,2.413932097930526,0.8919313579732583,0.30106539234745167,1.1731334678009155,0.5964319455291104,1.9669192379697202,0.9933147131675124,0.11009676673394361
/home/iiitn/Datasets/FaceForensics++/original_sequences/youtube/c23/videos/140.mp4,0,27.44999782314076,93.69509055797583,0.2929715704384264,0.9279731890558519,0.2535602834176856,15.999230352386066,52.3748560503685,0.3054754047820146,0.96844097489802,0.20523270489398177,2.174786208702635,2.0106917202771055,1.0816109634165672,0.9899701719149973,0.1277542745400989
/home/iiitn/Datasets/FaceForensics++/original_sequences/youtube/c23/videos/134.mp4,0,17.626167243528396,79.39454141766011,0.22200729330754373,0.8908361097476908,0.2166396583509465,10.410220712563389,42.88765720513012,0.24273232419228866,0.9355807283749972,0.1738790001989909,0.48979376202797403,0.34173391607781606,1.4332606129631082,0.9901167764874832,0.037129400582226545
/home/iiitn/Datasets/FaceForensics++/original_sequences/youtube/c23/videos/127.mp4,0,3.914042206271509,12.053131709530957,0.32473238495987716,0.9206314642028847,0.010173090666038253,2.5067094448544807,12.459535707285193,0.20118803009559874,0.9474381066177947,0.027038231445946657,0.45582476423107865,0.3881833174414786,1.174251297648301,0.9926466459983144,-6.742396951163677e-05
/home/iiitn/Datasets/FaceForensics++/original_sequences/youtube/c23/videos/141.mp4,0,47.60127362991822,25.78492893441046,1.8460889983836042,0.9081992853611466,0.028706680372386516,23.70498987689822,18.38311352545997,1.2894980953072852,0.9495521971933693,0.015692143212697792,0.6363830960858031,0.3802209361544408,1.6737192394563791,0.9939400756599053,0.005625287368397554
/home/iiitn/Datasets/FaceForensics++/original_sequences/youtube/c23/videos/135.mp4,0,22.317293378913334,43.28166840408792,0.5156292306145362,0.8424859459660127,0.03628328406060508,15.683080402952653,57.720689301475524,0.2717063949295516,0.9351331613559791,0.0034932056366573446,0.3459226856863342,0.20337478828812164,1.7009123333235612,0.9934514034785171,0.0015832052362573356
/home/iiitn/Datasets/FaceForensics++/original_sequences/youtube/c23/videos/143.mp4,0,22.625018650018905,50.0446202768926,0.4520969192060328,0.9505256592522652,0.1066743221587368,14.573306130630499,43.74073802948194,0.33317467393457934,0.9760771075109614,0.08642661065972733,1.3170633687094029,1.0897207616133104,1.2086246450508258,0.998527521421373,0.018845433909291266
/home/iiitn/Datasets/FaceForensics++/original_sequences/youtube/c23/videos/142.mp4,0,55.938211886243415,90.85685894359806,0.6156740672816857,0.7872948739497782,0.08199606129564704,33.1629163442675,50.29303414845583,0.6593938287035267,0.8369637474913043,0.09094365025859266,0.011583579831187268,0.005833907021858406,1.9855612692807862,0.9700642549462118,0.0018636570356434941
/home/iiitn/Datasets/FaceForensics++/original_sequences/youtube/c23/videos/145.mp4,0,49.455203761936765,60.234828604636675,0.8210400014009481,0.7129823847044214,0.09017612137379297,22.20763479548624,38.619611272492904,0.5750351716073275,0.8076210273042989,0.041085308565523414,0.008650830955972863,0.004427639453256973,1.953824616322205,0.967648745348234,0.014226667907180914
/home/iiitn/Datasets/FaceForensics++/original_sequences/youtube/c23/videos/136.mp4,0,10.752365135589196,38.445391312182544,0.27967890997072503,0.8210178346270164,0.18129149210153767,6.663525599857139,28.945640713924593,0.23020826057070426,0.8681330253703026,0.2229816095298572,0.33177257865893,0.20063228028544153,1.6536350889643177,0.9864469286238702,0.0030599205069013974
/home/iiitn/Datasets/FaceForensics++/original_sequences/youtube/c23/videos/147.mp4,0,30.920294515896725,121.36240945661861,0.25477653792749794,0.9174687471470405,0.05970144575087575,19.45097285445954,71.99678912427531,0.27016444887402924,0.9599415388111389,0.03618536797288556,1.1669326176921588,0.8043155422534358,1.450839324107533,0.9866850195414107,-0.0009116732495506548
/home/iiitn/Datasets/FaceForensics++/original_sequences/youtube/c23/videos/148.mp4,0,11.35809288627334,200.96296886100876,0.05651833743623132,0.8547622846215842,0.11956170550227209,6.683445232284963,95.28566901418884,0.07014113771179736,0.9512835779658703,0.03291387969361368,0.6507947680964202,0.592006973478596,1.0993025373880156,0.9941795434651564,0.020410851479617135
/home/iiitn/Datasets/FaceForensics++/original_sequences/youtube/c23/videos/152.mp4,0,31.804453488759254,537.9645292349154,0.05911998237874724,0.9367783807899169,0.05138368503604706,18.386121503372518,263.0393441039426,0.06989875056906719,0.9667753055659049,0.023960516631451413,4.9713246147096815,9.618347016686927,0.5168585211247734,0.9958935774669765,0.007568173401146403
/home/iiitn/Datasets/FaceForensics++/original_sequences/youtube/c23/videos/149.mp4,0,17.677713996524687,47.07453960018838,0.37552600931765556,0.9017041518058182,0.17593832083776365,12.934304308046345,28.71457906402215,0.45044380693194086,0.9691526458558103,0.17474902048384103,0.8166104651780527,0.6145384332370467,1.3288191934174123,0.9851690229344049,0.022406545521400943
/home/iiitn/Datasets/FaceForensics++/original_sequences/youtube/c23/videos/121.mp4,0,8.008979480400761,26.47178320047223,0.30254778908350566,0.7711604551004232,-0.010248509687518207,5.887767267154945,21.902632126684864,0.26881551190286573,0.8418327740902022,0.007996555594200183,3.466986486954909e-27,2.354012437731068e-27,0.0,0.0,0.0
/home/iiitn/Datasets/FaceForensics++/original_sequences/youtube/c23/videos/150.mp4,0,13.283860280791437,205.8103857532974,0.06454416880941398,0.7417744768048719,0.1982465562511457,7.318539031023595,84.23319888332375,0.08688425855891956,0.8426932851020249,0.16047319217691036,0.1127763486782673,0.060761300086920655,1.8560555570229362,0.9741632833216768,0.017158350146629458
/home/iiitn/Datasets/FaceForensics++/original_sequences/youtube/c23/videos/156.mp4,0,0.0,0.0,0.0,0.0,0.0,0.0,0.0,0.0,0.0,0.0,0.0,0.0,0.0,0.0,0.0
/home/iiitn/Datasets/FaceForensics++/original_sequences/youtube/c23/videos/144.mp4,0,2.651197788868837,1.7741844303652918,1.4943191606765338,0.932851848880837,0.03431180718362062,2.0716184238766164,4.51892815636004,0.4584313696071876,0.8238414532581565,0.057288216764014625,0.16530298278598998,0.10389876659970514,1.5910004343252628,0.976901425488992,0.012084859689847646
/home/iiitn/Datasets/FaceForensics++/original_sequences/youtube/c23/videos/153.mp4,0,33.549539068801465,67.04717411555991,0.5003870709148275,0.8764296849500205,0.14614960564723292,20.028601113168246,42.70520708618549,0.46899669805481886,0.9467249300191659,0.12294638288795955,1.44428864160167,0.9319297431741482,1.5497827515220512,0.9942641458953023,0.001820389705272789
/home/iiitn/Datasets/FaceForensics++/original_sequences/youtube/c23/videos/157.mp4,0,26.274511655531608,55.49250931359543,0.4734785285533027,0.892847948862892,0.37568633031480525,13.781206449444696,29.5200396486027,0.46684240988467013,0.9523856597435123,0.32580622118818686,1.850025041330164,1.6176278603036272,1.1436654169537586,0.9980981752722956,0.07534191163140784
/home/iiitn/Datasets/FaceForensics++/original_sequences/youtube/c23/videos/158.mp4,0,61.27584918999954,65.24166044080664,0.9392135144321586,0.9453535900325492,0.2914886626993206,31.493221449583643,37.51875136273445,0.8393995083979349,0.9649187151260401,0.2648991572705718,5.038610054276889,4.25043260642465,1.185434641796434,0.9950143418230992,0.08572716603735268
/home/iiitn/Datasets/FaceForensics++/original_sequences/youtube/c23/videos/159.mp4,0,45.36992335587754,68.10236459904878,0.6662018804044764,0.8624646172655784,0.19279578656610055,26.443514367784605,53.03136752770962,0.49863911870587735,0.9516250216887068,0.14054708878140218,2.0443537947742083,1.5794645338408484,1.2943334598358278,0.9958106142572882,0.01671378862339022
/home/iiitn/Datasets/FaceForensics++/original_sequences/youtube/c23/videos/161.mp4,0,25.146888250091397,95.89200538778611,0.26224175986723486,0.9137971518178206,0.3453128955852229,15.882939747522295,69.52887678106725,0.22843659329539504,0.9580092788607407,0.36189610083548157,2.057050850145368,1.7967462044542362,1.1448755784460944,0.9965354330278746,0.11845724582466968
/home/iiitn/Datasets/FaceForensics++/original_sequences/youtube/c23/videos/155.mp4,0,20.286940664750677,199.70162588509638,0.1015862568711549,0.9441308320974656,0.13709620003935488,12.041373793114,94.29354001975152,0.12770094102514035,0.9728042757763293,0.13327163483035384,2.1613382620097745,2.9268456919644184,0.7384530957486671,0.995668407184057,-0.004370744510880719
/home/iiitn/Datasets/FaceForensics++/original_sequences/youtube/c23/videos/151.mp4,0,57.154334068488986,94.4410280164193,0.6051854291394654,0.9163954952760692,0.12368524950033223,30.330960596042342,88.00705626517266,0.3446423716827047,0.97289619983828,0.09645209664113903,0.9420283300336982,0.8846157095381507,1.0649011993304098,0.9976825864888035,0.04288208343913161
/home/iiitn/Datasets/FaceForensics++/original_sequences/youtube/c23/videos/154.mp4,0,5.7490798838086805,7.816386981049278,0.7355162810832223,0.9454747906355615,0.038131130117063414,3.883041428126647,6.280010206458402,0.6183176938364372,0.9629533782286961,0.028995284983605273,0.6864607123813062,0.6747392559026749,1.0173718312312365,0.9973434283894201,-0.004025960078317648
/home/iiitn/Datasets/FaceForensics++/original_sequences/youtube/c23/videos/165.mp4,0,21.755017968591858,61.74346425788412,0.3523452762178618,0.8294860323844387,0.32449400293617503,14.287147042701791,39.043915878915584,0.3659250544184557,0.9257377755015006,0.31995115542237235,1.5130843224251567,1.081619555142675,1.3989062191331847,0.9963282415384983,0.04297938197197441
/home/iiitn/Datasets/FaceForensics++/original_sequences/youtube/c23/videos/146.mp4,0,7.087195346904139,36.03064415367856,0.19669910192767312,0.8997810906704767,-0.0030371067607089,3.9084838224729004,18.548361183828032,0.2107185526385282,0.934213966461758,-0.0159440196676231,0.6584294605299653,0.6816312594721875,0.9659613630980067,0.9964368283326905,-0.002847287666058749
/home/iiitn/Datasets/FaceForensics++/original_sequences/youtube/c23/videos/166.mp4,0,42.48826363898104,45.09575865256022,0.9421787083422057,0.948445663152308,0.0462891615273755,26.187251243246937,48.51383450370207,0.5397893510406521,0.9309940348359499,0.02771065823959325,1.2428387397570093,0.7992510394793443,1.5550042206596706,0.9916894275821116,-0.007361254951835621
/home/iiitn/Datasets/FaceForensics++/original_sequences/youtube/c23/videos/167.mp4,0,50.18735868668165,78.88292735570907,0.6362258649500967,0.936651222347268,0.09439105879643521,29.208812966853277,47.44149953750017,0.6156806435632404,0.9597869664567757,0.08747754247100223,1.1186170679995369,0.7722057624158988,1.4485997417318754,0.9935011805838609,0.013997568103078322
/home/iiitn/Datasets/FaceForensics++/original_sequences/youtube/c23/videos/169.mp4,0,25.1016483823918,33.97236780914351,0.7388842756976098,0.7723089295120523,0.11984844021533705,17.024866370831983,30.774690096286616,0.5532100020362598,0.8595255376928046,0.0893891554823545,0.47271298749740454,0.24348181052282447,1.9414714654961525,0.9942285842701445,0.001428485023091828
/home/iiitn/Datasets/FaceForensics++/original_sequences/youtube/c23/videos/160.mp4,0,26.246012178553798,16.683581317605647,1.5731641593557149,0.8599864921157137,0.1817073925967879,14.95228631670978,13.510849593337268,1.1066873488165645,0.90340425112258,0.14572538222346276,0.1997846600764134,0.0986010789605451,2.02619141882166,0.9868299696342104,-0.0032919572364533568
/home/iiitn/Datasets/FaceForensics++/original_sequences/youtube/c23/videos/163.mp4,0,7.252532740173141,38.57952178923232,0.18798918192390215,0.7999139179807456,0.27972385075315376,4.632016369623864,37.86336850930303,0.12233503124492945,0.8614659085619326,0.1686211968704459,0.3867167575937473,0.25601350746954055,1.510532633282083,0.9941220907662328,0.028870807317073737
/home/iiitn/Datasets/FaceForensics++/original_sequences/youtube/c23/videos/164.mp4,0,14.39056300890941,298.65370773125596,0.04818477934939546,0.9382083587895833,0.18263874285032855,8.27591175454174,139.667453344197,0.05925440434677756,0.9471048099667071,0.13959254521570158,1.837183480555229,2.8136726269013503,0.6529485566266776,0.990355138632735,0.04320963658913138
/home/iiitn/Datasets/FaceForensics++/original_sequences/youtube/c23/videos/168.mp4,0,36.45258751153025,75.3249911207988,0.48393749496858457,0.9432086902216495,0.19388074733591834,20.38956406627177,72.45114200382277,0.28142501970770795,0.9402227076112223,0.19977210142994756,1.7999974682620834,1.504450173826382,1.1964487090217242,0.9978812939877836,0.013143280290532066
/home/iiitn/Datasets/FaceForensics++/original_sequences/youtube/c23/videos/162.mp4,0,6.864573046629562,7.518285273542218,0.9130503561479436,0.9326847090635798,0.04125266078669401,4.403519028422713,7.068044146019875,0.6230180425376096,0.9430425634508567,0.0759604657500045,0.4700421687406839,0.3202710340947059,1.4676387144074035,0.9921609794761311,0.004292029232125218
/home/iiitn/Datasets/FaceForensics++/original_sequences/youtube/c23/videos/172.mp4,0,17.775825174033347,191.39972402889398,0.09287278372120267,0.92797389411768,0.12645662946589634,9.11719759914257,80.29063533635873,0.11355244059220872,0.9536455729120008,0.1055844375389259,1.0618005239562835,0.9942296044665534,1.0679630934204427,0.9941280198972343,0.015296098576687811
/home/iiitn/Datasets/FaceForensics++/original_sequences/youtube/c23/videos/175.mp4,0,20.585674097077778,18.039512156775064,1.1411436139832893,0.8462552616441742,0.08545182451593708,12.27700066811096,16.819345141912258,0.7299333335825189,0.8987261021578085,0.05816279831139093,0.18312360227036112,0.10302169423334245,1.7775246624811776,0.9851467914371865,0.0009930520737382014
/home/iiitn/Datasets/FaceForensics++/original_sequences/youtube/c23/videos/178.mp4,0,42.823713379085156,40.95167969959513,1.0457132330889112,0.8498939561943556,0.10756503877484914,24.275578069191095,54.98246212403471,0.44151493278762083,0.89683463716825,0.11403770333966229,0.27722518951351544,0.14501399017158895,1.9117134090682322,0.9886853613784445,0.031709763197237006
/home/iiitn/Datasets/FaceForensics++/original_sequences/youtube/c23/videos/177.mp4,0,12.918842900975854,4.0760005509640065,3.169489979072855,0.9285254515795737,0.06237138258567606,8.22635012521676,3.710141072780246,2.2172607358706795,0.9642140873855737,0.04649431754818561,0.5660494131087564,0.3950527085803248,1.4328452908041849,0.9965740185494353,0.008664851558244481
/home/iiitn/Datasets/FaceForensics++/original_sequences/youtube/c23/videos/180.mp4,0,78.39170504594318,232.29825080754793,0.3374614521350328,0.9673406997128927,0.2763119693616431,43.48009608381981,133.2524286001212,0.3262987139566495,0.9881960871851984,0.2513331279245365,3.6399137520085474,3.6745266630230975,0.9905803075637303,0.9977433939986492,0.12600673032323503
/home/iiitn/Datasets/FaceForensics++/original_sequences/youtube/c23/videos/171.mp4,0,5.786998835014419,7.694986514814876,0.7520479501650746,0.8399835122001598,0.005316213574179293,3.6627908332030663,5.157462836150579,0.7101923852032827,0.8920428275179302,0.0029603381228168247,0.5618512681599938,0.3995938641613625,1.406055794523184,0.9920689526603251,-0.0013685398388768352
/home/iiitn/Datasets/FaceForensics++/original_sequences/youtube/c23/videos/179.mp4,0,8.55904272708982,35.45521796774798,0.241404318396113,0.9225556722183391,0.18321670344541266,5.134377664183094,19.4298637550438,0.26425186140845996,0.9451756011257579,0.1403573960713098,0.7908330527178323,0.6156999489950716,1.28444553878656,0.9865074256782238,0.02188208844039897
/home/iiitn/Datasets/FaceForensics++/original_sequences/youtube/c23/videos/181.mp4,0,13.595109053035458,13.901674446937093,0.9779475922075574,0.8922865115847642,0.23452025420448666,7.567453471434729,10.174222306840567,0.7437869198461297,0.9623385175599678,0.18931482658860685,0.8412001237622907,0.6696312732704855,1.256213915538713,0.9950104399425644,0.04150624269031861
/home/iiitn/Datasets/FaceForensics++/original_sequences/youtube/c23/videos/174.mp4,0,67.12214088845697,72.42210877972092,0.9268183710669855,0.9511871959039032,0.22794689021412645,39.257099676820474,51.10798240998821,0.7681207088532676,0.9767467883454765,0.22823774770732919,1.2199533441200192,0.8770981622725191,1.3908971613384513,0.9961178550200734,0.07170303194992247
/home/iiitn/Datasets/FaceForensics++/original_sequences/youtube/c23/videos/173.mp4,0,3.8362411999840695,51.795157191762904,0.07406563485812058,0.8325764006963308,0.03459264807004959,2.663650393621578,26.940363945290414,0.09887210132093352,0.9034467726225417,0.01680193665974054,0.2841929034719488,0.22396813918503866,1.2688988018833942,0.994421321291989,-0.007216054350973161
/home/iiitn/Datasets/FaceForensics++/original_sequences/youtube/c23/videos/183.mp4,0,4.101718162145226,72.33393215363226,0.05670531160166242,0.8924255787249443,0.07343876802982183,2.4881192883697634,44.775588085151945,0.05556865682340083,0.9054868242316085,0.03684225201921636,0.4922771232609005,0.4908559368255844,1.0028953229016788,0.9935411448620844,0.004630702182947431
/home/iiitn/Datasets/FaceForensics++/original_sequences/youtube/c23/videos/189.mp4,0,38.931009741004445,144.06644069536148,0.2702295520948336,0.9182306380102858,0.16114998423589108,21.796133608558716,120.80263454986407,0.18042763462713937,0.9533031102404476,0.141561978210839,1.3631452358251492,1.1097801638326572,1.228302036970537,0.9914072974599831,0.030272782899455602
/home/iiitn/Datasets/FaceForensics++/original_sequences/youtube/c23/videos/185.mp4,0,16.516592155785315,116.91034761737744,0.14127570820198557,0.9289246892199717,0.11617099171711472,11.581901166915126,55.07201703166847,0.2103046481892083,0.9469380643382225,0.12019981128896581,0.8022193338845334,0.5491906501482463,1.460730137463166,0.9767315934232448,0.00928736355953743
/home/iiitn/Datasets/FaceForensics++/original_sequences/youtube/c23/videos/182.mp4,0,10.653553474648566,16.58840798983493,0.6422288070788268,0.828308367663745,0.09761745352173405,5.570203950010526,15.416428285047616,0.3613161133706348,0.8786305134868139,0.09640031369676663,0.3211019270362711,0.1854154967656514,1.7317966008100998,0.9922362857660824,0.007719999965889824
/home/iiitn/Datasets/FaceForensics++/original_sequences/youtube/c23/videos/188.mp4,0,6.27926001169478,7.181223091555903,0.8743997967530485,0.8818979285851468,0.18221660776117155,3.6724923855744933,7.605677667839533,0.4828619547083305,0.8939053305405277,0.1271312670966406,0.3777935396838446,0.2617132347571023,1.4435400641258254,0.9933972200958788,0.013819110127879855
/home/iiitn/Datasets/FaceForensics++/original_sequences/youtube/c23/videos/170.mp4,0,2.8955554295060657,0.6654606372029495,4.351204665803533,0.8320253440400772,0.008983746310511161,2.0605078083815367,6.5205657466710605,0.31600138522236143,0.5593366217038777,0.013699599869269533,4.073223732521868e-27,5.524174246752685e-27,0.0,0.0,0.0
/home/iiitn/Datasets/FaceForensics++/original_sequences/youtube/c23/videos/194.mp4,0,32.96241652360468,63.399616421816404,0.5199150781023023,0.878753092465586,0.38132156122540267,17.252854819877456,36.09954393185022,0.47792445390578625,0.9632889386769324,0.3476266770176379,1.5961774699218265,1.5208309331383374,1.0495430064852813,0.9965020056956039,0.053962853515182006
/home/iiitn/Datasets/FaceForensics++/original_sequences/youtube/c23/videos/184.mp4,0,23.797049242938577,30.763022239943663,0.7735601872055259,0.9037905155197861,0.23276696433921537,13.139256262638549,17.609064230163927,0.7461643668793769,0.9414325877265439,0.23575061707911943,0.14010794055452375,0.07535002128379131,1.8594280156449357,0.9673317923609751,0.028109848339561247
/home/iiitn/Datasets/FaceForensics++/original_sequences/youtube/c23/videos/176.mp4,0,5.7133659607999325,6.096579201784422,0.9371429078010951,0.8320480870664531,0.06010240382635535,4.9552950533300235,7.497558345788067,0.6609211725726388,0.8582474550775405,0.025051990705607388,0.40025362772421486,0.38133599131587453,1.0496088406002835,0.9975472526201634,-0.004702638336325749
/home/iiitn/Datasets/FaceForensics++/original_sequences/youtube/c23/videos/196.mp4,0,16.9171831842298,102.08017746070111,0.1657244687955464,0.9058242157616698,0.10854643255965533,9.250848212435756,72.25961720719496,0.12802238054915463,0.9422602219010637,0.058743920219511546,0.9683204280761961,0.7519815068923461,1.287691810504618,0.9900164520191664,0.016370142007939605
/home/iiitn/Datasets/FaceForensics++/original_sequences/youtube/c23/videos/192.mp4,0,18.118299240156833,14.962765424371435,1.2108924203707456,0.9311358090365741,0.14994296230927193,11.490676846470947,8.800579122785928,1.30567280699971,0.9404043563817149,0.1356563835853095,0.497117322733213,0.29731396230304413,1.6720281781671413,0.9942782369965079,0.019522552689675156
/home/iiitn/Datasets/FaceForensics++/original_sequences/youtube/c23/videos/197.mp4,0,116.17485326291849,69.6465262891047,1.6680638569204929,0.879135524476372,0.11499259984357835,57.593505023404134,51.459700679664245,1.1191962693666393,0.9591385663382392,0.08164527042993602,1.1035402681986461,0.6365946754937059,1.7335053381381245,0.9942685515191734,0.008425688115749128
/home/iiitn/Datasets/FaceForensics++/original_sequences/youtube/c23/videos/195.mp4,0,8.359420941941714,51.80099758777565,0.16137567481739826,0.808552512633084,0.024681331742900537,5.562856643980141,45.61049855738537,0.12196439021558095,0.8665615537126513,0.03166201972237304,0.3419614979250185,0.207723785689698,1.6462317822179862,0.9932330794871843,-0.001305291711700825
/home/iiitn/Datasets/FaceForensics++/original_sequences/youtube/c23/videos/198.mp4,0,17.977628900250917,36.202298388654675,0.4965880538094473,0.9280777964227899,0.5538943799414336,9.945239078607592,60.243914178691,0.1650828837101913,0.8574085489706792,0.5601044758644369,1.4884183315637023,1.4778201966057285,1.0071714644192276,0.9983100856103467,0.17233362908134986
/home/iiitn/Datasets/FaceForensics++/original_sequences/youtube/c23/videos/202.mp4,0,58.76817417847881,24.862965001038138,2.3636832604649114,0.8945017765820203,0.20260227849538776,31.045945249318265,26.46525237353681,1.173083287139245,0.8696370354790727,0.19602146776051382,1.3073926511427145,0.6940132598796411,1.883815089310323,0.9908041375246046,0.021929748695329765
/home/iiitn/Datasets/FaceForensics++/original_sequences/youtube/c23/videos/187.mp4,0,15.220071844563561,29.510909852769633,0.5157439035426805,0.943721803250666,0.041499997358402485,9.570123577751236,19.601901231837715,0.4882242525641998,0.9687035558978536,0.04569551111736283,0.6996069992061568,0.647390236035747,1.0806573226840055,0.9932443085301456,0.014494211747571725
/home/iiitn/Datasets/FaceForensics++/original_sequences/youtube/c23/videos/186.mp4,0,32.067855279993914,18.23423568140397,1.7586618841774675,0.9594847476324952,0.05594374247971762,16.354587697721954,13.09620922905845,1.2488031774441775,0.9332860568522081,0.013421524378155353,0.6122328379110071,0.46404576921158097,1.319337182948996,0.9865216856097249,-0.009709904656872487
/home/iiitn/Datasets/FaceForensics++/original_sequences/youtube/c23/videos/203.mp4,0,63.38807225245292,31.64227491477273,2.0032716491840836,0.9444047975165445,0.10373021111523896,37.31910880086182,28.227166755783674,1.3220989950475717,0.9713827306590807,0.070297108563906,1.5978482499206954,1.0568722223043403,1.5118651206830318,0.9922522304186304,0.01142270749324703
/home/iiitn/Datasets/FaceForensics++/original_sequences/youtube/c23/videos/201.mp4,0,80.45604741744846,113.56984254932276,0.7084279207528781,0.951155422755206,0.1613213343548158,42.096383949563794,64.45491638869659,0.6531136227948968,0.9826064907949658,0.11500614826991748,3.207907505362087,2.977781530535791,1.0772810135553796,0.9981431279359693,0.027068729391871094
/home/iiitn/Datasets/FaceForensics++/original_sequences/youtube/c23/videos/200.mp4,0,27.553711785785396,79.78244576736664,0.3453605805232869,0.7971276260574344,0.25161426633487194,17.070133829786574,47.072242810081114,0.3626369344383733,0.8789765731987828,0.19902011932183744,0.2928393046274491,0.1668604439263819,1.754995358616261,0.9912948158299809,0.019828644266691432
/home/iiitn/Datasets/FaceForensics++/original_sequences/youtube/c23/videos/205.mp4,0,15.084637515132414,28.651634066815987,0.5264843701394077,0.9453108057127162,0.24337546014650535,9.453244001833216,18.94246832684057,0.49905027363505855,0.9760993176133222,0.22408604395991488,1.571466891639684,1.6701716335422405,0.9409014379598728,0.9974724473685136,0.05357128117863242
/home/iiitn/Datasets/FaceForensics++/original_sequences/youtube/c23/videos/190.mp4,0,0.8082788982304921,0.7590625223107114,1.0648383690054384,0.7750351706630365,0.021949101702707807,0.6892672110257413,4.590759432424014,0.15014230677336848,0.5395117714357094,0.008046001081013873,0.0235447747193199,0.013063437068587994,1.802341496782272,0.9744874454377915,0.003091968128157004
/home/iiitn/Datasets/FaceForensics++/original_sequences/youtube/c23/videos/206.mp4,0,45.54805725985631,39.89062875203966,1.141823498019629,0.7134346372724769,0.2448995898849467,28.210782615333304,46.07299825524783,0.6123062028445267,0.8655578352957081,0.16035880039546263,0.18846895888033463,0.09614827775142787,1.96019068971348,0.9802407386123336,0.005054395930586384
/home/iiitn/Datasets/FaceForensics++/original_sequences/youtube/c23/videos/199.mp4,0,34.481583548284966,96.03575937340987,0.3590494183964576,0.8842006917092534,0.2825121306759279,21.80968462304571,60.72867021100847,0.3591332487154017,0.9247782865571397,0.23283018518060414,0.2086616267772119,0.11166603905811227,1.8686220854365758,0.9773369516050366,0.0393389143040448
/home/iiitn/Datasets/FaceForensics++/original_sequences/youtube/c23/videos/191.mp4,0,9.253535736418359,24.3014752971805,0.38078082187429874,0.857691008250893,0.0538380658501254,7.576226998521835,28.153847695052765,0.26910094423268266,0.9088512813607373,0.04906654189275702,0.42068170142922234,0.28917658116017303,1.4547571582091894,0.9960680206190079,-0.0008023843013023203
/home/iiitn/Datasets/FaceForensics++/original_sequences/youtube/c23/videos/204.mp4,0,6.73872946849573,13.162172845185507,0.5119769773393182,0.9185041290874209,0.017538557876918066,4.919355164341193,11.47882237352708,0.42855922012404396,0.9427726844912107,0.002769944465723792,0.14797820280495336,0.08899809613145504,1.6627120043824475,0.9740788838807589,-0.0027313458586660853
/home/iiitn/Datasets/FaceForensics++/original_sequences/youtube/c23/videos/209.mp4,0,11.500016047356986,119.0454343309471,0.09660190759930251,0.9240693885296517,0.37945884109657,6.516865504581822,60.988448586009156,0.10685409541761652,0.9673523163476245,0.3935602339604202,1.8133956108477014,3.0013348052156488,0.6041963754581546,0.9971002624606436,0.07879840001523226
/home/iiitn/Datasets/FaceForensics++/original_sequences/youtube/c23/videos/208.mp4,0,7.0025061914741,29.413486513996247,0.23807127346640786,0.9618004541820229,0.3276850017908751,4.501505025937341,16.070533153517758,0.28010925231512834,0.9693328359362784,0.3656829525260182,1.0486743028399335,1.0127582546869922,1.0354635945811586,0.9944606173482016,0.05664634730846572
/home/iiitn/Datasets/FaceForensics++/original_sequences/youtube/c23/videos/212.mp4,0,12.033950372876335,118.13714676547035,0.10186423747618113,0.9328875599010608,0.13163204044498944,8.672595633846552,66.50410306322246,0.13040692580429067,0.9559805254329659,0.14594890595385526,1.0055523940464932,0.8247627438035855,1.2192020088215358,0.9925958295472112,0.04624112414836896
/home/iiitn/Datasets/FaceForensics++/original_sequences/youtube/c23/videos/193.mp4,0,2.912000272703105,1.3469910596936214,2.1618556795510218,0.9170549995441258,0.05183932285872938,2.0468416885318885,6.721066673468083,0.3045411968031727,0.7866613193788062,0.0433221293290849,0.3122284938838224,0.2485268284892681,1.256317057525663,0.9949178245320281,-0.0003024652977944329
/home/iiitn/Datasets/FaceForensics++/original_sequences/youtube/c23/videos/210.mp4,0,3.9688892121845973,169.05706179529037,0.02347662481553411,0.9461740408515408,0.2151270394684423,2.6116006560204847,86.4806885348412,0.030198657067448384,0.9426677428815763,0.17667911683796936,0.9431695123016824,1.3302267951464206,0.7090291037160066,0.993242545748016,0.0028492586168499946
/home/iiitn/Datasets/FaceForensics++/original_sequences/youtube/c23/videos/216.mp4,0,19.633694882640516,22.454553158130995,0.8743747757692956,0.9145907437083399,0.0943107829437535,11.085601951356717,13.650038871417765,0.8121296983680536,0.9659745497006996,0.07830499399485621,1.085816234949802,0.938471642891912,1.1570048420470604,0.9977650301513309,-0.005055213660982269
/home/iiitn/Datasets/FaceForensics++/original_sequences/youtube/c23/videos/214.mp4,0,17.891774885862617,19.66963098835241,0.9096141608583013,0.8633779568173526,0.02911472601845189,15.490593171753174,38.40565218972913,0.4033414950285844,0.8936682783101563,0.015955711474019547,0.17056830428813327,0.09159814386536413,1.862137125167555,0.9845526341530619,-0.006657893940314416
/home/iiitn/Datasets/FaceForensics++/original_sequences/youtube/c23/videos/215.mp4,0,16.77327563809253,42.44040434313867,0.39521950598013716,0.8887731477147107,0.49396347603925067,11.35946665425565,34.02175706468798,0.3338883007322958,0.9335449716697073,0.5021581095442454,0.6880348115388767,0.45334068939570993,1.5176992218722023,0.9937827948290465,0.08838397097930202
/home/iiitn/Datasets/FaceForensics++/original_sequences/youtube/c23/videos/218.mp4,0,3.3040096008922117,23.8373627449961,0.13860633981356785,0.9243621522390905,0.13412504072497344,2.0122508057832023,18.190212679210212,0.11062272010063,0.9368903975471868,0.0798178777481104,0.640021947377222,0.7133437821677221,0.8972138867353853,0.9968659950446592,0.021636034380303853
/home/iiitn/Datasets/FaceForensics++/original_sequences/youtube/c23/videos/220.mp4,0,9.374009800886734,40.40208874360114,0.23201794987323235,0.9527035883205212,0.4018276513032372,6.336515839692358,34.16040043293945,0.18549301997005632,0.9550124098888869,0.43842242522397173,0.8159434542364187,0.6993454262346986,1.1667245164231475,0.99373699254236,0.05644546844110426
/home/iiitn/Datasets/FaceForensics++/original_sequences/youtube/c23/videos/211.mp4,0,20.502073566736808,33.0473564180593,0.6203846778961446,0.9420049131502705,0.03649113808793621,12.544152165222672,27.399744612782694,0.45782003965724916,0.9690904774196998,0.02325305622681201,0.7372042509006764,0.6769812858366309,1.0889580942989,0.9977502031034501,-0.004736241552251556
/home/iiitn/Datasets/FaceForensics++/original_sequences/youtube/c23/videos/213.mp4,0,4.364117713918699,4.190092697136631,1.0415324980521292,0.9192324707650128,0.07741828443710777,2.8263492958837655,2.756782243408619,1.0252348739699986,0.933637604487506,0.036772100593254066,0.2951817513978054,0.20112502679170993,1.467653012190785,0.9886718775058503,-0.006022989135882985
/home/iiitn/Datasets/FaceForensics++/original_sequences/youtube/c23/videos/222.mp4,0,28.92996509354305,39.16232689839239,0.738719258653924,0.9412933985533224,0.28327015655672994,16.869608268143605,40.715261258503666,0.4143313280255636,0.9379813929734585,0.2660013854846943,1.303740710863154,0.9204950683577242,1.4163473066609547,0.9963272167485057,0.042186734667125816
/home/iiitn/Datasets/FaceForensics++/original_sequences/youtube/c23/videos/224.mp4,0,57.35450364587452,59.96965240241341,0.9563921308232621,0.9308856301315327,0.35628855405909715,30.63391202419001,40.79720387225489,0.7508826369599151,0.9688259089795549,0.34817816779438215,2.8861883940332427,2.4585529143955167,1.1739378791214135,0.996054088491953,0.10118652891462421
/home/iiitn/Datasets/FaceForensics++/original_sequences/youtube/c23/videos/221.mp4,0,0.0,0.0,0.0,0.0,0.0,0.0,0.0,0.0,0.0,0.0,0.0,0.0,0.0,0.0,0.0
/home/iiitn/Datasets/FaceForensics++/original_sequences/youtube/c23/videos/219.mp4,0,12.810181528724751,60.32480253575142,0.21235347635216564,0.827909531029607,0.11892941851231814,8.37939527939164,60.73449509629233,0.1379676453406983,0.9142276095348624,0.08222670654054526,0.5412974415668127,0.34587220370123006,1.5650215188566992,0.9930226496005246,0.00011775923746131887
/home/iiitn/Datasets/FaceForensics++/original_sequences/youtube/c23/videos/229.mp4,0,21.967755244408753,40.788271180828275,0.5385801998574106,0.8106401391712245,0.1111940865557444,12.99288415489057,24.521361753792167,0.5298598130620235,0.8606640806201459,0.10354344611681235,0.4197039451686632,0.23034081897746764,1.8220997347835228,0.9865141037547733,0.011288426570019968
/home/iiitn/Datasets/FaceForensics++/original_sequences/youtube/c23/videos/228.mp4,0,26.171620452169027,77.56340911130098,0.33742225557174255,0.9224369054940332,0.170554488989918,12.501289438467102,36.39513571557196,0.3434879192693413,0.9504587318923466,0.10572387352863609,1.0545191460548495,0.9240987017051202,1.1411325912579267,0.9874502521708982,0.011016369335990997
/home/iiitn/Datasets/FaceForensics++/original_sequences/youtube/c23/videos/225.mp4,0,15.773882027477653,49.984664153335665,0.3155744325717351,0.9009488140756977,0.06592375345524437,8.34219771768563,42.692263113717125,0.1954030334598323,0.9260032975385887,0.03185477037894553,0.4224746491880777,0.2897574762263391,1.4580284681181752,0.9947940468799241,0.013026796225466151
/home/iiitn/Datasets/FaceForensics++/original_sequences/youtube/c23/videos/226.mp4,0,2.7450706894293844,19.47264644166528,0.1409706018980453,0.7678738954928275,-0.014354073357169499,1.7347093465310324,14.052990360298072,0.12344058467668644,0.7979811410037584,-0.01141923401602324,0.04827422288299512,0.027491081404762453,1.7559957781301492,0.9817737330955161,0.014646287877046889
/home/iiitn/Datasets/FaceForensics++/original_sequences/youtube/c23/videos/207.mp4,0,6.62837992236098,85.62190764089776,0.0774145321564279,0.6988618953768775,-0.003045066570523726,4.463930372060203,58.770147842165784,0.07595574515226027,0.8233179456357836,0.01375979812410133,3.861962579040558e-27,4.475433404355043e-27,0.0,0.0,0.0
/home/iiitn/Datasets/FaceForensics++/original_sequences/youtube/c23/videos/231.mp4,0,37.308113050795335,14.619759767942446,2.551896449940504,0.862060359391024,0.21153668005550666,21.936633406593558,33.75860529211526,0.6498086403977456,0.8586464472616449,0.22356278052972092,0.22809875068915755,0.11550964025238115,1.9747161378978968,0.986651936234559,0.05351631614223782
/home/iiitn/Datasets/FaceForensics++/original_sequences/youtube/c23/videos/232.mp4,0,30.47438157703729,5.398785554299809,5.6446734678628365,0.8984079048794786,0.11909717050833876,17.665932654470634,5.231635231867176,3.3767516027996556,0.9281950013005962,0.12067116926801941,0.622529837770215,0.3318038721654209,1.8761982303203881,0.9936605301300485,0.02021151540007565
/home/iiitn/Datasets/FaceForensics++/original_sequences/youtube/c23/videos/227.mp4,0,91.49511965614356,16.02249604319236,5.710416118031624,0.8406576994042968,0.15985822958443766,45.671873270299535,13.441308557360278,3.397874029555719,0.9104461691864124,0.12268156321901655,0.5501553951316208,0.2770257715201478,1.9859357925896386,0.9920072588665644,0.02291684220720227
/home/iiitn/Datasets/FaceForensics++/original_sequences/youtube/c23/videos/235.mp4,0,32.26165877004974,258.7209694926194,0.12469672958213801,0.9663409385746804,0.15937384106529412,19.750505924709206,126.73295290534368,0.15584349194057506,0.9789466569551436,0.13426134324402533,2.498283194862171,3.298474288400095,0.757405690154386,0.9947787275385345,0.0475917434225951
/home/iiitn/Datasets/FaceForensics++/original_sequences/youtube/c23/videos/230.mp4,0,9.463484953738641,128.33658049611128,0.07373957539740895,0.8449545729430396,0.1328678227451052,4.9081675760082435,68.02162153100896,0.07215599195574544,0.886879785104273,0.10107348940551111,0.5699630086196311,0.4240634385349784,1.3440512829606233,0.9922217580391983,0.007243726377164257
/home/iiitn/Datasets/FaceForensics++/original_sequences/youtube/c23/videos/233.mp4,0,55.905299734985725,42.83748381254043,1.3050556372458966,0.8769739049712367,0.4264760377923135,33.80495534893117,47.36073409043633,0.7137760002701793,0.9583654280563249,0.3703701618928896,0.6646059864506275,0.43223936559219134,1.5375878259956293,0.9924990217930629,0.09025341674896242
/home/iiitn/Datasets/FaceForensics++/original_sequences/youtube/c23/videos/238.mp4,0,68.34781099379872,28.678002661446367,2.3832835152666667,0.8193841610809977,0.3132812778779213,39.06005956639469,20.716183085378947,1.8854853428073086,0.8951169117680329,0.29076833082004666,0.7170294873300556,0.35797527738537394,2.003013986237229,0.9950936216158461,0.0640502283857665
/home/iiitn/Datasets/FaceForensics++/original_sequences/youtube/c23/videos/236.mp4,0,50.06299089162295,300.1494776162579,0.16679352997451707,0.963057111963694,0.11398730311427292,26.26673147689983,163.08297786625027,0.16106359977337453,0.9727059706137812,0.0866622419425038,1.6919868675217542,1.3157374088066565,1.2859609038982538,0.9945005136255923,0.0455850263797725
/home/iiitn/Datasets/FaceForensics++/original_sequences/youtube/c23/videos/241.mp4,0,11.839107802329044,99.06843229384822,0.11950434187969086,0.9173901374363753,0.02254508573259787,7.313005640855059,50.94992281336224,0.143533203526996,0.9508069835448817,-0.0032823193962959124,0.8082486508240482,0.8878418091382034,0.9103520948271027,0.9968439826935844,0.030325652373113476
/home/iiitn/Datasets/FaceForensics++/original_sequences/youtube/c23/videos/239.mp4,0,30.409795182801975,11.031128000946035,2.7567258017669647,0.9273555192629273,0.033026756092934,17.15142806996549,11.165491089147752,1.5361104973372592,0.9648961482062685,0.03184857627317073,0.9959330386321769,0.6310197763436776,1.5782913245650063,0.9972640117568078,0.003133987875964724
/home/iiitn/Datasets/FaceForensics++/original_sequences/youtube/c23/videos/237.mp4,0,0.0,0.0,0.0,0.0,0.0,0.0,0.0,0.0,0.0,0.0,0.0,0.0,0.0,0.0,0.0
/home/iiitn/Datasets/FaceForensics++/original_sequences/youtube/c23/videos/242.mp4,0,62.17821234383873,29.717692632431135,2.0922960982503462,0.9337706486493286,0.19788761401749197,30.1972253191381,22.457899521487303,1.3446148554652653,0.9296671753639445,0.1347832759332693,0.3009494349417984,0.1595516118401762,1.8862199602424652,0.9846395319993887,0.04689477794451342
/home/iiitn/Datasets/FaceForensics++/original_sequences/youtube/c23/videos/245.mp4,0,88.27675725826464,126.31581078301166,0.6988575437314698,0.9226707307613093,0.3036481508807761,43.41978473966304,83.63354692916191,0.5191670846680679,0.9703188728872304,0.2569807911918117,3.2708859879756704,2.5906220288110293,1.2625871129015487,0.9967329079185504,0.08193214255734053
/home/iiitn/Datasets/FaceForensics++/original_sequences/youtube/c23/videos/240.mp4,0,52.72385223675038,174.80215140522606,0.30162015634765293,0.938251273346889,0.04734305273413823,29.853915709296775,99.54523083554066,0.29990302356743365,0.9788975886335497,0.06487798976967919,2.805254522412699,3.1517133749438915,0.8900728552013838,0.998154301433957,0.022009089594825476
/home/iiitn/Datasets/FaceForensics++/original_sequences/youtube/c23/videos/234.mp4,0,3.7550032299141645,45.1424127432118,0.08318127015660712,0.8111254060628061,0.11114110104503971,3.5726417530048793,21.34589850993919,0.16736900305889524,0.9172062813539436,0.047987980699806435,2.8131072094497966e-27,7.935023238060581e-27,0.0,0.0,0.0
/home/iiitn/Datasets/FaceForensics++/original_sequences/youtube/c23/videos/223.mp4,0,6.932877797424029,1.3486847496944294,5.140473189894679,0.8222648407023879,-0.006379796920047942,3.7881095140626257,3.5592540147026246,1.064298726197861,0.8038228184431807,0.007448419550526706,0.3586070182295829,0.24804801814686597,1.4457161194380372,0.9971975009782121,0.003048189455618076
/home/iiitn/Datasets/FaceForensics++/original_sequences/youtube/c23/videos/247.mp4,0,60.181558912698755,26.045179740364762,2.3106601495028083,0.8605467416783293,0.05101401002942917,34.59071095122402,25.62322403471356,1.3499749642887087,0.9157070949742264,0.021983155401286616,0.4953215130310374,0.2938090546865117,1.6858619744021688,0.9944840136196534,-0.01350541473971112
/home/iiitn/Datasets/FaceForensics++/original_sequences/youtube/c23/videos/243.mp4,0,5.652872801455773,7.9386793780095175,0.7120671502510195,0.772525530541275,0.15923774514227773,4.191769774326129,5.024725564307205,0.8342286002845767,0.8253715583998505,0.17793016167182868,0.35965933275836465,0.1903187550385569,1.8897734628702296,0.9821559459602417,0.02061929414969596
/home/iiitn/Datasets/FaceForensics++/original_sequences/youtube/c23/videos/217.mp4,0,9.57013676547549,7.805369163543122,1.226096622075884,0.909039995171869,0.01223661719310823,5.954220603286715,23.41416403557175,0.25429994400999417,0.840401344507633,-0.0020253848076050647,0.23943329084055168,0.184000973266369,1.3012610019944628,0.9945868695191049,-0.005575453276582094
/home/iiitn/Datasets/FaceForensics++/original_sequences/youtube/c23/videos/249.mp4,0,30.45937733465686,19.76068953934769,1.5414126756055668,0.9592364496719868,0.13137425070757594,21.32275909075722,15.494417696649634,1.376157498023811,0.9599272937496628,0.12238069443207471,1.0922752604870771,0.804611785445308,1.3575183464191534,0.9965657569147602,0.008558702667013023
/home/iiitn/Datasets/FaceForensics++/original_sequences/youtube/c23/videos/254.mp4,0,0.0,0.0,0.0,0.0,0.0,0.0,0.0,0.0,0.0,0.0,0.0,0.0,0.0,0.0,0.0
/home/iiitn/Datasets/FaceForensics++/original_sequences/youtube/c23/videos/252.mp4,0,24.634922482363873,128.66237152384826,0.19146951972510204,0.9118717916517132,0.22864707595397968,14.906530502751258,71.79232449607747,0.2076340417639731,0.9493933453032861,0.22850840521224502,1.629060147128001,1.3437827384537122,1.2122942946882596,0.9913236683411871,0.025961594089913893
/home/iiitn/Datasets/FaceForensics++/original_sequences/youtube/c23/videos/246.mp4,0,11.308633540632826,32.21752629795233,0.3510087471039505,0.8625878074426113,0.1399197732643354,6.748787650227939,27.521981612433663,0.24521445240625497,0.9116988093902952,0.11214971857119124,0.5240085730858414,0.36244677012975696,1.4457531871459217,0.9961309958084928,0.007585833550550292
/home/iiitn/Datasets/FaceForensics++/original_sequences/youtube/c23/videos/248.mp4,0,32.832773360453295,91.73196284826184,0.3579207545658162,0.8651423170824902,0.14454903555403006,18.230875983719873,74.22802972418755,0.24560635721386065,0.9524664323632495,0.13284689568347066,0.43716076011838917,0.2858351050621117,1.529415919795417,0.9943753218926717,0.02239060578777061
/home/iiitn/Datasets/FaceForensics++/original_sequences/youtube/c23/videos/257.mp4,0,52.32149743051496,40.553724834598526,1.2901773547044617,0.8791326580240376,0.40416250453802305,28.864373301014307,30.63100108642824,0.942325496302611,0.9375527835124298,0.3995101140321068,0.7393869262361608,0.43993708048885133,1.6806651656063303,0.9929650853790463,0.10583387255439072
/home/iiitn/Datasets/FaceForensics++/original_sequences/youtube/c23/videos/260.mp4,0,11.831699967122324,51.09433282430451,0.23156579826195972,0.8781703604263869,0.11308372265817453,8.589677545368827,38.76156152871979,0.22160298002969867,0.913858893266351,0.07581873294754773,0.33144345134688663,0.18597077859529967,1.7822340361770348,0.9757647511774596,0.011681982719448715
/home/iiitn/Datasets/FaceForensics++/original_sequences/youtube/c23/videos/250.mp4,0,9.539021189910608,14.276791818159502,0.6681487908072847,0.8230852814785149,0.06369465956826116,6.793015552196653,8.705634712242718,0.7803010092582506,0.9159621674600649,0.0661897819151732,0.4065567809402162,0.2804015666415753,1.4499090921981168,0.9934354963666672,0.006300701038280792
/home/iiitn/Datasets/FaceForensics++/original_sequences/youtube/c23/videos/259.mp4,0,29.979766225718603,46.98977658693598,0.6380061452357176,0.8824168743285394,0.33181981770284485,16.130975228186347,48.01686655974871,0.3359439377018517,0.9205585779735016,0.29043044461548645,1.773507176524047,1.2629729766081537,1.4042320852240138,0.9937502297550744,0.11472377020803767
/home/iiitn/Datasets/FaceForensics++/original_sequences/youtube/c23/videos/261.mp4,0,68.20882511717055,109.98399203464037,0.6201704798611748,0.9249482045736405,0.1253763694092344,36.91746401827709,64.728660341954,0.5703418520211357,0.9631643595242118,0.13163490416369497,1.1671689804055758,0.775592083176423,1.504874799166924,0.9739814317643186,0.016584999426300512
/home/iiitn/Datasets/FaceForensics++/original_sequences/youtube/c23/videos/253.mp4,0,4.294211482478757,13.653658893911881,0.31450994314743946,0.8497678539782297,0.08276337384596989,2.7110275012812215,12.754654094623927,0.21255202071092752,0.8436780951228172,0.1251412398793445,1.936249243213636e-08,1.0893763510887403e-08,1.7773923963729499,0.9851800820612007,0.0
/home/iiitn/Datasets/FaceForensics++/original_sequences/youtube/c23/videos/255.mp4,0,9.66383743967109,3.832533035761138,2.521527498784328,0.958283051082577,0.003257732227172265,6.277494722972958,3.036081372768399,2.0676305909577555,0.9459695344699677,-0.0082421228693592,0.28603968331456553,0.175665008810488,1.628324760016109,0.9911720396267162,0.0009241541154968736
/home/iiitn/Datasets/FaceForensics++/original_sequences/youtube/c23/videos/262.mp4,0,50.239941187901216,53.505659890595005,0.9389649859590308,0.7963939744348658,0.2667260009953109,28.668328676765388,37.38834510354028,0.7667718000722851,0.9385649745382029,0.22213714909597243,1.3596170944565877,0.9248716561146374,1.4700602894117276,0.9953143278206479,0.04183590078283385
/home/iiitn/Datasets/FaceForensics++/original_sequences/youtube/c23/videos/256.mp4,0,3.7265331701874644,3.417589517260279,1.0903981157967886,0.9126198267498383,0.12068063603874993,2.850022202831886,2.469759390338344,1.1539675540787995,0.9277014998207603,0.05752036853193789,0.003315419948628258,0.001759701780105101,1.8840805789434611,0.9732873621490905,0.008983920902807778
/home/iiitn/Datasets/FaceForensics++/original_sequences/youtube/c23/videos/258.mp4,0,24.282684889862736,101.18800808690766,0.23997591561449644,0.908401483496418,0.08815055151010977,16.287471439357105,75.34202879147058,0.2161804201534987,0.9463488567263734,0.08687663763575877,0.7812101096084691,0.5546652713633048,1.4084352310148112,0.9934028260174728,0.015128279428587443
/home/iiitn/Datasets/FaceForensics++/original_sequences/youtube/c23/videos/264.mp4,0,95.78222420662549,156.17521606435062,0.6132997707341686,0.8951658855805115,0.2907619264809863,52.361140353926395,98.08264741369074,0.5338471353967311,0.9768357155906974,0.21892587024787977,1.09534651264625,0.7798138341792452,1.4046256486320268,0.9939619963706096,0.03602532072582046
/home/iiitn/Datasets/FaceForensics++/original_sequences/youtube/c23/videos/266.mp4,0,7.258761714275562,32.70014479373635,0.22197949764632124,0.9130987645504115,0.24250851520919325,4.066736011468504,24.695181215638126,0.16467730995605165,0.9355709648313585,0.212101028673775,0.8323552758118943,0.8365327703120421,0.995006179496603,0.9962671826915986,0.03404849241795662
/home/iiitn/Datasets/FaceForensics++/original_sequences/youtube/c23/videos/270.mp4,0,41.86388415021441,31.779448389276258,1.3173257017368833,0.8404628010060419,0.3373285553186718,22.07098811907984,27.517619186276846,0.802067503357512,0.9114486990913363,0.24993215709167604,0.5671697831901611,0.3100877617341828,1.8290621339527655,0.9923527452839794,0.066351366911676
/home/iiitn/Datasets/FaceForensics++/original_sequences/youtube/c23/videos/269.mp4,0,49.23485851995927,124.16925904983474,0.39651407197492494,0.8908584873348495,0.22586942381213151,28.824800587871962,88.59393527598645,0.32535862074618754,0.9480186898850418,0.19337013786669724,1.409368525495955,1.0499544425923917,1.3423139788962188,0.9884766361803515,0.06545797456761637
/home/iiitn/Datasets/FaceForensics++/original_sequences/youtube/c23/videos/263.mp4,0,1.668732786234072,20.197195810927212,0.08262200366108466,0.7572560788568286,0.024603060633064677,1.4979545938529046,26.339881814194126,0.056870209381337536,0.7920508147582538,0.024622662830860276,0.2519484518062121,0.2000037661282558,1.2597185377231643,0.994209976539369,0.0037992276776571384
/home/iiitn/Datasets/FaceForensics++/original_sequences/youtube/c23/videos/271.mp4,0,94.55001297117967,186.87607175296293,0.5059503449760446,0.9466570855156005,0.38116676273716793,58.67354122496721,106.71044871745717,0.5498387639650941,0.9550819146213723,0.3412364511228239,2.895273203800509,1.9719344212305596,1.4682401060750043,0.9930725132212185,0.059853666161450485
/home/iiitn/Datasets/FaceForensics++/original_sequences/youtube/c23/videos/244.mp4,0,7.787624735104892,33.139809687055866,0.23499304337123797,0.905517873401895,0.017178719157957757,4.690686008052576,37.27652202631767,0.1258348620813094,0.8937035647216568,-0.009616452533266543,2.3267237032896936e-27,2.8483950425215996e-27,0.0,0.0,0.0
/home/iiitn/Datasets/FaceForensics++/original_sequences/youtube/c23/videos/267.mp4,0,16.71971034052707,52.05335342836067,0.321203327726769,0.8496061372128499,0.08156426782606195,10.531074212281121,29.165561270315393,0.3610790862097899,0.9055193483011758,0.09357528639284689,0.017213329677239247,0.009020582075008263,1.9082282644408486,0.9811906270633788,0.001334905817580284
/home/iiitn/Datasets/FaceForensics++/original_sequences/youtube/c23/videos/275.mp4,0,6.751355115337019,1.0601474533069846,6.368317062194596,0.909143695990763,0.11008135092482114,5.687530846325971,1.2069731461474345,4.712226501873825,0.9225312404583604,0.10124694541879897,0.4210129781188087,0.22018516649318562,1.9120860175285168,0.9889754639571703,-0.0001248314204515248
/home/iiitn/Datasets/FaceForensics++/original_sequences/youtube/c23/videos/251.mp4,0,7.14011215956,4.3298173066862775,1.6490562196548,0.8461404089653474,0.1373431288656398,4.80443327322526,6.6564319857559555,0.7217730585253822,0.7656318102570667,0.11462074426563332,0.27882321414291406,0.17286325517546794,1.6129698232275538,0.9964312014826265,0.011460551877121706
/home/iiitn/Datasets/FaceForensics++/original_sequences/youtube/c23/videos/276.mp4,0,3.56460590936655,51.51953568055658,0.06918940286008494,0.828107962359366,0.2547831925480775,2.6749009276591997,24.28052021174081,0.11016654109271329,0.8720294721478519,0.22789652683969977,0.582371716561207,0.4687544633580824,1.2423811655876056,0.9929028826766458,0.023627605097358072
/home/iiitn/Datasets/FaceForensics++/original_sequences/youtube/c23/videos/268.mp4,0,51.57646601889015,66.96665826812342,0.7701812715872205,0.9199162690283663,0.10414971361110374,24.25852291918524,59.16053957620371,0.41004566714504415,0.9478778086633066,0.08039459793134643,1.0845302013292029,0.6758943667148388,1.6045853534784205,0.9953236391423023,0.009486370947148463
/home/iiitn/Datasets/FaceForensics++/original_sequences/youtube/c23/videos/278.mp4,0,69.92890928843369,112.89356258568934,0.6194233549442264,0.9410472342221453,0.21114947389407865,33.999581815949945,76.43826813327608,0.4447979087735089,0.9695961236672574,0.15861280200804945,1.323345480143388,0.8246439365471234,1.6047477238290064,0.9939450402623423,0.04791523043555306
/home/iiitn/Datasets/FaceForensics++/original_sequences/youtube/c23/videos/272.mp4,0,14.535765849820388,20.68649057390832,0.7026694933046892,0.8650585934624809,0.1341254584570025,10.781060889494176,28.90435651986532,0.3729908632314507,0.86974890726573,0.11602947845268208,0.4465079232135605,0.26134008473495446,1.7085320978081082,0.9928616694515263,0.006492139443527032
/home/iiitn/Datasets/FaceForensics++/original_sequences/youtube/c23/videos/273.mp4,0,4.729945629509121,66.00054908164687,0.07166524665814338,0.8122247618391881,0.03395389670056871,2.886518457910673,56.30185725022975,0.05126861881450445,0.8527902807433382,0.03528436653410571,0.27729544073046575,0.1923345152254913,1.4417351997657155,0.9910291789163342,0.002492962032393991
/home/iiitn/Datasets/FaceForensics++/original_sequences/youtube/c23/videos/274.mp4,0,11.471710082132867,44.308764360418884,0.25890385903833896,0.8049817354097346,0.05683560652632454,6.792338412181986,42.85063463037906,0.15851196769362527,0.8811110399981502,0.05461117925420025,0.7757824945737347,0.5504101863629173,1.4094624587165916,0.9944815534182938,-0.0017228184898252555
/home/iiitn/Datasets/FaceForensics++/original_sequences/youtube/c23/videos/279.mp4,0,103.17049437131743,157.7503263036753,0.6540112897941672,0.9395776918188841,0.036891319802053714,60.35986127295395,141.58720698661745,0.426308722077264,0.9715474112177599,0.030237745507977684,3.3547312529716984,2.5955401558074302,1.292498305397281,0.9911241368127881,0.007687180337268249
/home/iiitn/Datasets/FaceForensics++/original_sequences/youtube/c23/videos/280.mp4,0,2.8207245704865174,6.562506550148794,0.42982426743978824,0.780474705357851,0.10414287194773758,2.189655639645094,14.759088585135444,0.14835981415887675,0.6991187835434683,0.07644636164880877,0.059914593627796615,0.032034746692044,1.8703002150685561,0.9687814036133621,-0.005076947341683255
/home/iiitn/Datasets/FaceForensics++/original_sequences/youtube/c23/videos/282.mp4,0,97.07479807101366,111.06964521200513,0.8739993531600945,0.9244086853091058,0.3967360581772707,47.27109104065239,69.05274451728043,0.6845649853761107,0.9761588762718116,0.3379798987152598,1.490865299971369,0.9822609077199048,1.5177895081176278,0.993241492703287,0.11410955354175531
/home/iiitn/Datasets/FaceForensics++/original_sequences/youtube/c23/videos/281.mp4,0,77.67224907089586,117.37217073133418,0.6617603524492041,0.891593638231323,0.31572037022228844,51.575251203779764,80.09569937906184,0.6439203553201294,0.8962919784665383,0.2563939526941597,1.6922396244818083,0.8384300691919588,2.0183431948149386,0.9890938994354238,0.045367124934559855
/home/iiitn/Datasets/FaceForensics++/original_sequences/youtube/c23/videos/283.mp4,0,3.5530917032189024,47.22039079831439,0.0752448601790423,0.7094939351461356,0.16587112317617153,2.426352076980681,32.88649688505097,0.07377958453469742,0.826390688319783,0.13225573524802833,0.37526800292888685,0.2620704930953155,1.4319353487551962,0.9946516293308101,0.0068913851291902434
/home/iiitn/Datasets/FaceForensics++/original_sequences/youtube/c23/videos/288.mp4,0,32.3688963268122,52.94842186420673,0.6113288212786877,0.90354575895037,0.3033328904198039,22.426512372458202,34.965058329951226,0.6413978252467993,0.9517079917373824,0.25166601631154917,0.4384584953162154,0.2571315997708837,1.7051910216671249,0.9911866313506238,0.03378573040325762
/home/iiitn/Datasets/FaceForensics++/original_sequences/youtube/c23/videos/290.mp4,0,21.75922307457344,211.12045897207295,0.10306544036763275,0.9359415922437675,0.24611005980658698,12.297871838019217,106.16024710807172,0.11584253214388165,0.9510913679996914,0.24209629297139762,1.0966298889137966,0.9080499094473673,1.2076757868751926,0.9875650515695659,0.039046813335912464
/home/iiitn/Datasets/FaceForensics++/original_sequences/youtube/c23/videos/277.mp4,0,3.645933839734417,10.879551531409467,0.3351180266216432,0.8971696793275922,0.060748931448507834,2.2137178397334565,12.241266692414982,0.18084058581169019,0.8897517854980864,0.09148455063832807,0.593880835453104,0.5746197992393809,1.033519618083503,0.9972177945280686,0.01034003133330353
/home/iiitn/Datasets/FaceForensics++/original_sequences/youtube/c23/videos/289.mp4,0,15.663444028554423,83.20122336351771,0.18825978026931958,0.8544896670923477,0.2239310550606924,8.17282955610375,58.93362561152647,0.13867854677695707,0.9570665671017825,0.2013773239350153,0.4252165221578714,0.3183910573915513,1.3355165363044357,0.9889429364030429,0.009759511695873847
/home/iiitn/Datasets/FaceForensics++/original_sequences/youtube/c23/videos/285.mp4,0,16.8038677595697,9.466293573761464,1.775126413377504,0.8357371311706316,0.026570114194416346,10.864608550882728,10.007275059509203,1.0856710229583288,0.8494322937121647,0.039742946688047516,0.5147791889230278,0.29790014088276084,1.7280260002482513,0.9969640989493437,0.0034530105030650686
/home/iiitn/Datasets/FaceForensics++/original_sequences/youtube/c23/videos/265.mp4,0,0.9549552905247797,11.614602981353846,0.08222022673163006,0.54596002466299,0.04795319304598114,0.6694551706129758,17.91028762365895,0.037378247891934786,0.5550924830410361,0.029486530713569083,0.023094991827111545,0.01400764614501015,1.6487418077260982,0.9887136565469025,0.005467459483267853
/home/iiitn/Datasets/FaceForensics++/original_sequences/youtube/c23/videos/293.mp4,0,13.355229420123722,49.93358475233873,0.26745985665485805,0.924852435368562,0.1800583870989324,8.407917362222337,37.009089261581046,0.2271852004461659,0.9545394213377252,0.2061306847715023,1.5971111684387704,2.0454082252920314,0.7808275867330807,0.9974859136930645,0.0342296311423124
/home/iiitn/Datasets/FaceForensics++/original_sequences/youtube/c23/videos/287.mp4,0,1.0363037396257233,8.43261122238893,0.12289238911836635,0.9051388366535468,-0.000657632516197071,0.9285996301546812,3.7429064031265997,0.2480958726029015,0.9073249397278506,0.0149525782216603,0.3826515682856546,0.3777396421886586,1.013003469978782,0.9964559395413989,-0.006316556850606217
/home/iiitn/Datasets/FaceForensics++/original_sequences/youtube/c23/videos/286.mp4,0,4.837295457219348,11.366922311692027,0.4255589441518133,0.8885032500168406,0.12156869787344728,2.9674613856402328,9.683319746727433,0.3064508312495943,0.9138633296864009,0.08849678579529646,0.475955875730266,0.43624457633115404,1.0910298982581894,0.9959190270588976,0.01009943558116229
/home/iiitn/Datasets/FaceForensics++/original_sequences/youtube/c23/videos/297.mp4,0,17.41408326437867,10.94951241093105,1.590398057085533,0.8857547333960233,0.5138273987662391,10.210295321897206,15.510803075941048,0.6582699343101384,0.9265984250933802,0.4603400302251405,1.416570421482425,1.1102701225398552,1.2758790790856165,0.9978019605808507,0.11907666043878216
/home/iiitn/Datasets/FaceForensics++/original_sequences/youtube/c23/videos/296.mp4,0,19.919593264777248,36.75425632032265,0.5419669790397321,0.8858929175014681,0.291536653544744,14.621418404061279,22.29104578201981,0.655932366163595,0.9493605300330611,0.25754074346263733,0.776523383550486,0.543524133852631,1.4286824359505432,0.9886623834651068,0.03758718578396784
/home/iiitn/Datasets/FaceForensics++/original_sequences/youtube/c23/videos/298.mp4,0,10.411781428899204,60.6458101283072,0.1716817931341208,0.9161489076109174,0.20413110770673185,6.616325035387504,53.59691725348265,0.1234459997782351,0.886266645772681,0.18744890187485394,1.0039032390579232,0.951137075761887,1.0554769282374667,0.9975897163755825,0.03595481103937499
/home/iiitn/Datasets/FaceForensics++/original_sequences/youtube/c23/videos/299.mp4,0,9.188174845320091,61.05023379543161,0.1505018781108688,0.9041976344716439,0.030875097525987324,6.44999927713845,33.71057665261905,0.19133458746803536,0.958106697187914,0.018149339167675527,1.8949354966123957,2.031216117084084,0.9329068830611063,0.9978864161471531,0.0019481056742633575
/home/iiitn/Datasets/FaceForensics++/original_sequences/youtube/c23/videos/292.mp4,0,16.44327710116267,59.09707377507985,0.27824181555494376,0.8372398604151986,0.036522610891410665,10.579806478824397,52.19886839422164,0.202682678845114,0.8988859884033795,0.026295636200101512,0.6595447007992608,0.3984587096983668,1.655239764487859,0.9930203566160601,0.010559530864093813
/home/iiitn/Datasets/FaceForensics++/original_sequences/youtube/c23/videos/300.mp4,0,24.128309446705504,185.22307534606435,0.13026621764931293,0.912896476009831,0.16035123885667724,11.65951759089977,109.76983338011075,0.10621786725798531,0.9582444676415481,0.16933457834436688,0.9272520475714584,0.762562131148758,1.2159691777174984,0.9907832423351701,0.014457461650458745
/home/iiitn/Datasets/FaceForensics++/original_sequences/youtube/c23/videos/303.mp4,0,44.419950425665725,14.68090180995697,3.025696309441901,0.8033233718761952,0.15379778126043825,22.761123497632664,23.735346097560143,0.9589547758889589,0.8523774183950353,0.08469503317048654,0.4335393618801646,0.24118508895946356,1.7975379976870396,0.9954349311685928,0.019006021707192698
/home/iiitn/Datasets/FaceForensics++/original_sequences/youtube/c23/videos/304.mp4,0,59.63270931447667,121.52665132869652,0.4906965563725312,0.8822435635477407,0.2961668291653071,30.794028959969257,69.14387673355616,0.4453616200698888,0.94016626858295,0.29962632319452737,1.3951417989550245,0.9015196972441175,1.5475444443641944,0.99085025460528,0.06241194791294224
/home/iiitn/Datasets/FaceForensics++/original_sequences/youtube/c23/videos/294.mp4,0,9.228228845810344,22.763894703094007,0.40538883904414075,0.9308462936773116,0.16045705055981027,5.621237471960332,19.05298743202671,0.29503181545752943,0.9548546009447497,0.1462907943633595,0.5749940808167082,0.4244474737618053,1.3546884275706346,0.9921918768856962,0.00721090320634317
/home/iiitn/Datasets/FaceForensics++/original_sequences/youtube/c23/videos/301.mp4,0,44.838735356700624,52.65324157342396,0.8515854678039878,0.9297323244193341,0.21920258326581435,26.650010887993563,32.365366215132305,0.823411380883231,0.9729680240061048,0.23241980877186091,1.3157827565600388,0.9704142566850537,1.3558980069550586,0.995109139024548,0.047212454127629915
/home/iiitn/Datasets/FaceForensics++/original_sequences/youtube/c23/videos/307.mp4,0,15.92518677097371,57.41403777305866,0.2773744434056604,0.9144030203766981,0.38102183302824494,8.817360588410795,44.8915318905909,0.1964147850846427,0.9570040844645655,0.3061416789225751,0.9797227757548924,0.8069057391523201,1.2141725212961332,0.9941656386490122,0.1430104481263856
/home/iiitn/Datasets/FaceForensics++/original_sequences/youtube/c23/videos/306.mp4,0,35.45015382506833,87.01857730100285,0.4073860424360188,0.8497777977697093,0.16730773038628505,19.67782341679187,45.32721472814686,0.43412822814750457,0.9280094878696629,0.13563019917259642,1.0859413121107029,0.7320682591488933,1.4833880564269026,0.9930816157404531,0.04028069183969916
/home/iiitn/Datasets/FaceForensics++/original_sequences/youtube/c23/videos/302.mp4,0,20.410952977355326,59.85687876722802,0.34099594562438895,0.952055244301789,0.21033525445589904,12.051963942324088,62.377391651888445,0.19321045050397231,0.8722685283822962,0.17580504571615146,1.295761183210089,1.1080690958074992,1.1693866277046652,0.9914106557075447,0.03870927340297217
/home/iiitn/Datasets/FaceForensics++/original_sequences/youtube/c23/videos/284.mp4,0,5.253447764947197,2.2797251205291817,2.3044215803209376,0.8978553516423594,-0.004486688789673441,3.7130638051262412,4.434312722390774,0.8373482064937294,0.8476230034310236,0.030253372517583862,0.25808342595401684,0.17401622681233864,1.483099769956151,0.9967294150840292,-0.0038095060200062673
/home/iiitn/Datasets/FaceForensics++/original_sequences/youtube/c23/videos/312.mp4,0,88.6413829651392,495.6331504089153,0.17884474210816376,0.9235594013309499,0.2544984483305044,52.12588858409595,230.11806054037197,0.2265180249724509,0.9790397714354162,0.1609239190968748,1.7412766900666135,1.3025331738541854,1.3368386502696046,0.9915853163381678,0.04481591057097509
/home/iiitn/Datasets/FaceForensics++/original_sequences/youtube/c23/videos/309.mp4,0,39.35652257504153,60.52078333359501,0.6502976400372329,0.8654273396490302,0.08693512892218114,23.27254198291743,34.714602326455825,0.6703963295924477,0.9339259841192069,0.06652362384078113,2.13848358441623,1.5094224793800144,1.4167561525217236,0.9965289026624031,-0.002701867870860235
/home/iiitn/Datasets/FaceForensics++/original_sequences/youtube/c23/videos/315.mp4,0,8.361240710340782,2.742725288497988,3.0485155569188227,0.9442721157086501,0.21884840579242582,5.693725520930333,5.586760504440527,1.019146161072197,0.8904784084998146,0.15513860080074973,0.5439612987149008,0.3291554533172042,1.6525969514796104,0.9937721642526055,0.012295218623279815
/home/iiitn/Datasets/FaceForensics++/original_sequences/youtube/c23/videos/313.mp4,0,14.295698587488554,33.42302947082887,0.42772001263277554,0.866538022361769,0.11794062956917827,9.115416421660205,45.38848713912032,0.20083102557969224,0.85558846226317,0.04955601141330142,0.9250157284234151,0.5922603112709216,1.561839803917367,0.9887412308115106,0.00554009785416658
/home/iiitn/Datasets/FaceForensics++/original_sequences/youtube/c23/videos/291.mp4,0,2.719970567997443,1.6262139660802726,1.6725785319342048,0.875261192003928,0.06268961281608104,2.231599138113817,7.346257887136133,0.3037735909083072,0.7712786120296196,0.03795277459242021,0.03650741361052662,0.019722970060148694,1.851009939131418,0.978576167463077,0.0002050392524976591
/home/iiitn/Datasets/FaceForensics++/original_sequences/youtube/c23/videos/316.mp4,0,23.777961079054553,17.6182941233689,1.3496176708456393,0.9287184492708157,0.11209522355072847,12.77080531389386,14.376559670106525,0.8883074676376475,0.9323860298581147,0.10050314031350296,0.38662772996749273,0.23552544114653598,1.641553999794638,0.994534367722804,0.010645428932218605
/home/iiitn/Datasets/FaceForensics++/original_sequences/youtube/c23/videos/308.mp4,0,5.231560041050716,118.43500797373258,0.044172412621536795,0.8211870164456491,0.09336103571074687,3.861841448269345,68.53084822620947,0.05635186997134514,0.8551970351670183,0.08608787983935332,0.5450093429971871,0.40816378285736454,1.335271197218505,0.9869353098474832,0.013201879792654575
/home/iiitn/Datasets/FaceForensics++/original_sequences/youtube/c23/videos/311.mp4,0,8.633095817627114,238.75697482899895,0.03615850730145269,0.9072016991888683,0.04329022569311086,4.682923018734317,111.405055658844,0.042035103263848676,0.9320115565699228,0.060545165496872014,0.3582070185982676,0.2798539284773471,1.2799785250370814,0.988483814888354,-0.0006895343833558671
/home/iiitn/Datasets/FaceForensics++/original_sequences/youtube/c23/videos/305.mp4,0,1.6668772844650694,32.76491221171029,0.05087385168910424,0.9266007633190781,0.011260588203931802,1.3385917559054974,23.887075452493967,0.05603832744479985,0.9347425244319121,0.009768226610262219,0.7688888240790311,1.4438442456787912,0.5325289250417418,0.9981221471904006,-0.005020822995730334
/home/iiitn/Datasets/FaceForensics++/original_sequences/youtube/c23/videos/318.mp4,0,17.065786921123216,55.4216742281792,0.30792622487117327,0.8352252012956173,0.11550074964634628,11.430755329689097,39.5472079810506,0.2890407670540547,0.9307759096846483,0.09939516166576405,1.6041587513812436,1.2580220276010106,1.2751436113088574,0.9963230219423442,0.007893815148823037
/home/iiitn/Datasets/FaceForensics++/original_sequences/youtube/c23/videos/310.mp4,0,9.480486339509236,81.00500365247086,0.11703581151829325,0.945365733866418,0.05847324468551468,7.995848156614073,58.341755432361786,0.13705189529108391,0.9587297597040764,0.07196414950494326,0.8268690615939006,0.6704360782448471,1.233330198694831,0.9899144109027805,0.0016242149263355752
/home/iiitn/Datasets/FaceForensics++/original_sequences/youtube/c23/videos/317.mp4,0,28.264619451165174,39.98766619060034,0.7068334350007445,0.8707121133273658,0.1497757221491776,16.113297050457962,19.951361059251216,0.8076289633877591,0.9235279492353717,0.10287397914825983,0.816218958176426,0.47829690261966334,1.7065110681376807,0.9909504811393429,0.0045679924865319075
/home/iiitn/Datasets/FaceForensics++/original_sequences/youtube/c23/videos/314.mp4,0,5.719923339997314,18.077254601282355,0.31641548820093274,0.8300770247690155,0.24933697513606567,3.3925751444620666,11.878232839823298,0.2856127835016017,0.9078064872420798,0.2732200047692295,0.2879092431044566,0.19921055995266257,1.445250910257323,0.9870035181291259,0.022541466037089196
/home/iiitn/Datasets/FaceForensics++/original_sequences/youtube/c23/videos/321.mp4,0,59.52492803140458,226.25966803381107,0.263082362617581,0.8984042445800414,0.10730051900027317,33.02025132604577,130.83935713636157,0.252372466884195,0.9547811899820985,0.08012981011515556,2.8746691769080743,2.5712000846794845,1.1180262454239998,0.9967827708004832,0.010225380901639032
/home/iiitn/Datasets/FaceForensics++/original_sequences/youtube/c23/videos/295.mp4,0,1.544112826680107,4.014287615176437,0.3846542586640842,0.6576494665541764,-0.01199400028290061,0.9826972764811638,7.957337463076665,0.12349573975479089,0.6083553284062123,-0.00853597800678246,2.398068791467134e-05,1.37775757300223e-05,1.7405593251369866,0.9895501382136997,0.006079597790226612
/home/iiitn/Datasets/FaceForensics++/original_sequences/youtube/c23/videos/323.mp4,0,67.85257829410125,56.581716076531194,1.1991961891421838,0.8307105588239905,0.1728528171696036,40.91012805860969,34.436172290895676,1.18799870418309,0.9141842589878136,0.17668114981456184,0.5627060743229524,0.2912718880314748,1.9318928377397906,0.9921724539293155,0.02639943776290992
/home/iiitn/Datasets/FaceForensics++/original_sequences/youtube/c23/videos/319.mp4,0,14.066602103508908,56.01585064454875,0.2511182449547933,0.8865177290284998,0.12419059027523414,9.48504431482683,39.11181673209254,0.2425109623466822,0.9271131592177865,0.10794261715722415,1.034627362158293,0.7040110278162702,1.4696181185791108,0.9919654221533705,0.01757602284827547
/home/iiitn/Datasets/FaceForensics++/original_sequences/youtube/c23/videos/327.mp4,0,46.61145586104155,71.54855948782402,0.6514660280333636,0.7967748362382926,0.25868731386499627,25.641193313949667,44.581393453003706,0.5751545954026718,0.866177850970585,0.22087192896114524,0.5054624595050831,0.2737523367692371,1.8464224469110884,0.9902909204421532,0.03317833596695064
/home/iiitn/Datasets/FaceForensics++/original_sequences/youtube/c23/videos/329.mp4,0,20.0341584658393,35.01673584399228,0.5721309534702534,0.9023025118181521,0.5497291611529533,12.184362330802472,27.397352157152284,0.44472773357485396,0.9601975494508292,0.5842551638790673,1.8304667739850224,1.4951721613762252,1.2242515084685477,0.9944159946078551,0.16417574647310362
/home/iiitn/Datasets/FaceForensics++/original_sequences/youtube/c23/videos/326.mp4,0,9.873497835140656,128.17425626329685,0.07703183246765573,0.8492939938097458,0.008945573507565719,6.661502463077965,63.71742774362074,0.10454757354427104,0.9086552214206022,-0.003002197900887812,0.7191116194804785,0.5511580685736616,1.3047284626377018,0.9852285916804692,-0.020740531515008143
/home/iiitn/Datasets/FaceForensics++/original_sequences/youtube/c23/videos/324.mp4,0,19.964630680512034,15.75724299482988,1.267012934119417,0.8672861954079869,0.054473770542378036,12.042653568629525,31.240884268652962,0.3854773592536591,0.8558588739957149,0.044822843556041374,0.9129029029259297,0.5699442047760259,1.6017408287968786,0.9940911659276677,0.0018876889485996862
/home/iiitn/Datasets/FaceForensics++/original_sequences/youtube/c23/videos/322.mp4,0,13.919028277740887,49.61931770737194,0.2805163174517601,0.9089481539539536,0.10261117936007919,7.610036970769149,33.3344167831169,0.2282936887806435,0.9416937205698179,0.07339420291478363,0.4021094756466462,0.2537017584868167,1.5849692096932837,0.9907034001130076,-0.004546179865911045
/home/iiitn/Datasets/FaceForensics++/original_sequences/youtube/c23/videos/333.mp4,0,30.07035722827149,58.841279881954996,0.5110418619139051,0.9524840909643153,0.34204415373759545,18.680473341437036,45.37294232791513,0.411709542802652,0.9761181768382009,0.3194828120330733,1.877880975154156,1.6268220998305918,1.1543247263174679,0.9950568272268022,0.0582864712160439
/home/iiitn/Datasets/FaceForensics++/original_sequences/youtube/c23/videos/320.mp4,0,7.386737242698906,4.39179313383388,1.6819410699908233,0.8874106912836366,0.016578856599804702,4.8293738895732,11.347533134572862,0.4255879962896434,0.846098191067734,-0.012993652607538448,0.2587753042334788,0.1557425409107851,1.661558253256665,0.9809259722200273,-0.008332854818689532
/home/iiitn/Datasets/FaceForensics++/original_sequences/youtube/c23/videos/328.mp4,0,6.377533181339388,1.6402914881112303,3.888048695956483,0.876638483335277,0.045643088775901695,4.548283120452029,1.6746449487004942,2.715968614112171,0.9219711904806674,0.030858436159613787,0.2572564759173391,0.16352169591712326,1.5732253415945665,0.9916801053056092,0.008380461065744634
/home/iiitn/Datasets/FaceForensics++/original_sequences/youtube/c23/videos/336.mp4,0,16.459640993274697,17.639319091757145,0.9331222428515559,0.8876057832552126,0.1006982466900302,11.749756071262151,13.053680020850003,0.9001106241684217,0.951225380613058,0.08113794139253196,1.1203038417295823,0.75335448030573,1.4870872491193456,0.9943559889531213,0.007951421296524104
/home/iiitn/Datasets/FaceForensics++/original_sequences/youtube/c23/videos/337.mp4,0,27.18726957692249,30.929630414580753,0.8790040234074684,0.9267520684635079,0.358520611291069,13.155671086919533,20.674485229469298,0.6363239974733451,0.9637824012596815,0.3371265676148441,1.6880409951466326,1.1271386846906846,1.4976338032527683,0.9937346599035934,0.06923919607698607
/home/iiitn/Datasets/FaceForensics++/original_sequences/youtube/c23/videos/330.mp4,0,3.9983846582094604,8.031880565051685,0.49781425729949597,0.8529862292170544,0.09373554322666522,2.5958413355046193,5.496094417482876,0.4723065395760565,0.8840799101702049,0.0685225929546291,0.22301405040913255,0.1468258441801444,1.518901877625242,0.9919632652220374,0.0008107748226908764
/home/iiitn/Datasets/FaceForensics++/original_sequences/youtube/c23/videos/339.mp4,0,10.62772040782639,14.905971456320984,0.7129840841953061,0.8991502419415306,0.13765497892073272,8.370021234697495,13.320689473244672,0.6283474478936798,0.8937486192310523,0.1378872402791362,0.1470008587697494,0.07176559109883622,2.0483473558700083,0.9726646051434034,0.00349719551105005
/home/iiitn/Datasets/FaceForensics++/original_sequences/youtube/c23/videos/334.mp4,0,78.66999081628758,119.57385853247693,0.6579196471687025,0.9164471271188407,0.1872667299617075,45.28117408272169,88.1762263100659,0.5135304149158462,0.9632770941606058,0.16146392950806723,2.259013451034465,1.706910672468533,1.3234514772630024,0.9925139542790054,0.02317736753280422
/home/iiitn/Datasets/FaceForensics++/original_sequences/youtube/c23/videos/338.mp4,0,40.1394719650662,139.16743636443798,0.2884257482472617,0.8550243818079138,0.2621972957713722,22.334093834241475,72.25911630929176,0.309083406703239,0.9450819457798499,0.23174580699458175,1.1588755116016363,0.9295277661805642,1.2467357660153213,0.989024921846395,0.05353309501538991
/home/iiitn/Datasets/FaceForensics++/original_sequences/youtube/c23/videos/331.mp4,0,47.21108783278034,48.72252152004025,0.9689787465815324,0.876730802738157,0.06936161232200169,23.5147561305207,40.75610811024157,0.5769627479374483,0.9450400731347876,0.04275170659037213,0.4073614913961568,0.24111524306918963,1.6894887532235434,0.9898441475646934,0.004752286928477012
/home/iiitn/Datasets/FaceForensics++/original_sequences/youtube/c23/videos/343.mp4,0,5.734594498229405,53.52035938563899,0.10714790715265932,0.7746696073299933,0.3224498075869662,3.24622608935179,26.11815238968322,0.12429003556293143,0.833966903567863,0.3407579411204517,0.7459712621191623,0.5783149804209671,1.2899047878305951,0.9943464141513217,0.06583266208744909
/home/iiitn/Datasets/FaceForensics++/original_sequences/youtube/c23/videos/332.mp4,0,4.530407558746265,85.9160836243238,0.05273061070329858,0.9201609332441816,0.022706928036035735,3.462349363440419,81.38870903784319,0.042540905297202045,0.9402696530194623,0.027578672885721908,0.769746454692704,0.9378085004527138,0.8207927890620738,0.9944837006108114,-0.00011191063814378187
/home/iiitn/Datasets/FaceForensics++/original_sequences/youtube/c23/videos/335.mp4,0,7.0628311680966815,20.323481222175538,0.3475207367717211,0.9572349306185988,0.06258827872798531,3.670041478656169,19.570190582813083,0.1875322298536668,0.9355492466622776,0.06959683643079197,0.7620353958224904,0.8706060486251395,0.8752930180371434,0.9978653539116249,0.014729943270793024
/home/iiitn/Datasets/FaceForensics++/original_sequences/youtube/c23/videos/346.mp4,0,33.70491774288638,183.26346892678785,0.18391509197259165,0.9155733399576104,0.09524066735913664,18.261003390728767,106.9478765758957,0.17074675978040407,0.9638166471724295,0.06140539950311201,1.6750707877921613,1.4963059735572835,1.1194707615915525,0.9954363926458344,0.0006853101956630962
/home/iiitn/Datasets/FaceForensics++/original_sequences/youtube/c23/videos/345.mp4,0,29.981628774783875,56.851715579567255,0.527365418424759,0.8325512179059654,0.3956198423805243,16.736720667356682,36.49526258041423,0.45859981498910257,0.9412035231493299,0.38804614353787814,0.7867782217443778,0.48720741184230865,1.614873260587894,0.991696311699953,0.05714109278374283
/home/iiitn/Datasets/FaceForensics++/original_sequences/youtube/c23/videos/348.mp4,0,62.90473160320539,53.04994533033342,1.1857643059103606,0.9355340927271066,0.3790926782297718,33.01238882962959,39.88392272988306,0.8277116835575211,0.9510235508264753,0.35191742655388203,0.6179739626517968,0.3395217532997039,1.820130688669885,0.9804031537463566,0.13694726864654894
/home/iiitn/Datasets/FaceForensics++/original_sequences/youtube/c23/videos/347.mp4,0,7.7116516359666045,60.14917853553925,0.12820876068008413,0.8897857077840351,0.09613229300511161,5.363050708962713,37.298373583743945,0.14378779002042424,0.9367030057961084,0.07343478033880191,1.184031565497211,1.402898563271066,0.8439894348002366,0.9971438285064013,0.013056336023588837
/home/iiitn/Datasets/FaceForensics++/original_sequences/youtube/c23/videos/325.mp4,0,6.452256635872265,130.20583708327763,0.04955428097855169,0.8820164031185727,0.0909844280100394,3.7999343888936483,91.20187221890146,0.0416650919158008,0.9083665687096732,0.04828746077840115,0.6989879253574942,1.037927219869242,0.6734459911799525,0.9927707728250954,0.001876394083709716
/home/iiitn/Datasets/FaceForensics++/original_sequences/youtube/c23/videos/342.mp4,0,12.213887375865744,40.509580160259006,0.30150614564620687,0.7641766109663509,0.03809943592409876,7.0253574013376365,28.871868488985807,0.2433288099804731,0.8549729286344991,0.04842723352467395,0.009953171921042484,0.005248499627413657,1.8963842293244448,0.9850744168080316,-0.0032705528668615937
/home/iiitn/Datasets/FaceForensics++/original_sequences/youtube/c23/videos/350.mp4,0,25.809738118312904,40.68287049856687,0.6344129065136173,0.9533501523159217,0.14770843596202707,14.5257610807541,41.66874215376142,0.3486009015379617,0.9489263839630615,0.1399321437654292,1.7503271698333374,1.827531161364049,0.9577550341340897,0.9963936600492035,0.03444626045437862
/home/iiitn/Datasets/FaceForensics++/original_sequences/youtube/c23/videos/341.mp4,0,4.590931979493319,94.3670053907747,0.04864975804289036,0.8561704196075403,0.07316486136671854,3.436522241853583,61.62471106008294,0.05576532827071657,0.9098978039281828,0.071401584788138,1.4829206755869795,5.516933818849498,0.26879435648119265,0.9878988552595369,0.004295176836960214
/home/iiitn/Datasets/FaceForensics++/original_sequences/youtube/c23/videos/351.mp4,0,59.657775609415204,33.057623895217496,1.8046601231386747,0.9282083127391288,0.10767492931247054,29.78064375590668,20.50442411953874,1.4524008858911865,0.9549663744555853,0.08529798919301286,0.8498391904764321,0.5100939978678971,1.6660442860112252,0.9933081852818558,0.010999996377999855
/home/iiitn/Datasets/FaceForensics++/original_sequences/youtube/c23/videos/352.mp4,0,14.9542155842354,51.35501205026105,0.29119291354853033,0.9476527630625949,0.3007380673891148,7.472835743403475,45.08759530315862,0.16574039252166467,0.9522655805674942,0.2742265767631343,1.2803997131091658,1.4242941971650964,0.8989713751959834,0.9972392985216154,0.03980180244342776
/home/iiitn/Datasets/FaceForensics++/original_sequences/youtube/c23/videos/344.mp4,0,0.39285660961543156,87.08706168021878,0.004511078936822899,0.5583179919785832,0.054894674460778156,0.3350350722992568,73.94706352572972,0.004530742078523268,0.6567671751147993,0.09432404154255028,0.2642328437534707,0.37231150367230964,0.7097090504784282,0.9959134328108856,-0.011577879916264399
/home/iiitn/Datasets/FaceForensics++/original_sequences/youtube/c23/videos/357.mp4,0,7.623310937417583,69.33924720506865,0.10994222240215386,0.9185388378147404,0.1800342741424455,4.418069063111153,37.2678348655763,0.11854912095234307,0.9529716135081392,0.15307741501910072,0.8268145220955304,0.8337194749602759,0.9917178942412561,0.9954025149542322,0.03325164378862327
/home/iiitn/Datasets/FaceForensics++/original_sequences/youtube/c23/videos/359.mp4,0,25.76181543856249,22.901704675828494,1.1248863699544902,0.9183033792329091,0.03646368010424705,17.282627018021703,15.96603067582734,1.0824623457718703,0.9380550513360312,0.05727210167829945,1.1283997985199425,0.658967269606169,1.7123760929648741,0.9937208941820067,0.004084064032169339
/home/iiitn/Datasets/FaceForensics++/original_sequences/youtube/c23/videos/349.mp4,0,70.81433714079085,40.79225518974843,1.7359750475033144,0.869428875780066,0.17305549950309945,36.850927160709496,43.08463056554194,0.8553149157134002,0.9436529831179223,0.15546354537949678,0.5572363427691364,0.3276199069994644,1.70086228237055,0.9935953309506539,0.015800575495753887
/home/iiitn/Datasets/FaceForensics++/original_sequences/youtube/c23/videos/358.mp4,0,7.945859828478246,46.45641211449697,0.17103903351155905,0.8646197537115259,0.17261343354778325,4.651227273539973,28.083823682407672,0.16561944435129056,0.9180857496054452,0.14628580244017214,0.6857603707445549,0.5554161519649495,1.2346784808444515,0.9956645581572103,0.051868732433487046
/home/iiitn/Datasets/FaceForensics++/original_sequences/youtube/c23/videos/353.mp4,0,6.935431236209318,42.9541232092594,0.16146136198432012,0.8803500621661486,0.15893478773360445,4.484439658121962,48.115236887623816,0.0932020696187292,0.8857282006356382,0.1212721295204859,0.49777629914056526,0.32291755886531953,1.5414965382795265,0.9923877052617528,0.05724431608804493
/home/iiitn/Datasets/FaceForensics++/original_sequences/youtube/c23/videos/340.mp4,0,6.466459684855063,6.014659314564441,1.07511653556114,0.910571881831482,0.22890827703360814,4.289690971042826,14.81193753160764,0.2896103876949876,0.8531091643080869,0.18432187968054303,0.25239520394693044,0.17292388916857468,1.459573949906269,0.9936898656603411,0.009085610748707432
/home/iiitn/Datasets/FaceForensics++/original_sequences/youtube/c23/videos/354.mp4,0,8.339237903091968,30.038322706799647,0.27761995849402904,0.8902103077767727,0.003940491040502996,5.223589501092725,19.262908940828236,0.27117345137946386,0.9158473612192964,0.011486389903199197,0.19402493829267842,0.12263969852603235,1.5820728575216887,0.990229812260957,0.006559505493987772
/home/iiitn/Datasets/FaceForensics++/original_sequences/youtube/c23/videos/363.mp4,0,15.855480764461978,123.3289209618041,0.12856255159625163,0.9720951412056742,0.007143980645810125,10.239779626813972,81.20380308484222,0.1260997544180953,0.9784846392228129,0.030539252250344567,2.7387129282813056,4.434492808144633,0.6175932731813738,0.9949705702557342,0.00040690759914381895
/home/iiitn/Datasets/FaceForensics++/original_sequences/youtube/c23/videos/365.mp4,0,69.5562182425205,197.46757930793981,0.3522412058034672,0.8386106180379693,0.3299155779775379,38.37544465331413,112.15234171274555,0.3421724777856596,0.9316214021893047,0.3103577691726974,1.9540561853534968,1.2774340014637586,1.529672909218343,0.9941632742753791,0.11609506527205671
/home/iiitn/Datasets/FaceForensics++/original_sequences/youtube/c23/videos/366.mp4,0,97.47273950250758,180.44734427324934,0.5401727572942594,0.9238183169484433,0.36356125431462355,52.97130126458304,104.81064291911984,0.5054000222616692,0.9664502942124363,0.3600531699954058,2.8956906674847076,2.4022185482150733,1.2054234905630465,0.9945166919473899,0.1073052127001132
/home/iiitn/Datasets/FaceForensics++/original_sequences/youtube/c23/videos/360.mp4,0,3.4053864173969046,0.5895272650172952,5.776469757165513,0.8681942115437757,0.10126569682003424,2.6057279574346452,0.5687251524854237,4.58169987039817,0.8936647890819843,0.04478113663596981,0.21585835919846139,0.14237368458679997,1.5161394454665569,0.9929106015830463,-0.007877967581097321
/home/iiitn/Datasets/FaceForensics++/original_sequences/youtube/c23/videos/356.mp4,0,7.563610299197625,67.77938736462384,0.11159160023841269,0.8669269920013937,0.05273405268662239,5.028020351499762,60.325288674706066,0.08334846731712323,0.9178067459796709,0.06515428165999863,0.3970215565629855,0.28559318639831116,1.3901646659359281,0.993744266731268,0.0033100988049201215
/home/iiitn/Datasets/FaceForensics++/original_sequences/youtube/c23/videos/364.mp4,0,16.831259784482665,20.812062397068406,0.8087261830837833,0.8678158562388778,0.1242509055352516,9.578675287725115,16.90149461157711,0.5667353987240843,0.9535827818816675,0.08862088507794165,0.7071848971682391,0.4728860331300298,1.495465815489171,0.9934367899767739,0.01842445752464969
/home/iiitn/Datasets/FaceForensics++/original_sequences/youtube/c23/videos/367.mp4,0,59.85902982568596,15.156036311362177,3.9495174461155678,0.9531189748033454,0.07516235002894472,29.743367063512228,28.944427687773665,1.027602528001479,0.9457893251703599,0.05607563558795475,1.2482296301788451,0.8661509306206311,1.4411225411770205,0.9979778636089834,0.013521247411049242
/home/iiitn/Datasets/FaceForensics++/original_sequences/youtube/c23/videos/361.mp4,0,4.436445074663367,14.078595840397304,0.3151198546330433,0.9419151221495982,0.058653748079992046,3.942611408867672,13.585538257333079,0.29020649268272936,0.9550590185813176,0.048399425855177626,0.6391891296666916,0.6747839956991203,0.9472499847961716,0.9930781540509738,-0.0010626176225304357
/home/iiitn/Datasets/FaceForensics++/original_sequences/youtube/c23/videos/369.mp4,0,19.161289207931542,67.308453171598,0.2846787930051108,0.9567270250025377,0.2190203090946567,12.08371662927709,54.37918585095949,0.22221216519121315,0.9516543740525765,0.2095972781563622,2.510989884898147,2.6163633526319416,0.9597252164429708,0.9955296600975744,0.04343805189117122
/home/iiitn/Datasets/FaceForensics++/original_sequences/youtube/c23/videos/362.mp4,0,8.326313223312416,3.7735889442837873,2.2064706427352325,0.8646582951967979,0.07365735366802988,6.102698658127042,4.077191827487012,1.4967896818061799,0.8008760261718666,0.042118721762571615,0.07912021809210472,0.043125539763953,1.83464876092376,0.9882422322094411,-0.011305472468222886
/home/iiitn/Datasets/FaceForensics++/original_sequences/youtube/c23/videos/368.mp4,0,4.957274263775365,6.468368161012812,0.7663871536649143,0.8996307681270305,0.11631126874585432,3.6200406436094394,38.092431325702364,0.09503306871270421,0.7321411011319837,0.05311028470543721,0.41641742040043167,0.2953921798803268,1.4097103740834853,0.9962846101157741,0.006735440762343422
/home/iiitn/Datasets/FaceForensics++/original_sequences/youtube/c23/videos/371.mp4,0,42.514092124541975,75.20204906188079,0.5653315654944298,0.8811287438597649,0.09775000100448983,24.762945911217408,47.46497308376051,0.5217098905232438,0.9202339186644752,0.051883587321411476,1.0166149646238831,0.6388104880235087,1.5914187128788513,0.9909793576911907,0.012424947050583774
/home/iiitn/Datasets/FaceForensics++/original_sequences/youtube/c23/videos/372.mp4,0,24.885362629519367,4.424884095095114,5.623958073185293,0.7693589638040006,0.09807847532658133,17.571874417020716,4.242443628460527,4.14192290008037,0.8000892452961271,0.11257143983329235,0.30664397804797383,0.141124585104759,2.1728600854369007,0.9927041968554852,0.003550388847027572
/home/iiitn/Datasets/FaceForensics++/original_sequences/youtube/c23/videos/379.mp4,0,93.97255003459598,326.42753800017755,0.2878818086559378,0.894610776233142,0.35835265487000434,55.319518123583606,232.42602105267306,0.23800914318043132,0.9181435987627623,0.326177755736575,2.207635209900731,1.4705551757133364,1.50122569105906,0.9861405292231317,0.08026178314878156
/home/iiitn/Datasets/FaceForensics++/original_sequences/youtube/c23/videos/377.mp4,0,15.220607816194809,45.21779792863938,0.33660656894913954,0.9224600107598527,0.22179269551285585,8.402821047647954,27.73449664112991,0.30297362726196647,0.9648351897801156,0.164746249979954,0.9101470943552458,0.8270232354693595,1.100509701929609,0.9978952678467289,0.05265957185015911
/home/iiitn/Datasets/FaceForensics++/original_sequences/youtube/c23/videos/380.mp4,0,12.623914093983567,10.072435663173009,1.2533129539004466,0.9266954566813217,0.3120127685283349,6.808953285491746,7.362733917510383,0.9247860050053403,0.9448046160460161,0.258423733528309,0.8132535207269384,0.5879125289653453,1.3832899975072241,0.9973920711892919,0.043483054991972594
/home/iiitn/Datasets/FaceForensics++/original_sequences/youtube/c23/videos/382.mp4,0,36.18585228405254,170.0810624803693,0.21275650420063136,0.9210534978310472,0.49008948846177564,20.671643373311138,97.87136183944206,0.21121238107652945,0.9643617923747225,0.44192155783399195,2.5347912076077583,2.2821158720819823,1.1107197660806152,0.9879562891071324,0.2437938317656199
/home/iiitn/Datasets/FaceForensics++/original_sequences/youtube/c23/videos/376.mp4,0,40.80893327101092,44.357208827616354,0.9200067891919225,0.8413273473080404,0.04796106547468941,21.97905416239575,45.26955046170314,0.4855151848920934,0.9319937401290284,0.011480389464661877,0.35548263183142315,0.20658515930572827,1.7207559005017365,0.9923143808028416,-0.009544618520752517
/home/iiitn/Datasets/FaceForensics++/original_sequences/youtube/c23/videos/381.mp4,0,69.54547738587398,24.328050512774862,2.8586539373286435,0.8359671183151489,0.12486996772169749,41.65329909125605,19.924500448391097,2.090556759460414,0.9027605899411689,0.10923374719822865,0.5208976051103096,0.262877326238359,1.9815235211194882,0.9937027859105477,0.02963599023966738
/home/iiitn/Datasets/FaceForensics++/original_sequences/youtube/c23/videos/375.mp4,0,8.866473285723215,27.773321052328196,0.319244258510451,0.8785042344949909,0.12396783314093077,6.010907816266336,19.229438004307593,0.3125888450260393,0.9232016182223646,0.07125536347129549,0.08468948693122824,0.04854217298200129,1.7446579279141425,0.986025116922506,-0.0023376174519001043
/home/iiitn/Datasets/FaceForensics++/original_sequences/youtube/c23/videos/355.mp4,0,5.7055664340951155,3.4800947408008613,1.639485950541138,0.8444172699433539,0.05111592792341701,3.430229210905583,6.921210138685029,0.49561119257640357,0.8562421406731279,0.014434150367427689,0.10409316443821753,0.06820860059224616,1.5261002796478815,0.9950806539965497,0.004164096935215238
/home/iiitn/Datasets/FaceForensics++/original_sequences/youtube/c23/videos/374.mp4,0,34.999037915464704,99.66809258494061,0.35115589159727634,0.8182921882750072,0.053660687354252536,18.440952599447993,62.125806162370544,0.2968324073131728,0.9183866954353763,0.03736922771873878,0.4073973583290162,0.2379521932280486,1.712097513379819,0.9914923489784898,0.01516121366869252
/home/iiitn/Datasets/FaceForensics++/original_sequences/youtube/c23/videos/373.mp4,0,4.296270664898378,5.758637849086234,0.7460567546507719,0.9017536749077794,0.01602468345738962,2.1821625574986183,3.722125738435229,0.5862678240461573,0.9324263113051229,-0.01720972051159306,0.3792443519767453,0.3462070736300245,1.0954263527903134,0.9959351021718631,-0.013643673110170328
/home/iiitn/Datasets/FaceForensics++/original_sequences/youtube/c23/videos/378.mp4,0,3.837916951999055,9.043311656728575,0.4243928659854928,0.9062208550539773,0.0466923085152974,3.0973394681488657,7.10153812411324,0.43615050908927233,0.9317937871239866,0.0332790862388861,0.4297527164632598,0.4886209718767374,0.8795216357837213,0.9972232841196522,0.006206800714695611
/home/iiitn/Datasets/FaceForensics++/original_sequences/youtube/c23/videos/388.mp4,0,8.939577553181632,138.85668055852585,0.06437988807757611,0.9227602921334865,0.22701926681696016,5.202093946340589,71.2786271640275,0.07298252159612233,0.9413722127108279,0.19038487643692115,1.0934189716875495,1.2333660226268932,0.8865324255963558,0.994090266772414,0.050547684159637375
/home/iiitn/Datasets/FaceForensics++/original_sequences/youtube/c23/videos/391.mp4,0,16.628403404933586,65.13037895871683,0.25530948338982595,0.934451535275683,0.17131588711670023,9.861543082179734,48.307883597228766,0.20413941468438607,0.9645760161511806,0.16569304323948653,0.9755885255807653,0.7634464800657951,1.2778741549724448,0.9967272390772147,0.01584947402429716
/home/iiitn/Datasets/FaceForensics++/original_sequences/youtube/c23/videos/385.mp4,0,5.9130417632853165,4.34170913498692,1.3619156833045496,0.9211522695869121,0.10643378344953644,4.367850818012149,3.975261059930393,1.0987582330224699,0.942648327066555,0.057953184756097,0.6176715718899688,0.6169430246327193,1.0011808987672455,0.9976812676873125,0.009430612523716849
/home/iiitn/Datasets/FaceForensics++/original_sequences/youtube/c23/videos/387.mp4,0,1.3311118880973396,0.24647861148020142,5.400516824171829,0.7889194627530753,0.062089834056044825,1.0760291044164598,0.6467905852191577,1.663643734164528,0.7144795197180329,0.07531689976274303,1.541527235485669e-27,2.5438657494979173e-27,0.0,0.0,0.0
/home/iiitn/Datasets/FaceForensics++/original_sequences/youtube/c23/videos/370.mp4,0,10.858340165066622,5.800276804843359,1.8720382716907007,0.9387271471164849,0.08807776349862297,6.625743468788832,8.609221667941775,0.7696100442460628,0.8510523987437263,0.07745307733329465,0.4937905596913765,0.3076153670295121,1.6052207159208762,0.9947321695042025,0.019002355850091822
/home/iiitn/Datasets/FaceForensics++/original_sequences/youtube/c23/videos/393.mp4,0,60.62089181007733,134.1258551610645,0.45197021660947456,0.9673052081519605,0.3640717337306602,29.739843001048104,81.42175879977877,0.3652567009044873,0.9701694607253786,0.3564696654126379,1.2859836135837523,0.962019697769397,1.3367539319262585,0.9889087082939089,0.07885031543689698
/home/iiitn/Datasets/FaceForensics++/original_sequences/youtube/c23/videos/390.mp4,0,23.01203226863812,33.241302886765716,0.6922722718488825,0.9544655508314216,0.03396693704297089,16.446473929241247,19.277320172465647,0.8531514641092189,0.977780127330074,0.018495828192597687,0.24819473564543407,0.17047875513695251,1.455869005179262,0.9794755542076823,-0.008488040437146472
/home/iiitn/Datasets/FaceForensics++/original_sequences/youtube/c23/videos/398.mp4,0,19.4520392163213,36.39350734987109,0.5344920188460538,0.9015078136709477,0.0968583524221009,11.556083751827742,22.51097911404874,0.5133532261426947,0.923601549767724,0.10370381074757297,1.3931976736931115,1.1240951723590726,1.2393947665207825,0.9967645581497454,0.009011622275823805
/home/iiitn/Datasets/FaceForensics++/original_sequences/youtube/c23/videos/394.mp4,0,2.7803873973514612,6.265127128302578,0.44378786581857543,0.8931815076099893,0.021979902108840522,1.857659987765043,5.969480370583303,0.311192913359647,0.9034596852430826,0.017648924821519304,0.47336062264512596,0.395120393253743,1.1980161761509935,0.9958743684566719,-0.002971052826291685
/home/iiitn/Datasets/FaceForensics++/original_sequences/youtube/c23/videos/395.mp4,0,6.436179354917751,15.640788857299256,0.4114996637087208,0.9293624040753148,0.20699756003719094,3.8510707497545433,15.298059328175924,0.2517359010800574,0.9456363018712336,0.21772277533054366,0.6142915976465743,0.5568969623945806,1.103061498136396,0.9961886081764478,0.03233490833805432
/home/iiitn/Datasets/FaceForensics++/original_sequences/youtube/c23/videos/396.mp4,0,5.12301304361815,24.19792337789603,0.21171292113015974,0.7862594153636117,0.0892135274613686,3.741291561163146,18.02324613744526,0.20758144968071013,0.8135034349326912,0.11716911180148293,0.02496522972873158,0.0134448116249117,1.856867200911455,0.9689749882043371,0.0038691382410095026
/home/iiitn/Datasets/FaceForensics++/original_sequences/youtube/c23/videos/383.mp4,0,4.149740771669599,4.589337604621543,0.9042134462914077,0.9223819844253162,0.08587852227676471,2.567626276834945,11.244039586230947,0.22835443233223487,0.835061124212055,0.10600164970581691,0.623655201520357,0.6020482650470714,1.035889043665953,0.9977888103017456,-0.0029671993584303507
/home/iiitn/Datasets/FaceForensics++/original_sequences/youtube/c23/videos/384.mp4,0,5.077006399008565,35.64875457128554,0.14241749705045817,0.8954140161776305,0.1932502381767222,2.854020671728611,36.105258032033795,0.07904723099323728,0.9177166194942776,0.18159283105041774,0.34372342237497083,0.30723727149767505,1.1187556141852142,0.9964766992922311,0.0011790674313345247
/home/iiitn/Datasets/FaceForensics++/original_sequences/youtube/c23/videos/389.mp4,0,9.843184005548565,6.118227656185397,1.608829314417112,0.911322643058301,0.13601985620487742,6.477642985071522,8.743009682733272,0.7408939507254964,0.8327868457263699,0.0918389649223701,0.5462888150592399,0.3517688960118039,1.5529764605478613,0.9970650374065363,0.006701114833572701
/home/iiitn/Datasets/FaceForensics++/original_sequences/youtube/c23/videos/386.mp4,0,3.21987633455283,1.1135287402751328,2.89159697284262,0.8033250950179103,0.017110039697603767,2.0591935232125507,3.908831910612935,0.5268053398821269,0.7333114261461151,0.01049897221147885,0.02325666306448187,0.012781597899418556,1.8195426931354048,0.9864343823284744,0.006644435379822381
/home/iiitn/Datasets/FaceForensics++/original_sequences/youtube/c23/videos/403.mp4,0,5.944371078223557,21.053367380402673,0.2823477580007851,0.9538417044244932,0.2608988350645544,3.9852108834242626,13.662223659334032,0.2916956260411947,0.9364787919059866,0.2699529189166128,1.4430771142184637,1.71076525071555,0.8435272540255759,0.9943571803748634,0.04221850277305042
/home/iiitn/Datasets/FaceForensics++/original_sequences/youtube/c23/videos/392.mp4,0,20.791337698972445,13.73247968610878,1.5140264667570649,0.9123294702883493,0.025433598541213902,12.69127119646525,9.748756854344167,1.3018348273615894,0.9461204290328539,0.019983661329730593,0.7301492344229299,0.5104159092452555,1.4304985820339944,0.9948730454751352,0.01015886535404579
/home/iiitn/Datasets/FaceForensics++/original_sequences/youtube/c23/videos/400.mp4,0,15.82128238804473,14.540495714447692,1.0880841134133017,0.8644747079025498,0.08570271561579906,9.594908317212585,10.588203781429117,0.9061884825111985,0.9130531306121815,0.021250652359276513,0.3626819388833609,0.23622623311188906,1.535316099764313,0.9914865756179972,-0.001391443430881329
/home/iiitn/Datasets/FaceForensics++/original_sequences/youtube/c23/videos/405.mp4,0,20.74732940416526,138.96978064211643,0.14929381991035207,0.9578807106544355,0.16995051468036212,11.452062383286155,104.05187700402799,0.11006108407677095,0.9581375230644656,0.12094095193946147,1.2480232859641978,1.4158969388698168,0.8814365309387436,0.9953440232638808,0.008115102876992448
/home/iiitn/Datasets/FaceForensics++/original_sequences/youtube/c23/videos/399.mp4,0,7.224830424045375,3.410963904746661,2.1181198704540316,0.898686209387623,0.03556421134325549,6.24467168455692,5.552002389017688,1.1247602661175702,0.8763174803625731,0.019952727583926414,0.02269084123734195,0.012707322266545409,1.7856508839065308,0.9829988374727027,-0.006111537974173001
/home/iiitn/Datasets/FaceForensics++/original_sequences/youtube/c23/videos/406.mp4,0,42.67582721232815,183.8989906627664,0.23206123676114676,0.9134347421617921,0.26470621275162315,25.210168894456046,93.31175690071018,0.27017140960362923,0.9693855805141359,0.19740210087544802,2.485506966515274,2.550370763085476,0.9745669149328983,0.9972075486755955,0.02304429091266896
/home/iiitn/Datasets/FaceForensics++/original_sequences/youtube/c23/videos/407.mp4,0,23.21115697088031,105.14561529632795,0.22075249553169837,0.8602752359159794,0.07405458658179706,12.292347538915235,54.406276384334056,0.22593620361151456,0.9101699338485917,0.048657746122837665,1.0642810874802635,0.6640341219455804,1.6027506001679301,0.9923457129049509,0.03590048490841593
/home/iiitn/Datasets/FaceForensics++/original_sequences/youtube/c23/videos/408.mp4,0,43.5862876982679,67.94482856534115,0.6414952928514914,0.931509292026434,0.24815213642120662,23.082991887480215,53.4988676317146,0.4314669246157355,0.9450689708871026,0.24172681519524997,1.8504843302864071,1.544868913727079,1.1978261157589187,0.9952949115824482,0.0422233385438805
/home/iiitn/Datasets/FaceForensics++/original_sequences/youtube/c23/videos/401.mp4,0,3.458984537005069,35.75042232222569,0.09675366925259095,0.7868041256800993,0.1379887356126305,2.3136277667286738,29.317174021677477,0.07891714818822404,0.8513830546841695,0.08628873099952943,0.27076672210011515,0.1860572110248826,1.4552874387862549,0.9945713905436001,-0.009096620828364217
/home/iiitn/Datasets/FaceForensics++/original_sequences/youtube/c23/videos/409.mp4,0,33.21700565265993,66.6733649544774,0.4982050279799064,0.8308031515304224,0.46309977947363345,19.283004909581933,43.754637266362344,0.440707685272169,0.910064987953248,0.44927521717016533,1.2795310723343265,0.8392556079959709,1.5246023501584625,0.9952169472947078,0.11557378276035105
/home/iiitn/Datasets/FaceForensics++/original_sequences/youtube/c23/videos/413.mp4,0,13.303448648804485,13.628667384829754,0.9761371580329803,0.8324910216460242,0.13825536595654264,9.04252653982404,7.842237465091832,1.1530544159208462,0.8595693397391319,0.12837128399782205,0.6194762125679977,0.39724610335695326,1.5594267818691607,0.9968087764680255,0.00696578634033244
/home/iiitn/Datasets/FaceForensics++/original_sequences/youtube/c23/videos/397.mp4,0,5.6193318377122905,12.911391606154615,0.43522278690963584,0.8736544154171911,-0.03491501318811386,3.8786484860787795,11.32876532146532,0.3423716862357155,0.8820408902276079,-0.010666326612405458,0.2939269771812852,0.18117160349409633,1.6223678077169699,0.9874402134413559,-0.0018954686842633836
/home/iiitn/Datasets/FaceForensics++/original_sequences/youtube/c23/videos/415.mp4,0,60.01579145125648,85.07791319870857,0.7054215271016718,0.766381159611487,0.12498022158316062,32.76971454126834,46.169685861958044,0.709766894218123,0.8396534822394012,0.0890125676573998,0.06803932507781128,0.033552637383599364,2.0278383573825742,0.9661808797797136,-0.0016332383687875313
/home/iiitn/Datasets/FaceForensics++/original_sequences/youtube/c23/videos/404.mp4,0,4.480502562232786,78.45048433122462,0.057112490769537165,0.8752593093041492,0.06383462640523901,3.129281753366381,67.80292291801113,0.04615260845244653,0.912152526316485,0.04103740537652622,0.9582630847667447,1.0860328684739287,0.8823518261590706,0.992820932771549,0.009884303201742306
/home/iiitn/Datasets/FaceForensics++/original_sequences/youtube/c23/videos/416.mp4,0,13.019152024817359,24.68893484367145,0.5273274083006694,0.8114745012304535,0.08121965516089845,8.503335968868186,17.226119531220377,0.4936303822492848,0.9102860102706485,0.06250752770840498,1.0449193386723084,0.6229268263712324,1.6774351246988841,0.9904439513346398,0.010561368987822345
/home/iiitn/Datasets/FaceForensics++/original_sequences/youtube/c23/videos/417.mp4,0,44.505520611335754,36.282863819840095,1.2266264546350216,0.9235729230953759,0.12413631308806827,23.127372689681625,57.57838860374079,0.4016675917911859,0.9783955332278612,0.1171506114829546,1.6454846927524986,1.3304861777343022,1.236754443818883,0.9933905927687493,0.022470279355406016
/home/iiitn/Datasets/FaceForensics++/original_sequences/youtube/c23/videos/418.mp4,0,1.2839932012320874,0.42335311344335375,3.032913094198587,0.8905957612051272,0.13596319467984008,1.0730065430548874,0.4093806071985531,2.621048784888997,0.8743362855721379,0.1156827264707555,0.20719712409077684,0.13135174053528498,1.5774219911088085,0.9872871536733959,0.005816800337297099
/home/iiitn/Datasets/FaceForensics++/original_sequences/youtube/c23/videos/412.mp4,0,8.241426048313512,12.37604715412156,0.665917473138335,0.8212642699765733,0.07305258001279542,5.7634661143916555,12.327519480205765,0.46752845320147524,0.863594247000545,0.07454900264919008,0.3630976151002532,0.25263814570323867,1.4372240347535075,0.9964902166103343,0.000911588049832774
/home/iiitn/Datasets/FaceForensics++/original_sequences/youtube/c23/videos/420.mp4,0,38.3841420723499,71.99343420793545,0.5331617041838382,0.8888415048212585,0.31920413144892607,18.38385783191821,73.13895461281915,0.25135521732896154,0.9192244589518053,0.26483107448175724,2.0143351554629185,1.6468045753333846,1.2231780173765485,0.9960752296723863,0.06840365325246461
/home/iiitn/Datasets/FaceForensics++/original_sequences/youtube/c23/videos/421.mp4,0,26.700300662081293,128.5622934593609,0.20768376126178378,0.8714151650891178,0.14100841275533,16.677339472813586,64.02466680928514,0.26048303417949165,0.9067979908596383,0.15223313616975112,1.1493503793761588,0.816502799878193,1.407650261024972,0.9939592607585602,0.01718446429776587
/home/iiitn/Datasets/FaceForensics++/original_sequences/youtube/c23/videos/424.mp4,0,15.069304855390735,8.398809477375929,1.7942191564153558,0.8452475624106434,0.39556606876845857,7.451185000463275,17.183970283333664,0.4336125399198349,0.8965211378964512,0.32695178866476066,0.29620329579545385,0.1822737413625912,1.6250464470701038,0.9945899304655699,0.07252444813602828
/home/iiitn/Datasets/FaceForensics++/original_sequences/youtube/c23/videos/402.mp4,0,3.743682659334232,2.0762706378858806,1.8030802878116885,0.9013246153956219,0.019582800654983325,2.7621981216059504,6.98147063692938,0.3956470298671674,0.7204664210656548,0.003300178799376166,0.3662192287369003,0.26248907492161416,1.395178937813936,0.9962308011000433,0.003099276868114644
/home/iiitn/Datasets/FaceForensics++/original_sequences/youtube/c23/videos/419.mp4,0,4.348496038549439,9.483808378662351,0.4585179144206597,0.941763499072804,0.030152373135909374,3.6637955729711256,7.15251753334033,0.5122386007294525,0.9515630842541977,0.04201863729129631,0.6643179529519884,0.641228795037761,1.0360076747845794,0.9894577888979702,0.00497303196230105
/home/iiitn/Datasets/FaceForensics++/original_sequences/youtube/c23/videos/425.mp4,0,52.90209931524678,91.09637407324635,0.5807267287357746,0.8795496644187425,0.1820763692133301,30.41633173409883,59.61967774253191,0.5101726960929245,0.9125830595179146,0.15366246617086163,1.3690266324440221,0.7925352510938607,1.7274015642263048,0.9918200296924174,0.01934215666727502
/home/iiitn/Datasets/FaceForensics++/original_sequences/youtube/c23/videos/427.mp4,0,0.0,0.0,0.0,0.0,0.0,0.0,0.0,0.0,0.0,0.0,0.0,0.0,0.0,0.0,0.0
/home/iiitn/Datasets/FaceForensics++/original_sequences/youtube/c23/videos/429.mp4,0,13.71710022550431,61.59794642789071,0.22268762224990984,0.9410354552534225,0.19244686799452854,7.871684936080989,67.67444971705714,0.11631694042570034,0.8923480561445144,0.14764327972397032,1.3386326628005303,1.3946643771765241,0.9598242306228333,0.99754774713697,0.03392494710512094
/home/iiitn/Datasets/FaceForensics++/original_sequences/youtube/c23/videos/410.mp4,0,1.097163322004154,3.1458329684046604,0.34876718917487726,0.7995073179618953,0.03485008989550189,0.8984818097603036,5.476877401787941,0.1640500131456278,0.7666071451034057,0.034726112211073176,0.14112275492354834,0.10217455943817584,1.381192693166829,0.9939426827567598,0.0066727809721319805
/home/iiitn/Datasets/FaceForensics++/original_sequences/youtube/c23/videos/432.mp4,0,15.45353065465028,84.77835580433926,0.1822815565132641,0.9102627729807761,0.20496553472893436,9.163574612430622,56.09772756021596,0.1633501927969245,0.9078708498888028,0.19041621412873877,1.2853433947225845,1.0991862341945977,1.1693590719541616,0.9933978056872643,0.06890956941163866
/home/iiitn/Datasets/FaceForensics++/original_sequences/youtube/c23/videos/423.mp4,0,6.480959320032338,123.41429598373543,0.05251384589096917,0.9566956680674391,0.10105100017940268,4.807465203486314,64.86362436785164,0.07411650598218865,0.9631864139955045,0.1223348023272099,1.811436660951477,2.4947884032916368,0.7260882961302281,0.9954156693013875,0.004856055835894642
/home/iiitn/Datasets/FaceForensics++/original_sequences/youtube/c23/videos/428.mp4,0,1.9910623739403983,3.976307031883579,0.5007315476333403,0.8956637946218203,0.03957405411621307,1.6554409140729043,12.76968430427226,0.12963835868041432,0.9156666236085848,0.0011366719206687718,0.2441734185072706,0.17097866929714547,1.428092869777336,0.9943656990384883,-0.012480723589796515
/home/iiitn/Datasets/FaceForensics++/original_sequences/youtube/c23/videos/434.mp4,0,19.1229297925213,99.25180492097384,0.19267085175677498,0.8395493435759964,0.17814614673735404,11.497034895171327,47.23227892572344,0.24341478236210745,0.8877301209137469,0.16267572722765578,0.02732761734945005,0.014377104631908855,1.900773351040275,0.9725453180527026,0.0031493293612827786
/home/iiitn/Datasets/FaceForensics++/original_sequences/youtube/c23/videos/414.mp4,0,6.846119332583747,21.46758577728271,0.31890494830715443,0.9186931022630301,-0.008703105874005811,4.505716513446475,15.290680936015965,0.29467075614883986,0.9548587232001323,-0.004791770302044085,0.353056488855334,0.37653672840816726,0.9376415691183768,0.9942247334957454,0.004680267589785733
/home/iiitn/Datasets/FaceForensics++/original_sequences/youtube/c23/videos/411.mp4,0,3.0654418612946137,15.984971030341308,0.1917702481584767,0.8692578173602769,-0.008469287130961223,3.1708595480527904,16.46683743964413,0.1925603237218401,0.8395396180532231,0.01949186976696371,0.5459795832941258,0.5467504881197625,0.9985900244400553,0.9961139131522215,-0.0040910279486904315
/home/iiitn/Datasets/FaceForensics++/original_sequences/youtube/c23/videos/435.mp4,0,19.77787628049064,76.69620314242285,0.2578729515953175,0.9311226870929409,0.1801440372706198,11.540494638147166,50.278269559573026,0.22953245486050833,0.976213229489692,0.10226457360252873,0.9787382231667631,0.8261325864338476,1.1847229358082407,0.9941363615328145,0.01119849211910534
/home/iiitn/Datasets/FaceForensics++/original_sequences/youtube/c23/videos/431.mp4,0,14.126341380363996,12.40918607178491,1.138377754886231,0.8667880088090013,0.08184916819586786,8.021099724352736,9.192361104823911,0.8725831843293745,0.9235713083056903,0.05472639127560734,0.5624910258690997,0.4181599552838097,1.3451575617453158,0.9958421473284194,0.005528132393015265
/home/iiitn/Datasets/FaceForensics++/original_sequences/youtube/c23/videos/433.mp4,0,6.294276649767569,89.14878597170008,0.070604176839443,0.8704654969109105,0.053674754834003566,4.0963585411013534,65.8545387730236,0.062203131590063916,0.9001633112595452,0.030960040287363336,0.5033017595956241,0.3671759651773419,1.3707372141107736,0.9922274095980722,-0.007679638444577646
/home/iiitn/Datasets/FaceForensics++/original_sequences/youtube/c23/videos/422.mp4,0,2.2246773929633403,1.3209460587738093,1.6841546088781514,0.8514393494177156,-0.01080486803080406,1.4682460364533838,5.119220183141523,0.28681048752084776,0.6568330428920303,-0.0008560404547258944,0.0138188014285991,0.007318822711288878,1.8881180722255186,0.9733712509540636,-0.001962507317499743
/home/iiitn/Datasets/FaceForensics++/original_sequences/youtube/c23/videos/438.mp4,0,10.027969323528824,25.55628971997906,0.3923875270395487,0.9584301056337798,0.10202412741996975,5.855746651189425,19.229970789918923,0.3045114688504482,0.9780440794961813,0.07271714527330707,0.9711201454635905,0.9238934488966354,1.0511170380343706,0.9979706577738519,-0.012426384685813733
/home/iiitn/Datasets/FaceForensics++/original_sequences/youtube/c23/videos/441.mp4,0,11.84513646747368,47.88539116743625,0.2473643041999162,0.9358992778808903,0.10989569082500021,8.749264897820241,24.2914176088597,0.3601792632567134,0.9433175109655972,0.09989266947391352,1.0351526555312203,0.8996324420642493,1.1506395358042152,0.9950104953263846,0.020489593065153494
/home/iiitn/Datasets/FaceForensics++/original_sequences/youtube/c23/videos/440.mp4,0,9.403246299851594,29.88606897981403,0.31463643834198585,0.889783624367997,0.11703807206250759,5.525851211029921,22.566982423174696,0.24486442659499136,0.9409820004978798,0.10272836867742695,0.9102450442068303,0.8143816478545123,1.1177131098237172,0.9927225477764193,0.006182993265766879
/home/iiitn/Datasets/FaceForensics++/original_sequences/youtube/c23/videos/439.mp4,0,2.7054695095004635,25.424933826267164,0.10641009050357379,0.9080033233440377,0.06489204365622328,2.430233447904223,15.453720283653942,0.15725879615375105,0.9473476609835271,0.09640797995395038,0.7217436789204635,0.8373765486727495,0.8619105467718612,0.9951839259722673,0.004582359951505217
/home/iiitn/Datasets/FaceForensics++/original_sequences/youtube/c23/videos/436.mp4,0,28.700502496794915,42.621097719214745,0.6733872197725201,0.8003415482285812,0.16030272841032805,16.313770616705813,29.103224327236543,0.5605485644227539,0.8746337832956531,0.10465203480147615,3.52717449695861e-05,nan,0.0,0.9453933195958435,0.006181001008086358
/home/iiitn/Datasets/FaceForensics++/original_sequences/youtube/c23/videos/444.mp4,0,71.81207429524387,263.7516365073831,0.2722715780883265,0.9329529765113733,0.37368090531606374,37.5740128391068,172.75140182447004,0.21750337445762183,0.9692996435445789,0.30868718434676573,2.7275033997343563,3.5509108616387266,0.768113733633862,0.9963305503200771,0.14177876758255514
/home/iiitn/Datasets/FaceForensics++/original_sequences/youtube/c23/videos/426.mp4,0,11.877307360818778,5.285975636949735,2.246947049432971,0.9086198918612675,0.0600189304073245,6.7596555861190515,11.048237245800172,0.6118311397312397,0.8096039031804626,0.061437788852405785,0.33049803804777955,0.22475922180037178,1.4704537388963004,0.9923058553344557,-0.015286277265372954
/home/iiitn/Datasets/FaceForensics++/original_sequences/youtube/c23/videos/437.mp4,0,6.911527039618992,20.885764870695244,0.33092046580092144,0.9231409855798874,0.0628089292061134,5.23837517680818,11.351191333922642,0.46148241384615524,0.9237697819842783,0.017256185350843823,0.29941525839652744,0.19633356914907696,1.525033440252798,0.9892391730883605,0.008892254676088418
/home/iiitn/Datasets/FaceForensics++/original_sequences/youtube/c23/videos/447.mp4,0,2.235760309186002,34.13167801086573,0.06550396697385502,0.8921952516068693,0.06133272802806158,3.6772930194492583,26.63863179079171,0.13804361456433376,0.8883073318448917,0.13132770894410625,0.6833141482766738,0.8016598772965539,0.8523741397424321,0.9914991632294509,0.0116612001457118
/home/iiitn/Datasets/FaceForensics++/original_sequences/youtube/c23/videos/443.mp4,0,152.33346970679693,74.43530713672806,2.04652167857627,0.87469367219294,0.09301717590391437,77.56271298735979,64.22947296833836,1.2075875669351046,0.9509628385217562,0.058960418839103176,1.525763691330739,0.8615580138231792,1.7709355224497711,0.9942628965488517,0.007668366511444083
/home/iiitn/Datasets/FaceForensics++/original_sequences/youtube/c23/videos/430.mp4,0,6.193071632120966,2.853943131564359,2.170005268719667,0.9029391761390638,-0.006010176746242386,3.476136274381812,5.960315949401658,0.583213424236474,0.8653450291510164,0.022853326869948315,0.2619772772779152,0.20921174054594258,1.2522111646042418,0.9965443709224525,-0.0014111657181093541
/home/iiitn/Datasets/FaceForensics++/original_sequences/youtube/c23/videos/449.mp4,0,5.470573108365966,24.624703175794235,0.22215793097329467,0.879292825646193,0.2472563959199004,3.879014207472668,16.996768229364218,0.22822069202374284,0.9243345277680729,0.1950467237232608,0.5527123965774984,0.43548904715518405,1.2691763436717214,0.994449557325102,0.026118472257977254
/home/iiitn/Datasets/FaceForensics++/original_sequences/youtube/c23/videos/454.mp4,0,17.595728183682947,24.289047581441878,0.7244305535111644,0.8919211322125152,0.016149398650260417,12.521857144673541,23.740523706765014,0.527446542432649,0.932341970365781,0.037116232022308814,0.5983601302610667,0.3812122484892262,1.5696246189161405,0.9932747280742528,0.002455737768955164
/home/iiitn/Datasets/FaceForensics++/original_sequences/youtube/c23/videos/452.mp4,0,12.852333724110977,84.18608210058046,0.152665778041028,0.9033035036548922,0.23616957514262635,6.966488330789961,40.56154617994206,0.17175105455508824,0.9675013231376922,0.18012838291633393,1.8407444756958555,2.1445937012831005,0.8583185125436797,0.9979379540735734,0.041163352971500006
/home/iiitn/Datasets/FaceForensics++/original_sequences/youtube/c23/videos/448.mp4,0,8.702020744010765,5.704098779225286,1.525573290508943,0.9176308705574273,0.031329615086093894,5.622431357963388,8.09940442928972,0.6941783691688611,0.8765762458362452,0.006489650374478119,0.6597570440923634,0.481776660324811,1.3694250851578387,0.9946856257818494,-0.004881415031847259
/home/iiitn/Datasets/FaceForensics++/original_sequences/youtube/c23/videos/455.mp4,0,15.108809996815415,201.4715618749382,0.07499227114839206,0.872905333772867,0.28170986028224787,10.53489020757925,98.05121333675764,0.10744273170182086,0.9620054569246604,0.2764314343861503,2.0773845541243876,2.720829344079761,0.7635115221925103,0.9956555179926297,0.06105908594119793
/home/iiitn/Datasets/FaceForensics++/original_sequences/youtube/c23/videos/456.mp4,0,0.0,0.0,0.0,0.0,0.0,0.0,0.0,0.0,0.0,0.0,0.0,0.0,0.0,0.0,0.0
/home/iiitn/Datasets/FaceForensics++/original_sequences/youtube/c23/videos/451.mp4,0,6.813720425526024,46.51052196500658,0.14649847255321077,0.8723751173977542,0.13860498089847043,4.805623821293616,42.3394948135798,0.11350215307132762,0.9298199750319242,0.022184586375930744,0.21566521668868407,0.13930935748415543,1.5481028739452272,0.9902343953596494,0.023338445050888165
/home/iiitn/Datasets/FaceForensics++/original_sequences/youtube/c23/videos/457.mp4,0,40.910273169204125,75.55309667930374,0.5414771196322212,0.898105126679412,0.15192514132692736,22.436851455134914,39.27339286697019,0.571299035230664,0.9474997102277464,0.12464441093852593,0.7118919048358282,0.45267689854956356,1.5726269821075998,0.9785235366386477,0.01634807405076637
/home/iiitn/Datasets/FaceForensics++/original_sequences/youtube/c23/videos/458.mp4,0,18.91535532263211,22.87964880922785,0.8267327650153067,0.8697698608367826,0.0201997033539567,9.683267537766147,14.227598899916217,0.6805974504821871,0.9086975534665379,0.02556171213311323,0.3650910492360655,0.2221697528315346,1.6432977242987001,0.985212415987367,0.000578123508263693
/home/iiitn/Datasets/FaceForensics++/original_sequences/youtube/c23/videos/445.mp4,0,0.9766179255620754,5.59258778026427,0.17462719655621153,0.8030597177373928,0.08124512579024872,0.8338368491305227,3.2098870851225842,0.25977139600805577,0.8322106784674336,0.09136871887141297,0.1788941531483502,0.12169920317854287,1.4699697982894562,0.9939390378383779,-0.0056831658608903855
/home/iiitn/Datasets/FaceForensics++/original_sequences/youtube/c23/videos/453.mp4,0,4.140550056524457,6.480611940063795,0.6389134382398612,0.6882090528311239,0.007611625427147722,3.118969909197484,8.13450779403957,0.3834245400173885,0.7407473079150576,0.014418700752599095,0.07491637498934377,0.03985637914464438,1.8796583281552437,0.9838666655445877,-0.0037116925604041297
/home/iiitn/Datasets/FaceForensics++/original_sequences/youtube/c23/videos/442.mp4,0,7.344261935726125,4.185237765996227,1.7548016018100574,0.8856847605960516,0.013721130370849433,6.991570685320248,6.818652002693843,1.0253596579731727,0.8541599719327593,0.017573091485902467,0.4744330928790875,0.2690203372166064,1.7635584647159575,0.9880855733940386,0.0020113751265477767
/home/iiitn/Datasets/FaceForensics++/original_sequences/youtube/c23/videos/463.mp4,0,78.02537354599112,60.10417948421332,1.2981688497467119,0.9005185444177796,0.3601623988768689,44.010129183226496,60.673577573960756,0.725359059791363,0.9517728209351787,0.30143724409956646,1.3370879331435166,0.7884582536288008,1.6958259070657224,0.9944135280265375,0.10054401917304695
/home/iiitn/Datasets/FaceForensics++/original_sequences/youtube/c23/videos/462.mp4,0,29.882701790733247,42.278654991657284,0.7068035110537435,0.9036563715328042,0.054429723393097505,21.154242566982322,30.807223657725746,0.6866650108432385,0.9421998233884543,0.05310622749068308,1.7438663881111989,1.1736363494107886,1.4858660342163805,0.9931020490913528,0.01336363683600316
/home/iiitn/Datasets/FaceForensics++/original_sequences/youtube/c23/videos/464.mp4,0,30.327099701922283,257.92401824046533,0.11758152617507689,0.9483594192818429,0.02795522061037565,16.06432285346197,155.25231864526242,0.10347235386653067,0.9710836583044328,0.015008007987091109,3.6407822232638893,6.088031480156903,0.5980228970777361,0.9957861877626297,-0.00415287408415303
/home/iiitn/Datasets/FaceForensics++/original_sequences/youtube/c23/videos/467.mp4,0,15.80329240537816,99.09580082100524,0.15947489474274829,0.8565570569541876,0.1303163186419432,8.62915142613041,49.64906450358314,0.1738029006670941,0.9180760009608404,0.10020338131773056,0.6050642637231057,0.39904736577187383,1.516271790324277,0.9804448170386403,0.006768248877540189
/home/iiitn/Datasets/FaceForensics++/original_sequences/youtube/c23/videos/446.mp4,0,1.330776963609268,0.8308071814055183,1.6017879881080535,0.8927884368689134,0.026584344806139793,1.0708860966641518,2.5719155899323316,0.41637684411420645,0.778500988550455,0.03265411137927916,0.1669198419696044,0.10562152353108518,1.5803582109898149,0.9851434256038766,0.009752003843111387
/home/iiitn/Datasets/FaceForensics++/original_sequences/youtube/c23/videos/469.mp4,0,4.71771661522762,2.274453138474387,2.0742201874478177,0.9227389164498533,0.12593107291819045,3.8640594410396587,1.888145319425023,2.0464841351386767,0.9170995031004141,0.12529622485819145,0.32473854521999423,0.18467339147399708,1.7584479422186765,0.9904513508669828,0.004511046965017726
/home/iiitn/Datasets/FaceForensics++/original_sequences/youtube/c23/videos/468.mp4,0,9.277089297013488,7.603634906197558,1.2200861050616638,0.8427003707098978,0.0642263264510687,5.76872818435951,6.720538807679104,0.858372870009764,0.8750645261139032,0.08564286757690433,0.6300412717140773,0.3322129939727914,1.8964979791418946,0.9939740246208343,0.001401498642098952
/home/iiitn/Datasets/FaceForensics++/original_sequences/youtube/c23/videos/460.mp4,0,1.6302452656284132,13.525935808671932,0.12052735490458326,0.7638956551765701,0.03591178774500995,1.0159621434564403,10.70832779340531,0.09487589127427697,0.8426507761166077,-0.002789219844741669,0.36545165179994843,0.3477249960784842,1.0509789515317534,0.9851889395114369,-0.0068548747875144525
/home/iiitn/Datasets/FaceForensics++/original_sequences/youtube/c23/videos/461.mp4,0,9.263251434330815,96.34327668712463,0.09614839512271603,0.9106346814083728,0.23789203868751407,4.926454872963934,53.60830507901338,0.09189723244752512,0.9503789389918259,0.18643899626852886,0.8267921771528094,0.9802013019415549,0.8434922250308411,0.9965949672580683,0.024660841687368706
/home/iiitn/Datasets/FaceForensics++/original_sequences/youtube/c23/videos/471.mp4,0,32.941976530566706,28.073684080645265,1.1734112429254617,0.9409920733530459,0.14663323313543353,18.387458023559873,18.906468453613073,0.9725485258483577,0.970678824761486,0.12797541099694898,1.1156679034821189,0.7299768790613231,1.5283606035806991,0.9958742805054661,0.015641549260604334
/home/iiitn/Datasets/FaceForensics++/original_sequences/youtube/c23/videos/470.mp4,0,9.845503685104525,117.61001135915978,0.08371314288065265,0.8956758142312582,0.03472699668260275,6.265031806587392,63.353854354397264,0.09888951304432433,0.9118919641039458,0.020064244310582225,0.3414183123298864,0.2132074019600191,1.6013436174880529,0.9828961274884961,0.005271757433490284
/home/iiitn/Datasets/FaceForensics++/original_sequences/youtube/c23/videos/472.mp4,0,33.710121454980246,24.911170610742214,1.3532130617917948,0.8372808051015684,0.09723142705517081,15.614312961367704,17.719534600690444,0.8811920467007801,0.8804018009474638,0.06858759136878521,0.44301252973302985,0.2307988075769055,1.9194749504301996,0.9858624185548338,0.01256598238262785
/home/iiitn/Datasets/FaceForensics++/original_sequences/youtube/c23/videos/465.mp4,0,1.930237369752497,4.107866884304316,0.46988800370521033,0.7968402280547636,0.05771085472226982,1.4892881195155396,1.8070380475055996,0.8241598020425326,0.7918294471207892,0.05941391248803316,0.1864443462741554,0.11275858303949726,1.6534825221140583,0.9900341584551212,0.0043452874453885
/home/iiitn/Datasets/FaceForensics++/original_sequences/youtube/c23/videos/466.mp4,0,8.304092135397015,19.764259434088476,0.4201570093273772,0.9291788549970542,0.025625656683035933,5.285149829098597,14.141879045655225,0.3737233087651348,0.9469148864921665,0.0058097462690086124,0.561907414914531,0.5186602080012007,1.08338254264771,0.9940648121991725,0.0009473890760595812
/home/iiitn/Datasets/FaceForensics++/original_sequences/youtube/c23/videos/474.mp4,0,51.537764925627776,192.72930789967208,0.2674101074054418,0.9138704942223764,0.5595352544574603,31.14667155610576,114.09684436285387,0.27298451355106956,0.9833272901496907,0.5298369606012016,2.8749979810661563,2.7473094797694535,1.0464776546788672,0.9965731847282945,0.16457209767275185
/home/iiitn/Datasets/FaceForensics++/original_sequences/youtube/c23/videos/476.mp4,0,18.045765085016075,7.413280097353236,2.4342483823670653,0.9432672076778453,0.03448118215615288,10.904925930647979,12.357467064621574,0.882456402563912,0.8827476540917032,0.036102082721817044,0.985982604464597,0.6556414639641232,1.5038441871921482,0.9952447796730947,-0.009524819524926162
/home/iiitn/Datasets/FaceForensics++/original_sequences/youtube/c23/videos/473.mp4,0,74.09636157919597,33.20393610290511,2.2315535528546286,0.8713182357429727,0.25473592229206643,43.65610552514821,26.264595326609122,1.6621655495647194,0.9315232527293779,0.21510204512393147,0.5731302542444316,0.3088731062425597,1.8555524668902361,0.991786981200551,0.034147174845712086
/home/iiitn/Datasets/FaceForensics++/original_sequences/youtube/c23/videos/482.mp4,0,7.503996174808658,24.686984552502878,0.30396568519130335,0.9246029397042635,-0.011303289062412137,6.376008166910309,20.52177337958405,0.3106947946932032,0.9671945212695121,0.010108636624038526,1.181994897372354,1.7099710419164005,0.6912367919679315,0.997196614643534,0.015745940646407167
/home/iiitn/Datasets/FaceForensics++/original_sequences/youtube/c23/videos/478.mp4,0,34.60389452959298,89.44391652994265,0.38687812287388845,0.77991451507546,0.19981033015924937,21.684463959277263,52.00211604283362,0.41699195358542696,0.8308481299847353,0.15725856151603604,1.6683760596849206,0.9890650479501755,1.6868213704878243,0.9949776946680116,0.04439273261468066
/home/iiitn/Datasets/FaceForensics++/original_sequences/youtube/c23/videos/450.mp4,0,0.8728924992650869,0.9921318325618724,0.8798150312455081,0.7897548905213618,0.04319725837226889,0.723518925450167,14.01753803857669,0.0516152639257351,0.5614857579496803,0.03354221318871531,0.0002493420641683374,0.00013958616714009238,1.786294940802344,0.984736903805697,-0.00383479931992571
/home/iiitn/Datasets/FaceForensics++/original_sequences/youtube/c23/videos/484.mp4,0,16.770112870689776,39.74844464634752,0.4219061404766382,0.9482031990397223,0.1948811400519844,9.402412823178945,29.06546856686333,0.32349083936318695,0.9637477023004437,0.12164511083650299,0.9758142911853381,0.7994603666985446,1.220591203557802,0.9971136966253334,0.02695468544757318
/home/iiitn/Datasets/FaceForensics++/original_sequences/youtube/c23/videos/475.mp4,0,3.270736933885427,1.346660441180281,2.428776277870603,0.8731946746105305,0.07629328723023464,2.188237704322704,1.3509569233156167,1.6197686740093622,0.9362512477291082,0.06195591258903931,0.3285925003070011,0.2977258724364902,1.103674657556324,0.9971729393660179,0.0008459242838219048
/home/iiitn/Datasets/FaceForensics++/original_sequences/youtube/c23/videos/477.mp4,0,3.1156759970185135,4.712288885479729,0.6611810253439769,0.9216677706256989,0.105595282837431,2.3750615095404384,6.133211876862206,0.38724595810890794,0.8969219546046485,0.07951961127281852,0.9226827995857306,1.3146078810618673,0.7018692135334216,0.9959768599530561,0.01594018956054249
/home/iiitn/Datasets/FaceForensics++/original_sequences/youtube/c23/videos/459.mp4,0,2.7071541796309178,2.954282575112156,0.9163491002644334,0.938866712031157,-0.009352261768166508,1.8285759422339798,11.576487911573034,0.1579560188030732,0.7418691254333449,-0.009813607895748784,0.1727576642852029,0.13412136657625826,1.2880696692497309,0.9893651929046786,-0.0015769837355280728
/home/iiitn/Datasets/FaceForensics++/original_sequences/youtube/c23/videos/485.mp4,0,31.829065544131442,71.80985228626729,0.4432409276828208,0.918673393284852,0.04861109780072531,16.410390639517512,36.20197954586903,0.4533009201534142,0.9455167049445011,0.05365621870753796,1.2245388246708961,0.8176244051881533,1.4976789059875273,0.9956409907277148,0.023435668132362926
/home/iiitn/Datasets/FaceForensics++/original_sequences/youtube/c23/videos/480.mp4,0,15.77729685350578,16.887927311505532,0.9342352416898968,0.9121139139764666,0.009155005056224989,8.329996994930097,13.56653043258084,0.6140108582902749,0.9232044013645689,0.006458401349294975,0.6562343563877117,0.510212320271303,1.286198569330435,0.9965577467214048,0.002168941249132653
/home/iiitn/Datasets/FaceForensics++/original_sequences/youtube/c23/videos/483.mp4,0,10.854383755947511,37.49898631118745,0.2894580580358038,0.844522177704969,0.09848799833585549,6.701273708472836,28.618844357485113,0.23415598564238155,0.9037102272931664,0.09599015172114919,0.47250800297511725,0.335506010986152,1.4083443738795487,0.9951885658739968,0.021910349211972203
/home/iiitn/Datasets/FaceForensics++/original_sequences/youtube/c23/videos/486.mp4,0,24.22742603588975,80.47212538923279,0.3010660637917163,0.8731177171063343,0.39108972263248865,12.672357325247233,43.782418932026665,0.2894394059159087,0.9365574642722928,0.3794540194749734,1.407543695854687,1.0040944293235627,1.4018041080089643,0.9929570251905986,0.07064135546736448
/home/iiitn/Datasets/FaceForensics++/original_sequences/youtube/c23/videos/481.mp4,0,49.1961124332855,44.88573791799829,1.0960299354588272,0.9106844884785947,0.04464644909693899,27.079177259460902,33.91347456465044,0.7984784103391978,0.9434622839730444,0.0334902399889397,0.44117515131518364,0.24947009515062515,1.7684490441582217,0.9883585376924092,-0.00026196759130332027
/home/iiitn/Datasets/FaceForensics++/original_sequences/youtube/c23/videos/488.mp4,0,2.3165535649782085,2.0172417875841178,1.1483767485069558,0.9427112673033836,0.05425185656722562,1.9433028362592288,1.8112695286211855,1.072895450153436,0.9397252823626715,0.046185276143344924,0.6045246364920106,0.4508756814811072,1.3407789803747525,0.9943689940876483,-0.004371103342924054
/home/iiitn/Datasets/FaceForensics++/original_sequences/youtube/c23/videos/487.mp4,0,2.288744799468538,10.629474553905242,0.2153205963156155,0.9159449875012305,0.028185547240336454,1.6912631828756108,6.31276262535728,0.2679117342511974,0.9381156486788913,0.0167356452111729,0.32535623615855397,0.376799352314613,0.8634734485607449,0.9977964697648618,-0.0018537730037759617
/home/iiitn/Datasets/FaceForensics++/original_sequences/youtube/c23/videos/493.mp4,0,39.34981969844177,32.01301574151691,1.2291819057649709,0.8138161285428471,0.07011187618223044,24.695351279996412,25.509432866828988,0.9680870370155833,0.8903999095097354,0.044598650784694244,0.19894532541119894,0.10596461811583076,1.877469375614889,0.9846527061228021,-0.013329845153932362
/home/iiitn/Datasets/FaceForensics++/original_sequences/youtube/c23/videos/498.mp4,0,14.89920730695207,52.50995505459495,0.2837406219727529,0.9132867287396061,0.33463414354162585,10.586230196380212,33.475975498440995,0.316233658280495,0.8955267409593458,0.30541339033754805,0.5582544064251542,0.36109838329123894,1.5459897697046785,0.9928182088405526,0.08787576223782141
/home/iiitn/Datasets/FaceForensics++/original_sequences/youtube/c23/videos/489.mp4,0,25.55730774600677,19.0120333966602,1.3442700847820077,0.9467693352703395,0.15459134478370898,13.83067279224882,18.179494664750216,0.7607842268061663,0.9692442285680767,0.1279554098346251,1.476547517123823,1.1652166352753384,1.2671871241993706,0.99769075199779,0.01097796311723186
/home/iiitn/Datasets/FaceForensics++/original_sequences/youtube/c23/videos/495.mp4,0,39.33863585806252,21.53759595871061,1.8265100679517807,0.9019319398395714,0.13429851772909454,23.02007094100617,33.75882588974722,0.6818978543918354,0.9276481290959175,0.11299893860449864,1.2138428320956118,0.6771735937246278,1.7925135347041017,0.9933864097213503,0.0034174151838415635
/home/iiitn/Datasets/FaceForensics++/original_sequences/youtube/c23/videos/497.mp4,0,31.648900973702307,37.538618406591034,0.8431024453511957,0.8790673815858172,0.0011914582566407603,18.643220882694404,29.515133727640332,0.631649548151476,0.9436111020509221,0.008847287714394634,0.25526837654104667,0.13688143552232168,1.8648867581420072,0.991825063450405,-0.000816996773194246
/home/iiitn/Datasets/FaceForensics++/original_sequences/youtube/c23/videos/492.mp4,0,1.343826349960592,101.56663901266502,0.013230981777323767,0.8916134265699208,0.3736528456438276,1.418467170545358,65.57934499826887,0.02162978557627866,0.8880125386433663,0.42322191485234206,0.2980084098180737,0.28196218862449196,1.0569091241341992,0.9851213936583744,0.07001509678883715
/home/iiitn/Datasets/FaceForensics++/original_sequences/youtube/c23/videos/496.mp4,0,16.676016503534793,118.9323496171199,0.14021430298165352,0.9652962419465757,0.11799587210770109,10.40309780673901,59.11081081545621,0.17599315020762366,0.9757222324569605,0.1160650538010236,1.647879024133599,1.7330686125265882,0.9508446533638424,0.9898775060571122,0.0051336829954851055
/home/iiitn/Datasets/FaceForensics++/original_sequences/youtube/c23/videos/501.mp4,0,100.76914920831523,156.5579382404044,0.6436540385041221,0.8335551582996298,0.3699565985038253,49.98688548534935,99.45022520705344,0.5026321999902728,0.9550702581640097,0.2902853173406707,1.8755444044624092,1.2661072749714133,1.481347150860306,0.9959929985365538,0.0938821847357922
/home/iiitn/Datasets/FaceForensics++/original_sequences/youtube/c23/videos/503.mp4,0,103.56807261203387,141.88102186114045,0.729964242246552,0.9699684735372497,0.5639535412627072,67.8853241795175,83.31577377036075,0.8147955796056884,0.9907478721972116,0.5179015127627568,4.14681956791538,3.7673011355803676,1.1007401369512624,0.995087000335924,0.16545383755782367
/home/iiitn/Datasets/FaceForensics++/original_sequences/youtube/c23/videos/479.mp4,0,10.236176482636802,1.6271287723933154,6.290944304045825,0.862392850251573,-0.0743492959174437,6.19611498898503,3.8125657900874486,1.6251824440891578,0.8170952016289919,-0.023851523920343964,0.23969331137286173,0.1565570329319796,1.5310287049001685,0.9942458324548857,0.004605060129153348
/home/iiitn/Datasets/FaceForensics++/original_sequences/youtube/c23/videos/505.mp4,0,17.130629542813384,12.320658034080287,1.3903989133882453,0.924951119458965,0.2029910495870336,9.214285040649827,10.628137215031325,0.8669708392189467,0.9543802444789607,0.194659212010127,1.2814608709253568,0.9047019076157953,1.4164454171456902,0.996104106602802,0.006028487388795209
/home/iiitn/Datasets/FaceForensics++/original_sequences/youtube/c23/videos/494.mp4,0,5.705025041863603,26.859343111011427,0.21240374413790988,0.8219360839772462,0.013216686432385837,4.1458801597916475,23.489637251175008,0.17649826242354,0.896667939285809,0.007361962027566606,0.14596832121961145,0.08450062901970153,1.7274228951074269,0.9861370811675864,-0.0018837654297673544
/home/iiitn/Datasets/FaceForensics++/original_sequences/youtube/c23/videos/502.mp4,0,3.455344329527445,81.81911870243935,0.04223150266496854,0.9125036062263948,0.029618862329682784,2.2645131460751347,43.40611292905675,0.052170374015666196,0.9140199663923153,0.02739480095487165,0.003904592495256641,0.002070127946929264,1.8861599839993177,0.9597977168177101,0.00533061410116954
/home/iiitn/Datasets/FaceForensics++/original_sequences/youtube/c23/videos/491.mp4,0,15.495114901025346,68.69051283869065,0.2255786754338739,0.9534092139974171,0.21304633590800687,8.756588486071369,50.94365141058554,0.17188772778568134,0.955253975513467,0.18266543125700124,0.23081883045117252,0.15992629950069423,1.4432825068285318,0.9898615225989984,0.021681382878110503
/home/iiitn/Datasets/FaceForensics++/original_sequences/youtube/c23/videos/499.mp4,0,12.256991920529591,234.2432957625753,0.05232590277825092,0.9170480310651161,0.1855547366955046,6.849246440545827,158.80078279578387,0.04313106220234371,0.9066414873421257,0.11155310949704415,0.3734575402382552,0.31648456842549405,1.1800181667504386,0.9878510807058442,0.021379735898660854
/home/iiitn/Datasets/FaceForensics++/original_sequences/youtube/c23/videos/504.mp4,0,5.2721280623453355,31.35922592730387,0.16812047831049923,0.9123092821586442,0.049848609817998706,3.328961991145382,28.606110357180857,0.11637240958590263,0.9612307798965686,0.06058359527538042,0.7870782676024377,1.2293469363222946,0.6402409640008176,0.9961726653534192,0.018500528900218857
/home/iiitn/Datasets/FaceForensics++/original_sequences/youtube/c23/videos/506.mp4,0,23.179305536630057,89.90049547685662,0.25783290084977545,0.9595403873581244,0.06524001728877975,12.81120267698815,53.279517292067645,0.2404526791554755,0.98592511322693,0.04026686936010575,1.526555965081825,1.6443608323568013,0.9283582623978395,0.9979254965646955,0.006861957109439819
/home/iiitn/Datasets/FaceForensics++/original_sequences/youtube/c23/videos/509.mp4,0,11.779042084673591,77.19820952811867,0.15258180412051128,0.8292791921022918,0.3100035976441877,7.125364836616934,36.813741948716185,0.1935517678844766,0.9212821062232222,0.2898818295682646,0.9379658207479137,0.8127085674809035,1.1541232100644163,0.9959788826197982,0.06528654119772707
/home/iiitn/Datasets/FaceForensics++/original_sequences/youtube/c23/videos/510.mp4,0,10.718567170651191,37.156453032233905,0.28847121552083127,0.8821412676309947,0.24362772218970297,6.704510318661067,21.908939663931005,0.3060171063275507,0.9211576790729449,0.241193703770472,1.1930040834993856,1.1695239512050313,1.0200766579172331,0.9922952079644256,0.010682915432086704
/home/iiitn/Datasets/FaceForensics++/original_sequences/youtube/c23/videos/514.mp4,0,35.35514054743637,72.73681534236358,0.48606940489522266,0.8455492727880857,0.6593195489781035,18.551296705269365,41.40710074313505,0.44802211148156795,0.9359641940348397,0.63095186453378,0.6196688414169834,0.3582295991210673,1.7298091585323192,0.9894583080053958,0.21447810189383396
/home/iiitn/Datasets/FaceForensics++/original_sequences/youtube/c23/videos/511.mp4,0,68.38568368450076,35.15036016700844,1.945518718999826,0.8782427312818818,0.05232999101403542,44.86894068932376,39.20384072612226,1.1445036980631016,0.9034822199712281,0.023106200057908817,1.06927572510421,0.5151648783438868,2.0755990364514694,0.9903835226781311,0.009684888351023465
/home/iiitn/Datasets/FaceForensics++/original_sequences/youtube/c23/videos/490.mp4,0,3.3145526999402044,3.572348590395461,0.9278357405690024,0.7047825308222334,0.04515231406448208,2.288632827045427,3.1676687032099777,0.7224975341411891,0.6450015824590631,0.03438700278781908,0.08206222965919559,0.048776465988632785,1.682414418427115,0.9899582504889765,0.010863686712030087
/home/iiitn/Datasets/FaceForensics++/original_sequences/youtube/c23/videos/517.mp4,0,7.8414347132219495,21.499591641248504,0.3647248210136976,0.9264201169473734,0.37524031926578866,5.004920903073357,12.582592283583315,0.39776548347698965,0.9564017380461817,0.38307960754786113,1.6522870290287817,2.286396102089432,0.7226600095752581,0.9977310020252573,0.07132166786042705
/home/iiitn/Datasets/FaceForensics++/original_sequences/youtube/c23/videos/512.mp4,0,13.965708404604484,26.241005480615286,0.5322093475008498,0.954414899367162,0.0338656568508626,8.796621376780239,20.108727923503963,0.43745290155815186,0.972791196948939,0.028966788619856177,1.6468618983757546,1.4247421618370328,1.155901708034193,0.9961010271627009,-0.009976748070189653
/home/iiitn/Datasets/FaceForensics++/original_sequences/youtube/c23/videos/515.mp4,0,28.00291701023561,168.05119908341575,0.16663324726612497,0.978201630585735,0.17942743884647214,15.625448920271387,96.57703181051329,0.16179259837814164,0.9866465086060033,0.15541910069119708,3.1272551175067647,4.286592488329776,0.7295433671431794,0.9932590034845594,0.02932646811988393
/home/iiitn/Datasets/FaceForensics++/original_sequences/youtube/c23/videos/518.mp4,0,18.92940319812442,156.9361824041193,0.12061847630127871,0.8615767625663923,0.3244320978305483,11.07839439729013,76.2625206237754,0.14526656484307654,0.8888979833148829,0.26801811491468264,0.3332205220326332,0.18188475814218974,1.8320420327476568,0.9741868431930554,0.03768041385733771
/home/iiitn/Datasets/FaceForensics++/original_sequences/youtube/c23/videos/500.mp4,0,21.31740472798896,11.178517536754095,1.9069974759979573,0.7617501558801184,0.17475142908438923,11.099252927405798,24.692390861720828,0.44950094098066146,0.8507731984749772,0.10451455635957406,0.20674346483146247,0.11502629597669191,1.7973582742623953,0.9916862887048916,0.001409265242530386
/home/iiitn/Datasets/FaceForensics++/original_sequences/youtube/c23/videos/521.mp4,0,77.56916705824226,27.011795231538756,2.871677590968597,0.9131139791081336,0.02776779793090756,39.24934132437041,24.079646517929717,1.6299799623364626,0.9580118668329985,0.011122011613426533,1.2859656538264674,0.7819775196799554,1.6445046327582182,0.9976548707225888,-0.0010101984541875293
/home/iiitn/Datasets/FaceForensics++/original_sequences/youtube/c23/videos/519.mp4,0,63.665186597019876,64.9807869360843,0.9797540103606553,0.8969546252098177,0.1255674686552978,30.753482642869674,47.423363709547054,0.6484880075404378,0.9557106600428337,0.11048233341575721,2.340877684771455,1.773804014022585,1.3196935322425365,0.9971217056366829,0.0376692917563552
/home/iiitn/Datasets/FaceForensics++/original_sequences/youtube/c23/videos/522.mp4,0,85.29311720966105,47.30607471166726,1.803005591343746,0.8403140506768034,0.31040516584415245,43.284699998009806,36.85291601561632,1.1745257818857002,0.9260981272104732,0.2752170329254762,2.457243553397403,1.597192606776878,1.5384766639736087,0.995961179233876,0.06759036441901743
/home/iiitn/Datasets/FaceForensics++/original_sequences/youtube/c23/videos/513.mp4,0,1.3848363542468671,80.28072271155314,0.017249923860582987,0.7096669502175038,0.046080099813606,1.2776804729915439,65.68528971506146,0.01945154658728064,0.8350019091465045,0.03212415695640334,0.4124839565196842,0.3716860819509054,1.1097643321876325,0.9904890440854407,0.0012581014258703463
/home/iiitn/Datasets/FaceForensics++/original_sequences/youtube/c23/videos/523.mp4,0,19.691462843529013,17.476239825890342,1.1267562724995859,0.9316979590792108,0.12063217216702318,11.295830733617414,34.04163595068038,0.33182396844801604,0.9077220298283576,0.06852150075289133,0.4772729222865752,0.3059176793529482,1.560135142552282,0.9948156304982274,0.00899104455862318
/home/iiitn/Datasets/FaceForensics++/original_sequences/youtube/c23/videos/520.mp4,0,4.341878110860471,11.282971487360115,0.3848169000271349,0.8078198767265032,0.0687447590784767,2.827299124162508,10.069234622973845,0.2807859018114223,0.7882521188060999,0.056527385786868764,0.24569915380335558,0.1500608289096197,1.6373303785449433,0.9925408423642503,-0.013499037039642104
/home/iiitn/Datasets/FaceForensics++/original_sequences/youtube/c23/videos/524.mp4,0,42.07130606496872,33.609654611637474,1.251762523331655,0.9001099299792217,0.3401162757173962,24.00688464897584,17.25738603146345,1.3911078192958533,0.9078304965722784,0.3120671178225169,0.212975806903002,0.10816006010408369,1.9690799607364575,0.9829057382422496,0.05461723792175769
/home/iiitn/Datasets/FaceForensics++/original_sequences/youtube/c23/videos/525.mp4,0,34.06253470908188,5.338355501481523,6.380716814312704,0.8700779670638598,0.24766982288091874,18.1507945228639,3.458772849366531,5.247755580765644,0.9160714165878177,0.23294593451717907,0.34932144431326817,0.16988213002148725,2.0562577374623503,0.9863867551039694,0.022453389953766622
/home/iiitn/Datasets/FaceForensics++/original_sequences/youtube/c23/videos/531.mp4,0,4.343956153444382,40.43807369122769,0.10742243032181635,0.9382845987350681,0.26704420178035315,2.9665510561423907,20.483986137164838,0.14482293808821076,0.9507934133500057,0.22670366894481522,0.9532515766815143,1.0713266164450532,0.8897861418254096,0.995622827804384,0.04861973886572578
/home/iiitn/Datasets/FaceForensics++/original_sequences/youtube/c23/videos/528.mp4,0,9.833674820601408,37.142525629166805,0.2647551466688454,0.8851960344493776,0.31047184900137986,5.513215671320988,23.08788296708416,0.2387926029935723,0.9396844374234984,0.22267018499466593,1.0157075770272261,0.907321895058199,1.119456702807855,0.9944296171702639,0.036664006319759565
/home/iiitn/Datasets/FaceForensics++/original_sequences/youtube/c23/videos/507.mp4,0,1.9458626102397574,6.463260117136905,0.3010651861404173,0.750178038338241,0.011068016548424202,1.1455756119182519,5.194033941481549,0.22055605042724988,0.7529417340224519,9.693746087616316e-05,0.1249930007643349,0.08135813725433223,1.5363306607376774,0.99331618319136,-0.004631518378054547
/home/iiitn/Datasets/FaceForensics++/original_sequences/youtube/c23/videos/527.mp4,0,8.161503266191426,102.45802874466115,0.07965703972824778,0.8659384789953313,0.2897699766948996,4.582835512868542,80.29331551099584,0.05707617730944167,0.8922311928528558,0.2910201894181828,0.24771634685288088,0.1620339141127318,1.528793204862886,0.9886046616886962,0.04203595919829296
/home/iiitn/Datasets/FaceForensics++/original_sequences/youtube/c23/videos/508.mp4,0,0.7950872448576193,1.616738361689957,0.49178473381835525,0.7921033689409501,-0.012188570104159436,0.6107013604454966,7.131053372251273,0.08563971247528306,0.6967338699613554,0.015132400168130512,0.001968001331263799,0.0009310586086733059,2.113724434671266,0.9557706786284556,0.0068300206553068964
/home/iiitn/Datasets/FaceForensics++/original_sequences/youtube/c23/videos/526.mp4,0,16.812744314582442,43.51091045107182,0.38640295365661065,0.9407969575229839,0.14778186453033568,14.177410204203023,26.586029172295415,0.5332654272032816,0.9555160605373451,0.14404053687212323,0.6521079730975419,0.46862545467094385,1.3915334017769787,0.9867735290266109,0.025849641272499235
/home/iiitn/Datasets/FaceForensics++/original_sequences/youtube/c23/videos/516.mp4,0,1.5213426696060441,1.2560172869945696,1.2112434162800034,0.8656475711507282,0.016647741854053603,1.0369787632679575,3.108414387901419,0.3336037715254728,0.791563349311723,0.0084285849942543,0.18428026075399515,0.12101797524283164,1.522751148201108,0.992009873389384,0.0048274584827114105
/home/iiitn/Datasets/FaceForensics++/original_sequences/youtube/c23/videos/532.mp4,0,10.386318055798984,4.099204816608377,2.533739717936923,0.8733449338306793,0.025475914597983425,5.707643144231888,2.675959911229127,2.1329329786596998,0.9049122260083416,0.006671211822259647,0.31957163264272004,0.18978731111711622,1.683840878305689,0.9939098073659657,0.003875893998728206
/home/iiitn/Datasets/FaceForensics++/original_sequences/youtube/c23/videos/535.mp4,0,30.950859880323375,92.10733337097751,0.3360303544524915,0.9461043652193043,0.22431050814192874,17.005479950896262,124.07693054366804,0.1370559367997204,0.9497283261554538,0.17061203337146927,1.3356232293850112,1.1651496166768103,1.1463104911748745,0.9951224086897987,0.025475279114228856
/home/iiitn/Datasets/FaceForensics++/original_sequences/youtube/c23/videos/534.mp4,0,4.3649242109476925,0.9167853984487159,4.761118816173927,0.9157117540923944,0.02059217978868348,3.6743281655409135,0.8542706583049569,4.301128839929388,0.9227677286640447,0.04237995008555509,0.3005701638057458,0.19578229030039992,1.5352265179070277,0.9941551497527709,0.0020255211025376617
/home/iiitn/Datasets/FaceForensics++/original_sequences/youtube/c23/videos/530.mp4,0,6.667769771195948,24.459491709004897,0.27260459254519875,0.8433663134977233,0.05502187648357316,3.968467907993222,16.39388403379987,0.24207002439515166,0.8572640176804329,0.05154009648547985,0.07509913064596181,0.041697901567174,1.801029016411761,0.9839665397270171,0.004340297448360376
/home/iiitn/Datasets/FaceForensics++/original_sequences/youtube/c23/videos/539.mp4,0,3.202823391474542,3.4643993592467823,0.9244960119640736,0.8513064933760776,0.13081796805563561,2.8012849661971053,7.980819986880195,0.35100214900250665,0.8120000229430411,0.09669153653212303,0.49297056809713075,0.34820570426806713,1.415745239249774,0.9972497880867506,0.005421930393813167
/home/iiitn/Datasets/FaceForensics++/original_sequences/youtube/c23/videos/538.mp4,0,64.65944666607054,126.72709300618969,0.5102259124882822,0.9073535382422279,0.13560622591200214,37.86613182264713,70.19418825578715,0.539448247263195,0.9188998497675569,0.13106182636427258,1.1423233158209918,0.693846077578795,1.646364161641119,0.9934007350825649,0.022056392735772617
/home/iiitn/Datasets/FaceForensics++/original_sequences/youtube/c23/videos/541.mp4,0,5.662671267295237,102.54432495638446,0.05522169334776704,0.8642844791425884,0.27093277056970755,3.5649667598943773,53.89972671553721,0.06614072050325878,0.879884056878549,0.23225489788493184,0.6669795486268709,0.5108720019100169,1.3055707616256296,0.992957324895106,0.07195300248093518
/home/iiitn/Datasets/FaceForensics++/original_sequences/youtube/c23/videos/537.mp4,0,4.016471009597805,48.0144408916587,0.08365131270945542,0.8932229441325926,0.1226229044021382,3.935618973408163,34.122496366860034,0.11533795567285807,0.9393517368571577,0.14990466694600899,0.9645489523413984,1.0263256438092856,0.9398079042061169,0.9952187905088333,-0.001691156781459008
/home/iiitn/Datasets/FaceForensics++/original_sequences/youtube/c23/videos/536.mp4,0,10.472045148325726,5.749483217914601,1.8213889407827595,0.9048198994716268,0.1175754407104292,6.787280824122007,3.8975724064724218,1.741412375778023,0.9076878687909719,0.06052398983049363,0.20775910097884454,0.1065444013750619,1.949976707339906,0.9886221597213299,0.0004824161910618777
/home/iiitn/Datasets/FaceForensics++/original_sequences/youtube/c23/videos/543.mp4,0,6.601141268061961,21.243851346314397,0.3107318517933047,0.8779590685361262,0.11392585819627948,4.640520175364492,15.101188674437045,0.30729502659746655,0.9332175451307979,0.0561554625285745,0.6356288949918181,0.46742375410499326,1.3598557827017117,0.9907758999774985,0.007286558222535616
/home/iiitn/Datasets/FaceForensics++/original_sequences/youtube/c23/videos/545.mp4,0,11.17184771370089,33.92224540215136,0.3293369168596477,0.9088182516356907,0.1337158490686297,7.907765046695716,24.37950407421005,0.32436119383826906,0.9351467832476482,0.09664809601313978,0.8097992019727661,0.5745462101838408,1.4094587826341247,0.9885094078886866,0.014070588985606345
/home/iiitn/Datasets/FaceForensics++/original_sequences/youtube/c23/videos/542.mp4,0,4.189057150072803,25.598372611322727,0.16364544784459814,0.7560581811157913,0.15176558358275818,2.867036309378655,41.15990491080937,0.0696560479328444,0.848910841965577,0.13269018878298347,0.35173619732019984,0.25511454241444975,1.3787383266798725,0.9949645486311186,0.015655535463755803
/home/iiitn/Datasets/FaceForensics++/original_sequences/youtube/c23/videos/550.mp4,0,40.51764234476807,77.38436348489005,0.5235895279112748,0.9631928480010079,0.6484633766217537,19.6273125167166,49.309411201631576,0.39804394411562477,0.9865231053407447,0.6245895481364238,4.8875056827103105,4.909933817735324,0.9954320901548612,0.9982860976682856,0.34211795707922527
/home/iiitn/Datasets/FaceForensics++/original_sequences/youtube/c23/videos/546.mp4,0,9.72688847295674,11.135575584225952,0.8734966952885056,0.9175261679213026,0.06571055525282585,5.948637807902475,7.868908245435531,0.755967361972109,0.9487193783834278,0.08448087347577761,0.6322473847489084,0.5706032084469982,1.1080333503025441,0.9959228113104115,0.001044694869743841
/home/iiitn/Datasets/FaceForensics++/original_sequences/youtube/c23/videos/529.mp4,0,5.957416210580121,4.843301611100187,1.2300320502292352,0.8710736307829031,0.06701859232134551,3.7139689645043545,12.706239015525739,0.2922949080342547,0.8422994952034824,0.06648030123407134,0.3030177106763305,0.20334660230377297,1.4901537928018194,0.9965435594632654,0.00174843548232035
/home/iiitn/Datasets/FaceForensics++/original_sequences/youtube/c23/videos/544.mp4,0,5.523953845667219,12.556744834121242,0.4399192560365348,0.9506417531681434,0.0752207407545316,3.6775691856754897,6.917728278283975,0.5316151542436348,0.9659771360275472,0.05669343280717177,0.690848666025549,0.6111799008211438,1.1303523972194882,0.9949386604933376,-0.004941642547709424
/home/iiitn/Datasets/FaceForensics++/original_sequences/youtube/c23/videos/547.mp4,0,0.0,0.0,0.0,0.0,0.0,0.0,0.0,0.0,0.0,0.0,0.0,0.0,0.0,0.0,0.0
/home/iiitn/Datasets/FaceForensics++/original_sequences/youtube/c23/videos/553.mp4,0,16.76444936986971,36.25160602198575,0.46244708054320305,0.9056226089643388,0.18905594438257084,8.564287531883942,47.3889827822754,0.18072317718301367,0.9273134881498324,0.17263807421877808,0.670520438985928,0.5509714130356388,1.2169786364987984,0.9942520486379198,0.014481573360396526
/home/iiitn/Datasets/FaceForensics++/original_sequences/youtube/c23/videos/540.mp4,0,11.571601937217892,9.763015419383741,1.185248761795801,0.8555638063461876,0.040244196922460965,6.949108967564137,10.030447426633195,0.6928014944889317,0.8798665820445873,0.05385302494559461,2.558438022088897e-05,1.3961048859775023e-05,1.8325543071913046,0.9796648981470623,0.0036573074786755773
/home/iiitn/Datasets/FaceForensics++/original_sequences/youtube/c23/videos/551.mp4,0,0.0,0.0,0.0,0.0,0.0,0.0,0.0,0.0,0.0,0.0,0.0,0.0,0.0,0.0,0.0
/home/iiitn/Datasets/FaceForensics++/original_sequences/youtube/c23/videos/556.mp4,0,14.755126066479685,27.096303649401232,0.5445438705365904,0.9135609160335322,0.10245232632829805,8.296970320855769,13.27282719858942,0.625109496018869,0.9289160464727139,0.08168294438670147,0.5076518786603768,0.3022123394096284,1.679785410655549,0.9915082566890833,0.0038371499320840963
/home/iiitn/Datasets/FaceForensics++/original_sequences/youtube/c23/videos/533.mp4,0,3.5342735092136923,0.6903197467671754,5.119763016725203,0.8407619547502136,0.03807601201226455,2.616876045486165,3.869865910434036,0.6762187905349573,0.7092085394878825,0.02567758893331176,0.0009601086373223922,0.0005047557903565124,1.9021250586234209,0.9735486127640169,-0.004695655758785105
/home/iiitn/Datasets/FaceForensics++/original_sequences/youtube/c23/videos/548.mp4,0,10.867125471581895,1.4967316183853434,7.2605705245307925,0.8653549421278782,0.01322453635286553,6.3404460265102,1.58864769761412,3.9910963494502134,0.8947033590473916,0.02071712288062866,0.004227581827504345,0.0021832360145704727,1.936383331573098,0.9820607546252704,0.005200887712588359
/home/iiitn/Datasets/FaceForensics++/original_sequences/youtube/c23/videos/557.mp4,0,5.074271120549935,37.62939701502805,0.1348485897481542,0.9325901918182282,0.19762340630679612,3.1430567072120983,21.015979653254096,0.1495555648163863,0.9580607864535288,0.1447867974990773,0.7830350011319162,0.8809109925216471,0.8888923032853109,0.9975124685259663,0.004388781135600808
/home/iiitn/Datasets/FaceForensics++/original_sequences/youtube/c23/videos/552.mp4,0,2.2548552489028757,2.253169102013881,1.0007483445816328,0.8140849724115448,0.11139197110018839,1.6555994030913226,2.347835028312343,0.7051600232242002,0.7911269219050775,0.10479625562323226,0.22283449054852644,0.13222921156325726,1.6852137883460376,0.9897146072046993,-0.0017921978528211238
/home/iiitn/Datasets/FaceForensics++/original_sequences/youtube/c23/videos/560.mp4,0,7.562692005183112,9.264539966525644,0.8163051843381757,0.9231515446539316,0.3133745674529291,5.693767154646352,21.5182244779737,0.2646020892882941,0.9194241584775341,0.33717469005362033,0.838761673334921,0.6213999672005653,1.3497935590720738,0.9943961554339031,0.040219600167717626
/home/iiitn/Datasets/FaceForensics++/original_sequences/youtube/c23/videos/549.mp4,0,32.5235906326236,885.9629967211807,0.036709874738548504,0.8792855633009281,0.06122397696439563,17.925840797026222,423.9224421609053,0.042285661277215975,0.9066619512591473,0.05629949843684746,10.08611004038697,48.82839561952502,0.20656238879890282,0.9784481261977254,0.0242408408948709
/home/iiitn/Datasets/FaceForensics++/original_sequences/youtube/c23/videos/563.mp4,0,6.949139033666314,50.53583679627718,0.13750913162237843,0.8096259905681845,0.17017823986495734,5.398130197291604,22.74493279788831,0.2373333104678497,0.8651028428523451,0.19919667408636188,0.43527489704401423,0.27020091554473924,1.6109305039417694,0.991161163217467,0.04328102119135777
/home/iiitn/Datasets/FaceForensics++/original_sequences/youtube/c23/videos/567.mp4,0,71.6067593223052,153.6633979956177,0.46599750009658997,0.7952866477965108,0.13888744614160786,38.974374360963246,87.37954717292918,0.4460354353156661,0.9235993187348401,0.08349632504020206,1.6841086839933923,1.0448920652770026,1.6117537303213536,0.9924676188474488,0.02809787651452476
/home/iiitn/Datasets/FaceForensics++/original_sequences/youtube/c23/videos/565.mp4,0,10.663077681693606,181.8498802480946,0.0586367044462507,0.9367963023120115,0.24890259630687658,8.963597844683358,109.07816305182392,0.08217591490264353,0.9547014915728905,0.2709059846424848,2.596442565019283,3.6736652071204894,0.7067716894796844,0.9934890949275994,0.0435898409038362
/home/iiitn/Datasets/FaceForensics++/original_sequences/youtube/c23/videos/559.mp4,0,7.272052887757119,141.2012964761354,0.05150131811279918,0.904640472374421,0.010786114700648193,4.126855126924526,74.82003799989958,0.055157084081273317,0.9332374133731239,0.009213127766771596,2.5847055829190126,14.583150239127164,0.17723917950074644,0.9841757799927935,-0.00436846602338277
/home/iiitn/Datasets/FaceForensics++/original_sequences/youtube/c23/videos/554.mp4,0,5.8384725231557155,19.185835951607977,0.30431160455462924,0.9522422972038554,0.06049926812612766,3.701049518860359,16.33300195926891,0.22659946579875534,0.9598987760631932,0.04966566770760674,0.6827253887041863,0.6149355994493751,1.1102388434098,0.9962027339192199,0.006321032526696543
/home/iiitn/Datasets/FaceForensics++/original_sequences/youtube/c23/videos/558.mp4,0,31.77282478277372,125.73618652408398,0.25269435682056285,0.9365244602159256,0.06050375543859366,17.738420217734728,108.54387907147805,0.16342165370793196,0.9621157557019808,0.04813425750421669,0.5505353572937984,0.4239238308049124,1.2986657443826317,0.9935040626336957,0.025272774114057418
/home/iiitn/Datasets/FaceForensics++/original_sequences/youtube/c23/videos/568.mp4,0,18.53341463641404,39.521242348619545,0.46894817913185877,0.9478519517234615,0.09640769706369903,11.820499676934388,33.53989485610573,0.3524310296036166,0.9700660790407231,0.0650856424449835,0.842574761235119,0.6808738168636022,1.23749032547085,0.9953772838308929,0.016206616884722837
/home/iiitn/Datasets/FaceForensics++/original_sequences/youtube/c23/videos/566.mp4,0,38.10890521992351,105.53715887143723,0.3610946668210657,0.9259286800732699,0.0633771672763424,20.59768043464814,70.73280616254819,0.29120406148334405,0.9602154064562847,0.0493740617505851,1.6952585614699078,1.7604318897551938,0.9629787845445421,0.9977910584829376,0.0049247005246187935
/home/iiitn/Datasets/FaceForensics++/original_sequences/youtube/c23/videos/562.mp4,0,9.309391997852133,40.04596601869889,0.23246765962657126,0.92794240656894,0.11745567311075394,5.252133340020909,30.850347167200578,0.17024551819646502,0.9551518198294584,0.06897839627176401,0.8042084917236737,0.8447698023030644,0.9519853687136899,0.9941507706498284,-0.005265292690599608
/home/iiitn/Datasets/FaceForensics++/original_sequences/youtube/c23/videos/574.mp4,0,10.200062510441409,63.84032892429436,0.159774592053516,0.9348199260020132,0.052330616474467094,7.152823705851527,37.66389802302044,0.1899119337430149,0.974095418766864,0.04331682953427679,0.6008347287000304,0.49450356213972446,1.2150260881847026,0.9924789208883448,0.002351447359788895
/home/iiitn/Datasets/FaceForensics++/original_sequences/youtube/c23/videos/570.mp4,0,2.2426541156379485,48.66538367078531,0.046083148769753834,0.8670495230913592,0.048495044820618304,2.021682961958717,38.434073142193704,0.05260131952393233,0.9028831534977826,0.04697091794934666,1.0716091859799888,1.885038646986082,0.5684812816402172,0.9966891615810235,0.01061855349361335
/home/iiitn/Datasets/FaceForensics++/original_sequences/youtube/c23/videos/572.mp4,0,11.696725613026993,61.45769269090406,0.19032158710960112,0.9156763215320219,0.10622003313354603,7.384691071487165,34.01339715163843,0.2171112470349479,0.9295341067041819,0.08236705911952483,1.011005818471909,0.8606433282981104,1.174709412400994,0.995318788761575,0.0023751797493464636
/home/iiitn/Datasets/FaceForensics++/original_sequences/youtube/c23/videos/571.mp4,0,20.232970207941886,27.32458869099175,0.7404675121280857,0.9206219279347018,0.049224208694466774,10.965528271660885,17.33635840855669,0.6325162420643449,0.9676830364697696,0.029407204072482297,0.6647147998368401,0.5346795146530324,1.243202295244453,0.9923736815929454,-0.006704131539939243
/home/iiitn/Datasets/FaceForensics++/original_sequences/youtube/c23/videos/555.mp4,0,1.2902840505670763,3.8745504438796026,0.3330151637605497,0.9015192899368595,0.0017259622231816248,1.0669303233261045,7.261316370908426,0.14693345790587367,0.840927123912068,-0.013196893939691033,0.339449699853885,0.3513737014004952,0.9660646158233134,0.997548576174084,-0.008963654889829949
/home/iiitn/Datasets/FaceForensics++/original_sequences/youtube/c23/videos/573.mp4,0,1.885942012796211,2.635883686697442,0.7154875696200199,0.8721541224160508,0.03585033084912964,1.3422307569163145,6.754213869288606,0.19872494162783838,0.8167676280542935,0.00042026707184495945,0.3744414873390916,0.3004398317630394,1.2463110671504376,0.9955650673405337,0.001306525500391542
/home/iiitn/Datasets/FaceForensics++/original_sequences/youtube/c23/videos/575.mp4,0,4.016225137153739,1.5839571628574578,2.535564238308359,0.8965960516178159,0.009952086497232565,3.6672202165746888,1.6663923101253981,2.200694394886355,0.9482661069083514,-0.015367485237204567,0.38446130413815155,0.28294725898510326,1.3587737358445053,0.9946627744874332,-0.0028258256477833245
/home/iiitn/Datasets/FaceForensics++/original_sequences/youtube/c23/videos/576.mp4,0,27.61510762787941,19.58713551282058,1.4098594258361155,0.8600958529595046,0.10255495991911158,17.002650728826858,42.44495575632404,0.4005811862883981,0.8248730968551913,0.08538928583013847,0.34720491637407386,0.20840996434094827,1.6659708064920735,0.9865816138428102,0.00698091063907873
/home/iiitn/Datasets/FaceForensics++/original_sequences/youtube/c23/videos/561.mp4,0,7.545773070877949,4.9292873276596625,1.5308040634061695,0.8353751116425355,0.06307176167236306,4.224476713598105,6.82981778730797,0.6185343218743787,0.860996541061139,0.03256772763019162,0.15682600263538465,0.08925226996144968,1.7571094012860602,0.9889210970749612,0.009995176364318754
/home/iiitn/Datasets/FaceForensics++/original_sequences/youtube/c23/videos/582.mp4,0,37.235793344818795,73.94864721560188,0.5035358285359234,0.9226084912898772,0.24650673756852742,20.518432304586124,45.96361373573275,0.44640598588606645,0.9724044092850465,0.23937496673608838,1.907069629341041,1.5926625706467525,1.1974097115665958,0.9965266005699985,0.05521598079528042
/home/iiitn/Datasets/FaceForensics++/original_sequences/youtube/c23/videos/580.mp4,0,55.52185395318835,25.224453054234512,2.2011123029630055,0.9009818001888755,0.08562092907052629,31.52203899848624,19.919809949121966,1.5824467742914226,0.9300717320059761,0.09280812257942139,0.8991613869614569,0.5275849855814138,1.704296770255043,0.9964319398016054,0.014228305191367271
/home/iiitn/Datasets/FaceForensics++/original_sequences/youtube/c23/videos/578.mp4,0,22.345866454262893,28.207537517446877,0.7921948677881423,0.8833459731458858,0.08093958308616495,11.724188179194066,24.118678388535074,0.4861040887201852,0.9224583165595591,0.05520707240554959,0.8361103998186158,0.5337960241511316,1.5663481217347754,0.994890421562665,0.009727142030578523
/home/iiitn/Datasets/FaceForensics++/original_sequences/youtube/c23/videos/569.mp4,0,1.0480185799930541,0.8138884340849372,1.2876685994086545,0.8314497446272929,0.046160572968277115,0.9595171826679572,3.8840932344346384,0.24703762879873886,0.6826687611103175,0.05169177271480756,0.08462316457472702,0.04893181665062566,1.7294098271261504,0.9893236399183248,0.006170037503693779
/home/iiitn/Datasets/FaceForensics++/original_sequences/youtube/c23/videos/564.mp4,0,1.1869855283870778,1.7496634978797896,0.6784078937609691,0.8617222077364725,0.06812614170741152,0.9974463013560912,6.6026649615056625,0.15106722924324104,0.6791701728150988,0.08164213067161975,0.2504610716124827,0.18267308178705668,1.3710891017016233,0.993239390187027,-0.007571903669014209
/home/iiitn/Datasets/FaceForensics++/original_sequences/youtube/c23/videos/587.mp4,0,12.355849983122916,68.52779563544028,0.18030420894981894,0.9421936655442696,0.2709177099875873,7.298467112053035,35.19711704575736,0.20735979888821002,0.9475323353153305,0.2249009332222637,0.7457507286005836,0.6013899161788577,1.2400452826661494,0.992303873894184,0.02635344220661717
/home/iiitn/Datasets/FaceForensics++/original_sequences/youtube/c23/videos/577.mp4,0,4.416139494245161,5.324317544346974,0.8294282708464562,0.763031260959408,0.060017898321200136,4.1762905406714745,9.28124170052593,0.4499711003577055,0.7258263082827021,0.05864391493691514,0.25288313680587876,0.1655137427764116,1.527867913345977,0.9948707344879283,0.005990889903879338
/home/iiitn/Datasets/FaceForensics++/original_sequences/youtube/c23/videos/583.mp4,0,17.26165947545438,22.25921855252949,0.7754836242215162,0.9173746067904484,0.16323058082621378,10.155907043308009,18.187350075252837,0.55840499035244,0.9285681223365035,0.1567468161304603,0.4916370832247609,0.3203415274627334,1.5347279109229912,0.9929831630601785,0.017376923317915155
/home/iiitn/Datasets/FaceForensics++/original_sequences/youtube/c23/videos/589.mp4,0,34.17819963938958,109.8860874741461,0.31103300176586046,0.947560076475928,0.1511311820793643,19.338771933360484,63.110124265238916,0.3064289946900372,0.9731269953196072,0.11872154836160399,2.186902253613694,2.245225194958929,0.9740235672233751,0.9961838488533363,0.023865518966460532
/home/iiitn/Datasets/FaceForensics++/original_sequences/youtube/c23/videos/588.mp4,0,6.540015147114815,15.572826603084886,0.4199632676716041,0.8369161565093198,0.04360000247278158,5.841608313765936,11.702838090926969,0.4991616792763155,0.8591950214324283,0.02640649342162924,0.44804897510443026,0.2972181610819426,1.5074750932898202,0.9906963354352184,-0.013924475689144938
/home/iiitn/Datasets/FaceForensics++/original_sequences/youtube/c23/videos/585.mp4,0,15.33499856394581,20.579397622442293,0.7451626546747243,0.8996678520250496,0.05646341355730749,9.991849929466785,13.94419789780333,0.7165596761245644,0.9256972236608657,0.0565922711861365,0.5828862437098046,0.38348359621318256,1.5199769937115433,0.9946975329488682,-0.012942349563305502
/home/iiitn/Datasets/FaceForensics++/original_sequences/youtube/c23/videos/584.mp4,0,26.942277622095208,124.42350511815194,0.21653688020210454,0.9433740587918429,0.0501293375755072,18.892219580588,96.34561783015164,0.19608800074221566,0.9743565047567587,0.047785591580048595,0.4276461107813123,0.2909815619305634,1.4696673835415077,0.9818570531985609,-0.007934152762210914
/home/iiitn/Datasets/FaceForensics++/original_sequences/youtube/c23/videos/592.mp4,0,3.2474802146437405,14.640459561577407,0.2218154560644029,0.7581258918395983,0.10301959157426142,2.383778410950803,14.559952353530297,0.1637215804743219,0.8145003946888266,0.11704364791403732,1.4287188634535552e-27,6.841454293014679e-28,0.0,0.0,0.0
/home/iiitn/Datasets/FaceForensics++/original_sequences/youtube/c23/videos/597.mp4,0,12.649393566118784,15.955567521003976,0.7927886958246436,0.9011338010407858,0.1327879368482287,8.346220176948323,10.520750525728397,0.7933103400311337,0.9460127891154541,0.14884070856249637,0.8735740938695967,0.5924751792055863,1.4744484233768556,0.9950461551584439,-0.013202315001386486
/home/iiitn/Datasets/FaceForensics++/original_sequences/youtube/c23/videos/591.mp4,0,16.69640842911412,50.519679675580285,0.3304931570495422,0.8977087484535443,0.017901419660322913,10.661215645158313,45.38001084215339,0.23493197659739504,0.9457584566429933,0.017716776903827083,0.4273954722171432,0.2748576983930057,1.554969988892329,0.9922025782601058,0.0010412311874126823
/home/iiitn/Datasets/FaceForensics++/original_sequences/youtube/c23/videos/596.mp4,0,75.72145709460726,67.98725317902154,1.1137596174862412,0.9096151365427079,0.34765664768381077,42.59927335547507,47.982285692075116,0.8878125070751034,0.9623590540656194,0.28081167236708,2.6966198392155967,2.2643626866265927,1.190895723172763,0.9971202433858822,0.06560709387109398
/home/iiitn/Datasets/FaceForensics++/original_sequences/youtube/c23/videos/598.mp4,0,107.16304970600243,139.82272776149063,0.766420820288966,0.7761481126678639,0.3692571836920163,55.03458133536342,107.73577209886894,0.5108292284280311,0.8742128294229218,0.32626429141900415,0.17195527672304065,0.08437379607854985,2.0380175447238935,0.9802174429382067,0.07423166410059287
/home/iiitn/Datasets/FaceForensics++/original_sequences/youtube/c23/videos/581.mp4,0,0.5077856273004374,4.592976375977793,0.11055698652321841,0.7997180092677324,0.03204821877640382,0.46118795927951856,8.218440817788968,0.05611623536684338,0.6726864857342107,0.029265949457501016,0.01785563838566521,0.010965740848120345,1.6283111768709977,0.9848572293268901,-0.004790808346606684
/home/iiitn/Datasets/FaceForensics++/original_sequences/youtube/c23/videos/579.mp4,0,5.4307096143350995,15.398536500492533,0.35267699720433787,0.8547434377724493,0.04164520496445189,3.196006464053603,13.373516300087653,0.23898026460196228,0.8873224976177139,0.05299288419221229,0.4014559746376721,0.31110924086257624,1.2904019614608746,0.9944560496102101,0.007440562223162942
/home/iiitn/Datasets/FaceForensics++/original_sequences/youtube/c23/videos/594.mp4,0,10.695453715962081,4.1788243511938585,2.559440841993388,0.8857058084756244,0.08379916025866922,6.101624090070292,4.36702504927078,1.3972038221052019,0.8558244170229936,0.061400023493838496,0.4413246061154954,0.25493738458228643,1.7311098050158609,0.9932605650416683,0.023151739451614948
/home/iiitn/Datasets/FaceForensics++/original_sequences/youtube/c23/videos/600.mp4,0,20.79400608998763,92.53139949324644,0.22472378245511476,0.9478106443824688,0.27349289056168063,11.5164865945427,66.75606289222063,0.172515964776658,0.95406134607106,0.2416601648404564,1.8332021100025433,2.1612866083848323,0.848199448833178,0.9960829292073953,0.06689998040392484
/home/iiitn/Datasets/FaceForensics++/original_sequences/youtube/c23/videos/601.mp4,0,14.469572822982665,156.2520937013811,0.0926040252019661,0.9185882885282407,0.20371815410474,8.944148257089063,78.42298069977836,0.11405009319053261,0.9589838783414888,0.16690851747577606,1.07688435153601,1.0576053872777635,1.0182288824264312,0.9966282950945698,0.03485001716870037
/home/iiitn/Datasets/FaceForensics++/original_sequences/youtube/c23/videos/595.mp4,0,16.47445281740587,7.641204027795567,2.1560022160746612,0.8896110522697639,0.23013676887389836,9.161746984758087,14.868081395394805,0.6162023694325361,0.852567432452216,0.2392169038208154,0.1168472690749318,0.06246114116805846,1.870719408736731,0.9919063319122913,0.023352683716685828
/home/iiitn/Datasets/FaceForensics++/original_sequences/youtube/c23/videos/586.mp4,0,3.100766884088005,27.507994648121667,0.11272238939088697,0.7653084310061473,0.014239837741589304,2.3476563041162457,36.761254667473686,0.06386224641547529,0.8010234889388474,0.026356089335760814,0.24639809844826285,0.1732960378366463,1.421833421722686,0.9862653519874728,0.0004833760145180755
/home/iiitn/Datasets/FaceForensics++/original_sequences/youtube/c23/videos/599.mp4,0,5.732113474076248,43.30152035371511,0.13237672551108134,0.8926591775165121,0.061288838933806065,3.3427827605256595,28.742780018617765,0.1162999110858593,0.9019163312383199,0.037674784032774536,0.5570135494670762,0.49020093770504114,1.1362963768997048,0.9954548263910309,-0.0023925366588888916
/home/iiitn/Datasets/FaceForensics++/original_sequences/youtube/c23/videos/606.mp4,0,44.69198522873857,87.07740411480704,0.5132443448798095,0.8926310652816669,0.4552708180888086,22.046395368846635,45.508543001474756,0.4844452033573608,0.9366984000323476,0.4559516855167615,1.028782212903639,0.6983036547270337,1.4732590985876897,0.9904564659907441,0.10775971603760025
/home/iiitn/Datasets/FaceForensics++/original_sequences/youtube/c23/videos/605.mp4,0,14.40544727013409,9.321043770142083,1.5454757670250168,0.9202421855207165,0.11962434761741111,7.824689216270613,8.103281174582307,0.9656198578934225,0.9185836936175757,0.07653139503635907,0.38145324144982307,0.21982103273798473,1.735290007050852,0.9938716086844224,0.010788411207767162
/home/iiitn/Datasets/FaceForensics++/original_sequences/youtube/c23/videos/603.mp4,0,2.92005795777053,7.075898789427861,0.412676614613737,0.9291934499150721,0.04347902351307749,2.470714857610225,4.452574001280811,0.5548958550491262,0.9554730741458215,0.005285365822089986,0.5708769390426347,0.7002193540973928,0.8152830048214178,0.9962130404646826,-0.0019414219049793942
/home/iiitn/Datasets/FaceForensics++/original_sequences/youtube/c23/videos/609.mp4,0,25.49425434629548,49.82131032336422,0.5117138465613515,0.8998063910213343,0.2649599607740923,13.939531591254834,38.82497345574941,0.3590351866471294,0.9289787432231713,0.1384872191448146,1.6158956564021452,1.2911612392560765,1.251505704533982,0.9944569132068332,0.04225307746323146
/home/iiitn/Datasets/FaceForensics++/original_sequences/youtube/c23/videos/608.mp4,0,25.53504239403706,36.19922876926709,0.705402939847054,0.9299754769260146,0.2221345508211119,13.741637113021477,36.22748379664609,0.3793152510993233,0.9485278915827845,0.20694795508192615,1.5217786967549731,1.1725352731078715,1.2978532344885558,0.9945854539307208,0.010781912256348425
/home/iiitn/Datasets/FaceForensics++/original_sequences/youtube/c23/videos/590.mp4,0,10.100741371664023,17.80774347894488,0.5672106285452007,0.9025512959964452,-0.005573792144285598,5.99745657174974,19.782440154246096,0.3031707173122648,0.8852890408218503,0.0076232270144264026,0.4242344551809415,0.30478270649827577,1.3919242992985938,0.9883743168324969,-0.004187929784705034
/home/iiitn/Datasets/FaceForensics++/original_sequences/youtube/c23/videos/611.mp4,0,28.59680034482749,11.377968222508727,2.513348586108301,0.9221391054955971,0.3015447529255246,20.66372898770442,7.447127876255627,2.77472460941466,0.9407517930347495,0.35364799716014966,1.3054745364614753,0.8162670426211447,1.5993228542823665,0.9968929764595834,0.05462936392737663
/home/iiitn/Datasets/FaceForensics++/original_sequences/youtube/c23/videos/604.mp4,0,16.663265455169775,79.94166569024873,0.20844281028287803,0.8995145208950155,0.01636005811661402,10.017428474501122,65.94350429193089,0.15190925295923186,0.929565976867636,0.02040951328599872,0.2841550901345039,0.20761652093919924,1.3686535582479926,0.9921531333731167,0.0020549681825327566
/home/iiitn/Datasets/FaceForensics++/original_sequences/youtube/c23/videos/610.mp4,0,4.952886499622294,5.726255755495436,0.8649432912368704,0.950119082760926,0.01791961428661363,3.6078732446266355,3.1357641285478803,1.1505563227095723,0.953183575871439,0.01367929231056254,0.3574190840408356,0.26578630531140285,1.344761099041853,0.9916529264938964,-0.00868162666525457
/home/iiitn/Datasets/FaceForensics++/original_sequences/youtube/c23/videos/616.mp4,0,14.303562632068727,26.29943942117257,0.5438732895786947,0.9199094618383762,0.17965574065888767,7.887187457325201,16.57487531806768,0.4758519932109329,0.9446095605968775,0.1459321182254955,1.2002024200504842,0.8486702512642396,1.414215260005376,0.9942679664995202,0.013309140050329049
/home/iiitn/Datasets/FaceForensics++/original_sequences/youtube/c23/videos/617.mp4,0,40.73134088375769,94.14204697618125,0.43265833059762415,0.9312409834918616,0.3244505442852055,26.42977225635383,58.01899953480478,0.4555365047358147,0.9532255623494862,0.3355405331406148,1.3404176544570305,0.9331281631251139,1.4364775466296875,0.9974442420594158,0.07993555377050467
/home/iiitn/Datasets/FaceForensics++/original_sequences/youtube/c23/videos/593.mp4,0,2.2950745049521117,23.380711311416963,0.09816102146693077,0.7160555694156532,0.037902792424416534,1.5944710984880546,47.522559505801915,0.03355187757286914,0.768462688107947,0.02445734030787435,0.0009099236727857364,0.0005007928148723452,1.8169663097456399,0.9854386792796189,0.0073461584656244385
/home/iiitn/Datasets/FaceForensics++/original_sequences/youtube/c23/videos/613.mp4,0,2.0855990104010735,22.465224960022777,0.09283677390778103,0.9092203670172654,0.11271376522358478,1.4031948512155532,22.01079631420177,0.06375029922521186,0.9089296059641784,0.0744194846958051,0.3343643212797048,0.29099473094558154,1.149039091509302,0.9805401787243619,0.002531679302947119
/home/iiitn/Datasets/FaceForensics++/original_sequences/youtube/c23/videos/612.mp4,0,6.494010833790483,18.726831967782676,0.3467757304045163,0.8798522731104571,0.04760860763222467,4.0256951283219875,20.14439675656064,0.19984193008961149,0.9284520318421313,0.021615964717650225,0.5209583437159075,0.41245184621211956,1.2630767652037234,0.9951535711112317,-0.0016814157116555818
/home/iiitn/Datasets/FaceForensics++/original_sequences/youtube/c23/videos/615.mp4,0,18.329579830665214,57.12162374700964,0.3208868836055239,0.9012762813134021,0.09360534317447039,10.997130824693544,55.70844062776354,0.19740510954479815,0.9311601562119146,0.07048279330278094,0.8480148555879617,0.705547616088564,1.2019243439432366,0.9926027206887053,-0.002061836717984984
/home/iiitn/Datasets/FaceForensics++/original_sequences/youtube/c23/videos/614.mp4,0,40.15522844601677,49.65110318373505,0.8087479606932684,0.8649076692656471,0.1961038114604988,22.54903384351158,39.42586185892483,0.571935089819911,0.9424782993743541,0.2054889551104351,0.6040312326066001,0.3897312255613177,1.5498661461796726,0.9936071736949791,0.021033288175327673
/home/iiitn/Datasets/FaceForensics++/original_sequences/youtube/c23/videos/618.mp4,0,20.102782531282756,15.460710138016772,1.3002496231949567,0.7686392195238172,0.17298862315319857,11.164028651506792,25.95934318207793,0.43005820960887503,0.8498891320360005,0.13491955467773983,0.12464027096002539,0.07060999516301646,1.7651930250422745,0.99366710616493,0.01202592491251725
/home/iiitn/Datasets/FaceForensics++/original_sequences/youtube/c23/videos/623.mp4,0,67.88839942317581,99.1214597875657,0.6849011260394299,0.8377224007995329,0.11224301276699646,34.7955407112271,67.47844861444793,0.51565412995842,0.9434761876343417,0.07522097307669127,2.3148938160870025,1.7092441375048992,1.3543377246659518,0.9964533122431071,0.023547929364957226
/home/iiitn/Datasets/FaceForensics++/original_sequences/youtube/c23/videos/625.mp4,0,19.112462414660534,44.00438343494253,0.4343308762163888,0.8672446200792772,0.07846815986030128,10.470965155839307,26.911301202572332,0.38909174539796815,0.9050196658983142,0.06400059109204524,0.902204864625774,0.5455795151538231,1.6536633791527207,0.9963523077963861,0.021424646761996596
/home/iiitn/Datasets/FaceForensics++/original_sequences/youtube/c23/videos/619.mp4,0,16.394435365914607,17.304044084467183,0.9474337493528997,0.777443639663018,0.1102704717151032,9.559341314040521,29.654888800044308,0.32235296441328215,0.8848781026326836,0.040122540480299895,0.1907341921971594,0.11010949406357388,1.7322229460707108,0.9935555606754135,0.0013388779184509347
/home/iiitn/Datasets/FaceForensics++/original_sequences/youtube/c23/videos/624.mp4,0,23.929686918617207,34.49507460726419,0.6937131515459294,0.969905609419247,0.09760979390150541,16.313167828609384,19.545469662228566,0.8346265457173652,0.9803270945525876,0.06339562767868476,2.0707947713851116,2.099405461497112,0.9863720035806719,0.997571514703765,0.001900839303551906
/home/iiitn/Datasets/FaceForensics++/original_sequences/youtube/c23/videos/627.mp4,0,24.638249620407713,133.24013057497487,0.18491613235506138,0.8634105889557346,0.2084947382452155,16.14338220850038,65.4346393517657,0.2467100356695825,0.9240955865179753,0.1622180177646944,2.225183686504225,2.135049320067243,1.042216526611265,0.9965965749093385,0.04268797579081623
/home/iiitn/Datasets/FaceForensics++/original_sequences/youtube/c23/videos/607.mp4,0,0.3566862090894187,5.124826433205813,0.06959966620104541,0.5160758381437999,0.008099836583327734,0.34509291071930015,5.439417242492362,0.06344299312497256,0.5341407363151612,-0.003333978615973394,0.10513017990479828,0.07461272285142038,1.4090114378233944,0.9937343924863575,0.007544389967546866
/home/iiitn/Datasets/FaceForensics++/original_sequences/youtube/c23/videos/621.mp4,0,7.191790101491466,20.69438699886518,0.3475237078482123,0.7911942401039407,0.07104092665067699,5.846180930430298,23.177288892991886,0.2522374794317728,0.784887602127207,0.12750014102498974,0.0010602674754351133,0.0005493648866741078,1.929987702443169,0.9662614952833956,0.003991767874069301
/home/iiitn/Datasets/FaceForensics++/original_sequences/youtube/c23/videos/602.mp4,0,2.371114991380451,1.0342368372051614,2.2926228365525656,0.8076343813194126,0.08241477295099546,1.310894641313631,2.1624796822157957,0.6061997493407274,0.8397651444456269,0.06607253583414206,0.4007888674845939,0.4449434427380711,0.9007636229410171,0.9973126908336569,-0.004888666386677297
/home/iiitn/Datasets/FaceForensics++/original_sequences/youtube/c23/videos/622.mp4,0,10.561448887248472,92.40138233272616,0.11429968492482047,0.8814685224535449,0.06174819876066522,4.980464158550338,49.44705107733851,0.10072317863325272,0.9066804026096117,0.06941149724069608,0.11833296187050939,0.07390023946777424,1.6012527526668026,0.9833920365775919,0.005491002004732505
/home/iiitn/Datasets/FaceForensics++/original_sequences/youtube/c23/videos/626.mp4,0,12.460530110010879,49.55738436003782,0.25143639582517646,0.9105641570848811,0.04359462176694375,7.230226779508665,52.412397196951325,0.13794879009901928,0.9283788858853863,0.016657106728860303,0.9688727058197961,1.068879870757122,0.9064374139008833,0.9979208678275707,-0.008113825655566355
/home/iiitn/Datasets/FaceForensics++/original_sequences/youtube/c23/videos/630.mp4,0,13.152323980360839,35.71088701028831,0.3683001202566504,0.9728259018461122,0.34034592501583427,7.71729404507403,20.200284251381827,0.38203888366304145,0.9798352962064184,0.3394185830360175,1.8233228557569616,1.8803159459255234,0.9696896203576528,0.9958408125976503,0.07505359747875605
/home/iiitn/Datasets/FaceForensics++/original_sequences/youtube/c23/videos/628.mp4,0,13.85389038095787,61.381421138491,0.22570168829588055,0.87743731177611,0.06885002482371214,7.658949032462231,33.47436014242888,0.22880046100580975,0.9216846071875219,0.045132049056223325,0.3566373828224329,0.20747607817089198,1.7189325437734615,0.9897017570560832,0.010512768995447322
/home/iiitn/Datasets/FaceForensics++/original_sequences/youtube/c23/videos/631.mp4,0,104.94410560505337,115.19405669013531,0.9110201395836448,0.9225055942556678,0.18865713030665687,51.9015503909769,75.21135055589993,0.6900760325052493,0.9699056537691334,0.16565251921233773,0.9730018715127583,0.5982793566917354,1.6263336861447142,0.9930353980616521,0.043359415359154954
/home/iiitn/Datasets/FaceForensics++/original_sequences/youtube/c23/videos/636.mp4,0,11.10103162051179,8.201590805076009,1.3535217599055664,0.9526990694990269,0.02784453006993005,6.300411946349861,19.500630960261926,0.32308759440598306,0.9050656413619796,0.019313554076689582,0.7965179853547145,0.6360515155271106,1.2522853352446173,0.9951358758633969,0.004184838066607518
/home/iiitn/Datasets/FaceForensics++/original_sequences/youtube/c23/videos/635.mp4,0,20.70959021251765,103.49245339577435,0.2001072496882486,0.863844146598708,0.1874286349379898,12.822032779197722,48.212064301777986,0.26595071098676987,0.9287471008475592,0.14470253251592724,1.7302890618809146,1.451228854762017,1.1922923501715104,0.9965944768173999,0.01787317364403113
/home/iiitn/Datasets/FaceForensics++/original_sequences/youtube/c23/videos/633.mp4,0,2.5222981010526926,10.80331893133095,0.2334743718189897,0.8822368465206037,0.03460956173893566,2.236186690706021,7.868665177186233,0.28418882241799265,0.9082199446650168,0.02868808921831203,0.4378627523122079,0.3623693749845221,1.2083326642349683,0.992547343438214,-0.009308289804761418
/home/iiitn/Datasets/FaceForensics++/original_sequences/youtube/c23/videos/634.mp4,0,7.131166682393605,18.697859755732548,0.38138946251360517,0.8331373622385017,0.028544761047429316,4.346743232385136,12.598856967869281,0.34501091991682936,0.8913781429580822,0.05111465814032989,0.550573092758268,0.4208121037007501,1.3083584999489324,0.9966965863275727,0.0037395880507188344
/home/iiitn/Datasets/FaceForensics++/original_sequences/youtube/c23/videos/642.mp4,0,58.753860354032234,27.971069192290532,2.100522505955051,0.8797688516404151,0.10907536744181787,31.610101277419037,24.819135038770224,1.273618167113422,0.9080835209346162,0.09194230391623152,0.6378406068694188,0.3707724440100402,1.7203020806264302,0.9952629531653772,-0.003627374378763712
/home/iiitn/Datasets/FaceForensics++/original_sequences/youtube/c23/videos/629.mp4,0,5.837557481913197,52.58092306319057,0.11102044509370351,0.8744345284612572,-0.009188771277500972,3.951107782837736,52.12795079309854,0.07579633810122537,0.9496156795420788,-0.022004975549105077,0.3993609887486542,0.3288033333869008,1.2145892337372646,0.9925914907514833,-0.0047936104294186
/home/iiitn/Datasets/FaceForensics++/original_sequences/youtube/c23/videos/637.mp4,0,3.8680884249594354,22.61007156649892,0.17107811505960632,0.7724429075407393,0.061336423998914376,2.825152823284848,10.692762635026106,0.2642116840815807,0.8280172281292052,0.047671041002715124,0.04488654823514237,0.024780240226827604,1.811384709117842,0.9882553723953408,-0.002487391315116051
/home/iiitn/Datasets/FaceForensics++/original_sequences/youtube/c23/videos/640.mp4,0,13.598479900881442,43.8174600187131,0.3103438650956479,0.9247283882293852,0.0027520827544219536,7.409367440731767,41.595207952866396,0.178130313692089,0.9535246699581474,0.03382613084663645,0.4829668797286752,0.37401916927100026,1.2912891087107237,0.9933708466366319,-0.006098658247940521
/home/iiitn/Datasets/FaceForensics++/original_sequences/youtube/c23/videos/641.mp4,0,7.67067533275257,15.829881166112791,0.4845693566653724,0.9548122264823591,0.03253366892896753,4.960739714637941,8.14223650118963,0.6092600864532917,0.9598893744301741,0.011563351963132013,0.3264675887051583,0.22836119114921616,1.4296106403291498,0.9880828588571889,-0.01324386347119233
/home/iiitn/Datasets/FaceForensics++/original_sequences/youtube/c23/videos/638.mp4,0,4.932784659755344,20.682042682932305,0.23850568028399277,0.9165410000027269,0.044105695257067735,3.243432366192201,16.116565553627094,0.20124835873994595,0.9429637447340168,0.045700110073206894,0.4536467718275842,0.34641449244251304,1.3095490567643218,0.9921868101960589,0.004633945262713573
/home/iiitn/Datasets/FaceForensics++/original_sequences/youtube/c23/videos/639.mp4,0,14.973440958382858,39.765338816562625,0.37654503655696964,0.8814092549855186,0.04291110352573298,8.063098256600158,40.4298979089474,0.1994340493948104,0.9057153992348014,0.01951577026166409,0.42847393147316853,0.2719607466127749,1.5754991733540185,0.9950558900949874,-0.008429454408466033
/home/iiitn/Datasets/FaceForensics++/original_sequences/youtube/c23/videos/646.mp4,0,4.332389606759676,14.446487757229477,0.299892242292014,0.9314049507948085,0.0827243381083699,3.3774191775314666,10.199221917970448,0.33114478777843304,0.9424254136281308,0.18035098407416555,0.5387159996071914,0.43428497720857456,1.240466578120803,0.9908400957857896,-0.00399275511149714
/home/iiitn/Datasets/FaceForensics++/original_sequences/youtube/c23/videos/644.mp4,0,30.917779107184742,79.4067378230268,0.3893596432092572,0.8794388935397667,0.11048326710175864,17.481373771798488,50.328947510942534,0.34734232755409167,0.9055732692256181,0.0692858999838966,2.16825212980131,1.6281878343550866,1.3316965549371882,0.9974009401937803,0.038677997292626685
/home/iiitn/Datasets/FaceForensics++/original_sequences/youtube/c23/videos/620.mp4,0,6.727913311444713,7.2406491262238335,0.9291864851008843,0.9108043496973949,0.03587562202306627,4.381135446858712,15.183577033205774,0.2885443553437621,0.78799311662736,0.0354116215338707,0.56365137354643,0.3564603274296445,1.5812457380903893,0.9968278941878284,-0.0014785413146801004
/home/iiitn/Datasets/FaceForensics++/original_sequences/youtube/c23/videos/648.mp4,0,33.90773377870064,43.1557970611347,0.7857051911396002,0.8536599033917076,0.03492351080446007,20.514305086049205,41.75207629419121,0.49133616593106466,0.931050133971838,0.0028833993869779116,0.5299056113966565,0.3180843467006277,1.6659279744293396,0.9941521147016328,0.00820876890820942
/home/iiitn/Datasets/FaceForensics++/original_sequences/youtube/c23/videos/643.mp4,0,10.856415151500066,6.930637754653117,1.5664381166381474,0.8266490890557613,0.03412037826685414,6.525931309598278,7.82253416307939,0.8342477224834903,0.7929971089876363,0.022508576832751575,0.36749143623533387,0.21010203797096075,1.7491093365126078,0.9961424679566159,0.00904224560000944
/home/iiitn/Datasets/FaceForensics++/original_sequences/youtube/c23/videos/650.mp4,0,29.897453694042905,8.107623098632748,3.687573204911899,0.9221769705314525,0.1527012588401679,16.408023752674225,6.0844536618728995,2.6967127476854764,0.9365228926695299,0.1267155317382386,0.9783413690842878,0.5579959407160634,1.7533126994235921,0.9960916932890808,0.007428986183945452
/home/iiitn/Datasets/FaceForensics++/original_sequences/youtube/c23/videos/632.mp4,0,2.6357108251840704,34.781389647795734,0.07577934211007317,0.8901604685333581,0.13982518800022145,1.7343199548863044,26.243141517531814,0.06608659842525662,0.9103548017297229,0.09666862629600094,0.562170642629543,0.8633256849118753,0.6511686753382381,0.9955701478668885,0.020135756768506843
/home/iiitn/Datasets/FaceForensics++/original_sequences/youtube/c23/videos/654.mp4,0,101.13119333129238,53.58406493297989,1.887337092805145,0.8612251003030339,0.4512368664931153,69.65630834677022,33.27183867843451,2.0935515172450834,0.8954646740050126,0.43348782563598237,0.9412543126254637,0.4502046147801509,2.0907255983706605,0.9884377540385086,0.12404921995483613
/home/iiitn/Datasets/FaceForensics++/original_sequences/youtube/c23/videos/655.mp4,0,53.044881525792476,103.20596690706316,0.5139710727535679,0.8847850393186203,0.18141723183372183,25.989394832337243,105.19597356368399,0.24705693527902636,0.9551368943631742,0.12032924337493937,1.5367139709933095,1.2034108630127796,1.2769653476004816,0.9943334220153323,0.009279236396996423
/home/iiitn/Datasets/FaceForensics++/original_sequences/youtube/c23/videos/653.mp4,0,9.105630198446987,34.23041213444353,0.26600994935975847,0.8655599200158596,0.03122826399004336,5.709443816113718,23.680063040614613,0.24110762738769848,0.8926693660813968,0.010261976884329508,1.1555947419250119,0.939167467477171,1.23044588099843,0.9904822479727536,-0.008723830968381592
/home/iiitn/Datasets/FaceForensics++/original_sequences/youtube/c23/videos/656.mp4,0,53.06026027292284,58.74567754497604,0.9032198195739523,0.9315342822925395,0.330513884292814,24.526598103816923,44.18136412392818,0.555134468800468,0.9507170716561196,0.3064084247833369,1.416127907068902,1.0186357658204088,1.3902200910139386,0.9884069794468271,0.06893222218620064
/home/iiitn/Datasets/FaceForensics++/original_sequences/youtube/c23/videos/658.mp4,0,25.47517747723963,146.37995800742678,0.1740346002555016,0.9313646325335726,0.22205302635878213,15.281925853244603,87.64883248760664,0.17435401498822514,0.9746652038302853,0.19415597837028323,0.9182997726223748,0.8366105399902904,1.0976430832834505,0.9927882358319452,0.04171501363645982
/home/iiitn/Datasets/FaceForensics++/original_sequences/youtube/c23/videos/647.mp4,0,0.0,0.0,0.0,0.0,0.0,0.0,0.0,0.0,0.0,0.0,0.0,0.0,0.0,0.0,0.0
/home/iiitn/Datasets/FaceForensics++/original_sequences/youtube/c23/videos/657.mp4,0,54.74085733558187,47.22846892493135,1.1590648306340674,0.9131377281791351,0.0694710181992306,30.645646792424824,33.77713908837868,0.9072895934803645,0.9478149752549557,0.039521496475413205,0.5800656186411566,0.3484490495432338,1.6647071340890112,0.992058744311045,-0.00015107660678910913
/home/iiitn/Datasets/FaceForensics++/original_sequences/youtube/c23/videos/651.mp4,0,10.07023275668694,70.46164797667338,0.14291792834622222,0.8739831260113236,0.018859756219503965,6.228465453741511,46.41469043978672,0.13419168359684813,0.9243602878892038,0.043678323200769,0.7271590471353685,0.5809844053831079,1.251598219156797,0.9948138751930532,0.00552743807791489
/home/iiitn/Datasets/FaceForensics++/original_sequences/youtube/c23/videos/652.mp4,0,2.877786968675968,1.4798050421817024,1.9447068273488217,0.9102660553465687,0.11890883548300227,1.816936573901538,1.1826266523818536,1.536356863125113,0.9329520874309786,0.05603277788851491,0.36131481861800757,0.28305831839439066,1.276467763489574,0.9963065597513122,0.0006152469159155157
/home/iiitn/Datasets/FaceForensics++/original_sequences/youtube/c23/videos/663.mp4,0,101.2285119815233,70.61911934534291,1.4334434204212287,0.7856913358657431,0.5498943677055521,59.442418759055386,51.11696088835165,1.1628707522125188,0.8692214621979009,0.5006741054923224,1.396493019466084,0.6587718767723936,2.1198431030603544,0.9922718554203721,0.15988443422433554
/home/iiitn/Datasets/FaceForensics++/original_sequences/youtube/c23/videos/659.mp4,0,15.977554143631645,19.29601803046689,0.8280233838092579,0.8955559271481698,0.05228564340700329,10.663258129085284,12.131369418738544,0.8789822287180898,0.9438496816279383,0.037580302738461455,0.4301945794295383,0.26723437422906754,1.609802558786037,0.9935167237397332,0.004862840269905067
/home/iiitn/Datasets/FaceForensics++/original_sequences/youtube/c23/videos/649.mp4,0,4.373087891490923,6.403900149673004,0.6828788377835999,0.9247689070896241,0.1556867173905221,3.358782042928477,4.068824973490254,0.8254918962629402,0.9583657504564883,0.12690643338124954,0.9911502443741279,1.065233704350112,0.9304533271211299,0.9981709942749458,0.001940602639450352
/home/iiitn/Datasets/FaceForensics++/original_sequences/youtube/c23/videos/665.mp4,0,9.752868930960426,188.87807777615217,0.05163579090697326,0.7773092516194348,0.24417599413800015,5.733033993914231,111.84120756231367,0.05126048009379729,0.8316828161173833,0.28454652627032073,1.4027941981371204,1.2147444283913613,1.154806036027501,0.9935803021533008,0.023147010792108905
/home/iiitn/Datasets/FaceForensics++/original_sequences/youtube/c23/videos/666.mp4,0,86.69757487613863,147.8541904641095,0.5863721183958179,0.9484423445529564,0.34333714893163697,47.16843644019277,89.78511409112475,0.5253480704197865,0.9788524474651513,0.3322309019390872,1.6679207836437655,1.2019726158389805,1.3876528979651934,0.9927579802723175,0.04854302138146322
/home/iiitn/Datasets/FaceForensics++/original_sequences/youtube/c23/videos/668.mp4,0,11.583227151830549,55.59738838705812,0.20834120968399436,0.9540445812221211,0.2082320672549476,9.38690102214861,29.633025076240628,0.3167716086358967,0.9544676909297442,0.15868461827379493,0.39400463104845923,0.25488825700502143,1.5457935790297987,0.9850388523773863,0.03141638146038374
/home/iiitn/Datasets/FaceForensics++/original_sequences/youtube/c23/videos/669.mp4,0,38.095857528428525,173.43466969797404,0.21965537567990384,0.8580591331656096,0.19682428513551325,16.420107137978068,79.44190982172437,0.2066932576876165,0.9074599118676424,0.22265787203776485,1.50095420438477,1.0157405629109713,1.477694461746456,0.9917076542198812,0.06087955211625242
/home/iiitn/Datasets/FaceForensics++/original_sequences/youtube/c23/videos/660.mp4,0,12.891706428936557,64.33318118057595,0.20038969303804513,0.9339089884079904,0.025699643816752885,8.02610522902849,33.217186525455865,0.2416250763103526,0.9480189812955907,0.011964714160442114,0.47901535238961596,0.3579035576390341,1.3383922628473282,0.9940962377008083,-0.0032597094226083727
/home/iiitn/Datasets/FaceForensics++/original_sequences/youtube/c23/videos/670.mp4,0,54.503107789342344,55.89823062510467,0.9750417353078837,0.8101800488242555,0.13250576790877092,31.22112845857406,56.6496179496095,0.5511269023269605,0.9098864404215231,0.10128245957318108,1.2566301351381508,0.7693533079767647,1.6333589809899178,0.9973298852503696,0.01890826037371319
/home/iiitn/Datasets/FaceForensics++/original_sequences/youtube/c23/videos/664.mp4,0,28.715409361344495,40.037323185582714,0.7172160143734285,0.8903675734855222,0.11256677414725391,16.681569868491305,46.67741926486551,0.35737986656532367,0.9430778808737933,0.08926439151878905,0.6386616314820155,0.40878215231831067,1.5623520446281671,0.9908835332453219,-0.010128405347394225
/home/iiitn/Datasets/FaceForensics++/original_sequences/youtube/c23/videos/662.mp4,0,2.142587500960176,1.1883153553338328,1.8030462127271425,0.9041387057031227,0.023594619622866783,2.0365636451301703,1.1726443963943374,1.7367273927136166,0.9209452457641375,0.013705632808089882,0.5719933335130435,0.3827032016355385,1.4946134003283633,0.9973256554509616,-0.003067533625615449
/home/iiitn/Datasets/FaceForensics++/original_sequences/youtube/c23/videos/661.mp4,0,8.424758023632359,95.4411045588459,0.08827179926902382,0.9395556984426593,0.11797268165067516,5.963487139526585,76.59060702286347,0.07786186023759274,0.9640845109877862,0.09280941814437656,0.9951239723421758,1.159091876981703,0.8585376121636684,0.9953002051187001,0.018814559256937972
/home/iiitn/Datasets/FaceForensics++/original_sequences/youtube/c23/videos/673.mp4,0,24.41864397132043,51.936298446670556,0.47016527364563887,0.9599101228410372,0.1399567708513034,13.995529813362538,37.24028086549623,0.3758169779629573,0.9747498991560116,0.1295486589814154,0.92824569751931,0.746475985641883,1.2435037635150794,0.9937248538956056,0.0028742931075057946
/home/iiitn/Datasets/FaceForensics++/original_sequences/youtube/c23/videos/674.mp4,0,27.796861462294597,50.11823402036793,0.554625716680241,0.9431543940647803,0.2324505613649534,17.442231446327074,36.448798684801375,0.4785406399031811,0.9802040917238791,0.25803339109499007,1.5834481197768617,1.2536861179874883,1.2630339421152181,0.9963671638603196,0.06645504203759792
/home/iiitn/Datasets/FaceForensics++/original_sequences/youtube/c23/videos/645.mp4,0,3.5296846109695523,1.619281160470443,2.179784892911425,0.9158095123575926,0.005981302949114088,2.5803269951833143,5.101336451741597,0.5058139214288425,0.8154835546634233,-0.015836598615794072,0.4485886896672138,0.35506350521815894,1.263404103983007,0.9976181550182411,0.006274503467297304
/home/iiitn/Datasets/FaceForensics++/original_sequences/youtube/c23/videos/675.mp4,0,25.037210830597797,93.52283027361348,0.26771228754891296,0.9634119346683437,0.07321257537351251,15.052164432800586,61.049805146658706,0.24655548689534842,0.9857422956163231,0.039853746036789206,2.547975349133999,2.7292580608515835,0.933578024622186,0.9984647334354372,0.013240879794021177
/home/iiitn/Datasets/FaceForensics++/original_sequences/youtube/c23/videos/671.mp4,0,10.943995061244195,36.90726235927702,0.2965268719936175,0.9476905184924626,0.005224766850119259,8.098213158740798,18.953973758769052,0.4272567463587503,0.9734205042049707,0.001821645115093748,0.5555345121546748,0.5555056595014191,1.000051939440692,0.9972568198261239,0.0019220138633513951
/home/iiitn/Datasets/FaceForensics++/original_sequences/youtube/c23/videos/680.mp4,0,70.78542764705192,90.15505061822778,0.7851521036442116,0.9525955398543616,0.2602105932696324,38.42300654761224,63.021061752907904,0.6096851668139236,0.986331401407401,0.21842316232747105,2.8146007653868317,2.338785101750123,1.2034456535919669,0.997882169136964,0.08994412254176043
/home/iiitn/Datasets/FaceForensics++/original_sequences/youtube/c23/videos/679.mp4,0,24.906728080200594,101.12419519174041,0.2462984059648162,0.9602908200604986,0.18661771557993678,14.247498110949314,59.27689658749224,0.24035499378615607,0.9559860506940902,0.1277510760961857,0.8204757427678425,0.685575304202712,1.196769687790917,0.9925309079351458,0.0449251132822875
/home/iiitn/Datasets/FaceForensics++/original_sequences/youtube/c23/videos/672.mp4,0,12.297546965048047,9.272510198960278,1.326237092349272,0.8394574438763879,0.06281132163169958,7.868671252930394,6.873027739370407,1.144862432004558,0.8784514028764895,0.04567940561254057,0.24785324329465416,0.15074388087774784,1.6442010239583873,0.9916892763567079,0.011222076137282334
/home/iiitn/Datasets/FaceForensics++/original_sequences/youtube/c23/videos/677.mp4,0,5.638364599837506,23.982831692526073,0.23510003623111056,0.8901384993405347,0.0468703734320684,3.6937262871050898,15.358692458813271,0.2404974444934289,0.9217160777342516,0.06358743298861158,0.44997913598164097,0.3352701224696277,1.3421390867371572,0.9891396883917739,-0.006380522094776323
/home/iiitn/Datasets/FaceForensics++/original_sequences/youtube/c23/videos/676.mp4,0,11.638082921029179,40.71491241585894,0.28584325080105066,0.9171004327876432,0.02969927014451588,7.9090672844471674,32.84659279926688,0.24078805776846646,0.9342347953226359,0.014986479038877999,0.4308929810566595,0.27922230060262915,1.5431897098716272,0.9913661537680353,0.0006843624756377226
/home/iiitn/Datasets/FaceForensics++/original_sequences/youtube/c23/videos/682.mp4,0,67.79124899479596,94.34936715216138,0.718513022832109,0.8229875003504904,0.11094459443692906,34.465619221860656,54.298006428804364,0.6347492567163038,0.9244506971153935,0.05856735365155161,0.8991018702560919,0.47516393075576335,1.8921930139479268,0.9904411121409616,-0.00548367911893403
/home/iiitn/Datasets/FaceForensics++/original_sequences/youtube/c23/videos/686.mp4,0,33.04258345091647,46.36609152030661,0.7126454347881588,0.8401481380074112,0.27213695372700797,16.044847567901126,40.1983957290394,0.3991414900249439,0.9538051662501033,0.23863364834499362,0.5385404202358679,0.3537371887433235,1.522430881946767,0.9941175077252778,0.05236448821952992
/home/iiitn/Datasets/FaceForensics++/original_sequences/youtube/c23/videos/689.mp4,0,15.107546128087241,61.71832679856036,0.24478217268261457,0.8212122172930739,0.23338479803367052,8.450956990973882,34.198199559098526,0.24711701492850904,0.9380602774755588,0.1575333130566663,0.530068879757441,0.3520097707945191,1.5058357004154337,0.9947407342238902,0.005471709301557816
/home/iiitn/Datasets/FaceForensics++/original_sequences/youtube/c23/videos/685.mp4,0,2.695853594812334,47.109736615143674,0.05722497701134966,0.7846027456692805,0.008934785323498085,1.8511082165059716,41.98236049402476,0.044092523496134406,0.8361112206548865,0.00927031668411345,0.4410587829417742,0.3656207522564127,1.206328634848539,0.9952321047055518,0.009294638212779245
/home/iiitn/Datasets/FaceForensics++/original_sequences/youtube/c23/videos/667.mp4,0,6.484399408208925,12.663905793743814,0.5120378747141604,0.9219523223313031,0.01673233813743034,4.286807997407891,12.530980668965539,0.34209676885263096,0.9188269748740573,0.011546016302177086,0.42442182449756244,0.486318910892049,0.8727232583225081,0.9952669217496339,-0.009669602543433888
/home/iiitn/Datasets/FaceForensics++/original_sequences/youtube/c23/videos/690.mp4,0,18.200120181525723,48.40329368564758,0.37600995295331263,0.9021987769815615,0.18891131019857543,10.78155051829585,43.29810449014735,0.2490074483687671,0.9387914315857238,0.11656716884137133,1.079840727672491,0.903254203733356,1.1955003621452993,0.9935229509196767,0.033329681153617584
/home/iiitn/Datasets/FaceForensics++/original_sequences/youtube/c23/videos/681.mp4,0,1.1114941562710288,18.594125725760996,0.059776629063614604,0.8287314531782132,0.1933648868220067,0.8311563665192095,9.687754249276948,0.08579453453634453,0.8589670136161844,0.19559140348702544,0.31705690294782735,0.3064946774797224,1.034461366686551,0.995496342732291,-0.0038322556898842284
/home/iiitn/Datasets/FaceForensics++/original_sequences/youtube/c23/videos/687.mp4,0,7.0465289579866806,47.57304909017165,0.14812018764301693,0.861961547024158,0.23913693242395298,5.041789001529517,46.44449340410525,0.1085551511491752,0.9200980875128293,0.23505936985881595,0.784630955865639,0.6617231716518038,1.1857389758726913,0.9936527370591515,0.04379462135500885
/home/iiitn/Datasets/FaceForensics++/original_sequences/youtube/c23/videos/688.mp4,0,3.1547946699712717,3.299604641282625,0.9561129325921112,0.8852491092570133,-0.004991546432821581,2.1853320866468167,6.45182607656633,0.33871528164470505,0.8565942891050744,-0.025649177022068606,0.2169527196908854,0.1335615306816409,1.6243653287264046,0.9775090270956314,-0.0035510264801842336
/home/iiitn/Datasets/FaceForensics++/original_sequences/youtube/c23/videos/693.mp4,0,32.761192136893406,23.811942435089993,1.3758303097783207,0.8226751331613199,0.08089483689555647,20.325374825590483,22.34952515015507,0.9094320657389653,0.900737987182126,0.046868562987382824,0.4014525443772188,0.22668269701375077,1.770988918280191,0.9945862744782765,0.00502203088068827
/home/iiitn/Datasets/FaceForensics++/original_sequences/youtube/c23/videos/696.mp4,0,23.83050252130548,44.73406433577011,0.5327148980346552,0.8717258878607382,0.3603578505446238,13.828949180997428,27.922042920594254,0.4952699636027603,0.9284396393697995,0.3206059851977715,1.2732694605838912,0.9426424344824191,1.3507448996639018,0.9952639424134943,0.10131377974888123
/home/iiitn/Datasets/FaceForensics++/original_sequences/youtube/c23/videos/694.mp4,0,12.33131019857162,33.23379826187138,0.37104727246055236,0.9078622181484212,0.2728087186683632,9.25271655994164,21.53931432221764,0.42957340338348343,0.9510760889871595,0.2623117748591202,0.4728055194664194,0.29402120957908523,1.608066030825729,0.9920952163932789,0.04323932748239134
/home/iiitn/Datasets/FaceForensics++/original_sequences/youtube/c23/videos/691.mp4,0,17.519775518551256,25.589104619161088,0.6846576220346714,0.883420317122364,0.15978588706997773,11.395549241691919,15.745244988200524,0.7237454387170055,0.9181422902017239,0.1748992250853614,0.4878412024885599,0.2981486996034933,1.6362345471817852,0.989121917309363,0.021521796054195318
/home/iiitn/Datasets/FaceForensics++/original_sequences/youtube/c23/videos/698.mp4,0,14.283858709698267,29.50038830077405,0.4841922270332787,0.7823392927723685,0.16804022434875507,8.397121253962014,20.57037558303353,0.40821428952847943,0.8692699880564311,0.16784343925705203,0.4911454555071224,0.34191437913590467,1.4364574451310255,0.9955657983352114,0.026907130700270388
/home/iiitn/Datasets/FaceForensics++/original_sequences/youtube/c23/videos/692.mp4,0,4.052781379490898,21.857854111300707,0.18541533669563534,0.7873353250514322,0.025042224194192043,2.865206938513392,21.85637477821112,0.13109250585187399,0.8599195710689962,0.016502889750033157,0.7102640035776427,0.6035745439810074,1.1767626893157914,0.9943499040802332,0.01682803907843382
/home/iiitn/Datasets/FaceForensics++/original_sequences/youtube/c23/videos/699.mp4,0,29.978276234984094,18.84007235802352,1.5911975105667304,0.8618937763970864,0.13910013769909182,19.38768744818589,17.586942771904734,1.1023910010759719,0.9405345990936382,0.08561651912560855,0.9119731909794652,0.5116679031232779,1.782353720865974,0.993172596495255,0.04151468981192743
/home/iiitn/Datasets/FaceForensics++/original_sequences/youtube/c23/videos/678.mp4,0,0.9641038902917677,5.578747187191969,0.17281727562511107,0.8896760255422764,0.03513390239750017,0.9574804915057684,9.15493466911587,0.10458627244340962,0.8240358413510904,0.03830965453512846,0.32353506761662165,0.3010404386615541,1.074722947704568,0.994207927649697,-0.004650831751471357
/home/iiitn/Datasets/FaceForensics++/original_sequences/youtube/c23/videos/683.mp4,0,3.7632361574615403,1.3650096494041926,2.756930076724468,0.9054183508792848,0.030957343539202497,2.3008857813138004,14.999356803013166,0.15339896313764492,0.6798217250802936,0.03672317134970104,0.1470552310616797,0.09586591902192243,1.5339677808549605,0.9892647412783395,-0.01141558730146682
/home/iiitn/Datasets/FaceForensics++/original_sequences/youtube/c23/videos/704.mp4,0,17.076975169045145,18.887520799539335,0.9041406413414328,0.8567182569413554,0.143339892036535,10.583862096338727,14.272121349597942,0.7415759603695412,0.8816638796835501,0.13136993915150036,0.6465739531470726,0.3620365617883262,1.7859355142288316,0.9876441371146791,0.0028141697644476706
/home/iiitn/Datasets/FaceForensics++/original_sequences/youtube/c23/videos/684.mp4,0,14.339810541844209,16.463776326438225,0.8709915791808187,0.929188089193603,0.025654197668193154,7.910713561825831,13.400370042413774,0.5903354561693055,0.9349885339322227,0.012351975820405732,0.1761421969779419,0.10683132275744274,1.6487879437556658,0.9887346026773841,0.00992631822442191
/home/iiitn/Datasets/FaceForensics++/original_sequences/youtube/c23/videos/697.mp4,0,1.6594214410145283,0.3757318380500269,4.416504732807828,0.860398262745315,0.014119940951251261,1.181338976719961,0.3427671654911933,3.446476487988792,0.8313601217929326,0.019176865048926805,0.049097272243334274,0.026412060171636758,1.8588959711692081,0.9865120238365362,-0.0003981043238935848
/home/iiitn/Datasets/FaceForensics++/original_sequences/youtube/c23/videos/705.mp4,0,11.480238625274609,67.16603192714904,0.17092328213949776,0.8409579344629302,0.22774229851518157,7.041259711317955,37.1928352465749,0.1893176377825723,0.8987056537973611,0.2006853135258086,1.493798409167032,1.293272557452884,1.1550530478347782,0.99609786244635,0.04097106958457954
/home/iiitn/Datasets/FaceForensics++/original_sequences/youtube/c23/videos/700.mp4,0,1.7402626193266093,13.070598972142454,0.1331432953482587,0.8309010501299138,0.049748122333735025,1.2304119476180944,9.469899183002566,0.12992872720615117,0.8734539807292573,0.056875667135930195,0.13739260439369827,0.09229620809974193,1.4886050816434617,0.985912373955542,-0.006613191989302408
/home/iiitn/Datasets/FaceForensics++/original_sequences/youtube/c23/videos/703.mp4,0,6.835043215256761,36.97684589247139,0.18484657223423154,0.8854295074805001,0.11682698909322135,4.0050305991727555,21.618689402641817,0.18525778897047007,0.9184664166109249,0.11402634264226083,0.7884226928743088,0.7813700645576898,1.0090259771093373,0.9959363544821628,0.008073803965905207
/home/iiitn/Datasets/FaceForensics++/original_sequences/youtube/c23/videos/710.mp4,0,16.924951090176148,78.56243357184341,0.21543313159588795,0.956750337236493,0.2304986734096788,9.931492721674495,38.94824883161013,0.25499202196772874,0.970541804188978,0.21744491999929175,1.7583366383862895,1.9680657059926698,0.8934339097684773,0.994438991915716,0.03886210029082268
/home/iiitn/Datasets/FaceForensics++/original_sequences/youtube/c23/videos/707.mp4,0,28.33857478869317,38.674157876448206,0.7327522134864841,0.9287137994014767,0.10019104657777803,17.896053940955085,25.266200207636462,0.7083001715290048,0.9605080088105046,0.09637892267612698,1.3642698161981395,1.0729350058485803,1.2715307159907077,0.9932310104194269,0.03496809019815887
/home/iiitn/Datasets/FaceForensics++/original_sequences/youtube/c23/videos/695.mp4,0,1.4170114473550397,3.2484914047545086,0.4362060017400983,0.6980157143480233,0.017320927384181693,1.0593102748062335,6.756101971520803,0.15679311521222972,0.6019133028497209,0.006050606735379361,0.0180100046865224,0.009600290177179093,1.875985449828807,0.981897886987846,0.019876379858678437
/home/iiitn/Datasets/FaceForensics++/original_sequences/youtube/c23/videos/702.mp4,0,8.904830919791758,20.926982591950072,0.4255191058082667,0.9354169237301669,0.061557188353387284,5.547929959261534,12.400876525102149,0.4473820820674476,0.9494839532925581,0.06344751475332543,0.7588766910315817,0.5943143345549396,1.276894476388285,0.9902518067189839,-0.0025509963751750913
/home/iiitn/Datasets/FaceForensics++/original_sequences/youtube/c23/videos/712.mp4,0,72.67813844974869,48.30597787692829,1.5045371534536502,0.8421081657496124,0.09251569385468211,37.25666162753333,44.649031514064006,0.8344338133246597,0.9266267546636122,0.05541373149960662,0.42099685969950956,0.24024528409637153,1.752362637556006,0.9917380763103479,0.007729957355275943
/home/iiitn/Datasets/FaceForensics++/original_sequences/youtube/c23/videos/715.mp4,0,8.753474659136636,7.70091600509204,1.1366796694508312,0.9147934678834598,0.10783806957922397,5.332113685922204,7.478289656892554,0.7130124574684972,0.9514770854176554,0.08745058742938645,0.9300357513943855,0.6932871510630797,1.3414870735283033,0.9947545048672631,0.016557046608508243
/home/iiitn/Datasets/FaceForensics++/original_sequences/youtube/c23/videos/716.mp4,0,47.224216220544406,80.16364611149878,0.5890976584929875,0.9036749258033995,0.2038790071941528,27.151745459803717,50.01161832811939,0.5429087553549022,0.9800105163184544,0.1364631806319156,2.765966355928619,3.119819166968451,0.8865790636885942,0.9976053868154002,0.022091431785966596
/home/iiitn/Datasets/FaceForensics++/original_sequences/youtube/c23/videos/714.mp4,0,21.488595545386335,10.767684758161764,1.9956560790933504,0.8750479642978265,0.017502885209266187,13.919991635628989,7.140708350039407,1.9493852644958072,0.9119745259378921,0.02168671886453883,0.5808624240727499,0.3589702526469072,1.6181352627124284,0.9955727951867254,-0.0044912878385354755
/home/iiitn/Datasets/FaceForensics++/original_sequences/youtube/c23/videos/701.mp4,0,3.630664155857111,58.28896673885655,0.06228733084466979,0.8291023005237292,0.08259700690368069,1.9257397946561579,39.67918929406989,0.04853274043439094,0.8351652632298029,0.023196094358427583,0.3093208470707452,0.2529990477788335,1.222616645344638,0.9862900169152944,0.010360569326518436
/home/iiitn/Datasets/FaceForensics++/original_sequences/youtube/c23/videos/719.mp4,0,38.58621061558433,96.6242754548786,0.3993428197410208,0.9270407797294503,0.18594523956860715,21.26752456263282,70.0611221878666,0.3035567215952472,0.9630651882688065,0.1271546357644427,0.1475211292640967,0.08515605897074931,1.732362101383408,0.9893993322784108,0.022873983370017777
/home/iiitn/Datasets/FaceForensics++/original_sequences/youtube/c23/videos/717.mp4,0,2.966755347489355,1.8844823099675458,1.5743078785072002,0.8759599391869038,0.0804973500495516,2.0328179755323577,3.2892540330294984,0.6180179320659138,0.8488833735209091,0.06066761393224428,0.21363495979641842,0.12571915690195318,1.6993031536397407,0.9917120162748129,0.002748571601620883
/home/iiitn/Datasets/FaceForensics++/original_sequences/youtube/c23/videos/720.mp4,0,4.178721807907238,72.64091267109093,0.05752573383580647,0.8379997164925058,0.06125975940696513,3.4717316385300343,53.32956640923766,0.06509956619352275,0.9235576051771986,0.06243918949218344,0.45704851332951857,0.3734590785003877,1.2238248837457144,0.9925724825392802,0.000719238835934139
/home/iiitn/Datasets/FaceForensics++/original_sequences/youtube/c23/videos/706.mp4,0,3.8371811723588056,3.692575331197362,1.0391612433576414,0.9063568797158985,0.06628099984319145,2.308495658505285,9.567796669606127,0.24127766697202585,0.8840470830105748,0.05179027160354963,0.13238718649791767,0.0881964098524336,1.5010496087020113,0.9791713842674458,0.0006148750975878782
/home/iiitn/Datasets/FaceForensics++/original_sequences/youtube/c23/videos/721.mp4,0,19.60142939819598,185.70051081857193,0.10555398750274002,0.9729932823975971,0.1323288817736957,10.957458899469941,110.5274294099441,0.09913791497700482,0.9766784422326067,0.09742526179112809,2.14028005362262,3.196429617766242,0.6695846020593158,0.9969598122033719,0.02166485565071688
/home/iiitn/Datasets/FaceForensics++/original_sequences/youtube/c23/videos/709.mp4,0,6.140433815790217,5.968666671782574,1.02877814316884,0.937432626617782,-0.019093297220195145,3.68518112164412,15.09494328020052,0.24413348584607378,0.7628325309662071,0.0012940168154365282,0.8446474819928494,0.8951838464366023,0.9435463847511105,0.9977149184558257,0.0033368931047820963
/home/iiitn/Datasets/FaceForensics++/original_sequences/youtube/c23/videos/711.mp4,0,6.869453549152387,7.421726198130183,0.925587035383098,0.8678276494422171,0.06249893174631298,4.0582166309191665,9.85252315807293,0.4118961778429272,0.8458529739163835,0.06766256330571664,0.6962913771338725,0.4164797645116392,1.6718492384626131,0.9971527206649405,-0.00389059418369338
/home/iiitn/Datasets/FaceForensics++/original_sequences/youtube/c23/videos/727.mp4,0,13.671716384784284,23.158225729662007,0.5903611332051656,0.9080049130983502,0.099545829732611,7.240996725911722,13.983491362035489,0.5178246647021704,0.9508322326827464,0.0831412340146185,1.0722691455707214,0.8869802277527086,1.2088985887402122,0.9958307503423244,0.008568761006749036
/home/iiitn/Datasets/FaceForensics++/original_sequences/youtube/c23/videos/723.mp4,0,19.702207972375792,13.010691782269669,1.5143090238464485,0.8756350282208812,0.16388710084212854,9.08221226220248,15.921810784080506,0.5704258382019821,0.9063275277291084,0.09675730461240561,0.7666730762645955,0.4917719271652728,1.5590013051048661,0.9955486731320953,0.01928274566107154
/home/iiitn/Datasets/FaceForensics++/original_sequences/youtube/c23/videos/708.mp4,0,10.674907030919757,10.005266471394345,1.0669288080872164,0.8046769574995917,0.015434185729904196,6.950289454721527,19.499817236364745,0.3564284408655942,0.7950376624147703,0.026389478369252994,0.2322107794703561,0.14216288712656114,1.6334135030869865,0.9909345896364248,-0.00019015453883400977
/home/iiitn/Datasets/FaceForensics++/original_sequences/youtube/c23/videos/728.mp4,0,34.729374344605134,7.955828139503225,4.365274580550918,0.869670372289622,0.0626694392501876,19.465928695341525,9.693054878796985,2.0082346524130545,0.8952680275184051,0.05038486645982444,0.07481762964467227,0.037974207553914535,1.9702222762238988,0.9767346506874838,-0.001413660309107866
/home/iiitn/Datasets/FaceForensics++/original_sequences/youtube/c23/videos/729.mp4,0,8.88191955379308,38.06159390644959,0.233356479385064,0.9676555092018698,0.23144339260636435,5.4173560971235935,24.657418842134916,0.2197049144441001,0.9762002108365891,0.198688788133442,1.3173605300489362,1.4757744291918138,0.8926571053073262,0.9977417644636137,0.025242003887115148
/home/iiitn/Datasets/FaceForensics++/original_sequences/youtube/c23/videos/732.mp4,0,9.23225542185262,116.3815371382387,0.07932749170417376,0.9452751196954816,0.19728658134571,6.163925582864262,55.96422096969383,0.11014046967976554,0.9753903882523378,0.18970985065806173,1.078391102103465,1.4260312142802576,0.7562184412967057,0.9950643367231221,0.035480979782994665
/home/iiitn/Datasets/FaceForensics++/original_sequences/youtube/c23/videos/713.mp4,0,3.6433490866792493,9.337842830383957,0.3901703158704204,0.9259087163606073,-0.009603335656984804,2.32464741515318,17.134740510744,0.13566866762269064,0.8375601161130154,-0.02027639888360969,0.22856460407273213,0.18168049616695292,1.2580580133527137,0.9901900781280455,0.0024799794037534423
/home/iiitn/Datasets/FaceForensics++/original_sequences/youtube/c23/videos/722.mp4,0,12.079989621731663,97.3144266459246,0.12413359496721196,0.9263718491256887,0.029389194442434676,7.273437875882573,74.2632137585183,0.09794132933074524,0.9551358641525518,-0.002500980589505244,1.6491755648591664,2.2938683659804915,0.7189495218284867,0.9942137747959434,-0.007418000319212417
/home/iiitn/Datasets/FaceForensics++/original_sequences/youtube/c23/videos/731.mp4,0,32.49064405498603,33.32164793947958,0.9750611408534516,0.8935273851900356,0.1461913848242878,19.05978104641756,34.395587882095974,0.5541344753795819,0.9351033182287433,0.1163034727514574,1.5062274703988645,1.2100573495459745,1.2447570943344264,0.9969770434365094,0.016043312682650312
/home/iiitn/Datasets/FaceForensics++/original_sequences/youtube/c23/videos/725.mp4,0,1.8594986348254217,0.9387636416342665,1.980795327339557,0.9118400750648693,0.04480856573575908,1.3750642437486007,0.9559401223142435,1.43844181413758,0.915948228030509,0.057206419396808615,0.31408458669532074,0.21674809946926388,1.4490765430672656,0.993463899286489,-0.0076967924988670606
/home/iiitn/Datasets/FaceForensics++/original_sequences/youtube/c23/videos/737.mp4,0,123.62121207956079,30.296485671720134,4.080381250124777,0.9235828382927626,0.31618358712964345,59.71300005256537,26.566722892494443,2.2476614934480805,0.9311910177473542,0.23176127190246418,1.9710913806161505,1.0442629558639764,1.8875431418376396,0.992807590133777,0.040029154691637876
/home/iiitn/Datasets/FaceForensics++/original_sequences/youtube/c23/videos/736.mp4,0,21.19054574919101,28.170802533249514,0.7522166159157224,0.8791871820132613,0.15233904819392743,11.423940042903011,18.31637292009465,0.6237009965204386,0.9280466006946776,0.1436675065975056,0.5315130039776123,0.31608251674953397,1.6815640720767449,0.9901891641119623,0.02610712782130781
/home/iiitn/Datasets/FaceForensics++/original_sequences/youtube/c23/videos/734.mp4,0,14.072900170785159,83.5918724742189,0.16835249354086992,0.846917870344971,0.0002628489152402969,8.59500077007533,37.972547444177174,0.2263477524838359,0.8948806185199674,0.005903237532173006,1.391527129402088,1.0617967849495153,1.3105399725506326,0.9918634792876411,-0.0033216077534919783
/home/iiitn/Datasets/FaceForensics++/original_sequences/youtube/c23/videos/735.mp4,0,18.54857741995482,144.8897315695693,0.12801857812158798,0.8278230889840588,0.10315668870118146,12.00778550969295,67.58591287759559,0.17766698707525297,0.8689368245910405,0.07059363671350108,0.30180074725384104,0.15853082079059033,1.9037354739524226,0.9885392510362925,-0.007339822485417908
/home/iiitn/Datasets/FaceForensics++/original_sequences/youtube/c23/videos/718.mp4,0,1.6691914926197242,1.2015521401857774,1.3891960546644635,0.895121946107395,0.03896993120892091,1.2916156719043665,5.336974169995621,0.24201272683045913,0.7329275459089525,0.012346205391732706,0.335021063031339,0.24656678321218037,1.3587436988340813,0.9966155516761607,-0.003052082026090912
/home/iiitn/Datasets/FaceForensics++/original_sequences/youtube/c23/videos/730.mp4,0,5.87868396603113,42.48431706559052,0.1383730367362425,0.827269581994404,0.05666270373775172,4.646467881475107,53.26757635124685,0.08722882097800466,0.8747229908983941,0.04459641614407197,0.03601346005106313,0.020113705539154366,1.7904935508257038,0.9856077943039178,0.007919763785621217
/home/iiitn/Datasets/FaceForensics++/original_sequences/youtube/c23/videos/733.mp4,0,6.983397080237023,5.41551645206166,1.289516363223027,0.7533425034882185,0.026913848242348916,4.109766049158824,3.0500938085941733,1.3474228358415858,0.869163431066757,0.016371875399562804,0.0577553649271639,0.029548604013986676,1.9545886127082586,0.9738029034107649,0.009529136394131577
/home/iiitn/Datasets/FaceForensics++/original_sequences/youtube/c23/videos/741.mp4,0,16.4262278374612,33.9929262672011,0.4832248835638033,0.8669474137524014,0.26297078170896226,9.188350735400372,36.38297068395902,0.2525453684146646,0.9363938118828266,0.21452162254711815,0.9449863268963976,0.7104280628263401,1.3301646941379255,0.9954705724918037,0.016401888700933804
/home/iiitn/Datasets/FaceForensics++/original_sequences/youtube/c23/videos/742.mp4,0,24.257872797762058,55.627980452973055,0.4360732243060531,0.9023829271241651,0.19287394302907976,13.550177953237599,31.151735733954126,0.4349734496003847,0.9708895480631297,0.17196229511581865,1.493896962868079,1.288718569791426,1.1592111713807773,0.9973425508754049,0.004975704023418254
/home/iiitn/Datasets/FaceForensics++/original_sequences/youtube/c23/videos/738.mp4,0,12.035861769627685,96.08598130235862,0.12526137118539518,0.8445761316599594,-0.009571868246468728,7.163889327674076,81.10434176077234,0.08832929498157924,0.9191813012006393,-0.02413140859666225,0.615002860892143,0.474687985116254,1.2955939062614468,0.9951119901241596,0.006506457903011596
/home/iiitn/Datasets/FaceForensics++/original_sequences/youtube/c23/videos/744.mp4,0,82.58674072307424,526.4684967534075,0.15686929271621172,0.984391333829285,0.30038846925298246,49.10298920992059,283.3560400867397,0.17329078001968617,0.9829444818416758,0.2588288226124255,5.854231962720189,7.084649445808832,0.8263262716807338,0.9970213948545212,0.10508261416113557
/home/iiitn/Datasets/FaceForensics++/original_sequences/youtube/c23/videos/739.mp4,0,25.659917586272652,21.742484843085634,1.1801741048209955,0.89377093375977,0.12547683947158764,15.11021262095099,19.668495708074627,0.7682444476293987,0.9390426560688393,0.13743692976075914,0.6485557236133972,0.4591914601365264,1.4123862918107606,0.9943577320462668,0.003177925816859314
/home/iiitn/Datasets/FaceForensics++/original_sequences/youtube/c23/videos/745.mp4,0,7.029306655016185,50.086471677920834,0.14034341848269682,0.7675749489229259,0.1405900342497899,4.536855149684885,24.43815700953031,0.1856463704654822,0.7903273638320926,0.14489215518421528,0.31055561965040673,0.163947677737988,1.8942361607995408,0.977444021310682,-0.0009680693900356906
/home/iiitn/Datasets/FaceForensics++/original_sequences/youtube/c23/videos/751.mp4,0,14.510670279836043,22.56247383965234,0.6431329464561779,0.9343221731598662,0.00948852476254425,10.287233288310183,14.974047908765646,0.6870041655395097,0.9649174301859027,0.008120681069648472,0.8865699599853415,0.6648288574529976,1.3335311036013817,0.9858952588326658,0.007081487162154522
/home/iiitn/Datasets/FaceForensics++/original_sequences/youtube/c23/videos/743.mp4,0,2.4292554621057816,9.258094715479322,0.2623925912147045,0.8364749252599487,0.05036334880304313,1.8682007018145708,6.226007117168261,0.30006401641639524,0.8734490767933613,0.04228763899973713,0.3060385756352339,0.2315870702368218,1.321483860572517,0.9957638688777303,0.006254113349699688
/home/iiitn/Datasets/FaceForensics++/original_sequences/youtube/c23/videos/726.mp4,0,3.4999671846666516,35.039526218574565,0.09988625881623102,0.8499687429646293,0.0687935837368465,2.3132091899256175,26.78902797402121,0.0863491274177198,0.9083590348271482,0.05588490334355722,0.5924162772631852,0.9338592462630692,0.6343742696062581,0.9975392515085885,0.011211843799950749
/home/iiitn/Datasets/FaceForensics++/original_sequences/youtube/c23/videos/749.mp4,0,25.711462912030765,17.23740786518411,1.49160843168087,0.9155853902859636,0.039737396922634824,14.156078263130318,17.907221618705332,0.790523430409959,0.9156399551768476,0.04076820201400451,1.0762409676967553,0.7590863562043988,1.4178109761822097,0.9967081937885757,0.006752743997547929
/home/iiitn/Datasets/FaceForensics++/original_sequences/youtube/c23/videos/746.mp4,0,14.669679123677144,59.629037137550746,0.2460156968464458,0.9592431737622072,0.10114094332828714,9.437651333393921,46.690139432312485,0.2021337149158839,0.9731650734691861,0.09888171764443732,1.4288610211532422,1.4981400771000424,0.9537566232919261,0.9936656491225211,0.012799635825852376
/home/iiitn/Datasets/FaceForensics++/original_sequences/youtube/c23/videos/724.mp4,0,0.9015601338231862,5.204490470086941,0.17322735799113217,0.8472226134494921,0.018115613442768356,0.7505689179081809,6.4798342964379145,0.11583149870372189,0.8067173662875408,0.021868874050476588,0.26270624357470757,0.25111823240892595,1.046145638469259,0.9969725092920535,-0.00023838348264873917
/home/iiitn/Datasets/FaceForensics++/original_sequences/youtube/c23/videos/748.mp4,0,1.1693142249648822,1.8341110844443307,0.6375372979762249,0.9230169125794937,0.03843685303366715,1.0823558687219974,1.425859873499662,0.759089928006347,0.9325521816532124,0.07026152739374232,0.40627703497859774,0.3352199396402842,1.2119715653387537,0.9920411352640172,0.007299021326393672
/home/iiitn/Datasets/FaceForensics++/original_sequences/youtube/c23/videos/747.mp4,0,1.27279130337515,62.26341470682769,0.020442041435860696,0.5097546324167271,0.06785541353498449,1.0551328627996355,40.433121937093894,0.026095755466056216,0.6377941379450054,0.1296762647816221,1.793831571568645e-27,4.153475308794262e-27,0.0,0.0,0.0
/home/iiitn/Datasets/FaceForensics++/original_sequences/youtube/c23/videos/755.mp4,0,19.98080229321832,25.334973490613137,0.7886648194292135,0.8987295972180579,0.28564329779896785,11.588084138714436,21.442878022116158,0.5404164556064955,0.9305380138295399,0.22868646590902617,0.9308029024855281,0.5882437119497287,1.5823422904095141,0.9929509156768909,0.08836953280015926
/home/iiitn/Datasets/FaceForensics++/original_sequences/youtube/c23/videos/758.mp4,0,8.419651900397797,25.51939753774902,0.32993145265060464,0.8299880310424065,0.1315119181475335,7.392393265780716,17.255429427371126,0.4284096954466204,0.8885286359428729,0.1209685301005304,0.3310720196430061,0.17965279864462855,1.8428436525383616,0.9814306398760023,0.006462991852099453
/home/iiitn/Datasets/FaceForensics++/original_sequences/youtube/c23/videos/756.mp4,0,55.12895238489917,71.24493858361994,0.773794650972918,0.969688205619036,0.014374078770247618,27.036771585484388,46.063627496952655,0.5869440392481684,0.9842985775928144,0.01069924847180078,2.6675563356291785,2.379167096631277,1.121214369266555,0.9978237346303418,3.490488434927633e-05
/home/iiitn/Datasets/FaceForensics++/original_sequences/youtube/c23/videos/761.mp4,0,22.19951793161455,67.99467456934741,0.3264890680368413,0.9040754160914686,0.2505407865501758,10.505752036999423,56.75635779918513,0.18510264654703157,0.9569087113304847,0.18559496361203517,1.2998807246286794,1.2518178616720892,1.0383944537206007,0.9962340327192033,0.0352023774144408
/home/iiitn/Datasets/FaceForensics++/original_sequences/youtube/c23/videos/760.mp4,0,10.406935124937602,93.38928334753871,0.11143607437492858,0.9415120721711188,0.13832863223548222,8.2910465678054,46.47516700757734,0.17839734855506,0.9663693547722202,0.20762741671795057,1.6973093107865178,1.9023374701549371,0.8922230347743081,0.9979209339760979,0.03572522555883556
/home/iiitn/Datasets/FaceForensics++/original_sequences/youtube/c23/videos/754.mp4,0,7.795319786655219,16.86349189112433,0.4622601200856916,0.6845464454473099,0.0485201198099225,4.513384456571532,8.664205043310542,0.5209230891939965,0.7467618806719821,0.02381979281326839,0.10387275251354196,0.054182693599953806,1.9170835854057746,0.9838100514960231,0.00651145425799246
/home/iiitn/Datasets/FaceForensics++/original_sequences/youtube/c23/videos/762.mp4,0,84.20570927634573,181.33094783098386,0.46437582929767035,0.9689984763461345,0.14087876553516565,36.48559759981543,104.71745710425874,0.3484194384465396,0.9640853513972347,0.09585653725798052,2.6923405421883704,2.433023388529451,1.1065822691559302,0.9967609206570938,0.06861432918522016
/home/iiitn/Datasets/FaceForensics++/original_sequences/youtube/c23/videos/759.mp4,0,0.0,0.0,0.0,0.0,0.0,0.0,0.0,0.0,0.0,0.0,0.0,0.0,0.0,0.0,0.0
/home/iiitn/Datasets/FaceForensics++/original_sequences/youtube/c23/videos/740.mp4,0,15.494519983816069,82.96898403830089,0.1867507498544679,0.661999219297221,0.03922031994526594,10.895365452831927,45.22666258241168,0.24090580269942483,0.7594593450895184,0.057221318173805935,0.004806206589044047,0.002442447530760791,1.967782942525269,0.9686852693823752,0.008810670014919997
/home/iiitn/Datasets/FaceForensics++/original_sequences/youtube/c23/videos/765.mp4,0,82.12455092800167,115.849829585576,0.7088879735238443,0.9719272106996043,0.1280548958015494,44.48911772515721,119.47503456767015,0.37237166648366826,0.9540394290800552,0.09121765334413368,1.9123886220910584,1.4831006629767332,1.2894530154498758,0.996387805943419,0.024281809522885386
/home/iiitn/Datasets/FaceForensics++/original_sequences/youtube/c23/videos/757.mp4,0,4.488945235734527,13.82698576456456,0.3246510347351828,0.87346395374319,0.008611061649944296,3.1050218098631395,12.527775492208619,0.2478510100850898,0.9232593751195989,-0.001267566948539275,0.5771414252769671,0.49445324902623716,1.1672315358703251,0.9969377652493495,0.009044806776989317
/home/iiitn/Datasets/FaceForensics++/original_sequences/youtube/c23/videos/752.mp4,0,11.52743952229875,65.42830594672951,0.17618428836724234,0.9398321844392535,0.009096606699046453,7.650785557560876,36.90930728353249,0.20728607824548256,0.971209615641949,0.01686478185333393,1.2513462870683625,1.9496798496366405,0.6418214186814181,0.9964856257979094,-0.0024779322015243688
/home/iiitn/Datasets/FaceForensics++/original_sequences/youtube/c23/videos/763.mp4,0,58.03321167752822,49.839821099242435,1.1643944620501523,0.9307082092072211,0.22904741626274258,32.73778044956813,27.83723679827234,1.1760427475905197,0.948279859175786,0.17789038990357217,1.3664430680997466,0.8303112819491071,1.6456997487642244,0.9894217067102865,0.02360292518299792
/home/iiitn/Datasets/FaceForensics++/original_sequences/youtube/c23/videos/766.mp4,0,48.73007322241107,10.93263155279893,4.457304994416956,0.8848208404677896,0.16535737319510438,27.1581511090106,9.858659308791454,2.7547509512568644,0.9022920513926248,0.17319245809150274,1.236582461632624,0.568073940432959,2.176798429954663,0.9946959043598153,0.005885995932555066
/home/iiitn/Datasets/FaceForensics++/original_sequences/youtube/c23/videos/767.mp4,0,6.270682677599893,41.12785653230914,0.15246801575165445,0.9216607113513519,0.40953724476246817,4.44989933188443,36.7382684005368,0.12112436229627552,0.8868507631266223,0.39095518428521286,0.867987188749952,0.932465116204141,0.9308521827425948,0.9975625228738059,0.05936759841170981
/home/iiitn/Datasets/FaceForensics++/original_sequences/youtube/c23/videos/750.mp4,0,4.5689758190505945,46.49256007812389,0.09827326805349296,0.9097032045709655,0.034041106498568265,3.6827335345704757,28.977017845706744,0.12709153005943682,0.9318279630573159,0.00460051563400684,0.2229028363608855,0.16060644746396138,1.3878822418440135,0.9852150099481959,0.009625069759359827
/home/iiitn/Datasets/FaceForensics++/original_sequences/youtube/c23/videos/771.mp4,0,57.58967400335214,48.51602125159482,1.1870238432105362,0.8352079166502079,0.16826395074116937,33.40584504341596,70.27744447057225,0.47534234198575925,0.8858741466151439,0.134554933578257,0.413975410181424,0.2202298983011143,1.8797420939431517,0.9886945911556224,0.012021930862892313
/home/iiitn/Datasets/FaceForensics++/original_sequences/youtube/c23/videos/774.mp4,0,22.213119332848873,109.78453584705353,0.20233377279833936,0.9438186316999144,0.3372419680128408,13.362718848759455,72.07974590183646,0.18538798495430042,0.9793293343809628,0.3238306627335218,1.4459198839830318,1.530171570051125,0.9449397128288836,0.9983149143092583,0.0864906837131985
/home/iiitn/Datasets/FaceForensics++/original_sequences/youtube/c23/videos/775.mp4,0,24.71109796124298,14.990621203757394,1.6484372212039586,0.9088916977780984,0.21652061313367882,13.298283092385248,10.67942982607306,1.245224071786908,0.9239133184353593,0.17866925510222706,0.9837645697324168,0.5649331291445606,1.7413823317851156,0.9958187952000138,0.02474781777595474
/home/iiitn/Datasets/FaceForensics++/original_sequences/youtube/c23/videos/768.mp4,0,2.450295319083169,31.90311762742326,0.0768042593109128,0.8271628020596812,0.12551575123167444,1.6497946305860849,16.883033202718682,0.0977190893826127,0.8838425783639511,0.127564157917402,0.5693190259398814,0.5012883390711081,1.1357116883964122,0.9958956147411889,0.010420354152632209
/home/iiitn/Datasets/FaceForensics++/original_sequences/youtube/c23/videos/776.mp4,0,0.0,0.0,0.0,0.0,0.0,0.0,0.0,0.0,0.0,0.0,0.0,0.0,0.0,0.0,0.0
/home/iiitn/Datasets/FaceForensics++/original_sequences/youtube/c23/videos/769.mp4,0,53.37310922869752,21.155283244906375,2.5229210410854854,0.8876482658354025,0.017832397795680875,30.45638596517065,19.757070334059076,1.5415436322391938,0.8628041276756084,0.005294359950001952,0.006373742720249566,0.0034645229081607383,1.839717297073174,0.9845534719941051,-0.008550598611584786
/home/iiitn/Datasets/FaceForensics++/original_sequences/youtube/c23/videos/777.mp4,0,2.065777932697951,20.584671446949894,0.10035515689535307,0.8094647031513539,0.2331188712839762,1.4749317611034443,9.983384572474,0.14773865019385293,0.8760225724780825,0.24138348635228932,0.4899825541469422,0.41452639929727164,1.182029793464513,0.9947095865458886,0.03539976061636913
/home/iiitn/Datasets/FaceForensics++/original_sequences/youtube/c23/videos/764.mp4,0,9.233316843349623,11.728243814371785,0.7872719044291286,0.9471093460365919,0.08509135847772896,7.292814015805619,9.790411558440457,0.7448935085388088,0.9592965942487174,0.08057791862551929,0.196449513169208,0.11644141085232378,1.6871103822192097,0.9760035080346542,0.0024894200468669496
/home/iiitn/Datasets/FaceForensics++/original_sequences/youtube/c23/videos/772.mp4,0,6.368099318228428,2.8285854147489,2.2513371118381937,0.906889503327402,0.03382644324072517,4.246466104177045,1.9949114000041135,2.1286489736678473,0.9133437235019605,0.017606496011502756,5.113847937800281e-27,8.417706777551775e-27,0.0,0.0,0.0
/home/iiitn/Datasets/FaceForensics++/original_sequences/youtube/c23/videos/770.mp4,0,51.16582049485832,19.73091899516256,2.593179796004569,0.8039012728431846,0.010078497924572504,29.096461197011497,23.273811668147726,1.2501803147626473,0.8299170389896825,0.01038592960929033,0.11391595371108239,0.058221066348485104,1.956610568230282,0.9860342279268807,-0.0003026757902125154
/home/iiitn/Datasets/FaceForensics++/original_sequences/youtube/c23/videos/753.mp4,0,6.234395346291265,6.0213640362926775,1.0353792444227887,0.8997078849692729,0.01748955218490226,4.027926871979845,13.318897111611824,0.3024219526756592,0.9119174927664501,0.0041848086706800175,0.0469192659608454,0.027071459325563,1.7331635282971443,0.9845699098194135,-0.005088489689210951
/home/iiitn/Datasets/FaceForensics++/original_sequences/youtube/c23/videos/781.mp4,0,27.34189777834761,36.712685907318644,0.7447534034249732,0.8608489193369723,0.20634810350167201,16.929549098979784,46.32205024951503,0.3654749521618385,0.869653197353322,0.1475522936998302,0.36559322307924,0.2250665077863868,1.6243786189024125,0.9944551301473199,0.020600934383816973
/home/iiitn/Datasets/FaceForensics++/original_sequences/youtube/c23/videos/773.mp4,0,0.848931770908981,5.467714677249977,0.15526263183432182,0.8582164225616568,0.042742501381337394,0.863243166103636,4.875941296999355,0.1770413369485958,0.9033807500937828,0.0420428699552652,0.3188909445937178,0.28810383707990656,1.1068611505693773,0.9893853468247675,-0.016522284455471915
/home/iiitn/Datasets/FaceForensics++/original_sequences/youtube/c23/videos/782.mp4,0,37.87471241168324,95.25806930959205,0.39760109233989516,0.943250535480904,0.13768716135684014,20.33238791895072,53.1046231400758,0.3828741589092783,0.9751673235320125,0.12820446605636593,1.1583224191875212,1.0362947121447215,1.1177538644294058,0.9899299086503293,0.01196179417360576
/home/iiitn/Datasets/FaceForensics++/original_sequences/youtube/c23/videos/784.mp4,0,21.456616239543937,28.865342302994833,0.7433348967186082,0.9138751728544818,0.11823863411035085,11.593758757066494,17.513349225700164,0.6619955216820036,0.9408652768780922,0.06395454389007252,1.2169999428179912,0.8384256270853777,1.4515299908575705,0.9902989466479774,0.013913028083165
/home/iiitn/Datasets/FaceForensics++/original_sequences/youtube/c23/videos/779.mp4,0,6.807628676587876,7.6452505422836365,0.8904389253088411,0.938291341837496,0.2683908914264979,4.576737702405556,5.599546886488586,0.8173407233090566,0.959887300770207,0.2968733795410673,1.338885944615632,1.1569517469145074,1.1572530558740481,0.9974553428819042,0.0381709005703484
/home/iiitn/Datasets/FaceForensics++/original_sequences/youtube/c23/videos/785.mp4,0,64.17199920513875,111.58113753771848,0.5751151191073517,0.8992618623780276,0.06564442557344188,36.71394848546268,75.39983826423251,0.4869234381750485,0.9340918945702681,0.05125109790019154,1.8226956832245707,1.228587089011756,1.4835705987197865,0.9938388393491474,0.004335425538885146
/home/iiitn/Datasets/FaceForensics++/original_sequences/youtube/c23/videos/778.mp4,0,2.7661950535102733,4.989106375705705,0.5544469981598653,0.9436847539863962,0.040251874005326024,2.1425353447635973,4.499273243050147,0.4761958718717715,0.9635684783967302,0.009634865822795081,0.5381511260060204,0.5105104577512407,1.0541431969416155,0.9969291969489569,0.005080120469067928
/home/iiitn/Datasets/FaceForensics++/original_sequences/youtube/c23/videos/787.mp4,0,14.26471127043096,82.82866860631329,0.17221949248310975,0.9313863235572374,0.19058460728023827,8.049068627616938,43.68940885780717,0.18423386440896172,0.9703747393893515,0.14907238526877425,1.298216876279391,1.452550675888739,0.8937498001473035,0.9981253877009992,0.04656920736873653
/home/iiitn/Datasets/FaceForensics++/original_sequences/youtube/c23/videos/788.mp4,0,5.266882343842844,86.4259338324439,0.060940994332255395,0.941634801169806,0.07667183072570814,4.123237068224015,54.21740981183783,0.0760500562925038,0.9632279023154933,0.03613092196529204,0.7180530083538207,0.8810523152468718,0.8149947465408129,0.9952059268552228,0.010389476652129833
/home/iiitn/Datasets/FaceForensics++/original_sequences/youtube/c23/videos/780.mp4,0,1.8809952485036838,2.844259184845138,0.6613304647220815,0.8620056678910428,0.0649854204126868,1.5249275928995798,3.9968276270760392,0.3815344906468162,0.884931777455512,0.06687049012947321,0.2821107256772754,0.2245311621552545,1.2564435286813636,0.9971860687585387,0.016563780932916425
/home/iiitn/Datasets/FaceForensics++/original_sequences/youtube/c23/videos/792.mp4,0,15.526730800623303,20.148080611850606,0.7706307662622147,0.8424001363827864,0.1906806896086809,8.577719979060413,15.33580989510881,0.5593261808622304,0.9077595431895803,0.13233229134649446,0.6371688541499841,0.39645955018467466,1.6071471953524257,0.9957325876679279,0.0306539173565236
/home/iiitn/Datasets/FaceForensics++/original_sequences/youtube/c23/videos/791.mp4,0,11.39218579241915,99.35478514490902,0.11466167206545352,0.8966114879789941,0.22184976071632959,7.104589948714369,70.53241647412524,0.10072800995441128,0.957791930508304,0.16605922731813486,0.9370363526193353,0.9389832579888342,0.9979265813815797,0.9943967374177065,0.036044682865130934
/home/iiitn/Datasets/FaceForensics++/original_sequences/youtube/c23/videos/783.mp4,0,30.82438203726895,25.3261013101031,1.217099373482032,0.9005946691293018,0.09799202768698949,17.78359429035117,23.653583959924827,0.7518350842934032,0.9356852465406794,0.08951066567021916,0.8910168618965953,0.5570822927142052,1.599434901359727,0.9967982144537215,0.0004991845418082472
/home/iiitn/Datasets/FaceForensics++/original_sequences/youtube/c23/videos/797.mp4,0,28.470815803138123,160.63459138420367,0.1772396316248099,0.8837442006436218,0.4944787517606648,20.269497129283906,99.30424807174188,0.20411510607925154,0.9560647119371112,0.46577029263480185,1.064340550386045,0.7575316205214216,1.4050113837537788,0.9922156401651776,0.08765153909753769
/home/iiitn/Datasets/FaceForensics++/original_sequences/youtube/c23/videos/790.mp4,0,3.0265221474417134,12.639477429965826,0.2394499427853242,0.7496349440713972,0.0485897798341685,1.9402304691379972,10.297313084550131,0.18842104277173796,0.7966364564411373,0.06629546684547047,0.6012868578517562,0.4262251003685206,1.4107260631339509,0.9956077527478054,-0.015819328494587205
/home/iiitn/Datasets/FaceForensics++/original_sequences/youtube/c23/videos/801.mp4,0,37.00087829655396,347.6407667186383,0.10643423280245057,0.9576866419056439,0.29228536884311246,20.01031728110227,216.1766583789929,0.09256465259084969,0.9602627775440616,0.19037712462875533,2.4368277343186593,3.2283124333148385,0.7548302045277938,0.9965140220384416,0.08453304649478385
/home/iiitn/Datasets/FaceForensics++/original_sequences/youtube/c23/videos/802.mp4,0,51.311214363297815,30.275389392218404,1.694816000499937,0.8829462055053133,0.23723402407099708,28.791989026858534,39.44247221597235,0.729974248804798,0.9342841468668102,0.17792459022025142,1.1741967149845132,0.7657643676759361,1.5333655685079115,0.9970534912849666,0.03560958753131258
/home/iiitn/Datasets/FaceForensics++/original_sequences/youtube/c23/videos/800.mp4,0,35.81092456641309,104.29764592618203,0.34335314328914696,0.89826422470945,0.07314062846102148,18.64546159214284,74.61069234948827,0.24990334501661707,0.9271445182877224,0.052983279837461816,0.5818143866350166,0.3245585816916366,1.7926328849557243,0.9907212425383345,0.007244839031658521
/home/iiitn/Datasets/FaceForensics++/original_sequences/youtube/c23/videos/795.mp4,0,6.2923983467985805,51.51365911415275,0.12215009484872373,0.8320957828389712,0.05026247322658641,5.375287173272549,40.50516791174013,0.1327062064027282,0.9449228114469114,0.03205959756427565,0.3621515297724904,0.2521474077396403,1.4362690975845247,0.99580965855225,0.004674702714035908
/home/iiitn/Datasets/FaceForensics++/original_sequences/youtube/c23/videos/793.mp4,0,9.394202798506695,29.519125939754115,0.3182412249495266,0.8563430673511009,0.14259341475376588,5.797049485225017,29.58334950473012,0.1959564952000489,0.920743914337387,0.12585798006121982,0.08212575602898974,0.050227548030261325,1.6350739633857945,0.9959546111521442,0.014952907080167006
/home/iiitn/Datasets/FaceForensics++/original_sequences/youtube/c23/videos/803.mp4,0,7.9505061873243745,16.598415614957734,0.4789918731857601,0.8561609503171336,0.08508166363133693,5.911675696106843,10.599026714375887,0.5577564672130318,0.9250670351734409,0.08156838418375377,0.5261098556294201,0.3515056256074751,1.4967323914665447,0.9924458080026456,-0.011476728084047278
/home/iiitn/Datasets/FaceForensics++/original_sequences/youtube/c23/videos/804.mp4,0,8.518251361874226,5.252634038873805,1.6217104216345877,0.9174676812841215,0.1719575913360248,5.201271208664197,4.533371926713365,1.1473294697077832,0.9464599544986122,0.15653992285114635,0.8568965552963318,0.7818861972668172,1.095935135179164,0.9972028084318602,0.016886294123785103
/home/iiitn/Datasets/FaceForensics++/original_sequences/youtube/c23/videos/794.mp4,0,30.762320511946957,120.04002671415144,0.2562671914860579,0.9295398607628537,0.04892283905784617,18.826930195074777,106.81570901276,0.17625619273683563,0.9652147030450612,0.031127697880121277,1.0239971227822984,0.8086214892634903,1.2663491341480138,0.9952238318590764,0.001728714638898162
/home/iiitn/Datasets/FaceForensics++/original_sequences/youtube/c23/videos/806.mp4,0,11.757144267378095,29.292186246893674,0.40137476145621925,0.7615412083893123,0.45897194172217853,8.482595881949461,17.006268867851144,0.49879229523326324,0.8467298256159702,0.4504114322836076,0.33464983186114344,0.2005996562070723,1.6682472851084833,0.9894875788558931,0.0837808586098311
/home/iiitn/Datasets/FaceForensics++/original_sequences/youtube/c23/videos/796.mp4,0,11.367405474915126,6.835199916666834,1.6630684710767625,0.9420872897557979,0.02785117362116395,6.179145258119012,4.184204476801482,1.4767789892626173,0.946551008539099,0.020878887427084932,0.4050038753783331,0.292290454688318,1.3856212848627107,0.9908365272959268,0.006558115812174563
/home/iiitn/Datasets/FaceForensics++/original_sequences/youtube/c23/videos/809.mp4,0,9.34271785333808,136.6897088944509,0.06834982625175055,0.9730079563240434,0.178754196516289,6.548605984571798,108.69029144814162,0.06025014651558159,0.9659272350496856,0.1466734558732209,2.087165281118791,4.015264468267226,0.5198076733459852,0.996976845483879,0.05187598265900246
/home/iiitn/Datasets/FaceForensics++/original_sequences/youtube/c23/videos/805.mp4,0,7.899184797881634,6.148146746921124,1.2848074587415137,0.9370127035918153,0.055308082332468186,6.1428812835495945,4.1691223875103995,1.4734231122482901,0.943845897791669,0.06983914096375719,0.46656787748551326,0.2691233158020358,1.7336583272060884,0.9876769555486057,-0.0015065341068490458
/home/iiitn/Datasets/FaceForensics++/original_sequences/youtube/c23/videos/786.mp4,0,3.5172269110838754,0.7810886457990325,4.5029804619498055,0.8541611089725395,0.03890940957432727,2.552840981754349,2.798232538054453,0.912304802062405,0.8126664248395308,0.02363630683461049,0.13850545384731794,0.08842788501451025,1.5663096977225046,0.9927677021264402,-0.005896011554664931
/home/iiitn/Datasets/FaceForensics++/original_sequences/youtube/c23/videos/812.mp4,0,18.479414277933405,28.363344727999372,0.6515245100727182,0.9071904094152329,0.11902629336850876,11.359737202267508,20.00121058386781,0.5679524824077312,0.9509661751707076,0.09983950971044869,0.3581900924064607,0.21663607816519162,1.6534184676909163,0.9912371768968499,0.01133312440721691
/home/iiitn/Datasets/FaceForensics++/original_sequences/youtube/c23/videos/799.mp4,0,7.637202710773103,88.96088175749469,0.08584899969395471,0.6518855824832953,0.07086014092266345,5.327662518994013,41.40444939466777,0.1286736714745476,0.8567158990709179,0.04491768012809939,0.6569362629441137,0.5226319051650998,1.2569769592168067,0.9945261521168375,0.007035795601426297
/home/iiitn/Datasets/FaceForensics++/original_sequences/youtube/c23/videos/789.mp4,0,4.195118983980861,1.242659337716401,3.375920380311236,0.8399460893744046,0.05209809753065411,2.8294497646301777,6.108838815528494,0.46317309231302634,0.7683291318528447,-0.003922296578216224,0.308960499499681,0.21169328455546357,1.4594723689439164,0.994251478325451,0.005790738742919477
/home/iiitn/Datasets/FaceForensics++/original_sequences/youtube/c23/videos/808.mp4,0,22.428908854391846,26.21774343996368,0.8554858623035987,0.8744755731787879,0.051690924779238825,25.694552439954396,22.042895864960784,1.1656613812161702,0.9486008717295045,0.02244290683872817,0.5227344371099553,0.3180363212715275,1.6436312526193013,0.9947980782590635,0.006057038665272746
/home/iiitn/Datasets/FaceForensics++/original_sequences/youtube/c23/videos/798.mp4,0,9.579135893651005,23.52919043563826,0.4071171050212616,0.8873102467453279,0.025657258466251824,5.6127532554321435,23.027610869606168,0.24374014687039638,0.9010075577987274,0.026265303629156533,0.26752574198269213,0.1740426870035352,1.5371271645401456,0.9921981791166973,0.00010599626298218596
/home/iiitn/Datasets/FaceForensics++/original_sequences/youtube/c23/videos/816.mp4,0,3.620734868787173,7.505320883474805,0.48242239405903314,0.8303791493019727,0.03296823243224587,2.312157059707521,3.931845407343271,0.5880589952466708,0.8699416556979154,0.07916436195962667,0.40878704462385956,0.26058330120983014,1.5687384522567351,0.9969172204298147,0.009287407587535953
/home/iiitn/Datasets/FaceForensics++/original_sequences/youtube/c23/videos/811.mp4,0,2.9451572986829704,14.599214321224702,0.20173395868305236,0.8674985869532333,0.08657499223163888,2.0138079974503387,13.706628793694522,0.14692219565884454,0.8974350112483244,0.05039699289576577,0.26923272451423585,0.17720797240628497,1.51930367950357,0.9884726488664,-0.00494109665931193
/home/iiitn/Datasets/FaceForensics++/original_sequences/youtube/c23/videos/813.mp4,0,4.062203177217725,10.577593430428399,0.38403850591686084,0.8698457939331368,0.009695580405633402,2.986066262444416,6.347300194628513,0.47044667352765424,0.9301091628483039,-0.009108444069199912,0.592031144371076,0.641046808579706,0.9235380887126973,0.9969140647886691,-0.003993644435345003
/home/iiitn/Datasets/FaceForensics++/original_sequences/youtube/c23/videos/817.mp4,0,20.414277387235014,26.049374006645845,0.7836763133742417,0.9348364768569425,0.08548879644390595,13.893240075521248,17.388556524488173,0.7989875442481671,0.9496650270508408,0.07869973069467956,1.2227753196532616,0.8296783995789062,1.473794328349234,0.9931233786781681,0.012560367139476964
/home/iiitn/Datasets/FaceForensics++/original_sequences/youtube/c23/videos/814.mp4,0,5.210612995808496,2.9449150451470243,1.7693593587343561,0.8241010918017265,0.04775887432803835,3.346191352217055,4.651587191113442,0.7193655014378186,0.8548998804857462,0.05405830962929281,0.0259183745130056,0.013568756465828164,1.9101510575621996,0.9842151603808033,0.0052613869156434845
/home/iiitn/Datasets/FaceForensics++/original_sequences/youtube/c23/videos/815.mp4,0,9.451222435655673,8.924263283922393,1.059047916334184,0.8618471345862736,0.15836930131553026,5.996796725383223,7.521071616184756,0.7973327514231598,0.9008632933400937,0.13710217565232288,0.14220362007066323,0.08146803276086237,1.7455143477943231,0.9755407333220779,0.0074482094712070195
/home/iiitn/Datasets/FaceForensics++/original_sequences/youtube/c23/videos/821.mp4,0,15.606196016465319,307.810128164834,0.05070072290833821,0.9319419788034398,0.07534476938662314,8.9789890819917,155.85124973766287,0.05761255746813461,0.949429091030675,0.05576016090972285,0.7724259184543318,0.7109785847333179,1.0864264199238327,0.9873986252990542,-0.003186001472152571
/home/iiitn/Datasets/FaceForensics++/original_sequences/youtube/c23/videos/810.mp4,0,5.697801087707869,10.819568574239417,0.5266199893842262,0.9393982430648936,0.0423985951065541,3.9213556766920505,8.038325784292846,0.4878323897190767,0.9572803848439378,0.04733089637702114,0.5847906359426758,0.4538563039435591,1.2884929235562617,0.9967981621218959,0.01136660594037905
/home/iiitn/Datasets/FaceForensics++/original_sequences/youtube/c23/videos/818.mp4,0,28.869634502414442,15.266554706728137,1.8910379621992432,0.801214610836693,0.11387979758434344,19.58041930164509,11.705180109951323,1.672799488578439,0.8392488627212007,0.1049356845007074,0.4710845812228362,0.3024560011938895,1.5575309445450458,0.9964510099456021,0.005949637996270323
/home/iiitn/Datasets/FaceForensics++/original_sequences/youtube/c23/videos/824.mp4,0,0.0,0.0,0.0,0.0,0.0,0.0,0.0,0.0,0.0,0.0,0.0,0.0,0.0,0.0,0.0
/home/iiitn/Datasets/FaceForensics++/original_sequences/youtube/c23/videos/828.mp4,0,17.751296242925964,90.1842059032064,0.1968337589175893,0.8503650881570707,0.3709341928507745,13.193349031160068,48.78749561596381,0.2704248058767554,0.9591742588738988,0.3516459504507516,1.328777927704813,1.384163724748633,0.9599860940916668,0.9913524949318032,0.10253349916222229
/home/iiitn/Datasets/FaceForensics++/original_sequences/youtube/c23/videos/825.mp4,0,7.693288961260458,13.238385342451389,0.5811349920892898,0.9284676503890426,0.07357821158324121,4.963219276618889,10.456463706667,0.4746556212359213,0.933134514276999,0.030948413316393444,0.5787845754506417,0.4352348673330521,1.3298212502991904,0.9818762145217891,0.00957553380429745
/home/iiitn/Datasets/FaceForensics++/original_sequences/youtube/c23/videos/827.mp4,0,48.90467492882829,203.42855663464283,0.2404022116553723,0.9079567881051659,0.2782081774120549,27.64133358062243,104.88891859878008,0.2635295887295373,0.9406431480252522,0.2684752866785199,0.40473057855543226,0.23864241410524378,1.6959708527627526,0.9860787683899654,0.07494306622321387
/home/iiitn/Datasets/FaceForensics++/original_sequences/youtube/c23/videos/820.mp4,0,8.344861103720051,49.31390168679312,0.16921924281555903,0.8792997276694429,0.009450009268834299,4.426153907471156,42.96329086519879,0.10302176156287966,0.9055762806811504,0.016935224171848683,0.5373911992897261,0.48214967758774446,1.114573387206981,0.9967501635965172,0.0071066979477024325
/home/iiitn/Datasets/FaceForensics++/original_sequences/youtube/c23/videos/830.mp4,0,54.33333773720423,163.48209847217825,0.33235038114250043,0.8356148581061676,0.3318729825503225,29.177174116217643,88.31940375641194,0.33035972702770194,0.896868023385878,0.2735871024067987,1.9637250558261237,1.3911115153534037,1.411623032483669,0.9916506701217997,0.07498078642275466
/home/iiitn/Datasets/FaceForensics++/original_sequences/youtube/c23/videos/826.mp4,0,2.7639813266197777,48.437421598494154,0.05706293265423743,0.8766215417840124,0.06505521403571801,2.1638114365136327,41.65351178986464,0.05194787530592182,0.9115005448882018,0.04766217407184499,0.311053745595584,0.28511279702319886,1.0909848622833804,0.9955816021868832,0.005494347978879342
/home/iiitn/Datasets/FaceForensics++/original_sequences/youtube/c23/videos/823.mp4,0,23.708844640924895,56.94560222989515,0.41634197747544915,0.8651445636006493,0.06412305535686243,13.433326772678228,38.57423466131251,0.3482460997768284,0.9239236411778068,0.011514030094278234,0.5361809587290699,0.34593229642071305,1.5499592384892038,0.9938008652130569,0.010455264015396527
/home/iiitn/Datasets/FaceForensics++/original_sequences/youtube/c23/videos/807.mp4,0,2.522822859411576,43.006019401778985,0.05866208717999176,0.8649884977506739,0.02469822149634357,2.2397960675907007,41.58383151181075,0.05386218600261854,0.8865702498045286,0.026925854849919762,0.6498802905163512,0.7582709662049728,0.857055484754876,0.9937409707077499,-0.008571956448570511
/home/iiitn/Datasets/FaceForensics++/original_sequences/youtube/c23/videos/832.mp4,0,90.73243355883996,84.77411700848747,1.070284619416985,0.9353117927911742,0.1273457759363097,52.56780880107461,66.2630589165944,0.7933199834200522,0.9693437025953554,0.09018449580558381,3.9251346339325615,3.483346194626479,1.126828748743837,0.9975233098219373,0.017770353173804675
/home/iiitn/Datasets/FaceForensics++/original_sequences/youtube/c23/videos/834.mp4,0,11.229674095307812,184.1712912996694,0.06097407481948828,0.9640298271016374,0.14967736099110449,6.664138879827422,138.33343710314205,0.048174461788718585,0.9675476445517003,0.1462295723840268,1.7602151700730733,3.491957423016197,0.5040769278775106,0.9953946118616105,0.05941059617530834
/home/iiitn/Datasets/FaceForensics++/original_sequences/youtube/c23/videos/839.mp4,0,15.18620080767063,42.49847120633637,0.357335225870582,0.8970755141688036,0.40750720160595677,10.97481878121346,28.74113687964595,0.381850544993078,0.9583608540599785,0.3893186209867678,1.010893125871983,0.8341820964904122,1.21183747544455,0.9889639166380647,0.09144887597920608
/home/iiitn/Datasets/FaceForensics++/original_sequences/youtube/c23/videos/836.mp4,0,1.3859519086697605,1.053471450502114,1.3156046212825008,0.8459368802869697,0.1548628167334614,1.0002899297603522,1.3264110815226775,0.7541326694979443,0.8380291703624977,0.11785754387512323,0.0376406442957061,0.022444256446138722,1.6770724566454391,0.9914901785844187,0.008307328002109916
/home/iiitn/Datasets/FaceForensics++/original_sequences/youtube/c23/videos/829.mp4,0,25.658475606902016,62.18745611151426,0.4125988939134503,0.9277004404614589,0.0611837901521318,15.568620126635855,41.33744871061625,0.37662266570015807,0.9520878534546707,0.03791021064015228,0.8021772273550029,0.49699769266776483,1.6140461800719983,0.9942217222825214,-0.004681259366687865
/home/iiitn/Datasets/FaceForensics++/original_sequences/youtube/c23/videos/840.mp4,0,16.376609199646715,33.200741461293006,0.4932603453672666,0.9164783436388574,0.14780378628128552,8.791758325953111,28.985041674947215,0.30332053424481137,0.9562758142854779,0.09863129252137645,0.7043539313502452,0.5138777874378103,1.3706642874410802,0.9937213239742944,0.017677310458114902
/home/iiitn/Datasets/FaceForensics++/original_sequences/youtube/c23/videos/822.mp4,0,7.831221443002643,6.146245250482984,1.2741472433738712,0.9025386428959116,0.166667859009929,4.903733511535831,14.339638908764925,0.3419705016796821,0.7204241833499857,0.1325647571918456,0.46067158242448875,0.2787315492903542,1.6527428760660599,0.9958626211458169,0.023090163154823668
/home/iiitn/Datasets/FaceForensics++/original_sequences/youtube/c23/videos/841.mp4,0,14.310699441478468,24.02194530516226,0.5957344111679054,0.9361532144213781,0.16226169561597042,10.123857446332293,18.948582136532018,0.5342804740421158,0.9485110620785976,0.1668131179897279,1.253370528132671,0.9639345636916024,1.3002651583864875,0.9841547922621959,0.03652486326996743
/home/iiitn/Datasets/FaceForensics++/original_sequences/youtube/c23/videos/843.mp4,0,8.619264749753277,4.529000431216855,1.9031273855360282,0.840006917799467,0.07492849875206574,5.638293588365879,3.9913050771244123,1.4126441049773275,0.9086010674477478,0.03991059092039028,0.11607051811709045,0.06254288265423408,1.8558549460980531,0.9893322378522664,0.0025777804006310466
/home/iiitn/Datasets/FaceForensics++/original_sequences/youtube/c23/videos/837.mp4,0,29.741686106668727,40.531947147908696,0.7337837977074164,0.9088011097319854,0.009835125983688298,18.207991411253044,30.22881511910941,0.602338905428771,0.9496942129733433,0.0028197437793162005,0.21845098482437494,0.1371987040002882,1.5922233844418536,0.9915735924386792,0.0022699673522768604
/home/iiitn/Datasets/FaceForensics++/original_sequences/youtube/c23/videos/842.mp4,0,21.229111375495723,77.32047543274571,0.2745600212192314,0.9572921792446315,0.04983109372214569,11.116441349938029,39.451003981363016,0.28177841444008694,0.961932063398859,0.014184041510799975,0.8787453892432318,0.6468473656704296,1.3585050135165193,0.9788564613057261,-0.006775567470121394
/home/iiitn/Datasets/FaceForensics++/original_sequences/youtube/c23/videos/838.mp4,0,20.51371745637496,43.93360989967886,0.4669253790712269,0.9105071942496371,0.06429604009173528,14.002833925318242,34.42184052267323,0.40680084831880947,0.9252766997334669,0.0385239952562126,0.33183572975507597,0.19366236167909778,1.7134755916326896,0.9899399762857645,0.007251047541563421
/home/iiitn/Datasets/FaceForensics++/original_sequences/youtube/c23/videos/845.mp4,0,7.96926761891829,27.920342740493123,0.28542871744050585,0.8344051265259426,0.09450917002872652,4.690075733086205,17.598683175419854,0.26650151527455485,0.8951967726928203,0.07090847513762177,0.38535265842966204,0.2483209122676361,1.5518332906828862,0.9928394667080194,0.015677007628226162
/home/iiitn/Datasets/FaceForensics++/original_sequences/youtube/c23/videos/844.mp4,0,18.39004332636451,147.93940820841232,0.12430794167066833,0.8166624307159922,0.36005292974675734,9.921727438267176,63.99241015019672,0.15504537827188988,0.8559001726097438,0.3226888746209466,0.5676331648257714,0.3326108212874499,1.7065986086339922,0.9834878435672305,0.053063172547239364
/home/iiitn/Datasets/FaceForensics++/original_sequences/youtube/c23/videos/846.mp4,0,8.193305733586769,28.85470652014038,0.2839504095412615,0.8823969412408106,0.18080702297600582,5.4832591348943565,36.44860076124462,0.15043812438266885,0.8702440057110207,0.16374317027167914,0.5363343307777214,0.3571006857738635,1.5019134718698324,0.9854452195630666,0.025749282064461004
/home/iiitn/Datasets/FaceForensics++/original_sequences/youtube/c23/videos/849.mp4,0,73.44835861660363,216.9059589517411,0.33861844539247987,0.9721616348176397,0.398707271171977,44.47962147076034,129.00066643699222,0.3448014859092648,0.9900798241304152,0.3660014107767707,6.673793409722055,7.11947326354995,0.937399883765324,0.996157099897306,0.15043363438904406
/home/iiitn/Datasets/FaceForensics++/original_sequences/youtube/c23/videos/819.mp4,0,0.7536000071519248,2.3520393421139962,0.32040280689973255,0.8727860033511793,0.035473971974420544,0.8247975921895566,7.153585079690053,0.11529849481084148,0.6772111604399876,0.0499115376426364,0.1436587807098414,0.09846134242385052,1.4590373965391172,0.9903733753295613,0.00935042587887076
/home/iiitn/Datasets/FaceForensics++/original_sequences/youtube/c23/videos/850.mp4,0,3.1113916633088325,10.339314006659066,0.30092824933113854,0.891080010288408,0.03952440556046537,2.6870677668372207,10.487359726409046,0.25621966223497644,0.9023113850622186,0.040928172907425515,0.2621585791331435,0.16736188910732397,1.5664174235331998,0.9819470258444422,0.009093155398508324
/home/iiitn/Datasets/FaceForensics++/original_sequences/youtube/c23/videos/847.mp4,0,2.503719514065821,1.6585103392973544,1.509619478843013,0.9144809761659877,0.04059096047656605,2.7797973210274907,2.3032063873515836,1.2069249791478438,0.9380945982521608,0.024014302470230054,0.46086385593650775,0.3399392146900769,1.3557243060547695,0.9957694200064484,-0.0021962950866188345
/home/iiitn/Datasets/FaceForensics++/original_sequences/youtube/c23/videos/852.mp4,0,34.18705609194442,273.48624628977933,0.12500466314390324,0.9011693828915531,0.1572563629486229,19.8846128065791,142.51280645725123,0.13952860308412898,0.9249702863176937,0.11736181820219095,1.6914585501852406,1.2008825967092465,1.4085128344938207,0.9886808282835798,0.051887494364179804
/home/iiitn/Datasets/FaceForensics++/original_sequences/youtube/c23/videos/831.mp4,0,0.3928194618904139,7.00658931595559,0.05606429093765708,0.737607330090535,0.011667613790300279,0.4216841423646727,11.074939854863517,0.03807552437221515,0.7277596850040444,0.039057245028166515,0.21711430975552246,0.23120192572888895,0.9390679124797349,0.995045385468656,0.010817446069245265
/home/iiitn/Datasets/FaceForensics++/original_sequences/youtube/c23/videos/855.mp4,0,30.621991281261995,99.50772412428059,0.3077348170782856,0.8644948775204053,0.08447109463242675,19.445307302144666,52.53494302950969,0.3701404471157785,0.9315102506978917,0.0772804921999413,1.5050876414193988,1.0205000078575637,1.4748531404513927,0.993904216408096,0.011447594342652077
/home/iiitn/Datasets/FaceForensics++/original_sequences/youtube/c23/videos/835.mp4,0,5.793718415788907,28.018074120102735,0.20678503422303254,0.9045211857007702,0.14609943546448528,3.392031188384103,43.191809803732916,0.07853412959072026,0.8958125385983903,0.13988547304792534,0.3280173282487779,0.24332415890098139,1.348067243837722,0.9944022123146903,0.002656454710466672
/home/iiitn/Datasets/FaceForensics++/original_sequences/youtube/c23/videos/858.mp4,0,20.029471864424213,15.177556561350743,1.3196769706283782,0.8711269550645612,0.3529822281535356,10.753043495060604,13.11117636956692,0.8201433030845418,0.9162308296738031,0.3507220534253802,0.5370889355971386,0.2985917353534082,1.7987401257487887,0.992954745465159,0.08749525086423629
/home/iiitn/Datasets/FaceForensics++/original_sequences/youtube/c23/videos/859.mp4,0,8.451038817826003,205.34319449351378,0.04115568007340486,0.8774521066407189,0.21367536578086424,6.267955484654099,92.0768807581665,0.06807306495445307,0.9306172157159932,0.17579035379495778,1.1779982399432452,1.1039133511082673,1.0671111448743698,0.9945716394406997,0.028264591451201814
/home/iiitn/Datasets/FaceForensics++/original_sequences/youtube/c23/videos/857.mp4,0,57.850631261860826,130.44545195298863,0.4434852300002738,0.8088820447081903,0.04421282698920099,34.37345609058381,118.16337501229395,0.29089771756271793,0.9483217064952698,0.02992799258497722,1.870354746418604,1.3201658292508525,1.4167574292389953,0.9839230281586042,0.00848921232664645
/home/iiitn/Datasets/FaceForensics++/original_sequences/youtube/c23/videos/833.mp4,0,11.079960113590525,38.61809442691547,0.28691110418612936,0.8649705212142713,0.024691331417231132,7.095133205393871,35.4295562958043,0.200260289633774,0.927711984559202,0.019775400491046473,0.47263294173300086,0.33894062059968944,1.394441719309916,0.9932610821216903,0.0061872651885611
/home/iiitn/Datasets/FaceForensics++/original_sequences/youtube/c23/videos/854.mp4,0,20.23377270730667,51.62890113307399,0.39190787065473126,0.8055812005051465,0.10418081429282076,11.050744583647663,39.610604410559695,0.2789844979164638,0.8790409819357924,0.06430147480551861,0.335975258780703,0.18183391880576627,1.8477039981720322,0.9702595136369178,0.021496422180848736
/home/iiitn/Datasets/FaceForensics++/original_sequences/youtube/c23/videos/851.mp4,0,7.436953956545271,3.649494441713904,2.0378038863521795,0.9235138975202837,0.029227505745106675,3.7957745342021205,3.3357669442982,1.1379015973193833,0.9311137441219239,0.026225984985163892,0.3850979705532059,0.24915648761941314,1.5456068362203097,0.9962161969765383,0.011498597925175238
/home/iiitn/Datasets/FaceForensics++/original_sequences/youtube/c23/videos/853.mp4,0,6.163160374725218,37.87507339975911,0.16272339091399401,0.8760812969895202,-0.002599605415284504,4.8603100708100015,25.96636917064573,0.18717711509333576,0.8843658120959823,0.0063128309621791985,0.26984874896726185,0.16050497297047628,1.681248524411132,0.9911295312188256,0.006906955432336268
/home/iiitn/Datasets/FaceForensics++/original_sequences/youtube/c23/videos/864.mp4,0,7.02306729248211,75.89062712419862,0.09254195885070927,0.9081310415633709,0.19671615117589478,4.6699300522090015,52.74134172472009,0.08854401309286726,0.9402397643680073,0.1875051842168837,1.0618816938696687,1.0099758577196303,1.0513931454433314,0.9919095602909737,0.022455783946484224
/home/iiitn/Datasets/FaceForensics++/original_sequences/youtube/c23/videos/862.mp4,0,0.0,0.0,0.0,0.0,0.0,0.0,0.0,0.0,0.0,0.0,0.0,0.0,0.0,0.0,0.0
/home/iiitn/Datasets/FaceForensics++/original_sequences/youtube/c23/videos/861.mp4,0,45.58265385407213,163.00232952273998,0.2796441866047873,0.8817635920182462,0.14213033202278524,24.3580985129539,108.04226466289202,0.22544972181909367,0.9486261322363929,0.10550606214641636,1.3977181550039004,0.9774786530135927,1.4299219227905369,0.9896790675282439,0.015887602271322365
/home/iiitn/Datasets/FaceForensics++/original_sequences/youtube/c23/videos/856.mp4,0,45.78399250801718,187.6253564203655,0.2440181507527179,0.9541107521546269,0.10499872225709947,24.528935668773013,110.30359177138054,0.22237658153156634,0.9659267669690049,0.045752527986795896,0.44390384649769793,0.2826247105727529,1.570647681860885,0.9836936813622107,0.009499160647698637
/home/iiitn/Datasets/FaceForensics++/original_sequences/youtube/c23/videos/868.mp4,0,21.90021656890688,154.66256577480462,0.14159998225294246,0.9075651228433559,0.13710044273902697,15.72370539412122,85.40710636486898,0.18410301043273544,0.9469383766020373,0.11739890633865917,1.956750091172984,2.1201197864861,0.9229431769117696,0.9979578531713459,0.029591656436779225
/home/iiitn/Datasets/FaceForensics++/original_sequences/youtube/c23/videos/872.mp4,0,23.3254213742546,62.67639308209931,0.37215640893216073,0.8322965073161729,0.2279985146444115,11.883494953264517,29.38915090903465,0.4043497204137108,0.9091682064081262,0.14219382640913936,1.172420876539807,0.7845828734229547,1.4943238200252884,0.9920113020254048,0.022990916036669834
/home/iiitn/Datasets/FaceForensics++/original_sequences/youtube/c23/videos/871.mp4,0,17.587491755975094,12.37168889161334,1.4215918222691084,0.9252196178441773,0.030315341305956957,11.00943160661665,8.376063407520125,1.314392104139548,0.9576448631488897,0.02495672054323909,0.7525495109707112,0.6681630277815801,1.1262962475929104,0.9948105311310332,-0.004354318394211227
/home/iiitn/Datasets/FaceForensics++/original_sequences/youtube/c23/videos/863.mp4,0,11.569178381679452,4.676716719009753,2.4737821588922553,0.8743862298927377,-0.018067096171353943,7.517692657683637,3.7148241874457355,2.023700793994427,0.8938957280616738,-0.016167564230741602,0.007140559935894999,0.003811942251315491,1.8732077941188146,0.9797329550333854,-0.013163041691255152
/home/iiitn/Datasets/FaceForensics++/original_sequences/youtube/c23/videos/848.mp4,0,3.1164234224031193,29.435187022729156,0.10587408260721057,0.8657478843815603,0.018205626239509016,2.1163913939229793,27.349713772005533,0.07738257926813345,0.8941038414063369,0.019160263890124322,0.011414204020659619,0.006899725920980551,1.6542981781278487,0.9853096985654496,-0.0038526722002281406
/home/iiitn/Datasets/FaceForensics++/original_sequences/youtube/c23/videos/867.mp4,0,41.47004031836898,123.16144174241863,0.3367128521043131,0.9335532248727606,0.030029938352510617,22.867435788491747,66.39489229846106,0.34441558675473266,0.9587712153953015,0.023944266440076512,1.4676696549989225,1.227025584588972,1.1961198474036394,0.99497400056499,0.0035983075521314927
/home/iiitn/Datasets/FaceForensics++/original_sequences/youtube/c23/videos/870.mp4,0,3.500620290333719,48.332994851843175,0.07242713390850894,0.9406483203153204,0.07370952999913725,2.5436945146372416,30.949594726383726,0.08218829800924042,0.9334080758031954,0.0701761416280663,0.034977022373945114,0.02271844020167821,1.5395873160060243,0.9901308066045719,0.016903263357182917
/home/iiitn/Datasets/FaceForensics++/original_sequences/youtube/c23/videos/860.mp4,0,8.49442647127614,39.677261470369196,0.21408802312679118,0.9202324086968804,0.2623349604943228,5.339586749703769,39.34253236860846,0.13572046404324098,0.9024542332864546,0.26503288054812135,0.7587114445274721,0.6905605945726246,1.0986891671642873,0.9937064826104622,0.07391336658956807
/home/iiitn/Datasets/FaceForensics++/original_sequences/youtube/c23/videos/876.mp4,0,20.76683876806769,74.35822888511649,0.27928097642229305,0.9404468311870616,0.311403846292223,11.426846072628207,57.3050094938089,0.19940396439272445,0.9708155774078063,0.2649537288943939,0.7094361858808172,0.5970344466669895,1.1882667572052548,0.9955880098686504,0.06820849373567368
/home/iiitn/Datasets/FaceForensics++/original_sequences/youtube/c23/videos/875.mp4,0,12.477836706226258,29.75501882854532,0.41935233777287045,0.8775623412279021,0.06830260291058567,7.270055998378034,16.299694109691515,0.44602407563313623,0.9002003537730389,0.03413184036062685,0.11449265029587684,0.06791859959391942,1.685733377608202,0.9937779385014439,-0.002045136502627025
/home/iiitn/Datasets/FaceForensics++/original_sequences/youtube/c23/videos/879.mp4,0,15.436809038198916,68.52355947098643,0.22527739594051618,0.93437174391243,0.011613358494060639,8.876172021974396,49.34178896611212,0.1798915728019213,0.9603337440381859,-0.006166102758792726,1.3029853243143374,1.7294517114484733,0.753409485612665,0.9979041891193553,0.0019602799355342817
/home/iiitn/Datasets/FaceForensics++/original_sequences/youtube/c23/videos/877.mp4,0,28.577214611901088,43.399452144646936,0.6584694782933087,0.8834075866972112,0.1095441982145685,14.478084582220292,41.70509054744658,0.3471538939772599,0.9509341980888202,0.09518668727825708,0.760608029551081,0.518731643922509,1.4662842308974402,0.9952383038610818,0.025099512933282855
/home/iiitn/Datasets/FaceForensics++/original_sequences/youtube/c23/videos/873.mp4,0,7.986063625173972,55.737006505850864,0.14328117216585096,0.8714388741654854,0.17283232648611002,5.207696739260691,47.49346394059413,0.10965080891498234,0.9602356085624576,0.13726026175075273,0.8667945367344331,0.8656837338592996,1.0012831509149205,0.9966276648723303,0.005938931164229294
/home/iiitn/Datasets/FaceForensics++/original_sequences/youtube/c23/videos/865.mp4,0,1.038269071751975,3.1942902849206156,0.3250390475322057,0.7428642229145446,0.05105534615816485,0.8124414379314091,3.313400359904454,0.24519869308966843,0.7392045440255357,0.03835215007890662,0.014796548600749212,0.008570378108342562,1.7264755899562916,0.9866095608109987,-0.00791469404417233
/home/iiitn/Datasets/FaceForensics++/original_sequences/youtube/c23/videos/878.mp4,0,6.915021969852881,3.637661708286615,1.9009524591306606,0.8734116577597576,0.0563013727852766,4.400811446583834,3.684316612245618,1.1944715695596821,0.9008611989568672,0.0325523455292771,0.36616617136717006,0.20213195474430834,1.8115204586546483,0.9947447066696951,0.005098023169807759
/home/iiitn/Datasets/FaceForensics++/original_sequences/youtube/c23/videos/881.mp4,0,7.727265091735668,166.42099815454594,0.04643203187953353,0.9348970517665567,0.3801507773958607,5.660738980474226,77.58969566950223,0.07295735511821658,0.9716025343154474,0.362599475592129,1.494397492556501,2.3504982844853735,0.635779018610809,0.9968823542539772,0.06441308118260257
/home/iiitn/Datasets/FaceForensics++/original_sequences/youtube/c23/videos/880.mp4,0,0.0,0.0,0.0,0.0,0.0,0.0,0.0,0.0,0.0,0.0,0.0,0.0,0.0,0.0,0.0
/home/iiitn/Datasets/FaceForensics++/original_sequences/youtube/c23/videos/869.mp4,0,5.156830033237767,23.03978310161911,0.2238228550370065,0.9293521819383592,0.06728009390783338,4.150906280523539,34.71370643005095,0.11957542732832999,0.9057169930494551,0.04451266415769251,0.5649997272834745,0.46203591925360205,1.2228480595106237,0.9939172458765237,-0.00040366940027570137
/home/iiitn/Datasets/FaceForensics++/original_sequences/youtube/c23/videos/866.mp4,0,2.2261338595371156,10.376538629970153,0.2145353030448381,0.9059036235970831,0.041542785737654776,1.5906029216443505,9.835159899193227,0.1617261882823915,0.8353630069741257,0.02776776452603674,0.22608493661865822,0.15158831740039672,1.4914403728190373,0.9850068234907906,0.0051606839859424354
/home/iiitn/Datasets/FaceForensics++/original_sequences/youtube/c23/videos/885.mp4,0,77.25365107314074,65.85711233242644,1.173049475403478,0.9126409298603289,0.18549100932860757,45.02178043726095,37.880887167539704,1.1885091349138281,0.9415252044699404,0.17349431790810674,1.8151225639161475,1.2067575065753802,1.5041319851137513,0.9956333632687403,0.06358745839833702
/home/iiitn/Datasets/FaceForensics++/original_sequences/youtube/c23/videos/887.mp4,0,8.11972839788678,14.826681485339302,0.5476430046680107,0.9167668477690126,0.09566377020284496,5.319373631101317,14.73680416348403,0.3609584257272051,0.9385315632511517,0.09373237235468379,0.40679044831584793,0.2614781216733551,1.5557341689337227,0.9896936440213538,0.003623906807287239
/home/iiitn/Datasets/FaceForensics++/original_sequences/youtube/c23/videos/886.mp4,0,22.729188701925512,15.512867210892779,1.4651829602438418,0.8120643236485733,0.24835449128161233,12.399254608850493,14.928050719080844,0.8306010504775365,0.8539468365381125,0.20055728656599606,0.33445907324327634,0.17475056989918358,1.9139226466399002,0.987377322769525,0.051931655353909555
/home/iiitn/Datasets/FaceForensics++/original_sequences/youtube/c23/videos/888.mp4,0,11.45728089879753,25.40155539805205,0.45104643078967305,0.8978475380608497,0.14704979578882224,6.656993969045729,16.87855470011378,0.39440545042644276,0.9276837332398241,0.08758586344106237,0.7667526765298023,0.5495585840943469,1.39521553974702,0.9963221476475876,0.03358045672161015
/home/iiitn/Datasets/FaceForensics++/original_sequences/youtube/c23/videos/884.mp4,0,35.78174926534603,26.092134243855384,1.3713615348952346,0.9212929194631961,0.13052216050553353,23.68468814746385,17.712601892830154,1.3371659505908684,0.9343776158279934,0.1324262726116858,0.33163593137277225,0.1836571512252366,1.8057338315460143,0.9763523282333145,0.004174552761609246
/home/iiitn/Datasets/FaceForensics++/original_sequences/youtube/c23/videos/890.mp4,0,3.229368203807437,8.123178373990086,0.3975498327289813,0.9509337874407714,0.0544217202394683,2.5671437710429195,5.529739327928212,0.4642431801581383,0.9565732723581495,0.02690924263285291,0.5847113434429163,0.48903554949504563,1.1956417975066655,0.9974444745210066,-0.0035672997885464993
/home/iiitn/Datasets/FaceForensics++/original_sequences/youtube/c23/videos/883.mp4,0,47.86398591318749,20.658901070994155,2.3168698929678433,0.933835779794599,0.33120997630665466,24.86765538818119,16.572505662401422,1.500536846676073,0.9511947421984899,0.30378387803024404,0.712143482192697,0.39698681544991804,1.7938718730132175,0.9802367487807478,0.06406439567978307
/home/iiitn/Datasets/FaceForensics++/original_sequences/youtube/c23/videos/893.mp4,0,21.270442370629663,6.875065461770042,3.0938530678591407,0.9076768029819636,0.134302134641916,14.623742335949595,12.653805886414204,1.1556793637596747,0.8990237819089417,0.10399689969832851,1.2179990510986591,0.7807069879251533,1.560123157518643,0.9977121680114207,0.006484224849937485
/home/iiitn/Datasets/FaceForensics++/original_sequences/youtube/c23/videos/895.mp4,0,2.4365272291807587,160.2851473364153,0.01520120403961598,0.8796761924677458,0.10129160746078952,1.625706951218883,87.02155556109206,0.018681658133283794,0.8948560599774767,0.04087440659490253,0.28779374502161015,0.2538990289065342,1.133496832426064,0.9960670423479211,0.01626716001974131
/home/iiitn/Datasets/FaceForensics++/original_sequences/youtube/c23/videos/897.mp4,0,95.75911665739882,118.39773795936402,0.808791775145779,0.9237813770517617,0.17546675544851095,52.29448804931633,81.53558266814316,0.6413701397359162,0.9761240216168874,0.15369735269787527,3.4030908612585087,2.3162879734360957,1.4692002463796399,0.9974873309520044,0.053335334395056104
/home/iiitn/Datasets/FaceForensics++/original_sequences/youtube/c23/videos/896.mp4,0,47.39934230136853,57.33560063607958,0.8267000218977655,0.8285657311655074,0.40905542150960883,23.176408946778263,65.72349986844675,0.35263503911338484,0.9091047469938652,0.34639645087237847,0.18136974044259943,0.09602969756713842,1.8886838659030056,0.9839469295419585,0.11446114517063045
/home/iiitn/Datasets/FaceForensics++/original_sequences/youtube/c23/videos/874.mp4,0,7.7279460151499455,2.188578534871224,3.531034364094528,0.7780109526734922,0.0059625493417282995,4.669120773262484,10.426977627152729,0.4477923459913925,0.6683858269813951,-0.01152246286776022,0.09772439158049086,0.05045018634156062,1.937047187871058,0.9861532889690162,-0.003114775799171119
/home/iiitn/Datasets/FaceForensics++/original_sequences/youtube/c23/videos/898.mp4,0,14.180772834962676,31.038433771444932,0.45687784826336353,0.7949751383354368,0.30482103641893676,8.202133065055953,33.12426918270089,0.2476170272562423,0.8739176885791226,0.26358152794083434,0.3017286587029429,0.16718074161681826,1.804805121600138,0.9939968935164921,0.03695536824480086
/home/iiitn/Datasets/FaceForensics++/original_sequences/youtube/c23/videos/899.mp4,0,12.061083110479169,11.743833237532664,1.0270141670551478,0.9389884699054648,0.28650714839483266,6.7058612541782425,9.399558170792126,0.7134230282244343,0.9682692711692634,0.23033956096871314,1.1188043108072991,0.958410251414823,1.1673542819014087,0.997562891636258,0.0582006448751912
/home/iiitn/Datasets/FaceForensics++/original_sequences/youtube/c23/videos/891.mp4,0,7.411035609750679,38.05615164114733,0.19473949125580184,0.8926467512225035,0.04781697398646917,4.584723489769836,22.934651135758788,0.19990378151519028,0.9393982059846095,0.012374196134394581,0.30303987838397095,0.2131933753558819,1.4214319646570117,0.9933677537566606,0.020673885234826793
/home/iiitn/Datasets/FaceForensics++/original_sequences/youtube/c23/videos/900.mp4,0,24.10244746801673,47.57944100762393,0.5065727330456584,0.9400988509350586,0.11602340747055964,13.017796315525743,35.43455860096183,0.3673757153891114,0.9465431184532512,0.11894240825779646,1.5049678269989375,1.181099398572571,1.2742092907826224,0.9950044880387269,0.01904693568478167
/home/iiitn/Datasets/FaceForensics++/original_sequences/youtube/c23/videos/903.mp4,0,17.485699165340627,48.033540938311795,0.3640310254827361,0.9564911078536129,0.07199998884279465,9.844994382115955,27.753291832562677,0.3547324923296095,0.9703192743887131,0.057110834311137386,1.0674200083680028,0.9107041522961286,1.172082070425123,0.9947124529088814,0.016670928208031458
/home/iiitn/Datasets/FaceForensics++/original_sequences/youtube/c23/videos/905.mp4,0,19.338350017119485,24.259312614699528,0.7971516062413794,0.9457532066297575,0.060219416371877325,11.811941696465993,80.3241972723981,0.14705334254893257,0.8905578286206829,0.030802721647759695,1.1760965655572118,1.5439570581679678,0.7617417591605476,0.9917081994066747,-0.0004851902650854591
/home/iiitn/Datasets/FaceForensics++/original_sequences/youtube/c23/videos/882.mp4,0,15.200535190461244,7.295316273149081,2.083601946965325,0.9040290147407668,0.057375083048929534,9.674268374742347,9.678188144275635,0.999594989322913,0.8642067681357087,0.023381669832329654,0.04120799526274455,0.023721988937267808,1.7371222696257906,0.9798114428454503,-0.0008852499656828928
/home/iiitn/Datasets/FaceForensics++/original_sequences/youtube/c23/videos/902.mp4,0,5.793874973140324,19.660232944910117,0.2947002199503599,0.8775618026057469,0.018951631031965975,3.2486622520978408,15.66889580420225,0.20733192004675785,0.9095307097608041,0.0058255123535907605,0.390143326496278,0.2785698351616809,1.4005225162654107,0.9959944355654042,-0.006687237944340492
/home/iiitn/Datasets/FaceForensics++/original_sequences/youtube/c23/videos/901.mp4,0,3.358996302720238,15.68514998597315,0.21415136646599536,0.844902555884603,-0.01779385668637772,2.9112925555229463,12.916775384503438,0.2253884943308446,0.9107285068165757,-0.059776737797688766,0.4020583551413545,0.2992044947396528,1.3437577383026884,0.9907373608597997,-0.01411560895966478
/home/iiitn/Datasets/FaceForensics++/original_sequences/youtube/c23/videos/909.mp4,0,33.982726813850576,23.525983959669713,1.444476323375325,0.8069167078502959,0.22601886412317077,18.920490574597295,16.700740692701782,1.1329132595218092,0.9238903552867571,0.20394164115347993,0.8065462065422091,0.43155393772997225,1.8689348793449625,0.9944728003290964,0.03865485978596074
/home/iiitn/Datasets/FaceForensics++/original_sequences/youtube/c23/videos/889.mp4,0,4.753578802623238,6.071802284707066,0.7828942017094311,0.8715809743712333,0.021195302125692914,3.192314981037027,12.239787095467362,0.26081458412125524,0.8636327006484127,0.013444637324482244,0.08582993805333222,0.04871790290149245,1.7617740695218402,0.9862354609814039,-0.004302828945550201
/home/iiitn/Datasets/FaceForensics++/original_sequences/youtube/c23/videos/892.mp4,0,2.2987196973346036,1.3016055444865804,1.766064770599403,0.9184668826931279,-0.008074039773599344,1.5956132899058602,2.9997431100955136,0.5319166446406322,0.877760019811765,0.007208492386014487,0.38854326030750147,0.35701388755004104,1.0883141352674721,0.9980900867049369,0.004417059453836809
/home/iiitn/Datasets/FaceForensics++/original_sequences/youtube/c23/videos/907.mp4,0,11.375243219831715,5.415810641688714,2.1003768359753394,0.9253041184441193,0.03975728167241515,7.019845475637375,3.988095696684715,1.7601998571581265,0.9667076719728628,0.010596235116174735,0.8589311750528003,0.7573211796781614,1.1341702808547096,0.9979270180562764,-0.0005772278201332946
/home/iiitn/Datasets/FaceForensics++/original_sequences/youtube/c23/videos/912.mp4,0,4.259730910138972,29.329658712943996,0.1452362931266921,0.8203410914465671,0.09973978371507829,2.5274534591758755,18.44915535498826,0.1369956190700354,0.8858579029755207,0.07714158717690116,0.18727184655624818,0.11264489146883833,1.6624974653915343,0.9883944085268466,0.005044696312068051
/home/iiitn/Datasets/FaceForensics++/original_sequences/youtube/c23/videos/894.mp4,0,1.734124553756023,9.907022526117638,0.17503993245037985,0.7268060628691764,0.009569555880557344,1.2952857878035704,10.213140943135706,0.12682541002962827,0.7206156050896073,0.024492959719613513,0.29942646563655867,0.18765205778055957,1.5956471204099885,0.9905367562157674,-0.013194846353487695
/home/iiitn/Datasets/FaceForensics++/original_sequences/youtube/c23/videos/914.mp4,0,9.56126680348202,75.96214610996854,0.12586883458558962,0.9227080551628749,0.0883682372239788,5.830998676919215,38.34443687382722,0.15206896103615183,0.9553302235896012,0.08009606237994925,0.8681548689832811,0.780477475515318,1.1123381471195863,0.9927237580967518,0.009469236406268568
/home/iiitn/Datasets/FaceForensics++/original_sequences/youtube/c23/videos/913.mp4,0,26.150362873277956,35.67583170041584,0.7329993899756272,0.9365227040243531,0.06296615437578656,15.2940337985348,23.836987799194162,0.6416093311526481,0.9595864184453934,0.05247592439715677,1.2045807341647612,0.8069917728743105,1.49268031553077,0.9953781206641058,0.0029210715709876113
/home/iiitn/Datasets/FaceForensics++/original_sequences/youtube/c23/videos/910.mp4,0,6.414797498535424,51.779652673407746,0.1238864528311107,0.8935383771504951,0.24124873813469974,4.38942514603685,30.701983995433324,0.14296877839196784,0.9093831214279552,0.21675376396090928,0.09331078085104079,0.055338340752748016,1.6861868205979256,0.9790481671168306,0.0042328580465032465
/home/iiitn/Datasets/FaceForensics++/original_sequences/youtube/c23/videos/917.mp4,0,46.81604043394841,17.632893003969397,2.6550402377766087,0.8426708362213108,0.039202481982417874,26.122543639972445,24.882253035797927,1.0498463946327579,0.9178533038174165,0.022569039634141808,0.3223991448077785,0.1721524632118018,1.8727535975545462,0.9927179355501474,-0.005313148875363115
/home/iiitn/Datasets/FaceForensics++/original_sequences/youtube/c23/videos/911.mp4,0,12.277690037621047,87.16009856961857,0.14086365480431762,0.8541503946097224,0.10983324106068192,7.3542861101408405,64.21375832122973,0.11452819928948836,0.9216508531676014,0.0696095087951379,0.7069852299101932,0.5819996027926229,1.2147520831936118,0.9942270492328702,-0.004259807538356963
/home/iiitn/Datasets/FaceForensics++/original_sequences/youtube/c23/videos/919.mp4,0,17.881325956867432,26.592430430416417,0.6724216503511005,0.8072297834710288,0.18660990298160093,10.94275578742343,13.57847016529346,0.8058901816047797,0.8628249464515978,0.19476225689100413,0.047987051150494474,0.02492861717736189,1.924978461864798,0.9678554335980927,-0.00681877277062094
/home/iiitn/Datasets/FaceForensics++/original_sequences/youtube/c23/videos/904.mp4,0,1.9358505158003159,10.694702745977713,0.18101022176875284,0.7767239362669823,0.10235528367383667,2.0459115440132236,13.111252641458975,0.15604241638543864,0.6905456232836897,0.16518714731139764,0.04918736883958752,0.02849238293847471,1.7263339800605908,0.9650114189940305,0.0033549890818664082
/home/iiitn/Datasets/FaceForensics++/original_sequences/youtube/c23/videos/915.mp4,0,8.374123435926393,9.124781245865172,0.9177341582540475,0.9053088320653581,0.10580915026342198,5.584444609395779,9.867399298392423,0.5659489841771768,0.9333204044104967,0.100246834286978,0.6200278447873343,0.4100977565918123,1.5119025520651026,0.9952335504291021,0.02310299851744984
/home/iiitn/Datasets/FaceForensics++/original_sequences/youtube/c23/videos/906.mp4,0,5.748202814749746,10.296400506900644,0.558273040262692,0.8226573208386633,0.03342408398554073,3.1553187112310055,10.163436189303049,0.31045786606619896,0.8692904589953212,0.00913978328972918,0.333279525645272,0.22686648327052883,1.4690558113330918,0.9944942967048732,-0.00782710481602957
/home/iiitn/Datasets/FaceForensics++/original_sequences/youtube/c23/videos/918.mp4,0,5.562588662581594,4.0364707638324395,1.3780822376873052,0.9185444952876566,0.2133942693495028,3.275363660340616,9.021116112448736,0.36307743072065785,0.8152367740460925,0.18430451231572073,0.4276941323979115,0.2634310000606215,1.623552779663325,0.9913322971325474,0.015298502369569032
/home/iiitn/Datasets/FaceForensics++/original_sequences/youtube/c23/videos/922.mp4,0,19.488693113396877,76.93155501614918,0.25332509019616056,0.8088283180623161,0.16185647841840387,9.919275694810239,37.12280583658684,0.267201669466325,0.917925013398356,0.11264420914597639,1.552505278719449,1.2807080124681327,1.2122242256668003,0.9966693769167931,0.018050004187002273
/home/iiitn/Datasets/FaceForensics++/original_sequences/youtube/c23/videos/916.mp4,0,80.69815510847754,88.1594051254358,0.9153663751888732,0.9266122078629774,0.12948847300731237,45.47137917509053,52.93225744103709,0.8590485532520985,0.9126005409590534,0.08614610452487842,0.038520397908522006,0.020830088972080472,1.8492670847519024,0.9830858462055031,0.011355422223664287
/home/iiitn/Datasets/FaceForensics++/original_sequences/youtube/c23/videos/923.mp4,0,0.0,0.0,0.0,0.0,0.0,0.0,0.0,0.0,0.0,0.0,0.0,0.0,0.0,0.0,0.0
/home/iiitn/Datasets/FaceForensics++/original_sequences/youtube/c23/videos/926.mp4,0,28.18827817269853,28.59096672743139,0.9859155320429756,0.8901862591133076,0.2823942351308821,19.483836174959205,21.687692747849393,0.8983821562527102,0.9540617559754297,0.23656408720005156,1.2039428966813188,0.8445298676160018,1.4255776412975107,0.9897764934241687,0.03579454740817097
/home/iiitn/Datasets/FaceForensics++/original_sequences/youtube/c23/videos/924.mp4,0,51.50224834996365,49.210602086725295,1.0465681411334842,0.9270903393664547,0.15025606328968763,29.929320969208135,38.09198187250553,0.785711834826081,0.9675808605433095,0.12295737141152464,2.061547924395271,1.7371343025337966,1.186752182251126,0.9982613836331273,0.0006321729379749982
/home/iiitn/Datasets/FaceForensics++/original_sequences/youtube/c23/videos/929.mp4,0,20.085935176506208,22.958821808169645,0.8748678544714715,0.9016118272543997,0.2906678323931791,14.722253047705237,13.795650865343019,1.0671662534378858,0.940654296127874,0.30617096197496085,1.274838147326031,0.8220449097700238,1.5508132611424859,0.9929012964397724,0.03671865861238392
/home/iiitn/Datasets/FaceForensics++/original_sequences/youtube/c23/videos/931.mp4,0,49.85540106213498,36.71105976236044,1.358048538638248,0.9619242252824739,0.3098367735860143,28.0229909364396,20.744681787097893,1.350851809829565,0.9778348211033144,0.27612951721462553,2.840779784815022,2.2205294931504604,1.2793254012512834,0.9979574127391508,0.105259326727752
/home/iiitn/Datasets/FaceForensics++/original_sequences/youtube/c23/videos/930.mp4,0,35.3973991870054,157.617313356389,0.224578115393759,0.9295649940370598,0.2345118904826763,27.001034119452175,94.7391185009505,0.2850040674505672,0.9839561775006116,0.23270339560744446,2.20328465401964,2.1372641983471,1.0308901705851798,0.9975027366800878,0.026869654979492456
/home/iiitn/Datasets/FaceForensics++/original_sequences/youtube/c23/videos/908.mp4,0,10.850988109420788,2.9369819377242368,3.6946049854936573,0.8782463403570973,0.026949402574670815,6.966805639871487,9.916805989199334,0.7025251524996281,0.7828657978467221,0.017386659565997564,0.0018847692929814521,0.0010172068450380678,1.8528869542859956,0.9814406458726741,0.003138725604056503
/home/iiitn/Datasets/FaceForensics++/original_sequences/youtube/c23/videos/927.mp4,0,37.762595913440414,76.38950496354812,0.4943427232767137,0.8862427337494578,0.3050031941219781,19.691515933643338,41.09640156534599,0.479154261288121,0.9342907918156098,0.23926184048149213,1.0107552362349497,0.7088324653138761,1.4259437676678366,0.9924448805522182,0.0703158004894777
/home/iiitn/Datasets/FaceForensics++/original_sequences/youtube/c23/videos/925.mp4,0,12.11470605918156,50.710949398588646,0.23889724414267677,0.8770900204023698,0.09989462083039947,6.494374022429927,40.390831818195856,0.16078832076699756,0.9274179345611454,0.08273915047600928,0.2223359703144061,0.14356664465492733,1.5486603510781105,0.9878480021052324,0.002057929160393563
/home/iiitn/Datasets/FaceForensics++/original_sequences/youtube/c23/videos/928.mp4,0,3.646564904578175,51.76225217551555,0.07044834317126301,0.9506347599881714,0.030808703219150697,2.5990606902845843,31.39406355805292,0.08278828529089528,0.961230871069251,0.019494103167835262,0.8150147048228029,1.6278429754869528,0.5006715740374157,0.9959905361636562,0.000495535845651155
/home/iiitn/Datasets/FaceForensics++/original_sequences/youtube/c23/videos/938.mp4,0,13.554771779578873,131.05676855631634,0.10342672056464035,0.9237302755539464,0.36055558894476897,7.390308577514962,71.73292429026401,0.10302533530642659,0.9554534511083063,0.36013435091451523,0.8865710366387378,0.943418565258991,0.9397430464974502,0.9933711005870608,0.06292357288384279
/home/iiitn/Datasets/FaceForensics++/original_sequences/youtube/c23/videos/936.mp4,0,54.87559354718986,25.762919395591137,2.1300223280045207,0.8487307066425235,0.2164492046681095,28.576443649447054,24.853705837751757,1.1497860253113887,0.8914352110563962,0.15446009362024735,0.29259876690794645,0.1643237619814855,1.7806235895506934,0.9950030159712625,0.042665878334141316
/home/iiitn/Datasets/FaceForensics++/original_sequences/youtube/c23/videos/937.mp4,0,5.739544655196089,112.20063951572278,0.051154295376291514,0.9271758926182789,0.10856251454400415,3.453137152582933,73.87425084602647,0.04674344731806738,0.9401569467827441,0.12253010129400833,0.5915263709800769,0.5729230962315985,1.0324708060660173,0.9895191742024613,0.034286345640200284
/home/iiitn/Datasets/FaceForensics++/original_sequences/youtube/c23/videos/939.mp4,0,9.059265140384964,40.952850797030116,0.2212120759378719,0.877526691372771,0.26373857350360114,5.696146937064273,27.34512097737662,0.20830578668044122,0.9581756847802231,0.2507062878586238,0.7386146250161394,0.6445887143691743,1.1458696197295097,0.996441566867151,0.07224942143850767
/home/iiitn/Datasets/FaceForensics++/original_sequences/youtube/c23/videos/940.mp4,0,10.438900063732811,12.616608531948495,0.8273935136608886,0.9755726363424548,0.34225802573115877,8.86784962767986,18.331114432681375,0.4837594386443814,0.9776788524580375,0.3354800361943671,2.326305487465658,2.2567516829471086,1.0308203180013669,0.9974591637983679,0.02897157433978971
/home/iiitn/Datasets/FaceForensics++/original_sequences/youtube/c23/videos/932.mp4,0,19.009317759080812,78.90090088978765,0.24092649823648893,0.929778294157282,0.028183615941727448,13.591364199164062,51.51569923249448,0.26382955878799486,0.9666407607714694,0.016225904337267203,0.508774168960242,0.3787820050261177,1.3431846344579148,0.9948655133487566,-0.01290213431395996
/home/iiitn/Datasets/FaceForensics++/original_sequences/youtube/c23/videos/934.mp4,0,10.430919377851337,12.877510047273006,0.8100105796508565,0.8792713115386156,0.11512375524631921,7.013684493217653,9.633741911255596,0.7280332562182514,0.8926488025936882,0.13982590027441094,0.353502378118513,0.2212693386938335,1.5976112199062882,0.9940403744640234,0.02230767004570507
/home/iiitn/Datasets/FaceForensics++/original_sequences/youtube/c23/videos/921.mp4,0,4.248249339666548,7.711439922018592,0.5509022157504536,0.9412329605147036,0.02686176543044574,2.9441411403129574,8.262685231217413,0.3563177172948136,0.9232192047463176,0.020344363694655344,0.0380988860983038,0.023948294418875322,1.5908809801618027,0.9890832671614808,-0.004794540289692198
/home/iiitn/Datasets/FaceForensics++/original_sequences/youtube/c23/videos/944.mp4,0,5.267715977080742,36.48551985093511,0.1443782628999798,0.9123012319522946,0.08783535929494019,3.317685026807117,23.094912876602876,0.1436543642547453,0.9369517812052905,0.0944820456907678,0.991781172065261,1.1460701673305778,0.8653756116654828,0.9974165356398135,0.02096766762771663
/home/iiitn/Datasets/FaceForensics++/original_sequences/youtube/c23/videos/933.mp4,0,2.285030446399857,21.328353919654713,0.10713580874584669,0.9178361479632319,0.05805004125789782,1.6277938763364823,12.558090042507358,0.12962113433066894,0.9247277819154117,0.04788037942316204,0.4849865396223773,0.5070652749936431,0.9564578044285471,0.9957816813627826,0.00035883766092563137
/home/iiitn/Datasets/FaceForensics++/original_sequences/youtube/c23/videos/920.mp4,0,0.754039386967191,5.156323972502488,0.14623584378877527,0.6950796605084039,0.07233855061081862,0.60934120858362,14.325528640568772,0.04253533840685038,0.5705196846527457,0.07267980968942256,0.041272879832250385,0.024626715258621687,1.675939295956287,0.9863235027761,-0.000770427922198905
/home/iiitn/Datasets/FaceForensics++/original_sequences/youtube/c23/videos/941.mp4,0,48.77825778443702,11.508334930789728,4.238515656503381,0.9272354410976827,0.08211165761637408,25.637647107577674,28.8460665261314,0.8887744567999507,0.7857443851350734,0.07155366144476458,1.0397766340701675,0.5559985524973894,1.8701067285153583,0.9944847401753133,0.020393076825044917
/home/iiitn/Datasets/FaceForensics++/original_sequences/youtube/c23/videos/949.mp4,0,17.420947227177795,167.88492334056707,0.10376719291129023,0.9569119039579812,0.11989480864315001,9.572932303661638,89.79221015288942,0.10661205785403635,0.9680395210091768,0.08975126485427518,1.7705300187032564,2.1071765762719785,0.8402380885590908,0.9977328833222789,0.017989283416616656
/home/iiitn/Datasets/FaceForensics++/original_sequences/youtube/c23/videos/942.mp4,0,17.395764437214275,20.51799600607787,0.8478296044146455,0.9529637708261669,0.1693940171140889,8.869799533108468,22.588026349582545,0.3926770491514144,0.9558893702323328,0.09503349199511651,0.05519127600777236,0.032580384636086195,1.6940032054330698,0.9839144130724106,0.009509676564064585
/home/iiitn/Datasets/FaceForensics++/original_sequences/youtube/c23/videos/943.mp4,0,8.273367277619341,7.28960897435471,1.134953508031165,0.7789582281182016,0.053281892251465755,5.752828653097932,15.111338459772776,0.3806961685367767,0.7826037815360906,0.029058049144797225,0.40923184495063886,0.2762203525801994,1.4815412446185339,0.9979125551360913,0.004057140569256071
/home/iiitn/Datasets/FaceForensics++/original_sequences/youtube/c23/videos/946.mp4,0,12.000199756359484,4.788274223359113,2.5061638487239764,0.9360547556450313,0.04630802099998709,8.1665488053337,3.678288498297382,2.2202034476398085,0.9282749991502701,0.05370518697350626,0.21469010528879054,0.11256418784946276,1.9072682830164904,0.9884684029549001,0.0021193661436609184
/home/iiitn/Datasets/FaceForensics++/original_sequences/youtube/c23/videos/954.mp4,0,66.11537403455726,53.51332911884847,1.2354935699799343,0.7902715718198833,0.269061540535136,35.891656652958375,29.625430125661154,1.2115151240241233,0.823148742060486,0.22345783115546033,0.44122333780527273,0.22014488323758266,2.0042407132810798,0.9897000720345567,0.05160502791666422
/home/iiitn/Datasets/FaceForensics++/original_sequences/youtube/c23/videos/945.mp4,0,7.424101922340518,14.283310916919978,0.5197745792641076,0.8969718430286191,0.11365133501713423,5.938409009253228,11.035953210169149,0.5380966098860624,0.9455224595172349,0.04085292450233083,0.243401818348033,0.15249615192267743,1.5961177726730373,0.9885510418058763,0.0011119166796393245
/home/iiitn/Datasets/FaceForensics++/original_sequences/youtube/c23/videos/947.mp4,0,9.500325647149175,5.982582158057184,1.587997522834582,0.9066845091916642,0.10711354038814332,7.182863161315304,6.856724228170983,1.0475648315859594,0.8951627063312183,0.10703288197973629,0.3076581666108219,0.18016040961815402,1.7076902037628385,0.9912245107059784,0.003520546886230658
/home/iiitn/Datasets/FaceForensics++/original_sequences/youtube/c23/videos/955.mp4,0,4.836910745458862,57.000319251211515,0.08485760797481948,0.8120200827309185,0.06540983826393588,3.2376762865838358,35.26952139627246,0.09179813500179838,0.8446266279338847,0.0691810335918752,0.41762777272645346,0.2717143838704166,1.5370101750874716,0.991707942211787,0.008245489208276951
/home/iiitn/Datasets/FaceForensics++/original_sequences/youtube/c23/videos/953.mp4,0,21.6160148948296,76.055725991082,0.28421285331447904,0.9231794327142527,0.11236971893057839,13.317903965851478,71.8977036470571,0.18523406576694754,0.9666393273145614,0.09277914017774029,1.4413532923834902,1.4297451529312124,1.0081190269667843,0.9958552565243274,-4.738610843251326e-05
/home/iiitn/Datasets/FaceForensics++/original_sequences/youtube/c23/videos/956.mp4,0,31.923883790808617,92.27854692107296,0.3459513056497685,0.9188568822239107,0.15713968070216716,19.505918540542222,77.03961065126533,0.2531933686534259,0.9132683782750793,0.12028028363590924,1.6227062914623656,1.194706600591757,1.3582466947605492,0.9974392214855402,0.026830402306508634
/home/iiitn/Datasets/FaceForensics++/original_sequences/youtube/c23/videos/952.mp4,0,3.003242333487884,0.9282924593756746,3.235232930263941,0.8960712786484377,0.045466967783079404,2.369512169898838,1.0013406956748085,2.3663396285936544,0.9306598857583648,0.08392793540826511,0.2273403226690466,0.15610372533155417,1.4563414305852762,0.9871463776235142,-0.0013931646246799988
/home/iiitn/Datasets/FaceForensics++/original_sequences/youtube/c23/videos/958.mp4,0,17.54175873774796,93.1549948384888,0.18830722676933948,0.9684021690288206,0.30189906556898577,10.669732806144102,100.15867771410178,0.10652829140376983,0.9733606499016441,0.2931571819625428,1.7676095422443705,1.9890255325514354,0.8886811724216319,0.9965986940352,0.06340423506512097
/home/iiitn/Datasets/FaceForensics++/original_sequences/youtube/c23/videos/935.mp4,0,0.6546126779004817,1.2510435695819577,0.5232533013372378,0.8877361975940928,0.005369641773265673,0.6128609043527188,8.061146851797853,0.0760265152862256,0.6659668847153765,0.0013889020217220562,0.163976339393048,0.12955356486415068,1.2657030284345545,0.9932076673630181,0.013505885930786042
/home/iiitn/Datasets/FaceForensics++/original_sequences/youtube/c23/videos/962.mp4,0,62.236089719300374,69.42822345026839,0.8964090772663978,0.9446825357551153,0.1760663316899952,33.516642139931804,75.76489992374367,0.4423769076929534,0.9532788890750169,0.14988597605526566,0.8706513411289872,0.559635832259055,1.5557462387897338,0.9944617248281619,0.03874358450030674
/home/iiitn/Datasets/FaceForensics++/original_sequences/youtube/c23/videos/951.mp4,0,6.121328761320748,52.1734837035854,0.11732643340624935,0.8202084297368274,0.05749550650685552,4.68835618072348,34.95394201552987,0.13412954048617654,0.8873361956571949,0.05085029650154977,0.8705059802824088,0.6978511579274311,1.2474092367601,0.9896435292797577,0.007947483231212846
/home/iiitn/Datasets/FaceForensics++/original_sequences/youtube/c23/videos/964.mp4,0,37.43141761836109,32.49160351289688,1.1520335585623975,0.9670094217720108,0.070266417934253,21.56059440466377,23.053409058038827,0.9352453838988943,0.9862265308364355,0.05103832375293132,1.5246136821190313,1.391687162434737,1.0955146553566977,0.9966355755668493,0.005243237385011333
/home/iiitn/Datasets/FaceForensics++/original_sequences/youtube/c23/videos/966.mp4,0,48.99432458979902,125.1957108903182,0.3913418777798395,0.8756068102320405,0.10686000411992143,23.79222287955702,79.25129455546272,0.3002124194060505,0.9184292315344239,0.06980450336442831,0.9392814303502149,0.5483691466004067,1.7128633807595737,0.9815101807794684,0.0015366332052574165
/home/iiitn/Datasets/FaceForensics++/original_sequences/youtube/c23/videos/963.mp4,0,12.043448140591444,55.65589930048112,0.2163912234275466,0.9477301925617665,0.07133343373232268,7.4998856048712925,39.03948688269835,0.19211025051138972,0.9673194394370905,0.05593050122147359,0.9696774224080261,0.9559510689495744,1.0143588452425025,0.9969245634797169,0.00010315094948536675
/home/iiitn/Datasets/FaceForensics++/original_sequences/youtube/c23/videos/948.mp4,0,1.4083176644062771,2.498103822437266,0.5637546573353613,0.8715110522005703,0.02820692851422169,1.168327684697064,6.2402287356296355,0.18722513776238692,0.7549093860483108,0.009531909513748866,0.11335049797184317,0.06568169081901494,1.7257548726048941,0.9631808954356936,-0.007731219491317158
/home/iiitn/Datasets/FaceForensics++/original_sequences/youtube/c23/videos/960.mp4,0,7.553042928282193,27.062744112140265,0.2790937569739619,0.8499098914608038,0.10354398812122956,5.6961862124299705,20.06663819284824,0.28386350307846253,0.8797086480953339,0.07464083393058893,0.21766547150011772,0.12243407406059219,1.777817761682878,0.9906627326533314,0.01378485506708727
/home/iiitn/Datasets/FaceForensics++/original_sequences/youtube/c23/videos/961.mp4,0,3.9999666862483245,1.0992638179087175,3.638768620491865,0.9190397015705937,0.1141844398863191,2.614278625867852,0.9757261605701942,2.6793159100501325,0.9145137046570175,0.059254672206500554,0.06039077601664141,0.033844065124494185,1.7843830460228727,0.9856349671910895,-0.003609117689779493
/home/iiitn/Datasets/FaceForensics++/original_sequences/youtube/c23/videos/970.mp4,0,18.683886400290827,51.349200615835024,0.3638593430124228,0.8156323573664116,0.06554853991488403,13.687824434898266,34.42934118423324,0.3975627753564609,0.9343317142415076,0.06995884547040997,1.643316383185189,1.3813229675108658,1.1896684713397863,0.9972517339524333,0.027035142928606898
/home/iiitn/Datasets/FaceForensics++/original_sequences/youtube/c23/videos/969.mp4,0,127.40983492669424,178.51842651878042,0.7137069120049102,0.8690839358117876,0.24667913603917924,68.84693375530259,91.70944907692592,0.750707091234991,0.9466482734825119,0.19676972012675523,3.134621108050213,2.1209487321921463,1.4779334646200366,0.99413442980199,0.028955062016943447
/home/iiitn/Datasets/FaceForensics++/original_sequences/youtube/c23/videos/974.mp4,0,29.91112837091475,53.384606617069295,0.5602950038663562,0.7945677544407022,0.06292912971154052,16.938132399000214,38.1610350300081,0.4438593551165695,0.9263808167104463,0.030094842032519106,0.4038833185325437,0.22649165276858554,1.7832150262297104,0.9926984637056503,-0.00041517735131492173
/home/iiitn/Datasets/FaceForensics++/original_sequences/youtube/c23/videos/968.mp4,0,9.450247829259132,47.789418254700614,0.19774770596479474,0.9132688572552353,0.06087078000817988,6.664261753170827,54.273326092050674,0.12279073779019654,0.9639295190696403,0.05706693060458227,0.8664756730583022,1.0341240700046328,0.8378836719799206,0.9970665333994577,0.004029418445797052
/home/iiitn/Datasets/FaceForensics++/original_sequences/youtube/c23/videos/973.mp4,0,53.07842716323284,67.82250697137385,0.7826078618066401,0.8731133538620081,0.3943245857766116,29.557789766569886,45.427435067894464,0.6506594467064608,0.9636803535034564,0.34640241097588187,1.7270784408012307,1.5424670447784485,1.1196857959771185,0.9972297892675644,0.08200672763036226
/home/iiitn/Datasets/FaceForensics++/original_sequences/youtube/c23/videos/967.mp4,0,12.849118983858801,35.09755550521551,0.3660972622993478,0.8766756180926194,0.07149376843562133,8.579079356346295,32.93872468163594,0.26045572314247245,0.9414097256763224,0.051111664628448315,0.4555946581788533,0.3417339704101714,1.3331851604685916,0.9947731449497702,0.0022240283388478216
/home/iiitn/Datasets/FaceForensics++/original_sequences/youtube/c23/videos/950.mp4,0,1.1329698550461549,1.4206602486059474,0.7974952886574431,0.9484987115477036,-0.00040293870904997274,1.0684872894908484,9.900316944258236,0.1079245538811286,0.6331997410953921,0.00887955968593705,0.38750085407069507,0.35171774926295524,1.101738126332053,0.9974342407543652,0.00786980504044305
/home/iiitn/Datasets/FaceForensics++/original_sequences/youtube/c23/videos/976.mp4,0,31.18334545526932,8.082419220118666,3.858169764029078,0.8569299300150184,0.3003612889684381,17.18216504501927,8.769912335216668,1.9592174229635297,0.8589682860017392,0.31103290930913835,0.38126991794147225,0.19136116212557108,1.992410130177215,0.9785678340396293,0.04864835647615209
/home/iiitn/Datasets/FaceForensics++/original_sequences/youtube/c23/videos/980.mp4,0,53.7992534616117,79.41306080213207,0.6774610236426917,0.8703629618679429,0.29997324218385346,28.084696984474213,66.59851556303109,0.42170154615374134,0.9553161146747153,0.2816089256666862,0.9984052316594285,0.628054253874745,1.589679913000866,0.9931640056313548,0.07649070090485247
/home/iiitn/Datasets/FaceForensics++/original_sequences/youtube/c23/videos/957.mp4,0,1.988641460322973,5.953309391241274,0.33403966258644896,0.8957902077724702,0.023084196166915566,1.8125305836027408,7.447041303552364,0.24338935554689795,0.868583625577363,0.023659914416449806,0.18913419430047151,0.12329943058541377,1.5339421553082657,0.9863821625982215,-0.005853425172542182
/home/iiitn/Datasets/FaceForensics++/original_sequences/youtube/c23/videos/981.mp4,0,109.93252493632842,91.7537358879939,1.198125873267175,0.9349352668690726,0.23530164658348293,57.72170303933573,85.84031414314781,0.6724311719442065,0.9597615234409003,0.1569387302131819,0.4300926985715159,0.2558639849889181,1.680942703171546,0.9887417462882645,0.026459923921701455
/home/iiitn/Datasets/FaceForensics++/original_sequences/youtube/c23/videos/977.mp4,0,2.7650880644368656,5.298150288029487,0.5218968723262227,0.921331252289427,0.014775062794639837,2.527232169136622,3.772913823937928,0.6698356461528872,0.953591110668255,0.0226868526453489,0.2772633630680998,0.23163435303510713,1.1969872319676045,0.9962861995940825,-0.006734673744840689
/home/iiitn/Datasets/FaceForensics++/original_sequences/youtube/c23/videos/975.mp4,0,20.065631152917767,30.548568361260262,0.6568435847999907,0.8698758463006904,0.15639432720019236,11.60242497807846,17.490755102870903,0.6633461454259375,0.9230713325708914,0.12305682431808186,0.4304025604256166,0.26210457447706165,1.6421024367252457,0.9954951021472321,0.00025934188734879065
/home/iiitn/Datasets/FaceForensics++/original_sequences/youtube/c23/videos/959.mp4,0,3.683847324651842,29.00634794992567,0.12700141813824178,0.9170245054949868,0.06803701924167085,3.082057397928048,23.673466768174677,0.13019037000830816,0.9396960083055202,0.04900998765796376,0.5664817366459373,0.5822820007305991,0.972864927878868,0.9962788171388332,0.001176504630527917
/home/iiitn/Datasets/FaceForensics++/original_sequences/youtube/c23/videos/985.mp4,0,14.581167877852877,46.438215266034064,0.313990703439412,0.9340497208109566,0.4661078554693422,8.294121484820787,25.796205219461683,0.32152486826098636,0.973402274701416,0.4411905674993151,2.034103760436679,2.4257322468563793,0.8385524672283059,0.9976388814552837,0.08273683725204313
/home/iiitn/Datasets/FaceForensics++/original_sequences/youtube/c23/videos/965.mp4,0,6.797258633218491,11.833811795473261,0.5743929978520208,0.9096718887574765,0.0322701406817628,4.220307631360713,12.932553432249492,0.3263321240828333,0.9203834917691146,0.001363702057872805,0.3484695021620518,0.2752707347898427,1.2659155446658477,0.9911637955400531,0.001285207926501178
/home/iiitn/Datasets/FaceForensics++/original_sequences/youtube/c23/videos/979.mp4,0,11.536103291245636,52.92484573783705,0.2179714107886051,0.9146807589433067,0.016079316882583804,6.333403882310722,50.1907326000814,0.12618671922514338,0.9361386668018129,0.01468774431276849,0.7504836140295735,0.6870256716346533,1.0923661880697026,0.995321200894092,0.00498288835804591
/home/iiitn/Datasets/FaceForensics++/original_sequences/youtube/c23/videos/983.mp4,0,5.896248559495216,8.786235045398278,0.6710779451072539,0.7495895069942177,0.323618941726575,3.6356799436124025,11.802990353894705,0.3080304087864238,0.8674137217382878,0.32456837974858677,0.19402404859537634,0.11670065610489662,1.6625789011929584,0.995442680000559,0.03525438820700094
/home/iiitn/Datasets/FaceForensics++/original_sequences/youtube/c23/videos/987.mp4,0,28.77524720097598,39.87822904190327,0.7215778607104019,0.87489299789297,0.21270699596875484,15.146244520536987,27.27166522952706,0.5553839266161911,0.926616303929031,0.18521602227581033,1.0499948779272053,0.6797269639085872,1.5447303603927847,0.9956404728128407,0.0400607824449045
/home/iiitn/Datasets/FaceForensics++/original_sequences/youtube/c23/videos/982.mp4,0,8.404684344334889,16.51707695104869,0.5088481678231368,0.9130790908676168,0.1082124815929233,5.255452571736565,17.52259491461826,0.29992433183239275,0.9607268773375358,0.10826833401247733,0.22597739019101823,0.14388674879900906,1.5705225955635362,0.9866298589129991,-0.003287419964981531
/home/iiitn/Datasets/FaceForensics++/original_sequences/youtube/c23/videos/978.mp4,0,9.262082595839251,26.731498423243817,0.34648572441362285,0.8999312536722007,0.018230896925310148,6.217726294894123,27.07573916693434,0.22964197788134208,0.9091548141887061,0.013339484427776504,0.584411686804224,0.42598896703182226,1.3718939503908965,0.9945693428523956,0.002045875494028363
/home/iiitn/Datasets/FaceForensics++/original_sequences/youtube/c23/videos/988.mp4,0,51.75134372377119,59.65948620321029,0.867445347207607,0.9219730075347133,0.25076713422815217,23.860973801048193,39.549644621429174,0.6033170216684983,0.9753209922292561,0.22275485115678853,1.3237504352559923,0.9838460790105868,1.3454852984597279,0.9962764892967542,0.06215293431921995
/home/iiitn/Datasets/FaceForensics++/original_sequences/youtube/c23/videos/991.mp4,0,8.958560841852234,19.894009927429305,0.45031448534166163,0.8797789682470682,0.2592983421115708,5.812845649649162,13.588680125832921,0.42777117393458863,0.9330702124070637,0.20523753892947896,0.2381189743293224,0.1487158373265778,1.601167559621889,0.9861293238206278,0.042855158323915885
/home/iiitn/Datasets/FaceForensics++/original_sequences/youtube/c23/videos/990.mp4,0,59.11339889284449,114.24515091266751,0.5174258900321518,0.9054554523814392,0.3545226603568237,35.223974718594846,63.279786213737715,0.5566386491828555,0.9561764986787891,0.3637876581571711,2.5832396480678574,1.9082883074626433,1.3536946372126881,0.9953496403096689,0.09690847011130513
/home/iiitn/Datasets/FaceForensics++/original_sequences/youtube/c23/videos/984.mp4,0,16.195292473200418,15.517880140629353,1.0436536644459216,0.801465483361054,0.09668879503632943,9.016362855918842,29.254993550668058,0.3081991059168409,0.8578042492796075,0.0762420861390571,0.12086828754594221,0.0703688291135341,1.7176396007802195,0.9928932720096508,0.024462984832887915
/home/iiitn/Datasets/FaceForensics++/original_sequences/youtube/c23/videos/994.mp4,0,52.658543369290236,185.06724927844036,0.28453734290967686,0.9509517278717127,0.21191350703915923,25.05728132187473,120.84630781581785,0.2073483400093993,0.9754740041114712,0.17692695195944866,3.272587165031003,3.3503230360667686,0.9767974997637762,0.9979338947842336,0.03901490221282413
/home/iiitn/Datasets/FaceForensics++/original_sequences/youtube/c23/videos/971.mp4,0,1.4506316697621209,0.9093646879654621,1.5952144271267505,0.8724890880081708,0.04319942526607415,1.048340047598445,2.8516117168950252,0.36763071262027536,0.6862528662462442,0.03818723279573337,0.052415898529019546,0.03168746470854717,1.654152486200047,0.9857533756322502,-0.0037266467457415164
/home/iiitn/Datasets/FaceForensics++/original_sequences/youtube/c23/videos/992.mp4,0,72.05286445543965,242.8879582355698,0.2966506243407823,0.8901188751205329,0.15067694303993787,39.06268052925132,112.7961780289564,0.34631209329826196,0.9379162633276569,0.12226734998382296,0.8515102226831508,0.5194512026327568,1.6392496896097364,0.9899933928862026,0.017223048582246842
/home/iiitn/Datasets/FaceForensics++/original_sequences/youtube/c23/videos/993.mp4,0,196.0254025692797,44.1626157325486,4.438718117523225,0.893443835427615,0.24675833322156077,107.89835312314536,37.98840674953394,2.840296878848943,0.9001891633616609,0.21377908456487416,0.7951775080002008,0.3691750445066624,2.1539308245030915,0.9884044015960555,0.039306431687939486
/home/iiitn/Datasets/FaceForensics++/original_sequences/youtube/c23/videos/989.mp4,0,134.02880021771014,89.26152648874972,1.50152933172841,0.9419617623853799,0.1496556297446823,68.60193055811467,64.30419015134673,1.0668345312592034,0.977026301708985,0.09976914394258589,2.419363138017582,1.5170696046298306,1.5947608011089995,0.9937032697145254,0.01394046866687061
/home/iiitn/Datasets/FaceForensics++/original_sequences/youtube/c23/videos/972.mp4,0,5.0665809707746545,1.8945148580060345,2.6743421670005803,0.8539919597776079,0.01947996585469448,3.8098383031440637,11.240781804355143,0.3389300112264411,0.648007315926112,0.02889873441214022,0.07499786264299059,0.04015348234224456,1.8677797856672333,0.9872041590883737,-0.008964153987333093
/home/iiitn/Datasets/FaceForensics++/original_sequences/youtube/c23/videos/995.mp4,0,15.31786744614528,137.2435604730006,0.11161082817549539,0.7633750119618942,0.269779789732902,10.282679292715327,115.05065298918639,0.08937523625947431,0.9229822067856285,0.26555889970144736,0.15534414588888204,0.08600919626169519,1.8061341419378623,0.9805920824210846,0.06582775568528001
/home/iiitn/Datasets/FaceForensics++/original_sequences/youtube/c23/videos/996.mp4,0,7.323028803142158,59.78087084136837,0.12249786093906516,0.9576741610426994,0.04924467074264843,4.596248338680733,42.675366781322815,0.10770260891330675,0.9695132001366299,0.051856864711968126,0.8463566035768585,1.0026436676435144,0.844125017580799,0.9956182566911281,0.0016635156075032085
/home/iiitn/Datasets/FaceForensics++/original_sequences/youtube/c23/videos/986.mp4,0,40.704483642835896,38.495573691091955,1.0573808814870342,0.8488771209146814,0.11819770173376529,22.478688899521355,36.63828352891401,0.6135300765872872,0.9418434806614645,0.08482050601164173,0.6348468779520354,0.40665206455851255,1.5611549363244122,0.9953023127029063,-0.00473820384876699
/home/iiitn/Datasets/FaceForensics++/original_sequences/youtube/c23/videos/997.mp4,0,67.02565418144103,68.08084668573623,0.9845008904021711,0.9240928416187302,0.15186596142339276,37.986149980985715,52.398324001952766,0.7249497136505751,0.9723706042734678,0.13663014149489455,2.879963329975665,2.8360821710242465,1.0154724568278537,0.9979420513257634,0.03964520380645603
/home/iiitn/Datasets/FaceForensics++/original_sequences/youtube/c23/videos/999.mp4,0,10.238831411728876,2.307337091277147,4.437509998186491,0.9201644981948602,0.33212599070038606,6.304897264102461,2.21189387450158,2.850451975469747,0.9329761944432261,0.345175082044665,0.4103821941608805,0.21767509295367146,1.8852969744601122,0.9945572451143949,0.04800091262179786
/home/iiitn/Datasets/FaceForensics++/original_sequences/youtube/c23/videos/998.mp4,0,4.708025864854748,55.388482958307776,0.08500008690251709,0.9117783736262896,0.1916311671264105,3.6613847647179107,35.8759642951047,0.10205676242178413,0.9297868122324134,0.18199018512507406,0.5935453134590192,0.5013362719257324,1.1839265313461034,0.9936861646382629,0.016349410952105715
