video_path,label,median_face_energy,median_bg_energy,median_face_bg_ratio,median_face_bg_corr,median_temporal_consistency,gaussian_face_energy,gaussian_bg_energy,gaussian_face_bg_ratio,gaussian_face_bg_corr,gaussian_temporal_consistency,wavelet_face_energy,wavelet_bg_energy,wavelet_face_bg_ratio,wavelet_face_bg_corr,wavelet_temporal_consistency
/home/iiitn/Datasets/FaceForensics++/manipulated_sequences/FaceSwap/c23/videos/009_027.mp4,1,11.78670379102246,144.71931891061544,0.0814452685360025,0.9503047778177759,0.2970978226177801,7.331994876332065,76.6230693022308,0.09568913048121137,0.9589888324946161,0.22518496388544829,1.0093430348489998,1.1576423565086895,0.8718953908122862,0.9958408696042292,0.057956465492009425
/home/iiitn/Datasets/FaceForensics++/manipulated_sequences/FaceSwap/c23/videos/003_000.mp4,1,62.83365564245972,10.21289301844881,6.152385570763889,0.8628627410496387,0.07117169778619632,39.53222695703964,13.88933763955314,2.8462283791318,0.8936635339994892,0.06816116640930811,0.15876016329595546,0.0764290574486136,2.0772225720917263,0.9849809826169996,0.014423814320812021
/home/iiitn/Datasets/FaceForensics++/manipulated_sequences/FaceSwap/c23/videos/007_132.mp4,1,69.17224791428511,226.14139271813087,0.3058805249355804,0.9700647633966346,0.15625751847984784,38.843063864877934,135.05106188840486,0.2876176116036367,0.9850698073741349,0.10883472147763325,3.3992719647960272,3.7603883176381543,0.9039683345604745,0.997243404337682,0.05003007197423276
/home/iiitn/Datasets/FaceForensics++/manipulated_sequences/FaceSwap/c23/videos/008_990.mp4,1,67.22369056914893,121.15428661165215,0.5548601906643855,0.9512026326586155,0.4044206683996748,36.36800676128427,74.51564681317967,0.4880586603839533,0.9787168394112481,0.36849521334433016,1.7244293534942952,1.097417713301203,1.5713518495222238,0.9953302283434242,0.14030833005654705
/home/iiitn/Datasets/FaceForensics++/manipulated_sequences/FaceSwap/c23/videos/000_003.mp4,1,38.01799520385966,26.042925455136913,1.4598204517903226,0.8224797571060897,0.24338356614386036,24.7385669691118,26.796442865752976,0.923203392817812,0.8865117673710827,0.22820122339148458,0.7963645659731219,0.4039242495121284,1.9715690923112301,0.9903907760812141,0.07457637324571964
/home/iiitn/Datasets/FaceForensics++/manipulated_sequences/FaceSwap/c23/videos/010_005.mp4,1,50.47563714963575,87.29425693883775,0.5782240312212203,0.9386153874468782,0.1315949411044253,34.379330872445934,58.87220164719911,0.5839654354778416,0.9837808867185983,0.11999299163199914,3.649167110706729,3.5371035348607975,1.0316823001479773,0.997456387353825,0.03592592785003634
/home/iiitn/Datasets/FaceForensics++/manipulated_sequences/FaceSwap/c23/videos/005_010.mp4,1,61.29545080840372,114.20621212851135,0.5367085525910847,0.9080503582411051,0.16714349623059754,36.710614977009875,63.275686819427555,0.5801693639734402,0.9580625879272103,0.17531915028881287,1.6752872415741085,0.9843938723562383,1.7018464748913487,0.9917596270600679,0.04388098267705471
/home/iiitn/Datasets/FaceForensics++/manipulated_sequences/FaceSwap/c23/videos/013_883.mp4,1,36.42592413092144,154.68842428170146,0.23547931462917077,0.9579150808432552,0.13127808513041564,20.049584840230708,100.1849228125909,0.20012577019933528,0.9715573596198732,0.09233550570143918,1.8013401536588987,1.9121079694140553,0.9420703132213292,0.9980148037127511,0.019516252149204775
/home/iiitn/Datasets/FaceForensics++/manipulated_sequences/FaceSwap/c23/videos/012_026.mp4,1,35.841582814397505,23.44153152356507,1.5289778647084995,0.855521558980841,0.20463796298687048,22.222132481736498,14.042694516270112,1.5824692658513326,0.9614986480908444,0.1322874747587226,1.1438745246104998,0.7253180747464328,1.577066068580177,0.9978132802714456,0.019951912612944357
/home/iiitn/Datasets/FaceForensics++/manipulated_sequences/FaceSwap/c23/videos/015_919.mp4,1,12.616034858513567,195.12423680082438,0.06465642129015244,0.898582594040552,0.07185313669896728,8.202748416802407,86.92575944595649,0.09436498995332014,0.9549177062478126,0.07486420546272592,0.8096276961255174,0.6622825975280375,1.2224807040792613,0.9913342168733977,0.0006191263716884062
/home/iiitn/Datasets/FaceForensics++/manipulated_sequences/FaceSwap/c23/videos/016_209.mp4,1,31.376536706436173,214.08261040314352,0.14656275279599007,0.906034674598387,0.27479448150888053,17.26203935100654,124.86070734225699,0.13825037290305736,0.9677685108385886,0.24717528543721706,2.4127561846803265,2.9482539129907006,0.8183678393672793,0.9976319759239031,0.1281043172801495
/home/iiitn/Datasets/FaceForensics++/manipulated_sequences/FaceSwap/c23/videos/018_019.mp4,1,19.067876463311176,11.425625343003091,1.6688693958434497,0.8657097213901664,0.15579745111615848,12.21918686209878,24.47557273512798,0.4992400788465099,0.9028191511667409,0.12852235530445413,0.0037625996646269816,0.0019635531423835037,1.9162199297848717,0.9706989602580766,0.0045718189915555036
/home/iiitn/Datasets/FaceForensics++/manipulated_sequences/FaceSwap/c23/videos/014_790.mp4,1,65.86126903423518,603.1785354675076,0.10919033944599482,0.8186368645108723,0.2420605678334206,40.41422533024715,355.5012137428104,0.11368238354169186,0.9409881190503072,0.16776007985600608,3.746319784837984,5.9068337660111405,0.6342348427671866,0.9963460974317124,0.04691390058555493
/home/iiitn/Datasets/FaceForensics++/manipulated_sequences/FaceSwap/c23/videos/006_002.mp4,1,13.312568321593432,34.36388677573739,0.3873999588135288,0.9182190719642914,0.14188153915290183,7.680589416763611,21.873827496220468,0.3511314797600339,0.9410709081649387,0.08968491240345496,0.03279547969025115,0.01827436542167561,1.7946166082107422,0.9839465990432864,0.013290067463248796
/home/iiitn/Datasets/FaceForensics++/manipulated_sequences/FaceSwap/c23/videos/004_982.mp4,1,11.377874711027722,29.877341569034485,0.38081951450526624,0.9207180784682035,0.13599597405112338,7.516142200523414,20.137168697824894,0.37324721828125057,0.9518298593136557,0.10962379910510743,0.8865005262755755,0.6489488209472865,1.3660561475118007,0.9916099756220679,0.030549401093072064
/home/iiitn/Datasets/FaceForensics++/manipulated_sequences/FaceSwap/c23/videos/002_006.mp4,1,8.767647155601525,18.814696423009796,0.46599992678483837,0.9295454981563326,0.14003017037355314,6.138557605715789,19.40446715521267,0.3163476511163448,0.94990406832976,0.10904685728939381,0.6527696763705855,0.4842286904822711,1.3480607184189246,0.9930904445806492,0.01392134628563112
/home/iiitn/Datasets/FaceForensics++/manipulated_sequences/FaceSwap/c23/videos/011_805.mp4,1,15.934493433905743,4.50477888589938,3.537242079468773,0.9214922996326463,0.03842688500871147,12.699443911390295,3.4871788598050544,3.6417529533028423,0.9341435914009125,0.022035199129395926,0.024889675659920386,0.012804139815777034,1.9438772161212867,0.9763594929420595,-0.010202726217683398
/home/iiitn/Datasets/FaceForensics++/manipulated_sequences/FaceSwap/c23/videos/019_018.mp4,1,8.750903640806879,91.99791892589697,0.09512066949966128,0.9078256040203113,0.07749178554373577,6.290466798262891,73.53307848640387,0.08554608249437003,0.9378055302120356,0.04570795724538467,0.885482698860859,0.779801601888901,1.135523057039083,0.9950871425736719,-0.008301008441604136
/home/iiitn/Datasets/FaceForensics++/manipulated_sequences/FaceSwap/c23/videos/001_870.mp4,1,8.906916885713454,62.13291823716141,0.143352624316079,0.9556771960256173,0.11908655864867962,6.151385609142462,42.0975763128365,0.14612208464045864,0.9680847628508525,0.15548915288509124,1.6403616030115347,2.713022761638302,0.6046250795260473,0.9960539434603213,0.010569815558402699
/home/iiitn/Datasets/FaceForensics++/manipulated_sequences/FaceSwap/c23/videos/021_312.mp4,1,91.84386668507663,96.86043004117126,0.9482083307501082,0.892569157959063,0.21146484037251073,55.411423441091245,65.94129044531473,0.8403145141213769,0.9749622249392326,0.16962583003019555,2.5226512865865574,1.8578152102784504,1.357859098488305,0.9908881997096507,0.04053259775521601
/home/iiitn/Datasets/FaceForensics++/manipulated_sequences/FaceSwap/c23/videos/026_012.mp4,1,26.277438737424678,50.34363542127527,0.5219614856482893,0.7736488390477709,0.17086670090110329,18.14674037245022,34.683445137209944,0.523210433700013,0.8862978365536819,0.1217476124833544,1.1914362688528033,0.7728912018308364,1.5415316748728813,0.9963294397784891,0.022640993354611033
/home/iiitn/Datasets/FaceForensics++/manipulated_sequences/FaceSwap/c23/videos/024_073.mp4,1,12.373834901836702,23.38566511783964,0.5291205035001285,0.9193378278598471,0.06824238162752859,7.091842963843791,19.491242525931625,0.36384765898883203,0.9568328968587186,0.027141568753135968,0.8967408500525281,0.6823360464180809,1.3142217163521757,0.9973916682003138,0.0070550024299511965
/home/iiitn/Datasets/FaceForensics++/manipulated_sequences/FaceSwap/c23/videos/017_803.mp4,1,13.962689468732199,16.61241333776457,0.8404973548901037,0.8620097949955365,0.03215737815514954,9.319891723401136,16.400511700582825,0.5682683500094656,0.8596170316066942,0.010428889201358761,0.1542104760272845,0.08808350858692415,1.7507303977918152,0.9916277387871189,-0.003947020182172417
/home/iiitn/Datasets/FaceForensics++/manipulated_sequences/FaceSwap/c23/videos/027_009.mp4,1,6.809420155032238,75.2361067207783,0.09050734350600906,0.9270880586007614,0.11429192393377542,4.580337861723742,75.83215461442134,0.060400998560743505,0.9545681559415863,0.08723425530280154,1.010544253776847,1.4464382131644504,0.6986432220744674,0.9952048545630386,0.02548590444956721
/home/iiitn/Datasets/FaceForensics++/manipulated_sequences/FaceSwap/c23/videos/023_923.mp4,1,48.83274717732214,38.29990204088612,1.2750097147818276,0.9339793423946885,0.2694555094156786,28.59386014216753,20.660560444135132,1.3839827926973978,0.9668223309533394,0.2045423573464909,2.1297141709290712,1.5358376225953076,1.3866792554086622,0.996164701864516,0.0357985645835464
/home/iiitn/Datasets/FaceForensics++/manipulated_sequences/FaceSwap/c23/videos/029_048.mp4,1,42.47833270889222,10.49229551294109,4.048526145351118,0.9425697818848887,0.1700040911931203,26.354458895381242,10.406836536699746,2.5324178776559187,0.9789864934568876,0.13987220408454845,1.1201778856288662,0.6216146416458133,1.8020455288231882,0.9977985432345613,0.019099157766996225
/home/iiitn/Datasets/FaceForensics++/manipulated_sequences/FaceSwap/c23/videos/028_068.mp4,1,16.13785707172166,53.68233329345373,0.30061765354915343,0.9432563680155209,0.08286243340318622,11.056806828810176,31.372756127071227,0.35243339106153226,0.9701253393567618,0.06906717436967331,0.9963388609547636,0.8166243344236647,1.2200700113326075,0.9971641837969244,0.011741659158113921
/home/iiitn/Datasets/FaceForensics++/manipulated_sequences/FaceSwap/c23/videos/033_097.mp4,1,0.0,0.0,0.0,0.0,0.0,0.0,0.0,0.0,0.0,0.0,0.0,0.0,0.0,0.0,0.0
/home/iiitn/Datasets/FaceForensics++/manipulated_sequences/FaceSwap/c23/videos/022_489.mp4,1,21.351533631462026,28.41977176030582,0.7512915237864058,0.9003600407336285,0.14799519545655201,13.260198428403056,19.84314595801878,0.6682508134777136,0.9616181911538139,0.08359010219270287,0.9255706975460288,0.6461578406052498,1.4324219863664513,0.991669949642561,0.01090146844878311
/home/iiitn/Datasets/FaceForensics++/manipulated_sequences/FaceSwap/c23/videos/035_036.mp4,1,8.476395544017528,31.120757743919636,0.2723711168528229,0.790377493389227,0.19564344067989334,5.101896527938226,23.720417431064718,0.21508460138887284,0.8853289618884453,0.1830536203608214,0.36567413764689044,0.22187987929207517,1.64807254634175,0.9940967210476549,0.00806219833332918
/home/iiitn/Datasets/FaceForensics++/manipulated_sequences/FaceSwap/c23/videos/036_035.mp4,1,9.986175641088705,32.95586922505065,0.30301660602227243,0.9219493246941565,0.1998118705573309,6.557324281988524,15.725456823805812,0.41698784050977705,0.9670825905993728,0.2225418401678496,0.946891146084266,0.7813348896158265,1.2118889846962313,0.9938659262933612,0.029624064437413968
/home/iiitn/Datasets/FaceForensics++/manipulated_sequences/FaceSwap/c23/videos/020_344.mp4,1,1.5888469309566584,33.07566701409951,0.048036731361437525,0.8621650603338061,0.12345509369761472,1.195061133644279,25.729199752715875,0.04644766044533246,0.864053859856845,0.07768210936345236,0.07878651189205027,0.05148887298624471,1.5301657877246244,0.9862874888999332,0.0025826928023003222
/home/iiitn/Datasets/FaceForensics++/manipulated_sequences/FaceSwap/c23/videos/037_072.mp4,1,55.87048648487496,27.263638733887856,2.049267415483674,0.9396989110077296,0.19000855220743637,31.335393255105583,27.875368890910597,1.1241247919529131,0.9746849958010052,0.15299848506769056,1.5918094730202945,1.0002662142357042,1.5913858234595917,0.9973684156903274,0.0570089957392401
/home/iiitn/Datasets/FaceForensics++/manipulated_sequences/FaceSwap/c23/videos/038_125.mp4,1,29.993369659905017,9.240456937377848,3.2458751621449786,0.8289064751111658,0.13127531134838497,19.24632078645011,6.592374967913745,2.91948211079093,0.872305106813215,0.07515686677935107,0.07568531900164732,0.039110184781078784,1.9351818311598292,0.9843477433123712,0.008090663359394653
/home/iiitn/Datasets/FaceForensics++/manipulated_sequences/FaceSwap/c23/videos/034_590.mp4,1,12.09120777597584,21.741255752956732,0.5561411867541957,0.8769174622157042,0.029860396449896975,9.016541244174109,20.76989349376231,0.4341159114215963,0.9316055481905154,0.029555593996262376,0.066273996659878,0.03575997850123994,1.853300797079059,0.9671151866366069,0.0006250994458508115
/home/iiitn/Datasets/FaceForensics++/manipulated_sequences/FaceSwap/c23/videos/039_058.mp4,1,9.879275892164594,185.2857786775396,0.05331912660905239,0.9273110206465011,0.17831529955435457,5.559226741357331,104.43191729579769,0.05323302382365657,0.9332343812806636,0.14988426866846993,1.8183238345321264,4.86020528722516,0.3741249035944042,0.9930716560818512,0.014109060005341668
/home/iiitn/Datasets/FaceForensics++/manipulated_sequences/FaceSwap/c23/videos/032_944.mp4,1,3.8906100760081634,12.735430100695808,0.3054949888025845,0.8965045118218807,0.07382680753695695,3.480758146998825,9.378456254371722,0.3711440404039083,0.9346701527474793,0.10563144028289247,0.5869700749135273,0.6114231733626658,0.960006261596771,0.9941007820613611,0.007679839311325704
/home/iiitn/Datasets/FaceForensics++/manipulated_sequences/FaceSwap/c23/videos/041_063.mp4,1,43.42072512190824,58.99204887948454,0.7360436863383553,0.8288588341866762,0.20317647394226795,26.54704952654866,39.07308945384701,0.6794202838223462,0.9407337887617927,0.19725588310893202,2.0080871007527756,1.3141230425316026,1.528081492950828,0.9974523454492306,0.04492548056098445
/home/iiitn/Datasets/FaceForensics++/manipulated_sequences/FaceSwap/c23/videos/042_084.mp4,1,14.21586527743663,2.8431098602835774,5.000111137463647,0.9207376770342974,0.025100116999421187,9.186732274977038,2.9251429442124315,3.1406096899139686,0.9413497370064728,0.02819184983485545,0.3739212374322922,0.20682574330542466,1.8079047194822044,0.9878121717195402,0.007239179213130645
/home/iiitn/Datasets/FaceForensics++/manipulated_sequences/FaceSwap/c23/videos/031_163.mp4,1,7.725032294456895,45.117887906133944,0.1712188369838706,0.8159211026420802,0.11879076301013294,5.52638364179139,31.71125964205848,0.17427196851120275,0.898037899434426,0.06966390493888476,0.1307896508142328,0.07397886229461974,1.7679327142578232,0.9844132715709235,0.007754927957702316
/home/iiitn/Datasets/FaceForensics++/manipulated_sequences/FaceSwap/c23/videos/040_997.mp4,1,40.91867702427543,38.39794487428053,1.065647579792306,0.9707542536404059,0.07163615563913936,26.65087287409385,26.93481664292607,0.9894581139126932,0.9773515424738313,0.08563908703432263,2.592699494467313,2.540362360491368,1.0206022317091101,0.9974237959069155,0.023154703074990728
/home/iiitn/Datasets/FaceForensics++/manipulated_sequences/FaceSwap/c23/videos/049_946.mp4,1,16.36562313027574,18.49193148052881,0.8850142640593289,0.9426183729378333,0.2375130592286346,11.752378526004945,28.16872247081982,0.41721375678926576,0.9339376461566546,0.22895031748311676,0.6800308132127236,0.4605681303290103,1.4765042746812258,0.9822493687532344,0.007290247819459045
/home/iiitn/Datasets/FaceForensics++/manipulated_sequences/FaceSwap/c23/videos/047_862.mp4,1,51.36887148326224,178.45866438524925,0.2878474500535834,0.8278792185111081,0.48132707040938827,29.767552578387605,87.83809269966957,0.33889115375224427,0.9355844267235911,0.4606103259753734,3.308236651073896,3.0911539613789834,1.0702270713161341,0.9979286984534991,0.17583164471138685
/home/iiitn/Datasets/FaceForensics++/manipulated_sequences/FaceSwap/c23/videos/048_029.mp4,1,31.260011330476686,150.119209859576,0.20823458476578596,0.9276161491397783,0.10047058369991756,18.5325628031402,89.60428698181936,0.20682674264123593,0.9576052890886704,0.12244825569322934,1.6615800819515358,1.5745341279120335,1.055283624849042,0.9967307655426216,0.035743271036214226
/home/iiitn/Datasets/FaceForensics++/manipulated_sequences/FaceSwap/c23/videos/050_059.mp4,1,31.8954553539695,34.43052509051776,0.9263714471422213,0.8795028419911969,0.3390477943281391,18.716798858322555,59.297604242769154,0.3156417379308357,0.861900702217611,0.32623778457148117,0.1899645664998929,0.1000891233661761,1.8979541443769814,0.9845845510163752,0.04087018576687036
/home/iiitn/Datasets/FaceForensics++/manipulated_sequences/FaceSwap/c23/videos/025_067.mp4,1,11.052710237896738,5.664757213070956,1.951135736654967,0.934605532925036,0.16197884741627439,6.479357781784226,4.721896480237196,1.3721939498044116,0.9372192495970472,0.12239579600725663,0.3500428937206168,0.22109779111450342,1.5832039386559702,0.9810199967912204,-0.0064871088323859285
/home/iiitn/Datasets/FaceForensics++/manipulated_sequences/FaceSwap/c23/videos/043_110.mp4,1,6.314431371594175,5.152321590094941,1.2255507078077827,0.7751000008286608,0.0292872237100633,4.363297832863726,4.269157500054458,1.0220512672132773,0.8861612027279954,0.033046560681402555,0.0361124374017646,0.019602246817904158,1.8422601111613635,0.9851506465496546,0.002369782041391233
/home/iiitn/Datasets/FaceForensics++/manipulated_sequences/FaceSwap/c23/videos/044_945.mp4,1,5.969876956768165,3.471669332050767,1.7195983792735436,0.926068002164644,0.0076228458591933446,4.327873861780934,3.1296405357543247,1.382866119075814,0.9473726122877398,0.02066374740173263,0.19629063755508305,0.1220020398572651,1.6089127508419618,0.9801027642680324,0.012149227889455915
/home/iiitn/Datasets/FaceForensics++/manipulated_sequences/FaceSwap/c23/videos/055_147.mp4,1,14.142357379402071,145.7763927494939,0.09701404399342409,0.9412804117989738,0.1143758000397565,8.876398799184491,63.91710838364154,0.1388735977526832,0.9618728796189178,0.102192663612048,1.257649708944849,1.156030769935515,1.0879033168079104,0.9945659740826235,0.0015872919827774896
/home/iiitn/Datasets/FaceForensics++/manipulated_sequences/FaceSwap/c23/videos/054_071.mp4,1,18.086834298174043,99.8298152266043,0.18117667810081217,0.9054263858884241,0.11400515199579372,12.093365429813595,57.76198763751608,0.20936546549791898,0.9380415138886774,0.08917317454132645,1.3192425009142599,1.0084779997359599,1.3081519886994704,0.9937955558149785,0.01245747624789835
/home/iiitn/Datasets/FaceForensics++/manipulated_sequences/FaceSwap/c23/videos/053_095.mp4,1,55.220859523756154,74.82791644079913,0.7379713635010097,0.8637609428579983,0.19947346345120645,37.88421315553706,64.09050845572739,0.5911048931950168,0.9501633447313793,0.19852269939500142,1.609625084354666,0.897321184132499,1.793811527932219,0.9908085802769863,0.028065905737655772
/home/iiitn/Datasets/FaceForensics++/manipulated_sequences/FaceSwap/c23/videos/046_904.mp4,1,10.303669047007578,12.190276613362805,0.8452366893555839,0.9367142423324667,0.06247184066871756,12.000210159438707,7.339829278534272,1.6349440435261853,0.9351009339563983,0.034550297654138765,0.07348226938915604,0.04035006618272063,1.8211189309182307,0.9884091575379749,-0.012570670493495173
/home/iiitn/Datasets/FaceForensics++/manipulated_sequences/FaceSwap/c23/videos/030_193.mp4,1,2.957451980921529,6.422442499411095,0.4604871092567528,0.8402751198842694,-0.004606802069560255,2.242985087514386,8.463009913226879,0.2650339666988708,0.8470055581018991,0.00044191658800342247,0.21859241716289377,0.15323860337592218,1.4264840082537609,0.9810941839000291,0.0015121719261801299
/home/iiitn/Datasets/FaceForensics++/manipulated_sequences/FaceSwap/c23/videos/057_070.mp4,1,23.039600395059555,33.5529136728566,0.6866646700104012,0.7893587494343924,0.10811602236488137,15.47728194617776,27.437373831142953,0.5640948744376614,0.869295310344039,0.09222265235855617,0.35536689466649246,0.19575078800819937,1.8154046697968198,0.9935787201263452,0.008634244458378498
/home/iiitn/Datasets/FaceForensics++/manipulated_sequences/FaceSwap/c23/videos/058_039.mp4,1,20.1750440095818,75.08140457087401,0.26870893165746945,0.8847501892477032,0.03947290063633564,11.92200397608151,64.12796723062387,0.18590958813970077,0.9304989344467245,0.037744058018925546,0.7147263291098059,0.5692859403213544,1.25547862416267,0.9839685932672942,0.005604277944526516
/home/iiitn/Datasets/FaceForensics++/manipulated_sequences/FaceSwap/c23/videos/059_050.mp4,1,19.35195242235017,16.077944021508795,1.2036335240663523,0.8476237040475709,0.028759091294459117,12.30304832361105,22.217226054161575,0.5537616754503215,0.9008797102030517,-0.003931323791520946,0.5058060062221389,0.26865944131391867,1.8827032608585053,0.9918178656636426,0.0021413257194241907
/home/iiitn/Datasets/FaceForensics++/manipulated_sequences/FaceSwap/c23/videos/061_080.mp4,1,56.11431420131756,115.61737729230362,0.4853449845990665,0.9232562486405177,0.2542565578316672,33.63821745174655,65.96921151657342,0.5099078294015327,0.9533442111866118,0.2308553232858308,1.2372854281854668,0.7860731132362629,1.574008075523106,0.99248764635231,0.06676851727149824
/home/iiitn/Datasets/FaceForensics++/manipulated_sequences/FaceSwap/c23/videos/062_066.mp4,1,30.967606148505478,16.20776864272501,1.910664375284351,0.942817592873522,0.27330032169053015,19.154525551158347,10.295035555851381,1.8605594363655698,0.9658750147071155,0.2893213874497587,1.513246046454862,0.8455474895616817,1.7896641704173288,0.9959340500951096,0.0658063295920737
/home/iiitn/Datasets/FaceForensics++/manipulated_sequences/FaceSwap/c23/videos/051_332.mp4,1,11.612850403250988,16.940544504358694,0.6855063247974748,0.7701239679566516,0.02423975740605407,9.289765673844071,17.3962331670562,0.5340101839653654,0.8554285717955391,0.023546390875860742,0.12142157315314679,0.06486175452335823,1.8720056841727903,0.9713572376840701,-0.0002101485833086206
/home/iiitn/Datasets/FaceForensics++/manipulated_sequences/FaceSwap/c23/videos/064_991.mp4,1,5.017828132158631,42.52344321859337,0.11800145407709098,0.9526354093404734,0.09182428126786421,3.8644130148064897,25.35043487427836,0.15243971292687722,0.952508161863386,0.1252694614956761,0.7477212549015567,0.8841312053907892,0.8457130009013326,0.992976801146313,0.007607732886625133
/home/iiitn/Datasets/FaceForensics++/manipulated_sequences/FaceSwap/c23/videos/063_041.mp4,1,41.55117093058896,55.93932196439156,0.7427900351927497,0.8663478846875474,0.08084219149035907,25.131241381637853,38.673486964610795,0.6498312760014339,0.9488996145901462,0.07467249089082366,0.9935976498231437,0.5584730561960451,1.7791326525058953,0.9946736722497397,0.013067550058765493
/home/iiitn/Datasets/FaceForensics++/manipulated_sequences/FaceSwap/c23/videos/060_088.mp4,1,23.56246873547383,303.0898008330252,0.07774088296839324,0.9530892843735671,0.025462526471116104,15.193715485638691,129.8742328683716,0.11698791323016032,0.9719678199543331,0.015294104630848569,2.8925424451185577,3.778319288628486,0.7655632634923605,0.9977429374520513,0.0019812192146888377
/home/iiitn/Datasets/FaceForensics++/manipulated_sequences/FaceSwap/c23/videos/056_996.mp4,1,9.520828144656491,29.186506911291094,0.3262064958165056,0.8515414804182657,0.01265185187856968,6.695830460107534,28.806612816915273,0.23244074208459994,0.8957419559665102,-0.007381378662914647,0.07388354977941365,0.040416138673471894,1.828070473934436,0.9809652936542778,-0.006111862120825894
/home/iiitn/Datasets/FaceForensics++/manipulated_sequences/FaceSwap/c23/videos/066_062.mp4,1,38.071537755876896,133.3188866290773,0.2855674744854445,0.9606111941097586,0.2262723689191391,21.760681354169794,81.81816221000149,0.2659639469573634,0.9815239827546743,0.18773587469275818,3.334712854775764,3.7052440203021213,0.8999981746151918,0.9978594954286897,0.037110222215305515
/home/iiitn/Datasets/FaceForensics++/manipulated_sequences/FaceSwap/c23/videos/068_028.mp4,1,9.942377100578108,3.3991163644528566,2.9249887425311774,0.9177303490941222,0.07855221534744301,6.754199828893188,4.387486695714828,1.5394234324379563,0.9270181556537899,0.0769800197697051,0.18937153189345535,0.10537241128477914,1.7971642632497082,0.988254556703712,-0.006706033505890096
/home/iiitn/Datasets/FaceForensics++/manipulated_sequences/FaceSwap/c23/videos/070_057.mp4,1,55.97036550635727,60.1373545444463,0.9307088070359115,0.8908535542121138,0.2060123994942508,33.72645158843384,47.814362192646,0.7053623648172614,0.9497653593542724,0.17522948632171473,2.151449614949565,1.4745288905643144,1.4590759317887543,0.9979601921477875,0.05113339365420697
/home/iiitn/Datasets/FaceForensics++/manipulated_sequences/FaceSwap/c23/videos/072_037.mp4,1,63.07615146223116,144.28973512718554,0.4371492636439598,0.8884707799443906,0.3454055625109358,38.373340334021904,87.19309252435676,0.4400961042103489,0.9563649149267942,0.28934679772313004,1.6716066100402163,1.2546980918416306,1.3322779566729495,0.993817363493496,0.09820072779233567
/home/iiitn/Datasets/FaceForensics++/manipulated_sequences/FaceSwap/c23/videos/071_054.mp4,1,25.70491940470136,44.04689816660758,0.5835806940927462,0.9205844299086653,0.06538687077319193,15.756028661294811,26.81934432494104,0.5874874668968795,0.9564584618135882,0.06330502430038855,1.2884386457711108,0.8342322066963419,1.5444604456995015,0.9942782465246557,0.016380465641398695
/home/iiitn/Datasets/FaceForensics++/manipulated_sequences/FaceSwap/c23/videos/045_889.mp4,1,4.513929001792609,2.7898486198765204,1.6179834882913455,0.8724990163509222,-0.042996801407646654,3.5945183776454015,5.524494464929653,0.6506510958539213,0.8576884742571829,-0.04419796270334491,0.03309421269329305,0.018509003222758797,1.7880062094646016,0.981071878915691,-0.002800846963236713
/home/iiitn/Datasets/FaceForensics++/manipulated_sequences/FaceSwap/c23/videos/065_089.mp4,1,2.2915826143330227,1.4449211254656944,1.5859568899267436,0.8726667412216825,0.09814826021508505,1.8106135881713694,2.001056126644381,0.9048289870847505,0.8759657766184175,0.08552859102773078,0.2751715596732928,0.1769720163044465,1.5548874077352026,0.994437105456905,-0.0022239175566438505
/home/iiitn/Datasets/FaceForensics++/manipulated_sequences/FaceSwap/c23/videos/077_100.mp4,1,35.524842066897406,99.3900390632537,0.35742859547815176,0.9192895505800571,0.03650646776487759,23.11741920491126,49.586273113411266,0.4662060234298764,0.9641941041741516,0.00862189540723711,1.6070019027303974,1.2447733502296414,1.290999604413069,0.9977032997429428,-0.006380979118028176
/home/iiitn/Datasets/FaceForensics++/manipulated_sequences/FaceSwap/c23/videos/069_961.mp4,1,2.8552833730144074,13.200918264662585,0.2162942998183459,0.8283238932022803,0.04638964476704095,2.7569658923227913,15.437492657882077,0.1785889686506273,0.8515783816625726,0.02815136150948527,0.2599215529641783,0.20364164682061814,1.2763673689652266,0.990682813857331,0.0004254710679222349
/home/iiitn/Datasets/FaceForensics++/manipulated_sequences/FaceSwap/c23/videos/073_024.mp4,1,14.841051812247807,31.319916865168533,0.47385348678089306,0.8937352747079977,0.18430713143669408,8.039428869717563,18.526033672060738,0.43395305287833363,0.913226448468906,0.2132299799129224,0.062169572753607516,0.03536210193882672,1.7580847671655755,0.9857721182521629,0.030680090199917427
/home/iiitn/Datasets/FaceForensics++/manipulated_sequences/FaceSwap/c23/videos/081_087.mp4,1,38.456417153904574,205.79696304338577,0.1868658146612069,0.9322131209247179,0.16278984835463098,22.984778460317596,116.80950355153884,0.1967714763052325,0.9611964205638701,0.13396892389132353,1.2130741039516744,0.8415445163042774,1.4414853646471424,0.9908668978416805,0.07161196582488619
/home/iiitn/Datasets/FaceForensics++/manipulated_sequences/FaceSwap/c23/videos/067_025.mp4,1,5.58527497890434,5.307770222903507,1.0522827372600598,0.8604757079861471,0.03602957607985812,3.5772058088877383,3.520000670274646,1.0162514567386798,0.8819366973091904,0.033194790331442896,0.2497476425062275,0.15215374718438693,1.6414163116441147,0.996088544614421,-0.007832811548849447
/home/iiitn/Datasets/FaceForensics++/manipulated_sequences/FaceSwap/c23/videos/080_061.mp4,1,64.92229273380883,70.12762115730929,0.9257734921333787,0.879174012503734,0.25986211520665187,36.231039268189114,59.96235416220816,0.6042297667329424,0.9649078621541497,0.18973138789470667,1.408964441673234,0.8334163638131686,1.6905888855202382,0.9877443519349379,0.040458659393848066
/home/iiitn/Datasets/FaceForensics++/manipulated_sequences/FaceSwap/c23/videos/052_108.mp4,1,3.0417526298889492,1.2284317152921647,2.4761267492719465,0.901925964595022,0.045876789236881065,2.513329416178418,3.3452592037840447,0.7513108142219367,0.8688939567491336,0.026240980973965287,0.20288652126103027,0.1343107591122316,1.510575344835152,0.9910791841754066,-0.011406454134148957
/home/iiitn/Datasets/FaceForensics++/manipulated_sequences/FaceSwap/c23/videos/082_103.mp4,1,47.64571062606876,79.68774050147299,0.597905152363908,0.9704750073952361,0.45721276599539745,29.203052527055974,49.61324903331407,0.5886139911427056,0.9857409692193873,0.48311868282695314,2.1087770472814573,1.7805268332359423,1.1843556681754415,0.9966396583309605,0.18912125565585572
/home/iiitn/Datasets/FaceForensics++/manipulated_sequences/FaceSwap/c23/videos/076_079.mp4,1,5.545551217532817,4.637595630902492,1.1957815339871782,0.9442751645112927,0.01237370469619645,4.160882532301664,3.3804785183594603,1.2308560784231612,0.9476441428379688,0.00773633807417356,0.5304879962277805,0.429563819149555,1.2349457113916948,0.9954149182599843,0.009042689785344398
/home/iiitn/Datasets/FaceForensics++/manipulated_sequences/FaceSwap/c23/videos/087_081.mp4,1,60.77079648625905,208.8238516078071,0.2910146327556151,0.9180219937501125,0.18222969137240894,36.316002510406385,110.22364854904401,0.32947559791806,0.9671979296680483,0.15063069141940338,0.2924330860260174,0.1652339386408069,1.769812475763359,0.9761315882067354,0.060939702202012364
/home/iiitn/Datasets/FaceForensics++/manipulated_sequences/FaceSwap/c23/videos/085_124.mp4,1,66.34074953514869,210.58265934893333,0.31503424707550465,0.9349232738144041,0.1709980443003767,40.17266230039158,120.83712377528813,0.3324529833654243,0.9677164351312554,0.17206626916280698,4.10443225866361,5.159056117262675,0.7955781378166837,0.9953528761318607,0.0817666782896307
/home/iiitn/Datasets/FaceForensics++/manipulated_sequences/FaceSwap/c23/videos/075_977.mp4,1,2.241532102031538,10.887739104162362,0.20587672799531032,0.8956316061916224,-0.007586073394952003,1.98341348543165,8.928851346433808,0.2221353462474014,0.940520900750999,-0.025257386980298523,0.5254262998589453,0.8207112334811851,0.640208490421486,0.9969405139801674,-0.009491658836688694
/home/iiitn/Datasets/FaceForensics++/manipulated_sequences/FaceSwap/c23/videos/078_955.mp4,1,4.220265747854602,80.59155762213449,0.052366102261504184,0.8484732810006227,0.03834621877907172,3.140877778967002,54.24631514732283,0.05790029738309351,0.8987869594720325,0.01901356537140282,0.36102092215973514,0.28375170796957305,1.2723127721171206,0.9899763991553577,-0.004256086602428269
/home/iiitn/Datasets/FaceForensics++/manipulated_sequences/FaceSwap/c23/videos/079_076.mp4,1,5.111397213680488,25.881401936831455,0.19749305799414718,0.9073188395328972,0.09364892729400619,4.109786754052709,12.1494310878771,0.33826989299552646,0.9201075707369307,0.04305625906583792,0.8147467943380425,1.2292763168801069,0.6627857245357685,0.9961987519212808,0.009568168780272642
/home/iiitn/Datasets/FaceForensics++/manipulated_sequences/FaceSwap/c23/videos/088_060.mp4,1,30.27666946869194,20.54074514675921,1.4739810679881202,0.7205289698016119,0.14365123229600996,19.817004479731587,19.26484806226966,1.028661342963993,0.8294827451618834,0.15129482994496707,0.6147979163634422,0.3033078576490524,2.0269765548731837,0.9800647012690948,0.009251338292356083
/home/iiitn/Datasets/FaceForensics++/manipulated_sequences/FaceSwap/c23/videos/091_116.mp4,1,32.39237525695375,327.9794765304855,0.0987634214177511,0.9610299482184569,0.24095057563589486,17.733136143126416,166.77224077761824,0.10633146176150858,0.9713293316849426,0.22961483727408102,2.468497325594488,3.3759665159168115,0.7311972183243405,0.9975291517209944,0.09665076465702524
/home/iiitn/Datasets/FaceForensics++/manipulated_sequences/FaceSwap/c23/videos/092_098.mp4,1,30.58681543698815,85.57458110193676,0.35742874862049306,0.9656600255096682,0.4489611983077864,21.469329562422633,96.60006433182537,0.22224964042129997,0.9625459396370717,0.429867125006912,1.4281378599176993,1.2350687219331944,1.1563225872017089,0.9979401555432528,0.13193168671354696
/home/iiitn/Datasets/FaceForensics++/manipulated_sequences/FaceSwap/c23/videos/095_053.mp4,1,81.08293058056348,39.65942685087371,2.044480644802289,0.9232055368904534,0.08925093322940854,45.350681661813674,21.681142864741116,2.0917108449834103,0.97318080598656,0.058747590030888024,2.008333324337928,1.1150264004942898,1.8011531596450419,0.9968413192114479,0.002920391468972104
/home/iiitn/Datasets/FaceForensics++/manipulated_sequences/FaceSwap/c23/videos/089_065.mp4,1,2.6495933552459543,1.364778752406476,1.9414087086086302,0.9105869601067246,0.08396716926615161,2.3584984178092925,2.1895326942942517,1.077169765016687,0.9471988512745835,0.06151626518303662,0.41811793814912807,0.34807490500103283,1.2012297702067531,0.9977347698709842,-0.008833965725200758
/home/iiitn/Datasets/FaceForensics++/manipulated_sequences/FaceSwap/c23/videos/074_825.mp4,1,10.050893895627059,6.849524090729457,1.467385728189572,0.9334567529084165,0.1507442363637046,6.960754224640922,11.099781994517485,0.6271072916638405,0.8671315476871708,0.1399788244429024,0.5665319889747767,0.3949005645026438,1.4346193444628106,0.996901010332385,0.008217608696300161
/home/iiitn/Datasets/FaceForensics++/manipulated_sequences/FaceSwap/c23/videos/086_090.mp4,1,12.059989837390367,9.640551830274829,1.250964680208204,0.9355554946082444,0.07585425571758163,7.362381470856325,9.851933669697953,0.7473031912000323,0.9364209039058616,0.06462912534822692,0.04880406175871007,0.02712220370532752,1.7994135833853226,0.973121048276111,-0.006058517234277753
/home/iiitn/Datasets/FaceForensics++/manipulated_sequences/FaceSwap/c23/videos/098_092.mp4,1,21.854232668797568,10.983139425253606,1.9897983465955085,0.8822710974233194,0.25886207917564297,11.654563957406316,16.15166391844065,0.7215704843944954,0.9578477301165144,0.12463773431107598,0.9135559854419965,0.6429416852404962,1.4209002253451264,0.9977554547943156,0.0661048759913224
/home/iiitn/Datasets/FaceForensics++/manipulated_sequences/FaceSwap/c23/videos/093_121.mp4,1,10.929292164727324,4.279934871921892,2.5536117935877742,0.9021821537263329,0.038380007770153,7.606926596776368,2.438629446618375,3.119345010503676,0.9093098828117082,0.0311715475908483,0.008020829300923219,0.0041262455754984585,1.943856504457878,0.9811337225795344,0.007619867281301163
/home/iiitn/Datasets/FaceForensics++/manipulated_sequences/FaceSwap/c23/videos/097_033.mp4,1,106.61826462037482,190.88703534476494,0.5585411519845201,0.8905737809795026,0.38211865096896663,58.39931080362775,128.95186744723438,0.4528768133390862,0.9725778227792867,0.34116851967984513,2.8445729739560632,1.9730473320991972,1.441715526879742,0.9944676492879001,0.10054875128559802
/home/iiitn/Datasets/FaceForensics++/manipulated_sequences/FaceSwap/c23/videos/094_111.mp4,1,1.8715163846302,67.26159603395956,0.027824442103415063,0.8188292123596111,0.20332662732467402,1.587824371037635,44.817186416161995,0.03542891685108177,0.8537544433091341,0.17293250521286752,0.5202880117056142,0.5113367734874049,1.0175055632262868,0.9944375037024337,0.004314709374224581
/home/iiitn/Datasets/FaceForensics++/manipulated_sequences/FaceSwap/c23/videos/096_101.mp4,1,0.0,0.0,0.0,0.0,0.0,0.0,0.0,0.0,0.0,0.0,0.0,0.0,0.0,0.0,0.0
/home/iiitn/Datasets/FaceForensics++/manipulated_sequences/FaceSwap/c23/videos/090_086.mp4,1,9.51713007174905,58.331763515033344,0.16315519192722985,0.9095211648746403,0.016040668657739888,6.306368409187139,44.866349134784286,0.14055898308645523,0.9301199114795992,0.00877676521039525,0.4879349059401849,0.3469492551978468,1.4063581305627575,0.993477327732264,0.0010273977290430596
/home/iiitn/Datasets/FaceForensics++/manipulated_sequences/FaceSwap/c23/videos/100_077.mp4,1,25.885341473939025,54.83963363722023,0.4720188622188456,0.9275568358922882,0.12337980154352775,17.402046629633194,44.781687135736014,0.388597387518843,0.9657751800544635,0.1015704856061553,1.7083934584815328,1.5289358141491871,1.1173742171983911,0.9980397629532002,0.03335884934204916
/home/iiitn/Datasets/FaceForensics++/manipulated_sequences/FaceSwap/c23/videos/103_082.mp4,1,62.67560985156985,45.19347015390292,1.3868288856361957,0.8081541358551424,0.20306384680492395,41.11355219808741,33.73707786773814,1.2186459170906203,0.8956891993994759,0.1631442525041114,0.448229318108045,0.23385892725562596,1.916665416061263,0.9927662924822794,0.056871131173875634
/home/iiitn/Datasets/FaceForensics++/manipulated_sequences/FaceSwap/c23/videos/102_114.mp4,1,22.320921526824566,116.67921551242718,0.1913016078210367,0.9632048293411347,0.10675267521504121,13.823455298878258,71.61930136403005,0.19301298721996366,0.9806954181270818,0.09792728690245427,0.82838997307427,0.6995252572151447,1.1842173881928781,0.9933994290409158,0.008467804622065095
/home/iiitn/Datasets/FaceForensics++/manipulated_sequences/FaceSwap/c23/videos/104_126.mp4,1,17.076196321356317,7.598426424579106,2.247333246015106,0.9303686352784389,0.11432049518936094,12.168262448983498,8.31078212839308,1.4641537055112614,0.96670933487951,0.08883638107660295,0.886392710902868,0.5772984133263684,1.5354151171064399,0.9952828887770825,-0.0031716140335842575
/home/iiitn/Datasets/FaceForensics++/manipulated_sequences/FaceSwap/c23/videos/101_096.mp4,1,27.19695376719333,140.99207184955216,0.19289704314874012,0.8734718576429983,0.03069276805305839,17.188798070220468,91.24767418718842,0.18837519118524396,0.9458879345812647,0.031118866106367975,0.9241151925893981,0.6030488119965725,1.5324052949044704,0.9932995284490863,0.004461639571785187
/home/iiitn/Datasets/FaceForensics++/manipulated_sequences/FaceSwap/c23/videos/105_180.mp4,1,121.1442297983931,99.4178919693788,1.2185354909326191,0.9482218145780067,0.22373100399838486,69.48355045624247,54.50828012834345,1.2747338623166742,0.9768310929654701,0.1765943474639528,4.100411378816827,2.765020249531498,1.4829588967790006,0.9949723821580295,0.017930830884386583
/home/iiitn/Datasets/FaceForensics++/manipulated_sequences/FaceSwap/c23/videos/107_109.mp4,1,20.415358281430667,46.82934849938557,0.43595221662540384,0.9588555381716493,0.44303200652547975,11.106951198124895,32.02315732873422,0.3468412275562436,0.9720389158300211,0.4453633470240067,1.4465857139916387,1.311090501937385,1.103345430276578,0.9983897058193291,0.1360382194167786
/home/iiitn/Datasets/FaceForensics++/manipulated_sequences/FaceSwap/c23/videos/106_198.mp4,1,14.165317055138091,257.971337195911,0.054910430007890886,0.9498660427161392,-0.024276441595378374,8.51654690708232,129.56658389047723,0.0657310446208983,0.9495238848122366,-0.021231214209415688,1.5706958024525786,2.2272164254577853,0.7052281873009874,0.9955850900044924,0.02778713110185031
/home/iiitn/Datasets/FaceForensics++/manipulated_sequences/FaceSwap/c23/videos/109_107.mp4,1,14.580085836323322,35.82312081908149,0.40700211212634263,0.9038585154048389,0.4665426144312323,7.7666772523780905,25.931430685485196,0.2995082433583348,0.9598862615661915,0.4134700376701538,1.5725261198165414,1.5117637216945423,1.0401930521615443,0.9974577335407918,0.1339609538933798
/home/iiitn/Datasets/FaceForensics++/manipulated_sequences/FaceSwap/c23/videos/084_042.mp4,1,11.112958051238435,5.9184144522224225,1.877691760343923,0.9293726915887295,0.00868664526883823,7.888735628540252,9.144479142348,0.8626774150544659,0.9005704487077234,0.01300159769485195,0.18060550819811408,0.11079251685645587,1.6301237062076022,0.9930725869464397,0.009680444339755583
/home/iiitn/Datasets/FaceForensics++/manipulated_sequences/FaceSwap/c23/videos/083_213.mp4,1,5.884064059263,7.558412833962749,0.7784787876131508,0.913356413915043,0.06409289621635259,4.6631279609712495,9.434016392306132,0.4942887278396338,0.9116598383571053,0.03965534994320465,0.4496908002679063,0.31840836829362107,1.4123083594750965,0.9914839506668708,-0.0023348983649578024
/home/iiitn/Datasets/FaceForensics++/manipulated_sequences/FaceSwap/c23/videos/111_094.mp4,1,3.643964815460203,86.5364023427962,0.04210903985845615,0.9430538546191592,0.07292005460093953,2.6565626343517796,53.643927663490615,0.04952215003749255,0.93151435785988,0.013607936877219333,0.9057728383149427,1.7533745757960382,0.5165883267719441,0.9944642830685261,-0.005051117438513076
/home/iiitn/Datasets/FaceForensics++/manipulated_sequences/FaceSwap/c23/videos/114_102.mp4,1,26.442845859779208,103.90519376285378,0.25449012606752436,0.7087850518508549,0.3098857397602198,14.695625961719701,58.32560223638461,0.25195840931329966,0.8572690466606486,0.27334625136430307,0.38002822079334475,0.2181344822042357,1.7421739880516947,0.9907043237140988,0.057461052585753604
/home/iiitn/Datasets/FaceForensics++/manipulated_sequences/FaceSwap/c23/videos/116_091.mp4,1,26.150391479631864,36.93990915568126,0.7079170489949621,0.9551254513802312,0.2998804240416947,16.28596508723999,24.68788296384732,0.659674428588672,0.9727943978907421,0.2971865266714776,1.57346899710787,1.1906916042961444,1.3214748398583,0.9965856487125935,0.07567709102540403
/home/iiitn/Datasets/FaceForensics++/manipulated_sequences/FaceSwap/c23/videos/110_043.mp4,1,3.674318882681709,0.7932597236137161,4.631924164690034,0.8897898304940797,0.028820841209260258,2.9538280783185353,4.540534837906271,0.6505462866750303,0.8563223925189011,0.01899592117901023,0.01423152379102808,0.007318595615139018,1.944570316412782,0.9735311880811164,0.002410465933059854
/home/iiitn/Datasets/FaceForensics++/manipulated_sequences/FaceSwap/c23/videos/119_123.mp4,1,36.000859777430186,135.3517872652311,0.2659799364664763,0.9741406901079263,0.1098166376190335,23.280623325941363,107.8573738582877,0.2158463764983695,0.975614297277958,0.1054179320457929,1.8864324243488595,1.7539984954051064,1.0755040151349535,0.9982967365651912,0.04645902372876885
/home/iiitn/Datasets/FaceForensics++/manipulated_sequences/FaceSwap/c23/videos/118_120.mp4,1,63.54596943836774,85.94932963170879,0.7393422346708344,0.9218789289714783,0.23243488084861189,40.43533026059274,45.92902382885054,0.8803873213432656,0.9722116843906128,0.2449774584480055,1.9945290858299647,1.4533429425646787,1.3723733245714655,0.9968410488718824,0.06959846391431573
/home/iiitn/Datasets/FaceForensics++/manipulated_sequences/FaceSwap/c23/videos/120_118.mp4,1,91.83734849658406,61.772103355798286,1.48671234274822,0.934299775688154,0.1553404171813038,51.01796056444041,54.48989291082432,0.9362830029402716,0.9579763192565363,0.10674819278030948,0.9612013290426823,0.520156736648237,1.847907104378632,0.9914701114347207,0.03000882453662273
/home/iiitn/Datasets/FaceForensics++/manipulated_sequences/FaceSwap/c23/videos/115_939.mp4,1,3.802418072258782,12.340870056786061,0.3081158828155628,0.8616294220276074,0.04760593772519221,2.812958477801599,9.73253855576266,0.28902618383525835,0.9104270263850851,0.04829182970388957,0.046582760846851756,0.026999279416127866,1.7253334849753734,0.9860572356521139,0.010652346094782333
/home/iiitn/Datasets/FaceForensics++/manipulated_sequences/FaceSwap/c23/videos/113_983.mp4,1,8.009660813245572,79.50925020709914,0.10073872904577352,0.8394658786169457,0.13025293421471015,8.138472234703551,43.19879887824177,0.18839579909715293,0.9629643211046387,0.14996699047918885,0.6135894237812661,0.508209003020165,1.2073564618785781,0.9920680268490938,0.010425201081317082
/home/iiitn/Datasets/FaceForensics++/manipulated_sequences/FaceSwap/c23/videos/123_119.mp4,1,82.18322733144954,20.774323487335668,3.9560001740393447,0.9580304433143788,0.09816393679599707,41.70374749671499,15.372104245741482,2.712949823266267,0.9723319758779335,0.07855293953217612,1.2271460902487192,0.7773630168649907,1.5786010700607398,0.9949184318825471,0.01533311955427417
/home/iiitn/Datasets/FaceForensics++/manipulated_sequences/FaceSwap/c23/videos/124_085.mp4,1,72.56772891913879,181.74102162224233,0.39929196100797976,0.9121566267362659,0.07626018755991171,39.79542453167378,126.1110162592077,0.31555866975077373,0.9529604804908282,0.05841895801073616,1.155833043869527,0.6855640021655391,1.6859593564109492,0.9906488005965798,0.010047070071830047
/home/iiitn/Datasets/FaceForensics++/manipulated_sequences/FaceSwap/c23/videos/126_104.mp4,1,19.85405267334225,2.8090487808551625,7.067891739244931,0.929387969657164,0.04016776685841307,13.755168766779944,8.440017921884829,1.6297558718581646,0.9118055075838911,0.07471925626956148,0.2973055501201029,0.1554508249772956,1.9125376154390041,0.9912174493326305,0.002299866172979583
/home/iiitn/Datasets/FaceForensics++/manipulated_sequences/FaceSwap/c23/videos/108_052.mp4,1,3.200911555271252,5.48121554079849,0.5839784134460348,0.903896448402891,0.022015861177262876,2.7942620145731305,5.9500604138907365,0.4696190996733034,0.9242767841721777,-0.0029437644576028417,0.15678364951784665,0.09950577258481245,1.5756236592627242,0.9755532745855365,-0.0008487706110821039
/home/iiitn/Datasets/FaceForensics++/manipulated_sequences/FaceSwap/c23/videos/117_217.mp4,1,10.542275764325003,2.7049520323321317,3.8973984153189427,0.9055694461992658,0.04116279321192038,7.3259134705941085,2.3098821161792,3.1715529633659307,0.9299094492279387,0.024165399914289853,0.5563927056529797,0.47496929779069114,1.171428781272869,0.9974521927929653,0.013064348688051657
/home/iiitn/Datasets/FaceForensics++/manipulated_sequences/FaceSwap/c23/videos/122_144.mp4,1,4.970456974458936,28.630751444308505,0.17360553683431215,0.9262292726789947,0.02456866174408686,4.295043344652662,19.4825560743799,0.22045584410254887,0.9414494309051985,0.026828114893337564,0.3588601703340382,0.2911970619928007,1.2323619197191982,0.9919390657764945,0.0007227469214832396
/home/iiitn/Datasets/FaceForensics++/manipulated_sequences/FaceSwap/c23/videos/099_295.mp4,1,2.250354099082425,17.82860585852662,0.12622154064874244,0.906657558616527,0.009475264643146696,2.247386102912335,13.59415919445284,0.1653199782910731,0.8964133991086664,0.006295918484844507,0.46494919901809445,0.651609064368746,0.7135401031729347,0.9965358492294637,-0.0013517236153895466
/home/iiitn/Datasets/FaceForensics++/manipulated_sequences/FaceSwap/c23/videos/128_896.mp4,1,58.071169917939294,173.10608210213002,0.3354657976932212,0.8774100468951921,0.21704304904270583,35.58967331329578,117.65307957779169,0.3024967424653262,0.9760459303295278,0.19064543289644675,3.073611058208908,2.554827544659226,1.2030600909381066,0.9977375658277778,0.05343976953000777
/home/iiitn/Datasets/FaceForensics++/manipulated_sequences/FaceSwap/c23/videos/131_518.mp4,1,27.780956829803092,155.7657921451481,0.17835082046715242,0.9034781568259976,0.09540123459142297,15.870779200195418,86.3601150546468,0.18377441009837395,0.9427549562277884,0.08361836510077816,0.9786932830396343,0.6446774296771483,1.518113149284224,0.9908935607081595,0.011745652227498855
/home/iiitn/Datasets/FaceForensics++/manipulated_sequences/FaceSwap/c23/videos/130_139.mp4,1,46.535900120822056,27.458804415534477,1.694753326350034,0.8399621554310984,0.11992448413487193,29.34888792801729,25.184923080296397,1.1653356190306812,0.9192328588776402,0.07464304488545301,0.6399287714651183,0.3538540911557217,1.8084537877605118,0.9953973765412113,-0.002843299815417079
/home/iiitn/Datasets/FaceForensics++/manipulated_sequences/FaceSwap/c23/videos/132_007.mp4,1,43.08647851972396,25.604902783611113,1.6827432966198275,0.7429798210908976,0.21323728717142884,25.65541462778675,25.342214853891978,1.0123588161374408,0.8631740428404145,0.19882222891408408,0.2584288191103182,0.13453532389048706,1.920899371533691,0.9763512470021475,0.03785838146744841
/home/iiitn/Datasets/FaceForensics++/manipulated_sequences/FaceSwap/c23/videos/125_038.mp4,1,21.817202763463097,147.41763476990295,0.1479958812086255,0.9344835365854579,0.18160637795550996,12.265445729737378,71.9920965722652,0.1703721146310193,0.9609503339693077,0.15503852825178518,1.0914662593223923,1.221874700292893,0.8932718379885919,0.9930816336701543,0.052961504035602285
/home/iiitn/Datasets/FaceForensics++/manipulated_sequences/FaceSwap/c23/videos/133_148.mp4,1,9.545206720088727,202.95811725245684,0.04703042602733437,0.8936335326954391,0.14533560422122707,6.200435518385177,92.83822183934065,0.06678752991537493,0.9389740746152153,0.04727893229602636,0.67966317702556,0.6889657067162451,0.9864978334915638,0.9909747558355364,0.006865087846146555
/home/iiitn/Datasets/FaceForensics++/manipulated_sequences/FaceSwap/c23/videos/127_129.mp4,1,17.36420241688479,10.989082483155515,1.5801321396487198,0.9224244183426684,0.0767049412479134,9.943676867744939,11.277171442940313,0.8817527442991777,0.9636999778152084,0.04610761007480909,0.5161031461330187,0.3909037085862434,1.3202820408114728,0.9944508229035763,-0.0017853896272103998
/home/iiitn/Datasets/FaceForensics++/manipulated_sequences/FaceSwap/c23/videos/129_127.mp4,1,9.535279994523544,55.63139925933823,0.17140104547923915,0.9209555367299939,0.05481615181074302,6.728871950300302,49.01830604820378,0.1372726332828238,0.9663511491747259,0.021655846512155623,0.570077727430779,0.49958756340498517,1.1410967149489504,0.995285616087195,0.013154501291471023
/home/iiitn/Datasets/FaceForensics++/manipulated_sequences/FaceSwap/c23/videos/112_892.mp4,1,3.194451049358236,9.902108648557533,0.3226031103813005,0.8515802101716153,0.014265742279126968,2.4160462418793434,14.47591864637282,0.16690106520353537,0.8121601110651722,0.004620701801244212,0.033062698564066566,0.01942647137441665,1.7019405082287822,0.9815034068722225,0.0033257174363911985
/home/iiitn/Datasets/FaceForensics++/manipulated_sequences/FaceSwap/c23/videos/139_130.mp4,1,45.76536966739146,72.26618820216758,0.6332888285094128,0.8837000258688871,0.25078380585450744,29.108895116341003,44.310480746762806,0.6569302482340504,0.9631852728738409,0.21911043741551015,1.3196993626075961,0.9969239311362498,1.323771374515467,0.997511007943833,0.06331579665018937
/home/iiitn/Datasets/FaceForensics++/manipulated_sequences/FaceSwap/c23/videos/138_142.mp4,1,70.90163175069289,38.20586323850112,1.8557788187663125,0.840896938473754,0.369991698425067,44.268926263232345,27.636263084812203,1.6018419757901636,0.89407252448807,0.3448130888816882,1.209895548032534,0.6107402052811475,1.9810314395063806,0.9939538984382441,0.1163896317534718
/home/iiitn/Datasets/FaceForensics++/manipulated_sequences/FaceSwap/c23/videos/137_165.mp4,1,24.25506178811152,328.088409764827,0.0739284322951167,0.9059431761480159,0.18002533502071,17.542628556375522,198.8860138910004,0.0882044353605969,0.9478460306648735,0.18850893451001288,1.7445837633587,1.5044250898562235,1.1596348499647984,0.9922858250332686,0.03804056630626379
/home/iiitn/Datasets/FaceForensics++/manipulated_sequences/FaceSwap/c23/videos/140_143.mp4,1,23.27357986960998,92.85262136632609,0.2506507573737748,0.9266382896325943,0.2608783007503769,14.669318356672811,51.71821548186934,0.2836392984559836,0.9672736013269997,0.2239158537965842,1.9476984933467503,1.8863690473562755,1.032511902205153,0.9925905355937443,0.11215623309696311
/home/iiitn/Datasets/FaceForensics++/manipulated_sequences/FaceSwap/c23/videos/141_161.mp4,1,36.5022034773199,25.34946768741213,1.4399593682768308,0.874854477461001,0.07998761784731441,19.931336657852263,18.019681533611617,1.1060870648948422,0.9297421911073234,0.05755596192709039,0.6780439920953091,0.37294811258408656,1.8180652193069733,0.9923849184277537,0.005877284587816311
/home/iiitn/Datasets/FaceForensics++/manipulated_sequences/FaceSwap/c23/videos/142_138.mp4,1,83.51775855464008,87.432715131684,0.9552232071124918,0.7972049424510176,0.027716249945508375,48.9551018982462,49.526954503503106,0.9884537094802294,0.8588529953145402,0.04049433719376403,0.010079445515299646,0.005094318820874323,1.9785659024712827,0.9705562364083722,0.012947026609344043
/home/iiitn/Datasets/FaceForensics++/manipulated_sequences/FaceSwap/c23/videos/134_192.mp4,1,22.57745725466982,82.93573301984908,0.2722283439547865,0.9106040139378501,0.1508473987247138,14.361200455033241,44.00397802792417,0.3263614131867776,0.9431910628259587,0.12535366603663523,0.5736233846585636,0.3887305353048431,1.4756324305954696,0.9911367878475273,0.019858294312730673
/home/iiitn/Datasets/FaceForensics++/manipulated_sequences/FaceSwap/c23/videos/145_299.mp4,1,58.00332192496393,59.619873847675194,0.9728856869633531,0.666616387244109,0.1463084686687624,29.92915373931534,38.39333840558257,0.7795402791793563,0.7965172576706697,0.10175098756005428,0.009722330819371884,0.004927358991111298,1.9731322270024305,0.96618086359291,0.02253434113713864
/home/iiitn/Datasets/FaceForensics++/manipulated_sequences/FaceSwap/c23/videos/135_880.mp4,1,9.977922582931447,43.17246695958091,0.23111773048023906,0.8352971845506724,0.03089475875048291,8.73335765937321,57.79538384373604,0.15110822142796004,0.9317559419591914,0.013862687749332143,0.31019044428445725,0.20152657576057295,1.539203666383853,0.9923747941356097,-0.012460015725859289
/home/iiitn/Datasets/FaceForensics++/manipulated_sequences/FaceSwap/c23/videos/136_285.mp4,1,17.0115496546828,38.94333212260633,0.436828302239903,0.886444054318367,0.22806384615654451,10.427510431310834,29.999785959165465,0.34758616096475997,0.9333015177030489,0.20583478691135418,0.3473019381039921,0.20612893863177276,1.6848771473296613,0.9900725441483949,0.046585297313621
/home/iiitn/Datasets/FaceForensics++/manipulated_sequences/FaceSwap/c23/videos/143_140.mp4,1,24.58890773036461,49.95646729146309,0.4922066964203959,0.9509480919290678,0.12532009311849582,14.94505448194235,43.606401986503876,0.34272615490192987,0.9744880266948366,0.09006019987412674,1.3547192733077733,1.0867113442292708,1.2466229238350153,0.9982372576445974,0.0008899822106268625
/home/iiitn/Datasets/FaceForensics++/manipulated_sequences/FaceSwap/c23/videos/147_055.mp4,1,17.851752068227423,118.79112317325827,0.15027850222604958,0.911162334633449,0.026083372771447465,13.042015194535074,70.91888984921775,0.18390044207211922,0.9625105636241212,0.03658887694798922,0.9166974343008051,0.7639940101280227,1.1998751588997325,0.9884703857110669,0.009484407478186307
/home/iiitn/Datasets/FaceForensics++/manipulated_sequences/FaceSwap/c23/videos/121_093.mp4,1,7.364607464976827,25.88719778904063,0.2844883994394573,0.8195672873672745,0.002559746260270459,5.78603361178941,28.51651470804862,0.2029011494225953,0.8547889110614858,-0.015256496341512523,3.1023070482614668e-27,2.3571352755336506e-27,0.0,0.0,0.0
/home/iiitn/Datasets/FaceForensics++/manipulated_sequences/FaceSwap/c23/videos/148_133.mp4,1,12.544563875416998,200.6934106940411,0.06250610736065121,0.8473333505265884,0.17060519741299837,7.713106281653926,95.101405557934,0.08110401982392622,0.9365609075129715,0.09675823616353481,0.7618944850484898,0.5949628791348173,1.280574825367964,0.994399891638079,0.008743811405782797
/home/iiitn/Datasets/FaceForensics++/manipulated_sequences/FaceSwap/c23/videos/149_152.mp4,1,21.434365785336308,47.30076087642226,0.45315054955110823,0.9028040441308232,0.1331105925039367,15.115326736859416,28.837753934658334,0.5241506245981671,0.9700929083066484,0.16399776839374103,0.861441449173514,0.6047696129710115,1.4244125873678868,0.9857398033535105,0.018385073447761226
/home/iiitn/Datasets/FaceForensics++/manipulated_sequences/FaceSwap/c23/videos/156_243.mp4,1,0.0,0.0,0.0,0.0,0.0,0.0,0.0,0.0,0.0,0.0,0.0,0.0,0.0,0.0,0.0
/home/iiitn/Datasets/FaceForensics++/manipulated_sequences/FaceSwap/c23/videos/152_149.mp4,1,27.828157226496117,537.0868017531237,0.0518131466564832,0.9279533300451455,0.10521839209195265,17.187921263245347,262.7212497623737,0.06542265339705673,0.959847906729979,0.07241033092518122,4.84636240591525,9.669386426701008,0.5012068183077804,0.9949449533509274,0.0064263825090657
/home/iiitn/Datasets/FaceForensics++/manipulated_sequences/FaceSwap/c23/videos/150_153.mp4,1,21.258408504513994,205.76625428560286,0.10331338624168858,0.6958088712791044,0.171017407209935,13.094499286337685,84.25683529398741,0.15541171515223184,0.8407283798822195,0.15160747340640165,0.1188456957721385,0.06147988581195948,1.9330825716826532,0.9737764125807175,0.00707137214577193
/home/iiitn/Datasets/FaceForensics++/manipulated_sequences/FaceSwap/c23/videos/157_245.mp4,1,59.20615858223724,54.33453545001743,1.0896597917304591,0.905144224455276,0.2532347068616152,31.733292520126767,28.89875111615329,1.0980852560922287,0.9642653790765232,0.2361015380696307,2.1576470488653148,1.5607928248832383,1.382404515491495,0.9977431795611741,0.060887746425845
/home/iiitn/Datasets/FaceForensics++/manipulated_sequences/FaceSwap/c23/videos/144_122.mp4,1,9.222122587574125,1.8162638576215706,5.077523592662718,0.9275886753858759,0.0415626121635258,6.322207075698682,4.543203110707489,1.391574825435035,0.8833804876986567,0.031442719607232765,0.19001077796265883,0.11206121953095298,1.6955979843693831,0.976310971737416,-0.012533445014873567
/home/iiitn/Datasets/FaceForensics++/manipulated_sequences/FaceSwap/c23/videos/153_150.mp4,1,24.394026909512238,72.03206778338863,0.33865509710020797,0.8879412692583605,0.1420482840775619,15.880690906989187,45.54108449662894,0.34871130282733415,0.9658123682203933,0.09907300468059752,1.288697417347485,0.9448442840542249,1.363925716751784,0.9947278454750016,0.015553322703269763
/home/iiitn/Datasets/FaceForensics++/manipulated_sequences/FaceSwap/c23/videos/155_576.mp4,1,50.78330946035023,198.14387010008613,0.2562951325958186,0.9371420422954291,0.14918980513361083,30.963714219425665,93.52879039933207,0.33106077911648896,0.9517151145237448,0.11193971555922193,2.5828931526231744,2.93657365522672,0.8795601458951863,0.9962132456642548,0.01686579374497816
/home/iiitn/Datasets/FaceForensics++/manipulated_sequences/FaceSwap/c23/videos/158_379.mp4,1,112.45508837123639,68.42634070018535,1.6434473511299688,0.9266266560174231,0.3390878094589533,61.60800014805548,39.36261199152453,1.5651400410450602,0.9650761470821322,0.28741772710029906,5.7402925217549585,3.991076349478099,1.4382818114981937,0.995041693494318,0.11494080189629007
/home/iiitn/Datasets/FaceForensics++/manipulated_sequences/FaceSwap/c23/videos/159_175.mp4,1,25.983618217008594,67.93454169529419,0.38248021652302505,0.8765731059954929,0.16622780268417356,16.3731561308447,52.83028876437934,0.3099198682003845,0.9583261272909994,0.13356977388531097,1.736702872827754,1.5386138160478555,1.128745143657112,0.9971007384360435,0.01969935984315446
/home/iiitn/Datasets/FaceForensics++/manipulated_sequences/FaceSwap/c23/videos/161_141.mp4,1,31.19175218248975,95.63369713128156,0.32615859386541485,0.9319225247573297,0.21000167621661014,19.30795181673371,69.47850692229756,0.2778981971838727,0.9742564747768903,0.2391904013416506,1.9460460804106958,1.7808857510727163,1.092740552973988,0.9978299910582927,0.055719942956124834
/home/iiitn/Datasets/FaceForensics++/manipulated_sequences/FaceSwap/c23/videos/146_256.mp4,1,4.269283116783097,36.971226700500125,0.11547583074178451,0.9373499147240736,-0.000648087839334134,3.4674050928779767,19.002110273343202,0.1824747379632971,0.9580886107769562,-0.003373617745446923,0.6165330964490655,0.6771631112094333,0.910464681615511,0.9963837751575865,0.0014606868580054285
/home/iiitn/Datasets/FaceForensics++/manipulated_sequences/FaceSwap/c23/videos/151_225.mp4,1,32.38078400015376,94.20616749839023,0.34372254874615377,0.9406997279020377,0.11077905559454425,17.334807698378444,87.95562747327892,0.1970858283473083,0.9647288342871477,0.08682804780128611,0.9099895570570954,0.8943130187207728,1.0175291402542102,0.9970590954191557,0.027303760933938513
/home/iiitn/Datasets/FaceForensics++/manipulated_sequences/FaceSwap/c23/videos/166_167.mp4,1,67.18988731194794,44.7573067662451,1.5012048795264188,0.9676176469906226,0.09283227189169768,38.57224186862493,48.26563030180508,0.7991658169059975,0.9621731723276056,0.08196372771817541,1.2996210362018872,0.8094981749881316,1.6054650601540164,0.9933358763656157,0.014797074394960634
/home/iiitn/Datasets/FaceForensics++/manipulated_sequences/FaceSwap/c23/videos/165_137.mp4,1,40.02307549543054,61.74265075594118,0.6482241206914707,0.8728275620027013,0.1942640212449998,27.73231662139087,39.038754947331576,0.7103791260455262,0.9628560221237908,0.19235952176652293,1.5897220479386192,1.0904559113972383,1.4578508230577192,0.997513708761287,0.037940449622160775
/home/iiitn/Datasets/FaceForensics++/manipulated_sequences/FaceSwap/c23/videos/168_222.mp4,1,29.7089094410977,74.39943177991965,0.3993163486648578,0.9390671430760978,0.32368366940049925,18.701654644911113,71.57903969342752,0.2612727793640451,0.9381640812902688,0.3092508900259795,1.8544422127465534,1.5115962268541396,1.226810559461324,0.9980542337186407,0.038604145441517086
/home/iiitn/Datasets/FaceForensics++/manipulated_sequences/FaceSwap/c23/videos/154_386.mp4,1,6.307329097241843,7.830825146395725,0.8054488485348064,0.9475832213279004,0.028270940834571018,4.357281608593973,6.306060728517836,0.6909672767483956,0.9636448216235554,-0.003890950661735388,0.6643203979894913,0.6654637088572238,0.9982819335562326,0.997329574806502,0.0038560987937186703
/home/iiitn/Datasets/FaceForensics++/manipulated_sequences/FaceSwap/c23/videos/167_166.mp4,1,30.248094169155433,78.69092668047107,0.38439112925915236,0.9199358276913756,0.13338908916661896,22.735411462417293,47.505291372210344,0.4785869280178136,0.9595674231719155,0.11302954304615342,1.1350627460434204,0.7677290282534578,1.4784679284898568,0.9947052154600055,0.024453029698527168
/home/iiitn/Datasets/FaceForensics++/manipulated_sequences/FaceSwap/c23/videos/164_216.mp4,1,16.963246855110242,298.05466525464203,0.05691320698039652,0.922011594299745,0.22481067645940783,10.7860060044502,137.90952028259508,0.07821074268366845,0.934719811769018,0.19071478948481319,1.6159807176272691,2.6840714781951913,0.6020632202812565,0.9938684554865653,0.043586062258183074
/home/iiitn/Datasets/FaceForensics++/manipulated_sequences/FaceSwap/c23/videos/169_227.mp4,1,75.18729457520041,33.52671952928212,2.24260815346196,0.8008112163658153,0.08465683977064832,43.73409541785177,30.27624150965673,1.4445021322710283,0.8759196571274265,0.06400694392435102,0.5082037977478646,0.23587538131850128,2.1545436192072955,0.9952166778773738,0.012746735227397622
/home/iiitn/Datasets/FaceForensics++/manipulated_sequences/FaceSwap/c23/videos/160_928.mp4,1,8.729147552371556,21.915930674473426,0.39830147676725536,0.8404865830869216,0.18629416588455266,5.859239301120155,17.263042019363144,0.3394094328536142,0.9144231098046282,0.14437198213648744,0.18447173064933567,0.10434359501285778,1.7679257708784528,0.9862747229429304,-0.0027031172611458624
/home/iiitn/Datasets/FaceForensics++/manipulated_sequences/FaceSwap/c23/videos/163_031.mp4,1,14.971282495066594,38.608325492291186,0.3877734220318845,0.7877239405797637,0.2142271162868091,9.532651213428588,37.87555645592497,0.2516834630409072,0.9204449377610567,0.1424621321840404,0.41308144257961094,0.2548519138769765,1.6208685126022475,0.9930473390903597,0.010557312307097633
/home/iiitn/Datasets/FaceForensics++/manipulated_sequences/FaceSwap/c23/videos/172_582.mp4,1,21.000633100207903,191.35084405450706,0.10974936224595794,0.9263718601998602,0.19468261328087294,11.435968422252344,80.25037485020921,0.1425036137662668,0.9596298347023536,0.15973672922923984,1.1253078173765103,0.9953045910440448,1.1306165243306032,0.9939782083891208,0.0065381913284636274
/home/iiitn/Datasets/FaceForensics++/manipulated_sequences/FaceSwap/c23/videos/175_159.mp4,1,42.819556635216834,17.007875179213446,2.5176311669755025,0.8710765431372659,0.142761752735776,24.570114943280156,16.286595725733342,1.508609617199412,0.9310674243377367,0.11829376394345802,0.20844421999094345,0.11443384670569196,1.821525938274479,0.9871856112403226,-0.004928324194833987
/home/iiitn/Datasets/FaceForensics++/manipulated_sequences/FaceSwap/c23/videos/162_330.mp4,1,7.413087761033032,7.633736532957035,0.9710955741043199,0.9321304745494148,0.07608628428056831,5.51441039474554,7.171945229200457,0.7688862949334455,0.9582748392384784,0.10681916403162213,0.4392140998782483,0.31574718771260546,1.3910309164115913,0.992967323801456,0.010856496059282354
/home/iiitn/Datasets/FaceForensics++/manipulated_sequences/FaceSwap/c23/videos/178_598.mp4,1,98.66531110226036,40.568913494267036,2.432042236383855,0.8681304853257122,0.13041722661597085,51.33122162894472,55.00337034607247,0.933237750813756,0.9231565550996264,0.10519817525816177,0.27496758713506114,0.1397047282277308,1.9682053043103893,0.9898562263230609,0.02444028631650747
/home/iiitn/Datasets/FaceForensics++/manipulated_sequences/FaceSwap/c23/videos/177_211.mp4,1,29.976680665639062,4.174442013019252,7.181003011216295,0.9317895398104042,0.03983447273003497,20.760844979455428,3.7782311018463033,5.494858419144942,0.947498106463233,0.015506135276078971,0.6146061634326685,0.4041803050831219,1.5206237308031902,0.9976019592550749,-0.002648739968064629
/home/iiitn/Datasets/FaceForensics++/manipulated_sequences/FaceSwap/c23/videos/179_212.mp4,1,9.8401834405172,35.24207900270387,0.2792168827429912,0.9413024129527668,0.14774816705927815,7.815458363055604,19.394533345025803,0.402972230577544,0.9649605817901327,0.1589724506695485,0.7316614238614451,0.5352633644615944,1.3669185534440633,0.9878691100599818,0.02298167884432055
/home/iiitn/Datasets/FaceForensics++/manipulated_sequences/FaceSwap/c23/videos/180_105.mp4,1,49.615253098588035,231.7928757697448,0.2140499484025305,0.9619442081314022,0.3611377549044115,30.428663991914245,132.84381426013874,0.22905593430438487,0.9870177811805458,0.3405147590325923,3.419255303017019,3.539657306430358,0.9659848417544238,0.9973964069048734,0.13135270322300208
/home/iiitn/Datasets/FaceForensics++/manipulated_sequences/FaceSwap/c23/videos/181_199.mp4,1,29.206377558469047,13.809356578830252,2.1149701937049286,0.8632289456903122,0.3007114430424619,18.974146955013364,10.163692785377291,1.8668556159343825,0.9593072906654392,0.252128999154166,1.0325020927675121,0.6755002648083686,1.528499908227898,0.9951857948205071,0.055450273599458276
/home/iiitn/Datasets/FaceForensics++/manipulated_sequences/FaceSwap/c23/videos/171_173.mp4,1,4.6879650982577905,7.64900964737582,0.6128852380080487,0.8742181776661301,0.03512307488083187,3.4769766972371876,5.143382704879639,0.6760097190392821,0.9188601554233307,0.021103471377304138,0.46027216462030074,0.3899140908224947,1.1804450658589716,0.994272559464827,-0.0031050300588410045
/home/iiitn/Datasets/FaceForensics++/manipulated_sequences/FaceSwap/c23/videos/173_171.mp4,1,6.0825407170377055,51.81142674446022,0.1173976688006968,0.8602370759290664,0.02034590485569782,5.595098178361661,26.4590793554772,0.2114623151921361,0.891662527763076,-0.01184381877143344,0.3217175901319649,0.21560983181044557,1.492128570531999,0.99352116414744,-0.004322442356564469
/home/iiitn/Datasets/FaceForensics++/manipulated_sequences/FaceSwap/c23/videos/174_964.mp4,1,66.38288625996411,72.95924607352873,0.9098625579691856,0.9389869216543304,0.14938954394043516,44.91764442387648,51.359814637351285,0.8745678842697817,0.9860276966732142,0.14790638049157173,1.4431299724597757,1.035783441234807,1.3932738398862134,0.9968898650842491,0.01982847304223334
/home/iiitn/Datasets/FaceForensics++/manipulated_sequences/FaceSwap/c23/videos/185_276.mp4,1,6.471687040825469,115.21959287304544,0.05616828596119316,0.9149924728895874,0.19178196924946603,4.5546870683159995,54.07074669115459,0.08423569761911756,0.9224352086735642,0.20353597013329838,0.6933701776271652,0.5330317335375531,1.300804687603681,0.979665662978222,0.039671008678772865
/home/iiitn/Datasets/FaceForensics++/manipulated_sequences/FaceSwap/c23/videos/182_242.mp4,1,22.47460100386247,16.607768695457178,1.3532583103719455,0.8350937742509825,0.0363502742674067,13.312854722410167,15.16927847753165,0.877619508543457,0.9370666686320824,0.00975249606724803,0.31567446933543614,0.18100506485674372,1.744009039665693,0.9931126679421353,0.008347932747557008
/home/iiitn/Datasets/FaceForensics++/manipulated_sequences/FaceSwap/c23/videos/183_253.mp4,1,5.350388955500321,72.54131533304498,0.07375643701711376,0.8797103182955469,0.07487798126396349,3.5564059966825634,44.858772663261185,0.07928005572910421,0.8958596733652856,0.03140304092421266,0.545573686109584,0.5019405048947697,1.0869289901677925,0.9929000027055412,0.010130833787539014
/home/iiitn/Datasets/FaceForensics++/manipulated_sequences/FaceSwap/c23/videos/184_205.mp4,1,23.826184932617167,30.55240375549227,0.7798464933658138,0.8856942674583724,0.30654578747982525,13.647171071938086,17.452057780694776,0.7819806262064063,0.9434251426140298,0.29731517879739033,0.14980583181245752,0.08146821865517795,1.8388254252437393,0.9688851981868117,0.0647594761090731
/home/iiitn/Datasets/FaceForensics++/manipulated_sequences/FaceSwap/c23/videos/188_191.mp4,1,8.558038238852948,7.171326712023778,1.19336889567507,0.8950931457593153,0.1000308433219417,5.806346201965332,7.589544954559394,0.7650453665838277,0.9373240220313748,0.09646406081903817,0.3944907836902171,0.26252867461544316,1.5026578878214902,0.9932993122001914,-0.0004674120823751281
/home/iiitn/Datasets/FaceForensics++/manipulated_sequences/FaceSwap/c23/videos/189_200.mp4,1,22.838362859817526,143.6996888441445,0.1589311921516255,0.9109346186289251,0.1615822603054279,15.115798517080952,120.63308126001999,0.12530392458847525,0.9534856356890716,0.11510319762870437,1.2941608017487525,1.0948570130209323,1.1820363630661694,0.9929982661868765,0.00739357917228603
/home/iiitn/Datasets/FaceForensics++/manipulated_sequences/FaceSwap/c23/videos/187_234.mp4,1,9.561025558639058,30.143986050818057,0.3171785424303428,0.9377546072916342,0.02312761621555193,7.255409816037182,19.99635458032255,0.362836625390554,0.9537350535223069,-0.005826791015714471,0.667558389822506,0.6529002066621042,1.0224508784203645,0.9930090756194746,-0.002212606685452808
/home/iiitn/Datasets/FaceForensics++/manipulated_sequences/FaceSwap/c23/videos/194_235.mp4,1,29.675584352804766,67.19571657552086,0.44162910770439595,0.9137641316308214,0.4045125891184248,17.70595769970062,37.576514213115644,0.47119745060122054,0.957122255034521,0.39671291236881456,1.6521456252995221,1.6242346094399895,1.01718410363707,0.9979097234425769,0.08719450710495577
/home/iiitn/Datasets/FaceForensics++/manipulated_sequences/FaceSwap/c23/videos/170_186.mp4,1,10.406794682117464,0.5932546676268285,17.541867346357886,0.8721379012264409,-8.2587580174055e-05,6.261395639593094,14.209830117973496,0.44063831781305274,0.665521053026785,-0.00442681140412099,3.753396273959187e-27,5.532338159963635e-27,0.0,0.0,0.0
/home/iiitn/Datasets/FaceForensics++/manipulated_sequences/FaceSwap/c23/videos/197_224.mp4,1,66.21049804517646,69.69397075099674,0.9500175887772838,0.9019065420770741,0.2421934355173516,34.46569774729085,51.463044860146965,0.6697174222969678,0.9717540475498291,0.2324823749062815,1.0409885910650925,0.6317528678015577,1.6477781805528444,0.9943782835145898,0.03595050103743736
/home/iiitn/Datasets/FaceForensics++/manipulated_sequences/FaceSwap/c23/videos/196_310.mp4,1,14.137251454913331,109.0605546780608,0.12962754037557866,0.9200902864828461,0.12893166233922712,10.21306974822111,74.85408128022411,0.13643971809616381,0.9572261578329625,0.1437454309103659,0.9916155587922205,0.758157228797502,1.3079286474192195,0.9913338986069254,0.02849635719950063
/home/iiitn/Datasets/FaceForensics++/manipulated_sequences/FaceSwap/c23/videos/192_134.mp4,1,13.95941665913422,15.019093274800497,0.9294447010696555,0.8877030160882339,0.1364360687013732,9.988426143733312,8.84755178110652,1.1289480288844502,0.935547911733242,0.11382483729170043,0.47627291230582597,0.3023678449420802,1.5751440514352908,0.9952586441766913,0.03756004689035444
/home/iiitn/Datasets/FaceForensics++/manipulated_sequences/FaceSwap/c23/videos/176_190.mp4,1,2.7146244387563985,2.734976800305617,0.992558488413158,0.8747395398818035,-0.0024256851187637383,2.8461836641444402,10.997745495263144,0.2587970112029165,0.8525405805660702,-0.004290149668466071,0.3799864231192594,0.376672428663773,1.0087980807813375,0.9973132499845457,-0.004340113691128919
/home/iiitn/Datasets/FaceForensics++/manipulated_sequences/FaceSwap/c23/videos/198_106.mp4,1,29.264465430173583,36.14509388576002,0.8096386614091166,0.9376070955376132,0.5709433559594552,17.648919124010572,60.26120512968635,0.2928736504029227,0.8947882298118075,0.5693529903747211,1.7028080689726786,1.4869453198635358,1.1451719483060436,0.9982967532470274,0.1870991953888788
/home/iiitn/Datasets/FaceForensics++/manipulated_sequences/FaceSwap/c23/videos/195_442.mp4,1,9.38900070214266,51.8006559688597,0.18125254451964698,0.8054448096964127,-0.0007093471432918245,6.880718679141526,45.58555719200057,0.15094076069226955,0.8899491493695996,0.010187540421179652,0.3457998017063395,0.20788050958595164,1.663454656692396,0.9944491399253863,0.004478551453404294
/home/iiitn/Datasets/FaceForensics++/manipulated_sequences/FaceSwap/c23/videos/202_348.mp4,1,67.64302751413388,24.846737959647957,2.7224107898585608,0.9200323177710364,0.20526902834995778,38.372582700702864,26.49401078817461,1.448349327230974,0.8971595437165352,0.1702090469167507,1.3511919806815738,0.6947233142770209,1.9449354194881474,0.9926846728868297,0.03678162660046091
/home/iiitn/Datasets/FaceForensics++/manipulated_sequences/FaceSwap/c23/videos/200_189.mp4,1,45.15229621906025,79.8863790388335,0.5652064439810359,0.8394470586435796,0.24436571500013074,25.435356969815007,47.092574299058185,0.5401139637916056,0.9152514826143197,0.20574917540363175,0.31717344531475383,0.17451084671333353,1.8174998934924091,0.9906064434213588,0.018859485378105133
/home/iiitn/Datasets/FaceForensics++/manipulated_sequences/FaceSwap/c23/videos/201_203.mp4,1,77.48672656138221,138.90060721130092,0.5578573637443243,0.951933358732373,0.2102266231793937,43.63843364614818,75.60872384647958,0.577161356866097,0.9841585256624589,0.16191314100883392,3.3953584792127764,3.0735409150125252,1.104705801256249,0.9984032038344184,0.028594964713021007
/home/iiitn/Datasets/FaceForensics++/manipulated_sequences/FaceSwap/c23/videos/203_201.mp4,1,67.11226388765094,31.73671848363738,2.114656684567192,0.9534111318520363,0.10285179942031167,42.175304987761585,28.268276001874927,1.491965940369489,0.978537636239627,0.08747277604381705,1.594510290376644,1.0649383503090515,1.4972794339821713,0.9950704559448806,0.00813285377935689
/home/iiitn/Datasets/FaceForensics++/manipulated_sequences/FaceSwap/c23/videos/205_184.mp4,1,17.24819126960431,28.678570145445036,0.6014313538690773,0.9526117931749605,0.21916120931227354,11.174301407964657,18.976986578257513,0.5888343421588009,0.980305434954316,0.21534321978461454,1.6846478078880402,1.7007218546224532,0.9905486916095512,0.9974877590965749,0.04789176963768445
/home/iiitn/Datasets/FaceForensics++/manipulated_sequences/FaceSwap/c23/videos/199_181.mp4,1,24.103052773966414,96.15030483072293,0.2506809813697518,0.9162504547306703,0.19567564034217472,14.083345243179219,60.763810093345796,0.23177192512359385,0.9473709223189887,0.1633806124542263,0.19437478835646907,0.11030848095264063,1.7621019406469853,0.9773506559433719,0.036342069467829516
/home/iiitn/Datasets/FaceForensics++/manipulated_sequences/FaceSwap/c23/videos/204_230.mp4,1,10.561807661152843,13.429777481075725,0.7864469590829618,0.9080461141194361,0.04038496119273004,6.745339418506262,11.493305123810478,0.5868929212130688,0.9372818107627544,0.020277662678069602,0.18670069746913,0.10302475840313025,1.8121925288927192,0.9724692473047094,0.011948086193383903
/home/iiitn/Datasets/FaceForensics++/manipulated_sequences/FaceSwap/c23/videos/186_170.mp4,1,14.968572012709037,18.12030522494705,0.8260662183604458,0.9646946940792732,0.042744558408277705,8.842012942846614,14.3655849482465,0.6154996802915353,0.9166018503722163,0.036174390896100576,0.5663208130486438,0.45944387162629835,1.2326224116213196,0.9853971480020278,0.0033702672609235078
/home/iiitn/Datasets/FaceForensics++/manipulated_sequences/FaceSwap/c23/videos/208_215.mp4,1,17.23662695555421,29.489631474519868,0.5844978758194145,0.9542156816465135,0.3163406810311378,11.52833427028997,16.067771752509213,0.7174818293326611,0.970274413948356,0.2577811856283812,1.2732088842248925,1.036440194347829,1.2284441409820546,0.9968236146194247,0.03910937570250224
/home/iiitn/Datasets/FaceForensics++/manipulated_sequences/FaceSwap/c23/videos/206_221.mp4,1,42.713737703786116,39.901397115638765,1.0704822585534253,0.7264423645133423,0.20112090873957267,28.230331143872338,46.09498521932051,0.6124382296588678,0.8789224858921632,0.12851934681412228,0.1912002159970881,0.09574511772278932,1.9969709218037601,0.9804345581042287,0.018896970082648262
/home/iiitn/Datasets/FaceForensics++/manipulated_sequences/FaceSwap/c23/videos/210_241.mp4,1,11.631521171918271,175.30504259403975,0.06635018023328518,0.9516372216454889,0.25052374164209285,7.0007851601232955,91.10843744866905,0.07684014078353142,0.9548269767053258,0.22536813979012946,0.997014096481716,1.4119813113365856,0.7061099806894325,0.9954905793012033,0.050033899198313095
/home/iiitn/Datasets/FaceForensics++/manipulated_sequences/FaceSwap/c23/videos/191_188.mp4,1,5.965521032086439,23.747575338841386,0.25120547874751953,0.8717783614070251,0.12472430596049437,4.120487033634117,32.28068795763118,0.12764557679323033,0.8900930721588991,0.0821131969319571,0.40408335016689945,0.28403960983976567,1.4226302817232204,0.9968683050165273,0.01160260108197894
/home/iiitn/Datasets/FaceForensics++/manipulated_sequences/FaceSwap/c23/videos/209_016.mp4,1,41.21070460207219,118.55172300686074,0.3476179304427931,0.9491953980125247,0.3114630952834912,22.996789799752904,60.786915622118926,0.3783180897466841,0.9744057881777444,0.2798159136914274,2.593793357615201,2.954192656073021,0.8780041316137805,0.9961576867566267,0.08123203536766148
/home/iiitn/Datasets/FaceForensics++/manipulated_sequences/FaceSwap/c23/videos/190_176.mp4,1,7.222316536403536,0.35220134750858545,20.506214946345374,0.7698724344740606,-0.029531059389739246,5.518602986029948,7.901207019824933,0.6984506256048235,0.7044010208914108,-0.022654726979833312,0.025130957749171585,0.013673250047768254,1.8379651993033987,0.9739516985903208,0.0010663530109005358
/home/iiitn/Datasets/FaceForensics++/manipulated_sequences/FaceSwap/c23/videos/212_179.mp4,1,14.603199849569874,118.14440708775636,0.12360466491420773,0.941768178094854,0.1281069636504093,9.369664425012703,66.3782488357633,0.14115564344271328,0.9638858586188384,0.11277472190075785,0.9895394097645284,0.8158328316401624,1.2129193278176165,0.9936439644028681,0.03223897153294505
/home/iiitn/Datasets/FaceForensics++/manipulated_sequences/FaceSwap/c23/videos/193_030.mp4,1,3.8961911381238745,1.3885664588140685,2.805909010254713,0.9037352656838172,-0.0159886258935672,2.9900775577419245,4.882416522746657,0.6124175485257091,0.8494729187538171,-0.013805066554099488,0.3045434444907698,0.24684735842346547,1.233731835073264,0.9951808878077663,0.0022383691885668328
/home/iiitn/Datasets/FaceForensics++/manipulated_sequences/FaceSwap/c23/videos/215_208.mp4,1,9.882463802276028,40.957284682184806,0.24128708431139245,0.8787404964262016,0.35381593642223413,7.6272724410626305,33.6038138306985,0.2269763926050202,0.9325160562978274,0.3654687989804641,0.6392323033312216,0.4491434796301775,1.423225165948223,0.9945612897611372,0.06789244771004213
/home/iiitn/Datasets/FaceForensics++/manipulated_sequences/FaceSwap/c23/videos/216_164.mp4,1,19.636100316813273,22.53541762354755,0.8713439726226888,0.9103418103016662,0.08179753777488806,11.852326134270475,13.686478939007069,0.8659879715659243,0.9540529974718285,0.09307430016072772,1.3006509870548963,0.9609241327525208,1.3535418070199199,0.9967257488252942,0.01278789603919806
/home/iiitn/Datasets/FaceForensics++/manipulated_sequences/FaceSwap/c23/videos/214_255.mp4,1,17.06572005814842,19.38188040885269,0.8804986770196784,0.8744083828806984,0.0020527994600036516,13.153852693944179,38.230487300216176,0.3440670946893685,0.9104051810549315,-0.009117378184665393,0.16426517028294704,0.09149188120530251,1.795407069118466,0.9844239723472562,-0.007041294755495965
/home/iiitn/Datasets/FaceForensics++/manipulated_sequences/FaceSwap/c23/videos/218_239.mp4,1,11.80209370182422,23.86410359892078,0.49455424348551486,0.9585274062940529,0.11756401672892983,8.72482029525222,18.23629835808991,0.4784315393360381,0.9820405805793534,0.10797682101089028,0.8194085444937406,0.729470325985074,1.1232924977273262,0.9980441201628402,0.00592218683659077
/home/iiitn/Datasets/FaceForensics++/manipulated_sequences/FaceSwap/c23/videos/220_219.mp4,1,13.16028076406086,40.4478426601646,0.32536421966014695,0.9320577239491898,0.25798379921663506,9.06902364687945,34.20835074955264,0.2651113967252002,0.9562341070840142,0.2932234446954221,0.9204145931835278,0.7110659749131175,1.2944151817923644,0.9952882929512888,0.03171891344926497
/home/iiitn/Datasets/FaceForensics++/manipulated_sequences/FaceSwap/c23/videos/211_177.mp4,1,16.28609830918968,33.26918963673676,0.48952494746689346,0.9470601822910815,0.11661871647401752,11.597821188136797,27.79266642990061,0.417297894658259,0.9699567903545351,0.07538958271566167,0.7657328740341672,0.68870821052545,1.1118393280805399,0.9979065350781441,-0.0025939065201346164
/home/iiitn/Datasets/FaceForensics++/manipulated_sequences/FaceSwap/c23/videos/222_168.mp4,1,33.86820259142977,39.13885181725018,0.8653345976925821,0.961811112949003,0.2112122724360693,19.658878543237616,40.7494965799471,0.48243242722443314,0.9613732388636121,0.1995629854524251,1.304702672837684,0.9206362253288699,1.4171750328112689,0.9973226130988094,0.023690265963205625
/home/iiitn/Datasets/FaceForensics++/manipulated_sequences/FaceSwap/c23/videos/213_083.mp4,1,8.57883717525279,4.185093480967999,2.049855568164879,0.9392566262399761,0.07681647388473875,6.231410398948018,2.7451380412923103,2.269980709609233,0.9523009001700297,0.058935708631775316,0.3328013673560203,0.20547416454731482,1.6196749994785142,0.9892633630928662,0.005300789870574603
/home/iiitn/Datasets/FaceForensics++/manipulated_sequences/FaceSwap/c23/videos/221_206.mp4,1,0.0,0.0,0.0,0.0,0.0,0.0,0.0,0.0,0.0,0.0,0.0,0.0,0.0,0.0,0.0
/home/iiitn/Datasets/FaceForensics++/manipulated_sequences/FaceSwap/c23/videos/224_197.mp4,1,78.67453164002114,59.73876042749466,1.3169762994247087,0.9240821052005064,0.3106004601575879,44.009497520440526,40.649912571920936,1.0826467939525222,0.9618095204914668,0.25810561413630817,3.3845556624388613,2.4497704115764436,1.3815807581171973,0.9980778552330302,0.08993226306200118
/home/iiitn/Datasets/FaceForensics++/manipulated_sequences/FaceSwap/c23/videos/219_220.mp4,1,12.879324695563078,60.05650951378257,0.21445343393803729,0.8711345259679488,0.09607001742488543,8.097648720612634,60.753671235330614,0.1332865743906442,0.9307874586779143,0.0768540234051093,0.4965048541362213,0.33614712916698214,1.477046242717072,0.9952180456334233,0.0003893663033908253
/home/iiitn/Datasets/FaceForensics++/manipulated_sequences/FaceSwap/c23/videos/228_289.mp4,1,19.73101162985408,77.566286971547,0.2543761265392508,0.8460701084538679,0.1648613627059052,10.77864949214968,36.37514032622048,0.2963191178228954,0.9157331166761603,0.057712441040935605,0.935125436275095,0.9288694060490581,1.0067351020340383,0.9904159742739574,0.009416815986260443
/home/iiitn/Datasets/FaceForensics++/manipulated_sequences/FaceSwap/c23/videos/229_247.mp4,1,42.11903009551214,40.71119946087054,1.0345809176169012,0.9043493089547235,0.09879892565956527,25.15124255016642,24.510460421540955,1.026143210596824,0.9463929609202429,0.07396127968999132,0.40878519719682166,0.2321604093736356,1.760787716991525,0.9880333549292271,0.006508754393454126
/home/iiitn/Datasets/FaceForensics++/manipulated_sequences/FaceSwap/c23/videos/225_151.mp4,1,29.46766833803355,49.99950424554074,0.5893592103098033,0.9289933866835703,0.062179688570848324,17.745131239644238,42.76213278046712,0.4149730166814752,0.9509133616183751,0.030283132839616294,0.4292965704508252,0.29185841352764835,1.4709069554034186,0.9949549690772277,0.004383850408264388
/home/iiitn/Datasets/FaceForensics++/manipulated_sequences/FaceSwap/c23/videos/231_663.mp4,1,69.56617700963346,14.527485487070635,4.788590363524844,0.8396886086250488,0.3831537906458021,42.242068784605245,33.73893919701394,1.25202717660856,0.8834864355625944,0.3514446874984984,0.25845536559363197,0.12432963011423115,2.0787913979649844,0.987108701712286,0.09854768060859238
/home/iiitn/Datasets/FaceForensics++/manipulated_sequences/FaceSwap/c23/videos/232_248.mp4,1,33.7068126186569,5.4613011827098425,6.171938058529106,0.9331247275504571,0.16934259611562597,20.641989991600518,5.306462255065565,3.889972075443599,0.9510010529181017,0.1429399445411213,0.6583780574287769,0.3401413097090229,1.9356015827421627,0.9938021814716717,0.011266062971032465
/home/iiitn/Datasets/FaceForensics++/manipulated_sequences/FaceSwap/c23/videos/226_491.mp4,1,6.690713788740378,19.45558746312371,0.3438967752282996,0.8481842211763413,0.017452461521782075,4.387295839345101,14.039286306251338,0.3125013439886577,0.9040016872304801,-0.0118078209795858,0.048776534317918015,0.02764194597451055,1.7645839537815569,0.9815356782658003,0.0024239207331240723
/home/iiitn/Datasets/FaceForensics++/manipulated_sequences/FaceSwap/c23/videos/227_169.mp4,1,36.859173489068276,16.038122794851393,2.298222426685804,0.8752900122442422,0.03891974589872537,22.203563249124855,13.475098377377215,1.647747766086925,0.9233950688853159,0.021967441046893063,0.515008696756306,0.2766019273844382,1.8619128999796,0.9920205167428375,-0.006632480090973826
/home/iiitn/Datasets/FaceForensics++/manipulated_sequences/FaceSwap/c23/videos/207_908.mp4,1,12.348287730392826,89.53237597426342,0.13791980382540514,0.699076553400728,0.04088489018351247,8.616716110496643,56.38726622772695,0.15281315600045176,0.8661641843423674,0.032460978226724675,3.78134863349113e-27,4.475896616847159e-27,0.0,0.0,0.0
/home/iiitn/Datasets/FaceForensics++/manipulated_sequences/FaceSwap/c23/videos/235_194.mp4,1,44.3974525216852,258.63458055123994,0.17166092959053983,0.9554313176959139,0.15051320057787104,25.88701582984397,126.71867099991722,0.204287305300581,0.9792614158925668,0.12575372922119496,2.6785613613637174,3.3114361364545726,0.8088820834792091,0.9956294843545278,0.03524632690960839
/home/iiitn/Datasets/FaceForensics++/manipulated_sequences/FaceSwap/c23/videos/230_204.mp4,1,5.318453196449236,128.4328119134628,0.041410392852200224,0.8077923094945406,0.015091633772411715,3.297176602758191,68.07415928812152,0.048435069007653916,0.8916810713649189,0.0036325324094608675,0.47376724001971954,0.4147320464583116,1.1423453867757531,0.9935504129995655,0.007627207379365564
/home/iiitn/Datasets/FaceForensics++/manipulated_sequences/FaceSwap/c23/videos/233_995.mp4,1,62.95952612105522,49.0246727018527,1.2842416410191742,0.8589720910102084,0.25771487544228466,40.36294686842295,54.37865930540086,0.7422571167438496,0.9475258728101321,0.22507302162985654,0.8645057207863314,0.49792486208522846,1.7362172219437322,0.9928595837720925,0.08764062632287022
/home/iiitn/Datasets/FaceForensics++/manipulated_sequences/FaceSwap/c23/videos/237_236.mp4,1,0.0,0.0,0.0,0.0,0.0,0.0,0.0,0.0,0.0,0.0,0.0,0.0,0.0,0.0,0.0
/home/iiitn/Datasets/FaceForensics++/manipulated_sequences/FaceSwap/c23/videos/238_282.mp4,1,80.16108082876072,28.664298931924577,2.7965477550711038,0.8380284875477373,0.3270674123526654,45.03001802242415,20.686351978802083,2.17679840643569,0.9321684260628268,0.28257533160820186,0.7104690658402307,0.3577198050713825,1.9861049228137022,0.9948882953464673,0.08175419986925489
/home/iiitn/Datasets/FaceForensics++/manipulated_sequences/FaceSwap/c23/videos/239_218.mp4,1,12.07924666177955,10.982314950392885,1.0998816475707995,0.9339441799312656,0.13667749328859158,6.565060961734059,11.078626745347522,0.5925879725563515,0.9380970266851377,0.08755687710377828,0.7581364070798465,0.6026728858977205,1.2579567205027864,0.9965582476334194,0.007433769958315319
/home/iiitn/Datasets/FaceForensics++/manipulated_sequences/FaceSwap/c23/videos/236_237.mp4,1,39.088569786562196,300.2358028327504,0.13019289977330556,0.9614394982785406,0.15531507151148127,23.06618953926714,163.12111932466345,0.1414052921826634,0.976771217440629,0.12635709432360248,1.6581782802106684,1.3183264178594116,1.2577903755452917,0.995837137195613,0.03541600569145212
/home/iiitn/Datasets/FaceForensics++/manipulated_sequences/FaceSwap/c23/videos/240_290.mp4,1,23.467899792577185,196.9280843837514,0.11916989832108238,0.8999211169795992,0.13420214380989884,14.841974903605568,109.31304645844597,0.13577496359730093,0.9611452740132941,0.1296823700027502,2.4026290813384175,3.2533192357214413,0.7385162374960172,0.9977289841201022,0.030714247269795273
/home/iiitn/Datasets/FaceForensics++/manipulated_sequences/FaceSwap/c23/videos/242_182.mp4,1,42.57095235159492,29.943679119707053,1.4217007930591063,0.9496174885033807,0.16072643359270594,21.413911583438807,22.54629938920841,0.9497750035949752,0.9389452915827518,0.09642274057953638,0.3039582104567155,0.16075555909679592,1.8908099487476686,0.9829366909025142,0.01809222070190775
/home/iiitn/Datasets/FaceForensics++/manipulated_sequences/FaceSwap/c23/videos/241_210.mp4,1,5.696799110957207,99.80119959356556,0.057081469302544284,0.8978449287126536,0.06776750163179882,4.6494300893070255,51.43972299363603,0.09038598613531101,0.9399513875192209,0.051333650629267646,0.821519526281086,0.916148331001844,0.8967101707020765,0.9962586750224558,0.006189487721992792
/home/iiitn/Datasets/FaceForensics++/manipulated_sequences/FaceSwap/c23/videos/234_187.mp4,1,10.787612857456784,45.14700573591963,0.2389441488225652,0.8259267211946991,0.05397769919550882,7.511833030131907,21.35046109452819,0.35183469794275685,0.9363189706487131,0.0328273443361178,2.7729171047744595e-27,7.9334224197843e-27,0.0,0.0,0.0
/home/iiitn/Datasets/FaceForensics++/manipulated_sequences/FaceSwap/c23/videos/245_157.mp4,1,53.226410051592076,126.44772768568912,0.4209360739474644,0.9086998559587242,0.23845340236611484,26.888622446141927,83.64954555347329,0.3214437361043794,0.9756916059443012,0.16960267863211154,2.9718262610237542,2.5880194219915165,1.1483013750866264,0.9975301893492808,0.05507721838072568
/home/iiitn/Datasets/FaceForensics++/manipulated_sequences/FaceSwap/c23/videos/247_229.mp4,1,31.83744891338888,26.035357053602496,1.2228543225983357,0.8617048255360924,0.022182958529625933,21.039094628572787,25.598817683404366,0.8218775917222289,0.9067400812866189,0.02530426211488167,0.5261390255063683,0.2997511163592335,1.7552529308208566,0.9935410698438206,0.0002119526043084886
/home/iiitn/Datasets/FaceForensics++/manipulated_sequences/FaceSwap/c23/videos/217_117.mp4,1,10.602731995499575,8.621982966029128,1.2297324220280483,0.9238016534815879,0.015799369938776463,7.393020864133635,15.83756414318618,0.46680289956800874,0.9034186670920018,-0.01018974335447709,0.26640636998779316,0.1941971707499127,1.3718344554611022,0.9929155710457245,-0.014640271195580949
/home/iiitn/Datasets/FaceForensics++/manipulated_sequences/FaceSwap/c23/videos/223_586.mp4,1,7.583306049395156,1.1627417827636224,6.521917558833259,0.8640182971525668,0.016303713115992314,5.294522140069576,2.9902052794821983,1.770621628019601,0.8450647022288899,0.005551907066254126,0.39689448869097405,0.24971064594223288,1.589417572460207,0.9960721065710976,0.007315838076418649
/home/iiitn/Datasets/FaceForensics++/manipulated_sequences/FaceSwap/c23/videos/243_156.mp4,1,16.625998312603205,8.078949211197582,2.0579406898064474,0.8623125715064779,0.07499226857788968,14.020015122265407,5.126309086206424,2.7349141236898205,0.9131486331152922,0.07972033439969205,0.3881462926540675,0.1937115783880719,2.00373305449236,0.9828552772634653,0.0076732718106892394
/home/iiitn/Datasets/FaceForensics++/manipulated_sequences/FaceSwap/c23/videos/249_280.mp4,1,11.813066970263023,19.775356541532876,0.5973630334023469,0.9383716670331038,0.11709580389733729,10.259609835627037,15.471273888018914,0.6631393064259671,0.960163277156037,0.12619298807423593,0.9969450870519632,0.8059779004740549,1.2369384898340097,0.9950954232029791,0.018163044515361538
/home/iiitn/Datasets/FaceForensics++/manipulated_sequences/FaceSwap/c23/videos/254_261.mp4,1,0.0,0.0,0.0,0.0,0.0,0.0,0.0,0.0,0.0,0.0,0.0,0.0,0.0,0.0,0.0
/home/iiitn/Datasets/FaceForensics++/manipulated_sequences/FaceSwap/c23/videos/246_258.mp4,1,18.260981399240652,32.16474817373344,0.5677327644726607,0.8610078958527853,0.10835715234587785,13.602624235195387,27.52578539342556,0.4941775154014071,0.921221358145485,0.09389636916496613,0.595715744627018,0.3634202100387056,1.6391926705550361,0.9960425986194671,0.016397728433987305
/home/iiitn/Datasets/FaceForensics++/manipulated_sequences/FaceSwap/c23/videos/252_266.mp4,1,19.274287197554667,126.13599678829058,0.15280560417582503,0.9144828859101316,0.14056856636963366,12.069453349970686,69.96985104413967,0.17249505565413897,0.9391103316379042,0.10864693080218042,1.2613161904677053,1.3411183208861626,0.940495831593944,0.9956553705434611,-0.01934514957974499
/home/iiitn/Datasets/FaceForensics++/manipulated_sequences/FaceSwap/c23/videos/248_232.mp4,1,25.766148640828845,91.69008493889915,0.28101346681049544,0.8331428456542435,0.09819542267161067,15.36322962652367,74.27582527266996,0.20684024135880752,0.9517586132400094,0.08594290069884107,0.43581760722410995,0.28514204544601046,1.52842281306644,0.994627248673012,0.020092264362078175
/home/iiitn/Datasets/FaceForensics++/manipulated_sequences/FaceSwap/c23/videos/250_461.mp4,1,11.546669978113295,14.242751268671867,0.8107050218247629,0.8829541375659201,0.09247991171342478,7.478256425622855,8.67324410819779,0.8622213709579032,0.9470880367313675,0.07256053743582945,0.4021008740245469,0.2779485566217826,1.4466737259287306,0.9936641301332788,-1.6736867371403854e-05
/home/iiitn/Datasets/FaceForensics++/manipulated_sequences/FaceSwap/c23/videos/260_331.mp4,1,18.93157931167987,51.021500950199844,0.3710510071069502,0.8903186476328727,0.07797976395380392,12.314362371697646,38.84628449920951,0.3170023215977897,0.9332235396124844,0.06853188422607259,0.33417846377940624,0.18757028156738573,1.781617327579426,0.9782376320207317,-0.004136018683453143
/home/iiitn/Datasets/FaceForensics++/manipulated_sequences/FaceSwap/c23/videos/259_345.mp4,1,34.23913895954063,46.69639002959068,0.7332288199975179,0.8644070375484828,0.2974073258137632,18.127456470807438,47.98042200790454,0.3778094421058037,0.9401788942834757,0.20459981289193604,1.6660900715027764,1.249397422813449,1.3335148937245287,0.9949160255202231,0.10692283626571461
/home/iiitn/Datasets/FaceForensics++/manipulated_sequences/FaceSwap/c23/videos/261_254.mp4,1,52.136844817891905,109.12082672282969,0.4777900459856405,0.9279336074439376,0.23390139610133176,30.379068117915207,64.29177662132572,0.472518721901961,0.9693706876436124,0.24576175674889494,1.095507000587006,0.756903114281691,1.447354330978878,0.9742605052423595,0.07413474259128086
/home/iiitn/Datasets/FaceForensics++/manipulated_sequences/FaceSwap/c23/videos/253_183.mp4,1,4.005209560821651,15.864153893712555,0.2524691570477665,0.8687035637437314,-0.00281995672226612,2.75930723143792,14.773713230730618,0.1867714086732318,0.8676496472290708,0.003244042728021748,2.8389023117745365e-27,4.461260913439265e-27,0.0,0.0,0.0
/home/iiitn/Datasets/FaceForensics++/manipulated_sequences/FaceSwap/c23/videos/257_420.mp4,1,26.693233463007534,40.6776208514543,0.6562142255193669,0.8798569465823235,0.38325213642213385,18.226425864350347,30.74362726378148,0.5928521611313762,0.9324484575451368,0.36856365926452755,0.7488030910185791,0.4441363393527728,1.685975734635424,0.9934348791926064,0.0943456554056716
/home/iiitn/Datasets/FaceForensics++/manipulated_sequences/FaceSwap/c23/videos/262_301.mp4,1,39.09359903398919,53.47261394801123,0.7310957169963294,0.8771920493306942,0.15354590656619346,24.562831626379495,37.39421676007613,0.6568617758188737,0.9485247773306459,0.14698396337980893,1.376329794505904,0.921849465929211,1.4930092660178345,0.9963344619958913,0.028370918731851623
/home/iiitn/Datasets/FaceForensics++/manipulated_sequences/FaceSwap/c23/videos/255_214.mp4,1,10.026929827270626,3.839465187817709,2.6115433626238382,0.9508676017333529,0.042218186631894646,7.570068752734257,3.0457852911171712,2.4854242926485512,0.9546100630352984,0.032842776101727235,0.31343791049773584,0.17894023443182624,1.7516346253427502,0.9893779216350443,0.004362726932384498
/home/iiitn/Datasets/FaceForensics++/manipulated_sequences/FaceSwap/c23/videos/256_146.mp4,1,6.27460065401428,3.4252609563590766,1.831860618492538,0.9022226818750325,0.018038025996130583,4.019126843787677,2.482826399704144,1.6187707864982424,0.9231036102865938,0.029924447446610075,0.003452699279599087,0.0018046111949828992,1.9132649122415564,0.9737384271637948,0.019903881763280194
/home/iiitn/Datasets/FaceForensics++/manipulated_sequences/FaceSwap/c23/videos/258_246.mp4,1,17.54755896116036,101.08048319518575,0.17359987216598616,0.9011497229767945,0.08891833016150702,11.173471535736917,75.27223915185313,0.14844080183659367,0.9482940900426954,0.05104522878547622,0.7156329140689097,0.5533790526564312,1.2932056438233395,0.9942624089353468,0.012927707101923374
/home/iiitn/Datasets/FaceForensics++/manipulated_sequences/FaceSwap/c23/videos/264_271.mp4,1,84.7316283736775,156.289143706121,0.5421466031767568,0.8744587987293447,0.21440618916124876,53.05671948321737,98.14527395201249,0.5405937275100899,0.9513202268168267,0.2061813441602317,1.3139756203537891,0.77798015315757,1.688957764566084,0.99159855223559,0.027229703376093047
/home/iiitn/Datasets/FaceForensics++/manipulated_sequences/FaceSwap/c23/videos/244_822.mp4,1,11.154465779941768,29.83590906045706,0.37386042963662564,0.930064716482938,0.03152499940536785,7.844493864373608,39.05257749773181,0.20087006715060535,0.9267226269676473,0.027937275121284858,2.4435978202240832e-27,2.8658728877022563e-27,0.0,0.0,0.0
/home/iiitn/Datasets/FaceForensics++/manipulated_sequences/FaceSwap/c23/videos/266_252.mp4,1,28.000182424399654,32.67350363095273,0.8569690823690582,0.8996161068764206,0.26078403266050254,17.776062875210567,24.517894759525376,0.7250240303892503,0.9518393081852233,0.27412810229373485,1.1850109584164226,0.8402912176516418,1.4102384191615944,0.9948110525113171,0.05169717168916659
/home/iiitn/Datasets/FaceForensics++/manipulated_sequences/FaceSwap/c23/videos/268_269.mp4,1,44.83370513183553,67.9814850397444,0.6594987606643801,0.9280319496188144,0.15523389560224896,24.687032118068643,59.24763941050721,0.416675370760688,0.9635974330744018,0.13785786046103213,1.2966975942292527,0.8292950846254646,1.5636142288421757,0.9960322142679732,0.04445651790006484
/home/iiitn/Datasets/FaceForensics++/manipulated_sequences/FaceSwap/c23/videos/269_268.mp4,1,38.75450200744419,124.34995105052174,0.3116567532197801,0.9044240122152424,0.21001057291683106,23.581027882098102,88.59916886768991,0.26615405294955946,0.95535058028425,0.20467090998346252,1.3934612764991972,1.0484885496045229,1.3290190694259787,0.9883883510075511,0.047602298783515434
/home/iiitn/Datasets/FaceForensics++/manipulated_sequences/FaceSwap/c23/videos/270_297.mp4,1,23.17028490094059,31.87573753215763,0.7268940797860881,0.8267256195859929,0.2437048457694251,14.339220524478213,27.57158157223306,0.5200724697969098,0.9138988736420289,0.17596637675388638,0.5336012645902101,0.30745934524939666,1.735518119175651,0.9922911601746113,0.048015152401086836
/home/iiitn/Datasets/FaceForensics++/manipulated_sequences/FaceSwap/c23/videos/263_284.mp4,1,4.542347191332688,20.210274205575555,0.22475435736936006,0.834550028968656,0.023148336372146784,3.9053999168727977,26.43097853152868,0.14775843097198121,0.8978593119338445,0.0025538223671125594,0.2708746136204382,0.20399652577585728,1.3278393472154704,0.9943163455981402,-0.008729168606124067
/home/iiitn/Datasets/FaceForensics++/manipulated_sequences/FaceSwap/c23/videos/271_264.mp4,1,101.33121866205704,186.85562540014908,0.5422968585776181,0.9562504005818483,0.3668173997271702,57.62493856878418,106.70145394149715,0.540057669695664,0.9840240279940516,0.31848525228307784,2.590371443287497,1.9685385833872846,1.3158855331299721,0.9962322085550693,0.08295295378314138
/home/iiitn/Datasets/FaceForensics++/manipulated_sequences/FaceSwap/c23/videos/251_375.mp4,1,9.073380329225351,3.8759382171064964,2.3409507120572477,0.8582128266099728,0.0862757669934649,6.328719929497642,6.221201462618595,1.0172825888255017,0.8493882638166852,0.08101422585268687,0.29304953418276214,0.17250595386763568,1.6987792456579203,0.9956444648841858,0.01078602003101105
/home/iiitn/Datasets/FaceForensics++/manipulated_sequences/FaceSwap/c23/videos/267_286.mp4,1,6.512196526265643,52.02922879061017,0.12516419477355223,0.8461085644972925,0.11937630415545812,4.89188355990023,29.116513548724175,0.16801062227845553,0.8948963509548508,0.10598715739576874,0.01645188512682566,0.008793507009079824,1.8709128348721507,0.9817963499092782,0.005210226493647063
/home/iiitn/Datasets/FaceForensics++/manipulated_sequences/FaceSwap/c23/videos/275_887.mp4,1,8.974912461315258,1.0140545102563578,8.85052269926432,0.9260133440336177,0.07926216447889164,7.282038098459858,1.1371244050252767,6.403906262391747,0.9268669289006534,0.13159103533502087,0.4683537843208397,0.22902664403242065,2.0449751001658143,0.9887336153031931,0.0006670799813830138
/home/iiitn/Datasets/FaceForensics++/manipulated_sequences/FaceSwap/c23/videos/276_185.mp4,1,12.824910542194472,51.359369682842726,0.24970926671007806,0.8668031347646309,0.14914352241773643,9.544348157999023,24.265435216622524,0.39333101066577486,0.9285267527761857,0.14486723245573827,0.7472781113875971,0.48701708081648,1.5343981573188188,0.9935394217969571,0.023487838890992607
/home/iiitn/Datasets/FaceForensics++/manipulated_sequences/FaceSwap/c23/videos/278_306.mp4,1,57.22057889091938,112.64222745950896,0.507985150697488,0.9475671558150793,0.2322531572408222,29.12807265148754,76.37539253477435,0.38138033317766956,0.9778789551243717,0.15022935979998833,1.2569979121494486,0.824255259809829,1.525010483329474,0.99507734917121,0.046661129656436894
/home/iiitn/Datasets/FaceForensics++/manipulated_sequences/FaceSwap/c23/videos/281_474.mp4,1,0.0,0.0,0.0,0.0,0.0,0.0,0.0,0.0,0.0,0.0,0.0,0.0,0.0,0.0,0.0
/home/iiitn/Datasets/FaceForensics++/manipulated_sequences/FaceSwap/c23/videos/279_298.mp4,1,28.283420929292767,161.09673282628123,0.17556793631433987,0.9114814298912072,0.14138032870964617,17.695061770599835,143.5617373198581,0.12325750649823164,0.9679026639202917,0.10397246518823108,2.4763502852098482,2.6750480180851732,0.9257218070359893,0.9930901604255792,0.031067977198627784
/home/iiitn/Datasets/FaceForensics++/manipulated_sequences/FaceSwap/c23/videos/280_249.mp4,1,13.125136656412904,6.589367342694615,1.9918659825459955,0.8727503874775842,0.05502620440567983,9.114303258584131,14.827309163972041,0.614697053780359,0.8346768835760825,0.02319333880155531,0.05902041576574568,0.03100911614167699,1.903324670593266,0.9688610956809663,0.0013949847268621672
/home/iiitn/Datasets/FaceForensics++/manipulated_sequences/FaceSwap/c23/videos/272_396.mp4,1,10.3969933943045,20.64474006099059,0.5036146429351374,0.9017783851613519,0.10342397414620556,7.423156051728852,28.914334130408594,0.25672927546071606,0.9068558446544617,0.08781222682051831,0.4168236144527769,0.26189823661945755,1.5915479990742682,0.9930030403122448,0.009991674892785789
/home/iiitn/Datasets/FaceForensics++/manipulated_sequences/FaceSwap/c23/videos/273_807.mp4,1,3.7971166661577036,66.03193243269514,0.057504248721298876,0.7752142865175076,0.06219369180744675,2.786277138147495,56.375007719111274,0.049423977944803715,0.8672294286684955,0.034541507355632516,0.28482845648188376,0.19303652330822216,1.475515884769107,0.9916154049754615,-0.004174383067901677
/home/iiitn/Datasets/FaceForensics++/manipulated_sequences/FaceSwap/c23/videos/283_313.mp4,1,14.091204840265592,39.105917252554676,0.36033433889969824,0.7883704100083669,0.16741368426438874,8.848951024877953,29.305535269636863,0.3019549359347909,0.9067122109645845,0.18089973914029994,0.431407044176878,0.2543699768497348,1.6959825586324018,0.9955781825120232,0.0260954338745284
/home/iiitn/Datasets/FaceForensics++/manipulated_sequences/FaceSwap/c23/videos/277_335.mp4,1,5.222694380960277,12.133684753366458,0.43042937797697894,0.9078542421544524,0.05514760142791385,3.276373943980904,12.812190027850201,0.2557231774473343,0.9349298885032997,0.031022599565820402,0.5931679151501282,0.5877293784578521,1.0092534708857779,0.9976092811767193,-0.006693186276796869
/home/iiitn/Datasets/FaceForensics++/manipulated_sequences/FaceSwap/c23/videos/282_238.mp4,1,64.92785242197793,110.97307116145664,0.5850775484758214,0.9248952271232819,0.36181607363505963,36.22809501548662,68.90832199296091,0.5257433930721369,0.9647553935119846,0.34524937074068385,1.5352599691237898,0.9720777701337925,1.5793591997402465,0.9933525405684197,0.08683585828618674
/home/iiitn/Datasets/FaceForensics++/manipulated_sequences/FaceSwap/c23/videos/274_412.mp4,1,9.334654789130383,44.30006013802822,0.21071426901105478,0.8515777434381429,0.05402287892372078,6.347233500262992,42.8058901351117,0.1482794419232658,0.9153568787052405,0.05602130993093756,0.6923555515031535,0.5455993228939328,1.2689816912359895,0.9959765527825003,0.004324061257423276
/home/iiitn/Datasets/FaceForensics++/manipulated_sequences/FaceSwap/c23/videos/290_240.mp4,1,54.35129173662434,210.870679741933,0.2577470315130598,0.9453483793128171,0.24217024209071544,32.27653742273616,105.96174859099949,0.30460555674029116,0.9624397950481612,0.2078095873300893,1.286731358894211,0.923725976501642,1.3929795108364844,0.9889852609070339,0.0546320073450532
/home/iiitn/Datasets/FaceForensics++/manipulated_sequences/FaceSwap/c23/videos/288_321.mp4,1,50.57016039079258,52.93048107315661,0.9554071560562283,0.9239741757574912,0.20691028753052185,34.18459415286217,34.91225139281524,0.9791575389462617,0.9688417356760747,0.20092450242643325,0.443491366111733,0.24898595980283314,1.7811902585307409,0.9912001627643399,0.023567282310617072
/home/iiitn/Datasets/FaceForensics++/manipulated_sequences/FaceSwap/c23/videos/289_228.mp4,1,25.632849712760674,82.07947498340819,0.3122930515569475,0.9469721005556444,0.15502191927144365,14.218827104125003,58.51815229302567,0.24298147748967178,0.9734738571005073,0.18740040275799802,0.44866385821954596,0.31020819858140664,1.446331400237976,0.9900632226557476,0.024538486216349596
/home/iiitn/Datasets/FaceForensics++/manipulated_sequences/FaceSwap/c23/videos/293_296.mp4,1,20.333285314102273,54.92119586421563,0.3702265581465715,0.9303722380959778,0.09677878791064912,13.248641628889558,39.05905754209634,0.33919511792138574,0.9573370748246416,0.09559848287848424,1.9054397185467635,2.061155173164349,0.9244523378710365,0.9974708793939923,0.020921607348237267
/home/iiitn/Datasets/FaceForensics++/manipulated_sequences/FaceSwap/c23/videos/286_267.mp4,1,19.070977813028563,10.064190040995257,1.894934190962735,0.8644267950856398,0.19342067593926546,11.978276859737335,8.07526623799594,1.4833290329644926,0.9320804075264627,0.14195778204829762,0.6154916144414079,0.45960868266764665,1.339164462405258,0.9968845990366221,0.03443180516928819
/home/iiitn/Datasets/FaceForensics++/manipulated_sequences/FaceSwap/c23/videos/285_136.mp4,1,12.325379485991663,9.457164204977312,1.3032849191203433,0.8553845900358498,0.026844117401913458,9.512971613946428,10.023998681001183,0.9490196394355755,0.8813486931551274,0.042878817849493434,0.5249607636324869,0.29706074931804344,1.7671831934633877,0.9974133957289325,0.0024323258671077024
/home/iiitn/Datasets/FaceForensics++/manipulated_sequences/FaceSwap/c23/videos/265_475.mp4,1,2.2316664005119016,2.067226535994076,1.079546126974783,0.821874782409246,0.04244920163916475,1.6146647650775219,9.23043381126629,0.1749283726087422,0.7690367882750707,0.0308947766630686,0.02438683467465733,0.01461752332830825,1.6683287672563423,0.9892329262125,-0.0012219597016559008
/home/iiitn/Datasets/FaceForensics++/manipulated_sequences/FaceSwap/c23/videos/287_426.mp4,1,11.15718875138946,8.802841039890867,1.26745316663446,0.883964807767931,0.03855824071199796,7.70736934576362,3.843177093461351,2.0054681734226283,0.924231282126781,0.02743881455725012,0.5247288503493052,0.40081454589861193,1.309156206326998,0.9975505331181868,-0.0033989828241453137
/home/iiitn/Datasets/FaceForensics++/manipulated_sequences/FaceSwap/c23/videos/296_293.mp4,1,13.655760775784778,36.907313067237446,0.37000148861844323,0.8699505565979685,0.2876948499501619,10.362751219613367,22.32384664497882,0.464200967889385,0.9573809960376608,0.25513565404334043,0.7284292940198233,0.5426624966674193,1.3423247386602701,0.989383194886622,0.041463715323144565
/home/iiitn/Datasets/FaceForensics++/manipulated_sequences/FaceSwap/c23/videos/297_270.mp4,1,38.289430920736116,11.17764772510625,3.4255356638887235,0.9465893204107957,0.4748541074538648,22.375867548061677,15.655407129426456,1.4292740752811983,0.9626294246545029,0.4193562049490714,1.7662898212715756,1.1393710351808508,1.550232335852925,0.9982250591034182,0.1509030115702736
/home/iiitn/Datasets/FaceForensics++/manipulated_sequences/FaceSwap/c23/videos/299_145.mp4,1,8.354484647692901,61.240082225330305,0.1364218391633265,0.9321350488894771,0.015424923808168867,5.751372524021728,33.69889134182487,0.1706694877787715,0.9661435095718721,0.006082069600361571,1.6920739448950097,2.0270094739651747,0.8347637081266452,0.9980795487540549,-0.0014574430714876666
/home/iiitn/Datasets/FaceForensics++/manipulated_sequences/FaceSwap/c23/videos/298_279.mp4,1,79.91962764883897,60.620459308380156,1.3183606419456955,0.9586515951962565,0.12863359888790132,46.69025737422182,53.46822824432229,0.8732336736663757,0.8912273559255018,0.11311166449681545,1.5262222251841273,0.9722768495936478,1.5697403736620847,0.9981144945198716,0.03033022101434198
/home/iiitn/Datasets/FaceForensics++/manipulated_sequences/FaceSwap/c23/videos/294_292.mp4,1,15.078165031605957,20.033981824867187,0.7526294654460642,0.9431217312209497,0.14259323405711086,9.974094985451002,16.626772640431902,0.5998816006659433,0.9614829950351114,0.11315156346389936,0.5970603170620379,0.41295483505479047,1.4458247400900888,0.9920975535815056,0.0009870277128112938
/home/iiitn/Datasets/FaceForensics++/manipulated_sequences/FaceSwap/c23/videos/301_262.mp4,1,57.31178703631667,52.503754693757834,1.0915750191696378,0.9019435519933715,0.31805354044109085,35.6602574619803,32.298911692485554,1.1040699389966373,0.9733820426894448,0.301107098649437,1.3234235552509073,0.9511128175844036,1.3914475031595968,0.9963581499308153,0.0664552814662474
/home/iiitn/Datasets/FaceForensics++/manipulated_sequences/FaceSwap/c23/videos/292_294.mp4,1,14.643737410196017,59.07531903762136,0.24788249388666594,0.8936490320080758,0.017796164773667144,9.370618967894465,52.14733184014984,0.17969508002094436,0.9240820763908291,0.013071114081512817,0.6399762921561478,0.39819107093908346,1.6072090482763572,0.9932868775930578,-0.009752814816101523
/home/iiitn/Datasets/FaceForensics++/manipulated_sequences/FaceSwap/c23/videos/300_304.mp4,1,39.25167378686563,185.23929738919983,0.21189712085981036,0.8910381256267096,0.12628480271927794,22.301673966979653,109.7753603009237,0.20315737434926004,0.9712623086957324,0.12633428973164282,1.0804219393929688,0.7737316090298249,1.3963781843521945,0.9931410405420952,0.009646325437663349
/home/iiitn/Datasets/FaceForensics++/manipulated_sequences/FaceSwap/c23/videos/302_323.mp4,1,47.70696517743753,60.050209834346,0.7944512651836115,0.9672495360331402,0.222971119020566,28.61704950330399,62.30793236296855,0.4592842101804673,0.9227462558781384,0.15831192184905274,1.3238876493631229,1.100898544296344,1.2025519120013968,0.9945392152228637,0.05338322589048699
/home/iiitn/Datasets/FaceForensics++/manipulated_sequences/FaceSwap/c23/videos/303_309.mp4,1,39.18554961074692,14.716977539751712,2.662608508092349,0.8059046145267523,0.17106367939496545,23.712389683911905,23.95498595149353,0.9898728278082543,0.8408553110897568,0.09307250218404674,0.46104909576120534,0.23997803563241318,1.921213725023644,0.995691207268922,0.002163104776999415
/home/iiitn/Datasets/FaceForensics++/manipulated_sequences/FaceSwap/c23/videos/304_300.mp4,1,32.86197361554394,121.34405040157328,0.2708165213439906,0.924787452518499,0.2160451160380814,16.733896689132532,69.12658481116834,0.2420761380711078,0.9558974775265674,0.21388823001147533,1.2414482986005055,0.8998420271292565,1.3796291584213587,0.9920350149639333,0.03205040557743194
/home/iiitn/Datasets/FaceForensics++/manipulated_sequences/FaceSwap/c23/videos/306_278.mp4,1,41.927287846236474,86.79871113668793,0.4830404426191384,0.8506797599558505,0.22614386602323397,25.509016979876936,45.22314059039161,0.5640700014827529,0.9228453372845293,0.17902128147261562,1.196394326814731,0.7396952709748413,1.6174151353408113,0.9950255960600497,0.025812650307188906
/home/iiitn/Datasets/FaceForensics++/manipulated_sequences/FaceSwap/c23/videos/307_365.mp4,1,74.57750486214589,57.49232939832692,1.2971731297482645,0.9255737978078926,0.3077672097119001,40.625059650050346,44.87261263686978,0.9053419728155205,0.9794332587226103,0.25567776969779626,1.2871439008489398,0.8195009383172837,1.5706435962012288,0.9953836531468325,0.09862007282343192
/home/iiitn/Datasets/FaceForensics++/manipulated_sequences/FaceSwap/c23/videos/309_303.mp4,1,45.58598818399391,60.8732701256936,0.7488670822163178,0.871105704491197,0.08586580581765799,27.669865763217672,34.9501969803219,0.7916941291860733,0.9547815659705984,0.06851539806606402,2.0933034225608265,1.50131360671162,1.394314561063536,0.9977886664670147,0.011741653216032006
/home/iiitn/Datasets/FaceForensics++/manipulated_sequences/FaceSwap/c23/videos/284_263.mp4,1,3.5423271095520925,1.8922313903074863,1.8720369652976039,0.9167497845109249,0.02685155011606144,3.271149743530543,3.6518709994157876,0.8957462473493312,0.8875622797294369,-0.005461926520293869,0.250864317581418,0.17166667639473063,1.4613454564972188,0.9962652859225588,0.009322143065536416
/home/iiitn/Datasets/FaceForensics++/manipulated_sequences/FaceSwap/c23/videos/312_021.mp4,1,45.23372175640609,495.212400669971,0.09134206190153873,0.922771649099465,0.22253026413839558,31.094509724449466,229.956760093672,0.13521894164704373,0.969927694525591,0.13133482098406543,1.696103432596888,1.2997987727605786,1.3048969333880946,0.9919878408357764,0.023803730951598934
/home/iiitn/Datasets/FaceForensics++/manipulated_sequences/FaceSwap/c23/videos/313_283.mp4,1,8.92781476858668,33.348018487871116,0.2677164993126588,0.888411179407646,0.15778566968125837,5.775692884239099,45.226597943308,0.1277056676135355,0.9251173631209535,0.08370499085688592,0.7867896526060699,0.5971912143687538,1.3174836361879947,0.9911945877029327,0.004122017312725043
/home/iiitn/Datasets/FaceForensics++/manipulated_sequences/FaceSwap/c23/videos/315_322.mp4,1,12.089930922138365,2.7484168699375657,4.398870875222435,0.953570771663339,0.10584653411028318,8.437359432646291,5.578395909516208,1.512506385259061,0.9044846293786685,0.10342196881934455,0.5626290780881501,0.32880440971356484,1.7111360476530093,0.9943666885933923,0.017008661198732865
/home/iiitn/Datasets/FaceForensics++/manipulated_sequences/FaceSwap/c23/videos/305_513.mp4,1,2.956301594187709,32.20597647202633,0.09179357119494613,0.9421720675115048,0.03634025862444768,2.3592092289454154,23.68605787583149,0.09960328735634301,0.9475082098456868,0.0001748850992188735,0.8442050444014975,1.4015002844790627,0.6023580970697329,0.9969330110336466,-0.020164803273145508
/home/iiitn/Datasets/FaceForensics++/manipulated_sequences/FaceSwap/c23/videos/317_359.mp4,1,20.3401884800436,39.6881225742377,0.512500646559855,0.8504916010450424,0.17455152026222914,13.485556097827532,19.794986895117336,0.6812611783619771,0.9168657857849611,0.1776510388081542,0.8090570773978776,0.4737950550631565,1.707609796159715,0.9917055347029512,0.020504159966633205
/home/iiitn/Datasets/FaceForensics++/manipulated_sequences/FaceSwap/c23/videos/311_387.mp4,1,3.690804445303037,239.00012774688344,0.015442688169655864,0.8795899430374067,0.018331441598331923,2.4984933260471465,111.41415934587121,0.02242527647038909,0.9192342946822158,0.011927536481543863,0.3164707178027866,0.27820552713368296,1.1375428844399504,0.989697122223158,-0.0013290739543141863
/home/iiitn/Datasets/FaceForensics++/manipulated_sequences/FaceSwap/c23/videos/316_369.mp4,1,25.1506576521556,17.932311476989444,1.4025329464318455,0.8819792502253154,0.2576334325371244,18.083790801270027,14.62358020801119,1.2366185670020289,0.9384973758046007,0.2205805084323928,0.43896717851569517,0.23821877089785437,1.8427060842485814,0.9941809063904805,0.02646821864348282
/home/iiitn/Datasets/FaceForensics++/manipulated_sequences/FaceSwap/c23/videos/310_196.mp4,1,14.411365507670048,81.02969673533079,0.17785288713028546,0.9480522231152196,0.014472428388268522,9.939957468106961,58.355409913368895,0.17033480671052184,0.9611094199392548,0.033178262804362486,0.792570044634176,0.6729512665730027,1.1777525119617214,0.992056150267854,0.0007962583451513687
/home/iiitn/Datasets/FaceForensics++/manipulated_sequences/FaceSwap/c23/videos/291_874.mp4,1,5.6512104985953995,1.6252939228766168,3.4770390875474946,0.8623465429669971,-0.012522384071256332,4.3056568287654,11.222678899254452,0.3836567781558318,0.7137073455242865,-0.01929405765093933,0.0389516504544924,0.020388791004890768,1.9104443439117533,0.9784268948887952,-0.008224234979704792
/home/iiitn/Datasets/FaceForensics++/manipulated_sequences/FaceSwap/c23/videos/318_334.mp4,1,50.47393175750401,55.30560089196976,0.9126368928907651,0.8789981059181653,0.08660185909087721,32.912316420078405,39.52257551313073,0.8327472588203121,0.969439107742303,0.06328630363215107,1.9337621903647129,1.2766834589304714,1.5146763098072114,0.9976570010587605,0.011859834689918023
/home/iiitn/Datasets/FaceForensics++/manipulated_sequences/FaceSwap/c23/videos/308_388.mp4,1,5.839948375758148,118.49160285782942,0.049285757259652674,0.8598419606420112,0.09398185029365369,3.8262108407810085,68.54297897867492,0.05582206810666076,0.9024165740008522,0.09660078704802891,0.5123201057803851,0.41019076660704284,1.2489801026437555,0.9885473494737287,0.006826067782792504
/home/iiitn/Datasets/FaceForensics++/manipulated_sequences/FaceSwap/c23/videos/319_352.mp4,1,14.55499755756883,56.60215155717349,0.25714565890427177,0.9225502812565344,0.12972856090588433,8.230898203360661,39.28914881317547,0.20949545744804884,0.9613312530459627,0.10211044785332976,0.8489551477276175,0.6905038541824622,1.2294719900336506,0.994778251630469,0.026992977952405496
/home/iiitn/Datasets/FaceForensics++/manipulated_sequences/FaceSwap/c23/videos/314_347.mp4,1,8.167096508953444,18.095401736630063,0.45133546233577104,0.9022491059856935,0.23527097280484455,5.396799568329661,11.888075681237483,0.453967463956108,0.946962013992918,0.21721070635078552,0.2923169759274273,0.1960175330876698,1.491279740760165,0.9875619787935944,0.012856000433042076
/home/iiitn/Datasets/FaceForensics++/manipulated_sequences/FaceSwap/c23/videos/321_288.mp4,1,39.916189334833014,226.46879186102328,0.17625470161614284,0.8834553932686525,0.1490958498068836,23.40658155561343,130.90067335947376,0.17881177349894364,0.9543439609719098,0.10918804456748933,2.838886422696761,2.6002585280459183,1.0917708343524481,0.9971497286244994,0.007914832723799245
/home/iiitn/Datasets/FaceForensics++/manipulated_sequences/FaceSwap/c23/videos/324_356.mp4,1,11.234464431837695,15.544504283274653,0.7227290254553559,0.8865355390327969,0.09127594694208982,7.152860075479595,30.99401503721266,0.230781977323415,0.8849982513766617,0.0863670982710921,0.8120516800599328,0.5832708692055916,1.3922376770949287,0.9959905615154622,-0.0025162565355388512
/home/iiitn/Datasets/FaceForensics++/manipulated_sequences/FaceSwap/c23/videos/323_302.mp4,1,30.272735806277268,56.61963716958835,0.5346684881714046,0.7738240376442027,0.10593039034391898,25.684945713601707,34.35158879328991,0.7477076495110727,0.8896711669952225,0.11115116753694793,0.5918752937223806,0.29336806064988574,2.017517832074918,0.9919829660817628,0.014505454683188502
/home/iiitn/Datasets/FaceForensics++/manipulated_sequences/FaceSwap/c23/videos/327_329.mp4,1,30.508001445667272,71.04890676440833,0.4293943824755673,0.767661973877294,0.32955449216299515,19.152466839725733,44.301639936260415,0.432319590590362,0.8380969534535647,0.32032061195647904,0.5107142646273337,0.2708382598093279,1.8856799072142918,0.9899256676608889,0.05798263393796225
/home/iiitn/Datasets/FaceForensics++/manipulated_sequences/FaceSwap/c23/videos/295_099.mp4,1,4.8380065588658026,1.839483922086621,2.630089070513758,0.8326691359639593,-0.02443623520281999,3.229331776854275,17.09282915708056,0.18892903843928913,0.6522603603986453,-0.03271748567978052,2.113952866450898e-05,1.1957218877741046e-05,1.7679302253019102,0.9878389296065871,0.0005930947903973744
/home/iiitn/Datasets/FaceForensics++/manipulated_sequences/FaceSwap/c23/videos/329_327.mp4,1,34.669791047922615,35.03456649367196,0.9895881273194794,0.9075106452779625,0.32621799593712003,19.992002691773866,27.431094143772043,0.7288080667505147,0.9730701862747058,0.31662559508788357,1.95139945343428,1.5022371540889754,1.2989956000773373,0.9971205390570193,0.12296184183057068
/home/iiitn/Datasets/FaceForensics++/manipulated_sequences/FaceSwap/c23/videos/326_501.mp4,1,33.83100946476319,106.54843720356644,0.3175176506824521,0.8790313953356627,0.09141034893758522,23.00906726939105,54.30418353292862,0.42370708428824755,0.9567767339531627,0.0706568320120509,0.8094707398052366,0.5235996376763813,1.5459726889756604,0.9872488948939068,0.009304285138169454
/home/iiitn/Datasets/FaceForensics++/manipulated_sequences/FaceSwap/c23/videos/320_328.mp4,1,5.269256389301294,5.309708232449612,0.9923815318323704,0.893475926725495,0.004690119213646813,4.566787707755701,10.961011038203315,0.41663927641699283,0.8760200424455012,0.010781142798038728,0.13123040224435284,0.07402855350201303,1.7726998034722419,0.978013788913375,0.0059160298071845
/home/iiitn/Datasets/FaceForensics++/manipulated_sequences/FaceSwap/c23/videos/322_315.mp4,1,10.586927632349784,49.65927067902072,0.21319136361828175,0.9212803004533384,0.12151359447367298,7.25651566713329,33.350198714811214,0.21758538020076584,0.9356877730094117,0.07673099228382332,0.4074914998024329,0.25479531374290265,1.599289617287098,0.9915211936966722,0.0066231748832723146
/home/iiitn/Datasets/FaceForensics++/manipulated_sequences/FaceSwap/c23/videos/333_377.mp4,1,24.43326305380438,59.007968908982456,0.414067176104498,0.946748520786635,0.29362212633650736,13.678480315361215,45.457677373307085,0.3009058338601626,0.9751959460690004,0.23302605326229386,1.7995739129504271,1.631441595373116,1.10305751554585,0.9966438485991085,0.04369877960132114
/home/iiitn/Datasets/FaceForensics++/manipulated_sequences/FaceSwap/c23/videos/325_492.mp4,1,10.519509421716528,77.76439600780273,0.13527410951228916,0.8580543631221854,0.1555859558086838,6.388046942769942,63.55858926970536,0.1005064306204598,0.8909483906856561,0.12537223295217884,0.5063799961310244,0.40028525384634145,1.265047840921489,0.9955198593552773,0.01705328688267718
/home/iiitn/Datasets/FaceForensics++/manipulated_sequences/FaceSwap/c23/videos/334_318.mp4,1,39.26739813127683,132.26290329705049,0.2968889775773772,0.9110248257994705,0.22417645677996442,23.973372099989504,93.26720245154947,0.2570396824375987,0.9533523077455316,0.20291039110497217,2.0502443110155877,1.6696487081238185,1.2279495088038272,0.9930298863535275,0.03562945182598734
/home/iiitn/Datasets/FaceForensics++/manipulated_sequences/FaceSwap/c23/videos/336_338.mp4,1,46.071630552410156,17.566904162603002,2.6226380087214767,0.922540821622772,0.09323801570720609,27.044069155784655,13.014022379743633,2.0780715113782833,0.9769244767847444,0.06154480878291681,1.2299515234054013,0.750293022983102,1.6392948964328862,0.9953406470936711,0.004072671671562568
/home/iiitn/Datasets/FaceForensics++/manipulated_sequences/FaceSwap/c23/videos/337_522.mp4,1,45.907294742971885,30.913404856627096,1.4850287425757456,0.9372334143008171,0.31990031524979673,26.203546530281546,20.69571363752474,1.2661339922470805,0.976018561311976,0.29513626073278265,1.8054043451521622,1.1231911590369856,1.60738831553847,0.9960059005879759,0.043870909485251984
/home/iiitn/Datasets/FaceForensics++/manipulated_sequences/FaceSwap/c23/videos/328_320.mp4,1,9.21166006933368,1.6051650870690555,5.738761790635301,0.9023395470948371,0.042543792487882245,8.172983192686308,1.6427755953265961,4.975106287150228,0.9346454111887518,0.02523329541641257,0.27926083483810404,0.1672947712342819,1.669274136769184,0.9912018951360356,-0.004497085540156445
/home/iiitn/Datasets/FaceForensics++/manipulated_sequences/FaceSwap/c23/videos/338_336.mp4,1,25.555112123484445,130.54662471148723,0.19575467523547369,0.8711925970744265,0.25426429418778235,16.918929175469174,68.35246008301147,0.24752480239806698,0.9532573318939832,0.2616791531182802,1.0974119595151748,0.8979511659171974,1.2221287762283168,0.9899534833714144,0.08196846383464743
/home/iiitn/Datasets/FaceForensics++/manipulated_sequences/FaceSwap/c23/videos/339_392.mp4,1,17.403499095571032,14.820166774061894,1.1743119602426109,0.9245543904992756,0.09887343324768554,12.286008950373771,13.260036197977486,0.9265441486688942,0.9417561665206451,0.09477921816560855,0.14058591714638777,0.07082061968141708,1.9850986588200767,0.9744485733481558,0.007259330926266833
/home/iiitn/Datasets/FaceForensics++/manipulated_sequences/FaceSwap/c23/videos/331_260.mp4,1,37.276043522803576,48.7367493911082,0.7648446806262468,0.8943077943518265,0.12990279414121317,22.975628784547222,40.0326944510577,0.573921618307163,0.9490638143123045,0.10148231900557345,0.4516193111831754,0.2637765311178288,1.7121284796236758,0.9907771335861318,0.013492271782385068
/home/iiitn/Datasets/FaceForensics++/manipulated_sequences/FaceSwap/c23/videos/330_162.mp4,1,6.351921990165086,8.0386703339149,0.7901707280327848,0.8594328549682264,0.05007917702086726,4.291208535953786,5.510026067858218,0.7788000425235386,0.909983878034898,-0.00560204255072337,0.23944568089353999,0.14936303016146632,1.60311209965874,0.9933681018762943,-0.009131876424557537
/home/iiitn/Datasets/FaceForensics++/manipulated_sequences/FaceSwap/c23/videos/343_363.mp4,1,17.221993478933754,53.482008334521375,0.3220147114000086,0.7923130259541592,0.2567388951013299,9.292360674978587,26.210396201142167,0.3545295768773482,0.8822068930270631,0.2642276976493081,1.0125761610563782,0.6062873945878211,1.6701257029181165,0.9955161972139294,0.042797648099458074
/home/iiitn/Datasets/FaceForensics++/manipulated_sequences/FaceSwap/c23/videos/335_277.mp4,1,6.623159980811121,20.297292372460728,0.32630756158379987,0.9596898433423778,0.018450982943161796,3.847594988016532,19.63200864971429,0.19598580342274488,0.9387712924041739,0.021332637554967476,0.7712702869956014,0.8750173627668792,0.8814342661233364,0.9980314356881301,0.013222262146664998
/home/iiitn/Datasets/FaceForensics++/manipulated_sequences/FaceSwap/c23/videos/346_351.mp4,1,64.52767703844582,181.96550321861287,0.3546148907187229,0.8815264848471172,0.15723947230908833,34.53204526689101,106.05883435816106,0.3255932942867934,0.963704234459466,0.11990915580764196,1.9541092661215433,1.5038768746661269,1.2993811521673753,0.997016935878232,0.015126860188167593
/home/iiitn/Datasets/FaceForensics++/manipulated_sequences/FaceSwap/c23/videos/345_259.mp4,1,30.659879799022278,56.91682788414192,0.5386786463474836,0.8341497581104466,0.3749958148993671,16.852946205272445,36.483106698073456,0.46193835258449606,0.942253073411858,0.3709406102493138,0.7798162932729409,0.4851228622094586,1.607461437132279,0.9910420884483989,0.06853046510555343
/home/iiitn/Datasets/FaceForensics++/manipulated_sequences/FaceSwap/c23/videos/348_202.mp4,1,50.166920717010434,52.821053360584784,0.949752371929128,0.9128060638673267,0.3835908375869456,29.473642073353236,39.72700485788479,0.7419044596689114,0.951197044770819,0.3474549934517989,0.6292659472008748,0.3350716293611107,1.8780042595689515,0.9807947722363418,0.09800022373981446
/home/iiitn/Datasets/FaceForensics++/manipulated_sequences/FaceSwap/c23/videos/341_340.mp4,1,5.4470810438050234,93.89616138196459,0.058011754300014325,0.8344087204825698,0.04469977754480838,3.8232850613409766,61.25550624669532,0.06241536958234248,0.8709477788043314,0.05962848979116075,1.5028813743939438,5.553148437025683,0.27063590887890987,0.9837851711107698,0.006016037652527457
/home/iiitn/Datasets/FaceForensics++/manipulated_sequences/FaceSwap/c23/videos/347_314.mp4,1,6.520688701865517,60.209640474686694,0.10829974486572364,0.8743495050650664,0.08237153964364083,4.2633382130808455,37.488524110496265,0.11372382120231748,0.9217076465028229,0.01859667503809774,1.1138459657972302,1.426394060522055,0.780882363874655,0.9974020911587721,0.013473160649994993
/home/iiitn/Datasets/FaceForensics++/manipulated_sequences/FaceSwap/c23/videos/332_051.mp4,1,18.09930707921465,85.91522567852769,0.21066472137240871,0.9419027275244924,-0.0071393955082136185,11.858014511479327,81.34121111184128,0.14578114032719502,0.9625504740626497,-0.0008879127586313444,0.8557693342720297,0.9383595289039072,0.9119844877279067,0.9967288634087742,0.0007122932645760522
/home/iiitn/Datasets/FaceForensics++/manipulated_sequences/FaceSwap/c23/videos/342_416.mp4,1,9.622941871881565,40.479872574306874,0.23772164436084162,0.7886629241414779,0.04184302804838389,6.612555421289653,28.53897505315383,0.2317026245327231,0.8885263943027049,0.05388570216182968,0.00889433063034731,0.004732158051843251,1.8795506263538315,0.9866171001246672,0.011328926990551658
/home/iiitn/Datasets/FaceForensics++/manipulated_sequences/FaceSwap/c23/videos/351_346.mp4,1,29.483489570968498,33.058860484557194,0.8918483316973717,0.9554601634119643,0.12927207936004562,16.04138687756071,20.537388389251124,0.7810821207411389,0.9714957626376677,0.11145850370583807,0.742471662626537,0.4964382055475364,1.495597345912656,0.9939845020775118,0.02420784256506903
/home/iiitn/Datasets/FaceForensics++/manipulated_sequences/FaceSwap/c23/videos/350_349.mp4,1,38.725702202814176,40.73134593345441,0.9507592080576714,0.9456917069880472,0.10600157935559089,23.086892770321793,41.64620814815867,0.5543576185420989,0.9592442702793695,0.07732270903968086,1.884921566954412,1.8296059151502042,1.030233642855088,0.9975515882600695,0.02284687238174101
/home/iiitn/Datasets/FaceForensics++/manipulated_sequences/FaceSwap/c23/videos/344_020.mp4,1,2.3749818633668927,88.9605583766779,0.026697020642684314,0.865992176661965,0.10690333714366436,1.5981093292297543,74.21756261730879,0.02153276492614227,0.8962807103657306,0.07797664868953025,0.3129905846550068,0.37948527465983073,0.8247766265385935,0.9976485211712182,0.010335022087428852
/home/iiitn/Datasets/FaceForensics++/manipulated_sequences/FaceSwap/c23/videos/352_319.mp4,1,14.87359544640461,51.38588438007238,0.2894490505679151,0.9345434867819402,0.28162133247052906,10.928371257182638,44.92119691955039,0.24327871932607487,0.924000465195444,0.2621066931810028,1.663892594551622,1.4282295424151552,1.1650036252141638,0.997365066291693,0.05455971059873062
/home/iiitn/Datasets/FaceForensics++/manipulated_sequences/FaceSwap/c23/videos/357_432.mp4,1,10.139490332411016,69.13386170988439,0.14666460228940642,0.9286345803280355,0.1896053312386889,6.897139189826221,37.21819045765577,0.1853163494789812,0.9699246924293966,0.18221746363446506,0.9281619770713126,0.8467448833011003,1.0961530389800545,0.9969247989531448,0.01538779613738933
/home/iiitn/Datasets/FaceForensics++/manipulated_sequences/FaceSwap/c23/videos/349_350.mp4,1,42.15945801577708,41.938754062335136,1.0052625300483153,0.8761519403908072,0.14588548865799886,25.35439625705798,43.060994875799054,0.5888019152875529,0.9383759267583175,0.12313665201756575,0.5576336355702081,0.32820066828250777,1.6990630716516688,0.9930439525410396,0.012572993763821348
/home/iiitn/Datasets/FaceForensics++/manipulated_sequences/FaceSwap/c23/videos/358_380.mp4,1,9.689273843191998,45.85799010981095,0.21128867226823916,0.880914536143595,0.1766891139069652,5.650672731440994,27.827823759037233,0.2030583771253729,0.9331356006417391,0.1513970071300533,0.7019072490747207,0.5600256606467918,1.253348370258722,0.9965225855448884,0.032171654054971015
/home/iiitn/Datasets/FaceForensics++/manipulated_sequences/FaceSwap/c23/videos/359_317.mp4,1,30.394702777518262,22.82283868837175,1.33176697222175,0.9270329269967063,0.058173912697171815,18.68907543151504,15.954131328152764,1.1714254475601673,0.9498685394815336,0.07135505603271448,1.1415800348320415,0.6617628563251681,1.7250590962015362,0.9952322997415018,0.0025830060063483113
/home/iiitn/Datasets/FaceForensics++/manipulated_sequences/FaceSwap/c23/videos/353_383.mp4,1,5.130088034692097,42.921950863072645,0.1195213155864661,0.881908476607053,0.15841549385918935,3.499256733760779,48.01663218010742,0.0728759301700978,0.8919106638478804,0.11338201491064337,0.4470359032220177,0.32165283869541295,1.3898086677398653,0.993029855897691,0.0207521405100911
/home/iiitn/Datasets/FaceForensics++/manipulated_sequences/FaceSwap/c23/videos/363_343.mp4,1,10.513634243269063,128.89042133886213,0.08157033031669567,0.9349805186139947,0.03392512822285932,7.670774464126974,83.5464597431766,0.09181447649256569,0.9475550712506068,0.0682550313428493,2.233239768683797,4.628360528055047,0.4825120591075173,0.9939992568460901,0.02395654723108473
/home/iiitn/Datasets/FaceForensics++/manipulated_sequences/FaceSwap/c23/videos/365_307.mp4,1,26.100151584531165,197.24850125233726,0.13232116552886555,0.9061015561032449,0.41795072662522836,14.826332086735588,112.17664113610324,0.1321695135152682,0.9535448588482552,0.371826976135831,1.5639175760138115,1.2643717033389483,1.236912825464081,0.9951519116053648,0.144949773050392
/home/iiitn/Datasets/FaceForensics++/manipulated_sequences/FaceSwap/c23/videos/354_362.mp4,1,8.435741950702635,30.057373394830392,0.28065466133356515,0.8781708868449458,0.0038392155568426596,5.9783290310878385,19.256032545705803,0.3104652537794468,0.9181918787185811,0.01499557351133699,0.2015931245693261,0.12330856497032278,1.6348671693474368,0.9896329882266152,0.003646735991635008
/home/iiitn/Datasets/FaceForensics++/manipulated_sequences/FaceSwap/c23/videos/364_440.mp4,1,15.934591527207905,20.446916207942916,0.7793151478274201,0.8941195098271847,0.12613909791601266,9.49287204415606,16.862195684224826,0.5629677310077106,0.9559522263017041,0.09654538835330687,0.6012631369192786,0.39294514600997693,1.5301452200761183,0.9944516337074015,0.004277007557548433
/home/iiitn/Datasets/FaceForensics++/manipulated_sequences/FaceSwap/c23/videos/356_324.mp4,1,19.76435961933804,67.81878485153038,0.29142898479538365,0.8740969612468467,0.052304472779512286,13.99898734992316,60.353709445564924,0.23194907949360305,0.9490816787222704,0.07242167719695466,0.4502308111573042,0.2882546421098586,1.561920418217285,0.9946136282271233,0.013122943669606603
/home/iiitn/Datasets/FaceForensics++/manipulated_sequences/FaceSwap/c23/videos/366_473.mp4,1,84.52090054810984,180.50969895300477,0.46823467679769737,0.9250241381285557,0.3206182507290024,48.60604625583134,104.81193576877807,0.4637453349116596,0.9770233211607193,0.3120756801243639,2.9480338932192383,2.398935406948674,1.2288925682117426,0.9957246845635955,0.08371043509209439
/home/iiitn/Datasets/FaceForensics++/manipulated_sequences/FaceSwap/c23/videos/367_371.mp4,1,41.350385380009236,15.15792857899209,2.7279707226829264,0.9399828877929347,0.08820579896505158,23.620195367842282,28.9140000916326,0.8169120596592137,0.9346456176891671,0.06498409490194662,1.3822737904331148,0.8745891248138555,1.5804836250705874,0.9981957045753752,0.005060214580299693
/home/iiitn/Datasets/FaceForensics++/manipulated_sequences/FaceSwap/c23/videos/360_437.mp4,1,9.333987263591288,0.568319728265163,16.42383116293351,0.8780360194169919,0.0043226765087225625,9.046751799861465,0.5543466800628275,16.319664436045944,0.8785515047209177,-0.004478185942383216,0.2626036088585766,0.14892774289533126,1.7632954327598889,0.9918766938764586,-0.007207095594969352
/home/iiitn/Datasets/FaceForensics++/manipulated_sequences/FaceSwap/c23/videos/340_341.mp4,1,7.081595128898901,5.933365085190526,1.1935208818642085,0.920976841275026,0.1467302542087346,5.443731771186226,10.59346320309757,0.5138764978760163,0.8748060098669367,0.13247197817689096,0.27487303998265694,0.17744223520994784,1.5490846339792212,0.9918609601041419,0.003410546268370806
/home/iiitn/Datasets/FaceForensics++/manipulated_sequences/FaceSwap/c23/videos/362_354.mp4,1,9.38929308267867,3.784645420858663,2.4808910845202563,0.899352242616199,0.08363531509100561,6.439664669750944,4.09453669078687,1.5727456257116597,0.8704271183924793,0.0565315136108615,0.07890890185763706,0.04335393696473261,1.820109253787668,0.988482447003246,0.0022870252465640954
/home/iiitn/Datasets/FaceForensics++/manipulated_sequences/FaceSwap/c23/videos/361_448.mp4,1,7.228617562866227,14.057077619300841,0.5142333106947558,0.9501878857732965,0.024501426094721574,5.622454281790174,13.583293133894353,0.41392423960581987,0.9438208124140944,0.019433586682103803,0.7045102418634496,0.6857516750777083,1.0273547516797763,0.9925001405882058,0.0033098460437394708
/home/iiitn/Datasets/FaceForensics++/manipulated_sequences/FaceSwap/c23/videos/369_316.mp4,1,24.05776619623276,67.22700317695899,0.3578586737371953,0.9489604810146831,0.17956666910132532,14.090426161836879,54.305022650649455,0.2594681941757438,0.9742285971994349,0.13786107435556563,2.1366842682497658,2.596936820270398,0.8227709860216352,0.9975273466456445,0.023594156954294333
/home/iiitn/Datasets/FaceForensics++/manipulated_sequences/FaceSwap/c23/videos/368_378.mp4,1,7.306593338646423,6.428508634750312,1.1365922881629942,0.8926744107985534,0.09035983105526131,5.063062429016426,37.8873266699588,0.1336347236404772,0.7698325312778272,0.06654479300869454,0.37901655650652993,0.28575032085759683,1.3263906594016115,0.9974562115057829,0.01021345235478939
/home/iiitn/Datasets/FaceForensics++/manipulated_sequences/FaceSwap/c23/videos/371_367.mp4,1,47.807600305027165,75.57604603266986,0.6325760980451529,0.9132023509259658,0.01896600386883296,27.2989847856457,47.68241236781199,0.5725168553777678,0.9493662806604456,0.017337450521572945,0.9647855086031027,0.629125457836167,1.5335343635932568,0.9932538413286426,0.014438062603135269
/home/iiitn/Datasets/FaceForensics++/manipulated_sequences/FaceSwap/c23/videos/372_413.mp4,1,13.96157971199006,4.507424780026448,3.097462607442145,0.8377591894528283,0.14758655795129635,9.880000416634694,4.3368598065747515,2.2781461373633634,0.8457758123473725,0.12484810911113485,0.30348162777672955,0.1430288848596387,2.121820554460388,0.9926239496414322,0.018359197510659914
/home/iiitn/Datasets/FaceForensics++/manipulated_sequences/FaceSwap/c23/videos/377_333.mp4,1,20.462613065412782,45.11818038885107,0.45353365071586965,0.9361775834543001,0.25158818521609067,14.114175614320795,27.692398666324227,0.5096768894738092,0.9766357423861042,0.22678539550991278,0.996032966607841,0.8227149403951525,1.2106659520847445,0.9979892572196937,0.04810647527361378
/home/iiitn/Datasets/FaceForensics++/manipulated_sequences/FaceSwap/c23/videos/379_158.mp4,1,50.67077298998273,326.3787537851908,0.15525144453285145,0.9008450109825287,0.33956021504062234,32.76152805719994,232.47351216267893,0.140925853239892,0.9416632393288721,0.35318323149028563,2.0657342775337035,1.4654915414658385,1.40958457901946,0.9866537237445855,0.08750899121768727
/home/iiitn/Datasets/FaceForensics++/manipulated_sequences/FaceSwap/c23/videos/355_748.mp4,1,3.4772720684405036,3.287254547679639,1.0578043221188915,0.827558677066231,-0.00017310152240310756,3.42141128729187,9.978192504348948,0.3428888835127869,0.8541993994871896,0.02288373695028516,0.12029915320633683,0.07148211553389873,1.6829265937056348,0.9922799939260454,0.002189751427110843
/home/iiitn/Datasets/FaceForensics++/manipulated_sequences/FaceSwap/c23/videos/380_358.mp4,1,9.053008989695568,10.028400593813021,0.9027370720791492,0.9244145328896437,0.25972102040105854,5.152268983165912,7.346303666046662,0.7013416838428287,0.9476513435939831,0.21347299746419243,0.7646612850401592,0.5812155422147963,1.3156242899601744,0.9975620517311355,0.04025305828135265
/home/iiitn/Datasets/FaceForensics++/manipulated_sequences/FaceSwap/c23/videos/382_409.mp4,1,41.47827159138006,170.1749227292324,0.24373903584711298,0.8996742471432145,0.4949759763209853,22.427031949040643,97.83226635370185,0.22923962394940503,0.9708588834671766,0.4377898472258708,2.404592869723006,2.273341112397005,1.0577351795602772,0.9920579869507481,0.23280755662177857
/home/iiitn/Datasets/FaceForensics++/manipulated_sequences/FaceSwap/c23/videos/381_376.mp4,1,31.883476726780206,25.960078063149208,1.2281733764136622,0.8263414505750735,0.11739492825835836,20.307420362630378,20.661097404219408,0.9828819817907251,0.8973588871387016,0.09136281262115499,0.4833977721162029,0.2498332917263585,1.9348813313706275,0.992868077562854,0.016845578119391694
/home/iiitn/Datasets/FaceForensics++/manipulated_sequences/FaceSwap/c23/videos/374_407.mp4,1,26.17347196991674,99.38745883618385,0.26334783358388675,0.793866988420927,0.03517932765893781,14.74454663949303,61.96168006395694,0.23796234421458048,0.9193676326674481,0.03549941158398939,0.43226240775307995,0.24293784279622893,1.7793127772014194,0.9918152896736663,0.008989017936976209
/home/iiitn/Datasets/FaceForensics++/manipulated_sequences/FaceSwap/c23/videos/373_394.mp4,1,2.532251560810422,6.1201926032881815,0.4137535736130143,0.9305676930361537,0.027688190134973922,1.7756798171849228,3.9262864930092753,0.45225426630137866,0.9458159566199132,0.002031847813526295,0.3878041888487354,0.3586996133791989,1.081139132533072,0.9951021213899457,-0.0069258585557719875
/home/iiitn/Datasets/FaceForensics++/manipulated_sequences/FaceSwap/c23/videos/376_381.mp4,1,72.5748781893406,42.97881449523498,1.688619824480894,0.8501215850810657,0.0800898422716819,43.055661776520274,44.5085772906833,0.9673565051366593,0.9476106713308894,0.07765179953927481,0.37177340051620644,0.20717755288794215,1.7944675730255903,0.9936559902309955,-0.010772586508122694
/home/iiitn/Datasets/FaceForensics++/manipulated_sequences/FaceSwap/c23/videos/375_251.mp4,1,12.3754842670913,27.783591633636433,0.4454242068584401,0.8983257984056139,0.05474122901348216,9.305632573568241,19.34612579520513,0.48100755014601476,0.9399138233121112,0.04779589096272185,0.08138601229983461,0.04693831244492952,1.7338930195950468,0.987754031578465,0.0026083621415780374
/home/iiitn/Datasets/FaceForensics++/manipulated_sequences/FaceSwap/c23/videos/378_368.mp4,1,4.9804361993190005,9.04535007045694,0.5506073463740918,0.8996710110797563,0.03228880264387922,4.131258143909424,7.09708690689892,0.5821061793527594,0.9406270417072845,0.049326175557635965,0.481752111553103,0.5037380156673312,0.9563544869943909,0.9962432662689338,-0.010542785915156803
/home/iiitn/Datasets/FaceForensics++/manipulated_sequences/FaceSwap/c23/videos/391_406.mp4,1,30.720917570540013,64.9759052424281,0.47280476441103597,0.9103753032215042,0.18646442635355243,18.852293166396333,48.25168301234061,0.39070747359371416,0.9799601518330506,0.12241515295802523,1.0552086209293077,0.7624265900928622,1.3840134048850332,0.997415504528583,0.0047476887021520855
/home/iiitn/Datasets/FaceForensics++/manipulated_sequences/FaceSwap/c23/videos/388_308.mp4,1,10.17520591643337,141.45810347457027,0.07193088035612293,0.9085542102797208,0.2545395711546885,7.012264273146431,72.66313556812888,0.09650373904621469,0.9419795660870628,0.2567813039398118,1.25117330251613,1.251311443593513,0.9998896029616845,0.9944018580739007,0.05064382080113298
/home/iiitn/Datasets/FaceForensics++/manipulated_sequences/FaceSwap/c23/videos/385_414.mp4,1,8.238753457791617,4.327063871291192,1.9040055110934104,0.9076919576500798,0.08163833092580408,6.37302852070055,3.967990390680093,1.6061098675211876,0.9462673291148279,0.0215997340099748,0.6578998329407386,0.6162019913345427,1.067669112064842,0.9971192538170266,-0.006344614346088452
/home/iiitn/Datasets/FaceForensics++/manipulated_sequences/FaceSwap/c23/videos/370_483.mp4,1,9.970383151107228,7.706566375095062,1.2937516743290545,0.9249237849108142,0.10458055721081189,7.401497206934599,9.661749220930606,0.7660618214867823,0.8992855667348489,0.0671383519236556,0.5095943642891195,0.3276972876588662,1.5550765400890614,0.9952181166520755,-0.000917537272285322
/home/iiitn/Datasets/FaceForensics++/manipulated_sequences/FaceSwap/c23/videos/387_311.mp4,1,5.491718146390153,0.23616689973399116,23.253547184536878,0.8259895471751202,0.03257677591743509,3.278214204421783,0.6075269802934528,5.395997726452103,0.8235026122400559,0.026707205216674443,1.6067622671531988e-27,2.5839311974088095e-27,0.0,0.0,0.0
/home/iiitn/Datasets/FaceForensics++/manipulated_sequences/FaceSwap/c23/videos/393_405.mp4,1,34.933780031702675,129.63394225169282,0.26948019496218395,0.9484874410653288,0.3078016513560061,19.993060162855254,79.11528458278387,0.2527079346081997,0.961547548274346,0.23390358279338389,1.0858411718578935,0.9396783919974488,1.1555455367551344,0.9918999944564967,0.050589791444735174
/home/iiitn/Datasets/FaceForensics++/manipulated_sequences/FaceSwap/c23/videos/390_709.mp4,1,16.977515162124988,32.778043832706054,0.5179538854965091,0.9442896575672836,0.013535722160926212,12.464550263414685,19.030180179022874,0.654988557447,0.9586027479856037,0.02844041501227448,0.2488421689884521,0.1749975239823859,1.4219753704258062,0.977055549086666,-0.00503232992751994
/home/iiitn/Datasets/FaceForensics++/manipulated_sequences/FaceSwap/c23/videos/392_339.mp4,1,14.014005566066102,14.443870563978312,0.9702389331164284,0.9259925979577524,0.0075477414715305535,9.857100580127256,10.24111954709283,0.962502247415461,0.9523266362942104,-0.00029626197294216463,0.8311237776915121,0.5462836157088199,1.5214144334405917,0.9936490980777364,0.00311808638865281
/home/iiitn/Datasets/FaceForensics++/manipulated_sequences/FaceSwap/c23/videos/394_373.mp4,1,6.296088320297431,6.236626830618884,1.0095342388270883,0.8795085451234446,0.011824938791792255,3.594870838725272,5.933645154422844,0.6058452679877079,0.9371259854011361,-0.011601372515261719,0.4641327091229616,0.3916350239736739,1.185115428170084,0.9971367181462427,0.007442770247354409
/home/iiitn/Datasets/FaceForensics++/manipulated_sequences/FaceSwap/c23/videos/398_457.mp4,1,30.219015460455434,36.59519984909911,0.8257644605047664,0.9100784485846591,0.09054360042783662,17.893953623225798,22.62090220421703,0.7910362487615537,0.9463232863653878,0.09986685364008947,1.5422618895019358,1.1584527351092297,1.3313118807186526,0.9979920720601374,0.015817817330527638
/home/iiitn/Datasets/FaceForensics++/manipulated_sequences/FaceSwap/c23/videos/396_272.mp4,1,11.985525207392088,23.915408114460362,0.5011633148817178,0.8102877048914422,0.11821499125834864,8.232717231822903,17.839307637317336,0.4614930915032381,0.8713396799747128,0.10285138768716981,0.027731943301420345,0.014606089179652532,1.8986563042524205,0.9699292142852464,0.008834919074789505
/home/iiitn/Datasets/FaceForensics++/manipulated_sequences/FaceSwap/c23/videos/395_401.mp4,1,5.142237010503449,15.663608543863113,0.32829197666064885,0.9356989868371771,0.2145110047918708,3.4504748484131746,15.325882300759758,0.22514037239096651,0.9482640746759193,0.14257491744716613,0.5587534714067472,0.5556849452519322,1.005522060982638,0.9974317057214362,0.008095568023488266
/home/iiitn/Datasets/FaceForensics++/manipulated_sequences/FaceSwap/c23/videos/383_353.mp4,1,6.720179585748732,3.523986343861869,1.9069823007271407,0.9312898200899883,0.12087456484695404,4.59124352078515,20.614278697413578,0.22272152172664675,0.8015918744324614,0.09325312335436534,0.6980899024613123,0.5944409811568672,1.1743636872120249,0.9975920797893201,0.02110292081457684
/home/iiitn/Datasets/FaceForensics++/manipulated_sequences/FaceSwap/c23/videos/400_476.mp4,1,16.47613617215934,13.448553228692239,1.2251233193625475,0.8743777965598163,0.04343330488242803,10.46154903242845,9.488064482663196,1.1026009626667301,0.9203544711495293,0.02509241032125135,0.3882236651663787,0.23646544819533158,1.6417775540961388,0.9907342319050084,-0.010951869229031993
/home/iiitn/Datasets/FaceForensics++/manipulated_sequences/FaceSwap/c23/videos/403_497.mp4,1,21.12132078882799,20.623083246040697,1.024159216972707,0.9289318246911726,0.08246878512708214,12.508439304515386,13.352237244761005,0.9368047522839891,0.9622431108911135,0.03538291595381688,1.5807359086191475,1.6569812129525143,0.9539854141149204,0.9966417042043617,0.0018485050594378258
/home/iiitn/Datasets/FaceForensics++/manipulated_sequences/FaceSwap/c23/videos/389_480.mp4,1,17.207978220534844,6.543626859028348,2.629730972020924,0.9170048013201683,0.07107394608688881,10.578064191185398,14.407259070958057,0.73421767034845,0.8603975157987058,0.06802965314149903,0.5435914925311445,0.3544608966629408,1.533572525626287,0.9974092386576654,0.004842538965459631
/home/iiitn/Datasets/FaceForensics++/manipulated_sequences/FaceSwap/c23/videos/405_393.mp4,1,48.92497281479208,138.97129315905883,0.35205092866765847,0.9789462157562007,0.1472171164786895,26.36931557540758,104.09961561167925,0.25330848169288656,0.9583946627234182,0.1279346903057565,1.6400073684091057,1.430057255874732,1.1468123822818215,0.9961913769431779,0.03647409952339299
/home/iiitn/Datasets/FaceForensics++/manipulated_sequences/FaceSwap/c23/videos/399_488.mp4,1,7.295884142472016,3.4013474212748065,2.1449982136013492,0.8826568955728699,0.020078619406816052,5.4812542819748655,5.55569735224736,0.9866005893495295,0.9048317823652049,0.007314104446512245,0.024113432302301147,0.012825923422278276,1.8800542860264375,0.9804572392708981,-0.008320125109340498
/home/iiitn/Datasets/FaceForensics++/manipulated_sequences/FaceSwap/c23/videos/384_932.mp4,1,14.657128953457699,35.41178680126484,0.4139053766395706,0.9161954869936055,0.12069573877084147,10.080272496606556,30.14416706777405,0.33440209092335416,0.9511111725040323,0.13605835899016488,0.43646399461640545,0.30808592819132247,1.416695651043691,0.9961048796424041,0.012955577476334123
/home/iiitn/Datasets/FaceForensics++/manipulated_sequences/FaceSwap/c23/videos/386_154.mp4,1,5.058170610814017,0.4082031032982682,12.391308566603628,0.8769141112916693,0.03619484543383983,3.7454085551398033,5.469039059904249,0.6848385089437224,0.7839131597799046,-0.018227345100259328,0.02346691041250106,0.01287555055553109,1.8225947163416734,0.9863669605352954,-0.00637221297286005
/home/iiitn/Datasets/FaceForensics++/manipulated_sequences/FaceSwap/c23/videos/401_395.mp4,1,8.567474365783683,35.60504363385312,0.24062530168163496,0.8117335530197888,0.10382695874063864,5.436962247690328,29.227449376285904,0.18602246736253636,0.9068016645530094,0.09379241110561,0.30008725204104797,0.1880149179370121,1.596082137171593,0.9940427762220638,0.0025030558609574704
/home/iiitn/Datasets/FaceForensics++/manipulated_sequences/FaceSwap/c23/videos/406_391.mp4,1,22.05724107996272,183.26025876988683,0.12036019826676762,0.9400467847598581,0.24965137836716167,14.722514473697876,92.92147317587585,0.15844039026191545,0.9642638538494187,0.16898506317057188,2.2248629853257555,2.4759389803636935,0.8985936256793141,0.9972115553887265,0.013734900589395544
/home/iiitn/Datasets/FaceForensics++/manipulated_sequences/FaceSwap/c23/videos/407_374.mp4,1,28.123409365658247,105.34460261493719,0.2669658308784633,0.8676933105470112,0.08290502196207639,16.094323390342016,54.562262369114535,0.2949717018965173,0.9402065725132749,0.03947308100878987,1.0231669533782073,0.6695867091748533,1.5280574410431158,0.9941283591114228,0.009327138517498506
/home/iiitn/Datasets/FaceForensics++/manipulated_sequences/FaceSwap/c23/videos/408_424.mp4,1,22.7329073516165,67.99173114115787,0.3343481180736615,0.9545450322217811,0.16552155152007617,13.31938744841195,53.517039778290474,0.24888124424652958,0.9635163341563165,0.1613471741671459,1.4971470809269913,1.5381301573417103,0.9733552611142164,0.9970620621936868,0.06221896622704586
/home/iiitn/Datasets/FaceForensics++/manipulated_sequences/FaceSwap/c23/videos/409_382.mp4,1,36.97717192952941,65.29212993686261,0.5663342881490661,0.8530558401201817,0.43599053814698957,21.412043788802034,42.829850582933084,0.4999327220939301,0.9240680594491578,0.4201175104302299,1.3845116348920163,0.847293809435936,1.6340395969772508,0.9956828293395024,0.1306338350359055
/home/iiitn/Datasets/FaceForensics++/manipulated_sequences/FaceSwap/c23/videos/413_372.mp4,1,25.663028056587695,13.612755013885618,1.8852192690172018,0.8304223667667335,0.14642701865620864,19.71015570904628,7.848970008181567,2.5111773504677575,0.8710796278164862,0.12731017984133697,0.7216659358714934,0.4031420602567237,1.7901033085258617,0.9964626258978441,0.016632253305301388
/home/iiitn/Datasets/FaceForensics++/manipulated_sequences/FaceSwap/c23/videos/415_484.mp4,1,48.76267293827785,84.7350368186397,0.5754723756436867,0.8103595778186475,0.10169685058036826,27.83125442952547,46.223261609195106,0.6021049458783552,0.8773085909189658,0.07098148331731345,0.0629934533653796,0.03164156183429436,1.9908452590069319,0.9673073441419198,0.008278903162306265
/home/iiitn/Datasets/FaceForensics++/manipulated_sequences/FaceSwap/c23/videos/404_429.mp4,1,8.23703827950485,86.3852797316499,0.09535233670704846,0.9150985721163035,0.0582033932857217,5.220762293130407,71.22689725143556,0.07329762343431552,0.9491789885258249,0.04992399300658573,1.0316198651275599,1.1312870725046933,0.9118992784417945,0.9947666749161984,-0.005760309975337511
/home/iiitn/Datasets/FaceForensics++/manipulated_sequences/FaceSwap/c23/videos/397_602.mp4,1,3.163735994640994,20.89775231399508,0.1513912093082978,0.813103820549069,0.003623838957078245,2.665738795789689,19.399490997390846,0.13741282161208354,0.8360338583538898,0.02055136583854732,0.2517523212940349,0.17951899781498593,1.4023714724248482,0.9881117546673291,-0.0016946862572373678
/home/iiitn/Datasets/FaceForensics++/manipulated_sequences/FaceSwap/c23/videos/417_496.mp4,1,22.73846202073914,36.04766742353155,0.6307887207674275,0.9334925401663504,0.08863555817282927,13.447873888241986,57.27289718515166,0.2348034506577821,0.9640716171896431,0.07334364624793324,1.5139116415188927,1.3093493677191894,1.156232002583114,0.9927959896663081,0.005619779796912259
/home/iiitn/Datasets/FaceForensics++/manipulated_sequences/FaceSwap/c23/videos/418_507.mp4,1,4.936360939891949,0.4062646696027284,12.150603557821158,0.7821196285838984,0.02285198109769951,3.371706652937872,0.394580935491286,8.54503182912225,0.7802355289468373,0.012993878743947567,0.2153663205125099,0.132941389925057,1.620009544310604,0.987940805857932,0.005340805635336564
/home/iiitn/Datasets/FaceForensics++/manipulated_sequences/FaceSwap/c23/videos/412_274.mp4,1,9.298815748717063,12.181463240054626,0.7633578631293694,0.7983070335785415,0.09075477161952157,6.793469455587135,12.13563910011896,0.5597949477189498,0.8779324031816914,0.09495323311886893,0.41552174367972167,0.2591894587931198,1.6031583445350817,0.9962923244896826,0.004123488565843126
/home/iiitn/Datasets/FaceForensics++/manipulated_sequences/FaceSwap/c23/videos/420_257.mp4,1,72.5169411000949,67.06549861379646,1.0812853493819694,0.9131063474252904,0.32450990307262745,35.058213677456536,71.40749961558278,0.4909598272757056,0.9440757546999546,0.2584970368530772,1.8898934427471419,1.3115639440509115,1.4409464756327437,0.9971568232036443,0.05777722579620655
/home/iiitn/Datasets/FaceForensics++/manipulated_sequences/FaceSwap/c23/videos/416_342.mp4,1,14.093050984814747,24.72441882577507,0.5700053491296959,0.8394534277888005,0.0572961659741797,9.623782938567663,17.22275078638975,0.5587831501442175,0.9184694411703735,0.041958082653357105,1.0374731720528254,0.6218505494132601,1.6683641640772389,0.9915507920266103,0.008853448696190867
/home/iiitn/Datasets/FaceForensics++/manipulated_sequences/FaceSwap/c23/videos/421_423.mp4,1,12.226743498463925,128.51933509597742,0.09513544004357843,0.8697947073002595,0.1388355912840181,8.967130622402939,63.95197825645204,0.14021662608221594,0.9172592642143028,0.1703706725640033,1.050080194824354,0.8099395072758023,1.296492127364246,0.9948110802777244,0.02575983548320271
/home/iiitn/Datasets/FaceForensics++/manipulated_sequences/FaceSwap/c23/videos/419_824.mp4,1,5.221763640814459,9.469097728544654,0.5514531363504065,0.9461995313289421,0.021866858510028408,4.795672304363712,7.155416740677766,0.6702156531430009,0.9402627234574928,0.0007990097797782429,0.6258229233746081,0.6189267109535662,1.0111422116689988,0.992347903275351,0.0002919471159905155
/home/iiitn/Datasets/FaceForensics++/manipulated_sequences/FaceSwap/c23/videos/402_453.mp4,1,5.049026506114704,2.0958336897157372,2.4090778437670384,0.9014381357386759,0.04830213287011552,3.9136020078111238,7.626942153737509,0.5131285814057606,0.7138632088150042,0.0006610821620248145,0.37324191154530667,0.2635386002450307,1.4162703725309196,0.9956601945113451,0.004049060848286459
/home/iiitn/Datasets/FaceForensics++/manipulated_sequences/FaceSwap/c23/videos/424_408.mp4,1,32.74929960778612,8.366437657440507,3.9143660598081733,0.8595227086339591,0.2822740989238264,19.37504065438432,17.11034825518246,1.1323580540516422,0.8866055753883931,0.24776201425083322,0.3475382204336716,0.18792624150911239,1.8493331087921523,0.9954980945827501,0.04461162346619175
/home/iiitn/Datasets/FaceForensics++/manipulated_sequences/FaceSwap/c23/videos/427_637.mp4,1,0.0,0.0,0.0,0.0,0.0,0.0,0.0,0.0,0.0,0.0,0.0,0.0,0.0,0.0,0.0
/home/iiitn/Datasets/FaceForensics++/manipulated_sequences/FaceSwap/c23/videos/425_485.mp4,1,41.884488962543266,91.15281845351888,0.4594974645123148,0.8651757267819272,0.14642845665510545,23.816430154768643,59.58811784681145,0.39968421583638014,0.9284786893613232,0.12540012398873415,1.3004061637921318,0.7995488148531352,1.6264249782309994,0.994018489235495,0.032660097627766886
/home/iiitn/Datasets/FaceForensics++/manipulated_sequences/FaceSwap/c23/videos/423_421.mp4,1,15.334439861889749,120.35875023152927,0.12740610742793113,0.9740362991959625,0.098991052932453,10.728947463790965,63.654125394682865,0.16855070110958073,0.9828797168613495,0.07896144846097834,2.276611073201288,2.560165880029573,0.8892435802538665,0.9967842449196672,0.006532891495137494
/home/iiitn/Datasets/FaceForensics++/manipulated_sequences/FaceSwap/c23/videos/429_404.mp4,1,8.661231027588201,61.67113748093701,0.14044221302494136,0.9271897926881186,0.15364990516919044,5.8517165039912555,67.69951110979669,0.08643661391440186,0.897251825843794,0.11379828854716989,1.2547254875760627,1.3833504406265267,0.9070192560952169,0.9977753802502174,0.016681855880748827
/home/iiitn/Datasets/FaceForensics++/manipulated_sequences/FaceSwap/c23/videos/432_357.mp4,1,9.953537154170398,84.65304120544049,0.11758038473791659,0.8934631781591499,0.1455175375082137,6.191820852914982,56.02065605342175,0.11052746056758798,0.9200314914052887,0.11598824318200786,1.1704324219366151,1.0922086532539204,1.0716198030931632,0.9949462392330632,0.016250083022855088
/home/iiitn/Datasets/FaceForensics++/manipulated_sequences/FaceSwap/c23/videos/428_466.mp4,1,6.083935913655837,3.9960930260612897,1.522471042084926,0.9116929677340639,-0.00842815581869496,4.0496935097439275,12.81636088033567,0.31597842379402963,0.9086678046497658,0.0023516628914473253,0.26620873660373984,0.17644059753623498,1.508772585907104,0.9950871566904783,-0.011122180853617294
/home/iiitn/Datasets/FaceForensics++/manipulated_sequences/FaceSwap/c23/videos/414_385.mp4,1,9.219450950315386,26.499787566668633,0.3479065983876636,0.939928400724944,-0.0019639054062417366,7.586918519621385,20.036116767158912,0.37866212339394334,0.9292954968935829,0.016902160491145766,0.3625819431551542,0.3771255113399084,0.9614357349279246,0.9936354501417007,-0.007208312985822522
/home/iiitn/Datasets/FaceForensics++/manipulated_sequences/FaceSwap/c23/videos/434_438.mp4,1,15.60730911818449,99.10881164255171,0.15747650344627476,0.8402923993408521,0.14585009033412813,11.756163836524877,47.215362664205124,0.24899022634083146,0.903157615669978,0.10956432654899062,0.027200556205516858,0.014421410377513114,1.8861231664227442,0.9738845265650022,0.0036616981125267506
/home/iiitn/Datasets/FaceForensics++/manipulated_sequences/FaceSwap/c23/videos/410_411.mp4,1,4.955732540052878,1.0885438062141446,4.55262572967868,0.8832051842710991,0.022191908780067,4.374128819451153,4.288858933649972,1.019881718452468,0.810126163759199,0.011533398717105564,0.173498951031566,0.10712320281648224,1.619620646787374,0.9914482959397154,0.007027583663738697
/home/iiitn/Datasets/FaceForensics++/manipulated_sequences/FaceSwap/c23/videos/411_410.mp4,1,1.9293600207345112,10.590006922634858,0.18218685170174323,0.9022526925535962,0.01380449590789185,1.964150876825709,11.9254031945716,0.16470310016182793,0.9063805199787919,0.01855882828786626,0.46846485978467006,0.5289286366071791,0.885686323942763,0.9950697413094366,0.0015159921599979499
/home/iiitn/Datasets/FaceForensics++/manipulated_sequences/FaceSwap/c23/videos/435_456.mp4,1,17.830581303074883,76.67505313464893,0.23254736154877687,0.9245378429152508,0.168977832871381,10.967394393138543,50.30684635241091,0.21800997654095525,0.9685807408969481,0.09796433350320789,0.9898861047066934,0.8279586413755773,1.1955743381844393,0.9951605390935289,0.02291730849279171
/home/iiitn/Datasets/FaceForensics++/manipulated_sequences/FaceSwap/c23/videos/431_447.mp4,1,4.7720889035092755,16.85516381559881,0.28312325858814197,0.878400452112078,0.1446453435901858,3.388443136846003,13.240048061243755,0.2559237792168329,0.9152832110059275,0.11407355460252229,0.484354563127319,0.39968744166932946,1.211833329324459,0.9948857582220869,0.0033990061094771253
/home/iiitn/Datasets/FaceForensics++/manipulated_sequences/FaceSwap/c23/videos/433_498.mp4,1,12.467293123557353,87.55016698663103,0.14240170581811817,0.8703647887433071,0.17737372166564286,9.264822050575683,64.99886416345623,0.1425382146259806,0.940964327140868,0.15749658571894012,0.5120526709796963,0.3564206215472084,1.4366527636838047,0.9939150266219476,0.005076458077793632
/home/iiitn/Datasets/FaceForensics++/manipulated_sequences/FaceSwap/c23/videos/438_434.mp4,1,19.343326405933,24.323883433229735,0.7952400552745366,0.9643557367613459,0.1011116789527401,11.800857833793318,18.570266876616603,0.6354705568961304,0.9632148234800493,0.0936025313514912,1.0987610534671797,0.9273515961697555,1.184837614994569,0.9980382486299849,-0.0046605039627049885
/home/iiitn/Datasets/FaceForensics++/manipulated_sequences/FaceSwap/c23/videos/439_441.mp4,1,8.17836277298278,26.710229637478808,0.30618841110625283,0.9320483362589371,0.12724933334805644,7.505840499715293,15.911899356473375,0.4717124166991241,0.9639492562033632,0.09432561170440054,0.9673382383674496,0.8665407545515592,1.116321688606618,0.9961044988666427,0.0035472672136264006
/home/iiitn/Datasets/FaceForensics++/manipulated_sequences/FaceSwap/c23/videos/440_364.mp4,1,17.43832500429556,29.960223360190223,0.5820492322319202,0.8704978092586452,0.07322163016500809,10.15972639343264,22.587453126904894,0.4497951290192585,0.9602402655971877,0.06823525662738693,0.9767044992420241,0.8184162455055577,1.1934080055298604,0.9948391738642615,0.004496666948095514
/home/iiitn/Datasets/FaceForensics++/manipulated_sequences/FaceSwap/c23/videos/441_439.mp4,1,5.725820078227238,47.769249325803486,0.11986414187032922,0.9263513297121909,0.12709525133976654,4.602348650765383,24.238494654469335,0.18987766015893054,0.9484033030080884,0.08031657278603165,0.8267349923596946,0.867450268529837,0.953063273311164,0.9957657409377235,0.013091334505005596
/home/iiitn/Datasets/FaceForensics++/manipulated_sequences/FaceSwap/c23/videos/422_695.mp4,1,1.9556776950243222,4.598535584779659,0.42528271424000064,0.779955359189727,-0.022932904113982175,1.6681248359416105,5.633200692057727,0.2961238072510902,0.7610490770806514,-0.01618559722162284,0.014817130107136681,0.007717608307499781,1.9199121692581573,0.9710777698318406,-0.01695802816548563
/home/iiitn/Datasets/FaceForensics++/manipulated_sequences/FaceSwap/c23/videos/443_514.mp4,1,75.6354173105051,75.03459459900243,1.0080072760399863,0.905336606580951,0.32527160043658515,39.966763707558165,65.43571467702692,0.6107790509330165,0.9685390916461442,0.25203954203703033,1.411591390380759,0.8581024577257604,1.6450149718973155,0.9939359167571035,0.06848656200511519
/home/iiitn/Datasets/FaceForensics++/manipulated_sequences/FaceSwap/c23/videos/437_360.mp4,1,5.339720507391487,22.082967218375884,0.2418026732815212,0.9102321422555452,0.07501252633719366,5.861795719045168,11.990597330643212,0.4888660303907248,0.9249810681078244,0.060540871210900446,0.2533315116805723,0.1881620125919472,1.3463477999140734,0.9911345299078533,-0.006266735119339025
/home/iiitn/Datasets/FaceForensics++/manipulated_sequences/FaceSwap/c23/videos/444_655.mp4,1,70.33113200635086,263.6954000456728,0.2667135338506827,0.9308257402315102,0.36332532397060285,37.02408568886281,172.64284811612967,0.21445478971685086,0.9784790824011539,0.28897165259291674,2.9236041454094575,3.5702709672802584,0.8188745818462583,0.9974745523070174,0.11154241812341187
/home/iiitn/Datasets/FaceForensics++/manipulated_sequences/FaceSwap/c23/videos/447_431.mp4,1,12.829841710796217,34.130365134789,0.37590695734218177,0.9140758154689982,0.05046793104873222,9.643604087398133,26.644952511812576,0.3619298658206581,0.9470090075463035,0.02975068519258116,0.8136947525571226,0.8128768562325601,1.0010061749430943,0.994118955375591,0.0063582580478670145
/home/iiitn/Datasets/FaceForensics++/manipulated_sequences/FaceSwap/c23/videos/436_526.mp4,1,28.51690900350818,42.56448463561352,0.6699695590733925,0.8166707709338042,0.17752036734393792,18.071864571601804,29.08180291953829,0.6214148628130761,0.8841746759241088,0.1097333036681271,2.2002207585638766e-05,nan,0.0,0.9437932123309908,-0.0002296566733434728
/home/iiitn/Datasets/FaceForensics++/manipulated_sequences/FaceSwap/c23/videos/426_287.mp4,1,3.55281199384064,5.231927717489259,0.6790636617482921,0.912396455350645,0.0525777136664394,2.7975453916517026,13.985459457779527,0.20003242654252198,0.8369654554952665,0.0453070312359907,0.2651031131035068,0.21584821101034699,1.2281923109883859,0.993031745344362,0.0005213302892457874
/home/iiitn/Datasets/FaceForensics++/manipulated_sequences/FaceSwap/c23/videos/452_550.mp4,1,22.118411146543107,85.6166287999556,0.2583424675389061,0.9250680881737771,0.2546001809353184,12.072295937507256,40.965094707899425,0.29469713236569955,0.9782385650707047,0.17014867283439258,2.161050357531854,2.1873533538003973,0.987974966997059,0.9985605220789767,0.04963254232914837
/home/iiitn/Datasets/FaceForensics++/manipulated_sequences/FaceSwap/c23/videos/454_527.mp4,1,11.401345466886964,26.264500844458613,0.4340971691945352,0.9096899571359289,0.0339881548299374,8.421349540186121,25.157435893321146,0.3347459405599376,0.9463078381532348,0.022455874165979276,0.5517639443179424,0.37781625573525296,1.4604028702898897,0.9931433397243753,0.003897887201236529
/home/iiitn/Datasets/FaceForensics++/manipulated_sequences/FaceSwap/c23/videos/449_451.mp4,1,5.885410500577151,24.538185061799425,0.23984701744463752,0.9059168436195453,0.17800021072624223,4.215738447253538,16.933068576904283,0.2489648245447703,0.9457393293623718,0.17123685431274507,0.5252260130574692,0.43125405560302804,1.2179039390668198,0.9954679086731867,0.015455871077389619
/home/iiitn/Datasets/FaceForensics++/manipulated_sequences/FaceSwap/c23/videos/430_459.mp4,1,4.145362381816086,6.028762207648978,0.6875975928452887,0.8873472668988551,0.011279900307718454,2.9800943018025414,6.9263313188802185,0.4302558114249051,0.8781459706472163,0.023894500790392192,0.2755576801431467,0.22029233613618104,1.2508727492580656,0.9961819374108175,-0.005279658614420379
/home/iiitn/Datasets/FaceForensics++/manipulated_sequences/FaceSwap/c23/videos/448_361.mp4,1,6.48796846260849,5.797192263782563,1.119157027642759,0.9309308293319654,0.03180364009570063,4.589232920581773,8.111272568401878,0.5657845771894663,0.9019072001414786,0.03785911889502708,0.570347044312506,0.4717484931910003,1.20900660530904,0.9957776512525043,0.0039839579478564875
/home/iiitn/Datasets/FaceForensics++/manipulated_sequences/FaceSwap/c23/videos/455_471.mp4,1,24.251746401873806,201.3187641599105,0.12046441126873937,0.9167333312659638,0.2125756757701699,15.608076569432404,97.86848747641864,0.15948010408552765,0.9643275923183304,0.1823692328630728,2.271868082541136,2.7361918539657992,0.8303029187256448,0.9971783996901319,0.025696100282399045
/home/iiitn/Datasets/FaceForensics++/manipulated_sequences/FaceSwap/c23/videos/445_494.mp4,1,2.443939028773498,5.709459682742863,0.42805084273743627,0.8911920283252184,0.07803570172470438,2.05712837993585,3.2836824119305255,0.6264699571620368,0.9065162691340101,0.0698458034613647,0.19852953930493747,0.1281013135917347,1.5497853514419144,0.9930911447454146,-0.00595263332248672
/home/iiitn/Datasets/FaceForensics++/manipulated_sequences/FaceSwap/c23/videos/451_449.mp4,1,5.6294708868426895,47.5900455332359,0.11829093298326819,0.8297813713027503,0.24095913909212205,4.279391992455333,43.303843903226586,0.09882245100501284,0.909726384430421,0.19712138383753036,0.22359615040781508,0.14203553372594002,1.5742268469187974,0.9901870510820286,0.017330717774755113
/home/iiitn/Datasets/FaceForensics++/manipulated_sequences/FaceSwap/c23/videos/453_402.mp4,1,5.401784334255289,1.3969232710506319,3.8669155609331245,0.878854253876114,0.015183624615415147,4.558237854110771,17.399555323395585,0.2619743878156315,0.7062095497469695,0.01532773849486384,0.07049369503983892,0.037384251344770004,1.885652179836975,0.9840019397864935,-0.0009871413020135751
/home/iiitn/Datasets/FaceForensics++/manipulated_sequences/FaceSwap/c23/videos/456_435.mp4,1,0.0,0.0,0.0,0.0,0.0,0.0,0.0,0.0,0.0,0.0,0.0,0.0,0.0,0.0,0.0
/home/iiitn/Datasets/FaceForensics++/manipulated_sequences/FaceSwap/c23/videos/458_722.mp4,1,18.775737023725295,22.867376501877498,0.8210708833251482,0.8419258835641054,0.03604825419583178,11.52496073994737,14.229713340178613,0.8099222004287198,0.9050085846088759,0.014967192509744499,0.3750060053652782,0.22342193439612887,1.6784654845051588,0.9863959645057786,-0.008502506006404446
/home/iiitn/Datasets/FaceForensics++/manipulated_sequences/FaceSwap/c23/videos/457_398.mp4,1,25.48535006899928,75.36235928196221,0.3381708098289212,0.8846574939017016,0.11369467467055852,15.061270919323839,39.05198887357674,0.38567231410624925,0.9360166043329642,0.08221772594104795,0.6672380247088282,0.43386075561746346,1.5379082253227214,0.9799717236895916,0.011561810733467102
/home/iiitn/Datasets/FaceForensics++/manipulated_sequences/FaceSwap/c23/videos/462_467.mp4,1,20.84327546978501,42.44344822450501,0.49108346144578807,0.9052166636615487,0.03629696808035595,15.33032972799198,30.952508539362157,0.49528553424018845,0.9511013004043996,0.031137274988979866,1.6384673642964789,1.177078896662114,1.3919775207445662,0.9935586267345983,-0.011582788093093934
/home/iiitn/Datasets/FaceForensics++/manipulated_sequences/FaceSwap/c23/videos/463_464.mp4,1,44.097230570786714,60.21159101786566,0.7323711236546203,0.9228611992945209,0.33492399216828234,27.5929133648235,60.63510613873833,0.4550649800412412,0.968106420221264,0.30829311847841456,1.251422908363083,0.7890069898041533,1.5860732851982848,0.9952529770661774,0.07871478826742657
/home/iiitn/Datasets/FaceForensics++/manipulated_sequences/FaceSwap/c23/videos/464_463.mp4,1,49.3295856172561,256.83087738942675,0.19207030758400123,0.9380129584843853,0.09601737953428569,28.64825691596796,154.3235836257817,0.1856375820395471,0.9675670363674881,0.05693603417234261,4.315326595659747,6.052323503380317,0.7130032942306487,0.9960726212501859,0.014198128607608034
/home/iiitn/Datasets/FaceForensics++/manipulated_sequences/FaceSwap/c23/videos/442_195.mp4,1,8.224727145299505,4.099972950652498,2.006044245728637,0.892955212988143,0.0031562787526938398,8.106692801763849,5.175078824279644,1.5664868260035203,0.889150172584025,0.008559315200407166,0.47395971619817917,0.2698935367762003,1.7560988005103417,0.9869933814515034,-0.0003321671401307525
/home/iiitn/Datasets/FaceForensics++/manipulated_sequences/FaceSwap/c23/videos/467_462.mp4,1,20.837259223768523,99.04063738272505,0.2103910048886965,0.8430856941503236,0.12319963119307062,13.957486892812483,49.599903548217554,0.28140149263080705,0.9403566413664661,0.08974986706199899,0.6513120338361098,0.4002564277491081,1.6272369128432096,0.9808104429799901,0.0176690972134999
/home/iiitn/Datasets/FaceForensics++/manipulated_sequences/FaceSwap/c23/videos/460_678.mp4,1,1.6462164906247534,13.529062453802945,0.12168001265764067,0.837445201249441,0.027959433500449774,1.498673375469011,10.697908595631054,0.14009031410878364,0.9004289022811478,0.010759116383002676,0.35503242153754727,0.3392931493237579,1.0463884173469435,0.987085763965088,-0.0014321093907156952
/home/iiitn/Datasets/FaceForensics++/manipulated_sequences/FaceSwap/c23/videos/468_470.mp4,1,8.628411273246103,7.587165395980141,1.1372377986932563,0.8619281271522109,0.06862579964945988,6.181506553817704,6.717451737467935,0.9202159978819217,0.9030434777352893,0.0641220605640015,0.6540405613706914,0.3342494185851333,1.956744051012036,0.9940793046576957,0.006565446153048836
/home/iiitn/Datasets/FaceForensics++/manipulated_sequences/FaceSwap/c23/videos/470_468.mp4,1,13.946164805605141,117.18514930088953,0.11900966025819859,0.9143732638671018,0.028348021365555233,8.894015993982272,63.205150885025255,0.14071663257573946,0.946014722293798,-0.0008675220274854211,0.34619673313841554,0.21716537130226524,1.5941617720283583,0.9849367195800661,0.003950843073820008
/home/iiitn/Datasets/FaceForensics++/manipulated_sequences/FaceSwap/c23/videos/446_667.mp4,1,3.494613084929378,1.0305044184533436,3.3911674926870754,0.8801185542512572,-0.0024323425788446524,2.5274972328653242,7.920425905849221,0.3191112779678643,0.7271670757723273,0.028968660545938534,0.17761427477762978,0.10916231170537032,1.6270658985036126,0.9850354311300342,0.0014895386823274926
/home/iiitn/Datasets/FaceForensics++/manipulated_sequences/FaceSwap/c23/videos/461_250.mp4,1,12.774892086644707,96.17354252178427,0.13283166816644054,0.8985401458535281,0.11570299992895884,8.493026785242854,53.60445814331007,0.15843881422207415,0.9506328358999975,0.12856816813097396,0.8868577307243068,0.9772154797660578,0.9075354914932556,0.9973536458497039,0.018884120427809438
/home/iiitn/Datasets/FaceForensics++/manipulated_sequences/FaceSwap/c23/videos/469_481.mp4,1,30.5877209827795,2.2617167085375494,13.524116821225526,0.9444276990689993,0.03800322842428685,17.697029872894635,1.8873169337877815,9.376819312152989,0.948235733403307,0.029997517870620747,0.34433071732101156,0.18522586319844783,1.8589775281657157,0.9919399826102238,-0.005121181617268406
/home/iiitn/Datasets/FaceForensics++/manipulated_sequences/FaceSwap/c23/videos/465_482.mp4,1,5.459460444435713,4.121308047786445,1.3246911856947916,0.7802860604229579,0.0316273447810807,4.18395885987894,1.8164199371047134,2.3034094563771252,0.8873341686832005,0.05213559139171998,0.19421647388100416,0.11318027062922592,1.7159923085645343,0.9904464922062065,0.007787173108818161
/home/iiitn/Datasets/FaceForensics++/manipulated_sequences/FaceSwap/c23/videos/471_455.mp4,1,24.39768362440978,28.1278550222097,0.8673851456197216,0.9234233216192621,0.11798623018643489,17.05889572082006,18.91330289025919,0.9019522301208325,0.9714207044918536,0.136347030257621,1.092421419181711,0.7128286992443126,1.5325160453553766,0.9959439660936007,0.03831523345214404
/home/iiitn/Datasets/FaceForensics++/manipulated_sequences/FaceSwap/c23/videos/472_511.mp4,1,86.11235939566045,24.91716432100458,3.4559453991748876,0.8033764182356012,0.08402205451348534,53.044329004189684,17.620385723584604,3.0103954496972616,0.8975384763556216,0.0682304161685472,0.5347344808861189,0.23871534583118437,2.240050714059558,0.9862723187094232,0.014042413460671027
/home/iiitn/Datasets/FaceForensics++/manipulated_sequences/FaceSwap/c23/videos/474_281.mp4,1,82.10316744269078,192.63945492864627,0.4262012030354935,0.9480474333933774,0.20511844808925514,47.886830297428084,114.16269850558349,0.4194612682100014,0.9664889672876793,0.21636493127949655,3.1535112317592673,2.748326186103906,1.1474297511350942,0.9960169542446424,0.05370044571261078
/home/iiitn/Datasets/FaceForensics++/manipulated_sequences/FaceSwap/c23/videos/466_428.mp4,1,4.44156162902842,19.789960956338728,0.2244350880139451,0.9164385331150323,0.02552163771030398,3.443238601730345,14.126993017385422,0.2437347139262343,0.9491039290047434,0.03012220004930314,0.5136940205799393,0.5135003212025632,1.0003772137414102,0.9934128119995815,-0.006653188719418289
/home/iiitn/Datasets/FaceForensics++/manipulated_sequences/FaceSwap/c23/videos/473_366.mp4,1,68.47153762133614,33.589640860641396,2.0384718581962438,0.8963192008379149,0.24845529949307,42.99229325090073,26.52825189199029,1.6206229278108388,0.9342846022248894,0.25413521791970123,0.5966843009811201,0.3185893518815846,1.8728946760370688,0.9923319898602653,0.03766322088989431
/home/iiitn/Datasets/FaceForensics++/manipulated_sequences/FaceSwap/c23/videos/476_400.mp4,1,14.990814980428212,7.384570536791792,2.030018523858658,0.9630516822997248,0.07133370261229974,9.973733592359217,12.327871703630734,0.8090393729050417,0.9211668819943508,0.06887050263011708,0.8987378994107882,0.654533680866774,1.3730964894283575,0.9968769940410516,0.012818471180683065
/home/iiitn/Datasets/FaceForensics++/manipulated_sequences/FaceSwap/c23/videos/450_533.mp4,1,2.1784844731624955,1.7105164670673794,1.2735828710830426,0.8280618700811276,0.015333675354841451,1.6623454741785324,5.924129150502483,0.28060588011278126,0.728226192460251,0.026925045202264332,0.00010592971944304246,5.7711866172367585e-05,1.8354928798639605,0.9846643724050639,-0.005499899919978256
/home/iiitn/Datasets/FaceForensics++/manipulated_sequences/FaceSwap/c23/videos/478_506.mp4,1,28.60844099353825,95.96618098534772,0.29810961215499693,0.7962524037221849,0.2105057610171912,16.585529770643706,55.29493072787164,0.2999466597086033,0.8953732425721199,0.1400054086751859,1.4729579970753168,1.0003571848732993,1.4724320666141615,0.9968630131341856,0.04372090161469093
/home/iiitn/Datasets/FaceForensics++/manipulated_sequences/FaceSwap/c23/videos/482_465.mp4,1,5.407768976015203,24.651411788694375,0.21936954452626167,0.9136669456714529,0.02446993029995903,4.7875904638188524,20.517261838794628,0.23334451260773692,0.9527869221086673,0.027255303526872002,1.041374606472811,1.6898988798768562,0.616234864034407,0.9960361390957626,-0.008428233597806659
/home/iiitn/Datasets/FaceForensics++/manipulated_sequences/FaceSwap/c23/videos/484_415.mp4,1,31.02559172879836,39.95662554071909,0.7764817801538504,0.9607443968246739,0.11803388070575539,18.72834594437346,29.104156309476007,0.6434938620184536,0.9783665298660614,0.07262959466049353,1.1547309220886055,0.8031484527080973,1.4377552720110762,0.9969318632484733,0.001310283088968126
/home/iiitn/Datasets/FaceForensics++/manipulated_sequences/FaceSwap/c23/videos/485_425.mp4,1,34.178548937254625,63.591912459738275,0.5374669138767287,0.9132794526741247,0.1425892607254342,22.280981642853344,32.06128687508331,0.6949496983594002,0.9517970029656334,0.12460377221661344,1.2875418083330716,0.7348044685000982,1.7522237051187715,0.9964607207214993,0.025066883034689943
/home/iiitn/Datasets/FaceForensics++/manipulated_sequences/FaceSwap/c23/videos/486_680.mp4,1,46.358370610646,79.42767170371913,0.5836551621904751,0.9302599825972572,0.3287154347623713,26.00037673677706,43.4350887415162,0.5986030532021299,0.9735261668362655,0.2726089055280055,1.5508010496032316,0.9901877245130466,1.566168728627577,0.9949553634103784,0.10425205159093076
/home/iiitn/Datasets/FaceForensics++/manipulated_sequences/FaceSwap/c23/videos/477_487.mp4,1,4.224400246384902,4.875380953994056,0.866475930034585,0.8792475810018218,0.04953739866748048,3.4907765079914514,5.988049747701982,0.5829571655330849,0.9274553499013315,0.03774687732584738,0.9243329654158424,1.3830039932544842,0.6683516243801311,0.9900817593340147,-0.0014342808462545179
/home/iiitn/Datasets/FaceForensics++/manipulated_sequences/FaceSwap/c23/videos/480_389.mp4,1,12.39549057387932,17.643183275911237,0.7025654259797466,0.9002190082728568,0.013157305377631366,8.46714152997808,13.719206737676581,0.617174279233293,0.9427704274422641,0.01270787058361878,0.684403455636188,0.504100668182745,1.357672185009047,0.9968456732404567,0.006196293470277093
/home/iiitn/Datasets/FaceForensics++/manipulated_sequences/FaceSwap/c23/videos/475_265.mp4,1,2.032791187630954,1.3387526202744304,1.5184218180758837,0.9162405686604637,0.05230453382484534,1.671185258567249,1.3478673256898588,1.2398737076825506,0.9350521233868063,0.028823488952963387,0.32358822560612466,0.30059385929465604,1.0764964605911276,0.9963472963852998,-0.0025750186803794057
/home/iiitn/Datasets/FaceForensics++/manipulated_sequences/FaceSwap/c23/videos/459_430.mp4,1,8.34300360226027,6.603064207394747,1.2635048426330566,0.8296604614032331,0.04699834873541422,4.988747443345024,5.107986606169152,0.9766563282135241,0.8491313712223924,0.0024608786102852647,0.18275087390630237,0.13814943293007467,1.3228492512075893,0.9874830496868258,0.0036620892084751736
/home/iiitn/Datasets/FaceForensics++/manipulated_sequences/FaceSwap/c23/videos/483_370.mp4,1,12.616869846737899,37.52159070393073,0.3362562623288827,0.8632828484048037,0.10148760610806469,8.128398954162309,28.632367518012398,0.28388846814881086,0.9288334517511689,0.09449423505247528,0.48810996628578174,0.3363797069043577,1.4510684094999977,0.9953631578803961,0.0025715278831682097
/home/iiitn/Datasets/FaceForensics++/manipulated_sequences/FaceSwap/c23/videos/481_469.mp4,1,17.27597404011259,44.98566448784026,0.3840328744011846,0.8884703309273766,0.01300045230234295,13.430351616923318,33.90742739838228,0.3960887819393835,0.942324384376378,0.01440801176896539,0.42327886786447283,0.24784655497573463,1.7078263117512926,0.9856682824155912,0.0016430223177858326
/home/iiitn/Datasets/FaceForensics++/manipulated_sequences/FaceSwap/c23/videos/488_399.mp4,1,6.965038070364902,2.005562654113598,3.4728598760447364,0.9356065148729203,0.04509606025835951,5.6114184319965785,1.7930557974174948,3.129528060464488,0.9405643244132147,0.046738910895665065,0.5560492438227383,0.4330013260339378,1.2841744595007458,0.9980475820044917,0.008000087185089537
/home/iiitn/Datasets/FaceForensics++/manipulated_sequences/FaceSwap/c23/videos/493_538.mp4,1,69.32901376755007,32.084608421058256,2.1608184478276815,0.8313322499572237,0.07405799587478952,41.60066267639513,25.613375540232465,1.624177282336351,0.928339891247036,0.0361399147697491,0.20173525913402754,0.10574245718300675,1.9077981021841361,0.9853076960786461,-0.00021830577380707564
/home/iiitn/Datasets/FaceForensics++/manipulated_sequences/FaceSwap/c23/videos/489_022.mp4,1,24.419831070993347,18.58822512420335,1.3137258080222398,0.9532602988706061,0.0852559014319336,14.44355171944377,17.639487094423473,0.8188192571659262,0.9724100197043707,0.04129554818595217,1.5655151066551,1.1329045523633061,1.3818596662793372,0.9979476919994257,0.0014309589091031356
/home/iiitn/Datasets/FaceForensics++/manipulated_sequences/FaceSwap/c23/videos/487_477.mp4,1,3.148528877326567,10.61243276116044,0.29668304602594103,0.9170365503512034,0.042909581378387567,2.2504415779548324,6.307094233036182,0.356811154995458,0.9240397057858948,0.02288648591378627,0.3896955610917154,0.3976764479967873,0.97993120551827,0.9966224922131355,0.006838519187040925
/home/iiitn/Datasets/FaceForensics++/manipulated_sequences/FaceSwap/c23/videos/495_512.mp4,1,26.464143506533855,21.5094010753027,1.230352412597868,0.9345226338417332,0.15424508417984403,17.44022587528929,33.72439799709759,0.5171397240890776,0.9362599099175677,0.10765225764189973,1.1294127908191214,0.6734841096795693,1.6769702129371309,0.9945845650113597,0.01851478447128407
/home/iiitn/Datasets/FaceForensics++/manipulated_sequences/FaceSwap/c23/videos/491_226.mp4,1,0.0,0.0,0.0,0.0,0.0,0.0,0.0,0.0,0.0,0.0,0.0,0.0,0.0,0.0,0.0
/home/iiitn/Datasets/FaceForensics++/manipulated_sequences/FaceSwap/c23/videos/496_417.mp4,1,33.59172942329786,113.67655742310758,0.29550269804765844,0.9712973199019713,0.17590985739546322,19.799705012659196,57.229566093972544,0.34596986075602126,0.9810856030540164,0.1540080226246843,1.8816918610901838,1.7784743018299967,1.0580371384360063,0.9931025637582743,0.02837830092642949
/home/iiitn/Datasets/FaceForensics++/manipulated_sequences/FaceSwap/c23/videos/498_433.mp4,1,10.561127324959683,52.51343121078435,0.201112878771304,0.9212019558597803,0.22221808095077708,7.181692986141453,33.480684574248876,0.2145025729750202,0.9164777058582486,0.2182730556638839,0.5213127257988767,0.35943524700845164,1.450366178992509,0.9933391126968307,0.06587563584300016
/home/iiitn/Datasets/FaceForensics++/manipulated_sequences/FaceSwap/c23/videos/492_325.mp4,1,4.628708519224214,101.22146484123168,0.0457285273087527,0.9187926507253357,0.28509120676097566,4.217490663491119,65.36124703767656,0.06452585981200766,0.9040434447383593,0.2573116766221884,0.32284325466073466,0.2803523494517828,1.1515625080083725,0.9853513556374401,0.05525545349957833
/home/iiitn/Datasets/FaceForensics++/manipulated_sequences/FaceSwap/c23/videos/497_403.mp4,1,16.511094708224253,37.540340282698274,0.43982272360578323,0.8473006315020252,0.022957018177115148,11.087759692324596,29.479798122326333,0.376113827045761,0.9284378224264604,0.025274682370816422,0.25060666167414875,0.13541369056727912,1.850674482205601,0.9916111568063641,0.004143442250635084
/home/iiitn/Datasets/FaceForensics++/manipulated_sequences/FaceSwap/c23/videos/501_326.mp4,1,50.22062590687426,156.4460373465605,0.32100925506745265,0.8355058531847582,0.2902692838081148,26.49136421871022,99.41585504513063,0.2664702145013414,0.9508481794612554,0.19519825318873113,1.7271683000684126,1.270295956822314,1.3596581889380954,0.9960725567828663,0.06417118212467765
/home/iiitn/Datasets/FaceForensics++/manipulated_sequences/FaceSwap/c23/videos/503_756.mp4,1,53.87651947587525,141.25990858119656,0.38139993163670277,0.9683039877546996,0.5756503344751223,35.470417096695826,82.85230327628807,0.42811624655035135,0.9916773290487845,0.5343302913948564,3.492385936418989,3.7072962865938437,0.9420304357782237,0.9964505860731746,0.1724451955068027
/home/iiitn/Datasets/FaceForensics++/manipulated_sequences/FaceSwap/c23/videos/479_706.mp4,1,5.536682292425752,1.0905108814977298,5.077145387876882,0.8869237575379026,0.01271029023307459,4.002036411893769,4.372658757283616,0.9152409630016305,0.7842151482273594,-0.006399729376147153,0.23277586777466927,0.1567767910185018,1.4847597419390892,0.9941505145608406,-0.009662811004618653
/home/iiitn/Datasets/FaceForensics++/manipulated_sequences/FaceSwap/c23/videos/505_600.mp4,1,23.340643920480826,12.950773126651036,1.8022587294382266,0.9141112942217551,0.18429291095423986,13.073197619344697,10.83205800490168,1.2068987826162734,0.9710793685116398,0.1687074274500028,1.3445050345729628,0.922770582221866,1.457030664475276,0.997189124682429,0.03583280266191518
/home/iiitn/Datasets/FaceForensics++/manipulated_sequences/FaceSwap/c23/videos/499_539.mp4,1,6.706337073668094,225.24332616447964,0.02977374374577882,0.9114158137027029,0.07586607498590117,4.69707235228439,154.78510787353824,0.03034576398733377,0.9115342757739899,0.06006781210882044,0.4199710755782952,0.3431970630367285,1.2237024170960067,0.9870783399556663,0.0029536194192181066
/home/iiitn/Datasets/FaceForensics++/manipulated_sequences/FaceSwap/c23/videos/494_445.mp4,1,4.390769028465804,26.86909585348864,0.1634133523661427,0.8528555499947048,0.0032274912407684888,3.4910829374052894,23.479583889820223,0.14868589468141635,0.908518780593941,-0.026797389030051685,0.14175186520695435,0.08398699557694454,1.6877834983046704,0.9870595199664965,0.0037547325952923456
/home/iiitn/Datasets/FaceForensics++/manipulated_sequences/FaceSwap/c23/videos/502_504.mp4,1,4.229770188504453,81.51664689177282,0.051888422178603476,0.9164885803363649,0.0354120919195799,2.8292287497805666,43.23054260122324,0.06544513622876691,0.9174545193984813,0.05297439737938077,0.00373492207818117,0.0019684753558442763,1.8973679640400005,0.961055364016827,0.0008365450654904225
/home/iiitn/Datasets/FaceForensics++/manipulated_sequences/FaceSwap/c23/videos/509_525.mp4,1,26.948195779885353,77.03567363965288,0.349814501602725,0.8449189428721644,0.23736955586930855,16.332328574201895,36.73492721499977,0.4445994537736012,0.9278952415206191,0.20620565404140945,1.317944084548834,0.830328707307515,1.5872558336836222,0.9963241300367256,0.039655296279020036
/home/iiitn/Datasets/FaceForensics++/manipulated_sequences/FaceSwap/c23/videos/506_478.mp4,1,26.357874995731915,89.74998665959187,0.2936811021009212,0.951844265019679,0.04912827492737428,17.99347819072448,53.278137907636676,0.33772723479784694,0.9811907692879492,0.044724146052114805,1.9323939710137388,1.676961219402921,1.1523188185006235,0.9982301574795049,0.011715307014328357
/home/iiitn/Datasets/FaceForensics++/manipulated_sequences/FaceSwap/c23/videos/511_472.mp4,1,27.463188773686756,35.1330297132527,0.781691445281966,0.893538203355825,0.05969229217284166,20.34982674178953,39.13868698098579,0.5199414776401622,0.9324816966231858,0.03523727577477729,0.9361118400646475,0.5243472509603574,1.7852898787018168,0.9922067583264754,0.000652078091282335
/home/iiitn/Datasets/FaceForensics++/manipulated_sequences/FaceSwap/c23/videos/510_528.mp4,1,17.187428667123662,37.27524852561433,0.46109494495557884,0.902105884903028,0.2519703674617197,9.869001991381287,21.958727396799873,0.44943415039705503,0.9623451124913518,0.2090111587452561,1.2115849898646438,1.1806376800750193,1.0262123683767725,0.9935656099420423,0.02591002417910682
/home/iiitn/Datasets/FaceForensics++/manipulated_sequences/FaceSwap/c23/videos/504_502.mp4,1,4.5441563261230264,31.364020001616108,0.144884371515159,0.9003570496119107,0.02758544635790399,3.2143276131870713,28.577596947012836,0.11247718340863014,0.9423678016883391,0.027953598611142133,0.7554538388698359,1.22197030126207,0.6182260224242695,0.9957609305481685,0.0029837029378491334
/home/iiitn/Datasets/FaceForensics++/manipulated_sequences/FaceSwap/c23/videos/514_443.mp4,1,98.79237268485913,72.79215204247164,1.357184392999087,0.8668705895176028,0.4914368314307191,55.88020383855775,41.43640535893672,1.348577497360202,0.9634779614660118,0.433375839161548,0.6782345409258713,0.366886878910305,1.8486203239001175,0.9922731199368423,0.1540813785967076
/home/iiitn/Datasets/FaceForensics++/manipulated_sequences/FaceSwap/c23/videos/512_495.mp4,1,29.416967512427107,27.281552850662376,1.07827320803379,0.9681573750933788,0.06315313827353987,16.74900165837472,20.789362626947764,0.8056524848272254,0.9792165789580252,0.04025210896744238,1.872472644670571,1.503734532669446,1.245214899299105,0.9975643894645215,0.009233669544407276
/home/iiitn/Datasets/FaceForensics++/manipulated_sequences/FaceSwap/c23/videos/490_534.mp4,1,6.240324575518319,0.41902754730991615,14.892396969077847,0.8294903711101146,0.026301887167706758,4.444663895036434,4.12567567449956,1.0773178130575098,0.7362706226168189,0.028355937050960154,0.08319117374754448,0.04719075606964176,1.7628701185625233,0.9877699204156132,0.008195012701966233
/home/iiitn/Datasets/FaceForensics++/manipulated_sequences/FaceSwap/c23/videos/515_519.mp4,1,52.14981800195712,168.08292297215016,0.3102624411796901,0.9840451458187861,0.158472020706283,28.500941229797444,96.5788223412397,0.29510549558262095,0.9903590536347647,0.1371513608640624,3.8988207860675943,4.329375465324533,0.9005503951538968,0.9938138214195741,0.031153014236791197
/home/iiitn/Datasets/FaceForensics++/manipulated_sequences/FaceSwap/c23/videos/517_521.mp4,1,43.465994145966114,26.11175615271671,1.6646139727926283,0.9360528182099902,0.1735985808268517,25.177275343217676,14.927869226231882,1.6865953848909063,0.9493839920317712,0.14950060769394974,3.005669185595789,2.5371560509898705,1.184660748172399,0.9958510281782834,0.058502309336050114
/home/iiitn/Datasets/FaceForensics++/manipulated_sequences/FaceSwap/c23/videos/518_131.mp4,1,21.562251401622223,157.18903655385762,0.1371740159132177,0.8442632867979002,0.20271622246475532,13.974822621555704,76.40035014789555,0.18291568814152406,0.8911390367576416,0.1429033446621915,0.36290017636715577,0.18943100078411632,1.91573805166522,0.9757734659839533,0.01666360514453334
/home/iiitn/Datasets/FaceForensics++/manipulated_sequences/FaceSwap/c23/videos/521_517.mp4,1,31.775040175678757,26.783012336785163,1.1863878407746273,0.946081238302324,0.04941414290251344,17.35622055964685,23.970565824961778,0.7240638659256399,0.9721506753754442,0.021773886573898508,1.1380560991803668,0.7836399765609229,1.4522690689860311,0.9978281910423993,-0.004221051219433987
/home/iiitn/Datasets/FaceForensics++/manipulated_sequences/FaceSwap/c23/videos/519_515.mp4,1,36.38641817899171,64.9737917564009,0.5600168498001673,0.8991749311643957,0.15103933983862455,19.76350233126131,47.41329336373152,0.41683462440892727,0.9597780325633777,0.12104594632254924,2.1121751266246123,1.771052151657682,1.1926103500947973,0.9982282942118328,0.03343836723552135
/home/iiitn/Datasets/FaceForensics++/manipulated_sequences/FaceSwap/c23/videos/513_305.mp4,1,1.2636658649341015,80.20408194440552,0.015755630315798984,0.7226502358339545,0.00812587419024931,1.5047181199233821,65.76111682633466,0.022881577937569387,0.8312275490585869,-0.004219223914373558,0.3965317631197645,0.3695017155131062,1.073152698544642,0.9915693512569138,0.00631287662163509
/home/iiitn/Datasets/FaceForensics++/manipulated_sequences/FaceSwap/c23/videos/500_592.mp4,1,6.4546506610527254,11.239325607837594,0.5742916333477928,0.8129164587833495,0.1015890263352667,4.65535106999513,22.18132674342448,0.20987703413075506,0.8607552698045208,0.06855433358943307,0.20409274863681234,0.11714954177765463,1.7421557569911166,0.9921507036298834,-0.009151079621694464
/home/iiitn/Datasets/FaceForensics++/manipulated_sequences/FaceSwap/c23/videos/522_337.mp4,1,66.0323635184248,53.715893363127456,1.2292891243944537,0.8467703077001311,0.4348535092324753,33.741440316637345,39.32794307262725,0.857950802418696,0.932002819530266,0.3967644843993816,2.5158366454271146,1.6232295080299899,1.5498958298758536,0.9954882616374743,0.11374991696182447
/home/iiitn/Datasets/FaceForensics++/manipulated_sequences/FaceSwap/c23/videos/523_541.mp4,1,10.874258412399625,17.471359807055496,0.6224048117885049,0.9190879965538002,0.16738618769752794,6.998873701784628,34.0192284190006,0.2057328759953762,0.9335931921070336,0.12062803382778656,0.44978361422919794,0.3059950164953879,1.4699050310709139,0.9945201476003507,0.024165972097839203
/home/iiitn/Datasets/FaceForensics++/manipulated_sequences/FaceSwap/c23/videos/524_580.mp4,1,59.65177851884855,33.698587828027684,1.7701566256505017,0.9351240121538131,0.2550816218905468,33.87147154110868,17.253888766060488,1.9631210100146266,0.9520566072375054,0.212888953602449,0.2045530447987045,0.10482308152292664,1.9514122445824604,0.9836785669096259,0.031012296650110495
/home/iiitn/Datasets/FaceForensics++/manipulated_sequences/FaceSwap/c23/videos/525_509.mp4,1,18.967244906678857,5.301277239557285,3.5778632298549304,0.8866658147009133,0.24620531618170408,10.665569712630974,3.456879908525343,3.0853168159899305,0.9247631152967616,0.21458398696166833,0.3160716083610171,0.1677076378269656,1.8846583999181232,0.9869757749432632,0.017247241111145662
/home/iiitn/Datasets/FaceForensics++/manipulated_sequences/FaceSwap/c23/videos/520_542.mp4,1,4.418981162725173,11.269033786663995,0.3921348756585224,0.8139469401789549,0.026555804433849587,3.185901345715575,10.05269746614355,0.3169200462309109,0.8085424299725452,0.01169408112567083,0.24093134348598944,0.14911710039541595,1.6157190747882593,0.9916786555141573,0.00072515204474071
/home/iiitn/Datasets/FaceForensics++/manipulated_sequences/FaceSwap/c23/videos/531_549.mp4,1,9.61248180132757,40.568328340477045,0.23694547432798008,0.938088149222633,0.21691254912677277,6.586413878451861,20.546184389438856,0.3205662790526404,0.9682972563843512,0.16514314618384923,1.0417011286735287,1.082552261904693,0.9622640544306943,0.9974646794292198,0.04064914938894987
/home/iiitn/Datasets/FaceForensics++/manipulated_sequences/FaceSwap/c23/videos/507_418.mp4,1,1.5592923062103452,6.168518395719154,0.2527823062491744,0.7801613124030865,0.0013809688914791362,1.6149109956004988,5.6374056401684145,0.2864635079820607,0.8085978619949836,-0.010612680374339618,0.12180462675830643,0.07933204275915323,1.5353774152532176,0.9930453694180356,0.005275295138351198
/home/iiitn/Datasets/FaceForensics++/manipulated_sequences/FaceSwap/c23/videos/528_510.mp4,1,7.259402322364701,37.156907117208156,0.1953715442317511,0.8860151442135598,0.25558340650331585,5.356113577956648,23.114768507943825,0.23171824438198113,0.9326472002836282,0.22051990971166577,1.0512540149098195,0.9030998908707857,1.1640506499188932,0.9952785744299101,0.024331474762146622
/home/iiitn/Datasets/FaceForensics++/manipulated_sequences/FaceSwap/c23/videos/508_831.mp4,1,0.6498904959877617,1.7681156015325241,0.3675610890059821,0.7661305708181804,0.0319077551406281,0.7586146928955184,5.441954906500399,0.13940113542457977,0.7161787982844879,0.027320929937574366,0.0023226019822765002,0.0010822676462022536,2.1460513861119836,0.9541001578679875,-0.01384400633028187
/home/iiitn/Datasets/FaceForensics++/manipulated_sequences/FaceSwap/c23/videos/526_436.mp4,1,19.890126240374006,43.897145611008455,0.45310750764136226,0.9505201412051116,0.1090074641387478,14.891346604962072,27.41485695208806,0.5431852747211898,0.9717411578259983,0.1412707634805515,0.7111419601399485,0.5312984795469723,1.3384980148001273,0.9880616029287163,0.0347916462439589
/home/iiitn/Datasets/FaceForensics++/manipulated_sequences/FaceSwap/c23/videos/527_454.mp4,1,12.027419423016957,102.632199604763,0.11718953183634956,0.8785929975277798,0.1673038925172086,8.204944641728302,80.34674552520853,0.10211919086572122,0.9197323859382734,0.13659644140741192,0.252878218530781,0.1628415061561265,1.5529100933783466,0.9901161830009922,0.010159718642530591
/home/iiitn/Datasets/FaceForensics++/manipulated_sequences/FaceSwap/c23/videos/530_594.mp4,1,10.422377949745334,25.80530351368506,0.40388511393474374,0.8461515760797821,0.1073235095283742,6.423306107659417,17.074240137947694,0.37619865105349815,0.879901087846385,0.06866134836234553,0.07633397848331197,0.04236512228608241,1.8018118292647733,0.9853760730650758,0.005645299269061519
/home/iiitn/Datasets/FaceForensics++/manipulated_sequences/FaceSwap/c23/videos/532_544.mp4,1,8.3559597952193,4.118758638828301,2.028756848348946,0.8820101627911564,0.039879543648570374,5.370935801876395,2.7031071521959524,1.9869489071171853,0.9142062333555248,0.025536517280758075,0.32600425271057387,0.19083724372275893,1.7082842235144646,0.994585196304949,0.015422090231086873
/home/iiitn/Datasets/FaceForensics++/manipulated_sequences/FaceSwap/c23/videos/539_499.mp4,1,4.6108880020268685,3.468530925883803,1.3293489666239566,0.8893414387192164,0.07092965290230153,3.485204497492307,7.906685035547201,0.44079212486944663,0.8976130183056809,0.055574522472776784,0.4567060525850863,0.3445322261420182,1.3255829728880844,0.9981862019293016,0.005793807510635878
/home/iiitn/Datasets/FaceForensics++/manipulated_sequences/FaceSwap/c23/videos/535_587.mp4,1,19.459866013340832,91.93173472385361,0.21167735028382492,0.9417567189787417,0.23045785311324532,12.158314723976067,124.04462404687187,0.09801565216870575,0.9615477770434158,0.19553497222151223,1.254962833269028,1.1715172285726698,1.0712286619958846,0.995225306347642,0.045680214816132804
/home/iiitn/Datasets/FaceForensics++/manipulated_sequences/FaceSwap/c23/videos/538_493.mp4,1,33.977366958640324,124.81075876894916,0.2722310744183484,0.9196471647183212,0.20819781373345608,22.105230423842823,69.46205326998302,0.31823462427643595,0.9322780926345574,0.20964860915525965,1.1118833810481623,0.6944312936087972,1.6011423898683543,0.9939122220502775,0.013078064379254302
/home/iiitn/Datasets/FaceForensics++/manipulated_sequences/FaceSwap/c23/videos/534_490.mp4,1,5.6624273469079265,0.9155878018741528,6.184472243205163,0.8986295013319748,0.0676663059018449,4.66631402758944,0.8523023246138163,5.474951660731158,0.9163424228113403,0.03745608906256946,0.3100261931831749,0.19631442060465876,1.5792329072325808,0.9945166964285074,-0.005717260212389752
/home/iiitn/Datasets/FaceForensics++/manipulated_sequences/FaceSwap/c23/videos/516_555.mp4,1,1.3754206286068633,1.2035838687369294,1.1427709064016152,0.8899411917836858,0.005095337438941974,1.273456130117814,11.775692866957769,0.10814277720261307,0.7237205810965534,0.012989490022795697,0.173740901861232,0.11959919472160412,1.4526929070522234,0.9916755207954083,0.009544719312804359
/home/iiitn/Datasets/FaceForensics++/manipulated_sequences/FaceSwap/c23/videos/541_523.mp4,1,19.132273381397145,101.9667997938203,0.18763238054036346,0.9318243289782231,0.256992104428824,11.628109854337263,53.566844098519425,0.21707662734341784,0.9543296945111894,0.20023448373604827,0.7363848280620541,0.5152649136498212,1.4291383103226547,0.9958907971671307,0.06626675784802322
/home/iiitn/Datasets/FaceForensics++/manipulated_sequences/FaceSwap/c23/videos/545_553.mp4,1,20.893403831352945,33.993749186810525,0.6146248746066387,0.9266840813850278,0.1272244821222955,14.246256180228015,24.21386104304055,0.5883512817268197,0.9713214025811543,0.10554634120912872,0.7572105340626947,0.5679357424803136,1.333267969287814,0.9910179360397762,0.020998432855490932
/home/iiitn/Datasets/FaceForensics++/manipulated_sequences/FaceSwap/c23/videos/543_559.mp4,1,9.399376534155913,22.22088690011599,0.4229973617347762,0.9124238145582567,0.10552233501087892,5.602026200579399,15.40503320283329,0.3636490831807539,0.9401731286006988,0.056624873003069946,0.6320776164484534,0.4803416399150464,1.3158917818581024,0.992254212126606,0.005455665045743996
/home/iiitn/Datasets/FaceForensics++/manipulated_sequences/FaceSwap/c23/videos/537_563.mp4,1,5.588116410596853,47.9450517464764,0.1165525159957208,0.9137510418760061,0.08789098224999309,4.946987029557941,34.12991994733289,0.14494575543077204,0.9539752690092991,0.06098976833052834,1.0004287940229537,1.029701261908365,0.9715718830613453,0.9961444037666496,-0.010064728422054187
/home/iiitn/Datasets/FaceForensics++/manipulated_sequences/FaceSwap/c23/videos/536_540.mp4,1,9.829696234278199,5.707664060041047,1.7221924995717963,0.9069240348503221,0.13495504031469965,6.423485306203545,3.874409491730725,1.6579262775174883,0.9308146482152434,0.09437104032870576,0.19692518571484038,0.10630526504370415,1.852449976338243,0.9890076106308104,0.0102965858539849
/home/iiitn/Datasets/FaceForensics++/manipulated_sequences/FaceSwap/c23/videos/546_621.mp4,1,9.476677327953814,11.029961659492848,0.8591759083584654,0.8840742649187825,0.15065053119677052,7.340482497901394,7.7544237334462975,0.9466186979492109,0.9456897457468708,0.1664577311646953,0.6615862490515446,0.5722268259924054,1.1561608421698237,0.9968444589474522,0.01945390169487866
/home/iiitn/Datasets/FaceForensics++/manipulated_sequences/FaceSwap/c23/videos/550_452.mp4,1,27.305123165980138,77.35275396779771,0.3529948420110211,0.9639232907176819,0.588838251647497,16.040181533918318,49.31428864599055,0.32526438025021476,0.9886218644046606,0.5729356326135413,4.4404814951622145,4.928944523933613,0.9008990613711403,0.9984824700418423,0.27670923979529494
/home/iiitn/Datasets/FaceForensics++/manipulated_sequences/FaceSwap/c23/videos/542_520.mp4,1,5.178305932939775,25.53416151678996,0.20279913752150372,0.7701982402506689,0.11599204520293858,3.707651742653983,41.161435408517754,0.09007586120008679,0.8735526343018138,0.15306884639203297,0.36392405468570427,0.2567574311093012,1.4173847008571385,0.9960847477280508,0.023182893698881085
/home/iiitn/Datasets/FaceForensics++/manipulated_sequences/FaceSwap/c23/videos/540_536.mp4,1,13.323430089584336,7.553008906643712,1.7639897230711454,0.8133258078362137,0.11193815756394254,8.269108981191792,8.923084951298334,0.9267096554974088,0.8667445990823555,0.09845218915682086,4.7694410688600865e-05,2.576633667253022e-05,1.8510357640187325,0.9798091879762174,0.012742835684360104
/home/iiitn/Datasets/FaceForensics++/manipulated_sequences/FaceSwap/c23/videos/551_631.mp4,1,0.0,0.0,0.0,0.0,0.0,0.0,0.0,0.0,0.0,0.0,0.0,0.0,0.0,0.0,0.0
/home/iiitn/Datasets/FaceForensics++/manipulated_sequences/FaceSwap/c23/videos/544_532.mp4,1,7.8521425481106775,12.585045404985472,0.6239264377226728,0.9354871134479241,0.07950585502712325,4.955570459052847,6.931912523751272,0.7148922381915881,0.9485219446583057,0.07059063263293337,0.6690750788075269,0.6096678671945824,1.097441926677733,0.995652149620491,-0.0013297005828526935
/home/iiitn/Datasets/FaceForensics++/manipulated_sequences/FaceSwap/c23/videos/547_574.mp4,1,0.0,0.0,0.0,0.0,0.0,0.0,0.0,0.0,0.0,0.0,0.0,0.0,0.0,0.0,0.0
/home/iiitn/Datasets/FaceForensics++/manipulated_sequences/FaceSwap/c23/videos/529_633.mp4,1,4.740029571769987,4.954879925221122,0.9566386357099164,0.8669110456609112,0.056019122823395946,4.440514959355782,12.324238149281067,0.36030746124577434,0.8755252378526913,0.044620984009742994,0.32840424706459076,0.20480251137445035,1.6035166993834045,0.9962601103454709,-0.00039311280765454994
/home/iiitn/Datasets/FaceForensics++/manipulated_sequences/FaceSwap/c23/videos/553_545.mp4,1,13.299254208977041,36.17057420266864,0.36768158930680817,0.8898718861370997,0.09926459887202854,11.840713769597999,47.40691475389906,0.2497676516404,0.926080949361352,0.10892938396187882,0.751887009018029,0.5552861847097539,1.3540531526298238,0.9947216090585153,0.0027144424326757317
/home/iiitn/Datasets/FaceForensics++/manipulated_sequences/FaceSwap/c23/videos/548_632.mp4,1,6.129081513190296,1.5511319376434376,3.9513605286871494,0.9070250623003949,0.024264272753565286,4.5356075802485085,1.6304971805941288,2.7817328568429667,0.9234746725022571,-0.011340447353683373,0.00466320545607936,0.0024325024647970633,1.9170403827189537,0.9804426677128033,-0.003461143941607587
/home/iiitn/Datasets/FaceForensics++/manipulated_sequences/FaceSwap/c23/videos/556_588.mp4,1,7.857941379740386,27.247295357999473,0.2883934451656829,0.9125583321781364,0.08845893588273046,5.2204023765582335,13.321900589165992,0.3918661861809504,0.9201598309866981,0.08731209599406116,0.4837011574925032,0.29912712797242874,1.6170420943468795,0.9924620018744356,0.009755098478129162
/home/iiitn/Datasets/FaceForensics++/manipulated_sequences/FaceSwap/c23/videos/549_531.mp4,1,18.9485136179629,866.0637098367673,0.02187889112861483,0.8672253219220382,0.08154879371263711,11.976350597105679,414.53221851616485,0.02889124189182573,0.8954427773795898,0.05940746653862638,8.12070098191979,46.93189131750385,0.1730316156871153,0.9778330342980888,-0.003819552744311889
/home/iiitn/Datasets/FaceForensics++/manipulated_sequences/FaceSwap/c23/videos/557_560.mp4,1,6.47621452647558,37.281860333548515,0.17370953242501913,0.9533280008215984,0.15573340382653827,4.320502490996219,20.843379669122054,0.2072841621455818,0.9656906706883888,0.1281954431208244,0.8397525492802648,0.8433885022952551,0.995688875286899,0.9981435659775433,0.010975056124813611
/home/iiitn/Datasets/FaceForensics++/manipulated_sequences/FaceSwap/c23/videos/533_450.mp4,1,2.398015258250656,0.5058081876251665,4.740957771976055,0.8173155913621292,0.02482969226880821,1.863358267408979,16.18752267907239,0.11511077416546092,0.5613198168004718,0.05083782456464439,0.0009963156470056786,0.000511616760234887,1.9473866464973955,0.9725459583022981,-0.011293141461517237
/home/iiitn/Datasets/FaceForensics++/manipulated_sequences/FaceSwap/c23/videos/552_851.mp4,1,4.286328885922335,2.2551099006035606,1.9007184016952503,0.8548281293073906,0.06998632136430762,2.7185361991503636,2.3394160642509862,1.1620575923593826,0.8334968474726723,0.06189345360085161,0.2415533343411936,0.13487657098140557,1.7909213778462294,0.9892689681913559,0.011881026893650368
/home/iiitn/Datasets/FaceForensics++/manipulated_sequences/FaceSwap/c23/videos/560_557.mp4,1,8.359321345449777,9.232086064964449,0.9054639749485446,0.9308876784644186,0.27921104870747776,6.1520069845119965,21.518228504380655,0.28589746517746933,0.94483414895277,0.2803769677369201,0.8132892381944279,0.625770741493478,1.2996600580164777,0.9958381962059754,0.035403795000771315
/home/iiitn/Datasets/FaceForensics++/manipulated_sequences/FaceSwap/c23/videos/567_606.mp4,1,0.0,0.0,0.0,0.0,0.0,0.0,0.0,0.0,0.0,0.0,0.0,0.0,0.0,0.0,0.0
/home/iiitn/Datasets/FaceForensics++/manipulated_sequences/FaceSwap/c23/videos/554_572.mp4,1,7.345175159669215,18.464391904520664,0.3978021695840893,0.9603451943554034,0.09478456142977096,5.111969807246151,15.913625152639128,0.3212322621787015,0.9681372674712829,0.0939097291910789,0.6832504151544376,0.595336572625701,1.1476708244900815,0.9963263128562376,0.008898432105837212
/home/iiitn/Datasets/FaceForensics++/manipulated_sequences/FaceSwap/c23/videos/563_537.mp4,1,6.992337004136521,50.59307691894383,0.13820738784753264,0.8246001777531575,0.15080667615671964,5.371474429597829,22.75560758893766,0.23605058263568848,0.884431474410792,0.17902296196066328,0.4324799155986787,0.2707343466245765,1.597432763853906,0.9923104559196413,0.025989768251152044
/home/iiitn/Datasets/FaceForensics++/manipulated_sequences/FaceSwap/c23/videos/565_589.mp4,1,28.351016896794047,182.13533152142983,0.15565907317361047,0.9695000053084852,0.2133369865487957,17.82464699326572,109.22279649519412,0.16319529956413464,0.9744757771778755,0.20776791957405838,2.9782953417802145,3.7121557403302554,0.8023088334960988,0.997005814695735,0.04680386618282023
/home/iiitn/Datasets/FaceForensics++/manipulated_sequences/FaceSwap/c23/videos/568_628.mp4,1,18.477705523159766,39.66909052500012,0.4657960462066759,0.95966476075653,0.053680085238367925,11.810946305083455,33.600525866032164,0.3515107576641684,0.9647255625242219,0.03786805420369585,0.9067253627644106,0.6857877744462572,1.3221661227433672,0.9950712331007825,0.012273750847068056
/home/iiitn/Datasets/FaceForensics++/manipulated_sequences/FaceSwap/c23/videos/566_617.mp4,1,31.767445641636517,85.07818602004996,0.37339119611870947,0.9321209468947885,0.09537108850914376,20.828027443920778,64.3558207652825,0.32363859548749163,0.9332798360538526,0.12028738714957356,1.9130344679394533,1.8530937646908185,1.0323462872687588,0.9979189987770399,0.0065787103149388525
/home/iiitn/Datasets/FaceForensics++/manipulated_sequences/FaceSwap/c23/videos/559_543.mp4,1,5.6920170530339425,141.13977916414834,0.040328935518696075,0.914325444690942,0.035125157722583074,4.058579739675694,74.78958905975473,0.054266640460251835,0.9408142236065343,0.028634093349342214,2.7119535623425777,14.685757333089859,0.18466555730374357,0.9746439958804866,0.019055467395929306
/home/iiitn/Datasets/FaceForensics++/manipulated_sequences/FaceSwap/c23/videos/558_583.mp4,1,18.758150932876816,127.01316995224742,0.14768666068195319,0.9337929529874923,0.023540476292501177,11.456967488007777,108.98867546184842,0.10512071496839412,0.9531012827578572,0.0166435419712242,0.5568923198707222,0.43115433386517776,1.2916310381907532,0.9925812129598185,-0.020496596500042378
/home/iiitn/Datasets/FaceForensics++/manipulated_sequences/FaceSwap/c23/videos/562_626.mp4,1,10.020351568709108,40.05171047735569,0.2501853591090544,0.9235257500511564,0.08399635498778603,6.011822586527647,30.822282628385228,0.1950479352554884,0.9528622958546916,0.07616399091633556,0.7132906148670437,0.8374333870419776,0.8517580334199035,0.9945092636502494,0.017313571453772342
/home/iiitn/Datasets/FaceForensics++/manipulated_sequences/FaceSwap/c23/videos/574_547.mp4,1,18.000422163069043,63.96931736698381,0.2813914999249237,0.9051073760355113,0.0696779311183319,11.25861729525226,37.60063508262175,0.2994262535862264,0.968880544118218,0.0575629607002678,0.7351919464705711,0.512310762761525,1.435050754170462,0.9915469717247607,0.0016594330819739828
/home/iiitn/Datasets/FaceForensics++/manipulated_sequences/FaceSwap/c23/videos/570_624.mp4,1,15.924806060738105,48.031635279523535,0.33154827996304015,0.9335316680703841,0.04758771523595507,12.024540311085682,37.84412415971267,0.3177386338851124,0.9745846234103764,0.029273621398759397,1.634851302295709,1.8621137253550224,0.8779545953800515,0.9963282488139039,0.01035859202592722
/home/iiitn/Datasets/FaceForensics++/manipulated_sequences/FaceSwap/c23/videos/572_554.mp4,1,9.705418629313124,61.45992929498424,0.1579145752467565,0.9202090784109096,0.07844243666034992,6.295291454315308,34.01738543166013,0.18506100261474687,0.9330263615483066,0.06922675434090707,1.0032370297847517,0.8610416002851297,1.165143506948485,0.9958675741768692,0.012313853537769115
/home/iiitn/Datasets/FaceForensics++/manipulated_sequences/FaceSwap/c23/videos/571_746.mp4,1,23.2217869502517,27.236045865262977,0.8526122721752688,0.9383205667933163,0.07914484956806468,14.345638019051725,17.320465632637326,0.828247826780126,0.9664186312112605,0.05005780610670191,0.7935158210102896,0.5357703796249097,1.4810744512711327,0.9914932553602519,0.006931690947103553
/home/iiitn/Datasets/FaceForensics++/manipulated_sequences/FaceSwap/c23/videos/575_603.mp4,1,4.022414110817809,1.4697295276641869,2.7368396940425868,0.8976822517758686,0.003982296109597414,5.2448506832452635,1.577495929645625,3.3247950658252967,0.9174974107506847,-0.01023795883145594,0.3825888149703478,0.2811105854441204,1.3609904243410267,0.9950313974597101,0.000855468277964542
/home/iiitn/Datasets/FaceForensics++/manipulated_sequences/FaceSwap/c23/videos/555_516.mp4,1,2.192261747034322,8.719613143202348,0.2514173176069594,0.853642989068938,-0.005138401187133364,1.6643408044702201,9.73023083449919,0.1710484399372302,0.8265668135109984,-0.0017905640010663034,0.3799664069994932,0.376829152532667,1.008325402760749,0.9965284748047134,-0.007961733739943553
/home/iiitn/Datasets/FaceForensics++/manipulated_sequences/FaceSwap/c23/videos/573_757.mp4,1,5.438222475038077,2.4077972335573334,2.258588222980689,0.8841942493918339,0.07053838274686569,3.667113311497759,6.681226112212269,0.5488683139753093,0.9210951314146986,0.06132949456317409,0.3833720623489685,0.28842271275527814,1.3292020544659855,0.9967618807116957,0.004579102899770681
/home/iiitn/Datasets/FaceForensics++/manipulated_sequences/FaceSwap/c23/videos/576_155.mp4,1,25.64193158776131,19.575947320918527,1.3098692577886524,0.9075931199699693,0.06408509518305566,16.72456680950218,42.55204549330167,0.3930379048907267,0.8976529459758459,0.048591107365973184,0.34499266291593383,0.2083892306541745,1.6555205940006328,0.9879390485771106,-0.004386761008381097
/home/iiitn/Datasets/FaceForensics++/manipulated_sequences/FaceSwap/c23/videos/561_998.mp4,1,4.442457337486855,5.2611277679436865,0.8443925966890536,0.8249010335322001,0.027651978601198574,3.1516831312718474,13.505186036223963,0.23336836107391046,0.7679175692784765,-0.025204024164372663,0.15713437965849802,0.09036173999982404,1.7389481395422888,0.9880108790914305,0.006092216167566983
/home/iiitn/Datasets/FaceForensics++/manipulated_sequences/FaceSwap/c23/videos/564_971.mp4,1,1.1445250850559066,4.633432871783662,0.24701449588829721,0.7320628945895994,0.05409156303340226,1.0200825196429257,9.225793773123046,0.11056853694417831,0.7385592837919334,0.08660537338929458,0.22857581017860196,0.181828812078396,1.2570934582141517,0.9937153161418427,0.003934617825353462
/home/iiitn/Datasets/FaceForensics++/manipulated_sequences/FaceSwap/c23/videos/582_172.mp4,1,31.382041285580932,74.05376390581655,0.42377375072377693,0.9285211221693288,0.2047029734445642,19.710319209499726,45.96754597812821,0.4287877194679499,0.9778183259669789,0.1830194589213976,1.9551369367314249,1.6007142042023697,1.2214153729620103,0.9969400229706943,0.06143470185399251
/home/iiitn/Datasets/FaceForensics++/manipulated_sequences/FaceSwap/c23/videos/578_636.mp4,1,18.6079488623148,32.465808727560315,0.5731552544544642,0.88017977068484,0.04102713857643204,11.70896265532626,24.876134463203915,0.470690599966238,0.932017317261403,0.05360047666606962,0.8706889042927269,0.5505112453732696,1.5816005787535976,0.9956311748430621,0.009812485199875926
/home/iiitn/Datasets/FaceForensics++/manipulated_sequences/FaceSwap/c23/videos/569_921.mp4,1,3.3784707175572515,1.2266411995432722,2.7542452665173744,0.8175003364591763,0.03964599763066382,2.6230369194992154,4.535005308078191,0.5783977617020222,0.7851668434385976,0.037484207606570105,0.08230400442970993,0.04824727900916612,1.7058786758538993,0.9899096787202962,-0.010361592637138735
/home/iiitn/Datasets/FaceForensics++/manipulated_sequences/FaceSwap/c23/videos/580_524.mp4,1,41.484423399053625,25.263026470819486,1.6421003020746923,0.8917948247503975,0.1250594505276722,29.611566742994818,19.878514066868664,1.4896267720708634,0.9285202072296405,0.1256281432802439,1.0029581987853635,0.54022984321352,1.8565397883599615,0.9956266295077928,0.021549939697494382
/home/iiitn/Datasets/FaceForensics++/manipulated_sequences/FaceSwap/c23/videos/587_535.mp4,1,22.510026910423775,68.60391112317107,0.32811579605147295,0.9442460125393847,0.20112878655504238,13.145833760324257,35.22993915366198,0.3731438110916468,0.9636084159212835,0.1745019196595388,0.8169154454940175,0.6087090324667602,1.342045874008986,0.9936849030427162,0.027237139561170774
/home/iiitn/Datasets/FaceForensics++/manipulated_sequences/FaceSwap/c23/videos/589_565.mp4,1,13.314108376056248,102.95503103069073,0.1293196480324243,0.9420141541708905,0.15864486309265408,11.049501601750984,59.928298047126795,0.18437869857511735,0.9610294257982973,0.15962812371799534,2.1451131837468407,2.093106139413646,1.0248468261374284,0.9951418225175973,0.04506200810303727
/home/iiitn/Datasets/FaceForensics++/manipulated_sequences/FaceSwap/c23/videos/588_556.mp4,1,14.53803737350087,15.483083052709622,0.938962693929142,0.8698764583958493,0.0891888537710494,10.53388682976068,11.634019438272368,0.9054383040746359,0.9168866117753888,0.0817359843934886,0.47710638189208704,0.2963600067608067,1.6098878762584232,0.9914615442366733,-0.006636349042998519
/home/iiitn/Datasets/FaceForensics++/manipulated_sequences/FaceSwap/c23/videos/583_558.mp4,1,28.10684678498627,22.315999964313946,1.259493046689936,0.9288472760672235,0.1494604781994804,16.891565601239634,18.201293694685276,0.9280420328678022,0.9557963238416217,0.12987486419061733,0.4819039120534356,0.3165330582764498,1.5224441790612475,0.9950161880285581,0.01910550584965232
/home/iiitn/Datasets/FaceForensics++/manipulated_sequences/FaceSwap/c23/videos/585_599.mp4,1,8.528773337478684,20.614951432078445,0.41371784772712383,0.9122163203356403,0.10313657719934015,5.787939814239291,13.918096909233412,0.4158571284555082,0.9347990350988189,0.060363375997871796,0.519472404641594,0.38053955228628505,1.3650943811769347,0.9951201156037897,0.022274992634931566
/home/iiitn/Datasets/FaceForensics++/manipulated_sequences/FaceSwap/c23/videos/584_823.mp4,1,15.230753966340188,124.40950716936884,0.12242435737331005,0.9210418121368275,0.06016455002342389,11.621915739552515,96.40747110877385,0.12054994914698917,0.9662322145567191,0.037519708003453806,0.4172826847882323,0.29051988049603444,1.4363309115911886,0.9808860038490463,0.0043534389414628455
/home/iiitn/Datasets/FaceForensics++/manipulated_sequences/FaceSwap/c23/videos/577_593.mp4,1,2.653222310869116,4.8604282937832055,0.5458824100466115,0.8087950645913926,0.07069207528860443,2.119418491246518,7.620953853937713,0.27810409718613166,0.8118632618847111,0.07289154518008985,0.24992353284409904,0.16690115765238908,1.4974343878705958,0.9946621257925609,0.010914870822375715
/home/iiitn/Datasets/FaceForensics++/manipulated_sequences/FaceSwap/c23/videos/592_500.mp4,1,20.022467698975746,14.726257244218113,1.3596440267833196,0.7414121888112977,0.12481719677854207,10.534632859970605,14.625031428666396,0.7203152288152874,0.8992127328660819,0.09712075146207322,1.4418353803893918e-27,6.788001887784545e-28,0.0,0.0,0.0
/home/iiitn/Datasets/FaceForensics++/manipulated_sequences/FaceSwap/c23/videos/597_595.mp4,1,17.424665620876567,16.02345421437462,1.0874475245945985,0.9377993814125253,0.11499390814128894,10.486775091504782,10.542378109080737,0.9947257613983641,0.9658562700575496,0.11506499055348544,0.8584635067082323,0.5951728264563093,1.442376850132036,0.9959192697447113,0.004882545327454446
/home/iiitn/Datasets/FaceForensics++/manipulated_sequences/FaceSwap/c23/videos/596_609.mp4,1,36.36875007939226,67.90978991998402,0.5355450241010083,0.927428045050574,0.29243063709530687,22.905531873008204,47.94610056814829,0.4777350316623013,0.9636736513039491,0.2699327682266975,2.4988963584597603,2.2454313662334946,1.112880311568565,0.9977795240408976,0.06053263656907898
/home/iiitn/Datasets/FaceForensics++/manipulated_sequences/FaceSwap/c23/videos/598_178.mp4,1,46.5423847660717,139.2882970131117,0.33414425880797793,0.7550056029466464,0.29989322528233364,30.058595275394655,107.58346198274852,0.2793979178715655,0.8802142141975947,0.27457498621802395,0.16008770061983865,0.07881034003722183,2.0313032597528426,0.9803366965648547,0.04714253122084123
/home/iiitn/Datasets/FaceForensics++/manipulated_sequences/FaceSwap/c23/videos/594_530.mp4,1,7.911240073541379,4.144220267046811,1.9089815607650995,0.9018694842875914,0.09099126449149085,5.227465879830521,4.325665955668884,1.2084765521433312,0.9174725271666576,0.04453122116082859,0.40353687366215363,0.2499064291043147,1.6147518697636676,0.9942185714456349,0.010815270374762362
/home/iiitn/Datasets/FaceForensics++/manipulated_sequences/FaceSwap/c23/videos/591_605.mp4,1,13.150991244111728,50.47740376437503,0.26053224340735964,0.8895116205201602,0.06400913949363174,9.447962787956408,45.398248732410714,0.20811293500868722,0.9462822719499683,0.06190638170409137,0.4211916510516473,0.2743697398519523,1.5351242862238341,0.9909690764713064,0.009042517132937645
/home/iiitn/Datasets/FaceForensics++/manipulated_sequences/FaceSwap/c23/videos/595_597.mp4,1,15.339685444004777,8.010301257908013,1.9149948235543541,0.8574683833091408,0.2334835459380138,9.914367423536726,15.469711539089763,0.6408889654137718,0.8546276913362556,0.2541393581538514,0.09222474250600932,0.04877886889851818,1.8906699681347254,0.9912028774247519,0.04760213567641953
/home/iiitn/Datasets/FaceForensics++/manipulated_sequences/FaceSwap/c23/videos/579_701.mp4,1,4.758186141646804,15.708283511624233,0.3029093623199324,0.879048808527992,-0.007675224538944551,2.942586588414238,13.553731318585221,0.2171052767129365,0.9050034411522829,0.004570582838494737,0.3966558856779511,0.3127383169837344,1.26833158630377,0.9951426762580572,-0.001329100186525996
/home/iiitn/Datasets/FaceForensics++/manipulated_sequences/FaceSwap/c23/videos/600_505.mp4,1,17.388040491851626,92.76914335873101,0.18743344890674946,0.9435124439930619,0.2379347816226158,10.281888701721433,66.99096057639225,0.1534817326584923,0.9470635846157197,0.20100071828438584,1.8763710848232986,2.212165279778054,0.8482056480931454,0.9960307640951971,0.0371648148608726
/home/iiitn/Datasets/FaceForensics++/manipulated_sequences/FaceSwap/c23/videos/601_653.mp4,1,15.595281677556974,156.10766308629704,0.09990080800156383,0.919547301740178,0.1985908883885601,9.528449385554877,78.42259683790921,0.1215013244874959,0.9664069537416284,0.15476600912499328,1.1159307572860582,1.0616580206921729,1.051120733358658,0.9967052221095533,0.037422890500305714
/home/iiitn/Datasets/FaceForensics++/manipulated_sequences/FaceSwap/c23/videos/581_697.mp4,1,1.3381824199446621,4.567648990656537,0.2929696267559116,0.8350450509398698,0.013506239307026517,1.0524356506565657,7.60297679303061,0.13842415665681074,0.8029279785536375,0.007301948701960888,0.02113088486497795,0.012209216847422558,1.7307322106772813,0.9815758252657741,0.0056574698811706434
/home/iiitn/Datasets/FaceForensics++/manipulated_sequences/FaceSwap/c23/videos/599_585.mp4,1,11.513759394394512,43.60436353074641,0.26405062388482986,0.88147773076336,0.01557506058785595,7.606822522637405,29.24321365787364,0.26012265996590606,0.9394965590194401,0.000537852943083526,0.6318380094131065,0.4792041273953646,1.3185153743298463,0.9961110496565491,-0.013735067923034985
/home/iiitn/Datasets/FaceForensics++/manipulated_sequences/FaceSwap/c23/videos/586_223.mp4,1,3.9613490576359354,27.5084666907298,0.14400472051649785,0.8145050472638817,-0.009694684760070724,3.0797306402025835,27.09331008964025,0.11367125796047302,0.8906062652739157,-0.006236947764417245,0.2261979509037115,0.16962106407953834,1.3335487082998327,0.9859995893840418,0.01172007639321924
/home/iiitn/Datasets/FaceForensics++/manipulated_sequences/FaceSwap/c23/videos/608_675.mp4,1,15.559475983643344,36.126582776091844,0.4306932676162337,0.9227043728720238,0.24176821541265545,9.911898389265815,36.1385712555532,0.2742747719375517,0.9480251494544832,0.2274763484249685,1.4429528131846954,1.142417170536233,1.263069962881769,0.996684598460401,0.045980978232436916
/home/iiitn/Datasets/FaceForensics++/manipulated_sequences/FaceSwap/c23/videos/606_567.mp4,1,45.62895498708343,87.03490623496283,0.5242604026469762,0.8578503781067056,0.3905409035597697,28.68968412206026,45.483786704588056,0.630767273367023,0.9512385595649763,0.36935914215544147,1.0490858245658568,0.6927729670955441,1.5143284660256837,0.9930635694896676,0.10333131713796458
/home/iiitn/Datasets/FaceForensics++/manipulated_sequences/FaceSwap/c23/videos/605_591.mp4,1,17.364210614871098,9.315639370940593,1.8639848456389791,0.9458766724377696,0.14806369136184735,10.269966317545451,8.063356687219793,1.2736589383206967,0.9513633724683751,0.12339880892322495,0.37640712948933475,0.21882876143511107,1.720098980686093,0.9941140906754026,0.02440075675487032
/home/iiitn/Datasets/FaceForensics++/manipulated_sequences/FaceSwap/c23/videos/609_596.mp4,1,69.30649210943501,49.66890162137469,1.395369936660919,0.877896664059227,0.24492198172517404,39.11815075758236,38.74606316961309,1.0096032359814322,0.947482528137074,0.13364598058311244,1.9118504621769852,1.2984063224463087,1.4724592980838966,0.9960788472204308,0.021593232125403962
/home/iiitn/Datasets/FaceForensics++/manipulated_sequences/FaceSwap/c23/videos/611_760.mp4,1,15.280212351971471,11.428068958545529,1.3370773669111822,0.9220848199966687,0.40368071536797123,13.660439425541028,7.558748459774545,1.8072356155569804,0.9582767174997159,0.4867146340060014,1.3120770443614884,0.856075423213326,1.5326652404487158,0.9972171492168371,0.10002257327318946
/home/iiitn/Datasets/FaceForensics++/manipulated_sequences/FaceSwap/c23/videos/603_575.mp4,1,6.337734962600571,7.1845920188432695,0.8821287201804058,0.8764659940242042,0.019384533159251215,5.902574719922646,4.532270035280366,1.3023440073021848,0.8951881302936461,-0.010021846920608453,0.6355744615772089,0.7346265215597961,0.8651667792060176,0.9953950665406938,-0.0008942800670230345
/home/iiitn/Datasets/FaceForensics++/manipulated_sequences/FaceSwap/c23/videos/590_034.mp4,1,15.817835691307602,19.884110776246292,0.7955012858912307,0.9301816895387707,0.00261977215496921,10.039744321928406,22.064051408878843,0.45502723574548465,0.9191881510556318,0.0153394459322145,0.436976698088678,0.29673031272553935,1.4726392260869536,0.9886968853603603,0.0010821056775917916
/home/iiitn/Datasets/FaceForensics++/manipulated_sequences/FaceSwap/c23/videos/604_703.mp4,1,20.167739636131774,82.73234950301891,0.24377090409351726,0.9060774967407083,0.019002006110813676,11.635497904379323,65.32666439898132,0.1781125366101007,0.9326417617188186,0.024666077934866193,0.26822503893300614,0.188160979528703,1.4255083046699901,0.989305109063686,-0.005330272728854804
/home/iiitn/Datasets/FaceForensics++/manipulated_sequences/FaceSwap/c23/videos/593_577.mp4,1,4.229012364213713,19.770436262671655,0.21390586975556353,0.7601639801975356,-0.011084554511599905,3.457900130872423,42.101270853233096,0.08213291572425015,0.8377007585864092,-0.017543434891728337,0.000858487974460709,0.00046921400465472054,1.8296299043598296,0.9845655307793671,0.0018393104262729202
/home/iiitn/Datasets/FaceForensics++/manipulated_sequences/FaceSwap/c23/videos/610_692.mp4,1,4.568199843421999,5.727741834700514,0.7975568688774284,0.9440969042532791,0.032813593009417816,3.9289967592782524,3.1189444504659334,1.259720017998816,0.9474177906613805,0.01788036848335534,0.38854085513111336,0.27130272260322763,1.4321303207094722,0.9899003908970068,0.004285733564301129
/home/iiitn/Datasets/FaceForensics++/manipulated_sequences/FaceSwap/c23/videos/617_566.mp4,1,42.23924917616083,93.98439741048021,0.4494283129962456,0.9483472495796073,0.2354819526887634,25.548878607200013,58.03704906849983,0.4402167066944641,0.9704150193093483,0.2275956266645123,1.3197422689650742,0.942584896630696,1.4001309311050294,0.9982453613926922,0.05223033587158936
/home/iiitn/Datasets/FaceForensics++/manipulated_sequences/FaceSwap/c23/videos/616_614.mp4,1,36.31775340733632,25.735371631330423,1.4111998819213798,0.9360745148457595,0.11188639013821282,20.20648516707139,16.29746554710681,1.2398544490654575,0.9625326674162187,0.08623000221845724,1.2517990843884783,0.8367577074962848,1.4960114178500548,0.9967472022316898,0.026389687996273444
/home/iiitn/Datasets/FaceForensics++/manipulated_sequences/FaceSwap/c23/videos/613_685.mp4,1,2.8019658528873372,22.4655967595025,0.12472252052250343,0.8737377909779828,0.07943424927717176,2.419560879061987,22.03467605572439,0.1098069639391594,0.9142635904957227,0.06627190649136117,0.33089422651636174,0.29480114208420666,1.1224319694862155,0.9798615394452156,0.009657544939926833
/home/iiitn/Datasets/FaceForensics++/manipulated_sequences/FaceSwap/c23/videos/612_702.mp4,1,7.998217313936067,18.75452187920211,0.42646873993656526,0.8951172889772095,0.035353028768081794,5.042810919991754,20.171273735834042,0.24999962749170654,0.9250605736911041,0.023854995669302444,0.588196351130987,0.41625554765493566,1.4130654941290668,0.9949954638674722,0.004982331151873595
/home/iiitn/Datasets/FaceForensics++/manipulated_sequences/FaceSwap/c23/videos/614_616.mp4,1,25.392126831211808,49.64201771986936,0.5115047292094361,0.8896500785285433,0.2267801317647871,15.434277202837649,39.408741016880974,0.39164603599557474,0.945183287982084,0.2314905880475464,0.5975037737279505,0.38943352926894265,1.5342894969768117,0.9930142810273402,0.03818213866600897
/home/iiitn/Datasets/FaceForensics++/manipulated_sequences/FaceSwap/c23/videos/623_630.mp4,1,43.92851248637199,98.81340009254036,0.4445602766955921,0.8558340652612575,0.05412222371951948,22.94318169220026,67.43975381301779,0.3402026311633951,0.945227756893028,0.05724113674144189,2.2065601609289405,1.7066385648280704,1.2929276335386415,0.9971038136770313,0.0028271119925889826
/home/iiitn/Datasets/FaceForensics++/manipulated_sequences/FaceSwap/c23/videos/602_397.mp4,1,5.723669903175843,1.0624144902913182,5.387417016127472,0.8425456978560945,0.04150654468060191,4.225517545499325,5.834343194153917,0.7242490551007259,0.7482836373900835,0.022079139109258777,0.5339630791288392,0.44465717618856265,1.200842149239047,0.9968047072839541,0.001985359814812663
/home/iiitn/Datasets/FaceForensics++/manipulated_sequences/FaceSwap/c23/videos/618_629.mp4,1,10.519734638062063,15.430317288134034,0.6817575064481516,0.8341619906003229,0.047830283386175364,6.242045988186576,25.94282084832501,0.24060783615940484,0.8944118703367351,0.0505686277919976,0.11441719590711574,0.06889555138295145,1.6607341636782205,0.9954255074249526,-0.0024006196820736017
/home/iiitn/Datasets/FaceForensics++/manipulated_sequences/FaceSwap/c23/videos/615_687.mp4,1,11.357068681261106,57.09643591715741,0.19891029096350865,0.8925916079585553,0.0713487128375355,7.13885870646169,55.75252385534802,0.12804548050566683,0.9391202523414864,0.023745303255488178,0.8154636258898676,0.7065382981441312,1.1541676198329962,0.9928105553384561,0.01659695519884654
/home/iiitn/Datasets/FaceForensics++/manipulated_sequences/FaceSwap/c23/videos/625_650.mp4,1,26.19313795327182,44.07043450307543,0.5943471683140302,0.840090966103737,0.08738851297962151,17.89579435200091,26.899506909181696,0.6652833604876407,0.9213345861853411,0.08417135086544394,0.998575016927658,0.5471248942983439,1.8251317520623385,0.9962192221258857,-0.0016780072333781382
/home/iiitn/Datasets/FaceForensics++/manipulated_sequences/FaceSwap/c23/videos/619_620.mp4,1,14.839491739219062,17.305978218436675,0.8574777774428274,0.7897058023852409,0.10505770765257365,9.760045970006937,29.562453148035086,0.33015006979066125,0.9086898425683239,0.06999420035801758,0.19158760378798187,0.11111046953966132,1.724298390437401,0.993963934242427,0.009941408144960117
/home/iiitn/Datasets/FaceForensics++/manipulated_sequences/FaceSwap/c23/videos/624_570.mp4,1,7.872057013289606,34.53368511047666,0.22795299685238107,0.9289744092953273,0.12385920694406803,5.922622580575965,19.64817048411989,0.3014337943251646,0.9524744859435632,0.1096797385934146,1.426233733939038,2.095020030211945,0.6807733164225411,0.9966497390291655,0.008748438839113032
/home/iiitn/Datasets/FaceForensics++/manipulated_sequences/FaceSwap/c23/videos/607_683.mp4,1,1.8359188000697035,0.7374700532075397,2.489482511302784,0.8418461294342956,-0.009827885065376924,1.3565651163412777,3.688126115953987,0.36781961182755885,0.7597569276300419,0.0018385215018711068,0.105359777433548,0.07307857612267157,1.4417327625087875,0.9945370768947316,0.00966234645479999
/home/iiitn/Datasets/FaceForensics++/manipulated_sequences/FaceSwap/c23/videos/627_658.mp4,1,28.499450373129413,133.1936649463104,0.21397001414907665,0.8954824688603158,0.18313322688397807,19.889894353445136,65.34304576363041,0.30439190767743096,0.9459299341743674,0.13559393243104328,2.1508901670992095,2.128778317894368,1.0103871074874122,0.9976648998638761,0.03573595139742993
/home/iiitn/Datasets/FaceForensics++/manipulated_sequences/FaceSwap/c23/videos/621_546.mp4,1,10.457768282465134,20.795256122013864,0.5028920163861091,0.8198345598545029,0.05760737942327149,7.06929657733266,23.214549316759275,0.3045200869882546,0.8565055674628649,0.09145060645759034,0.0011076401662638193,0.0005694874149443939,1.944977425659129,0.9657782967536622,0.002612579051217822
/home/iiitn/Datasets/FaceForensics++/manipulated_sequences/FaceSwap/c23/videos/626_562.mp4,1,13.95184020549248,49.86304919445317,0.2798031895539293,0.9175050508891126,0.056577124260037866,8.33649373836848,52.62213362465076,0.15842181158658422,0.9475515538575273,0.025043954507689443,1.0375447927089294,1.046621797308375,0.991327330824956,0.9976826158497903,-0.000411348786433487
/home/iiitn/Datasets/FaceForensics++/manipulated_sequences/FaceSwap/c23/videos/622_647.mp4,1,6.961533097591595,92.36057397560421,0.07537342827070768,0.8547300072508186,0.05286935124734089,4.109829463641806,49.50255283031811,0.08302257618368156,0.9039370797334086,0.04343655156133299,0.12499065024570556,0.07667604691395563,1.630113383205157,0.9831896801972975,0.002621487808872863
/home/iiitn/Datasets/FaceForensics++/manipulated_sequences/FaceSwap/c23/videos/628_568.mp4,1,15.922158648702668,61.24290658930844,0.2599837195101759,0.9022915548256488,0.09545039852178992,11.134789414595637,33.45609128766217,0.3328180007298668,0.9579084288406389,0.09775521596448368,0.33407015482782176,0.19944676939755301,1.6749840362765005,0.9920359608067736,-0.0006868431582062381
/home/iiitn/Datasets/FaceForensics++/manipulated_sequences/FaceSwap/c23/videos/630_623.mp4,1,30.835885744704484,35.95333226766217,0.8576641941041855,0.9639564119775125,0.330315015194576,20.662621602651004,20.095545407839055,1.028218999947657,0.9752134984455396,0.2613125506915438,2.107191676838327,1.8745705556078953,1.1240930198836907,0.9974069747862204,0.07669560209024862
/home/iiitn/Datasets/FaceForensics++/manipulated_sequences/FaceSwap/c23/videos/631_551.mp4,1,81.50639236845291,115.5349218783961,0.7054697492611003,0.9063960786780605,0.16155257192275532,44.29267960629727,75.5769007893774,0.58606107347184,0.9622861793612086,0.12838005866170815,1.103184626661686,0.6131396874663552,1.799238655093944,0.991847563018405,0.03868393863526214
/home/iiitn/Datasets/FaceForensics++/manipulated_sequences/FaceSwap/c23/videos/636_578.mp4,1,15.267091799592402,8.195697420770685,1.8628178928251302,0.966866271352338,0.08479520240446577,9.53693791824094,19.55777465572285,0.4876289908295018,0.934595142228081,0.06820744520996908,0.8170872507643548,0.6391009882772266,1.2784947383150065,0.9961235782907604,-0.000488634282431197
/home/iiitn/Datasets/FaceForensics++/manipulated_sequences/FaceSwap/c23/videos/635_642.mp4,1,33.89903907155579,103.50992226022079,0.3274955514538465,0.9171682853610132,0.19569822820240249,20.55275227044528,48.24501271218003,0.42600781127489457,0.9639540586431901,0.15556541144402103,1.8202804285329783,1.4783652905698617,1.231279197465005,0.9980946917292077,0.016347888979058166
/home/iiitn/Datasets/FaceForensics++/manipulated_sequences/FaceSwap/c23/videos/629_618.mp4,1,17.34494682437712,46.64793373774407,0.3718266905859298,0.8567106737286748,0.04090377418831192,11.83026045700779,51.270521307105355,0.23074195766697397,0.9541647993182236,0.03453127151674509,0.38385768573207785,0.2563189023647614,1.4975785327990325,0.9919018612773058,0.0188663850921241
/home/iiitn/Datasets/FaceForensics++/manipulated_sequences/FaceSwap/c23/videos/633_529.mp4,1,5.831108987929507,9.47179954775144,0.6156284197667363,0.9037625464597235,0.07456604780057838,3.9944005994858984,7.053318197430613,0.5663150998831984,0.940064657584553,0.045824704411885596,0.42310805547281866,0.3519352225660011,1.2022327642794264,0.9939320561975613,4.0728061904267784e-05
/home/iiitn/Datasets/FaceForensics++/manipulated_sequences/FaceSwap/c23/videos/634_660.mp4,1,12.824546038708801,18.739746414823344,0.6843500309355545,0.8425210093341535,0.0979430924636494,8.227660641141169,12.622294131401901,0.651835597831007,0.932667687697133,0.05048062809343631,0.5912808280454575,0.4256195757158361,1.3892237617384045,0.9961696244781754,-0.0023478796040698486
/home/iiitn/Datasets/FaceForensics++/manipulated_sequences/FaceSwap/c23/videos/642_635.mp4,1,38.78917930818245,27.98141872632739,1.3862477699061828,0.8420477510797717,0.1995322192428932,24.128072981160983,24.869456081515803,0.9701890102491686,0.8884018079335214,0.14079979604220472,0.6805866002640553,0.37226457348669934,1.8282335971149615,0.9936915609382537,0.014829908693619848
/home/iiitn/Datasets/FaceForensics++/manipulated_sequences/FaceSwap/c23/videos/620_619.mp4,1,11.61290629163769,7.2282820684053535,1.606592850381064,0.9064900712560817,0.07126131047077712,7.719143679070481,8.364160790616863,0.9228832243074548,0.9297365593814817,0.07221585937266968,0.5548442041165562,0.3559051226100827,1.558966614606512,0.9974542438527356,0.01859402435006514
/home/iiitn/Datasets/FaceForensics++/manipulated_sequences/FaceSwap/c23/videos/638_640.mp4,1,13.344763696256344,15.723131370319237,0.8487344780090962,0.9260310076031198,0.036995726557748826,8.080271286064836,12.500236277495864,0.6464094843240461,0.9331331187403267,0.031670956859834856,0.45492731920897017,0.3543544526170976,1.2838199600684796,0.994290897510671,-0.00104357466963519
/home/iiitn/Datasets/FaceForensics++/manipulated_sequences/FaceSwap/c23/videos/637_427.mp4,1,5.014437693235066,22.68234490628828,0.22107227951748948,0.7921750796870998,0.05473472134686909,4.641623755694362,10.715383328859183,0.4331738411255264,0.8598329005335837,0.04593444031415368,0.051566235855939106,0.027772788930408843,1.8567179545831805,0.9880260097488933,-0.0025102292461303493
/home/iiitn/Datasets/FaceForensics++/manipulated_sequences/FaceSwap/c23/videos/641_662.mp4,1,6.459798081824616,15.901169157359575,0.40624673682153817,0.9355725174051935,0.034125214659655574,5.491452387877959,8.1684134590694,0.6722789456477367,0.9521696489149422,0.030010411763377928,0.3243956055179255,0.22604117285556294,1.4351173346866752,0.9895285244982404,0.0019731631940252963
/home/iiitn/Datasets/FaceForensics++/manipulated_sequences/FaceSwap/c23/videos/644_657.mp4,1,43.66898534465346,79.35399957621188,0.5503060410044437,0.9087041339345051,0.06967904668870353,25.9345087485172,50.311399434378465,0.5154797727768191,0.9441800891647173,0.03598013489351633,2.2097058668863627,1.620963722944056,1.3632050092231618,0.9983132537347762,0.0015297324920643413
/home/iiitn/Datasets/FaceForensics++/manipulated_sequences/FaceSwap/c23/videos/640_638.mp4,1,8.810475232770713,43.56581240953462,0.20223369531018986,0.89649827891185,0.03619524422813062,5.679755027047598,41.47293371911065,0.13695088622173784,0.9271437512143125,0.021493459194244134,0.5158222056063142,0.3728149348727632,1.383587826980047,0.992363124455192,0.002907892492080577
/home/iiitn/Datasets/FaceForensics++/manipulated_sequences/FaceSwap/c23/videos/639_841.mp4,1,9.90842245405939,38.43075901441731,0.2578253125404638,0.8455969979215334,0.07326873765389308,6.872191149147952,39.03122132432991,0.1760690779323425,0.8994221682441251,0.061560213577830224,0.4789090214524978,0.27200469964103896,1.7606645108871566,0.9945294893274862,-0.0040549446816351255
/home/iiitn/Datasets/FaceForensics++/manipulated_sequences/FaceSwap/c23/videos/646_643.mp4,1,6.0335790512045335,14.32972670631293,0.42105332326725065,0.9395423562696671,0.09537952589999009,4.314094601480288,10.150381832057954,0.4250179621672045,0.957090941270852,0.13649806792178867,0.5569393692531222,0.4300985789198748,1.2949109728560093,0.99262105942848,0.016735282396478247
/home/iiitn/Datasets/FaceForensics++/manipulated_sequences/FaceSwap/c23/videos/650_625.mp4,1,26.983816113679598,8.07928300046886,3.3398775747939093,0.9484897698148957,0.24816443568002028,13.939867563441766,5.998561765463272,2.323868305182848,0.9652107749382765,0.18134787791635354,0.8609388784598014,0.5259840255070037,1.6368156383265249,0.9966663313121081,0.03059841918982384
/home/iiitn/Datasets/FaceForensics++/manipulated_sequences/FaceSwap/c23/videos/643_646.mp4,1,7.534539278479907,6.919904229962124,1.0888213229680994,0.8436518447897279,0.02580630530662098,5.304492949090496,7.826181809468035,0.6777881064139315,0.798029005365362,-0.00797085446888758,0.3602669437765403,0.20805769058291834,1.731572347877048,0.9952125448460317,0.0032075528549814296
/home/iiitn/Datasets/FaceForensics++/manipulated_sequences/FaceSwap/c23/videos/647_622.mp4,1,0.0,0.0,0.0,0.0,0.0,0.0,0.0,0.0,0.0,0.0,0.0,0.0,0.0,0.0,0.0
/home/iiitn/Datasets/FaceForensics++/manipulated_sequences/FaceSwap/c23/videos/653_601.mp4,1,12.414684790848183,31.021617414739,0.4001946328223916,0.8965671217723136,0.0027939196140751624,8.583474136986288,21.548681499073037,0.3983294354856711,0.932719118958755,-0.002871022791591977,0.9808457737409344,0.7355833148082027,1.3334258050655783,0.9935837741211121,-0.006303532195175126
/home/iiitn/Datasets/FaceForensics++/manipulated_sequences/FaceSwap/c23/videos/654_648.mp4,1,57.59157240877287,53.31223373804688,1.0802693560309777,0.8479407594467293,0.3989951175432109,47.96347344184977,33.095470730822676,1.4492458449059054,0.9037378109651583,0.3809712935435802,0.8756040415559895,0.45192747186910803,1.9374879733126538,0.9885744436266094,0.10319947594266995
/home/iiitn/Datasets/FaceForensics++/manipulated_sequences/FaceSwap/c23/videos/655_444.mp4,1,48.06078993085227,102.22971822052766,0.4701254270032968,0.8981234158379707,0.1954931741407892,26.404465524390293,104.17511217111617,0.2534623191095661,0.9631988116034155,0.11527980843641591,1.43456508028493,1.2160701402948548,1.1796729750613708,0.996437549772808,0.024158281470851972
/home/iiitn/Datasets/FaceForensics++/manipulated_sequences/FaceSwap/c23/videos/656_666.mp4,1,63.14261220360233,57.27245232785157,1.1024953470151322,0.9485548401487746,0.23452917001028992,39.29665568123566,43.28133585385984,0.9079353699692053,0.9544748334315191,0.1917614624535068,1.583659476311546,1.0030984774765064,1.5787677001519893,0.9892858016915226,0.08243214474938643
/home/iiitn/Datasets/FaceForensics++/manipulated_sequences/FaceSwap/c23/videos/658_627.mp4,1,22.75116077699734,148.19833665241836,0.15351832747190336,0.9431329901689113,0.24217668100684572,16.182358542658054,88.2457693021073,0.18337829304040779,0.9748006733706522,0.15367471514339667,0.9867559676867558,0.8279025314639264,1.1918745627482732,0.9935378700860102,0.05252444935778628
/home/iiitn/Datasets/FaceForensics++/manipulated_sequences/FaceSwap/c23/videos/648_654.mp4,1,62.93952746327145,44.58098401565689,1.4118021136807348,0.8484259454642284,0.17664795191730231,35.46895375060916,41.10771720714797,0.862829564869189,0.9313590605416318,0.1681664957440312,0.5795878620949555,0.3184322185313199,1.8201294604174898,0.9940295584717219,0.038667114205031654
/home/iiitn/Datasets/FaceForensics++/manipulated_sequences/FaceSwap/c23/videos/649_816.mp4,1,6.64581825625131,6.489063392937047,1.0241567779234337,0.9278284561731912,0.07815213043794368,4.479158723113258,4.107568160852634,1.0904648560192098,0.9556361609440073,0.10284745358755541,0.9612095857049537,1.0613966945397313,0.905608233613142,0.9975542123035703,0.0006168143269795587
/home/iiitn/Datasets/FaceForensics++/manipulated_sequences/FaceSwap/c23/videos/632_548.mp4,1,11.131074102607196,42.04654258960223,0.26473220904873684,0.9162180429445828,0.051132626403956265,7.1130243370522015,33.967351534674755,0.20940768166134593,0.933569345424092,0.03075611014675605,0.83184659575414,0.9055744580741324,0.9185844281907111,0.9966007316646414,-0.002498840767487745
/home/iiitn/Datasets/FaceForensics++/manipulated_sequences/FaceSwap/c23/videos/657_644.mp4,1,33.21851706348553,46.87261063689713,0.7086978218647931,0.8678945337209223,0.062009764255839685,20.74967126786368,34.308295109554045,0.6048004193040005,0.9254269153567781,0.04950618947028875,0.5394860046142509,0.3150240493201998,1.7125232368081884,0.9920968096165623,0.012435556618304847
/home/iiitn/Datasets/FaceForensics++/manipulated_sequences/FaceSwap/c23/videos/659_749.mp4,1,23.31614626533783,19.73540388547687,1.1814375018945522,0.8730506493684791,0.12373420822818179,14.58154617650194,12.36428457367672,1.179327933582645,0.9292848706767599,0.08404433159990073,0.4624310407759529,0.26362652207638776,1.7541142565388774,0.9924857581297281,0.011306755393027468
/home/iiitn/Datasets/FaceForensics++/manipulated_sequences/FaceSwap/c23/videos/651_835.mp4,1,9.727772243528554,70.49589315665914,0.13799062339576382,0.9080781513728907,0.04706758677136174,6.615691551434087,46.42597621485411,0.1424997833285707,0.9500487655281811,0.0345158878539825,0.7090895585383449,0.5779870907186818,1.2268259446013705,0.9950748147095861,-0.010377490312511329
/home/iiitn/Datasets/FaceForensics++/manipulated_sequences/FaceSwap/c23/videos/652_773.mp4,1,3.5466285819042285,1.496553280747544,2.369864559805482,0.8959959860820629,0.010976284494315864,2.554626810021929,1.2022423261736304,2.1248851037814687,0.922742051642127,0.013005830874963787,0.3780398969660091,0.2937683129980373,1.2868641042593822,0.9955483154979928,-0.0011400539185315998
/home/iiitn/Datasets/FaceForensics++/manipulated_sequences/FaceSwap/c23/videos/663_231.mp4,1,53.46948275286804,70.37614833492437,0.7597671088563063,0.8000123049386714,0.4801048639553679,33.85138772163202,50.993825580272215,0.6638330687377959,0.8694891935630235,0.47335415338029996,1.309325657701726,0.6498415675687562,2.014838266810615,0.9924491298922037,0.1521851849607337
/home/iiitn/Datasets/FaceForensics++/manipulated_sequences/FaceSwap/c23/videos/665_679.mp4,1,17.60464306582755,188.72604583303237,0.09328147044103566,0.8868608662247729,0.1665676542469583,10.611016945293239,111.68182758177898,0.09501113274246274,0.9243812816960212,0.1932673472873631,1.4313067367553147,1.2130431541275863,1.179930600065669,0.9962591431916424,0.04286589808073805
/home/iiitn/Datasets/FaceForensics++/manipulated_sequences/FaceSwap/c23/videos/666_656.mp4,1,62.6354299477355,147.78400658965325,0.42383090967111986,0.9477239593782357,0.3063904571756918,34.33244408730686,89.83382832644729,0.38217723464423825,0.9794598651608034,0.29644191797377284,1.5376854321972437,1.1861305177814272,1.2963880527021385,0.9944389187299976,0.05581559610498899
/home/iiitn/Datasets/FaceForensics++/manipulated_sequences/FaceSwap/c23/videos/668_664.mp4,1,23.741999929150065,54.833332406843375,0.4329848084554312,0.9528908034130449,0.20505496774357557,16.376319601585035,29.444388565830717,0.556177947623923,0.9717917675364661,0.1829018778562846,0.3901301352612913,0.24977476905831686,1.5619277188489946,0.9863761102448688,0.019526881476164527
/home/iiitn/Datasets/FaceForensics++/manipulated_sequences/FaceSwap/c23/videos/669_682.mp4,1,49.802109933408154,173.58341580317543,0.2869059218760754,0.7884728154954012,0.19554872363298828,27.56745274344829,79.41861666459386,0.3471157507045614,0.8838135570519347,0.14100087204685446,1.7575150986355865,1.0221211570222437,1.7194782502651385,0.9934564462842594,0.035351524648269766
/home/iiitn/Datasets/FaceForensics++/manipulated_sequences/FaceSwap/c23/videos/660_634.mp4,1,8.732576588109842,64.27993248637644,0.13585229869307397,0.9189265323555301,-0.008399334617858188,6.6970859502341655,33.19393111197379,0.20175633695336487,0.9399401741518489,0.0021380610341531184,0.4584631193868036,0.35844136606087645,1.2790463456411998,0.99409688934365,0.003284344283624868
/home/iiitn/Datasets/FaceForensics++/manipulated_sequences/FaceSwap/c23/videos/670_661.mp4,1,25.621975295765438,55.829199270258265,0.4589350309635367,0.8289183980167963,0.1202388638367963,16.545156894474506,56.567414409510796,0.2924856486226942,0.9187813282247568,0.09812680935105053,1.148167412957445,0.7621001656524907,1.5065833399660968,0.9972405482188867,0.012907137386880905
/home/iiitn/Datasets/FaceForensics++/manipulated_sequences/FaceSwap/c23/videos/662_641.mp4,1,5.393526056421103,1.1579469147411083,4.657835335764919,0.8727694248007155,-0.033793017489290963,4.083399114916629,1.1439200246941283,3.569654369857268,0.9060415554391987,-0.008225939853367382,0.5428805405567215,0.3783072588860366,1.4350254397848123,0.9975054047017314,0.0006652652102231227
/home/iiitn/Datasets/FaceForensics++/manipulated_sequences/FaceSwap/c23/videos/661_670.mp4,1,28.669567029534004,94.7732634942724,0.30250690935916374,0.9508995940829937,0.07583737046188391,17.475426800445465,76.15400419574824,0.22947482519141307,0.9736566319753311,0.045579322468962416,1.1733311492913412,1.1560671124100164,1.0149334209891456,0.9965453957292079,-0.0056684636822628325
/home/iiitn/Datasets/FaceForensics++/manipulated_sequences/FaceSwap/c23/videos/674_744.mp4,1,41.132027548394056,47.936893259720215,0.8580453331746456,0.9638358823862433,0.26927860799909037,24.989433431405462,35.76359689359705,0.6987393775227194,0.9830174604158773,0.2562960761824479,1.7981130938452559,1.2662403729089675,1.4200408803222748,0.996059879362409,0.05032426047166463
/home/iiitn/Datasets/FaceForensics++/manipulated_sequences/FaceSwap/c23/videos/664_668.mp4,1,15.431188326708844,39.919658354998326,0.386556122035967,0.885909230296881,0.10890763281449657,11.638695709129047,46.605889593143594,0.2497258567689966,0.9437511713228807,0.08540245285603346,0.6128185100583844,0.4042426299269161,1.5159670571339225,0.9912036380674456,0.010053400947637096
/home/iiitn/Datasets/FaceForensics++/manipulated_sequences/FaceSwap/c23/videos/673_728.mp4,1,27.663472619488186,51.38890593649129,0.5383160453673784,0.9608580963904049,0.16338332750044432,17.59710581322776,36.985219162137646,0.4757875230124956,0.9744101841662737,0.12365072978486003,1.025413143347213,0.7527850895070108,1.3621592106968305,0.9944737019840746,-0.01572915186871674
/home/iiitn/Datasets/FaceForensics++/manipulated_sequences/FaceSwap/c23/videos/675_608.mp4,1,42.798186673328395,93.43873305460441,0.4580347493401658,0.975274173585015,0.12368543217446328,24.414561822265835,60.985628986979926,0.40033303300812395,0.9817478895936592,0.11841840443481803,2.612234123180645,2.735608997907939,0.9549003988429469,0.9981521842156745,0.022667960862420386
/home/iiitn/Datasets/FaceForensics++/manipulated_sequences/FaceSwap/c23/videos/645_688.mp4,1,4.702197655079238,1.6203147465093786,2.902027316118129,0.8829809160331248,0.009963056473623513,3.5687393425574037,8.733653418177115,0.4086192995854271,0.7881172626244332,-0.005930291886164785,0.4615557831872348,0.35560693070609783,1.2979380977495671,0.9973499779673235,0.0043927420632587765
/home/iiitn/Datasets/FaceForensics++/manipulated_sequences/FaceSwap/c23/videos/679_665.mp4,1,19.235528816892977,105.25696114797312,0.18274828198632054,0.9417042381781823,0.20469273429605445,12.45806053237176,60.94830998376795,0.20440370759566018,0.9598006288350384,0.13235689541306028,0.8800583502943177,0.6919538321292907,1.2718454749881056,0.9923531443648178,0.018031094024443334
/home/iiitn/Datasets/FaceForensics++/manipulated_sequences/FaceSwap/c23/videos/680_486.mp4,1,36.29399224336046,89.85902852560646,0.4038992279225234,0.9235741539027803,0.266904186156919,22.669676867753633,62.78589620751209,0.36106320427168315,0.9813401345296423,0.2476274493825877,2.584665617318793,2.325267072872929,1.1115564519327967,0.9979411365527232,0.08992840093300374
/home/iiitn/Datasets/FaceForensics++/manipulated_sequences/FaceSwap/c23/videos/671_677.mp4,1,7.531665788404606,40.91193361153412,0.18409459352176005,0.9225923518009669,0.06041169882079333,6.230561685638816,20.82547514996972,0.29917980938110195,0.9557540897364971,0.06078759068351381,0.6300313103704417,0.5816021828099548,1.0832684762744635,0.9953937614570837,0.010150673523636659
/home/iiitn/Datasets/FaceForensics++/manipulated_sequences/FaceSwap/c23/videos/682_669.mp4,1,59.197089586226674,79.30588745930974,0.7464400372116069,0.8837170631023401,0.09686290677840216,28.872291830727885,47.53101225713871,0.607441130740731,0.9513344585182658,0.06996166025880805,0.8438244114593023,0.4513272078435399,1.8696511018937465,0.9917450314169782,0.014573749333840529
/home/iiitn/Datasets/FaceForensics++/manipulated_sequences/FaceSwap/c23/videos/672_720.mp4,1,6.689489643082879,9.254324869515335,0.7228500984570709,0.8326163061294084,0.09055632304847619,4.961358318341882,6.8445919168602005,0.724858162269781,0.870447096107772,0.07730256864753961,0.25257987583812724,0.1505844893264492,1.67732996252067,0.991692781255978,0.008593794614843879
/home/iiitn/Datasets/FaceForensics++/manipulated_sequences/FaceSwap/c23/videos/677_671.mp4,1,8.091640000965588,23.997538629529284,0.3371862475516018,0.9327866361853943,0.06790105072544424,5.896479174365847,15.373632085945067,0.3835449646122692,0.9553595583317005,0.051158494605619706,0.40582888087920477,0.32674177140388955,1.2420477465599422,0.9913161490856881,0.004035357988540178
/home/iiitn/Datasets/FaceForensics++/manipulated_sequences/FaceSwap/c23/videos/676_776.mp4,1,14.361813734505128,33.55014436769733,0.42807010238480336,0.9407220958815872,0.003072067451645099,10.577271933115139,29.58639580214042,0.3575045775717612,0.9493855354991619,-0.000450764593442515,0.4874731993960653,0.31259478956185194,1.5594412180680666,0.9942517804045915,0.002351931120848793
/home/iiitn/Datasets/FaceForensics++/manipulated_sequences/FaceSwap/c23/videos/681_711.mp4,1,6.570309625333203,17.836394016840732,0.3683653556391309,0.893619552983194,0.10791119333417908,4.774264007134502,9.464034441454336,0.5044639299094565,0.9422706644025477,0.10916335888081559,0.44269052345135346,0.3086721699345259,1.4341769896043912,0.9940964112552305,0.013661472543229648
/home/iiitn/Datasets/FaceForensics++/manipulated_sequences/FaceSwap/c23/videos/689_690.mp4,1,21.407965767054662,71.09299807668181,0.3011262198277777,0.8505362182178732,0.15226489143216249,12.99654415162731,38.54569979492343,0.3371723492055783,0.9416163989135061,0.13179679001538586,0.6128771573305958,0.36742487663706846,1.6680339201310472,0.9947766499200482,0.001015768552877338
/home/iiitn/Datasets/FaceForensics++/manipulated_sequences/FaceSwap/c23/videos/686_696.mp4,1,32.15193927160707,45.46771292050007,0.7071378172864,0.8220941014995888,0.2464368954184659,17.998052493843232,39.57045668992634,0.45483560209769053,0.9517256312770291,0.2407049549342725,0.5603137400629168,0.35437409850265617,1.5811362693560884,0.9945466061864418,0.05065789925517848
/home/iiitn/Datasets/FaceForensics++/manipulated_sequences/FaceSwap/c23/videos/690_689.mp4,1,12.81326058324972,48.32118673817922,0.26516858231724244,0.9121798456555145,0.16767048802568535,9.358456138126842,43.1816877120159,0.21672279695364297,0.9557320838832122,0.10945715296745204,0.9790528442312025,0.9060184694703551,1.0806102493733292,0.9958223486405376,0.011314095557561176
/home/iiitn/Datasets/FaceForensics++/manipulated_sequences/FaceSwap/c23/videos/667_446.mp4,1,4.747526816040136,12.452312970353082,0.3812566249614204,0.9155874751831234,0.01301619379647818,3.6819208420759666,11.793753181819932,0.3121924620019729,0.9150630848661568,0.004973696578633863,0.4344309038988576,0.4963344105851057,0.8752786319746138,0.9934235170083463,-0.00652659214730932
/home/iiitn/Datasets/FaceForensics++/manipulated_sequences/FaceSwap/c23/videos/685_613.mp4,1,3.1875505235156343,46.33796613531498,0.06878917633560844,0.8175889441964367,0.04873063468159277,2.860477803860647,40.71101117806705,0.07026300062528837,0.8705982278000161,0.03042332768291408,0.4394334291075183,0.36813419975286976,1.1936772769346398,0.9943819649734481,0.003082759033747559
/home/iiitn/Datasets/FaceForensics++/manipulated_sequences/FaceSwap/c23/videos/693_698.mp4,1,19.29810432125849,26.604555377915492,0.7253684208260776,0.8019779307532833,0.11850013340457015,12.562030319621803,24.01185851502611,0.5231594344003299,0.8913338225931989,0.08943090923770368,0.4069208507857507,0.23709523901042154,1.716275925590663,0.9944048882689062,0.0014805240618103884
/home/iiitn/Datasets/FaceForensics++/manipulated_sequences/FaceSwap/c23/videos/687_615.mp4,1,11.509068851341596,47.519990704628924,0.24219425721016602,0.8923583024437697,0.23851730034410626,7.905737934186145,46.45532949240114,0.1701793533824642,0.9295180869286502,0.26117614079000884,0.7916592906846301,0.6610093556133526,1.1976521723358167,0.9949741931391137,0.02043708439358993
/home/iiitn/Datasets/FaceForensics++/manipulated_sequences/FaceSwap/c23/videos/688_645.mp4,1,3.5944140809261778,3.252952697376793,1.1049696738058141,0.8993621804376933,0.019276215252278565,3.0817046058879263,6.393305580652876,0.48202053961156455,0.9121956230527232,0.03240626150775248,0.2135059810061518,0.13446754550728143,1.5877881923158212,0.978003692034464,-0.015373720071272173
/home/iiitn/Datasets/FaceForensics++/manipulated_sequences/FaceSwap/c23/videos/694_767.mp4,1,7.824014649900487,33.19465279517419,0.2357010539672804,0.8942369708547157,0.22939853687402986,6.437730234849593,21.4763115932722,0.29975958426987603,0.9527674538927142,0.2288666430104834,0.41412364882127656,0.29164444945099643,1.4199606733501702,0.993674359727185,0.05201641990437483
/home/iiitn/Datasets/FaceForensics++/manipulated_sequences/FaceSwap/c23/videos/696_686.mp4,1,22.752498127359782,45.01983752266457,0.5053882772434569,0.8887891960445721,0.2454369810038759,12.086350846972238,28.162747587447694,0.4291609264842894,0.9490792748945799,0.2015579123687163,1.2164770407141363,0.9508499513824186,1.2793575252809644,0.9962358867863598,0.03268295375547114
/home/iiitn/Datasets/FaceForensics++/manipulated_sequences/FaceSwap/c23/videos/698_693.mp4,1,24.956564709689033,29.565241469789964,0.844118413008393,0.8332387190250543,0.1257199160831666,15.713391548880802,20.55908196016072,0.7643041444812627,0.9168238883926335,0.14115911851380283,0.5230492694218568,0.343439383132607,1.5229740533860083,0.9951059476738454,0.00652399820559296
/home/iiitn/Datasets/FaceForensics++/manipulated_sequences/FaceSwap/c23/videos/691_732.mp4,1,11.397715767736784,25.505814166387623,0.4468673571203643,0.891007274457945,0.18800593628536402,7.572244248792022,15.696739592673607,0.48240873234122694,0.9413450043167023,0.21289682823711545,0.4549676396071072,0.2973387753592768,1.5301322172238256,0.9901604650708498,0.030667017642771407
/home/iiitn/Datasets/FaceForensics++/manipulated_sequences/FaceSwap/c23/videos/692_610.mp4,1,5.2453874287082085,21.73325151542311,0.24135309090707358,0.8219358280769341,0.029399368164930387,3.554690090401813,21.770572764342532,0.16327958519419156,0.8912836009200218,0.004774160066302766,0.6689965946285629,0.5994303725285697,1.116053882632845,0.9960702212937195,0.010283702849765288
/home/iiitn/Datasets/FaceForensics++/manipulated_sequences/FaceSwap/c23/videos/699_734.mp4,1,19.408218215487224,18.970698696262517,1.0230629101347177,0.8839499221877555,0.13052822751165533,14.873544417137696,17.676631556380812,0.841424135005446,0.9558945483507008,0.09212007215975407,0.8507252069783445,0.5146437159862143,1.6530371994304751,0.9944201101601123,0.0070322391418457956
/home/iiitn/Datasets/FaceForensics++/manipulated_sequences/FaceSwap/c23/videos/678_460.mp4,1,1.5380269720220845,4.82449546501327,0.31879540216706453,0.8788463988495717,0.009493888029511654,1.2786712851071518,13.538363689216068,0.0944479934547535,0.8081664224287349,0.0078009194901284456,0.3269966877250193,0.3036856463662135,1.076760431840414,0.9934861289231348,0.003232606022666197
/home/iiitn/Datasets/FaceForensics++/manipulated_sequences/FaceSwap/c23/videos/683_607.mp4,1,1.6578006049509657,1.56653712554131,1.058258101848764,0.8842502292589165,0.011935617353509792,1.4308997001124715,3.6230165997081425,0.39494704501981576,0.8272857072680436,-0.007420350935642892,0.15679700478175054,0.10206633741636666,1.5362264263693237,0.9851641425324198,-0.007688672736138917
/home/iiitn/Datasets/FaceForensics++/manipulated_sequences/FaceSwap/c23/videos/704_723.mp4,1,23.89257756642055,18.878907232755097,1.2655699438454087,0.838771116051323,0.1415018951074357,12.791107757674393,14.27687960653326,0.8959316118223087,0.9270607119258373,0.10285083950649641,0.624175936367915,0.362049471797891,1.7240073111233607,0.9902478990547124,0.01810532229397638
/home/iiitn/Datasets/FaceForensics++/manipulated_sequences/FaceSwap/c23/videos/697_581.mp4,1,0.9849782679733078,0.3695104167821735,2.665630583708152,0.8460101838659185,0.0361634887378316,0.8399869102060095,0.33985690052133855,2.4715899807168085,0.8003426290462574,0.03220469818253298,0.048597518490788895,0.02708368983823936,1.7943462940627182,0.9872014281293239,0.013113674602035974
/home/iiitn/Datasets/FaceForensics++/manipulated_sequences/FaceSwap/c23/videos/700_813.mp4,1,5.103683636834706,13.106692097043103,0.38939524931589015,0.9006643008813047,0.022708254552647515,4.149254666160044,9.484952286195579,0.43745656709300246,0.9426184691291604,0.037015369066473555,0.15815483081113624,0.09841224425941812,1.60706456804536,0.9829376351864948,0.010367539330833852
/home/iiitn/Datasets/FaceForensics++/manipulated_sequences/FaceSwap/c23/videos/705_707.mp4,1,22.99575872225249,67.10791205603168,0.34266836827008124,0.9241857519438512,0.10580319638940275,14.766628790091383,37.15456836861045,0.397437769794327,0.9632343932312809,0.09537534333170604,1.5245372951145093,1.2949478625381072,1.1772962751769829,0.9980033785217062,0.020132400251537744
/home/iiitn/Datasets/FaceForensics++/manipulated_sequences/FaceSwap/c23/videos/684_717.mp4,1,5.748320986958073,14.216553261798241,0.4043399888216627,0.9339844951357291,-0.009436797571967208,4.588185013715809,13.650979289407644,0.33610665699829834,0.9169355383646985,0.0005643175491587965,0.161590824026848,0.10164467265580653,1.589761861637684,0.9880456354009918,-0.002122821007681698
/home/iiitn/Datasets/FaceForensics++/manipulated_sequences/FaceSwap/c23/videos/707_705.mp4,1,22.00598106490881,38.437596212518024,0.5725118954692097,0.9032766066358736,0.17689265282900984,13.542860115558533,25.003647750337716,0.541635374597517,0.9488954093359675,0.1625121561318956,1.4304241776944988,1.0630923328452586,1.3455314590277534,0.9914373455716236,0.040178332685706225
/home/iiitn/Datasets/FaceForensics++/manipulated_sequences/FaceSwap/c23/videos/702_612.mp4,1,6.784162868586953,21.296419916669795,0.31855884205573176,0.9413203610903415,0.032061406950467726,4.576695552429988,12.038348399274556,0.3801763664445685,0.965714677613431,0.02555747776906328,0.7642286919457115,0.7180683659088279,1.064284026742301,0.9922976340047326,0.004086350557450225
/home/iiitn/Datasets/FaceForensics++/manipulated_sequences/FaceSwap/c23/videos/703_604.mp4,1,242.76384936366563,37.03976861022719,6.554140548724572,0.948825220492172,0.0286851535610932,157.28411294859708,21.64326277637917,7.267116542162599,0.954349233708511,0.01876111010387917,1.3257683090952856,0.7954075679058251,1.6667785957654533,0.9976782719557132,0.007586063307074972
/home/iiitn/Datasets/FaceForensics++/manipulated_sequences/FaceSwap/c23/videos/710_788.mp4,1,9.784137593202345,78.46601269156044,0.124692682316642,0.8942204948030059,0.12733506538724526,5.940967058897461,38.874033738335534,0.15282610235116378,0.9044652643468883,0.13866879081103978,1.2425907402458174,1.9134661267159743,0.6493925985397188,0.9941107456913644,0.03587508695443113
/home/iiitn/Datasets/FaceForensics++/manipulated_sequences/FaceSwap/c23/videos/695_422.mp4,1,2.1329269358726415,0.9075847900169104,2.3501131346999546,0.791013648431159,0.025348518102718355,1.5410385794685233,4.114627438790468,0.37452688059687983,0.7108983596381019,0.0011072391326748254,0.01838228321072394,0.00968445161198927,1.8981232956925334,0.9800560184722018,-0.006081837081475879
/home/iiitn/Datasets/FaceForensics++/manipulated_sequences/FaceSwap/c23/videos/716_712.mp4,1,47.7122871359399,80.12297583741348,0.5954882059393083,0.9180720845799563,0.1286506956652338,27.235879030198376,49.905950862358,0.5457441158733893,0.9779323727451752,0.07429071684886991,2.8038365707182025,3.082246468733361,0.9096730579986453,0.9962385097204227,0.031603132058406404
/home/iiitn/Datasets/FaceForensics++/manipulated_sequences/FaceSwap/c23/videos/715_721.mp4,1,11.11924691218267,7.620837671111173,1.4590583597303424,0.9469650464779985,0.09042732626621107,6.776769856098176,7.3994205428440765,0.9158514260487517,0.974837832510441,0.06330390282173896,0.9556268194206279,0.701168640447003,1.3629058179376148,0.9964619592532101,0.014282441320526381
/home/iiitn/Datasets/FaceForensics++/manipulated_sequences/FaceSwap/c23/videos/712_716.mp4,1,65.03326150558846,48.171332842236204,1.3500407331176825,0.7719290532450893,0.14186022680720442,35.87158995252128,45.17889091411601,0.793990052139888,0.9153530989465597,0.09339752506475521,0.4180595378405399,0.23833665096866313,1.7540715460313614,0.9929981793638231,0.007057896001315441
/home/iiitn/Datasets/FaceForensics++/manipulated_sequences/FaceSwap/c23/videos/714_842.mp4,1,26.743868515806454,10.855888516033659,2.463535663276844,0.8013456197787686,0.026641261165848317,16.387437015534555,7.18368453689623,2.281202206384035,0.8804367462352163,0.018250657420728157,0.6711693487006515,0.36671837004188523,1.830203784511785,0.9947219818415594,0.0034935128623354993
/home/iiitn/Datasets/FaceForensics++/manipulated_sequences/FaceSwap/c23/videos/719_737.mp4,1,63.53934334102673,92.48361257393036,0.6870335357005447,0.9001691640474617,0.23524826305277174,33.768950971584296,67.9243654389481,0.4971551924461711,0.9590885950333193,0.19825992034234655,0.14921424855889287,0.08088304228004793,1.8448149865858934,0.9897219637969137,0.031553059486814354
/home/iiitn/Datasets/FaceForensics++/manipulated_sequences/FaceSwap/c23/videos/717_684.mp4,1,10.907750409824787,1.87698874727075,5.811303038276221,0.8914161004182372,0.05631016508864642,6.642581132725955,3.296032765778227,2.01532618294757,0.8966920189922923,0.022797470777284497,0.2248777430975888,0.1271346949883647,1.768814902322057,0.9921748031383567,-0.009635142065125361
/home/iiitn/Datasets/FaceForensics++/manipulated_sequences/FaceSwap/c23/videos/701_579.mp4,1,4.540361616740953,58.87511657400095,0.07711851595290024,0.8866711800102641,0.004701912986919774,2.9048303856655138,41.25097549011169,0.07041846528845926,0.9019371394327629,0.009431164539718118,0.3027372428716139,0.2559334387995185,1.18287490799027,0.9867966058577387,-0.0013850611536319556
/home/iiitn/Datasets/FaceForensics++/manipulated_sequences/FaceSwap/c23/videos/720_672.mp4,1,11.505907882724637,72.75462232763452,0.15814676119010415,0.8519236510373455,0.004905203866682222,8.078828013011352,53.48711074806217,0.15104252033849194,0.9561317376908253,0.028477955740281075,0.483366931114809,0.38154486543363486,1.2668678703497973,0.9939951810362858,-0.004724432041151717
/home/iiitn/Datasets/FaceForensics++/manipulated_sequences/FaceSwap/c23/videos/706_479.mp4,1,8.176773421235792,3.6879883883674203,2.217136433245508,0.874163300636949,0.04852471803721259,5.122229507010837,9.572279376452833,0.5351107406675968,0.9028531038111902,0.012000972512732909,0.1439814358889591,0.09183012031209946,1.5679107835165083,0.979066727033511,-0.011223763151544837
/home/iiitn/Datasets/FaceForensics++/manipulated_sequences/FaceSwap/c23/videos/721_715.mp4,1,15.116233703226897,185.60532353107314,0.08144288868253399,0.9643265190365179,0.06432297608769921,9.084948529152092,110.55574654534597,0.08217527186997715,0.969021791995054,0.04749731682066198,2.0228124705473256,3.2345253858506475,0.6253815411052482,0.9963959955245967,0.023557251741483355
/home/iiitn/Datasets/FaceForensics++/manipulated_sequences/FaceSwap/c23/videos/723_704.mp4,1,15.02389714709688,12.932419973697813,1.1617235735966471,0.8663789759659538,0.2032168178410961,8.908836024549323,16.085594600629346,0.5538393976558856,0.8900005105724008,0.17923528944497236,0.8663342802355688,0.4919169761002457,1.7611392213043329,0.9951672728147574,0.029350762286000108
/home/iiitn/Datasets/FaceForensics++/manipulated_sequences/FaceSwap/c23/videos/709_390.mp4,1,11.287464828639017,6.13146890283506,1.8409071313107264,0.9405380026868689,0.003804990531631805,8.137846564473874,10.988085420275468,0.7406064162422448,0.8240697455448324,0.006188501001967032,0.9344328526594475,0.8968393468767418,1.041917770349423,0.9955161793169928,0.003626148143268778
/home/iiitn/Datasets/FaceForensics++/manipulated_sequences/FaceSwap/c23/videos/711_681.mp4,1,3.509412125450652,8.489307357549299,0.41339204456177825,0.8330949128806387,0.017162184112120345,3.0935346735118565,9.429094909287395,0.3280839468976828,0.8886553806414442,0.044832033389109516,0.5167007967085738,0.41542914835620337,1.243775981423279,0.9977980023085466,-0.00031214624990853713
/home/iiitn/Datasets/FaceForensics++/manipulated_sequences/FaceSwap/c23/videos/708_772.mp4,1,10.929638542639916,6.078782297572729,1.7979980212491151,0.8155842976853503,-0.010166183065712936,7.402512517924994,13.095371670815398,0.5652770080915213,0.7802355616776028,-0.0028487253078755405,0.21682975102077098,0.1276493456064182,1.6986358213642798,0.9906138888233228,-0.00647566756240579
/home/iiitn/Datasets/FaceForensics++/manipulated_sequences/FaceSwap/c23/videos/728_673.mp4,1,30.23457935395847,7.934060247477919,3.8107322620305846,0.8923028092444364,0.11800905085718648,17.48344202930555,9.735078091983063,1.795922114246145,0.9251743389440351,0.09449982182555541,0.07274212417652297,0.03726851453677444,1.9518385715305395,0.9761403415691969,-0.008495595521902051
/home/iiitn/Datasets/FaceForensics++/manipulated_sequences/FaceSwap/c23/videos/727_729.mp4,1,16.118710468343426,23.18909503780011,0.6950987281766976,0.9121832035983491,0.10489387098171843,9.354384840006562,13.985759721801786,0.6688506756929637,0.9576457445426058,0.0951909115670718,1.1222757128813436,0.8932941509729279,1.2563338869498042,0.9964260393962882,0.01550825123502118
/home/iiitn/Datasets/FaceForensics++/manipulated_sequences/FaceSwap/c23/videos/722_458.mp4,1,10.37610382052023,88.76140925625626,0.11689881793746848,0.9667876869671964,0.05795020345758582,6.913073698534047,71.22085731824322,0.09706529742605702,0.9707009062457953,0.030681447157788047,1.5020631422456,2.31104696449307,0.649949207144338,0.9931517549270341,-0.005061288283186169
/home/iiitn/Datasets/FaceForensics++/manipulated_sequences/FaceSwap/c23/videos/713_726.mp4,1,3.675116483636469,9.325340556371087,0.39409997537576513,0.898491925506154,0.012752520124426278,2.8105722479997173,16.84468448022753,0.16685217531374938,0.8455260329202016,0.012738528157099267,0.2390764274623971,0.186134694764277,1.2844269993037358,0.9892323667770446,-0.009187710395826719
/home/iiitn/Datasets/FaceForensics++/manipulated_sequences/FaceSwap/c23/videos/729_727.mp4,1,16.383676818317454,38.07385118654249,0.4303130969873727,0.9253713479811149,0.126605911693812,9.498853044779045,24.664563452351913,0.3851214745044787,0.9516172973325426,0.0806981049135546,1.3711258737825105,1.4817272140648148,0.9253564763929171,0.996967903832795,0.006458595489438522
/home/iiitn/Datasets/FaceForensics++/manipulated_sequences/FaceSwap/c23/videos/731_741.mp4,1,24.817592394893765,32.83371399410394,0.7558569950189109,0.9221137907828254,0.27740629951522044,15.34306341645078,34.239903264575496,0.4481047536230825,0.9555566144698394,0.22135898542321433,1.3914042246111293,1.1620081179602522,1.1974135146779792,0.9966168103208729,0.055946951613168275
/home/iiitn/Datasets/FaceForensics++/manipulated_sequences/FaceSwap/c23/videos/732_691.mp4,1,17.13705727508425,116.18275402493049,0.14750086980557356,0.9480743536560398,0.14141381428434463,12.157050919680344,55.93049113854169,0.21735998866104939,0.9779351815847619,0.12485024095377394,1.4512876072053238,1.4621081423542002,0.9925993605839211,0.9957395918428479,0.024014371567982695
/home/iiitn/Datasets/FaceForensics++/manipulated_sequences/FaceSwap/c23/videos/735_774.mp4,1,27.40408829843706,92.32609489016778,0.29681844911817495,0.8386367238361078,0.1839880941219033,16.054317622937898,48.3565616849223,0.3319987415057195,0.9018038544108684,0.14735766273248507,0.27104024363570545,0.14052685193775216,1.9287434386971507,0.9905698467230032,0.027259648826789513
/home/iiitn/Datasets/FaceForensics++/manipulated_sequences/FaceSwap/c23/videos/725_724.mp4,1,1.3842507113280398,0.9290380291206333,1.4899828294846886,0.8867423821701809,0.1050268599919063,1.1834511431239128,0.9405322567445165,1.2582781022526717,0.8945271884825307,0.030831148782570757,0.2671310738140617,0.20703080031762475,1.2902962912003029,0.995532170208358,0.001845031212210618
/home/iiitn/Datasets/FaceForensics++/manipulated_sequences/FaceSwap/c23/videos/718_972.mp4,1,6.045105177996781,5.138524259381535,1.1764282647805113,0.7717324876540556,0.02431679112362797,5.269376473706959,7.494474141706797,0.7031015617737401,0.7900816675690349,0.012317611360167477,0.42230401462921124,0.2574118683508855,1.6405770927918388,0.9964904145308889,0.002737315343498527
/home/iiitn/Datasets/FaceForensics++/manipulated_sequences/FaceSwap/c23/videos/734_699.mp4,1,26.179043026378206,82.26724377907979,0.3182195224223061,0.8531551404459826,0.1377008950504972,15.316809855868124,37.603463979357436,0.4073244386282164,0.9191234940991885,0.12695472287467474,1.5563331290467222,1.0391755693984128,1.4976613912774104,0.9937097116063548,0.021848362350783072
/home/iiitn/Datasets/FaceForensics++/manipulated_sequences/FaceSwap/c23/videos/737_719.mp4,1,69.71273107656339,30.28151758383879,2.3021544704142896,0.8961245840874962,0.3034920152202938,38.6510157520304,26.511351311224235,1.457904400959997,0.9559952059923766,0.2470203396935864,1.6189509068459973,1.0416135717789157,1.5542720935184038,0.9946632987502352,0.058890611363517004
/home/iiitn/Datasets/FaceForensics++/manipulated_sequences/FaceSwap/c23/videos/736_785.mp4,1,34.60610860806901,27.976663444511875,1.2369633954637151,0.9297352931791135,0.16568312143291428,20.269003666675363,18.300322574935205,1.1075763054819885,0.9667694484347056,0.15975357121549183,0.5465053539153422,0.31416571861828385,1.7395448374154232,0.9907139518864986,0.0294745267672445
/home/iiitn/Datasets/FaceForensics++/manipulated_sequences/FaceSwap/c23/videos/730_815.mp4,1,13.213703941905564,40.84257218990123,0.3235277122231003,0.8748560423433961,0.07184752346086923,9.982972719890745,51.84756532903385,0.19254467700724284,0.9445500330196878,0.022141402957019968,0.020042623147343244,0.011368639665327127,1.7629746159050708,0.986642078688102,-0.00026803357296096815
/home/iiitn/Datasets/FaceForensics++/manipulated_sequences/FaceSwap/c23/videos/741_731.mp4,1,27.12044484688,33.94084812400808,0.7990502991496061,0.8814414110630929,0.29568310158448696,16.31719469870035,36.217482134851046,0.45053365769451936,0.9664317908107961,0.25189642818420166,0.969163692451648,0.7059322318501158,1.3728848871394526,0.9966855034799461,0.049117422852174686
/home/iiitn/Datasets/FaceForensics++/manipulated_sequences/FaceSwap/c23/videos/742_775.mp4,1,21.184010616608195,55.065981158725315,0.3847023183977454,0.9129553914186933,0.13657192624241649,12.331936614383872,30.922937296685447,0.3987957707919843,0.9730898425663796,0.12805260934966292,1.550214789066055,1.2850140566545387,1.2063796353340688,0.9971993871818015,0.03936135971763484
/home/iiitn/Datasets/FaceForensics++/manipulated_sequences/FaceSwap/c23/videos/744_674.mp4,1,55.906289101370874,526.5090391749777,0.10618296162393372,0.9663403811401166,0.233319405484816,34.64297940129081,283.1975544976149,0.1223279609979209,0.967822623254642,0.1976632533969531,5.099784323682742,6.977473582732386,0.7308926738617133,0.996802868165953,0.09523085299902298
/home/iiitn/Datasets/FaceForensics++/manipulated_sequences/FaceSwap/c23/videos/733_935.mp4,1,1.8806298992265553,5.402176083327465,0.34812450949732526,0.8106414522366516,0.058590343716626594,1.818990355482711,3.0444269708905813,0.5974820131588193,0.8611486473687201,0.0759437465169694,0.05145401628213162,0.027683147520548453,1.858676519493988,0.9770557734374075,-0.004364558365689266
/home/iiitn/Datasets/FaceForensics++/manipulated_sequences/FaceSwap/c23/videos/745_777.mp4,1,3.8792153401802554,50.09480842004658,0.07743747231555234,0.7971603496874287,0.17692912949106712,2.7231775183911324,24.369064279855635,0.11174731565882122,0.8345866535932833,0.19339216982445984,0.2793837870586034,0.16131308870543767,1.7319350171811922,0.9784219743858684,0.011214967677731492
/home/iiitn/Datasets/FaceForensics++/manipulated_sequences/FaceSwap/c23/videos/739_865.mp4,1,9.513160987366271,21.82621985759774,0.43585930360060615,0.9350248126988779,0.10695307145619706,7.3785021325458935,19.708888896350228,0.3743743328885615,0.9651473569979571,0.12217614846141442,0.5764416897881668,0.4898296790173922,1.176820667429789,0.9942171896973099,0.011066461078642892
/home/iiitn/Datasets/FaceForensics++/manipulated_sequences/FaceSwap/c23/videos/738_804.mp4,1,8.466754823349051,101.1408768092863,0.083712491827752,0.8812899535771512,0.04392447059435547,5.78910092166959,86.63015467274478,0.06682547137932021,0.9305342370436204,0.05216984167215637,0.5895819889843326,0.49927733790239726,1.1808707189902314,0.9954260660618403,0.00923333023727259
/home/iiitn/Datasets/FaceForensics++/manipulated_sequences/FaceSwap/c23/videos/743_750.mp4,1,3.1304903380569797,9.258454682298757,0.33812233741794573,0.857214436564112,0.09553645047765964,2.7740677337499924,6.221907303161681,0.44585487995623807,0.9086844882906543,0.03836366766731029,0.31694418811296143,0.23493941559008835,1.3490464650935852,0.9961086020342451,-0.005497446089056207
/home/iiitn/Datasets/FaceForensics++/manipulated_sequences/FaceSwap/c23/videos/751_752.mp4,1,10.480910598270741,22.601115801371417,0.4637342107523191,0.9305367745894243,0.04466466550463971,8.082770741883314,15.005100448193138,0.5386682195024302,0.9440669431225238,0.0339104739174992,0.6980854568658689,0.6231924635489,1.1201763463095735,0.9870024493300136,-0.0006499695880982345
/home/iiitn/Datasets/FaceForensics++/manipulated_sequences/FaceSwap/c23/videos/726_713.mp4,1,6.29639997824821,32.57604482538164,0.19328313219112364,0.8834890375964136,0.05801107419499273,4.310586259236439,30.270454548974737,0.14240242914959594,0.9301832471850094,-0.009096029186071579,0.6463526800296835,0.9256843549109939,0.6982430637404814,0.9966438401717355,0.0044835692580958144
/home/iiitn/Datasets/FaceForensics++/manipulated_sequences/FaceSwap/c23/videos/749_659.mp4,1,15.517642314207118,17.2933867944366,0.8973165579803748,0.9402887333962059,0.07569098623973279,9.479012631734681,17.915079000810493,0.5291080564761028,0.9364917195426342,0.08553852481755467,0.9549054524234557,0.7517473904696024,1.2702477780826673,0.9971969644219106,0.011141926663968054
/home/iiitn/Datasets/FaceForensics++/manipulated_sequences/FaceSwap/c23/videos/747_854.mp4,1,12.021975905103929,61.939717909501475,0.19409155079893856,0.6504113549296844,0.006430953547783659,7.20095364445005,40.33271370444691,0.1785387836091997,0.8500767067762679,0.029025514314419833,1.764871239678116e-27,4.151718258249022e-27,0.0,0.0,0.0
/home/iiitn/Datasets/FaceForensics++/manipulated_sequences/FaceSwap/c23/videos/724_725.mp4,1,3.0474780014730047,5.044963725095985,0.604063412054568,0.8914028438054804,-0.005124123218223743,2.15199277697633,5.508236097943794,0.3906863719548372,0.8968780650377618,0.04375297091122173,0.33640086266222324,0.26541495396251813,1.2674525592470187,0.995551552196286,0.008153606317141862
/home/iiitn/Datasets/FaceForensics++/manipulated_sequences/FaceSwap/c23/videos/748_355.mp4,1,5.647482547814363,1.8073530107543345,3.1247257808574287,0.8984599478573543,0.056579438407877915,3.9146634151221336,1.4155520646531494,2.7654676312321564,0.8752180251360526,0.030741583804949058,0.40411966109430075,0.3300219222200996,1.2245236873227578,0.9935474858510371,0.007481598524206495
/home/iiitn/Datasets/FaceForensics++/manipulated_sequences/FaceSwap/c23/videos/746_571.mp4,1,11.346396363927928,59.64338592959577,0.19023729433002742,0.9452245076248396,0.1491563026363638,7.995446262992336,46.709495378584876,0.1711738951189365,0.9721245249296956,0.1211328638133221,1.1528199800248882,1.4723613840624132,0.782973523011128,0.9962434260837397,0.002177614468479364
/home/iiitn/Datasets/FaceForensics++/manipulated_sequences/FaceSwap/c23/videos/755_759.mp4,1,12.779892412263669,25.373761319674657,0.503665666719826,0.9252413861702445,0.2982215427486785,7.410791563702354,21.49244099671372,0.3448092082623604,0.9502583966016281,0.27084568606777876,0.7958701703565417,0.5889103594214018,1.3514283755145278,0.9937972720015554,0.07247152884734095
/home/iiitn/Datasets/FaceForensics++/manipulated_sequences/FaceSwap/c23/videos/752_751.mp4,1,17.930025603070643,68.17281240405438,0.2630084482476816,0.9514587002575903,0.07771685244874162,15.20945635133584,38.772256810683196,0.3922767876422677,0.9703082701218344,0.0546066689948981,1.6558956007624808,2.088575315606222,0.7928349954101831,0.9968539909859563,0.023955052304854906
/home/iiitn/Datasets/FaceForensics++/manipulated_sequences/FaceSwap/c23/videos/758_754.mp4,1,10.12419343160557,25.49424328884253,0.3971168438655479,0.8140311119461822,0.09384892916407031,7.788292496340767,17.28082019052602,0.4506899794380475,0.9049073200828103,0.10915107557408074,0.3432431081638989,0.19485397251734748,1.761540212547325,0.9826651062727122,-0.0011398987445944678
/home/iiitn/Datasets/FaceForensics++/manipulated_sequences/FaceSwap/c23/videos/756_503.mp4,1,75.61317571956296,71.31319718562376,1.0602970937167018,0.9660103425350027,0.06186695911319913,45.32928193407358,45.9966752564139,0.9854904008035393,0.983870388133432,0.059937378328821,3.235141056207856,2.3457409497062116,1.3791552970130978,0.9982340561008973,-0.010298426580128459
/home/iiitn/Datasets/FaceForensics++/manipulated_sequences/FaceSwap/c23/videos/761_766.mp4,1,38.5088688320997,68.42778215152576,0.5627665784465448,0.9287031042542648,0.16155754430161084,21.960712048321287,56.77760957434614,0.3867847239952104,0.9673430530235474,0.12115945169541593,1.6236157129237634,1.3070664626880362,1.2421829794215136,0.9969423479802074,0.01815246169848819
/home/iiitn/Datasets/FaceForensics++/manipulated_sequences/FaceSwap/c23/videos/762_832.mp4,1,82.87759167052667,181.37867725529182,0.45693128279834044,0.9649214206189191,0.1024656316000735,50.717940736816395,104.59849725288227,0.4848821165585038,0.9772698313801143,0.0683984252867037,3.250933822591314,2.6141176690246835,1.2436065373462029,0.9978950721854337,0.02791411880785861
/home/iiitn/Datasets/FaceForensics++/manipulated_sequences/FaceSwap/c23/videos/760_611.mp4,1,23.929471373571953,93.1121610541959,0.25699619794715983,0.9209062907652433,0.0847335592332545,18.330525694918222,46.346692735931676,0.3955088187059986,0.9672885626724762,0.0911184813359606,2.20830571256838,1.914024972152933,1.1537496870192003,0.9980524442657427,0.031181097444015194
/home/iiitn/Datasets/FaceForensics++/manipulated_sequences/FaceSwap/c23/videos/754_758.mp4,1,8.762201321188794,16.831313603705926,0.520589273510983,0.7470628891164748,0.013197940687291625,7.731477960224229,8.634700881962837,0.8953961539506985,0.8253564294527633,0.05051330551917537,0.11833785098012271,0.060030439431236315,1.9712974301258679,0.9845236131423182,-0.003299478468717097
/home/iiitn/Datasets/FaceForensics++/manipulated_sequences/FaceSwap/c23/videos/759_755.mp4,1,0.0,0.0,0.0,0.0,0.0,0.0,0.0,0.0,0.0,0.0,0.0,0.0,0.0,0.0,0.0
/home/iiitn/Datasets/FaceForensics++/manipulated_sequences/FaceSwap/c23/videos/740_796.mp4,1,15.530089301266342,84.19931425923107,0.18444436796067756,0.8136176056005135,0.019336034522805117,9.98169462666176,44.83474381143227,0.22263302470608876,0.8857119494465113,-0.00030284242724985507,0.00441788419524543,0.002300483686506848,1.9204153548916194,0.9711894254108978,0.004967960393218074
/home/iiitn/Datasets/FaceForensics++/manipulated_sequences/FaceSwap/c23/videos/757_573.mp4,1,4.024211433468974,13.783306415714994,0.29196270561617793,0.8819611805328585,-0.003067821924918124,3.0449568148255928,12.426898788039482,0.24502950146791833,0.9241542691456986,-0.0007105050991687085,0.5390537044492585,0.4897102566748281,1.1007604948066156,0.996494058559711,0.0008191472036170122
/home/iiitn/Datasets/FaceForensics++/manipulated_sequences/FaceSwap/c23/videos/763_930.mp4,1,55.66415057619693,64.64319555907922,0.8610983738470032,0.913407162798063,0.17738197876792305,32.140454527181106,35.00986361915178,0.91803998086982,0.9393146811732597,0.14798856377057887,1.4055969413931215,0.8700750235670682,1.615489358182655,0.9900716731665784,0.015074509869604982
/home/iiitn/Datasets/FaceForensics++/manipulated_sequences/FaceSwap/c23/videos/767_694.mp4,1,13.481745423039404,52.48858198455099,0.2568510124165194,0.906739114250942,0.3464230892759025,9.95947844403602,41.746175520547084,0.23857223613535702,0.9050027515595692,0.2979333517562441,1.2743449709970158,1.1264596977811507,1.131283234994703,0.9976691492900892,0.048998547338139124
/home/iiitn/Datasets/FaceForensics++/manipulated_sequences/FaceSwap/c23/videos/765_867.mp4,1,50.000905108703385,116.26800996704327,0.4300486877076195,0.9716666889030451,0.08129214846746485,29.842163881463694,119.71476197371312,0.2492772268804779,0.9560144534342401,0.057229716413568395,1.7498136863703364,1.533298632017985,1.141208665964434,0.9977492181120003,0.036139823608099336
/home/iiitn/Datasets/FaceForensics++/manipulated_sequences/FaceSwap/c23/videos/766_761.mp4,1,27.267885138403326,11.276465563155405,2.4181233903199333,0.8967644364198962,0.34931317955399743,15.344919628921922,10.044277100297718,1.5277276279511534,0.914433471881789,0.33389181681826174,1.2111121735164394,0.6079053395497364,1.992270991423577,0.9958277647325455,0.09145686089122318
/home/iiitn/Datasets/FaceForensics++/manipulated_sequences/FaceSwap/c23/videos/771_849.mp4,1,73.4609678102018,51.330015032537545,1.431150327223471,0.8328777517435076,0.24772019054334926,45.03967651159994,71.87453888817409,0.6266429977613472,0.8851320326822725,0.20456541417564858,0.46868570737444354,0.22986133203812079,2.038993262671581,0.9888498741670473,0.06361891370982675
/home/iiitn/Datasets/FaceForensics++/manipulated_sequences/FaceSwap/c23/videos/750_743.mp4,1,6.753465041580642,48.08318432135326,0.14045378102343145,0.8884248317020745,0.005435727182138556,4.994029529892161,31.43434171407992,0.15887177073141184,0.9067049960938895,0.014350480424958753,0.24082554794814626,0.1709459293479112,1.40878199830085,0.9830715149901573,-0.0016619569476074138
/home/iiitn/Datasets/FaceForensics++/manipulated_sequences/FaceSwap/c23/videos/774_735.mp4,1,20.211294139489397,110.50665519677932,0.18289662376894064,0.9440022094055024,0.28026241914145344,16.160491420589356,72.26344442707934,0.22363300765294716,0.971014028788897,0.2770494023571479,1.560787315593507,1.5896407990529475,0.9818490545306648,0.9982783251092083,0.0445663459625695
/home/iiitn/Datasets/FaceForensics++/manipulated_sequences/FaceSwap/c23/videos/775_742.mp4,1,24.956195476188284,15.10629038458333,1.6520399675129533,0.9325967727914476,0.2020646125416266,13.905705596725786,10.709887522017224,1.2983988457524551,0.9516029386660853,0.15406793614215059,0.9616239007821786,0.5793995323474788,1.659690502141226,0.9964142162166648,0.039137927235079466
/home/iiitn/Datasets/FaceForensics++/manipulated_sequences/FaceSwap/c23/videos/768_793.mp4,1,8.200807875938986,31.859766648649014,0.25740326243998823,0.8947171620185607,0.1299105684295979,5.080332350485711,16.826106117553763,0.30193155296849555,0.9432495848062136,0.11795567016779486,0.5835226427871394,0.5220467392528173,1.1177593861084352,0.9974398616751804,0.02880581814347626
/home/iiitn/Datasets/FaceForensics++/manipulated_sequences/FaceSwap/c23/videos/777_745.mp4,1,6.192796159711672,20.698745084750083,0.29918703449680384,0.8704354580361896,0.26007958557313826,4.291647481604996,9.942265210528083,0.43165691024420433,0.9298152368963803,0.2731164854543676,0.6341432278648022,0.43353622992349267,1.462722568715217,0.9947636431007089,0.039892372897963685
/home/iiitn/Datasets/FaceForensics++/manipulated_sequences/FaceSwap/c23/videos/776_676.mp4,1,0.0,0.0,0.0,0.0,0.0,0.0,0.0,0.0,0.0,0.0,0.0,0.0,0.0,0.0,0.0
/home/iiitn/Datasets/FaceForensics++/manipulated_sequences/FaceSwap/c23/videos/770_791.mp4,1,19.436695538870698,19.007092211663004,1.0226022645875357,0.8490152936888535,0.10304046119074552,12.650928304779649,22.33511116039439,0.566414387371075,0.8840440201544169,0.06622654749389269,0.11695648710882907,0.062138687949778136,1.882184689888462,0.9871365728594393,0.011943694049235693
/home/iiitn/Datasets/FaceForensics++/manipulated_sequences/FaceSwap/c23/videos/769_784.mp4,1,25.85986944293909,21.273509962397693,1.215590163007801,0.8903840663591218,0.004478446348355632,14.651778314588631,19.877825281889983,0.7370916137359036,0.8862264184292433,0.011249413633245534,0.010349064116502535,0.005526845001174755,1.8725084771334817,0.9838303693115366,-0.0015423509303639775
/home/iiitn/Datasets/FaceForensics++/manipulated_sequences/FaceSwap/c23/videos/772_708.mp4,1,12.034967063812617,2.8302970014046323,4.252192281530825,0.9385419958713271,0.02449268062426234,7.907478444990435,1.962475350737215,4.029338988650199,0.9514499971947264,0.0030925599224104435,9.372656057841487e-07,5.001200269792313e-07,1.8740813309263276,0.9729908232225812,0.0
/home/iiitn/Datasets/FaceForensics++/manipulated_sequences/FaceSwap/c23/videos/753_789.mp4,1,7.7940654273421615,9.923215829548665,0.7854374591081182,0.8393383363282704,0.00887373082106124,6.107672392683175,15.765914293836229,0.38739728498149983,0.9132634880800441,0.010522574771339409,0.04974456569689468,0.028740837367827718,1.7307973689235088,0.9838365990832088,0.00040963579617515113
/home/iiitn/Datasets/FaceForensics++/manipulated_sequences/FaceSwap/c23/videos/773_652.mp4,1,2.119830036845205,5.593418634455552,0.378986479536328,0.878468782042741,0.022169623443213913,1.7507486931640497,4.921064983545165,0.3557662211367101,0.9211219581718698,0.01904092445597885,0.33554950819948476,0.30745649130920744,1.091372332945881,0.9905068342998162,-0.008037162640410838
/home/iiitn/Datasets/FaceForensics++/manipulated_sequences/FaceSwap/c23/videos/781_806.mp4,1,17.449325137165957,36.65176729524674,0.4760841406801387,0.8481394191374664,0.273574090098226,11.621367958964342,46.292622490476624,0.25104146911001,0.8566128666603964,0.2811183955778327,0.3781827578170011,0.2306015255664595,1.6399837637154253,0.9931646470190608,0.07203584179547312
/home/iiitn/Datasets/FaceForensics++/manipulated_sequences/FaceSwap/c23/videos/764_850.mp4,1,3.576020639928634,11.811395078688562,0.3027602257061818,0.8933689761094227,0.003104808608069598,2.993310734738664,18.467435129872023,0.16208589409889576,0.8464789755991085,0.04999039864204596,0.1902119846518953,0.11907486722829859,1.597415047183783,0.9755183390534081,-0.00977565285397708
/home/iiitn/Datasets/FaceForensics++/manipulated_sequences/FaceSwap/c23/videos/784_769.mp4,1,53.77728674617276,28.514279178517892,1.8859774223816794,0.9161322962111704,0.0823384961213414,32.06887131088288,17.31669692675853,1.8519046355386994,0.9639359513462935,0.03485252030671202,1.3424788858432135,0.8684685031923863,1.54580031504703,0.99320270458599,-0.008479670339582007
/home/iiitn/Datasets/FaceForensics++/manipulated_sequences/FaceSwap/c23/videos/785_736.mp4,1,40.17179640561358,111.7514627988749,0.35947445697344393,0.89615530892524,0.07080011308351158,23.485794403844395,75.39649492000241,0.3114971648053854,0.9323071592594845,0.07986649091934275,1.8324925779651826,1.2602272431232413,1.4540969400278057,0.991432221050947,0.02839763193125746
/home/iiitn/Datasets/FaceForensics++/manipulated_sequences/FaceSwap/c23/videos/782_787.mp4,1,16.478395646675036,95.63674731295258,0.17230192483180867,0.919786630464355,0.14070259867720217,9.578167324204662,53.32880552808823,0.17960588521263335,0.9596391188376009,0.11161910495944198,1.1104833617989105,1.0843720633780405,1.0240796487688257,0.9903804665319292,0.009321968702359924
/home/iiitn/Datasets/FaceForensics++/manipulated_sequences/FaceSwap/c23/videos/779_794.mp4,1,19.8159990982252,7.624099354900911,2.5991265559107792,0.9564155351723335,0.15069213994338015,14.124888864218121,5.473873629716016,2.58041924598667,0.9644197285721635,0.17603368210819761,1.5267995487352488,1.1786550161595395,1.2953744121923674,0.9973208316051269,0.0357411650160103
/home/iiitn/Datasets/FaceForensics++/manipulated_sequences/FaceSwap/c23/videos/778_798.mp4,1,5.9540466713133675,4.891113068209277,1.2173193684711217,0.9364770222271771,0.018774140868069417,3.8922264905021766,4.378672575566881,0.8889055811619513,0.9571501967075119,0.0041115933847291775,0.5888300733751343,0.5026311088198442,1.171495482557141,0.9974735831751835,0.0017241540860713984
/home/iiitn/Datasets/FaceForensics++/manipulated_sequences/FaceSwap/c23/videos/788_710.mp4,1,11.808277988060217,84.04631590601848,0.14049727059142442,0.9484967746841363,0.1399916821907945,8.176104812198952,52.29664144998213,0.15634091569759392,0.9720658403633391,0.09741514249807316,0.9528432496832098,0.9124810978529098,1.0442334114375336,0.9959610774153708,0.008696721051663211
/home/iiitn/Datasets/FaceForensics++/manipulated_sequences/FaceSwap/c23/videos/787_782.mp4,1,35.480738970552416,83.23803976963502,0.42625630143077536,0.9585325345019817,0.10258927089424455,20.581447272039767,43.801836028763205,0.4698763599435562,0.9750935133114895,0.09364192340002456,1.4797998756445991,1.55113011375347,0.9540140201802517,0.9978727011576338,0.03840778839596286
/home/iiitn/Datasets/FaceForensics++/manipulated_sequences/FaceSwap/c23/videos/780_869.mp4,1,4.168284303962498,2.827044388111433,1.474431855931014,0.9114233782264963,0.07164994894146524,3.0664500067069653,3.918461973107121,0.7825646970041774,0.9086900252628171,0.0887880763302706,0.33718441812852756,0.24051965697578293,1.4018996300268192,0.9963319576574371,0.0020032454554064112
/home/iiitn/Datasets/FaceForensics++/manipulated_sequences/FaceSwap/c23/videos/792_903.mp4,1,15.836469276693029,20.30892712904816,0.7797787237141587,0.8452484245405039,0.1774275401338649,9.791331135848667,15.386036349102087,0.636377746268621,0.9273123606662779,0.1465427821642848,0.641176143703868,0.4072209117479603,1.5745167431399218,0.9960831959468308,0.02083662875269132
/home/iiitn/Datasets/FaceForensics++/manipulated_sequences/FaceSwap/c23/videos/791_770.mp4,1,31.005360140913265,99.54535235550554,0.3114696910226814,0.9135966991451119,0.14708932882066936,19.557256416936546,70.56394053026054,0.2771565231472531,0.9680880004598861,0.12056412415553522,1.1674653829376451,0.9992050813852387,1.168394161205766,0.9961725746226805,0.008411210199707407
/home/iiitn/Datasets/FaceForensics++/manipulated_sequences/FaceSwap/c23/videos/783_916.mp4,1,31.986906752648824,25.507078829654954,1.2540403770368371,0.9097001315837959,0.07586928380348568,21.739490884656828,23.679591355009347,0.9180686676021503,0.946241767228759,0.06440723429257586,0.9951216066551174,0.580981567733413,1.7128281892614794,0.9969480061336222,0.016459515574274473
/home/iiitn/Datasets/FaceForensics++/manipulated_sequences/FaceSwap/c23/videos/797_844.mp4,1,16.680839931155422,160.60701383287122,0.10386121709798814,0.8682206555744328,0.39302630071241795,10.598342326395342,99.32116130549826,0.10670779708058684,0.9405043823235566,0.34583772737289264,1.1007862285879617,0.7975265799251797,1.3802502089538287,0.9919458074848627,0.07422387920537507
/home/iiitn/Datasets/FaceForensics++/manipulated_sequences/FaceSwap/c23/videos/801_855.mp4,1,28.30231690417955,347.0696029052837,0.08154651593589235,0.9776648429663831,0.2013495809823348,17.138100062408128,216.2540962149441,0.07924982861537959,0.9784738323311967,0.10780156700297412,2.4910814332611544,3.375252078726118,0.738043078015475,0.9968844702769445,0.03762417495638439
/home/iiitn/Datasets/FaceForensics++/manipulated_sequences/FaceSwap/c23/videos/793_768.mp4,1,4.311094859871637,28.838041622308424,0.14949332955177774,0.77510654438123,0.1090501766912981,3.3378925155945205,28.032282174053535,0.1190731633931699,0.8867230258065938,0.07698078949785243,0.09934425799326897,0.06036017158782971,1.6458577797234017,0.995072899893346,0.007597411028364701
/home/iiitn/Datasets/FaceForensics++/manipulated_sequences/FaceSwap/c23/videos/802_885.mp4,1,60.185551961837824,30.358450882271953,1.9824974665286244,0.8838797369856769,0.18204445299606725,34.06775789265239,39.36392973919032,0.8654562214283926,0.9156991424231254,0.13773414803474812,1.4029816663955987,0.8183377757388378,1.7144285745930696,0.9970907756986443,0.036158020126696805
/home/iiitn/Datasets/FaceForensics++/manipulated_sequences/FaceSwap/c23/videos/794_779.mp4,1,25.709853849971932,133.92871913718218,0.19196669702812225,0.910587256209291,0.0934303422256022,15.47707418949593,115.23412949058148,0.1343098113199261,0.9381739592047144,0.07396842107189354,1.1146490193138627,0.9370883589478748,1.189481235862695,0.9934288840740334,0.01571805587390529
/home/iiitn/Datasets/FaceForensics++/manipulated_sequences/FaceSwap/c23/videos/790_014.mp4,1,14.049913098735283,15.225285904628405,0.9228012653912913,0.7984589458667445,0.034580494783200647,14.544625622873966,12.740480387139328,1.1416073162795182,0.8971902138894705,0.013750002080989091,0.7198616325547832,0.410680691639135,1.7528499566941544,0.9982717181234139,0.0034559429183975434
/home/iiitn/Datasets/FaceForensics++/manipulated_sequences/FaceSwap/c23/videos/796_740.mp4,1,20.11248935465589,6.953290439334872,2.8925139155527324,0.9595605190650573,0.032525632044363255,13.62285662079018,4.129928550248761,3.2985695648341484,0.9575060496443119,0.03984045363865167,0.5046829678539272,0.31598678445412737,1.5971647951219723,0.9903121295558585,-0.0031436194257275984
/home/iiitn/Datasets/FaceForensics++/manipulated_sequences/FaceSwap/c23/videos/795_907.mp4,1,11.808898466462617,51.68957198757499,0.22845804312910947,0.8703531766490488,0.03857863779712246,7.798591301249182,40.41428392582764,0.19296621252926172,0.9657475844118357,0.04124178702338687,0.3733311244600599,0.2740936735547961,1.3620566998801034,0.9958556198557206,0.006581239988993527
/home/iiitn/Datasets/FaceForensics++/manipulated_sequences/FaceSwap/c23/videos/803_017.mp4,1,5.428251440434626,16.548587292007706,0.3280190232948918,0.8647420594884346,0.08752151648618678,3.986490828426526,10.51179153795252,0.37923990539894326,0.9333419690093274,0.038191344862930285,0.4953854194508483,0.3628170460140769,1.3653862873676226,0.9941422867101476,-0.006591142891858103
/home/iiitn/Datasets/FaceForensics++/manipulated_sequences/FaceSwap/c23/videos/800_840.mp4,1,19.939126714265782,104.71527144710785,0.19041278734914155,0.8981981303675061,0.0626330947182118,10.8783546957718,74.81732788238361,0.14539886686240772,0.9328290777885183,0.04074634306683165,0.5523280541886352,0.3406710646805425,1.6212942966159154,0.9906199075192488,0.016131946087448123
/home/iiitn/Datasets/FaceForensics++/manipulated_sequences/FaceSwap/c23/videos/799_809.mp4,1,15.641598095960118,87.38102449806229,0.1790045171226732,0.6723977651830125,0.10152516333183773,10.506980243655986,40.55871417925739,0.2590560488978589,0.8783313927072994,0.04591352895454592,0.39555621383772127,0.22796438600398186,1.7351667107809203,0.9940456585103785,-0.009482577570090862
/home/iiitn/Datasets/FaceForensics++/manipulated_sequences/FaceSwap/c23/videos/804_738.mp4,1,12.807792253548698,5.171538394450573,2.4765923167644597,0.9067862687938221,0.09356279824924077,7.642268511918125,4.389374082432723,1.741083892235166,0.9424284463452733,0.08302615910490356,0.9812974271004457,0.7714400263356215,1.2720333319514898,0.9973643736338668,0.011714769228790042
/home/iiitn/Datasets/FaceForensics++/manipulated_sequences/FaceSwap/c23/videos/806_781.mp4,1,22.103737461272726,29.359462527744853,0.7528658755378976,0.7597299501727045,0.29017703886121055,14.699840945923732,17.172548933946185,0.8560080977184187,0.8932491638963067,0.26960722107828977,0.36147445428105524,0.22020546564268176,1.6415326169406022,0.9907699728850016,0.055879162093882356
/home/iiitn/Datasets/FaceForensics++/manipulated_sequences/FaceSwap/c23/videos/809_799.mp4,1,9.110422772314843,136.99533059600995,0.06650170288782228,0.9525733226255189,0.17749853724685097,6.502318004970888,108.92220235764982,0.05969690168052517,0.9739600281187432,0.13525035662664556,1.873319695891629,4.0967389541812675,0.45727094570662274,0.9945398575983008,0.01736080309360926
/home/iiitn/Datasets/FaceForensics++/manipulated_sequences/FaceSwap/c23/videos/812_821.mp4,1,14.922113502115986,28.34636809436502,0.5264206494616979,0.9251182663141645,0.11366334049679935,9.425335684438503,19.86916352991776,0.4743700292287803,0.9537215638996553,0.08514481353582566,0.37859520272799524,0.23298644583308215,1.6249666429060479,0.9912266217630109,0.00358499837313864
/home/iiitn/Datasets/FaceForensics++/manipulated_sequences/FaceSwap/c23/videos/805_011.mp4,1,15.526686020006816,5.986334751659041,2.59368823564432,0.9125005063971466,0.050068297376496096,9.879115906170203,3.9573906626316,2.496371156746186,0.9321720863155245,0.05431183502060005,0.43371631844472996,0.2743100228166294,1.5811172847105932,0.9897122171418613,0.012315289211090399
/home/iiitn/Datasets/FaceForensics++/manipulated_sequences/FaceSwap/c23/videos/786_819.mp4,1,1.619086163753363,0.7841535466050757,2.0647565400463406,0.8615582514776475,0.0558019867916675,1.8584042955521205,2.7696426558559737,0.6709906390352621,0.8116478235220922,0.04296837410140144,0.13516776588046356,0.08874308096052304,1.5231358255478231,0.9933728432873158,0.004854971660516459
/home/iiitn/Datasets/FaceForensics++/manipulated_sequences/FaceSwap/c23/videos/789_753.mp4,1,8.588213895726152,1.12433643202884,7.638473370669766,0.885484796264385,-0.006382316705999186,6.142528905763526,5.114114343040995,1.201093384648691,0.7975173926069475,0.003048798317464617,0.3260969073073749,0.212129414649015,1.5372545474041315,0.9934492369745254,-0.007486050926003135
/home/iiitn/Datasets/FaceForensics++/manipulated_sequences/FaceSwap/c23/videos/817_827.mp4,1,0.0,0.0,0.0,0.0,0.0,0.0,0.0,0.0,0.0,0.0,0.0,0.0,0.0,0.0,0.0
/home/iiitn/Datasets/FaceForensics++/manipulated_sequences/FaceSwap/c23/videos/808_829.mp4,1,33.474842095097195,26.112369407264968,1.2819534517531697,0.881645602718986,0.036106746353979965,27.900446601928724,21.97031689748282,1.2699155288527189,0.9414112503226418,0.027412595611389087,0.6210896185748501,0.3534147119428975,1.7573960494185705,0.9953408456169517,0.0070429796237834715
/home/iiitn/Datasets/FaceForensics++/manipulated_sequences/FaceSwap/c23/videos/810_838.mp4,1,13.884261150821956,15.501771024398955,0.8956564465420677,0.9354034081148347,0.007904025234942469,10.382279879155623,10.362030039570183,1.0019542347887538,0.9551074305580141,0.030558102018072443,0.6934933128883993,0.48685396900534483,1.4244380389980675,0.9975833246260185,0.010059383112673584
/home/iiitn/Datasets/FaceForensics++/manipulated_sequences/FaceSwap/c23/videos/811_920.mp4,1,2.0203287421182687,16.39873547693467,0.12320027632373994,0.8529635146547095,0.12383114410628239,1.5449224975365696,15.30174773188879,0.10096379345719812,0.9005765708432613,0.14293786640175749,0.25409326382785946,0.18778523016887885,1.353105692068266,0.9891842531775521,-0.001319432065020966
/home/iiitn/Datasets/FaceForensics++/manipulated_sequences/FaceSwap/c23/videos/798_778.mp4,1,4.716612562175189,23.73311654340054,0.19873549070346327,0.867904543517462,0.02625022235736548,3.2992785083502345,23.984363994789778,0.13755955792978086,0.8963526945283795,0.031459492733809075,0.27169251952004153,0.1882900375715406,1.4429468655069562,0.9913487857971202,0.013144849406897991
/home/iiitn/Datasets/FaceForensics++/manipulated_sequences/FaceSwap/c23/videos/816_649.mp4,1,4.670579043993235,7.538528091775135,0.6195611380806608,0.866501438772649,0.05473976076213915,3.8730338004332387,3.896799975055464,0.9939011048105216,0.9083159195596321,0.03992296591125734,0.43634315216273567,0.2702553131039431,1.61455901514474,0.9975358952277036,-0.0025504339491065264
/home/iiitn/Datasets/FaceForensics++/manipulated_sequences/FaceSwap/c23/videos/813_700.mp4,1,1.983570457596268,10.500991584054432,0.1888936336839165,0.8650988930605438,0.01666943562337198,1.6305616828221845,6.225930402643332,0.2618984757892411,0.9163192969339119,0.005957430468684043,0.49691922483800716,0.6205796902991167,0.8007339469947755,0.9970677497834259,0.004456766801464139
/home/iiitn/Datasets/FaceForensics++/manipulated_sequences/FaceSwap/c23/videos/814_871.mp4,1,9.553401636451213,3.203256458736572,2.9824029888069794,0.8853670122005283,-0.018120041064223626,6.4100365626525075,5.029538809698817,1.27447799990957,0.9015026009747756,0.025213303336136784,0.03531303844010588,0.01891336805342844,1.8670941283620113,0.9844059250707655,0.00537062393891101
/home/iiitn/Datasets/FaceForensics++/manipulated_sequences/FaceSwap/c23/videos/827_817.mp4,1,29.386531953696323,204.5453089127611,0.1436675918401518,0.8504696580471703,0.28140944998123246,20.38313269262629,105.47028397084955,0.19325948433266654,0.9215737393913045,0.27391729880352716,0.4368525689515699,0.25468313042971885,1.7152787788279587,0.9860362585897415,0.0696257838040283
/home/iiitn/Datasets/FaceForensics++/manipulated_sequences/FaceSwap/c23/videos/821_812.mp4,1,21.105686125140746,307.786059945029,0.06857258619480767,0.9336839229461554,0.036480812784484964,13.055969098093323,155.80126648242208,0.0837988637246818,0.9504535481130082,0.007423421446422241,0.8666238958756253,0.7616266507921418,1.1378592056544758,0.9896994361256037,0.002717196587483423
/home/iiitn/Datasets/FaceForensics++/manipulated_sequences/FaceSwap/c23/videos/815_730.mp4,1,8.443751844869915,8.954126458371881,0.9430011832114813,0.8595323164113009,0.11084155555743826,6.563700285174282,7.496076101780666,0.8756181495562857,0.9122875205597397,0.14187373430604577,0.16339977838246797,0.08786250630388907,1.8597213448170824,0.9731305011722967,0.017188574133186252
/home/iiitn/Datasets/FaceForensics++/manipulated_sequences/FaceSwap/c23/videos/825_074.mp4,1,9.677365859529667,12.65838504555316,0.7645024088542232,0.9538160348368523,0.054900855471030165,7.057934078750755,10.195218120196706,0.6922788699114737,0.9356145678206892,0.04658403618426641,0.6272846998184146,0.4612880186903894,1.3598547423782972,0.9841705140476212,0.01069759116609247
/home/iiitn/Datasets/FaceForensics++/manipulated_sequences/FaceSwap/c23/videos/824_419.mp4,1,0.0,0.0,0.0,0.0,0.0,0.0,0.0,0.0,0.0,0.0,0.0,0.0,0.0,0.0,0.0
/home/iiitn/Datasets/FaceForensics++/manipulated_sequences/FaceSwap/c23/videos/830_828.mp4,1,37.09155499805829,151.29368652492153,0.24516260955772576,0.8302365881111132,0.5198113934278762,20.224930559528108,83.18259402507915,0.24313897392320308,0.9053449068852082,0.44383729519774173,1.8160065493240918,1.3698685848948735,1.3256793895039616,0.9936592615759521,0.12085098431014307
/home/iiitn/Datasets/FaceForensics++/manipulated_sequences/FaceSwap/c23/videos/818_820.mp4,1,11.241218851459287,15.26862545093706,0.7362299171972546,0.8562040193046077,0.04319724830109134,7.774906633270919,11.677359010017696,0.6658103623088948,0.8982619234008374,0.029488048579768545,0.4546382053638798,0.30983641701141,1.4673491571752113,0.9952028166352728,0.008027105334088453
/home/iiitn/Datasets/FaceForensics++/manipulated_sequences/FaceSwap/c23/videos/828_830.mp4,1,25.023397280735207,90.27908928281528,0.27717822011191284,0.8955808419070944,0.30379538206167417,18.581692738612077,48.95251851871257,0.37958604175817934,0.9624395039095073,0.3105683547888788,1.6926888820527453,1.5211936148038037,1.1127373041669388,0.9900322898822852,0.08278949317734265
/home/iiitn/Datasets/FaceForensics++/manipulated_sequences/FaceSwap/c23/videos/807_273.mp4,1,2.9915450020157586,43.369377824471826,0.06897827804040421,0.8989303141250146,0.020460183166520342,2.144854468206825,36.27285305785383,0.05913112113860641,0.8952517090482174,0.02681321393056452,0.5692846885445467,0.6874621556457537,0.8280960397155253,0.9939218928980917,0.0006943860848512323
/home/iiitn/Datasets/FaceForensics++/manipulated_sequences/FaceSwap/c23/videos/826_833.mp4,1,9.544577432935947,48.327380973405866,0.19749833822338198,0.9100220500324488,0.04822401608931863,6.483055820366459,41.44659139134029,0.1564195173290175,0.9461448225450315,0.04839621489824399,0.37547615510502236,0.3033651468744628,1.2377036682476916,0.9962940033358016,0.0009014583838503189
/home/iiitn/Datasets/FaceForensics++/manipulated_sequences/FaceSwap/c23/videos/832_762.mp4,1,70.69224026350969,85.00552800589584,0.8316193301994029,0.9820975087360355,0.1573205873701003,37.33204116627643,66.11726122841529,0.5646338107881608,0.9841905691459378,0.11495505657665761,3.7649266429917745,3.522284850157645,1.068887612205262,0.9975392691768081,0.038797240830125694
/home/iiitn/Datasets/FaceForensics++/manipulated_sequences/FaceSwap/c23/videos/820_818.mp4,1,28.395262633302053,49.610177829833084,0.5723676849274779,0.8774425638058491,0.009890385146763709,17.271030403711027,42.92683282381011,0.4023364703983321,0.9571601660780485,0.01169449238295943,0.6654750280430138,0.5157859599955643,1.290215476297061,0.9972972138538871,0.005421977983416387
/home/iiitn/Datasets/FaceForensics++/manipulated_sequences/FaceSwap/c23/videos/823_584.mp4,1,33.573198805486506,47.564966509476676,0.7058387983684904,0.8879122486469241,0.10104878694613575,22.441931825453953,34.723312932445054,0.64630733447339,0.9606982262557038,0.037647285552145346,0.557568538608361,0.3547078025430184,1.5719094268887415,0.9940489522238588,0.001338238084936225
/home/iiitn/Datasets/FaceForensics++/manipulated_sequences/FaceSwap/c23/videos/834_852.mp4,1,26.046183567768022,184.2512015282924,0.1413623539587531,0.9801545035042997,0.22052035596772768,16.645210450847213,138.7112985376571,0.11999895196949946,0.9732497539957153,0.1876959526150508,2.6222466228444423,3.5624104385694424,0.7360877327480149,0.9970915958054091,0.05859934754806369
/home/iiitn/Datasets/FaceForensics++/manipulated_sequences/FaceSwap/c23/videos/839_864.mp4,1,10.224649529918375,42.68579209488299,0.23953285222377463,0.8945981346891925,0.35060976863925,8.999683333219219,28.906922697295403,0.3113331511438002,0.9627347815619816,0.37211202423335776,1.0295582817993638,0.8680244861471245,1.1860935932455487,0.9880350707563664,0.07919074962355518
/home/iiitn/Datasets/FaceForensics++/manipulated_sequences/FaceSwap/c23/videos/829_808.mp4,1,18.606723159828643,63.71896725450427,0.2920123153520405,0.9185013100243774,0.0474750409280889,11.970184551490734,42.07016553503405,0.28452905756984787,0.9463685798068852,0.06789028111675247,0.8032246060886171,0.5116583105504589,1.5698457144661282,0.9942059969900531,0.0017555965905033581
/home/iiitn/Datasets/FaceForensics++/manipulated_sequences/FaceSwap/c23/videos/840_800.mp4,1,26.42919425309148,41.243776109703965,0.6408044254433128,0.9236774896733847,0.15903209115848152,14.274545071338574,31.52326971649992,0.4528256491066657,0.9625933184729165,0.11886414114804458,0.7940740617788364,0.5427784103911172,1.4629801896627388,0.9938704526739816,0.03592110454426481
/home/iiitn/Datasets/FaceForensics++/manipulated_sequences/FaceSwap/c23/videos/836_950.mp4,1,1.6378584828472726,1.048763074194164,1.5617049485707253,0.881916573423983,0.0685077910142081,1.620597891372787,1.3014821939315437,1.2451940556153536,0.8880762255542036,0.06771901426989274,0.042076872202677994,0.024042084038484388,1.7501341454145636,0.990543869586996,-0.001181514458085628
/home/iiitn/Datasets/FaceForensics++/manipulated_sequences/FaceSwap/c23/videos/841_639.mp4,1,17.274469604008818,23.947859739895232,0.7213366785855574,0.9528540780018323,0.11616934888550284,10.827439602927718,18.829962020893067,0.5750112289612677,0.9586137888515568,0.07540773981098271,1.0630845494468635,0.9453829700302374,1.1245014805088582,0.9870191825623889,0.013318925459094301
/home/iiitn/Datasets/FaceForensics++/manipulated_sequences/FaceSwap/c23/videos/837_890.mp4,1,15.483381937547685,41.5947525218498,0.3722436364879016,0.911407180216139,0.03585201037666693,10.257775842558617,30.74961782985771,0.3335903522221461,0.9535610113210642,0.027795234453908694,0.22680971288517884,0.15068472513353381,1.5051937924310814,0.991662490623653,0.006207739282018812
/home/iiitn/Datasets/FaceForensics++/manipulated_sequences/FaceSwap/c23/videos/843_859.mp4,1,8.901915399188605,4.597433451131647,1.936279337985288,0.8490666446775768,0.09985443777942683,6.9350859198336865,3.9854669112569296,1.7400937140503097,0.9170225737066904,0.0831086732501229,0.1135073534186769,0.06033903451366932,1.8811595898665354,0.9897041956026791,0.01501735491744752
/home/iiitn/Datasets/FaceForensics++/manipulated_sequences/FaceSwap/c23/videos/842_714.mp4,1,15.714403668639426,74.03570903206128,0.2122543820284652,0.9630141550491746,0.04444616104639131,10.03061529242586,37.95331147011523,0.26428827693530915,0.9609862513623831,0.042474790422559326,0.769809549463614,0.6588148886548981,1.1684762483667204,0.9818096441146213,0.01235398816939004
/home/iiitn/Datasets/FaceForensics++/manipulated_sequences/FaceSwap/c23/videos/844_797.mp4,1,44.38907969062482,147.11078678819993,0.30173912232916805,0.8822265358388433,0.3464193646818715,29.679890900256396,63.63410812965824,0.46641481703148685,0.9492883085484843,0.2811172104728375,0.6210201982238525,0.3625656378478195,1.7128490220700803,0.986919144322033,0.08063202248224952
/home/iiitn/Datasets/FaceForensics++/manipulated_sequences/FaceSwap/c23/videos/822_244.mp4,1,7.805049217111649,6.330480927542827,1.2329314796847788,0.9385333802769935,0.117526280077073,4.795903588470213,13.38232610413211,0.35837593189343697,0.8470810008849193,0.1055026407245244,0.46215178680998686,0.29674233759287394,1.5574177603333847,0.9963128420338648,0.005803971854071417
/home/iiitn/Datasets/FaceForensics++/manipulated_sequences/FaceSwap/c23/videos/838_810.mp4,1,15.299689417802483,44.05620200513579,0.34727663124522046,0.9248069344673547,0.06355985490134387,10.623365419541942,34.42643035459728,0.3085816714111722,0.9365682652827946,0.04132872096521882,0.3400475427484926,0.20719141961301044,1.6412240592956464,0.990718802638272,0.011806617827770127
/home/iiitn/Datasets/FaceForensics++/manipulated_sequences/FaceSwap/c23/videos/846_845.mp4,1,7.5283320812468455,29.006811111422667,0.2595367016501253,0.8850623947500894,0.1183933272626738,5.501464154283835,36.46025418752645,0.15088935271784146,0.8900521886539696,0.08342678463760075,0.5331398740000336,0.37620127587108704,1.4171665759653742,0.9869575246930852,0.015900657743253825
/home/iiitn/Datasets/FaceForensics++/manipulated_sequences/FaceSwap/c23/videos/845_846.mp4,1,11.85044239455654,28.048685338582615,0.4224954664187259,0.8830413646367887,0.13941334689223717,7.615103933491821,17.649843476260823,0.43145447401469567,0.9408065212586835,0.09961152300187379,0.4258838039234269,0.27076806870475123,1.572873071631706,0.9929093959936456,0.013001110576710512
/home/iiitn/Datasets/FaceForensics++/manipulated_sequences/FaceSwap/c23/videos/819_786.mp4,1,3.7410774857387223,4.292010018213227,0.871637640607405,0.8664341400491425,0.05007856943667164,2.6857014338967105,5.0146122909366975,0.5355750909698023,0.8564154439191514,0.041662141478732,0.15356752378556188,0.10200568160429642,1.5054801004250502,0.9902736020360642,-0.001998208557626701
/home/iiitn/Datasets/FaceForensics++/manipulated_sequences/FaceSwap/c23/videos/852_834.mp4,1,20.70509036910327,272.7420247811077,0.07591455840265314,0.9288810733329657,0.30934305452483807,12.74587817370621,141.8565135279946,0.08985049651027044,0.9513149006114299,0.26689432396876694,1.4028417504556827,1.2729018717812213,1.1020816148951305,0.9936190851043493,0.06909669090124608
/home/iiitn/Datasets/FaceForensics++/manipulated_sequences/FaceSwap/c23/videos/849_771.mp4,1,45.88019213189537,218.05997347756025,0.21040171380474249,0.9667124965004105,0.41637113576056267,29.62700640118723,129.55491899244933,0.22868299121019048,0.988909441772337,0.37523876813426965,5.384853773659575,7.187042047248194,0.7492447850254823,0.996483347466663,0.12538697742712476
/home/iiitn/Datasets/FaceForensics++/manipulated_sequences/FaceSwap/c23/videos/850_764.mp4,1,17.800294661312595,10.752458567285998,1.6554627529995238,0.9599429220823342,0.007250157124630486,12.277553039378729,10.422703561653073,1.177962413183271,0.9583779319232288,0.024388567882720404,0.29894835174603523,0.17637216788620677,1.6949859795277515,0.9827343240489963,0.008557886743615422
/home/iiitn/Datasets/FaceForensics++/manipulated_sequences/FaceSwap/c23/videos/831_508.mp4,1,1.2935240641604762,6.513197437115753,0.1986004687635093,0.8236869772267635,0.033603535297488295,1.151728557204307,9.911987362394184,0.11619552316762777,0.8644416146581354,0.004114121305135824,0.23155626853619182,0.23995569819405663,0.9649959149914746,0.9949501516983513,0.013198468317949897
/home/iiitn/Datasets/FaceForensics++/manipulated_sequences/FaceSwap/c23/videos/847_906.mp4,1,5.849370040827478,1.6545476558761258,3.535328837494309,0.9058321115227678,0.01036400734746054,4.198257711954519,2.2697791422263722,1.8496326950280053,0.9401994079374534,-0.009516789923313415,0.4785198717026251,0.3480151310789325,1.374997317556555,0.9962292904795209,0.0020192083088191415
/home/iiitn/Datasets/FaceForensics++/manipulated_sequences/FaceSwap/c23/videos/855_801.mp4,1,31.05459096332585,99.64282466881004,0.31165907898079176,0.8518134763787888,0.2358108884154146,19.14627881389201,52.42679573561325,0.3652002481793112,0.9453559075979401,0.1818623778005024,1.543236881454505,1.0761247910416765,1.4340687012336826,0.994937836373186,0.04183671981323139
/home/iiitn/Datasets/FaceForensics++/manipulated_sequences/FaceSwap/c23/videos/851_552.mp4,1,4.4492257973559255,3.5726317700621757,1.2453636656986047,0.9130881083080506,0.18196468473923771,2.7414006025907973,2.9611856305175537,0.9257780310488868,0.9470282829655062,0.1588376281629983,0.36773254780782905,0.24160524258732763,1.5220387764347167,0.9966732438347092,0.01673981152933504
/home/iiitn/Datasets/FaceForensics++/manipulated_sequences/FaceSwap/c23/videos/857_909.mp4,1,43.40156441526104,130.25956663604123,0.3331929127058247,0.8291410324702978,0.05632886369676511,26.085505737586644,117.95604722094883,0.22114598066112454,0.9559262109318872,0.045748031708009285,1.7722872678994364,1.4218893155419565,1.246431243647066,0.9872419170020263,-0.007302508907315724
/home/iiitn/Datasets/FaceForensics++/manipulated_sequences/FaceSwap/c23/videos/859_843.mp4,1,10.34095821069812,206.61947524688347,0.05004832288119025,0.8767740784150494,0.12358730708572194,6.373520137639473,92.52154965753938,0.06888687188261021,0.9372002685367175,0.06607861144444606,1.1620973035402586,1.1410946437957805,1.0184057123207713,0.9940648773003821,0.00021063592943983738
/home/iiitn/Datasets/FaceForensics++/manipulated_sequences/FaceSwap/c23/videos/858_861.mp4,1,34.6918035745614,15.292740549189125,2.2685144930678156,0.9035549070686574,0.2797638248858923,20.50396264555715,13.117496488084363,1.563100296171795,0.9434658057542243,0.27645433094631594,0.6611524520326876,0.33252986291524295,1.9882498559270925,0.9927800983569108,0.05955850666693875
/home/iiitn/Datasets/FaceForensics++/manipulated_sequences/FaceSwap/c23/videos/833_826.mp4,1,5.4176602359431625,37.99500176957645,0.14258876124809708,0.8774452744736861,0.06879129633079113,5.032311652528385,39.07677222434844,0.12878012604615255,0.9228516985968721,0.04320047167534843,0.42727001441403817,0.3363556290738277,1.270292444905851,0.993475033285653,0.022442695116411834
/home/iiitn/Datasets/FaceForensics++/manipulated_sequences/FaceSwap/c23/videos/835_651.mp4,1,6.1517326595838115,28.277909611453822,0.21754552384211892,0.8821575819689945,0.14028593079555587,4.005223636363632,30.18898603871833,0.13267168467423204,0.911203788716756,0.08989881502509368,0.35953299537466155,0.2689209642559165,1.336946698705553,0.9949719932409176,-0.0025213250403821087
/home/iiitn/Datasets/FaceForensics++/manipulated_sequences/FaceSwap/c23/videos/854_747.mp4,1,7.501229861679566,51.71197625249021,0.14505788417471943,0.8494939965070373,0.10776359146009175,4.6643322757567605,39.63858143172823,0.1176715237347836,0.9077883077667082,0.08792277995078178,0.29687710018488395,0.19060018297220424,1.5575908456928311,0.9700807015608653,0.012507599879894965
/home/iiitn/Datasets/FaceForensics++/manipulated_sequences/FaceSwap/c23/videos/861_858.mp4,1,33.09533791527199,163.85405508706003,0.2019805850864512,0.8871172395377651,0.1932566910866996,18.1112576373292,108.30346221454171,0.16722694978533598,0.9574303258552379,0.14652853419745399,1.357730492584612,1.0466457315354794,1.2972206847800893,0.9919788968556261,0.0038362781652664657
/home/iiitn/Datasets/FaceForensics++/manipulated_sequences/FaceSwap/c23/videos/853_863.mp4,1,9.758448122598242,38.17770573888402,0.25560593371799334,0.9300544400567877,0.0062004296907177715,6.779420377075375,26.06004280989465,0.26014617192038225,0.9342518483886947,0.01853279657672086,0.2675857556230712,0.16481265926502645,1.6235752570000148,0.99081363847933,0.008467777381000052
/home/iiitn/Datasets/FaceForensics++/manipulated_sequences/FaceSwap/c23/videos/862_047.mp4,1,0.0,0.0,0.0,0.0,0.0,0.0,0.0,0.0,0.0,0.0,0.0,0.0,0.0,0.0,0.0
/home/iiitn/Datasets/FaceForensics++/manipulated_sequences/FaceSwap/c23/videos/864_839.mp4,1,9.202870305783946,75.92990990285448,0.12120217602731513,0.9243937907596473,0.18629271650233006,6.114437177799604,52.77062161140146,0.11586820452534782,0.9509785751171552,0.15292074154990817,1.1599070580828574,1.0736015121467264,1.0803888081002777,0.9943047836741156,0.02728704080649365
/home/iiitn/Datasets/FaceForensics++/manipulated_sequences/FaceSwap/c23/videos/856_881.mp4,1,18.018730096181514,186.90144382057738,0.0964076559701659,0.9535727704568773,0.061080410402046564,12.774406493684863,109.92597258555503,0.11620917416712036,0.9605154760619156,0.08416760680286493,0.4343561521238102,0.3052416848336443,1.4229909403118806,0.9848823107993042,0.013485997776473524
/home/iiitn/Datasets/FaceForensics++/manipulated_sequences/FaceSwap/c23/videos/868_949.mp4,1,14.731154167469223,154.77954186225656,0.09517507281795008,0.9066165733029284,0.08744566464473877,11.668652808641895,85.19480534140752,0.1369643696218476,0.9600015658407163,0.09722955470734126,1.8478210553106418,2.159055352032146,0.8558470043722759,0.9979715614076016,0.011129779759143293
/home/iiitn/Datasets/FaceForensics++/manipulated_sequences/FaceSwap/c23/videos/867_765.mp4,1,53.76767377670172,129.5250318818798,0.4151141520330609,0.9485861712406768,0.09278375885078667,33.84108274374484,70.43022780584646,0.48049088861438655,0.9653119819906832,0.0688770219081812,1.702598072418998,1.293064065478198,1.3167159446112573,0.9960363994704835,0.014895996638539282
/home/iiitn/Datasets/FaceForensics++/manipulated_sequences/FaceSwap/c23/videos/871_814.mp4,1,12.820021470471332,12.5465718436761,1.0217947683400912,0.9400479261021264,0.05818081195010227,9.161215458216939,8.43346421189503,1.086293274986031,0.9630759952898703,0.08497600168443528,0.7546807549079529,0.6945101843038604,1.0866374201040756,0.993873450377599,0.007025393406878158
/home/iiitn/Datasets/FaceForensics++/manipulated_sequences/FaceSwap/c23/videos/872_873.mp4,1,14.669999891166249,62.87466906696437,0.2333213058432488,0.793732374456566,0.24140567111468836,7.751953578056299,29.47939664507743,0.26296174482087803,0.9051709640994168,0.12082653253088818,1.0799144197080963,0.7991322273398316,1.3513588649815043,0.9941275884723441,-0.008002083284932989
/home/iiitn/Datasets/FaceForensics++/manipulated_sequences/FaceSwap/c23/videos/863_853.mp4,1,8.882816151284823,4.666096511193093,1.9036931897950693,0.824854065297334,0.0015239374280056792,7.835520495759321,3.663751002435543,2.138660757936476,0.8933026371504612,0.01859345948770587,0.010213931225099336,0.005370102526458431,1.9019992960610004,0.9780180133238784,-0.014880206817796759
/home/iiitn/Datasets/FaceForensics++/manipulated_sequences/FaceSwap/c23/videos/848_894.mp4,1,2.780736451287151,29.551936027284228,0.09409659146256266,0.8662700310295027,0.002850273751754351,2.1149964612224026,25.108171333468324,0.08423538429511931,0.8828562920050298,0.04351789076325768,0.01791495609476731,0.00978195112057467,1.8314297295031712,0.9809100171483779,0.0016395001308143514
/home/iiitn/Datasets/FaceForensics++/manipulated_sequences/FaceSwap/c23/videos/870_001.mp4,1,9.982502162479081,46.99355790436406,0.21242277894332523,0.9085784967142012,0.08631800470635052,7.8162579347675605,30.2224540642277,0.2586241976960813,0.9364675218798876,0.09031847003982167,0.047592650461607246,0.027430247723198468,1.735042677771988,0.985974509799803,-0.007440544263742688
/home/iiitn/Datasets/FaceForensics++/manipulated_sequences/FaceSwap/c23/videos/873_872.mp4,1,15.470436435625993,55.92658871914826,0.2766204195524122,0.9258854979329625,0.19863302117844048,9.83577229184831,47.60749070367617,0.20660135929173867,0.9736908460189996,0.16987445950669364,1.0384383458478874,0.9035569020540667,1.1492783060891827,0.9970813024998136,-0.000679380568461742
/home/iiitn/Datasets/FaceForensics++/manipulated_sequences/FaceSwap/c23/videos/875_979.mp4,1,12.169235448532946,29.63805496713852,0.4105949416055036,0.8815507101073408,0.0485791180663426,7.230187550699422,16.163639980672837,0.4473118406092125,0.9141835907657242,-0.005161545249269264,0.11193310835178545,0.06624970581696928,1.6895638549856742,0.9936924129347963,0.003367884498514557
/home/iiitn/Datasets/FaceForensics++/manipulated_sequences/FaceSwap/c23/videos/879_963.mp4,1,15.03969927397778,69.01532288744117,0.21791826285456062,0.9326874573436479,0.07093480146532119,9.706847073664457,49.23034866491084,0.19717201557386202,0.972797474532031,0.07469108913935724,1.3683360890076024,1.7869476400743014,0.7657393301969984,0.997569732868627,-0.013940149073415842
/home/iiitn/Datasets/FaceForensics++/manipulated_sequences/FaceSwap/c23/videos/876_891.mp4,1,17.49004412063026,74.7337181013833,0.2340314996358588,0.9475037958550728,0.26444727847945393,11.048969054141857,57.4475103705848,0.19233155593456888,0.9632478070257943,0.22103105149359495,0.7506918887133405,0.6218206429614775,1.2072482591412563,0.9950361961621909,0.05994265583489241
/home/iiitn/Datasets/FaceForensics++/manipulated_sequences/FaceSwap/c23/videos/877_886.mp4,1,27.23730643811017,43.310371337941895,0.6288864675295228,0.8511495112556332,0.10065790438749614,15.864582682082101,41.621335556175126,0.38116467119778336,0.9286566345163413,0.07965219789905552,0.8708105755051735,0.5460597716976658,1.594716587156526,0.9950717693386073,0.015860331543360223
/home/iiitn/Datasets/FaceForensics++/manipulated_sequences/FaceSwap/c23/videos/860_905.mp4,1,11.703930157514472,31.63222124402706,0.3700002623029346,0.9553110257770726,0.134987940669787,7.623346278985115,29.6608850040148,0.25701681787152486,0.9566582278234016,0.11678582707913288,0.7427611057300735,0.6971714498341264,1.0653923162039896,0.9959923361765363,0.03315841253810478
/home/iiitn/Datasets/FaceForensics++/manipulated_sequences/FaceSwap/c23/videos/865_739.mp4,1,5.594231375600653,2.70190124766779,2.07047958559901,0.8567077523172948,0.18005783417517326,3.7921489197622447,4.339159444533542,0.8739362930162847,0.820418978694812,0.0884975339767327,0.016902219721488955,0.009132860739841356,1.8507037611724886,0.9858111812573137,0.0034261785049330027
/home/iiitn/Datasets/FaceForensics++/manipulated_sequences/FaceSwap/c23/videos/880_135.mp4,1,0.0,0.0,0.0,0.0,0.0,0.0,0.0,0.0,0.0,0.0,0.0,0.0,0.0,0.0,0.0
/home/iiitn/Datasets/FaceForensics++/manipulated_sequences/FaceSwap/c23/videos/878_866.mp4,1,3.402374270955852,4.004123210363677,0.8497176765564188,0.8629837535025354,0.14826764699106168,2.615655441903901,4.172208240224742,0.6269235117955199,0.8841251161654876,0.1025767240996733,0.3036664252540431,0.1996522561308651,1.520976677844303,0.9950779571131578,0.007487526904341339
/home/iiitn/Datasets/FaceForensics++/manipulated_sequences/FaceSwap/c23/videos/881_856.mp4,1,27.98356709761208,166.73115917137974,0.16783645742454362,0.9472342577728853,0.2605107806490815,15.867723762272725,77.51990408795679,0.20469225225393275,0.9730112593891729,0.22090016071540466,1.9206695208777216,2.3467481437397764,0.8184387089007957,0.9970444708107026,0.0665003157512354
/home/iiitn/Datasets/FaceForensics++/manipulated_sequences/FaceSwap/c23/videos/869_780.mp4,1,3.358314820614819,25.508470199664742,0.13165488931041255,0.908789912560141,0.10993285968728038,2.811496391609614,39.124481321334024,0.07186028534202049,0.9050453756379285,0.12091816364694491,0.5179254530801015,0.4866353174714124,1.0642989410864683,0.9943067811094624,0.007278901411201408
/home/iiitn/Datasets/FaceForensics++/manipulated_sequences/FaceSwap/c23/videos/866_878.mp4,1,6.2832454304109335,10.539044512295549,0.5961873890067058,0.9335005081004156,-0.0010048782324373448,4.485366724703851,7.638052721960176,0.5872395606550301,0.9081595480651717,-0.012513961471494518,0.2535335017205939,0.15670021976038773,1.6179524324105938,0.985638015934485,0.0020386771350032903
/home/iiitn/Datasets/FaceForensics++/manipulated_sequences/FaceSwap/c23/videos/885_802.mp4,1,56.69346231700232,65.97053991210238,0.8593754483825564,0.9070150363228997,0.19935787054547827,36.89114129438819,37.88322263961508,0.9738121185025729,0.9611245802443964,0.1726911972532505,1.8249115580358062,1.2788947327250935,1.4269443069385779,0.9975159577628586,0.03524293955947638
/home/iiitn/Datasets/FaceForensics++/manipulated_sequences/FaceSwap/c23/videos/884_968.mp4,1,19.518818403834626,27.36842655028542,0.7131874522626171,0.9179827873545258,0.20285830964436188,13.33662031463301,18.285504666474818,0.7293547844531062,0.9454242735838352,0.1845516866452507,0.2989492831737856,0.18122119330362962,1.6496375381046453,0.9778523781880158,0.018884675755160417
/home/iiitn/Datasets/FaceForensics++/manipulated_sequences/FaceSwap/c23/videos/888_937.mp4,1,8.288347321916849,25.98548359079594,0.31896067252150667,0.8872372184528053,0.11795265252070167,4.948689003744556,17.316068525436545,0.28578594479891023,0.924444764447844,0.02517138046135433,0.7837323328345782,0.5887605861687177,1.3311562479659407,0.9956981176986126,0.030356966260645494
/home/iiitn/Datasets/FaceForensics++/manipulated_sequences/FaceSwap/c23/videos/887_275.mp4,1,8.832950300125368,14.910858789879498,0.5923837402390658,0.938357719575106,0.0824998976357023,7.6440188895267696,14.69808135453843,0.5200691644808777,0.9561307043038244,0.05398336724276841,0.4038778158125134,0.2723436930865267,1.4829710621725205,0.9913275467542944,0.007002740255643035
/home/iiitn/Datasets/FaceForensics++/manipulated_sequences/FaceSwap/c23/videos/886_877.mp4,1,20.519331034598526,15.69590104035531,1.3073050716771102,0.8443234582184477,0.22995190910108387,11.278662450776109,15.082822081598174,0.7477819727474385,0.9006312046733501,0.16848955625413323,0.346765698155588,0.19001480455074937,1.8249404249076466,0.9893393377577278,0.04836680554920745
/home/iiitn/Datasets/FaceForensics++/manipulated_sequences/FaceSwap/c23/videos/883_013.mp4,1,28.754734918441716,20.375876038015473,1.4112146572149205,0.9555415642598287,0.24214841242869647,18.569118727435242,16.183607139172057,1.1474029595348436,0.973204305395941,0.24144604913437018,0.646547082958964,0.3943340726891223,1.6395922334326831,0.9831622288582539,0.06815403258184242
/home/iiitn/Datasets/FaceForensics++/manipulated_sequences/FaceSwap/c23/videos/874_291.mp4,1,5.755213033477322,1.0859600646311647,5.299654398830975,0.8746532474266098,0.039720373289683704,4.564228286155593,6.945244797014635,0.657173133496676,0.7289540439989125,0.027740263351613947,0.09683841168429497,0.05225157190479529,1.8533109752322647,0.9858403132057809,-0.00505647931825468
/home/iiitn/Datasets/FaceForensics++/manipulated_sequences/FaceSwap/c23/videos/890_837.mp4,1,12.35576694606686,8.134167795437408,1.5189958280670601,0.9709479280843011,0.005348056596769994,8.16893122597442,5.444455097943418,1.500413003508862,0.9695285859870874,-0.014543701071494051,0.7496590765572414,0.543907492065638,1.378284152163827,0.997593983699879,-0.01132599921904982
/home/iiitn/Datasets/FaceForensics++/manipulated_sequences/FaceSwap/c23/videos/898_922.mp4,1,12.856195275395585,31.07087923890174,0.41376992187910844,0.7840823273191496,0.27456836977325866,7.869115917591351,33.119456830530105,0.2375979762547754,0.907398511596389,0.21863939464861912,0.30719246361133457,0.17617211584585094,1.7437065005231889,0.9938070091704211,0.045346843793529976
/home/iiitn/Datasets/FaceForensics++/manipulated_sequences/FaceSwap/c23/videos/897_969.mp4,1,122.87892368821406,118.84983504082861,1.0339006667194897,0.8901539688780357,0.19003948037723215,68.657799672682,81.70582615498397,0.8403048216224903,0.9791498665518429,0.139472418001988,3.5778380017996922,2.3804490114003984,1.5030097198741845,0.9975052421495026,0.045385889425057196
/home/iiitn/Datasets/FaceForensics++/manipulated_sequences/FaceSwap/c23/videos/895_915.mp4,1,3.751049808622568,160.48063401730158,0.023373847141071012,0.8739156986900584,0.12577829225860357,3.1081220343156573,87.10832479159437,0.035681113622053943,0.9176891522243006,0.11397121119484632,0.3622545963341845,0.2918594356145276,1.2411954253643904,0.9949960567487134,0.008976880536641745
/home/iiitn/Datasets/FaceForensics++/manipulated_sequences/FaceSwap/c23/videos/893_913.mp4,1,25.93659728625492,6.9468545940360125,3.7335742291945926,0.9124400599965105,0.1341411606071395,18.250974569859608,12.60409774195893,1.4480191238998628,0.9192693273686344,0.10119955757036739,1.3950675991011963,0.8133337948501502,1.7152460747782226,0.9978508328839903,0.008904344291488534
/home/iiitn/Datasets/FaceForensics++/manipulated_sequences/FaceSwap/c23/videos/896_128.mp4,1,74.45703622794242,57.105188236288654,1.3038576445953678,0.836520672466615,0.35699641517754466,41.20191604959885,65.51758974962401,0.6288680063941958,0.9235985034301833,0.31228087934186405,0.22081488824336457,0.11195015445970745,1.972439335247538,0.9845210453929399,0.08915997237854702
/home/iiitn/Datasets/FaceForensics++/manipulated_sequences/FaceSwap/c23/videos/899_914.mp4,1,10.83879607012602,12.002232932794925,0.9030649655623724,0.9521454479143409,0.23385405058082845,7.223501103587398,9.446220361717804,0.7646975009032922,0.9690800251515062,0.24207361897632196,1.2462113587616075,1.032140145506711,1.2074051805724522,0.9977358826807006,0.07310176678473249
/home/iiitn/Datasets/FaceForensics++/manipulated_sequences/FaceSwap/c23/videos/900_926.mp4,1,23.240218969956743,47.748825769290384,0.4867181254309225,0.9415319033679843,0.1553118731121756,16.482728298808848,35.511454628322596,0.46415243958108227,0.9642065807634493,0.11465099057347163,1.6752613552057498,1.2384711023258559,1.3526850582622392,0.9969722239813784,0.020162957331370104
/home/iiitn/Datasets/FaceForensics++/manipulated_sequences/FaceSwap/c23/videos/891_876.mp4,1,9.418651436978358,37.847732857334904,0.24885642351370116,0.9219254696128379,-0.0013568655349679743,6.438072482821101,22.929578515078777,0.2807758755176134,0.9572323902885134,-0.00644863786551761,0.3164169929624216,0.22213947186617644,1.4244068841265671,0.9941579270966227,-0.007448733389574254
/home/iiitn/Datasets/FaceForensics++/manipulated_sequences/FaceSwap/c23/videos/903_792.mp4,1,18.399464523369208,47.94828703272598,0.3837355964523005,0.9558205645910438,0.18286350277332383,10.545810451831786,27.52254996070178,0.3831698177272701,0.9644890703859295,0.1323509925762496,1.1085201968270324,0.9429984489790376,1.1755270626661172,0.9967487513098189,0.04599753116411007
/home/iiitn/Datasets/FaceForensics++/manipulated_sequences/FaceSwap/c23/videos/905_860.mp4,1,16.42138763176662,24.326286647928967,0.6750470332538265,0.9381902036554618,0.07150695418482118,11.254403749096193,80.25488821750558,0.14023324932675352,0.8782677783571814,0.06316140611046614,1.183735474466631,1.498288835887977,0.790058262541266,0.9904756283709254,-0.0013531599316956846
/home/iiitn/Datasets/FaceForensics++/manipulated_sequences/FaceSwap/c23/videos/901_902.mp4,1,5.235422432668749,15.887685375615044,0.32952707136964404,0.8909476517965523,0.08686731283410645,3.747855692676028,13.059612430403412,0.2869806215650656,0.9385305505638787,0.04871661276295547,0.412833774271992,0.31367085543319245,1.3161368584972661,0.991895477550885,0.0016163976004057415
/home/iiitn/Datasets/FaceForensics++/manipulated_sequences/FaceSwap/c23/videos/902_901.mp4,1,5.855685837826609,19.94779201819756,0.2935505760479508,0.8849011722382669,0.026689022373531945,4.210698508608,15.655327511340937,0.26896265859386914,0.9182701533883021,0.017311072212534178,0.4406597013793358,0.29622740576776385,1.4875723609611053,0.9965362277233903,0.00970088841883847
/home/iiitn/Datasets/FaceForensics++/manipulated_sequences/FaceSwap/c23/videos/882_952.mp4,1,7.1184464401826615,10.654788851121376,0.6680983114398811,0.8917973927532783,0.05807269785348686,5.623761693594479,8.914438584214269,0.6308598842728093,0.8931733579277,0.05699962233140142,0.046071189800981266,0.02692715485021893,1.7109564696771775,0.9799744303303525,0.0012366475976258028
/home/iiitn/Datasets/FaceForensics++/manipulated_sequences/FaceSwap/c23/videos/909_857.mp4,1,43.83200821794159,23.599897615708,1.8572965413530937,0.8379609907402673,0.15484766699162253,26.365109117583803,16.670286039049106,1.5815630911086456,0.9495224740967668,0.13641025552742855,0.9865802876001796,0.46569157634547426,2.118527235004747,0.9953356117383493,0.020855797859448615
/home/iiitn/Datasets/FaceForensics++/manipulated_sequences/FaceSwap/c23/videos/889_045.mp4,1,5.260486540613894,5.979409174385656,0.8797669447256675,0.8578015312406624,0.004681029512516371,3.5658184736042884,10.800018982897233,0.3301677968576788,0.9083891315692298,-0.008483301197628792,0.08015440016621397,0.048641865860925206,1.647847975145281,0.9889115786412163,0.001009837974140253
/home/iiitn/Datasets/FaceForensics++/manipulated_sequences/FaceSwap/c23/videos/907_795.mp4,1,7.528078873834418,5.3700478029521745,1.4018644060665288,0.953310471446557,-0.02374719394249216,5.9173760739493,3.898813591474458,1.5177376232833588,0.9687859318309503,0.0346444274915783,0.9494911661443406,0.7821655616823634,1.2139260696956227,0.9978917633798509,0.00579803412520161
/home/iiitn/Datasets/FaceForensics++/manipulated_sequences/FaceSwap/c23/videos/914_899.mp4,1,13.466358158091111,76.23011735178791,0.1766540394519709,0.9111726963845436,0.07231750370106851,7.73150943637886,38.260207005192306,0.20207704143706318,0.9578998493630261,0.05833547204749672,0.8726171078450157,0.8129813585604245,1.0733543871045093,0.9941294266355781,0.008612527949363622
/home/iiitn/Datasets/FaceForensics++/manipulated_sequences/FaceSwap/c23/videos/913_893.mp4,1,23.82017209440094,35.84152414249403,0.6645970746026264,0.9432810894716201,0.04238794874389277,14.408848345572558,23.797012284626817,0.6054898057467855,0.9693597012653496,0.013751422234622784,1.2417953739228749,0.8500647603380619,1.4608244358100737,0.9962971829048529,-0.010966209971850134
/home/iiitn/Datasets/FaceForensics++/manipulated_sequences/FaceSwap/c23/videos/892_112.mp4,1,7.010582984280727,1.1954197732340024,5.864536576398432,0.8827282737089046,0.04777034121763177,4.776665110458624,5.353432280897981,0.8922621712247361,0.8016754755518584,0.02542791592933995,0.43401407073543075,0.34793676311689065,1.2473935402727825,0.9979614700538804,-0.005240493177193769
/home/iiitn/Datasets/FaceForensics++/manipulated_sequences/FaceSwap/c23/videos/894_848.mp4,1,1.9797020702353698,9.917649793212583,0.19961403271067643,0.7581072603062017,0.0791791160653028,1.4732061880106608,11.922219639526736,0.12356811336761626,0.8098067207792948,0.039270734686571114,0.2363161734929097,0.17978047940367006,1.3144707049217352,0.9933069731514662,-0.003427294629281236
/home/iiitn/Datasets/FaceForensics++/manipulated_sequences/FaceSwap/c23/videos/912_927.mp4,1,18.462423852385143,29.418723011170304,0.6275739380453377,0.8966205691875281,0.09286987396012263,10.865736558971422,18.488850356106937,0.587691303120014,0.9565234977888805,0.07178878645473023,0.21723168087498612,0.12302525007018998,1.7657487446767899,0.9901400108958381,0.008114954904528833
/home/iiitn/Datasets/FaceForensics++/manipulated_sequences/FaceSwap/c23/videos/910_911.mp4,1,14.611129577462966,51.78442750471125,0.2821529614503061,0.877284105645554,0.19992794968607341,8.995464304352737,30.603407928675367,0.293936685918041,0.9319839296703524,0.18666043744801525,0.10292813462628947,0.059853712291949114,1.7196616665017497,0.978006458442329,0.027494547333481965
/home/iiitn/Datasets/FaceForensics++/manipulated_sequences/FaceSwap/c23/videos/911_910.mp4,1,6.815388783280611,87.82598413929036,0.07760105224066186,0.8486751150359209,0.13656327792580533,5.039948132541556,64.40254462928768,0.07825697201177967,0.9096690771043899,0.0788037898607465,0.7183467152951225,0.6370470700345449,1.1276195262245992,0.9945911022145267,0.017191467605617676
/home/iiitn/Datasets/FaceForensics++/manipulated_sequences/FaceSwap/c23/videos/917_924.mp4,1,51.47609730912192,17.758167693722015,2.89872796546009,0.8414972168393463,0.016951471750379934,28.26621743175556,24.940712591283244,1.1333364004055995,0.9191335382749145,0.017291234320418188,0.3479423995103441,0.18100419063176684,1.9222891928408152,0.9926759835936779,0.010069757414359339
/home/iiitn/Datasets/FaceForensics++/manipulated_sequences/FaceSwap/c23/videos/919_015.mp4,1,17.68725213087235,25.56547271354056,0.6918413881509974,0.8613783750014313,0.178421449102613,11.31060758037222,13.095513413312206,0.863700965620367,0.919248390934694,0.17519926509411538,0.05127562500699904,0.026997960881149214,1.899240658682531,0.9685501462609641,0.006108751637446618
/home/iiitn/Datasets/FaceForensics++/manipulated_sequences/FaceSwap/c23/videos/906_847.mp4,1,2.3717313214258833,10.423880550943695,0.22752863579304597,0.782456189167292,0.010941407569599066,1.6964686896386383,10.29450539898023,0.16479360822975428,0.853006250681922,-0.013018317328224505,0.3210586023631633,0.23583915160196448,1.36134564673565,0.995150379323365,-0.00861448119228349
/home/iiitn/Datasets/FaceForensics++/manipulated_sequences/FaceSwap/c23/videos/918_934.mp4,1,10.301086940727265,4.0851869752567,2.521570494354173,0.930323219592467,0.19321742020962746,6.819837844640041,8.953417083164409,0.7617022396358312,0.893527950751077,0.19178597080858645,0.4187900899984711,0.26649308247118986,1.571485781600901,0.9924752081340703,0.013430242917875807
/home/iiitn/Datasets/FaceForensics++/manipulated_sequences/FaceSwap/c23/videos/922_898.mp4,1,25.24192417228288,75.99997486638608,0.3321306910516768,0.9051280030219117,0.30026582573732313,13.073456886104992,36.32508031973051,0.3599016649387544,0.9462970384378478,0.27385081386802634,1.7398042389722388,1.2960600396306192,1.3423793541756661,0.9970179596824629,0.034726998810079464
/home/iiitn/Datasets/FaceForensics++/manipulated_sequences/FaceSwap/c23/videos/915_895.mp4,1,7.4498889377701545,8.810296769337548,0.8455888754732965,0.9282416682598692,0.16145747286110498,4.734099502189577,9.581568630274262,0.4940839736023545,0.9618226900175278,0.146705128618926,0.5764286189309232,0.42243359663560415,1.3645425541949896,0.9965657767982422,0.022787011626144913
/home/iiitn/Datasets/FaceForensics++/manipulated_sequences/FaceSwap/c23/videos/904_046.mp4,1,4.544627981153816,9.784255060458092,0.46448380107346054,0.8412828389606579,0.08749167587346206,5.188810874651229,9.493851409056264,0.5465443528747015,0.8736953503355182,0.09008013704873266,0.05176383538414527,0.029612854863054438,1.7480190823724604,0.9662059953041334,0.00962301059716636
/home/iiitn/Datasets/FaceForensics++/manipulated_sequences/FaceSwap/c23/videos/916_783.mp4,1,64.1399294687197,89.48392911784123,0.7167759630252035,0.9264550408703119,0.12095504761379934,35.9421573518626,53.71049753851128,0.6691831019828387,0.9234660854381863,0.08357120557607145,0.04474223266991645,0.024163046518501336,1.8516801114320536,0.9808427903956615,0.0025056632112809515
/home/iiitn/Datasets/FaceForensics++/manipulated_sequences/FaceSwap/c23/videos/924_917.mp4,1,41.341415303045686,44.601074547713495,0.926915230681703,0.9294749045624303,0.22469088052002065,27.798390334026465,36.09394085957506,0.7701677808521166,0.9742587134275453,0.18602631117873172,2.064637234743371,1.734675695335741,1.1902151164594295,0.9978216226190929,0.02333679594842734
/home/iiitn/Datasets/FaceForensics++/manipulated_sequences/FaceSwap/c23/videos/923_023.mp4,1,0.0,0.0,0.0,0.0,0.0,0.0,0.0,0.0,0.0,0.0,0.0,0.0,0.0,0.0,0.0
/home/iiitn/Datasets/FaceForensics++/manipulated_sequences/FaceSwap/c23/videos/908_207.mp4,1,10.191806024655593,2.3977212657839315,4.250621692394006,0.8487000898111355,0.0539819696224025,7.425301543129333,6.079678230469111,1.2213313372271009,0.8914173924783159,0.02128542882853305,0.0022094427964702056,0.0011953820956492147,1.848315115737326,0.9813750541884737,-0.0005643607101786304
/home/iiitn/Datasets/FaceForensics++/manipulated_sequences/FaceSwap/c23/videos/926_900.mp4,1,23.194875273673848,28.62732155474376,0.8102356075932045,0.9010395837769526,0.15214327309603423,14.833447355721821,21.719130774867438,0.6829668972243829,0.9600473770878443,0.1977521488625717,1.1508430184304788,0.8617725773122121,1.335437038411979,0.9906942508910856,0.04076667560534828
/home/iiitn/Datasets/FaceForensics++/manipulated_sequences/FaceSwap/c23/videos/927_912.mp4,1,15.935438888313206,76.4219499851907,0.20851913476954237,0.9128658100414903,0.24604215308253732,9.512319574919019,41.11773932335826,0.23134344765679368,0.9495885286584108,0.22345773128372523,0.9090948188305571,0.7474283256968132,1.2162969847082332,0.9932041507401909,0.04546035883200834
/home/iiitn/Datasets/FaceForensics++/manipulated_sequences/FaceSwap/c23/videos/929_962.mp4,1,57.11665662810734,22.9044857261303,2.4936886735224317,0.9524842396926608,0.21564878434803486,32.15126052718377,13.816517765557558,2.3270161898052124,0.9745092584807797,0.20220361264793751,1.3517662380599127,0.8406098603727387,1.6080780178577965,0.9951843335077154,0.03967908029837618
/home/iiitn/Datasets/FaceForensics++/manipulated_sequences/FaceSwap/c23/videos/931_936.mp4,1,67.48091541186896,36.21578571646515,1.863301156577957,0.9432284167433128,0.2997530576931421,37.744267104925015,20.32332820531181,1.8571892715416551,0.9718775372601088,0.24104513426409255,2.6774050529363076,2.0582206848579774,1.3008347805624427,0.9979677436828451,0.08327349710974304
/home/iiitn/Datasets/FaceForensics++/manipulated_sequences/FaceSwap/c23/videos/930_763.mp4,1,36.4815990706918,158.198996211508,0.23060575568960526,0.9194608190104114,0.24863661685923058,27.283206759408003,95.29366434361644,0.2863066180457532,0.9834489084152649,0.29126962875278173,2.6180523254940713,2.2848372026883053,1.1458375775804552,0.9965920776785572,0.04399889830985414
/home/iiitn/Datasets/FaceForensics++/manipulated_sequences/FaceSwap/c23/videos/925_933.mp4,1,5.472364749135728,50.69552697570674,0.10794571189205868,0.8310067095799009,0.11571455384069276,3.6929836786668617,40.27922320555921,0.09168458040564118,0.9164335679853721,0.06957090394114418,0.22039944488543908,0.15260183668605434,1.4442777994793328,0.9890092713469065,0.005655429528912632
/home/iiitn/Datasets/FaceForensics++/manipulated_sequences/FaceSwap/c23/videos/936_931.mp4,1,37.54730904395554,25.903044503321336,1.449532661658407,0.8254647612882572,0.1841964238710309,23.591725105850415,25.03299066288551,0.9424253547470879,0.8751230856620529,0.1337440520110913,0.31399763597027036,0.17225331929386303,1.8228829334463648,0.9935758925056204,0.03493518598808662
/home/iiitn/Datasets/FaceForensics++/manipulated_sequences/FaceSwap/c23/videos/938_987.mp4,1,15.922041564304644,130.8387248707986,0.12169211814030928,0.9370891799607083,0.3030009463249506,9.78064967620099,71.5476454490888,0.13670120958991744,0.959290795157982,0.3153197280194686,0.9749323282979804,0.9730378559635481,1.0019469667318917,0.9945087579715487,0.06363567059230664
/home/iiitn/Datasets/FaceForensics++/manipulated_sequences/FaceSwap/c23/videos/937_888.mp4,1,9.080808874062596,106.09008742365664,0.08559526242823794,0.9468936746077498,0.18418247513916816,5.66224755875738,70.26415563456773,0.0805851505311726,0.9581591542482832,0.15539530352387673,0.5948992411585136,0.5632032801085773,1.0562780121660968,0.9913543208841994,0.020963904308608835
/home/iiitn/Datasets/FaceForensics++/manipulated_sequences/FaceSwap/c23/videos/939_115.mp4,1,4.32288240106532,41.340698313546035,0.10456723222909006,0.8779711867087016,0.322541376161662,3.2235988735519947,27.33468769823458,0.11793070069573877,0.9441702873624841,0.31950991061999096,0.6860214962114197,0.6648271156383531,1.0318795369119629,0.9962857156927433,0.03889288799812752
/home/iiitn/Datasets/FaceForensics++/manipulated_sequences/FaceSwap/c23/videos/928_160.mp4,1,13.06879444223369,51.681724639052334,0.25287071074943385,0.9239012945610856,0.042249429739931545,8.98102497308493,31.193896243332393,0.2879096892234037,0.9148886240809292,0.03156759160079723,1.1532505112815663,1.681227495447988,0.6859574414551587,0.9953356974296703,0.0034773977129427154
/home/iiitn/Datasets/FaceForensics++/manipulated_sequences/FaceSwap/c23/videos/933_925.mp4,1,8.493083330421099,20.836899487166885,0.4075982290768285,0.9159622699911396,0.029159337789102797,5.012002578995877,12.26035686407043,0.40879744648247507,0.9270489361373802,0.05013308215321071,0.5322576233314166,0.5055183644686743,1.0528947328962948,0.9952086857193714,0.005135415259169351
/home/iiitn/Datasets/FaceForensics++/manipulated_sequences/FaceSwap/c23/videos/934_918.mp4,1,7.141541752013886,12.861162072806644,0.5552796638115465,0.8424294612109606,0.10478814965874679,5.063472836796307,9.607072894011813,0.5270567729274149,0.867148356684452,0.09495659243078461,0.36271133065829214,0.22520133425846,1.610609154926294,0.9935848281111216,0.0233169719799325
/home/iiitn/Datasets/FaceForensics++/manipulated_sequences/FaceSwap/c23/videos/932_384.mp4,1,10.462011372561406,78.50445742957987,0.13326646301512302,0.9050740226311137,0.02511640719673373,7.457142732180741,51.157517298199735,0.14576826879054122,0.9625856391454429,0.0245283478964152,0.4487928838720167,0.37758374467517625,1.188591644108248,0.995228160554678,0.0032961510272296385
/home/iiitn/Datasets/FaceForensics++/manipulated_sequences/FaceSwap/c23/videos/940_941.mp4,1,35.384336824670264,12.932509171014933,2.7360766852557608,0.9649058099152722,0.23632504174596547,21.676189900449256,18.34510193419607,1.1815791472951094,0.9715926810585156,0.22353414305093725,2.8019546234480592,2.384852468687846,1.174896418221503,0.9980147881421445,0.052217173575773976
/home/iiitn/Datasets/FaceForensics++/manipulated_sequences/FaceSwap/c23/videos/944_032.mp4,1,11.307695613309555,36.72147171430232,0.30793143862220046,0.9517064104530988,0.12785773787112562,7.305143030572045,23.001923590139864,0.31758835307597966,0.964020110739741,0.06541790583463532,1.1089083624476934,1.1364151343472566,0.9757951376497966,0.9973716466795665,0.009012037635253578
/home/iiitn/Datasets/FaceForensics++/manipulated_sequences/FaceSwap/c23/videos/941_940.mp4,1,22.00373597605888,11.360564848900388,1.9368522840823945,0.9051530118944792,0.2273234397117644,14.884195026936396,28.77313212586293,0.5172949181141678,0.8036815601512756,0.2142383495518973,1.1081283506852413,0.5866158090156456,1.8890189007089757,0.9942807611050726,0.06046983320170083
/home/iiitn/Datasets/FaceForensics++/manipulated_sequences/FaceSwap/c23/videos/921_569.mp4,1,2.9742585139344038,7.757760681685813,0.38339137232679854,0.9029646846842404,-0.004932586955857207,2.1779599553176947,8.77159597034793,0.24829688493179708,0.885426709178967,-0.004308010878915405,0.0471610598196078,0.027879305160341383,1.6916153235660596,0.9869173855314513,0.0005861627770205528
/home/iiitn/Datasets/FaceForensics++/manipulated_sequences/FaceSwap/c23/videos/920_811.mp4,1,1.692049460726235,9.87038682565639,0.1714268640746724,0.7421143550773124,0.020055949407736293,1.223898245987727,10.158805584931374,0.12047658907885231,0.7284865899280039,0.04108442170898644,0.052631149950442734,0.03057348726350582,1.7214637472273613,0.9859884490189765,0.004647406494481402
/home/iiitn/Datasets/FaceForensics++/manipulated_sequences/FaceSwap/c23/videos/949_868.mp4,1,23.192503884322644,163.1671090004988,0.14213957718802103,0.9619751331724663,0.06698940243032049,13.231249555717989,87.73229136152555,0.15081390614995918,0.9751732520063623,0.041513638726573134,1.9156203778923933,2.146215430741661,0.8925573595519337,0.998049908601284,0.015512892152593563
/home/iiitn/Datasets/FaceForensics++/manipulated_sequences/FaceSwap/c23/videos/942_943.mp4,1,5.562151599736105,20.510069389464046,0.2711912619171032,0.9020831932314355,0.09571760704283651,4.069557602940589,22.47016398861798,0.18110938598409781,0.9226166250799106,0.03796710921971653,0.06732674250052399,0.038763521048819916,1.7368582801270998,0.9839404224589842,0.0035962729043156035
/home/iiitn/Datasets/FaceForensics++/manipulated_sequences/FaceSwap/c23/videos/945_044.mp4,1,10.181204050659337,14.405460259049084,0.7067600665007427,0.9029069735033474,0.15418746889438456,6.717896427659395,11.184589355754147,0.600638629991653,0.9441539906202229,0.11159021254281484,0.2337743978328527,0.1480509637853267,1.5790130091407215,0.9887429996303293,0.021555522121533232
/home/iiitn/Datasets/FaceForensics++/manipulated_sequences/FaceSwap/c23/videos/943_942.mp4,1,19.956055155888404,7.274930154837617,2.74312670103344,0.8525842346700335,0.05712536959896703,12.080102181077779,15.071921618966307,0.8014971472434104,0.8462350778863863,0.03991991449993911,0.4217512168159561,0.29953542109009534,1.4080178406983803,0.9981660647548699,-0.0002306922720731635
/home/iiitn/Datasets/FaceForensics++/manipulated_sequences/FaceSwap/c23/videos/946_049.mp4,1,14.031932795107167,4.836834948128661,2.901056774851502,0.9119834977655593,0.066928229047708,10.428212665246832,3.663966223938734,2.8461541476865984,0.9246636831935998,0.06189544344368865,0.25045774462642373,0.12352051204533003,2.0276611590997113,0.9895155430257297,0.02025296396657732
/home/iiitn/Datasets/FaceForensics++/manipulated_sequences/FaceSwap/c23/videos/954_976.mp4,1,31.345204104784983,53.315225128672786,0.5879221935035517,0.7637051935573019,0.3298634693836281,19.033792484923655,29.50738101780692,0.645051910009813,0.8442687186864593,0.27731136922589356,0.4383762803826447,0.22979716705466469,1.9076661649112616,0.9912059644471961,0.043910776080135376
/home/iiitn/Datasets/FaceForensics++/manipulated_sequences/FaceSwap/c23/videos/955_078.mp4,1,10.1758497984264,56.76005866916645,0.17927835236636547,0.8541041640339415,0.03791756645242014,6.289014215822786,35.1277676265494,0.17903256143921822,0.9189686727050367,0.005907368961339769,0.43126295589567354,0.2857566808673077,1.5091964064907804,0.9907830690736735,0.0007693948567110967
/home/iiitn/Datasets/FaceForensics++/manipulated_sequences/FaceSwap/c23/videos/956_958.mp4,1,19.949811771152238,91.67494671785401,0.2176146535710715,0.9216173055237368,0.17028368428876012,12.793987481811492,76.55588110821607,0.16711959024710937,0.9215126150223257,0.14959046434704143,1.5520359409457634,1.2091819303540534,1.28354212214478,0.9978064572933484,0.0159091908818164
/home/iiitn/Datasets/FaceForensics++/manipulated_sequences/FaceSwap/c23/videos/947_951.mp4,1,6.567413059518484,5.979898050041456,1.0982483320886975,0.9193671136522154,0.09525437826484087,5.483458285630104,6.825659235798466,0.8033595138871079,0.90753877822858,0.10213068843928101,0.3248738055687667,0.19254715938767344,1.6872427856215084,0.9900918435808297,0.019832734351914162
/home/iiitn/Datasets/FaceForensics++/manipulated_sequences/FaceSwap/c23/videos/953_974.mp4,1,26.022713178759286,76.75384396331653,0.3390411715561307,0.9228579405386776,0.1361661363692028,16.742145407147582,72.73363610505295,0.2301843590352892,0.9686901450122418,0.13409087470591283,1.504091541645599,1.410829521494578,1.0661043866251274,0.9961889693000744,0.02488558421944397
/home/iiitn/Datasets/FaceForensics++/manipulated_sequences/FaceSwap/c23/videos/952_882.mp4,1,15.934005066984634,0.94770279513746,16.81329331172172,0.8530944215750926,0.07747149732944783,12.08847521987152,0.9903913672108823,12.205755845706541,0.8777872087628745,0.01273959518615443,0.26184293621970206,0.16321987385383455,1.6042343988954784,0.9850706082982841,0.00307134983918414
/home/iiitn/Datasets/FaceForensics++/manipulated_sequences/FaceSwap/c23/videos/951_947.mp4,1,12.631300430888176,54.0150065405831,0.23384798484469127,0.884530703854403,0.06921388683484327,8.324669721300447,36.31811547028582,0.22921535474800156,0.9488466601229835,0.08729261525030153,0.9548853580031453,0.758866926664823,1.2583040905469582,0.9920629682643045,0.01576461439328071
/home/iiitn/Datasets/FaceForensics++/manipulated_sequences/FaceSwap/c23/videos/958_956.mp4,1,29.925546406777688,92.93264013915343,0.32201330298986913,0.9755178605563835,0.23511461215392604,19.03370948492892,99.8630683784839,0.1905980838961468,0.9776503745260815,0.1888846190211259,1.9298824985690899,1.9670231762464851,0.981118332449815,0.9976922166126494,0.03219368597539159
/home/iiitn/Datasets/FaceForensics++/manipulated_sequences/FaceSwap/c23/videos/935_733.mp4,1,4.311666607518343,1.2306317096777741,3.503620598763297,0.8863595174700523,0.059417459340931615,2.7385526914549043,8.003274816034818,0.3421790147663212,0.7642691017513966,0.03546227399881272,0.19678418355433483,0.13693469778916967,1.4370658914902044,0.992823953903421,0.006071428426065237
/home/iiitn/Datasets/FaceForensics++/manipulated_sequences/FaceSwap/c23/videos/962_929.mp4,1,28.57154523799815,69.60019269866808,0.4105095708814743,0.918564806196732,0.12439506388727888,19.413121302209092,76.00807485107482,0.2554086699373175,0.9379112004094914,0.12092927242011663,0.907304626356944,0.5967351826913726,1.520447683786387,0.9941737361676104,0.040841705032432236
/home/iiitn/Datasets/FaceForensics++/manipulated_sequences/FaceSwap/c23/videos/964_174.mp4,1,38.94559341538331,32.88143437348909,1.1844250154361724,0.9682105947279602,0.11316508241658312,23.08069749677195,23.0179704161728,1.0027251351646136,0.980732012133925,0.11347200496714348,1.4655047719009258,1.2776250392790678,1.1470538904965997,0.9970597360165492,0.031277954239158565
/home/iiitn/Datasets/FaceForensics++/manipulated_sequences/FaceSwap/c23/videos/966_988.mp4,1,49.782601868177984,125.25676282034904,0.39744442333688007,0.9268233779462111,0.10647916180926985,31.25455496995001,79.34760337570759,0.3938941271100653,0.964824037951043,0.02918960314482724,0.9129686834407885,0.5787146403256941,1.5775800711158439,0.9842435126922718,0.00977932997703045
/home/iiitn/Datasets/FaceForensics++/manipulated_sequences/FaceSwap/c23/videos/963_879.mp4,1,14.259825880869812,55.650499546816896,0.25623895557080306,0.9567680931644876,0.07609289441207476,9.022380083097849,38.91696931623134,0.23183665741758647,0.9585409064881582,0.02425549789134556,0.9782543776369231,1.000833888983891,0.9774393017707543,0.9969945724595982,0.0009392667376786018
/home/iiitn/Datasets/FaceForensics++/manipulated_sequences/FaceSwap/c23/videos/961_069.mp4,1,8.696555866299418,1.1067309617010908,7.857877087790564,0.906933116999241,0.049210061144821925,6.533206933377211,0.9644457416024353,6.774053377561944,0.9094081430060307,0.05906695297423247,0.06699884012108727,0.03685379081198196,1.8179633260224755,0.9866793273762173,-0.0009420851624187355
/home/iiitn/Datasets/FaceForensics++/manipulated_sequences/FaceSwap/c23/videos/948_965.mp4,1,8.81091229627746,2.5463540339433774,3.4602070956459094,0.9065355826292795,-0.008146838310984669,6.3120130802221786,5.493257526614144,1.1490473639077117,0.8712888199419119,0.012847904887938551,0.12529632232817556,0.07086252028690009,1.7681606838267974,0.9632459936536559,0.0021748988649156367
/home/iiitn/Datasets/FaceForensics++/manipulated_sequences/FaceSwap/c23/videos/960_999.mp4,1,8.269700063178012,27.11215930375572,0.30501812749501106,0.8815857990173334,0.04861678252561797,5.704116409146256,20.036772938053826,0.2846823900625735,0.9111969977585209,0.03229034249850742,0.2266195812797341,0.1294209985408081,1.751026370023548,0.9897190101135981,0.016043554210885203
/home/iiitn/Datasets/FaceForensics++/manipulated_sequences/FaceSwap/c23/videos/969_897.mp4,1,83.9501246080774,178.6023570323002,0.4700392872916847,0.9014771071977079,0.16014647580766095,50.06430492502279,91.48854575957735,0.5472193760362825,0.9528169175776634,0.1365475997708796,3.2556496547066245,2.217500534575936,1.4681618353382804,0.9950906204822281,0.022055119819968824
/home/iiitn/Datasets/FaceForensics++/manipulated_sequences/FaceSwap/c23/videos/950_836.mp4,1,2.0315995537491305,1.5392032626281393,1.3199033571954886,0.9062286627611552,-0.00035921509100875156,2.258613567452498,2.6131394679995084,0.8643295144065088,0.8684083827432794,-0.022502093214140973,0.37574587388972985,0.353306426036293,1.0635127079492515,0.9969968134447308,0.006515162246842493
/home/iiitn/Datasets/FaceForensics++/manipulated_sequences/FaceSwap/c23/videos/970_973.mp4,1,58.8037367337519,50.86293604686238,1.1561215553811774,0.8512982553528433,0.06833408130756548,36.59656433487131,34.092127549701075,1.07346085343366,0.9740414684820097,0.03439932887567925,1.8888080345664473,1.4292455154156947,1.321542040324044,0.9980169912298903,0.00713935770134311
/home/iiitn/Datasets/FaceForensics++/manipulated_sequences/FaceSwap/c23/videos/974_953.mp4,1,26.37530473054198,53.593633105179244,0.49213503922713336,0.8132855585608176,0.10116402560456296,15.800683579818461,38.029677929964485,0.4154829711920523,0.9359661067067768,0.058849867852624506,0.4211747872257156,0.2399939831480605,1.7549389434729223,0.9918222937946531,0.011467248722086766
/home/iiitn/Datasets/FaceForensics++/manipulated_sequences/FaceSwap/c23/videos/968_884.mp4,1,34.75544059231182,47.7879960017116,0.7272839101908982,0.9139154730575726,0.06431201792321974,21.307974673777192,54.20282248191566,0.39311559247466177,0.9713788683173504,0.06155459486982023,1.166250095745746,1.0681930840799476,1.091797085309026,0.9974489062310985,0.012237361861228502
/home/iiitn/Datasets/FaceForensics++/manipulated_sequences/FaceSwap/c23/videos/967_984.mp4,1,15.904994150262157,35.70741601924843,0.4454255144558323,0.9159291903673662,0.06467312611539774,10.552475895872591,32.958018046361644,0.3201793227077111,0.9518836653957736,0.047682352035384803,0.4661572435263864,0.34969329489467227,1.3330459872466045,0.9952141635293484,-0.006223931949302177
/home/iiitn/Datasets/FaceForensics++/manipulated_sequences/FaceSwap/c23/videos/973_970.mp4,1,20.76567035740126,67.81416966781212,0.3062143274646279,0.8774445917561445,0.27089677270990214,13.828665036729936,45.32150961075937,0.30512366325606677,0.9624537118997664,0.21273998373730604,1.6775054396315554,1.5689706923836386,1.0691757645791502,0.9971069147309158,0.033634531562567745
/home/iiitn/Datasets/FaceForensics++/manipulated_sequences/FaceSwap/c23/videos/976_954.mp4,1,71.33312742329119,8.08797952014403,8.81964738481693,0.8697537350194056,0.2250782279282879,40.274790620652574,8.708824545227051,4.62459547915976,0.8902797975673696,0.18878916272787097,0.4290382696804074,0.19867804553576338,2.1594649198578795,0.9779485325492927,0.023167427221981434
/home/iiitn/Datasets/FaceForensics++/manipulated_sequences/FaceSwap/c23/videos/977_075.mp4,1,10.718166917650434,4.76782122827883,2.2480219799515555,0.9006861464158983,0.06072508757541057,6.768254220522674,3.461117172316263,1.9555114385200647,0.9394686475881779,0.05100036729808583,0.3615087128391008,0.25629297857159816,1.410529132923981,0.9950722020552161,-0.0033621619643787416
/home/iiitn/Datasets/FaceForensics++/manipulated_sequences/FaceSwap/c23/videos/980_992.mp4,1,56.929293187595206,79.75216318083237,0.7138275742880111,0.8548471402521929,0.3216638833826166,32.98371872153649,66.69810331281197,0.49452258884850003,0.9584235115773454,0.27430007612227875,1.165254590623128,0.6881547833564953,1.693303045776365,0.9917355404181606,0.05364322025190709
/home/iiitn/Datasets/FaceForensics++/manipulated_sequences/FaceSwap/c23/videos/981_985.mp4,1,39.041850894505586,92.2026599502121,0.4234351906505467,0.9126613350343783,0.29198209819266674,22.508049487811586,86.27344734410246,0.2608919682789308,0.9541113688808304,0.24145613891970089,0.4546225543499123,0.28197417824955995,1.6122843487730663,0.9892714293155546,0.020524264709158666
/home/iiitn/Datasets/FaceForensics++/manipulated_sequences/FaceSwap/c23/videos/957_959.mp4,1,3.620396653814989,6.385958580259786,0.5669308073820467,0.9296473088960987,0.046828381563658636,3.917799356234839,9.97178596579119,0.39288843239065546,0.8790404764258287,0.017064167575526316,0.178973767286459,0.12343128142205495,1.4499871120553691,0.987399983381681,0.002015214534849142
/home/iiitn/Datasets/FaceForensics++/manipulated_sequences/FaceSwap/c23/videos/959_957.mp4,1,6.681509619764462,28.198730354054362,0.23694363313076636,0.921836496782098,0.0035379223919864314,5.77970045819773,24.46269693834509,0.23626587341390365,0.9451845060934757,-0.012744409879848923,0.6228092081835831,0.5948715752717106,1.0469641416285722,0.9945822947516829,-0.007078547497700977
/home/iiitn/Datasets/FaceForensics++/manipulated_sequences/FaceSwap/c23/videos/975_978.mp4,1,16.464923877794096,30.56163523211011,0.5387448594535589,0.8496737882510755,0.13293733203896327,10.381866464249994,17.420427266063097,0.5959593473619909,0.9170944762941656,0.1303445594482355,0.4334565586616492,0.25682362762879624,1.6877596608367824,0.9950847265358412,0.01458252964091261
/home/iiitn/Datasets/FaceForensics++/manipulated_sequences/FaceSwap/c23/videos/982_004.mp4,1,19.318709700653958,16.926602064292275,1.1413223768879155,0.9254610505058137,0.1390647540755721,11.983316466013497,17.746174290822296,0.675261961797076,0.9735671976163559,0.12611049415636363,0.263639579208491,0.15815172964222238,1.6670040840205023,0.9880775921463246,0.01489797941758689
/home/iiitn/Datasets/FaceForensics++/manipulated_sequences/FaceSwap/c23/videos/983_113.mp4,1,27.803500774876614,8.801151157638525,3.159075475115086,0.8472148200375486,0.24366515983252146,16.534991496432607,11.768435308800989,1.4050288812878093,0.947972220063383,0.212977881258857,0.24092208913230914,0.13030389257585448,1.8489247279551524,0.9954582770151671,0.039271795931091674
/home/iiitn/Datasets/FaceForensics++/manipulated_sequences/FaceSwap/c23/videos/985_981.mp4,1,62.61262924822779,46.529893300850176,1.3456430867655516,0.9627198820086295,0.31647518814397296,37.18717147444668,25.708173214487328,1.4465116274185748,0.9762182199373761,0.24952394937502032,2.643353287564565,2.496703737036752,1.0587372656003895,0.9973760212666688,0.050806519903484795
/home/iiitn/Datasets/FaceForensics++/manipulated_sequences/FaceSwap/c23/videos/965_948.mp4,1,2.7923233763664395,16.74658575667664,0.1667398607058264,0.8900340141931302,0.02977888224785083,2.40600912602185,14.108676017070456,0.1705340120583077,0.9017482448984016,0.0007367682553995644,0.33678260039203484,0.294435186568227,1.143825927591691,0.9897964382543952,0.008317947692659254
/home/iiitn/Datasets/FaceForensics++/manipulated_sequences/FaceSwap/c23/videos/978_975.mp4,1,13.718889055389004,26.567883154281457,0.5163711755175415,0.9279944974174145,0.07464950248518201,8.764298825919782,27.084306045649566,0.32359325770237163,0.9459295987274681,0.06075881077357055,0.5890829307571178,0.4354525023569475,1.3528063969517323,0.9956756359107134,-0.004355304000492897
/home/iiitn/Datasets/FaceForensics++/manipulated_sequences/FaceSwap/c23/videos/979_875.mp4,1,12.32054236946509,52.99190778191066,0.23249856223653143,0.9175175281927951,0.06586689206933213,7.233252450575982,50.15415531165204,0.14422040219059418,0.941697934446497,0.051326056266539986,0.7762533558893457,0.6794123600318426,1.1425364058036336,0.9963287547935353,0.011337812741989048
/home/iiitn/Datasets/FaceForensics++/manipulated_sequences/FaceSwap/c23/videos/987_938.mp4,1,29.99106843997033,38.018775446823796,0.7888488802570277,0.8950130413369082,0.3161972694119871,16.98837455177277,26.68159765134776,0.636707545543647,0.9527444692984343,0.26883749891327924,1.0433539599380521,0.6836049585835052,1.5262527675340174,0.9969359844357696,0.06741658431148367
/home/iiitn/Datasets/FaceForensics++/manipulated_sequences/FaceSwap/c23/videos/988_966.mp4,1,60.382593589821816,59.72038409400894,1.011088500281084,0.9270854714176346,0.2022242270939824,30.576724817541944,39.535037464273294,0.773408267164873,0.969079460049405,0.15755774344571222,1.6825714753948493,1.067674528718306,1.5759217159696586,0.9965007233145876,0.05081889359595867
/home/iiitn/Datasets/FaceForensics++/manipulated_sequences/FaceSwap/c23/videos/989_993.mp4,1,135.70525364940013,88.57123843581275,1.5321593786649517,0.9374703319378047,0.2356958160160319,71.94535977395317,63.5720201053561,1.131714229856471,0.9720774847654559,0.19393512874154184,2.8153021195827947,1.5837114827212435,1.777660988316727,0.993176000528576,0.050245625602808375
/home/iiitn/Datasets/FaceForensics++/manipulated_sequences/FaceSwap/c23/videos/992_980.mp4,1,50.61255262213808,237.36222739878653,0.21322917793952598,0.8943617741147186,0.1494361398191938,30.326523482802973,111.85390406621612,0.2711261956922849,0.9488002430522465,0.12425968860561745,0.8651181580677791,0.5470551538678416,1.5814093916328875,0.9912570262418235,0.021801813958651585
/home/iiitn/Datasets/FaceForensics++/manipulated_sequences/FaceSwap/c23/videos/990_008.mp4,1,61.47785666969646,114.9321635278687,0.5349055893721981,0.8988903839661235,0.3563493305807791,38.45319949544575,63.5114336781802,0.6054531801359196,0.9592883704874718,0.3465406321028519,2.8291509209794508,2.0526981878330686,1.3782595696477156,0.9961580903969995,0.096162218421183
/home/iiitn/Datasets/FaceForensics++/manipulated_sequences/FaceSwap/c23/videos/993_989.mp4,1,162.02050455001367,44.216364459735075,3.664265629471981,0.9136557543828138,0.30268552802095966,93.67805493079213,37.94571767600785,2.468738520922019,0.920055982095359,0.24000057889510346,0.8002965468823908,0.3895502413642958,2.0544116314228575,0.989172824269469,0.03366869115173348
/home/iiitn/Datasets/FaceForensics++/manipulated_sequences/FaceSwap/c23/videos/991_064.mp4,1,6.164001351185829,19.8806954696326,0.3100495835571361,0.8108832443132371,0.24992459700760203,4.473467887327959,13.630331577398637,0.3281994911074441,0.910983352368957,0.20750936067193254,0.2324677013876716,0.14772409433329048,1.5736613748545667,0.9863125273711214,0.04666682937559566
/home/iiitn/Datasets/FaceForensics++/manipulated_sequences/FaceSwap/c23/videos/994_986.mp4,1,52.39134852297365,185.76725666848407,0.2820268192713317,0.9641827779679527,0.1393472252118995,30.91916283270612,121.23736657524701,0.2550299771936722,0.9820476539845084,0.1010367577479577,3.0780682426469386,3.4182196003928986,0.9004887346304894,0.9967388029004048,0.04143441605977346
/home/iiitn/Datasets/FaceForensics++/manipulated_sequences/FaceSwap/c23/videos/995_233.mp4,1,31.00626201187659,136.7941154817205,0.22666371212451672,0.7937915918208135,0.22819331059848183,22.207434200968518,114.75579904392391,0.1935190586095645,0.9494279604094317,0.24316061065369945,0.17151623402621866,0.09437126547079004,1.8174624783357034,0.9826318893856608,0.03282894057244651
/home/iiitn/Datasets/FaceForensics++/manipulated_sequences/FaceSwap/c23/videos/996_056.mp4,1,9.491282742361589,59.43297404611922,0.15969725383415065,0.9345303496499877,0.00792690119190187,7.045541112329976,42.37347585491073,0.16627243741944422,0.9371398458219073,-0.023500453215142162,0.8066951336827272,1.007212813780812,0.8009182594238508,0.9963417440924407,0.0024133190295693363
/home/iiitn/Datasets/FaceForensics++/manipulated_sequences/FaceSwap/c23/videos/986_994.mp4,1,40.89799990969943,38.17201870288353,1.0714130742739572,0.8964602317852913,0.3202791872609964,23.7838010948565,35.696729304194186,0.6662739572631384,0.9494860622061351,0.32366321744967813,0.7153645628918133,0.43127357578311926,1.6587256977032114,0.9942254750136708,0.08129934917046251
/home/iiitn/Datasets/FaceForensics++/manipulated_sequences/FaceSwap/c23/videos/984_967.mp4,1,12.302529049643889,15.519614420384249,0.792708421511112,0.804249097310748,0.05494343622880584,7.275120535337016,29.176622303459947,0.24934759272920656,0.8987084824239959,0.06863930401916664,0.13062391316088068,0.07721974251741544,1.6915870074472334,0.9930458975495021,0.020178025322240813
/home/iiitn/Datasets/FaceForensics++/manipulated_sequences/FaceSwap/c23/videos/971_564.mp4,1,2.360095877441049,1.0271113382395882,2.2977994590986817,0.8837625535575114,0.05114401166262053,1.838897471514782,3.634917870223641,0.5058979424483234,0.796160429611143,0.06309166480885955,0.06042698616121598,0.03449803495916331,1.7516066127460825,0.9851386302030815,-0.013226576019015657
/home/iiitn/Datasets/FaceForensics++/manipulated_sequences/FaceSwap/c23/videos/972_718.mp4,1,3.133712082911726,1.916725673386346,1.6349298840325375,0.86873549727685,0.03066094424250381,3.0944161307505187,7.768991559994034,0.3983034486335438,0.8028253646753796,0.022818587152191105,0.08925722613134583,0.05158668910363646,1.7302375415493354,0.9890705276032558,-0.014797768184453053
/home/iiitn/Datasets/FaceForensics++/manipulated_sequences/FaceSwap/c23/videos/997_040.mp4,1,45.91323417631549,68.14440419099786,0.6737638214229307,0.9439253061283046,0.18338268726163598,27.85210622242697,52.35936589585904,0.5319412438612002,0.976880915016844,0.15370376999840552,3.101421875133299,2.862197578809379,1.0835806368138403,0.9978214865481809,0.04160662046330365
/home/iiitn/Datasets/FaceForensics++/manipulated_sequences/FaceSwap/c23/videos/999_960.mp4,1,11.326537120992763,2.2907834000612497,4.944394620936191,0.9229853651053329,0.20656372094605194,8.455175391918095,2.1541777802209925,3.92501281442551,0.9436675846708867,0.22483026042725957,0.436240448517388,0.22344628785022924,1.9523280190261638,0.9959119873714682,0.03855522508392659
/home/iiitn/Datasets/FaceForensics++/manipulated_sequences/FaceSwap/c23/videos/998_561.mp4,1,10.912908026237446,55.54879831466619,0.19645623951069668,0.931624112666038,0.20021394229254436,7.11910514993894,35.90359979431497,0.19828388213780695,0.9523678622171659,0.1602862852808255,0.6357381400029068,0.5177852206783197,1.2278027927681368,0.9947207974566138,0.022608303398577962
