video,label,dataset,p,n_frames,source
00000,0,celebdf,0.39500847,6,CelebDF
00001,0,celebdf,0.42578205,8,CelebDF
00002,0,celebdf,0.019246265,8,CelebDF
00003,0,celebdf,0.045764152,7,CelebDF
00004,0,celebdf,0.5742438,8,CelebDF
00005,0,celebdf,0.021082452,8,CelebDF
00006,0,celebdf,0.28278607,8,CelebDF
00007,0,celebdf,0.20077844,7,CelebDF
00008,0,celebdf,0.47431344,7,CelebDF
00009,0,celebdf,0.02683136,7,CelebDF
00010,0,celebdf,0.28251117,5,CelebDF
00011,0,celebdf,0.4120669,8,CelebDF
00012,0,celebdf,0.18364936,8,CelebDF
00013,0,celebdf,0.32631597,8,CelebDF
00014,0,celebdf,0.18189965,8,CelebDF
00015,0,celebdf,0.000113004586,8,CelebDF
00016,0,celebdf,0.0038286692,7,CelebDF
00017,0,celebdf,0.00078619673,8,CelebDF
00018,0,celebdf,0.14429857,7,CelebDF
00019,0,celebdf,0.22817391,8,CelebDF
00020,0,celebdf,0.12550597,8,CelebDF
00021,0,celebdf,0.2035216,7,CelebDF
00022,0,celebdf,0.0008771897,8,CelebDF
00023,0,celebdf,0.16734745,8,CelebDF
00024,0,celebdf,0.032888703,8,CelebDF
00025,0,celebdf,0.2522232,8,CelebDF
00026,0,celebdf,0.016515946,8,CelebDF
00027,0,celebdf,0.01773381,8,CelebDF
00028,0,celebdf,0.1706801,5,CelebDF
00029,0,celebdf,0.29778093,7,CelebDF
00030,0,celebdf,0.47064018,8,CelebDF
00031,0,celebdf,0.005123616,8,CelebDF
00032,0,celebdf,0.43552,8,CelebDF
00034,0,celebdf,0.2197242,8,CelebDF
00035,0,celebdf,0.0026347449,8,CelebDF
00036,0,celebdf,0.07751232,7,CelebDF
00037,0,celebdf,0.2926435,8,CelebDF
00038,0,celebdf,0.05618946,8,CelebDF
00039,0,celebdf,0.12634239,7,CelebDF
00040,0,celebdf,0.11503996,8,CelebDF
00041,0,celebdf,0.3337783,7,CelebDF
00042,0,celebdf,0.8011907,6,CelebDF
00043,0,celebdf,0.15258795,8,CelebDF
00044,0,celebdf,0.23455738,8,CelebDF
00045,0,celebdf,0.21877904,6,CelebDF
00046,0,celebdf,0.5085431,8,CelebDF
00047,0,celebdf,0.5462728,7,CelebDF
00048,0,celebdf,0.69300985,8,CelebDF
00049,0,celebdf,0.37088105,8,CelebDF
00050,0,celebdf,0.7979187,7,CelebDF
00051,0,celebdf,0.6480306,8,CelebDF
00052,0,celebdf,0.43707335,8,CelebDF
00053,0,celebdf,0.27406472,7,CelebDF
00054,0,celebdf,0.4214955,8,CelebDF
00055,0,celebdf,0.51206315,8,CelebDF
00056,0,celebdf,6.6845814e-07,8,CelebDF
00057,0,celebdf,0.0932247,8,CelebDF
00058,0,celebdf,0.83917856,8,CelebDF
00059,0,celebdf,0.0061242236,8,CelebDF
00060,0,celebdf,0.15975533,7,CelebDF
00061,0,celebdf,0.019685911,4,CelebDF
00062,0,celebdf,0.19218703,6,CelebDF
00063,0,celebdf,0.41851854,3,CelebDF
00064,0,celebdf,1.6667385e-05,8,CelebDF
00065,0,celebdf,0.50938755,8,CelebDF
00066,0,celebdf,0.7283603,8,CelebDF
00067,0,celebdf,0.51082486,7,CelebDF
00068,0,celebdf,0.27804747,8,CelebDF
00069,0,celebdf,0.31336084,5,CelebDF
00070,0,celebdf,0.31085068,8,CelebDF
00071,0,celebdf,0.27070773,6,CelebDF
00072,0,celebdf,0.4381709,7,CelebDF
00073,0,celebdf,0.14209734,8,CelebDF
00075,0,celebdf,0.47720677,8,CelebDF
00076,0,celebdf,0.03145022,7,CelebDF
00077,0,celebdf,0.022223165,8,CelebDF
00078,0,celebdf,0.28978902,8,CelebDF
00079,0,celebdf,0.39076704,7,CelebDF
00080,0,celebdf,0.118826106,8,CelebDF
00081,0,celebdf,0.28684384,7,CelebDF
00082,0,celebdf,0.5567172,8,CelebDF
00083,0,celebdf,0.4816388,8,CelebDF
00084,0,celebdf,0.4527421,7,CelebDF
00085,0,celebdf,0.24182838,6,CelebDF
00086,0,celebdf,0.35350904,8,CelebDF
00087,0,celebdf,0.18320404,7,CelebDF
00088,0,celebdf,0.8319877,8,CelebDF
00089,0,celebdf,0.29523253,8,CelebDF
00090,0,celebdf,0.045326825,8,CelebDF
00091,0,celebdf,0.86719835,8,CelebDF
00092,0,celebdf,0.04898109,6,CelebDF
00094,0,celebdf,0.25934958,8,CelebDF
00095,0,celebdf,0.7640402,8,CelebDF
00096,0,celebdf,0.027196428,7,CelebDF
00097,0,celebdf,0.16373205,8,CelebDF
00098,0,celebdf,0.00012013639,8,CelebDF
00099,0,celebdf,0.0009516553,8,CelebDF
00100,0,celebdf,0.18691684,8,CelebDF
00101,0,celebdf,0.023428269,8,CelebDF
00102,0,celebdf,0.243944,8,CelebDF
00103,0,celebdf,0.14993459,8,CelebDF
00104,0,celebdf,0.005412175,8,CelebDF
00105,0,celebdf,0.045856535,4,CelebDF
00106,0,celebdf,0.7628783,8,CelebDF
00107,0,celebdf,0.8622635,8,CelebDF
00108,0,celebdf,0.9770519,8,CelebDF
00109,0,celebdf,0.033169486,6,CelebDF
00110,0,celebdf,0.7154075,8,CelebDF
00111,0,celebdf,0.09204336,8,CelebDF
00112,0,celebdf,0.6741908,8,CelebDF
00113,0,celebdf,0.16045447,8,CelebDF
00114,0,celebdf,6.231066e-05,8,CelebDF
00115,0,celebdf,0.0006452208,8,CelebDF
00116,0,celebdf,0.36796305,7,CelebDF
00117,0,celebdf,0.3263203,8,CelebDF
00118,0,celebdf,0.48611155,8,CelebDF
00119,0,celebdf,0.48067278,8,CelebDF
00120,0,celebdf,0.037655998,7,CelebDF
00121,0,celebdf,0.15794474,8,CelebDF
00122,0,celebdf,0.051604595,8,CelebDF
00123,0,celebdf,2.9719624e-06,8,CelebDF
00124,0,celebdf,0.5945524,4,CelebDF
00125,0,celebdf,0.4415814,8,CelebDF
00126,0,celebdf,0.49361715,8,CelebDF
00127,0,celebdf,0.5535564,8,CelebDF
00128,0,celebdf,0.42655772,8,CelebDF
00129,0,celebdf,0.007984553,8,CelebDF
00130,0,celebdf,0.42274603,5,CelebDF
00131,0,celebdf,0.6207151,7,CelebDF
00132,0,celebdf,0.34957862,7,CelebDF
00133,0,celebdf,0.600724,8,CelebDF
00135,0,celebdf,0.73142064,5,CelebDF
00136,0,celebdf,0.00035426623,8,CelebDF
00137,0,celebdf,0.16789044,8,CelebDF
00138,0,celebdf,0.29141855,7,CelebDF
00139,0,celebdf,0.004207303,8,CelebDF
00140,0,celebdf,0.1303882,8,CelebDF
00141,0,celebdf,0.20833525,7,CelebDF
00142,0,celebdf,0.02980386,7,CelebDF
00143,0,celebdf,0.400529,6,CelebDF
00144,0,celebdf,0.3197963,8,CelebDF
00145,0,celebdf,0.27379787,8,CelebDF
00146,0,celebdf,0.08742228,8,CelebDF
00147,0,celebdf,0.00067150284,8,CelebDF
00148,0,celebdf,0.054599654,8,CelebDF
00149,0,celebdf,0.002822658,8,CelebDF
00150,0,celebdf,0.6833483,8,CelebDF
00151,0,celebdf,0.4221145,8,CelebDF
00152,0,celebdf,0.19432458,8,CelebDF
00153,0,celebdf,0.5698808,7,CelebDF
00154,0,celebdf,0.036461864,1,CelebDF
00155,0,celebdf,3.575379e-05,8,CelebDF
00156,0,celebdf,0.0027894108,8,CelebDF
00157,0,celebdf,0.10578108,7,CelebDF
00158,0,celebdf,0.01140828,8,CelebDF
00159,0,celebdf,0.7530045,8,CelebDF
00160,0,celebdf,0.6157804,7,CelebDF
00161,0,celebdf,0.0006917458,7,CelebDF
00162,0,celebdf,0.49387598,8,CelebDF
00163,0,celebdf,0.41865355,8,CelebDF
00165,0,celebdf,0.69943106,8,CelebDF
00166,0,celebdf,0.0058095767,8,CelebDF
00167,0,celebdf,0.07588927,7,CelebDF
00168,0,celebdf,0.80775255,8,CelebDF
00169,0,celebdf,0.38461667,8,CelebDF
00170,0,celebdf,0.6270139,3,CelebDF
00171,0,celebdf,0.0012088165,7,CelebDF
00172,0,celebdf,0.5361718,8,CelebDF
00173,0,celebdf,0.8514752,6,CelebDF
00174,0,celebdf,0.56504077,8,CelebDF
00175,0,celebdf,0.7221046,7,CelebDF
00176,0,celebdf,0.37201276,8,CelebDF
00177,0,celebdf,0.0049661417,5,CelebDF
00178,0,celebdf,0.5828638,8,CelebDF
00179,0,celebdf,0.0028662682,8,CelebDF
00180,0,celebdf,0.26859438,8,CelebDF
00181,0,celebdf,0.23634526,5,CelebDF
00182,0,celebdf,0.3791055,8,CelebDF
00183,0,celebdf,0.336478,1,CelebDF
00184,0,celebdf,0.009207855,8,CelebDF
00185,0,celebdf,0.42729744,7,CelebDF
00186,0,celebdf,0.00019187167,8,CelebDF
00187,0,celebdf,0.11856124,8,CelebDF
00188,0,celebdf,0.65658283,8,CelebDF
00189,0,celebdf,0.08899818,7,CelebDF
00190,0,celebdf,0.1677146,8,CelebDF
00191,0,celebdf,0.13416438,8,CelebDF
00192,0,celebdf,0.0018610255,8,CelebDF
00193,0,celebdf,0.08393715,8,CelebDF
00194,0,celebdf,0.00034820585,7,CelebDF
00195,0,celebdf,0.37139305,7,CelebDF
00196,0,celebdf,0.21534279,8,CelebDF
00197,0,celebdf,0.69281006,7,CelebDF
00198,0,celebdf,0.67270243,8,CelebDF
00199,0,celebdf,0.015969463,8,CelebDF
00200,0,celebdf,0.9997177,3,CelebDF
00202,0,celebdf,0.53723264,8,CelebDF
00203,0,celebdf,0.18098417,8,CelebDF
00204,0,celebdf,0.7217452,8,CelebDF
00205,0,celebdf,0.37118125,8,CelebDF
00206,0,celebdf,0.4677112,7,CelebDF
00207,0,celebdf,0.13580921,7,CelebDF
00208,0,celebdf,0.47169262,7,CelebDF
00209,0,celebdf,0.005555285,8,CelebDF
00211,0,celebdf,0.0008012071,7,CelebDF
00212,0,celebdf,0.17290872,8,CelebDF
00213,0,celebdf,0.29531437,8,CelebDF
00214,0,celebdf,0.41053304,8,CelebDF
00215,0,celebdf,0.34964848,8,CelebDF
00216,0,celebdf,0.4462018,8,CelebDF
00217,0,celebdf,0.17665379,8,CelebDF
00218,0,celebdf,0.3386618,8,CelebDF
00219,0,celebdf,0.44918525,8,CelebDF
00220,0,celebdf,0.13514353,8,CelebDF
00221,0,celebdf,0.0013300125,8,CelebDF
00222,0,celebdf,0.005039216,8,CelebDF
00223,0,celebdf,0.08245896,8,CelebDF
00224,0,celebdf,0.59495133,8,CelebDF
00225,0,celebdf,0.00037499008,8,CelebDF
00226,0,celebdf,0.23363219,6,CelebDF
00227,0,celebdf,0.3956259,8,CelebDF
00228,0,celebdf,0.0036638223,7,CelebDF
00229,0,celebdf,0.022867108,7,CelebDF
00230,0,celebdf,0.3747516,8,CelebDF
00231,0,celebdf,0.5186421,8,CelebDF
00232,0,celebdf,0.7691439,8,CelebDF
00233,0,celebdf,0.16349594,8,CelebDF
00234,0,celebdf,0.30814755,8,CelebDF
00235,0,celebdf,2.0420382e-05,8,CelebDF
00236,0,celebdf,0.82182,8,CelebDF
00237,0,celebdf,0.31518757,5,CelebDF
00238,0,celebdf,0.69343835,8,CelebDF
00239,0,celebdf,0.01765414,8,CelebDF
00240,0,celebdf,0.66613114,7,CelebDF
00242,0,celebdf,0.25287277,7,CelebDF
00243,0,celebdf,0.16122076,8,CelebDF
00244,0,celebdf,0.02359145,8,CelebDF
00245,0,celebdf,0.00023229304,8,CelebDF
00246,0,celebdf,0.6569678,7,CelebDF
00247,0,celebdf,0.7048851,7,CelebDF
00248,0,celebdf,0.47155812,8,CelebDF
00249,0,celebdf,0.19226933,7,CelebDF
00250,0,celebdf,0.007702792,6,CelebDF
00251,0,celebdf,0.032939367,8,CelebDF
00252,0,celebdf,0.000478531,8,CelebDF
00253,0,celebdf,0.000259622,8,CelebDF
00254,0,celebdf,0.6057068,4,CelebDF
00255,0,celebdf,0.023577208,8,CelebDF
00256,0,celebdf,0.021248495,8,CelebDF
00257,0,celebdf,0.11528981,8,CelebDF
00258,0,celebdf,0.04131418,7,CelebDF
00259,0,celebdf,0.79165524,8,CelebDF
00260,0,celebdf,0.009787833,7,CelebDF
00261,0,celebdf,0.30956694,8,CelebDF
00262,0,celebdf,0.5318646,8,CelebDF
00263,0,celebdf,0.6112935,8,CelebDF
00264,0,celebdf,0.24096198,6,CelebDF
00265,0,celebdf,0.12505914,8,CelebDF
00266,0,celebdf,0.005609317,5,CelebDF
00267,0,celebdf,0.32157487,6,CelebDF
00268,0,celebdf,0.009409959,8,CelebDF
00269,0,celebdf,0.014446823,7,CelebDF
00270,0,celebdf,0.0016101877,8,CelebDF
00271,0,celebdf,0.17052276,2,CelebDF
00272,0,celebdf,0.008943552,8,CelebDF
00273,0,celebdf,0.4580288,7,CelebDF
00274,0,celebdf,0.0015126627,8,CelebDF
00275,0,celebdf,0.8813858,2,CelebDF
00276,0,celebdf,0.038550537,8,CelebDF
00277,0,celebdf,0.038860243,7,CelebDF
00278,0,celebdf,0.0021734245,8,CelebDF
00279,0,celebdf,0.5918339,5,CelebDF
00280,0,celebdf,0.14219514,8,CelebDF
00281,0,celebdf,0.18701148,8,CelebDF
00282,0,celebdf,0.42518368,8,CelebDF
00283,0,celebdf,0.18124121,8,CelebDF
00284,0,celebdf,0.0021264642,5,CelebDF
00285,0,celebdf,0.49547395,8,CelebDF
00287,0,celebdf,0.49133885,8,CelebDF
00288,0,celebdf,0.3483001,6,CelebDF
00289,0,celebdf,0.02908491,8,CelebDF
00290,0,celebdf,0.32038078,3,CelebDF
00291,0,celebdf,0.65421677,7,CelebDF
00292,0,celebdf,0.25687698,8,CelebDF
00293,0,celebdf,0.30357155,8,CelebDF
00294,0,celebdf,0.2502184,8,CelebDF
00295,0,celebdf,0.07672794,8,CelebDF
00296,0,celebdf,0.4386529,7,CelebDF
00297,0,celebdf,0.14232953,7,CelebDF
00298,0,celebdf,0.22681737,8,CelebDF
00299,0,celebdf,0.6052039,8,CelebDF
id0_0000,0,celebdf,0.4730186,4,CelebDF
id0_0001,0,celebdf,0.071554415,7,CelebDF
id0_0002,0,celebdf,0.00010924439,8,CelebDF
id0_0003,0,celebdf,0.25235415,8,CelebDF
id0_0004,0,celebdf,0.36689806,7,CelebDF
id0_0005,0,celebdf,0.65907747,7,CelebDF
id0_0006,0,celebdf,0.0018653577,8,CelebDF
id0_0007,0,celebdf,0.5932593,6,CelebDF
id0_0008,0,celebdf,0.20414747,8,CelebDF
id0_0009,0,celebdf,0.03639394,5,CelebDF
id0_id16_0000,1,celebdf,0.75103146,3,CelebDF
id0_id16_0001,1,celebdf,0.03125905,7,CelebDF
id0_id16_0002,1,celebdf,0.55019593,8,CelebDF
id0_id16_0003,1,celebdf,0.22913992,7,CelebDF
id0_id16_0004,1,celebdf,0.5001984,8,CelebDF
id0_id16_0005,1,celebdf,0.80033046,7,CelebDF
id0_id16_0006,1,celebdf,0.24660888,8,CelebDF
id0_id16_0007,1,celebdf,0.7519763,7,CelebDF
id0_id16_0008,1,celebdf,0.70172364,8,CelebDF
id0_id16_0009,1,celebdf,0.2987061,5,CelebDF
id0_id17_0000,1,celebdf,0.9487265,3,CelebDF
id0_id17_0001,1,celebdf,0.05426619,7,CelebDF
id0_id17_0002,1,celebdf,0.8748938,8,CelebDF
id0_id17_0003,1,celebdf,0.79492533,8,CelebDF
id0_id17_0005,1,celebdf,0.8440959,7,CelebDF
id0_id17_0006,1,celebdf,0.47867504,8,CelebDF
id0_id17_0007,1,celebdf,0.8820776,7,CelebDF
id0_id17_0009,1,celebdf,0.7184276,5,CelebDF
id0_id1_0000,1,celebdf,0.9743038,3,CelebDF
id0_id1_0001,1,celebdf,0.02811719,7,CelebDF
id0_id1_0002,1,celebdf,0.63694793,8,CelebDF
id0_id1_0003,1,celebdf,0.316575,8,CelebDF
id0_id1_0005,1,celebdf,0.4243254,7,CelebDF
id0_id1_0006,1,celebdf,0.23922653,8,CelebDF
id0_id1_0007,1,celebdf,0.5103088,7,CelebDF
id0_id1_0009,1,celebdf,0.21698737,5,CelebDF
id0_id20_0000,1,celebdf,0.99951077,5,CelebDF
id0_id20_0001,1,celebdf,0.03009733,7,CelebDF
id0_id20_0002,1,celebdf,0.876708,8,CelebDF
id0_id20_0003,1,celebdf,0.8454804,8,CelebDF
id0_id20_0004,1,celebdf,0.8448709,7,CelebDF
id0_id20_0005,1,celebdf,0.8226434,7,CelebDF
id0_id20_0006,1,celebdf,0.12706566,8,CelebDF
id0_id20_0007,1,celebdf,0.85996825,7,CelebDF
id0_id20_0009,1,celebdf,0.49120182,5,CelebDF
id0_id21_0000,1,celebdf,0.8361166,6,CelebDF
id0_id21_0001,1,celebdf,0.03621954,7,CelebDF
id0_id21_0002,1,celebdf,0.84337676,8,CelebDF
id0_id21_0003,1,celebdf,0.44488963,8,CelebDF
id0_id21_0004,1,celebdf,0.78789,7,CelebDF
id0_id21_0005,1,celebdf,0.71819824,7,CelebDF
id0_id21_0006,1,celebdf,0.27213526,8,CelebDF
id0_id21_0007,1,celebdf,0.97738165,7,CelebDF
id0_id21_0009,1,celebdf,0.21634786,5,CelebDF
id0_id23_0000,1,celebdf,0.75811327,4,CelebDF
id0_id23_0001,1,celebdf,0.26105,7,CelebDF
id0_id23_0002,1,celebdf,0.87470585,8,CelebDF
id0_id23_0004,1,celebdf,0.8218106,8,CelebDF
id0_id23_0005,1,celebdf,0.8556918,7,CelebDF
id0_id23_0007,1,celebdf,0.97869855,7,CelebDF
id0_id23_0009,1,celebdf,0.22680938,5,CelebDF
id0_id26_0000,1,celebdf,0.84226686,3,CelebDF
id0_id26_0001,1,celebdf,0.16091554,7,CelebDF
id0_id26_0002,1,celebdf,0.8095075,8,CelebDF
id0_id26_0003,1,celebdf,0.4939125,8,CelebDF
id0_id26_0004,1,celebdf,0.71777314,8,CelebDF
id0_id26_0005,1,celebdf,0.8364219,7,CelebDF
id0_id26_0006,1,celebdf,0.010257636,8,CelebDF
id0_id26_0007,1,celebdf,0.8845052,7,CelebDF
id0_id26_0008,1,celebdf,0.8726318,8,CelebDF
id0_id26_0009,1,celebdf,0.16374514,5,CelebDF
id0_id28_0000,1,celebdf,0.85380095,6,CelebDF
id0_id28_0001,1,celebdf,0.0074439407,7,CelebDF
id0_id28_0002,1,celebdf,0.8723557,8,CelebDF
id0_id28_0003,1,celebdf,0.74738187,8,CelebDF
id0_id28_0004,1,celebdf,0.8567317,7,CelebDF
id0_id28_0005,1,celebdf,0.7868476,7,CelebDF
id0_id28_0006,1,celebdf,0.35288602,8,CelebDF
id0_id28_0007,1,celebdf,0.98510844,7,CelebDF
id0_id28_0008,1,celebdf,0.76079065,8,CelebDF
id0_id28_0009,1,celebdf,0.2795629,5,CelebDF
id0_id2_0000,1,celebdf,0.4503305,4,CelebDF
id0_id2_0001,1,celebdf,0.018862855,7,CelebDF
id0_id2_0002,1,celebdf,0.14123566,8,CelebDF
id0_id2_0003,1,celebdf,0.27476695,8,CelebDF
id0_id2_0004,1,celebdf,0.2960421,8,CelebDF
id0_id2_0005,1,celebdf,0.4187898,7,CelebDF
id0_id2_0006,1,celebdf,0.25481224,8,CelebDF
id0_id2_0007,1,celebdf,0.6711306,8,CelebDF
id0_id2_0008,1,celebdf,0.7678826,8,CelebDF
id0_id2_0009,1,celebdf,0.004573951,5,CelebDF
id0_id3_0000,1,celebdf,0.5575987,4,CelebDF
id0_id3_0001,1,celebdf,0.20789436,7,CelebDF
id0_id3_0002,1,celebdf,0.40888435,8,CelebDF
id0_id3_0003,1,celebdf,0.71902704,7,CelebDF
id0_id3_0004,1,celebdf,0.2281474,7,CelebDF
id0_id3_0005,1,celebdf,0.60620916,7,CelebDF
id0_id3_0006,1,celebdf,0.019378556,8,CelebDF
id0_id3_0007,1,celebdf,0.62872607,7,CelebDF
id0_id3_0008,1,celebdf,0.5414122,8,CelebDF
id0_id3_0009,1,celebdf,0.020811465,5,CelebDF
id0_id4_0000,1,celebdf,0.67594576,6,CelebDF
id0_id4_0001,1,celebdf,0.0031759273,7,CelebDF
id0_id4_0002,1,celebdf,0.8497782,8,CelebDF
id0_id4_0003,1,celebdf,0.7144971,8,CelebDF
id0_id4_0004,1,celebdf,0.5289573,7,CelebDF
id0_id4_0005,1,celebdf,0.75238746,7,CelebDF
id0_id4_0006,1,celebdf,0.07915918,8,CelebDF
id0_id4_0009,1,celebdf,0.20101455,5,CelebDF
id0_id6_0000,1,celebdf,0.76915056,3,CelebDF
id0_id6_0001,1,celebdf,0.05280794,7,CelebDF
id0_id6_0002,1,celebdf,0.7924545,8,CelebDF
id0_id6_0006,1,celebdf,0.610756,8,CelebDF
id0_id6_0007,1,celebdf,0.63262945,7,CelebDF
id0_id6_0009,1,celebdf,0.2649199,5,CelebDF
id0_id9_0000,1,celebdf,0.5840238,4,CelebDF
id0_id9_0001,1,celebdf,0.110335216,7,CelebDF
id0_id9_0002,1,celebdf,0.8745755,8,CelebDF
id0_id9_0003,1,celebdf,0.5992505,8,CelebDF
id0_id9_0005,1,celebdf,0.7251341,7,CelebDF
id0_id9_0006,1,celebdf,0.58286154,8,CelebDF
id0_id9_0007,1,celebdf,0.96191084,7,CelebDF
id0_id9_0008,1,celebdf,0.85727006,8,CelebDF
id0_id9_0009,1,celebdf,0.6112394,5,CelebDF
id10_0000,0,celebdf,0.013307556,8,CelebDF
id10_0001,0,celebdf,0.08715639,8,CelebDF
id10_0002,0,celebdf,0.33709246,8,CelebDF
id10_0003,0,celebdf,0.5153032,7,CelebDF
id10_0004,0,celebdf,0.0118243545,8,CelebDF
id10_0005,0,celebdf,0.5926525,8,CelebDF
id10_0006,0,celebdf,0.04605008,7,CelebDF
id10_0007,0,celebdf,0.567589,7,CelebDF
id10_0008,0,celebdf,0.6397096,8,CelebDF
id10_0009,0,celebdf,0.12974131,7,CelebDF
id10_id11_0001,1,celebdf,0.2043075,8,CelebDF
id10_id11_0002,1,celebdf,0.9998411,8,CelebDF
id10_id11_0003,1,celebdf,0.9996365,7,CelebDF
id10_id11_0004,1,celebdf,0.66452247,8,CelebDF
id10_id11_0005,1,celebdf,0.8220778,8,CelebDF
id10_id11_0006,1,celebdf,0.0770701,7,CelebDF
id10_id11_0007,1,celebdf,0.9879778,7,CelebDF
id10_id11_0008,1,celebdf,0.642222,8,CelebDF
id10_id12_0001,1,celebdf,0.46062803,8,CelebDF
id10_id12_0002,1,celebdf,0.9996459,8,CelebDF
id10_id12_0003,1,celebdf,0.99966186,7,CelebDF
id10_id12_0004,1,celebdf,0.7384927,8,CelebDF
id10_id12_0005,1,celebdf,0.86974,8,CelebDF
id10_id12_0006,1,celebdf,0.32750368,7,CelebDF
id10_id12_0007,1,celebdf,0.8624059,7,CelebDF
id10_id12_0008,1,celebdf,0.78580725,8,CelebDF
id10_id13_0001,1,celebdf,0.19605973,8,CelebDF
id10_id13_0002,1,celebdf,0.9458153,8,CelebDF
id10_id13_0003,1,celebdf,0.96725017,7,CelebDF
id10_id13_0004,1,celebdf,0.15454394,8,CelebDF
id10_id13_0005,1,celebdf,0.53229934,8,CelebDF
id10_id13_0006,1,celebdf,0.050080635,7,CelebDF
id10_id13_0007,1,celebdf,0.9991706,7,CelebDF
id10_id13_0008,1,celebdf,0.36784974,8,CelebDF
id10_id7_0001,1,celebdf,0.43498632,8,CelebDF
id10_id7_0002,1,celebdf,0.92079914,8,CelebDF
id10_id7_0003,1,celebdf,0.8227437,7,CelebDF
id10_id7_0004,1,celebdf,0.13532436,8,CelebDF
id10_id7_0005,1,celebdf,0.5980882,8,CelebDF
id10_id7_0006,1,celebdf,0.06280896,7,CelebDF
id10_id7_0007,1,celebdf,0.9896463,7,CelebDF
id10_id7_0008,1,celebdf,0.520237,8,CelebDF
id10_id7_0009,1,celebdf,0.04786844,7,CelebDF
id11_0000,0,celebdf,0.27892762,8,CelebDF
id11_0001,0,celebdf,0.00022971928,8,CelebDF
id11_0002,0,celebdf,0.057806775,8,CelebDF
id11_0003,0,celebdf,0.2890961,8,CelebDF
id11_0004,0,celebdf,0.57498896,7,CelebDF
id11_0005,0,celebdf,0.53177357,7,CelebDF
id11_0006,0,celebdf,0.15697303,8,CelebDF
id11_0007,0,celebdf,0.44981554,7,CelebDF
id11_0008,0,celebdf,0.66880697,8,CelebDF
id11_0009,0,celebdf,0.08725333,8,CelebDF
id11_0010,0,celebdf,0.35873827,8,CelebDF
id11_id7_0000,1,celebdf,0.3471629,7,CelebDF
id11_id7_0001,1,celebdf,0.2204532,8,CelebDF
id11_id7_0002,1,celebdf,0.12476397,8,CelebDF
id11_id7_0003,1,celebdf,0.20223436,8,CelebDF
id11_id7_0004,1,celebdf,0.28673124,8,CelebDF
id11_id7_0005,1,celebdf,0.5603594,7,CelebDF
id11_id7_0006,1,celebdf,0.14406708,8,CelebDF
id11_id7_0007,1,celebdf,0.84701127,7,CelebDF
id11_id7_0008,1,celebdf,0.4767686,8,CelebDF
id11_id7_0009,1,celebdf,0.34032902,8,CelebDF
id11_id7_0010,1,celebdf,0.7199137,8,CelebDF
id12_0000,0,celebdf,0.5272436,8,CelebDF
id12_0001,0,celebdf,0.42987147,8,CelebDF
id12_0002,0,celebdf,0.5357734,6,CelebDF
id12_0004,0,celebdf,0.47418386,8,CelebDF
id12_0005,0,celebdf,0.0074866945,8,CelebDF
id12_0006,0,celebdf,0.30612096,6,CelebDF
id12_id10_0001,1,celebdf,0.40601623,8,CelebDF
id12_id10_0002,1,celebdf,0.8048709,6,CelebDF
id12_id10_0004,1,celebdf,0.73624134,8,CelebDF
id12_id10_0005,1,celebdf,0.8030993,8,CelebDF
id12_id10_0006,1,celebdf,0.19252534,6,CelebDF
id12_id7_0000,1,celebdf,0.46787247,8,CelebDF
id12_id7_0001,1,celebdf,0.36025953,8,CelebDF
id12_id7_0002,1,celebdf,0.8546826,6,CelebDF
id12_id7_0004,1,celebdf,0.55951524,8,CelebDF
id12_id7_0005,1,celebdf,0.6397222,8,CelebDF
id12_id7_0006,1,celebdf,0.020494679,6,CelebDF
id13_0000,0,celebdf,0.23225953,8,CelebDF
id13_0001,0,celebdf,0.15526153,8,CelebDF
id13_0002,0,celebdf,0.0005050416,8,CelebDF
id13_0003,0,celebdf,0.0029437302,8,CelebDF
id13_0004,0,celebdf,0.0028351087,7,CelebDF
id13_0005,0,celebdf,0.0013254662,8,CelebDF
id13_0006,0,celebdf,0.0042759147,7,CelebDF
id13_0007,0,celebdf,0.15122578,8,CelebDF
id13_0008,0,celebdf,0.13776499,8,CelebDF
id13_0009,0,celebdf,0.3836609,8,CelebDF
id13_0010,0,celebdf,0.14928994,8,CelebDF
id13_0011,0,celebdf,0.25009987,8,CelebDF
id13_0012,0,celebdf,0.87129235,8,CelebDF
id13_0013,0,celebdf,0.6096105,7,CelebDF
id13_0014,0,celebdf,0.3547843,8,CelebDF
id13_0015,0,celebdf,0.38263988,8,CelebDF
id13_id10_0000,1,celebdf,0.48846456,8,CelebDF
id13_id10_0001,1,celebdf,0.63444614,8,CelebDF
id13_id10_0003,1,celebdf,0.8564507,8,CelebDF
id13_id10_0004,1,celebdf,0.75044906,7,CelebDF
id13_id10_0005,1,celebdf,0.78329176,8,CelebDF
id13_id10_0007,1,celebdf,0.4449268,8,CelebDF
id13_id10_0008,1,celebdf,0.5486505,8,CelebDF
id13_id10_0011,1,celebdf,0.74706507,8,CelebDF
id13_id10_0012,1,celebdf,0.8739808,8,CelebDF
id13_id10_0014,1,celebdf,0.6758593,8,CelebDF
id13_id10_0015,1,celebdf,0.74981713,8,CelebDF
id13_id7_0000,1,celebdf,0.26595587,8,CelebDF
id13_id7_0001,1,celebdf,0.29307392,8,CelebDF
id13_id7_0002,1,celebdf,0.041131664,8,CelebDF
id13_id7_0003,1,celebdf,0.8064927,8,CelebDF
id13_id7_0004,1,celebdf,0.72588223,7,CelebDF
id13_id7_0005,1,celebdf,0.72218776,8,CelebDF
id13_id7_0007,1,celebdf,0.07935557,8,CelebDF
id13_id7_0008,1,celebdf,0.28673798,8,CelebDF
id13_id7_0009,1,celebdf,0.5989091,8,CelebDF
id13_id7_0011,1,celebdf,0.5960827,8,CelebDF
id13_id7_0012,1,celebdf,0.8729049,8,CelebDF
id13_id7_0015,1,celebdf,0.742571,8,CelebDF
id16_0000,0,celebdf,1.1888349e-05,7,CelebDF
id16_0001,0,celebdf,0.0028393907,8,CelebDF
id16_0002,0,celebdf,0.38083342,7,CelebDF
id16_0003,0,celebdf,0.00052770315,8,CelebDF
id16_0004,0,celebdf,0.09831296,8,CelebDF
id16_0005,0,celebdf,0.7613209,8,CelebDF
id16_0006,0,celebdf,0.44758546,8,CelebDF
id16_0007,0,celebdf,1.3729044e-05,8,CelebDF
id16_0008,0,celebdf,0.015496681,8,CelebDF
id16_0009,0,celebdf,9.634982e-05,8,CelebDF
id16_0010,0,celebdf,0.29499722,8,CelebDF
id16_0011,0,celebdf,0.2227238,8,CelebDF
id16_0012,0,celebdf,0.035289656,8,CelebDF
id16_0013,0,celebdf,0.0016433152,8,CelebDF
id16_id0_0000,1,celebdf,0.14546205,7,CelebDF
id16_id0_0001,1,celebdf,0.15853345,8,CelebDF
id16_id0_0002,1,celebdf,0.42519632,6,CelebDF
id16_id0_0003,1,celebdf,0.37600932,8,CelebDF
id16_id0_0004,1,celebdf,0.30946076,8,CelebDF
id16_id0_0005,1,celebdf,0.8720786,8,CelebDF
id16_id0_0006,1,celebdf,0.5982726,8,CelebDF
id16_id0_0007,1,celebdf,0.87408704,8,CelebDF
id16_id0_0009,1,celebdf,0.81226754,8,CelebDF
id16_id0_0010,1,celebdf,0.7135514,8,CelebDF
id16_id0_0011,1,celebdf,0.41893747,8,CelebDF
id16_id0_0012,1,celebdf,0.1371275,8,CelebDF
id16_id0_0013,1,celebdf,0.7966285,8,CelebDF
id16_id17_0000,1,celebdf,0.5365418,7,CelebDF
id16_id17_0001,1,celebdf,0.12213484,8,CelebDF
id16_id17_0002,1,celebdf,0.6719585,6,CelebDF
id16_id17_0003,1,celebdf,0.5120062,8,CelebDF
id16_id17_0004,1,celebdf,0.4631378,8,CelebDF
id16_id17_0005,1,celebdf,0.80169845,8,CelebDF
id16_id17_0006,1,celebdf,0.67498505,8,CelebDF
id16_id17_0007,1,celebdf,0.87491757,8,CelebDF
id16_id17_0009,1,celebdf,0.876997,8,CelebDF
id16_id17_0010,1,celebdf,0.7413218,8,CelebDF
id16_id17_0011,1,celebdf,0.5412148,8,CelebDF
id16_id17_0012,1,celebdf,0.4952991,8,CelebDF
id16_id17_0013,1,celebdf,0.90254366,8,CelebDF
id16_id1_0000,1,celebdf,0.2885324,7,CelebDF
id16_id1_0001,1,celebdf,0.11281323,8,CelebDF
id16_id1_0002,1,celebdf,0.36844602,6,CelebDF
id16_id1_0003,1,celebdf,0.80492085,8,CelebDF
id16_id1_0004,1,celebdf,0.39361614,8,CelebDF
id16_id1_0005,1,celebdf,0.86179,8,CelebDF
id16_id1_0006,1,celebdf,0.57462525,8,CelebDF
id16_id1_0007,1,celebdf,0.8678161,8,CelebDF
id16_id1_0009,1,celebdf,0.87539923,8,CelebDF
id16_id1_0010,1,celebdf,0.797354,8,CelebDF
id16_id1_0011,1,celebdf,0.02893448,8,CelebDF
id16_id1_0012,1,celebdf,0.7544927,8,CelebDF
id16_id1_0013,1,celebdf,0.65837514,8,CelebDF
id16_id20_0000,1,celebdf,0.3760491,7,CelebDF
id16_id20_0001,1,celebdf,0.17180203,8,CelebDF
id16_id20_0002,1,celebdf,0.51491576,6,CelebDF
id16_id20_0003,1,celebdf,0.2967515,8,CelebDF
id16_id20_0004,1,celebdf,0.53407586,8,CelebDF
id16_id20_0005,1,celebdf,0.94425464,8,CelebDF
id16_id20_0006,1,celebdf,0.78645015,8,CelebDF
id16_id20_0007,1,celebdf,0.87362903,8,CelebDF
id16_id20_0009,1,celebdf,0.8886889,8,CelebDF
id16_id20_0010,1,celebdf,0.7405819,8,CelebDF
id16_id20_0011,1,celebdf,0.43564492,8,CelebDF
id16_id20_0012,1,celebdf,0.4351824,8,CelebDF
id16_id20_0013,1,celebdf,0.98670447,8,CelebDF
id16_id21_0000,1,celebdf,0.40781236,7,CelebDF
id16_id21_0001,1,celebdf,0.10442057,8,CelebDF
id16_id21_0002,1,celebdf,0.5149413,7,CelebDF
id16_id21_0003,1,celebdf,0.69001323,8,CelebDF
id16_id21_0004,1,celebdf,0.71470344,8,CelebDF
id16_id21_0005,1,celebdf,0.8755268,8,CelebDF
id16_id21_0006,1,celebdf,0.7502719,8,CelebDF
id16_id21_0007,1,celebdf,0.9050208,8,CelebDF
id16_id21_0009,1,celebdf,0.9702321,8,CelebDF
id16_id21_0010,1,celebdf,0.7963707,8,CelebDF
id16_id21_0011,1,celebdf,0.043936923,8,CelebDF
id16_id21_0012,1,celebdf,0.5198542,8,CelebDF
id16_id21_0013,1,celebdf,0.93614674,8,CelebDF
id16_id23_0000,1,celebdf,0.20994508,7,CelebDF
id16_id23_0001,1,celebdf,0.06753057,8,CelebDF
id16_id23_0002,1,celebdf,0.49935865,6,CelebDF
id16_id23_0003,1,celebdf,0.4709305,8,CelebDF
id16_id23_0004,1,celebdf,0.7100484,8,CelebDF
id16_id23_0005,1,celebdf,0.9388754,8,CelebDF
id16_id23_0006,1,celebdf,0.6068532,8,CelebDF
id16_id23_0009,1,celebdf,0.9471913,8,CelebDF
id16_id23_0010,1,celebdf,0.62421143,8,CelebDF
id16_id23_0011,1,celebdf,0.0024634507,8,CelebDF
id16_id23_0012,1,celebdf,0.42404413,8,CelebDF
id16_id23_0013,1,celebdf,0.8624002,8,CelebDF
id16_id26_0000,1,celebdf,0.5853182,7,CelebDF
id16_id26_0001,1,celebdf,0.055837624,8,CelebDF
id16_id26_0002,1,celebdf,0.49230728,6,CelebDF
id16_id26_0003,1,celebdf,0.4496606,8,CelebDF
id16_id26_0004,1,celebdf,0.65640116,8,CelebDF
id16_id26_0005,1,celebdf,0.87746763,8,CelebDF
id16_id26_0006,1,celebdf,0.7516883,8,CelebDF
id16_id26_0007,1,celebdf,0.87465626,8,CelebDF
id16_id26_0009,1,celebdf,0.5154105,8,CelebDF
id16_id26_0010,1,celebdf,0.7293242,8,CelebDF
id16_id26_0011,1,celebdf,0.13112253,8,CelebDF
id16_id26_0012,1,celebdf,0.30013996,8,CelebDF
id16_id26_0013,1,celebdf,0.8621182,8,CelebDF
id16_id28_0000,1,celebdf,0.6458821,7,CelebDF
id16_id28_0001,1,celebdf,0.15176903,8,CelebDF
id16_id28_0002,1,celebdf,0.52830493,7,CelebDF
id16_id28_0003,1,celebdf,0.4517133,8,CelebDF
id16_id28_0004,1,celebdf,0.68113536,8,CelebDF
id16_id28_0005,1,celebdf,0.9395638,8,CelebDF
id16_id28_0006,1,celebdf,0.8203964,8,CelebDF
id16_id28_0007,1,celebdf,0.87285304,8,CelebDF
id16_id28_0009,1,celebdf,0.966722,8,CelebDF
id16_id28_0010,1,celebdf,0.8555538,8,CelebDF
id16_id28_0011,1,celebdf,0.47246197,8,CelebDF
id16_id28_0012,1,celebdf,0.23610483,8,CelebDF
id16_id28_0013,1,celebdf,0.95361555,8,CelebDF
id16_id2_0000,1,celebdf,0.023419915,7,CelebDF
id16_id2_0001,1,celebdf,0.0010756713,8,CelebDF
id16_id2_0002,1,celebdf,0.27065182,7,CelebDF
id16_id2_0003,1,celebdf,0.0784953,8,CelebDF
id16_id2_0004,1,celebdf,0.1349791,8,CelebDF
id16_id2_0005,1,celebdf,0.40590686,8,CelebDF
id16_id2_0006,1,celebdf,0.50732374,8,CelebDF
id16_id2_0007,1,celebdf,0.5178529,8,CelebDF
id16_id2_0009,1,celebdf,0.6163372,8,CelebDF
id16_id2_0010,1,celebdf,0.5834244,8,CelebDF
id16_id2_0011,1,celebdf,0.0049941633,8,CelebDF
id16_id2_0012,1,celebdf,0.008974048,8,CelebDF
id16_id2_0013,1,celebdf,0.7146826,8,CelebDF
id16_id30_0000,1,celebdf,0.5835356,7,CelebDF
id16_id30_0001,1,celebdf,0.01616991,8,CelebDF
id16_id30_0002,1,celebdf,0.4897255,6,CelebDF
id16_id30_0003,1,celebdf,0.22499463,8,CelebDF
id16_id30_0005,1,celebdf,0.950486,8,CelebDF
id16_id30_0006,1,celebdf,0.75067884,8,CelebDF
id16_id30_0007,1,celebdf,0.87487173,8,CelebDF
id16_id30_0009,1,celebdf,0.9710158,8,CelebDF
id16_id30_0010,1,celebdf,0.7714199,8,CelebDF
id16_id30_0011,1,celebdf,0.27228373,8,CelebDF
id16_id30_0012,1,celebdf,0.45942485,8,CelebDF
id16_id30_0013,1,celebdf,0.7976032,8,CelebDF
id16_id31_0000,1,celebdf,0.43331477,7,CelebDF
id16_id31_0001,1,celebdf,0.19977531,8,CelebDF
id16_id31_0002,1,celebdf,0.71292007,7,CelebDF
id16_id31_0003,1,celebdf,0.35327148,8,CelebDF
id16_id31_0006,1,celebdf,0.75033087,8,CelebDF
id16_id31_0007,1,celebdf,0.87540096,8,CelebDF
id16_id31_0008,1,celebdf,0.604847,8,CelebDF
id16_id31_0009,1,celebdf,0.99875534,8,CelebDF
id16_id31_0010,1,celebdf,0.7754184,8,CelebDF
id16_id31_0011,1,celebdf,0.50813603,8,CelebDF
id16_id31_0012,1,celebdf,0.57440585,8,CelebDF
id16_id31_0013,1,celebdf,0.8753054,8,CelebDF
id16_id35_0000,1,celebdf,0.69210047,7,CelebDF
id16_id35_0001,1,celebdf,0.02381445,8,CelebDF
id16_id35_0002,1,celebdf,0.4917452,7,CelebDF
id16_id35_0003,1,celebdf,0.5415766,8,CelebDF
id16_id35_0005,1,celebdf,0.9641307,8,CelebDF
id16_id35_0006,1,celebdf,0.75346816,8,CelebDF
id16_id35_0007,1,celebdf,0.8745236,8,CelebDF
id16_id35_0008,1,celebdf,0.7668494,8,CelebDF
id16_id35_0009,1,celebdf,0.819313,8,CelebDF
id16_id35_0010,1,celebdf,0.6418242,8,CelebDF
id16_id35_0011,1,celebdf,0.25658673,8,CelebDF
id16_id35_0012,1,celebdf,0.5261515,8,CelebDF
id16_id35_0013,1,celebdf,0.8783884,8,CelebDF
id16_id37_0000,1,celebdf,0.7871026,7,CelebDF
id16_id37_0001,1,celebdf,0.028721977,8,CelebDF
id16_id37_0002,1,celebdf,0.5846051,7,CelebDF
id16_id37_0003,1,celebdf,0.79846996,8,CelebDF
id16_id37_0004,1,celebdf,0.82842743,8,CelebDF
id16_id37_0006,1,celebdf,0.75143874,8,CelebDF
id16_id37_0009,1,celebdf,0.9953139,8,CelebDF
id16_id37_0010,1,celebdf,0.7810811,8,CelebDF
id16_id37_0011,1,celebdf,0.32065606,8,CelebDF
id16_id37_0012,1,celebdf,0.43213984,8,CelebDF
id16_id37_0013,1,celebdf,0.87441,8,CelebDF
id16_id3_0000,1,celebdf,0.0018394404,7,CelebDF
id16_id3_0001,1,celebdf,0.030665267,8,CelebDF
id16_id3_0002,1,celebdf,0.29480532,7,CelebDF
id16_id3_0003,1,celebdf,0.017888794,8,CelebDF
id16_id3_0004,1,celebdf,0.17522314,8,CelebDF
id16_id3_0005,1,celebdf,0.72008276,8,CelebDF
id16_id3_0006,1,celebdf,0.47881287,8,CelebDF
id16_id3_0007,1,celebdf,0.87060547,8,CelebDF
id16_id3_0009,1,celebdf,0.07897589,8,CelebDF
id16_id3_0010,1,celebdf,0.64658874,8,CelebDF
id16_id3_0011,1,celebdf,0.014211467,8,CelebDF
id16_id3_0012,1,celebdf,0.019010335,8,CelebDF
id16_id3_0013,1,celebdf,0.60714865,8,CelebDF
id16_id6_0000,1,celebdf,0.20642507,7,CelebDF
id16_id6_0001,1,celebdf,0.021061353,8,CelebDF
id16_id6_0002,1,celebdf,0.34334567,6,CelebDF
id16_id6_0003,1,celebdf,0.38790864,8,CelebDF
id16_id6_0004,1,celebdf,0.41925636,8,CelebDF
id16_id6_0005,1,celebdf,0.85865533,8,CelebDF
id16_id6_0006,1,celebdf,0.6013196,8,CelebDF
id16_id6_0007,1,celebdf,0.8640318,8,CelebDF
id16_id6_0009,1,celebdf,0.86914265,8,CelebDF
id16_id6_0010,1,celebdf,0.76340806,8,CelebDF
id16_id6_0011,1,celebdf,0.2988463,8,CelebDF
id16_id6_0012,1,celebdf,0.16815922,8,CelebDF
id16_id6_0013,1,celebdf,0.7277465,8,CelebDF
id16_id9_0000,1,celebdf,0.5215723,7,CelebDF
id16_id9_0001,1,celebdf,0.06763549,8,CelebDF
id16_id9_0002,1,celebdf,0.49440682,6,CelebDF
id16_id9_0003,1,celebdf,0.66901445,8,CelebDF
id16_id9_0004,1,celebdf,0.5120225,8,CelebDF
id16_id9_0005,1,celebdf,0.8565589,8,CelebDF
id16_id9_0006,1,celebdf,0.65913975,8,CelebDF
id16_id9_0007,1,celebdf,0.87377995,8,CelebDF
id16_id9_0009,1,celebdf,0.55265915,8,CelebDF
id16_id9_0010,1,celebdf,0.7391768,8,CelebDF
id16_id9_0011,1,celebdf,0.29112524,8,CelebDF
id16_id9_0012,1,celebdf,0.43262798,8,CelebDF
id16_id9_0013,1,celebdf,0.99349797,8,CelebDF
id17_0000,0,celebdf,0.6256853,8,CelebDF
id17_0001,0,celebdf,0.17338988,8,CelebDF
id17_0002,0,celebdf,0.5530144,8,CelebDF
id17_0003,0,celebdf,0.47162867,8,CelebDF
id17_0004,0,celebdf,0.3558661,8,CelebDF
id17_0005,0,celebdf,0.0008236807,8,CelebDF
id17_0006,0,celebdf,0.12064198,8,CelebDF
id17_0007,0,celebdf,0.69808143,8,CelebDF
id17_0008,0,celebdf,0.00781524,7,CelebDF
id17_0009,0,celebdf,0.48723888,8,CelebDF
id17_id0_0000,1,celebdf,0.4380707,8,CelebDF
id17_id0_0001,1,celebdf,0.4008561,8,CelebDF
id17_id0_0002,1,celebdf,0.6595433,8,CelebDF
id17_id0_0003,1,celebdf,0.6153087,8,CelebDF
id17_id0_0004,1,celebdf,0.43914896,8,CelebDF
id17_id0_0005,1,celebdf,0.44265693,8,CelebDF
id17_id0_0006,1,celebdf,0.5957013,8,CelebDF
id17_id0_0007,1,celebdf,0.7858829,8,CelebDF
id17_id0_0009,1,celebdf,0.3667691,8,CelebDF
id17_id16_0000,1,celebdf,0.8039317,8,CelebDF
id17_id16_0001,1,celebdf,0.2872356,8,CelebDF
id17_id16_0002,1,celebdf,0.39030266,8,CelebDF
id17_id16_0003,1,celebdf,0.4136926,8,CelebDF
id17_id16_0004,1,celebdf,0.2110222,8,CelebDF
id17_id16_0005,1,celebdf,0.018929832,8,CelebDF
id17_id16_0006,1,celebdf,0.64967966,8,CelebDF
id17_id16_0007,1,celebdf,0.30254424,8,CelebDF
id17_id16_0009,1,celebdf,0.18772943,8,CelebDF
id17_id1_0000,1,celebdf,0.059559654,8,CelebDF
id17_id1_0001,1,celebdf,0.0580179,8,CelebDF
id17_id1_0002,1,celebdf,0.68609583,8,CelebDF
id17_id1_0003,1,celebdf,0.7115629,8,CelebDF
id17_id1_0004,1,celebdf,0.15290827,8,CelebDF
id17_id1_0005,1,celebdf,0.42915854,8,CelebDF
id17_id1_0006,1,celebdf,0.4693098,8,CelebDF
id17_id1_0007,1,celebdf,0.5621443,8,CelebDF
id17_id1_0009,1,celebdf,0.19616444,8,CelebDF
id17_id20_0000,1,celebdf,0.19241819,8,CelebDF
id17_id20_0001,1,celebdf,0.48397073,8,CelebDF
id17_id20_0002,1,celebdf,0.7378986,8,CelebDF
id17_id20_0003,1,celebdf,0.75423366,8,CelebDF
id17_id20_0004,1,celebdf,0.68536097,8,CelebDF
id17_id20_0005,1,celebdf,0.45391914,8,CelebDF
id17_id20_0006,1,celebdf,0.71391535,8,CelebDF
id17_id20_0007,1,celebdf,0.8973516,8,CelebDF
id17_id20_0009,1,celebdf,0.41092348,8,CelebDF
id17_id21_0000,1,celebdf,0.09019007,8,CelebDF
id17_id21_0001,1,celebdf,0.65058,8,CelebDF
id17_id21_0002,1,celebdf,0.60949236,8,CelebDF
id17_id21_0003,1,celebdf,0.60968715,8,CelebDF
id17_id21_0004,1,celebdf,0.20299387,8,CelebDF
id17_id21_0005,1,celebdf,0.3857655,8,CelebDF
id17_id21_0006,1,celebdf,0.5945591,8,CelebDF
id17_id21_0007,1,celebdf,0.908039,8,CelebDF
id17_id23_0000,1,celebdf,0.11539787,8,CelebDF
id17_id23_0001,1,celebdf,0.17304194,8,CelebDF
id17_id23_0002,1,celebdf,0.5465188,8,CelebDF
id17_id23_0003,1,celebdf,0.621771,8,CelebDF
id17_id23_0004,1,celebdf,0.41909862,8,CelebDF
id17_id23_0005,1,celebdf,0.31218064,8,CelebDF
id17_id23_0006,1,celebdf,0.7107728,8,CelebDF
id17_id23_0007,1,celebdf,0.82353073,8,CelebDF
id17_id23_0009,1,celebdf,0.12143672,8,CelebDF
id17_id26_0000,1,celebdf,0.18904722,8,CelebDF
id17_id26_0001,1,celebdf,0.33918706,8,CelebDF
id17_id26_0002,1,celebdf,0.680522,8,CelebDF
id17_id26_0003,1,celebdf,0.5568629,8,CelebDF
id17_id26_0004,1,celebdf,0.505878,8,CelebDF
id17_id26_0005,1,celebdf,0.45971903,8,CelebDF
id17_id26_0006,1,celebdf,0.7380378,8,CelebDF
id17_id26_0007,1,celebdf,0.8759766,8,CelebDF
id17_id26_0009,1,celebdf,0.24643002,8,CelebDF
id17_id28_0000,1,celebdf,0.5664315,8,CelebDF
id17_id28_0001,1,celebdf,0.39391634,8,CelebDF
id17_id28_0002,1,celebdf,0.68361527,8,CelebDF
id17_id28_0003,1,celebdf,0.6576326,8,CelebDF
id17_id28_0004,1,celebdf,0.5427183,8,CelebDF
id17_id28_0005,1,celebdf,0.750895,8,CelebDF
id17_id28_0006,1,celebdf,0.7654684,8,CelebDF
id17_id28_0007,1,celebdf,0.9618168,8,CelebDF
id17_id28_0009,1,celebdf,0.23334634,8,CelebDF
id17_id2_0000,1,celebdf,0.029704865,8,CelebDF
id17_id2_0001,1,celebdf,0.049299154,8,CelebDF
id17_id2_0002,1,celebdf,0.57291925,8,CelebDF
id17_id2_0003,1,celebdf,0.14168596,8,CelebDF
id17_id2_0004,1,celebdf,0.16589615,8,CelebDF
id17_id2_0005,1,celebdf,0.04232604,8,CelebDF
id17_id2_0006,1,celebdf,0.49288964,8,CelebDF
id17_id2_0007,1,celebdf,0.6225915,8,CelebDF
id17_id2_0009,1,celebdf,0.017412744,8,CelebDF
id17_id30_0000,1,celebdf,0.091696136,8,CelebDF
id17_id30_0001,1,celebdf,0.1467146,7,CelebDF
id17_id30_0002,1,celebdf,0.6329897,8,CelebDF
id17_id30_0003,1,celebdf,0.69088155,8,CelebDF
id17_id30_0004,1,celebdf,0.14119223,8,CelebDF
id17_id30_0005,1,celebdf,0.4196201,8,CelebDF
id17_id30_0006,1,celebdf,0.8542062,8,CelebDF
id17_id30_0007,1,celebdf,0.8310426,8,CelebDF
id17_id30_0009,1,celebdf,0.09034535,8,CelebDF
id17_id31_0000,1,celebdf,0.85631573,8,CelebDF
id17_id31_0001,1,celebdf,0.5033945,8,CelebDF
id17_id31_0002,1,celebdf,0.7267772,7,CelebDF
id17_id31_0003,1,celebdf,0.7391271,8,CelebDF
id17_id31_0004,1,celebdf,0.6177531,8,CelebDF
id17_id31_0005,1,celebdf,0.46578863,8,CelebDF
id17_id31_0006,1,celebdf,0.75040984,8,CelebDF
id17_id31_0007,1,celebdf,0.959571,8,CelebDF
id17_id31_0009,1,celebdf,0.6763788,8,CelebDF
id17_id35_0000,1,celebdf,0.7487774,8,CelebDF
id17_id35_0001,1,celebdf,0.19513914,8,CelebDF
id17_id35_0002,1,celebdf,0.6618703,8,CelebDF
id17_id35_0003,1,celebdf,0.6954639,8,CelebDF
id17_id35_0004,1,celebdf,0.45303175,8,CelebDF
id17_id35_0005,1,celebdf,0.6575303,8,CelebDF
id17_id35_0006,1,celebdf,0.7897582,8,CelebDF
id17_id35_0007,1,celebdf,0.94832695,8,CelebDF
id17_id35_0009,1,celebdf,0.37469104,8,CelebDF
id17_id37_0000,1,celebdf,0.72703886,8,CelebDF
id17_id37_0001,1,celebdf,0.17277324,8,CelebDF
id17_id37_0002,1,celebdf,0.6175506,8,CelebDF
id17_id37_0003,1,celebdf,0.7391862,8,CelebDF
id17_id37_0004,1,celebdf,0.50797105,8,CelebDF
id17_id37_0005,1,celebdf,0.54742444,8,CelebDF
id17_id37_0006,1,celebdf,0.71919507,8,CelebDF
id17_id37_0007,1,celebdf,0.97472334,8,CelebDF
id17_id37_0009,1,celebdf,0.4167223,8,CelebDF
id17_id3_0000,1,celebdf,0.11907702,8,CelebDF
id17_id3_0001,1,celebdf,0.03376291,8,CelebDF
id17_id3_0002,1,celebdf,0.5732409,8,CelebDF
id17_id3_0003,1,celebdf,0.17519882,8,CelebDF
id17_id3_0004,1,celebdf,0.06601871,8,CelebDF
id17_id3_0005,1,celebdf,0.11231384,8,CelebDF
id17_id3_0006,1,celebdf,0.56719613,8,CelebDF
id17_id3_0007,1,celebdf,0.34171367,8,CelebDF
id17_id3_0009,1,celebdf,0.25274423,8,CelebDF
id17_id6_0000,1,celebdf,0.3820746,8,CelebDF
id17_id6_0001,1,celebdf,0.26633424,8,CelebDF
id17_id6_0002,1,celebdf,0.32097667,8,CelebDF
id17_id6_0003,1,celebdf,0.5079589,8,CelebDF
id17_id6_0004,1,celebdf,0.29123977,8,CelebDF
id17_id6_0005,1,celebdf,0.41818035,8,CelebDF
id17_id6_0006,1,celebdf,0.50031567,8,CelebDF
id17_id6_0007,1,celebdf,0.57892793,8,CelebDF
id17_id6_0009,1,celebdf,0.15056214,8,CelebDF
id17_id9_0000,1,celebdf,0.3087063,8,CelebDF
id17_id9_0001,1,celebdf,0.10857704,8,CelebDF
id17_id9_0002,1,celebdf,0.40242273,8,CelebDF
id17_id9_0003,1,celebdf,0.35572243,8,CelebDF
id17_id9_0004,1,celebdf,0.38328126,8,CelebDF
id17_id9_0005,1,celebdf,0.5219618,8,CelebDF
id17_id9_0006,1,celebdf,0.7473937,8,CelebDF
id17_id9_0007,1,celebdf,0.55201393,8,CelebDF
id17_id9_0009,1,celebdf,0.39606485,8,CelebDF
id19_0000,0,celebdf,0.05875203,8,CelebDF
id19_0001,0,celebdf,0.43353483,8,CelebDF
id19_0002,0,celebdf,0.90431374,7,CelebDF
id19_0003,0,celebdf,0.4837212,8,CelebDF
id19_0004,0,celebdf,0.004084301,8,CelebDF
id19_0005,0,celebdf,0.44181004,8,CelebDF
id19_0006,0,celebdf,0.5541644,8,CelebDF
id19_0007,0,celebdf,0.2140553,8,CelebDF
id19_0008,0,celebdf,0.50071263,8,CelebDF
id19_0009,0,celebdf,0.6911477,8,CelebDF
id19_id20_0000,1,celebdf,0.69906557,8,CelebDF
id19_id20_0001,1,celebdf,0.5126701,8,CelebDF
id19_id20_0002,1,celebdf,0.8927732,7,CelebDF
id19_id20_0004,1,celebdf,0.62385607,8,CelebDF
id19_id20_0006,1,celebdf,0.74560636,8,CelebDF
id19_id20_0007,1,celebdf,0.7504991,8,CelebDF
id19_id20_0008,1,celebdf,0.82265383,8,CelebDF
id19_id20_0009,1,celebdf,0.95666957,8,CelebDF
id19_id21_0000,1,celebdf,0.9414031,8,CelebDF
id19_id21_0001,1,celebdf,0.5808781,8,CelebDF
id19_id21_0002,1,celebdf,0.8883996,7,CelebDF
id19_id21_0004,1,celebdf,0.7875192,8,CelebDF
id19_id21_0006,1,celebdf,0.6251822,8,CelebDF
id19_id21_0007,1,celebdf,0.873862,8,CelebDF
id19_id21_0008,1,celebdf,0.5934874,8,CelebDF
id19_id21_0009,1,celebdf,0.8740833,8,CelebDF
id19_id22_0000,1,celebdf,0.8621568,8,CelebDF
id19_id22_0001,1,celebdf,0.74906635,8,CelebDF
id19_id22_0002,1,celebdf,0.76067525,7,CelebDF
id19_id22_0004,1,celebdf,0.6095727,8,CelebDF
id19_id22_0005,1,celebdf,0.87093246,8,CelebDF
id19_id22_0006,1,celebdf,0.5897665,8,CelebDF
id19_id22_0007,1,celebdf,0.9024868,8,CelebDF
id19_id22_0008,1,celebdf,0.35547072,8,CelebDF
id19_id22_0009,1,celebdf,0.95978963,8,CelebDF
id19_id23_0000,1,celebdf,0.8563927,8,CelebDF
id19_id23_0001,1,celebdf,0.5403691,8,CelebDF
id19_id23_0002,1,celebdf,0.84647715,7,CelebDF
id19_id23_0004,1,celebdf,0.7458538,8,CelebDF
id19_id23_0005,1,celebdf,0.87364465,8,CelebDF
id19_id23_0006,1,celebdf,0.5515197,8,CelebDF
id19_id23_0007,1,celebdf,0.8718111,8,CelebDF
id19_id23_0008,1,celebdf,0.7711424,8,CelebDF
id19_id23_0009,1,celebdf,0.8715949,8,CelebDF
id19_id24_0000,1,celebdf,0.78146625,8,CelebDF
id19_id24_0002,1,celebdf,0.8615379,7,CelebDF
id19_id24_0004,1,celebdf,0.9018377,8,CelebDF
id19_id24_0007,1,celebdf,0.87032485,8,CelebDF
id19_id24_0008,1,celebdf,0.61581457,8,CelebDF
id19_id24_0009,1,celebdf,0.9454397,8,CelebDF
id19_id25_0000,1,celebdf,0.99675834,8,CelebDF
id19_id25_0001,1,celebdf,0.8449016,8,CelebDF
id19_id25_0002,1,celebdf,0.70180446,7,CelebDF
id19_id25_0004,1,celebdf,0.9020847,8,CelebDF
id19_id25_0005,1,celebdf,0.8750031,8,CelebDF
id19_id25_0006,1,celebdf,0.8746814,8,CelebDF
id19_id25_0007,1,celebdf,0.8833043,8,CelebDF
id19_id25_0008,1,celebdf,0.74037206,8,CelebDF
id19_id25_0009,1,celebdf,0.9999225,8,CelebDF
id19_id26_0001,1,celebdf,0.7360133,8,CelebDF
id19_id26_0002,1,celebdf,0.8918881,7,CelebDF
id19_id26_0004,1,celebdf,0.7499756,8,CelebDF
id19_id26_0006,1,celebdf,0.6040852,8,CelebDF
id19_id26_0007,1,celebdf,0.7577147,8,CelebDF
id19_id26_0008,1,celebdf,0.82618445,8,CelebDF
id19_id26_0009,1,celebdf,0.73688835,8,CelebDF
id19_id27_0001,1,celebdf,0.7166252,8,CelebDF
id19_id27_0002,1,celebdf,0.8059514,7,CelebDF
id19_id27_0004,1,celebdf,0.9524787,8,CelebDF
id19_id27_0006,1,celebdf,0.6219454,8,CelebDF
id19_id27_0007,1,celebdf,0.8226152,8,CelebDF
id19_id27_0008,1,celebdf,0.86246824,8,CelebDF
id19_id27_0009,1,celebdf,0.9294061,8,CelebDF
id19_id28_0000,1,celebdf,0.7356672,8,CelebDF
id19_id28_0001,1,celebdf,0.6579047,8,CelebDF
id19_id28_0002,1,celebdf,0.8534432,7,CelebDF
id19_id28_0004,1,celebdf,0.81828535,8,CelebDF
id19_id28_0005,1,celebdf,0.87475574,8,CelebDF
id19_id28_0006,1,celebdf,0.8621939,8,CelebDF
id19_id28_0007,1,celebdf,0.87459105,8,CelebDF
id19_id28_0008,1,celebdf,0.781896,8,CelebDF
id19_id28_0009,1,celebdf,0.9094567,8,CelebDF
id1_0000,0,celebdf,0.3863565,8,CelebDF
id1_0001,0,celebdf,7.171012e-05,8,CelebDF
id1_0002,0,celebdf,0.06992355,8,CelebDF
id1_0003,0,celebdf,0.8366522,8,CelebDF
id1_0004,0,celebdf,0.52357465,8,CelebDF
id1_0005,0,celebdf,0.11283008,8,CelebDF
id1_0006,0,celebdf,0.009027121,8,CelebDF
id1_0007,0,celebdf,0.5394302,8,CelebDF
id1_0008,0,celebdf,0.00019739129,8,CelebDF
id1_0009,0,celebdf,0.0015447963,8,CelebDF
id1_id0_0000,1,celebdf,0.6433391,8,CelebDF
id1_id0_0001,1,celebdf,0.08737496,8,CelebDF
id1_id0_0002,1,celebdf,0.5327198,8,CelebDF
id1_id0_0003,1,celebdf,0.9483451,8,CelebDF
id1_id0_0004,1,celebdf,0.2721944,8,CelebDF
id1_id0_0005,1,celebdf,0.7658165,8,CelebDF
id1_id0_0006,1,celebdf,0.619275,8,CelebDF
id1_id0_0007,1,celebdf,0.52659965,8,CelebDF
id1_id0_0009,1,celebdf,0.6812116,8,CelebDF
id1_id16_0000,1,celebdf,0.61016667,8,CelebDF
id1_id16_0001,1,celebdf,0.0020403864,8,CelebDF
id1_id16_0002,1,celebdf,0.79085094,8,CelebDF
id1_id16_0003,1,celebdf,0.8802934,8,CelebDF
id1_id16_0004,1,celebdf,0.3478286,8,CelebDF
id1_id16_0005,1,celebdf,0.7709642,8,CelebDF
id1_id16_0006,1,celebdf,0.59016514,8,CelebDF
id1_id16_0007,1,celebdf,0.55588675,8,CelebDF
id1_id16_0009,1,celebdf,0.38438982,8,CelebDF
id1_id17_0000,1,celebdf,0.9590656,8,CelebDF
id1_id17_0001,1,celebdf,0.049768906,8,CelebDF
id1_id17_0002,1,celebdf,0.7849739,8,CelebDF
id1_id17_0003,1,celebdf,0.79845554,8,CelebDF
id1_id17_0004,1,celebdf,0.50444293,8,CelebDF
id1_id17_0005,1,celebdf,0.9608294,8,CelebDF
id1_id17_0006,1,celebdf,0.87305695,8,CelebDF
id1_id17_0007,1,celebdf,0.8559771,8,CelebDF
id1_id17_0009,1,celebdf,0.8200507,8,CelebDF
id1_id20_0000,1,celebdf,0.88703394,8,CelebDF
id1_id20_0001,1,celebdf,0.030496642,8,CelebDF
id1_id20_0002,1,celebdf,0.70474255,8,CelebDF
id1_id20_0003,1,celebdf,0.9103414,8,CelebDF
id1_id20_0004,1,celebdf,0.5089942,8,CelebDF
id1_id20_0005,1,celebdf,0.86299276,8,CelebDF
id1_id20_0006,1,celebdf,0.77996266,8,CelebDF
id1_id20_0007,1,celebdf,0.8717903,8,CelebDF
id1_id20_0009,1,celebdf,0.66550624,8,CelebDF
id1_id21_0000,1,celebdf,0.8210006,8,CelebDF
id1_id21_0001,1,celebdf,0.17434663,8,CelebDF
id1_id21_0002,1,celebdf,0.5690405,8,CelebDF
id1_id21_0003,1,celebdf,0.8863287,8,CelebDF
id1_id21_0004,1,celebdf,0.6080827,8,CelebDF
id1_id21_0005,1,celebdf,0.85059005,8,CelebDF
id1_id21_0006,1,celebdf,0.7657014,8,CelebDF
id1_id21_0007,1,celebdf,0.80925226,8,CelebDF
id1_id21_0009,1,celebdf,0.83314127,8,CelebDF
id1_id23_0001,1,celebdf,0.009735561,8,CelebDF
id1_id23_0002,1,celebdf,0.6758331,8,CelebDF
id1_id23_0003,1,celebdf,0.8771814,8,CelebDF
id1_id23_0004,1,celebdf,0.55086046,8,CelebDF
id1_id23_0005,1,celebdf,0.7895172,8,CelebDF
id1_id23_0006,1,celebdf,0.8301952,8,CelebDF
id1_id23_0007,1,celebdf,0.8563591,8,CelebDF
id1_id23_0009,1,celebdf,0.863388,8,CelebDF
id1_id26_0000,1,celebdf,0.78071904,8,CelebDF
id1_id26_0001,1,celebdf,0.093395114,8,CelebDF
id1_id26_0002,1,celebdf,0.85703593,8,CelebDF
id1_id26_0003,1,celebdf,0.8763842,8,CelebDF
id1_id26_0004,1,celebdf,0.49331033,8,CelebDF
id1_id26_0005,1,celebdf,0.92716485,8,CelebDF
id1_id26_0006,1,celebdf,0.87465286,8,CelebDF
id1_id26_0007,1,celebdf,0.72635514,8,CelebDF
id1_id26_0008,1,celebdf,0.9551314,8,CelebDF
id1_id26_0009,1,celebdf,0.8571528,8,CelebDF
id1_id28_0000,1,celebdf,0.95818245,8,CelebDF
id1_id28_0001,1,celebdf,0.050702903,8,CelebDF
id1_id28_0002,1,celebdf,0.8172582,8,CelebDF
id1_id28_0003,1,celebdf,0.92734325,8,CelebDF
id1_id28_0004,1,celebdf,0.510957,8,CelebDF
id1_id28_0005,1,celebdf,0.9444414,8,CelebDF
id1_id28_0006,1,celebdf,0.91668606,8,CelebDF
id1_id28_0007,1,celebdf,0.849629,8,CelebDF
id1_id28_0009,1,celebdf,0.8512088,8,CelebDF
id1_id2_0000,1,celebdf,0.48676792,8,CelebDF
id1_id2_0001,1,celebdf,0.0027676106,7,CelebDF
id1_id2_0002,1,celebdf,0.213156,8,CelebDF
id1_id2_0003,1,celebdf,0.7485535,8,CelebDF
id1_id2_0004,1,celebdf,0.46193248,8,CelebDF
id1_id2_0005,1,celebdf,0.533716,8,CelebDF
id1_id2_0006,1,celebdf,0.3407321,8,CelebDF
id1_id2_0007,1,celebdf,0.26215735,8,CelebDF
id1_id2_0009,1,celebdf,0.26616767,8,CelebDF
id1_id30_0000,1,celebdf,0.6571254,8,CelebDF
id1_id30_0001,1,celebdf,0.008648345,8,CelebDF
id1_id30_0002,1,celebdf,0.67378867,8,CelebDF
id1_id30_0003,1,celebdf,0.8781541,8,CelebDF
id1_id30_0004,1,celebdf,0.608448,8,CelebDF
id1_id30_0005,1,celebdf,0.87507415,8,CelebDF
id1_id30_0006,1,celebdf,0.75922686,8,CelebDF
id1_id30_0007,1,celebdf,0.77606934,8,CelebDF
id1_id30_0009,1,celebdf,0.80673957,8,CelebDF
id1_id31_0000,1,celebdf,0.9943254,8,CelebDF
id1_id31_0001,1,celebdf,0.18333879,8,CelebDF
id1_id31_0002,1,celebdf,0.78908813,8,CelebDF
id1_id31_0003,1,celebdf,0.8846477,8,CelebDF
id1_id31_0004,1,celebdf,0.85478276,8,CelebDF
id1_id31_0005,1,celebdf,0.8793858,8,CelebDF
id1_id31_0006,1,celebdf,0.8702462,8,CelebDF
id1_id31_0007,1,celebdf,0.88130426,8,CelebDF
id1_id31_0009,1,celebdf,0.87659556,8,CelebDF
id1_id35_0000,1,celebdf,0.8310826,8,CelebDF
id1_id35_0001,1,celebdf,0.12179775,8,CelebDF
id1_id35_0002,1,celebdf,0.7557888,8,CelebDF
id1_id35_0003,1,celebdf,0.9364959,8,CelebDF
id1_id35_0004,1,celebdf,0.43844035,8,CelebDF
id1_id35_0005,1,celebdf,0.91303444,8,CelebDF
id1_id35_0006,1,celebdf,0.8435624,8,CelebDF
id1_id35_0007,1,celebdf,0.8642453,8,CelebDF
id1_id35_0009,1,celebdf,0.8168212,8,CelebDF
id1_id37_0000,1,celebdf,0.8747079,8,CelebDF
id1_id37_0001,1,celebdf,0.14478709,8,CelebDF
id1_id37_0002,1,celebdf,0.7508404,8,CelebDF
id1_id37_0003,1,celebdf,0.8703335,8,CelebDF
id1_id37_0004,1,celebdf,0.8305909,8,CelebDF
id1_id37_0005,1,celebdf,0.8908665,8,CelebDF
id1_id37_0006,1,celebdf,0.7351041,8,CelebDF
id1_id37_0007,1,celebdf,0.8054521,8,CelebDF
id1_id37_0009,1,celebdf,0.8824871,8,CelebDF
id1_id3_0000,1,celebdf,0.2836419,8,CelebDF
id1_id3_0001,1,celebdf,0.0013256905,8,CelebDF
id1_id3_0002,1,celebdf,0.27051246,8,CelebDF
id1_id3_0003,1,celebdf,0.7425238,8,CelebDF
id1_id3_0004,1,celebdf,0.2849338,8,CelebDF
id1_id3_0005,1,celebdf,0.4727928,8,CelebDF
id1_id3_0006,1,celebdf,0.30934763,8,CelebDF
id1_id3_0007,1,celebdf,0.5137468,8,CelebDF
id1_id3_0009,1,celebdf,0.44642445,8,CelebDF
id1_id4_0000,1,celebdf,0.73123693,8,CelebDF
id1_id4_0001,1,celebdf,0.0035196738,8,CelebDF
id1_id4_0002,1,celebdf,0.6428937,8,CelebDF
id1_id4_0003,1,celebdf,0.75429815,8,CelebDF
id1_id4_0004,1,celebdf,0.54777646,8,CelebDF
id1_id4_0005,1,celebdf,0.77582777,8,CelebDF
id1_id4_0006,1,celebdf,0.53700495,8,CelebDF
id1_id4_0007,1,celebdf,0.66413385,8,CelebDF
id1_id4_0009,1,celebdf,0.6345073,8,CelebDF
id1_id6_0000,1,celebdf,0.73072594,8,CelebDF
id1_id6_0001,1,celebdf,0.0054487106,7,CelebDF
id1_id6_0002,1,celebdf,0.6472169,8,CelebDF
id1_id6_0003,1,celebdf,0.8661467,8,CelebDF
id1_id6_0004,1,celebdf,0.4727476,8,CelebDF
id1_id6_0005,1,celebdf,0.6514729,8,CelebDF
id1_id6_0006,1,celebdf,0.5969805,8,CelebDF
id1_id6_0007,1,celebdf,0.6772009,8,CelebDF
id1_id6_0009,1,celebdf,0.62666595,8,CelebDF
id1_id9_0000,1,celebdf,0.4984016,8,CelebDF
id1_id9_0001,1,celebdf,0.02513596,7,CelebDF
id1_id9_0002,1,celebdf,0.7195907,8,CelebDF
id1_id9_0003,1,celebdf,0.87582904,8,CelebDF
id1_id9_0004,1,celebdf,0.5328888,8,CelebDF
id1_id9_0005,1,celebdf,0.67673004,8,CelebDF
id1_id9_0006,1,celebdf,0.7085806,8,CelebDF
id1_id9_0007,1,celebdf,0.4917526,8,CelebDF
id1_id9_0009,1,celebdf,0.7030013,8,CelebDF
id20_0000,0,celebdf,0.025176127,8,CelebDF
id20_0001,0,celebdf,0.016899073,8,CelebDF
id20_0002,0,celebdf,0.8304006,7,CelebDF
id20_0003,0,celebdf,0.44371447,8,CelebDF
id20_0004,0,celebdf,0.21418758,7,CelebDF
id20_0005,0,celebdf,0.1214898,7,CelebDF
id20_0006,0,celebdf,0.4439559,7,CelebDF
id20_0007,0,celebdf,0.030830955,7,CelebDF
id20_0008,0,celebdf,0.02161975,8,CelebDF
id20_0009,0,celebdf,0.33222187,8,CelebDF
id20_id0_0000,1,celebdf,0.17208762,8,CelebDF
id20_id0_0001,1,celebdf,0.74129486,8,CelebDF
id20_id0_0002,1,celebdf,0.5271368,7,CelebDF
id20_id0_0003,1,celebdf,0.7599754,8,CelebDF
id20_id0_0005,1,celebdf,0.856635,7,CelebDF
id20_id0_0006,1,celebdf,0.6863095,7,CelebDF
id20_id0_0008,1,celebdf,0.04525615,8,CelebDF
id20_id0_0009,1,celebdf,0.9996597,8,CelebDF
id20_id16_0000,1,celebdf,0.07419682,8,CelebDF
id20_id16_0001,1,celebdf,0.6805301,8,CelebDF
id20_id16_0002,1,celebdf,0.5269461,7,CelebDF
id20_id16_0003,1,celebdf,0.82852393,8,CelebDF
id20_id16_0005,1,celebdf,0.7409641,7,CelebDF
id20_id16_0006,1,celebdf,0.7144391,7,CelebDF
id20_id16_0007,1,celebdf,0.80953133,7,CelebDF
id20_id16_0008,1,celebdf,0.06265619,8,CelebDF
id20_id16_0009,1,celebdf,0.97265095,8,CelebDF
id20_id17_0000,1,celebdf,0.25896218,8,CelebDF
id20_id17_0001,1,celebdf,0.8317163,8,CelebDF
id20_id17_0002,1,celebdf,0.6192937,7,CelebDF
id20_id17_0004,1,celebdf,0.98248184,7,CelebDF
id20_id17_0005,1,celebdf,0.8572785,7,CelebDF
id20_id17_0006,1,celebdf,0.6380735,7,CelebDF
id20_id17_0008,1,celebdf,0.41581482,8,CelebDF
id20_id17_0009,1,celebdf,0.99929446,8,CelebDF
id20_id19_0000,1,celebdf,0.05570885,8,CelebDF
id20_id19_0002,1,celebdf,0.55305773,7,CelebDF
id20_id19_0005,1,celebdf,0.7569586,7,CelebDF
id20_id19_0006,1,celebdf,0.72341424,7,CelebDF
id20_id19_0008,1,celebdf,0.30212036,8,CelebDF
id20_id19_0009,1,celebdf,0.99964035,8,CelebDF
id20_id1_0000,1,celebdf,0.004251574,8,CelebDF
id20_id1_0001,1,celebdf,0.24376586,8,CelebDF
id20_id1_0002,1,celebdf,0.1584497,7,CelebDF
id20_id1_0003,1,celebdf,0.70999706,8,CelebDF
id20_id1_0004,1,celebdf,0.76335347,7,CelebDF
id20_id1_0005,1,celebdf,0.8563658,7,CelebDF
id20_id1_0006,1,celebdf,0.66177,7,CelebDF
id20_id1_0007,1,celebdf,0.65403897,7,CelebDF
id20_id1_0008,1,celebdf,0.26816782,8,CelebDF
id20_id1_0009,1,celebdf,0.886741,8,CelebDF
id20_id21_0000,1,celebdf,0.10039778,8,CelebDF
id20_id21_0001,1,celebdf,0.41305494,8,CelebDF
id20_id21_0002,1,celebdf,0.4312239,7,CelebDF
id20_id21_0003,1,celebdf,0.8653848,8,CelebDF
id20_id21_0005,1,celebdf,0.8577247,7,CelebDF
id20_id21_0006,1,celebdf,0.77077883,7,CelebDF
id20_id21_0008,1,celebdf,0.0012333082,8,CelebDF
id20_id21_0009,1,celebdf,0.9994804,8,CelebDF
id20_id22_0001,1,celebdf,0.06899885,8,CelebDF
id20_id22_0002,1,celebdf,0.25500557,7,CelebDF
id20_id22_0003,1,celebdf,0.833415,8,CelebDF
id20_id22_0005,1,celebdf,0.86201316,7,CelebDF
id20_id22_0006,1,celebdf,0.65318197,7,CelebDF
id20_id22_0008,1,celebdf,0.43793702,8,CelebDF
id20_id22_0009,1,celebdf,0.9974833,8,CelebDF
id20_id23_0000,1,celebdf,0.0017584442,8,CelebDF
id20_id23_0002,1,celebdf,0.60118735,7,CelebDF
id20_id23_0003,1,celebdf,0.87400645,8,CelebDF
id20_id23_0005,1,celebdf,0.8585947,7,CelebDF
id20_id23_0006,1,celebdf,0.65655404,7,CelebDF
id20_id23_0007,1,celebdf,0.7303428,7,CelebDF
id20_id23_0008,1,celebdf,0.09835667,8,CelebDF
id20_id23_0009,1,celebdf,0.9972881,8,CelebDF
id20_id24_0000,1,celebdf,0.1558054,8,CelebDF
id20_id24_0001,1,celebdf,0.69096786,8,CelebDF
id20_id24_0002,1,celebdf,0.3120095,7,CelebDF
id20_id24_0003,1,celebdf,0.88526,8,CelebDF
id20_id24_0005,1,celebdf,0.8614163,7,CelebDF
id20_id24_0006,1,celebdf,0.7210846,7,CelebDF
id20_id24_0008,1,celebdf,0.3892054,8,CelebDF
id20_id24_0009,1,celebdf,0.9766717,8,CelebDF
id20_id25_0000,1,celebdf,0.42078826,8,CelebDF
id20_id25_0001,1,celebdf,0.74800515,8,CelebDF
id20_id25_0002,1,celebdf,0.9109685,7,CelebDF
id20_id25_0003,1,celebdf,0.9235318,8,CelebDF
id20_id25_0005,1,celebdf,0.85601836,7,CelebDF
id20_id25_0006,1,celebdf,0.84166664,7,CelebDF
id20_id25_0008,1,celebdf,0.07441227,8,CelebDF
id20_id26_0002,1,celebdf,0.1367683,7,CelebDF
id20_id26_0008,1,celebdf,0.018692441,8,CelebDF
id20_id26_0009,1,celebdf,0.9988092,8,CelebDF
id20_id27_0000,1,celebdf,0.038752336,8,CelebDF
id20_id27_0001,1,celebdf,0.6688043,8,CelebDF
id20_id27_0002,1,celebdf,0.59437877,7,CelebDF
id20_id27_0005,1,celebdf,0.8569194,7,CelebDF
id20_id27_0008,1,celebdf,0.359508,8,CelebDF
id20_id27_0009,1,celebdf,0.9994185,8,CelebDF
id20_id28_0000,1,celebdf,0.12891215,8,CelebDF
id20_id28_0001,1,celebdf,0.3735343,8,CelebDF
id20_id28_0002,1,celebdf,0.40563557,7,CelebDF
id20_id28_0003,1,celebdf,0.86122525,8,CelebDF
id20_id28_0005,1,celebdf,0.85637337,7,CelebDF
id20_id28_0006,1,celebdf,0.71837085,7,CelebDF
id20_id28_0008,1,celebdf,0.1597063,8,CelebDF
id20_id28_0009,1,celebdf,0.9990205,8,CelebDF
id20_id29_0000,1,celebdf,0.069415584,8,CelebDF
id20_id29_0002,1,celebdf,0.12523033,7,CelebDF
id20_id29_0003,1,celebdf,0.87508106,8,CelebDF
id20_id29_0005,1,celebdf,0.85704315,7,CelebDF
id20_id29_0006,1,celebdf,0.6856002,7,CelebDF
id20_id29_0008,1,celebdf,0.3688451,8,CelebDF
id20_id29_0009,1,celebdf,0.99948186,8,CelebDF
id20_id2_0000,1,celebdf,0.0066591515,8,CelebDF
id20_id2_0001,1,celebdf,0.2885499,8,CelebDF
id20_id2_0002,1,celebdf,0.07518736,7,CelebDF
id20_id2_0003,1,celebdf,0.7527369,8,CelebDF
id20_id2_0005,1,celebdf,0.67056715,7,CelebDF
id20_id2_0006,1,celebdf,0.675048,7,CelebDF
id20_id2_0007,1,celebdf,0.7898565,7,CelebDF
id20_id2_0008,1,celebdf,0.029691812,8,CelebDF
id20_id2_0009,1,celebdf,0.79116833,8,CelebDF
id20_id30_0000,1,celebdf,0.07520684,8,CelebDF
id20_id30_0001,1,celebdf,0.7146238,8,CelebDF
id20_id30_0002,1,celebdf,0.70604295,7,CelebDF
id20_id30_0003,1,celebdf,0.8757825,8,CelebDF
id20_id30_0005,1,celebdf,0.85666484,7,CelebDF
id20_id30_0006,1,celebdf,0.7402049,7,CelebDF
id20_id30_0008,1,celebdf,0.50153774,8,CelebDF
id20_id30_0009,1,celebdf,0.99986297,8,CelebDF
id20_id31_0000,1,celebdf,0.3197201,8,CelebDF
id20_id31_0001,1,celebdf,0.5311685,8,CelebDF
id20_id31_0002,1,celebdf,0.7242133,7,CelebDF
id20_id31_0003,1,celebdf,0.8601002,8,CelebDF
id20_id31_0005,1,celebdf,0.85713375,7,CelebDF
id20_id31_0006,1,celebdf,0.8530971,7,CelebDF
id20_id31_0007,1,celebdf,0.857252,7,CelebDF
id20_id31_0008,1,celebdf,0.4896701,8,CelebDF
id20_id31_0009,1,celebdf,0.9995929,8,CelebDF
id20_id32_0000,1,celebdf,0.2857839,8,CelebDF
id20_id32_0001,1,celebdf,0.29828575,8,CelebDF
id20_id32_0002,1,celebdf,0.18224528,7,CelebDF
id20_id32_0003,1,celebdf,0.82641196,8,CelebDF
id20_id32_0005,1,celebdf,0.782328,7,CelebDF
id20_id32_0006,1,celebdf,0.71651185,7,CelebDF
id20_id32_0007,1,celebdf,0.8565957,7,CelebDF
id20_id32_0008,1,celebdf,0.0024385748,8,CelebDF
id20_id32_0009,1,celebdf,0.9935536,8,CelebDF
id20_id33_0000,1,celebdf,0.07999621,8,CelebDF
id20_id33_0001,1,celebdf,0.7546545,8,CelebDF
id20_id33_0002,1,celebdf,0.32521614,7,CelebDF
id20_id33_0003,1,celebdf,0.8795894,8,CelebDF
id20_id33_0005,1,celebdf,0.85698545,7,CelebDF
id20_id33_0006,1,celebdf,0.7574506,7,CelebDF
id20_id33_0007,1,celebdf,0.82374275,7,CelebDF
id20_id33_0008,1,celebdf,0.08260426,8,CelebDF
id20_id33_0009,1,celebdf,0.88195187,8,CelebDF
id20_id34_0000,1,celebdf,0.0065203044,8,CelebDF
id20_id34_0002,1,celebdf,0.372369,7,CelebDF
id20_id34_0003,1,celebdf,0.8465459,8,CelebDF
id20_id34_0006,1,celebdf,0.7304767,7,CelebDF
id20_id34_0008,1,celebdf,0.13219558,8,CelebDF
id20_id34_0009,1,celebdf,0.9860112,8,CelebDF
id20_id35_0000,1,celebdf,0.07089471,8,CelebDF
id20_id35_0001,1,celebdf,0.432958,8,CelebDF
id20_id35_0002,1,celebdf,0.6294399,7,CelebDF
id20_id35_0003,1,celebdf,0.8560982,8,CelebDF
id20_id35_0004,1,celebdf,0.74607563,7,CelebDF
id20_id35_0005,1,celebdf,0.85678905,7,CelebDF
id20_id35_0006,1,celebdf,0.71547353,7,CelebDF
id20_id35_0007,1,celebdf,0.8541775,7,CelebDF
id20_id35_0008,1,celebdf,0.21811494,8,CelebDF
id20_id35_0009,1,celebdf,0.9971738,8,CelebDF
id20_id37_0000,1,celebdf,0.32532167,8,CelebDF
id20_id37_0002,1,celebdf,0.101712786,7,CelebDF
id20_id37_0003,1,celebdf,0.8819839,8,CelebDF
id20_id37_0004,1,celebdf,0.85423076,7,CelebDF
id20_id37_0005,1,celebdf,0.8566413,7,CelebDF
id20_id37_0006,1,celebdf,0.61185753,7,CelebDF
id20_id37_0007,1,celebdf,0.85659605,7,CelebDF
id20_id37_0008,1,celebdf,0.2449353,8,CelebDF
id20_id37_0009,1,celebdf,0.9991,8,CelebDF
id20_id38_0000,1,celebdf,0.32770744,8,CelebDF
id20_id38_0002,1,celebdf,0.5582889,7,CelebDF
id20_id38_0006,1,celebdf,0.72587955,7,CelebDF
id20_id38_0008,1,celebdf,0.7078465,8,CelebDF
id20_id38_0009,1,celebdf,0.99994314,8,CelebDF
id20_id3_0000,1,celebdf,0.024248656,8,CelebDF
id20_id3_0001,1,celebdf,0.28905663,8,CelebDF
id20_id3_0002,1,celebdf,0.19022262,7,CelebDF
id20_id3_0003,1,celebdf,0.865742,8,CelebDF
id20_id3_0004,1,celebdf,0.6785632,7,CelebDF
id20_id3_0005,1,celebdf,0.28668433,7,CelebDF
id20_id3_0006,1,celebdf,0.5391234,7,CelebDF
id20_id3_0007,1,celebdf,0.5474264,7,CelebDF
id20_id3_0008,1,celebdf,0.0056975842,8,CelebDF
id20_id3_0009,1,celebdf,0.92649966,8,CelebDF
id20_id4_0000,1,celebdf,0.14173461,8,CelebDF
id20_id4_0001,1,celebdf,0.36474544,8,CelebDF
id20_id4_0002,1,celebdf,0.3628466,7,CelebDF
id20_id4_0003,1,celebdf,0.8798258,8,CelebDF
id20_id4_0004,1,celebdf,0.7377294,7,CelebDF
id20_id4_0005,1,celebdf,0.8536549,7,CelebDF
id20_id4_0006,1,celebdf,0.62474835,7,CelebDF
id20_id4_0007,1,celebdf,0.70894736,7,CelebDF
id20_id4_0008,1,celebdf,0.278414,8,CelebDF
id20_id4_0009,1,celebdf,0.9996574,8,CelebDF
id20_id6_0000,1,celebdf,0.17969444,8,CelebDF
id20_id6_0005,1,celebdf,0.85258585,7,CelebDF
id20_id6_0006,1,celebdf,0.6850692,7,CelebDF
id20_id6_0008,1,celebdf,0.18108416,8,CelebDF
id20_id6_0009,1,celebdf,0.9832474,8,CelebDF
id20_id9_0000,1,celebdf,0.3981008,8,CelebDF
id20_id9_0001,1,celebdf,0.37206125,8,CelebDF
id20_id9_0002,1,celebdf,0.5401317,7,CelebDF
id20_id9_0003,1,celebdf,0.86898065,8,CelebDF
id20_id9_0004,1,celebdf,0.7340725,7,CelebDF
id20_id9_0005,1,celebdf,0.8529806,7,CelebDF
id20_id9_0006,1,celebdf,0.71725494,7,CelebDF
id20_id9_0007,1,celebdf,0.8423581,7,CelebDF
id20_id9_0008,1,celebdf,0.11721744,8,CelebDF
id20_id9_0009,1,celebdf,0.9796119,8,CelebDF
id21_0000,0,celebdf,0.18685828,8,CelebDF
id21_0001,0,celebdf,2.780882e-05,8,CelebDF
id21_0002,0,celebdf,0.17073573,7,CelebDF
id21_0003,0,celebdf,0.25527,8,CelebDF
id21_0004,0,celebdf,0.10086121,8,CelebDF
id21_0005,0,celebdf,0.2947153,8,CelebDF
id21_0006,0,celebdf,0.6514763,8,CelebDF
id21_0007,0,celebdf,0.23894031,7,CelebDF
id21_0008,0,celebdf,0.2702193,8,CelebDF
id21_0009,0,celebdf,0.008059632,8,CelebDF
id21_id0_0000,1,celebdf,0.8739073,8,CelebDF
id21_id0_0002,1,celebdf,0.37628302,7,CelebDF
id21_id0_0004,1,celebdf,0.9997957,8,CelebDF
id21_id0_0005,1,celebdf,0.40938687,8,CelebDF
id21_id0_0006,1,celebdf,0.8847499,8,CelebDF
id21_id0_0007,1,celebdf,0.0935197,7,CelebDF
id21_id0_0008,1,celebdf,0.29634523,8,CelebDF
id21_id0_0009,1,celebdf,0.6296145,8,CelebDF
id21_id16_0000,1,celebdf,0.83858335,8,CelebDF
id21_id16_0001,1,celebdf,0.013145177,8,CelebDF
id21_id16_0002,1,celebdf,0.3269301,7,CelebDF
id21_id16_0004,1,celebdf,0.99922997,8,CelebDF
id21_id16_0005,1,celebdf,0.37505564,8,CelebDF
id21_id16_0006,1,celebdf,0.79885304,8,CelebDF
id21_id16_0007,1,celebdf,0.13126066,7,CelebDF
id21_id16_0008,1,celebdf,0.38159996,8,CelebDF
id21_id16_0009,1,celebdf,0.49589992,8,CelebDF
id21_id17_0000,1,celebdf,0.87418437,8,CelebDF
id21_id17_0001,1,celebdf,0.06654117,8,CelebDF
id21_id17_0002,1,celebdf,0.7041001,7,CelebDF
id21_id17_0004,1,celebdf,0.99991,8,CelebDF
id21_id17_0005,1,celebdf,0.5148771,8,CelebDF
id21_id17_0006,1,celebdf,0.99884224,8,CelebDF
id21_id17_0007,1,celebdf,0.31367162,7,CelebDF
id21_id17_0008,1,celebdf,0.48870826,8,CelebDF
id21_id17_0009,1,celebdf,0.5998701,8,CelebDF
id21_id19_0002,1,celebdf,0.5240551,7,CelebDF
id21_id19_0005,1,celebdf,0.41537753,8,CelebDF
id21_id19_0007,1,celebdf,0.4013903,7,CelebDF
id21_id19_0008,1,celebdf,0.6404671,8,CelebDF
id21_id19_0009,1,celebdf,0.7153678,8,CelebDF
id21_id1_0000,1,celebdf,0.7463905,8,CelebDF
id21_id1_0001,1,celebdf,0.0007070707,8,CelebDF
id21_id1_0002,1,celebdf,0.38421044,7,CelebDF
id21_id1_0004,1,celebdf,0.89725095,8,CelebDF
id21_id1_0005,1,celebdf,0.50363535,8,CelebDF
id21_id1_0006,1,celebdf,0.9637519,8,CelebDF
id21_id1_0007,1,celebdf,0.012588307,7,CelebDF
id21_id1_0008,1,celebdf,0.3320009,8,CelebDF
id21_id1_0009,1,celebdf,0.2859763,8,CelebDF
id21_id20_0000,1,celebdf,0.86893094,8,CelebDF
id21_id20_0001,1,celebdf,0.042319026,8,CelebDF
id21_id20_0002,1,celebdf,0.39290386,7,CelebDF
id21_id20_0005,1,celebdf,0.5696033,8,CelebDF
id21_id20_0006,1,celebdf,0.99560034,8,CelebDF
id21_id20_0007,1,celebdf,0.17171857,7,CelebDF
id21_id20_0008,1,celebdf,0.67484105,8,CelebDF
id21_id20_0009,1,celebdf,0.63943744,8,CelebDF
id21_id22_0002,1,celebdf,0.54858273,7,CelebDF
id21_id22_0005,1,celebdf,0.38292328,8,CelebDF
id21_id22_0006,1,celebdf,0.95779514,8,CelebDF
id21_id22_0008,1,celebdf,0.50528175,8,CelebDF
id21_id23_0000,1,celebdf,0.76329595,8,CelebDF
id21_id23_0001,1,celebdf,0.077261485,8,CelebDF
id21_id23_0002,1,celebdf,0.5966758,7,CelebDF
id21_id23_0005,1,celebdf,0.49182528,8,CelebDF
id21_id23_0006,1,celebdf,0.90759826,8,CelebDF
id21_id23_0007,1,celebdf,0.05547277,7,CelebDF
id21_id23_0008,1,celebdf,0.48955494,8,CelebDF
id21_id23_0009,1,celebdf,0.33015144,8,CelebDF
id21_id24_0000,1,celebdf,0.8849844,8,CelebDF
id21_id24_0001,1,celebdf,0.17498481,8,CelebDF
id21_id24_0002,1,celebdf,0.46996993,7,CelebDF
id21_id24_0005,1,celebdf,0.5121826,8,CelebDF
id21_id24_0006,1,celebdf,0.91308475,8,CelebDF
id21_id24_0007,1,celebdf,0.4045435,7,CelebDF
id21_id24_0008,1,celebdf,0.21194944,8,CelebDF
id21_id24_0009,1,celebdf,0.57825744,8,CelebDF
id21_id25_0002,1,celebdf,0.544692,7,CelebDF
id21_id25_0005,1,celebdf,0.62177056,8,CelebDF
id21_id25_0006,1,celebdf,0.9978162,8,CelebDF
id21_id25_0007,1,celebdf,0.644216,7,CelebDF
id21_id25_0008,1,celebdf,0.55413556,8,CelebDF
id21_id25_0009,1,celebdf,0.87017995,8,CelebDF
id21_id26_0002,1,celebdf,0.35079184,7,CelebDF
id21_id26_0005,1,celebdf,0.47268394,8,CelebDF
id21_id26_0006,1,celebdf,0.8869589,8,CelebDF
id21_id26_0008,1,celebdf,0.32057184,8,CelebDF
id21_id26_0009,1,celebdf,0.5139963,8,CelebDF
id21_id27_0000,1,celebdf,0.82353693,8,CelebDF
id21_id27_0001,1,celebdf,0.07522853,8,CelebDF
id21_id27_0002,1,celebdf,0.396489,7,CelebDF
id21_id27_0005,1,celebdf,0.3531145,8,CelebDF
id21_id27_0006,1,celebdf,0.9897098,8,CelebDF
id21_id27_0007,1,celebdf,0.27968642,7,CelebDF
id21_id27_0008,1,celebdf,0.42460486,8,CelebDF
id21_id27_0009,1,celebdf,0.47790718,8,CelebDF
id21_id28_0000,1,celebdf,0.73516184,8,CelebDF
id21_id28_0001,1,celebdf,0.01793983,8,CelebDF
id21_id28_0002,1,celebdf,0.5908337,7,CelebDF
id21_id28_0005,1,celebdf,0.45541307,8,CelebDF
id21_id28_0006,1,celebdf,0.99035174,8,CelebDF
id21_id28_0007,1,celebdf,0.3021455,7,CelebDF
id21_id28_0008,1,celebdf,0.43931085,8,CelebDF
id21_id28_0009,1,celebdf,0.36835775,8,CelebDF
id21_id29_0000,1,celebdf,0.86613506,8,CelebDF
id21_id29_0001,1,celebdf,0.03236074,8,CelebDF
id21_id29_0002,1,celebdf,0.46709153,7,CelebDF
id21_id29_0004,1,celebdf,0.9991485,8,CelebDF
id21_id29_0005,1,celebdf,0.3760154,8,CelebDF
id21_id29_0006,1,celebdf,0.956938,8,CelebDF
id21_id29_0007,1,celebdf,0.07399101,7,CelebDF
id21_id29_0008,1,celebdf,0.40766174,8,CelebDF
id21_id29_0009,1,celebdf,0.5232842,8,CelebDF
id21_id2_0000,1,celebdf,0.51425785,8,CelebDF
id21_id2_0001,1,celebdf,9.3443974e-05,8,CelebDF
id21_id2_0002,1,celebdf,0.23150308,7,CelebDF
id21_id2_0004,1,celebdf,0.89983773,8,CelebDF
id21_id2_0005,1,celebdf,0.29588816,8,CelebDF
id21_id2_0006,1,celebdf,0.9099604,8,CelebDF
id21_id2_0007,1,celebdf,0.063920245,7,CelebDF
id21_id2_0008,1,celebdf,0.66788113,8,CelebDF
id21_id2_0009,1,celebdf,0.17657453,8,CelebDF
id21_id30_0000,1,celebdf,0.8715534,8,CelebDF
id21_id30_0001,1,celebdf,0.0068427427,8,CelebDF
id21_id30_0002,1,celebdf,0.5330208,7,CelebDF
id21_id30_0004,1,celebdf,0.9996485,8,CelebDF
id21_id30_0005,1,celebdf,0.3318155,8,CelebDF
id21_id30_0006,1,celebdf,0.89073133,8,CelebDF
id21_id30_0007,1,celebdf,0.38257027,7,CelebDF
id21_id30_0008,1,celebdf,0.37678978,8,CelebDF
id21_id30_0009,1,celebdf,0.8405808,8,CelebDF
id21_id31_0000,1,celebdf,0.9810769,8,CelebDF
id21_id31_0001,1,celebdf,0.31839353,8,CelebDF
id21_id31_0002,1,celebdf,0.64336014,7,CelebDF
id21_id31_0004,1,celebdf,0.9991572,8,CelebDF
id21_id31_0005,1,celebdf,0.659927,8,CelebDF
id21_id31_0006,1,celebdf,0.89988875,8,CelebDF
id21_id31_0007,1,celebdf,0.6251685,7,CelebDF
id21_id31_0008,1,celebdf,0.71035284,8,CelebDF
id21_id31_0009,1,celebdf,0.5396044,8,CelebDF
id21_id32_0000,1,celebdf,0.78512806,8,CelebDF
id21_id32_0002,1,celebdf,0.40631023,7,CelebDF
id21_id32_0005,1,celebdf,0.46764475,8,CelebDF
id21_id32_0006,1,celebdf,0.93470955,8,CelebDF
id21_id32_0008,1,celebdf,0.4921497,8,CelebDF
id21_id32_0009,1,celebdf,0.57125145,8,CelebDF
id21_id33_0000,1,celebdf,0.73494214,8,CelebDF
id21_id33_0001,1,celebdf,0.014542777,8,CelebDF
id21_id33_0002,1,celebdf,0.45562717,7,CelebDF
id21_id33_0004,1,celebdf,0.9983443,8,CelebDF
id21_id33_0005,1,celebdf,0.4091402,8,CelebDF
id21_id33_0006,1,celebdf,0.95256424,8,CelebDF
id21_id33_0007,1,celebdf,0.22158791,7,CelebDF
id21_id33_0008,1,celebdf,0.5919682,8,CelebDF
id21_id33_0009,1,celebdf,0.24906455,8,CelebDF
id21_id34_0000,1,celebdf,0.7647519,8,CelebDF
id21_id34_0001,1,celebdf,0.007893641,8,CelebDF
id21_id34_0002,1,celebdf,0.6481125,7,CelebDF
id21_id34_0004,1,celebdf,0.99796134,8,CelebDF
id21_id34_0005,1,celebdf,0.4417485,8,CelebDF
id21_id34_0006,1,celebdf,0.78056103,8,CelebDF
id21_id34_0007,1,celebdf,0.14914998,7,CelebDF
id21_id34_0009,1,celebdf,0.6000507,8,CelebDF
id21_id35_0000,1,celebdf,0.8731139,8,CelebDF
id21_id35_0001,1,celebdf,0.015540906,8,CelebDF
id21_id35_0002,1,celebdf,0.5583456,7,CelebDF
id21_id35_0004,1,celebdf,0.99976176,8,CelebDF
id21_id35_0005,1,celebdf,0.33653966,8,CelebDF
id21_id35_0006,1,celebdf,0.88573366,8,CelebDF
id21_id35_0007,1,celebdf,0.29113275,7,CelebDF
id21_id35_0008,1,celebdf,0.4723727,8,CelebDF
id21_id35_0009,1,celebdf,0.67660993,8,CelebDF
id21_id37_0000,1,celebdf,0.8095118,8,CelebDF
id21_id37_0001,1,celebdf,0.025405651,8,CelebDF
id21_id37_0002,1,celebdf,0.50178784,7,CelebDF
id21_id37_0004,1,celebdf,0.98676234,8,CelebDF
id21_id37_0005,1,celebdf,0.4898858,8,CelebDF
id21_id37_0006,1,celebdf,0.99232626,8,CelebDF
id21_id37_0007,1,celebdf,0.43310717,7,CelebDF
id21_id37_0008,1,celebdf,0.21588919,8,CelebDF
id21_id37_0009,1,celebdf,0.73123956,8,CelebDF
id21_id38_0000,1,celebdf,0.8822926,8,CelebDF
id21_id38_0001,1,celebdf,0.027192526,8,CelebDF
id21_id38_0002,1,celebdf,0.63454676,7,CelebDF
id21_id38_0004,1,celebdf,0.99969494,8,CelebDF
id21_id38_0005,1,celebdf,0.5444294,8,CelebDF
id21_id38_0006,1,celebdf,0.8825195,8,CelebDF
id21_id38_0007,1,celebdf,0.45826238,7,CelebDF
id21_id38_0008,1,celebdf,0.28038654,8,CelebDF
id21_id38_0009,1,celebdf,0.7649351,8,CelebDF
id21_id3_0002,1,celebdf,0.3053622,7,CelebDF
id21_id3_0005,1,celebdf,0.24768096,8,CelebDF
id21_id3_0006,1,celebdf,0.65712947,8,CelebDF
id21_id3_0008,1,celebdf,0.3933352,8,CelebDF
id21_id3_0009,1,celebdf,0.33789986,8,CelebDF
id21_id4_0002,1,celebdf,0.33585215,7,CelebDF
id21_id4_0005,1,celebdf,0.50455195,8,CelebDF
id21_id4_0006,1,celebdf,0.89458215,8,CelebDF
id21_id4_0008,1,celebdf,0.19273607,8,CelebDF
id21_id6_0002,1,celebdf,0.519182,7,CelebDF
id21_id6_0005,1,celebdf,0.34955946,8,CelebDF
id21_id6_0006,1,celebdf,0.8492165,8,CelebDF
id21_id6_0007,1,celebdf,0.043177377,7,CelebDF
id21_id6_0008,1,celebdf,0.39789382,8,CelebDF
id21_id6_0009,1,celebdf,0.3118745,8,CelebDF
id21_id9_0000,1,celebdf,0.7561611,8,CelebDF
id21_id9_0001,1,celebdf,0.08473584,8,CelebDF
id21_id9_0002,1,celebdf,0.5377186,7,CelebDF
id21_id9_0004,1,celebdf,0.9958894,8,CelebDF
id21_id9_0005,1,celebdf,0.37227914,8,CelebDF
id21_id9_0006,1,celebdf,0.8839461,8,CelebDF
id21_id9_0007,1,celebdf,0.34568548,7,CelebDF
id21_id9_0008,1,celebdf,0.719156,8,CelebDF
id21_id9_0009,1,celebdf,0.22188711,8,CelebDF
id22_0000,0,celebdf,0.017978026,5,CelebDF
id22_0001,0,celebdf,0.15501417,7,CelebDF
id22_0002,0,celebdf,0.3299914,7,CelebDF
id22_0003,0,celebdf,0.002061209,7,CelebDF
id22_0004,0,celebdf,0.009495765,8,CelebDF
id22_0005,0,celebdf,0.17120723,8,CelebDF
id22_0006,0,celebdf,0.016004376,8,CelebDF
id22_0007,0,celebdf,0.7543466,8,CelebDF
id22_0008,0,celebdf,0.06535362,8,CelebDF
id22_0009,0,celebdf,0.07269973,6,CelebDF
id22_id19_0001,1,celebdf,0.46811894,7,CelebDF
id22_id19_0002,1,celebdf,0.5444104,7,CelebDF
id22_id19_0004,1,celebdf,0.19261897,8,CelebDF
id22_id19_0005,1,celebdf,0.8721174,8,CelebDF
id22_id19_0006,1,celebdf,0.056103673,8,CelebDF
id22_id19_0009,1,celebdf,0.72876567,6,CelebDF
id22_id20_0001,1,celebdf,0.5680104,7,CelebDF
id22_id20_0002,1,celebdf,0.38532624,7,CelebDF
id22_id20_0004,1,celebdf,0.86027354,8,CelebDF
id22_id20_0005,1,celebdf,0.7326663,8,CelebDF
id22_id20_0006,1,celebdf,0.47921565,8,CelebDF
id22_id21_0002,1,celebdf,0.45959997,7,CelebDF
id22_id21_0004,1,celebdf,0.51867735,8,CelebDF
id22_id21_0005,1,celebdf,0.8710961,8,CelebDF
id22_id21_0006,1,celebdf,0.21828389,8,CelebDF
id22_id23_0001,1,celebdf,0.61996615,7,CelebDF
id22_id23_0004,1,celebdf,0.7050804,8,CelebDF
id22_id23_0005,1,celebdf,0.8735993,8,CelebDF
id22_id23_0006,1,celebdf,0.31430575,8,CelebDF
id22_id24_0001,1,celebdf,0.5787306,7,CelebDF
id22_id24_0002,1,celebdf,0.54780257,7,CelebDF
id22_id24_0003,1,celebdf,0.69434196,7,CelebDF
id22_id24_0004,1,celebdf,0.697735,8,CelebDF
id22_id24_0005,1,celebdf,0.7714013,8,CelebDF
id22_id24_0006,1,celebdf,0.610329,8,CelebDF
id22_id24_0009,1,celebdf,0.56736416,6,CelebDF
id22_id25_0001,1,celebdf,0.6356867,7,CelebDF
id22_id25_0002,1,celebdf,0.7425193,7,CelebDF
id22_id25_0003,1,celebdf,0.83878344,7,CelebDF
id22_id25_0004,1,celebdf,0.8408961,8,CelebDF
id22_id25_0005,1,celebdf,0.8701743,8,CelebDF
id22_id25_0006,1,celebdf,0.5105062,8,CelebDF
id22_id25_0009,1,celebdf,0.70837307,6,CelebDF
id22_id26_0001,1,celebdf,0.4531912,7,CelebDF
id22_id26_0002,1,celebdf,0.52336615,7,CelebDF
id22_id26_0003,1,celebdf,0.29075733,7,CelebDF
id22_id26_0004,1,celebdf,0.29048595,8,CelebDF
id22_id26_0005,1,celebdf,0.8091085,8,CelebDF
id22_id26_0006,1,celebdf,0.24784969,8,CelebDF
id22_id26_0009,1,celebdf,0.5434045,6,CelebDF
id22_id27_0001,1,celebdf,0.52667093,7,CelebDF
id22_id27_0003,1,celebdf,0.37685087,7,CelebDF
id22_id27_0004,1,celebdf,0.8344781,8,CelebDF
id22_id27_0005,1,celebdf,0.77375376,8,CelebDF
id22_id27_0006,1,celebdf,0.48320764,8,CelebDF
id22_id28_0001,1,celebdf,0.47576478,7,CelebDF
id22_id28_0002,1,celebdf,0.4932573,7,CelebDF
id22_id28_0004,1,celebdf,0.49626946,8,CelebDF
id22_id28_0005,1,celebdf,0.8582624,8,CelebDF
id22_id28_0006,1,celebdf,0.43693584,8,CelebDF
id22_id28_0008,1,celebdf,0.8668034,8,CelebDF
id22_id28_0009,1,celebdf,0.6850849,6,CelebDF
id23_0000,0,celebdf,0.14172095,8,CelebDF
id23_0001,0,celebdf,5.204998e-05,8,CelebDF
id23_0002,0,celebdf,0.122133344,6,CelebDF
id23_0003,0,celebdf,0.0034346464,7,CelebDF
id23_0004,0,celebdf,0.07195944,7,CelebDF
id23_0005,0,celebdf,0.48993737,7,CelebDF
id23_0006,0,celebdf,0.15190224,7,CelebDF
id23_0007,0,celebdf,0.0019182472,7,CelebDF
id23_0008,0,celebdf,0.0039278967,8,CelebDF
id23_0009,0,celebdf,0.0035418328,8,CelebDF
id23_id0_0000,1,celebdf,0.040461514,8,CelebDF
id23_id0_0001,1,celebdf,0.17673393,8,CelebDF
id23_id0_0002,1,celebdf,0.03427078,6,CelebDF
id23_id0_0003,1,celebdf,0.4086496,7,CelebDF
id23_id0_0004,1,celebdf,0.2951572,7,CelebDF
id23_id0_0005,1,celebdf,0.476405,7,CelebDF
id23_id0_0006,1,celebdf,0.13099723,7,CelebDF
id23_id0_0007,1,celebdf,0.2405998,7,CelebDF
id23_id0_0008,1,celebdf,0.784337,8,CelebDF
id23_id16_0000,1,celebdf,0.03184602,8,CelebDF
id23_id16_0001,1,celebdf,0.11204742,8,CelebDF
id23_id16_0002,1,celebdf,0.004788207,6,CelebDF
id23_id16_0003,1,celebdf,0.3730022,7,CelebDF
id23_id16_0004,1,celebdf,0.71757734,7,CelebDF
id23_id16_0005,1,celebdf,0.462487,7,CelebDF
id23_id16_0006,1,celebdf,0.1994901,7,CelebDF
id23_id16_0007,1,celebdf,0.19246708,7,CelebDF
id23_id16_0009,1,celebdf,0.32783544,8,CelebDF
id23_id17_0000,1,celebdf,0.053116374,8,CelebDF
id23_id17_0001,1,celebdf,0.35011473,8,CelebDF
id23_id17_0002,1,celebdf,0.1928481,6,CelebDF
id23_id17_0003,1,celebdf,0.66048205,7,CelebDF
id23_id17_0004,1,celebdf,0.8219351,7,CelebDF
id23_id17_0006,1,celebdf,0.4570481,7,CelebDF
id23_id17_0007,1,celebdf,0.21680066,7,CelebDF
id23_id17_0009,1,celebdf,0.5840646,8,CelebDF
id23_id19_0000,1,celebdf,0.056101244,8,CelebDF
id23_id19_0002,1,celebdf,0.03718655,6,CelebDF
id23_id19_0003,1,celebdf,0.5480617,7,CelebDF
id23_id19_0007,1,celebdf,0.5554091,7,CelebDF
id23_id19_0009,1,celebdf,0.23109356,8,CelebDF
id23_id1_0000,1,celebdf,0.029650632,8,CelebDF
id23_id1_0001,1,celebdf,0.004301498,8,CelebDF
id23_id1_0002,1,celebdf,0.017103473,6,CelebDF
id23_id1_0003,1,celebdf,0.3019859,7,CelebDF
id23_id1_0004,1,celebdf,0.6804867,7,CelebDF
id23_id1_0005,1,celebdf,0.0132354265,7,CelebDF
id23_id1_0006,1,celebdf,0.48319656,7,CelebDF
id23_id1_0007,1,celebdf,0.15452136,7,CelebDF
id23_id1_0009,1,celebdf,0.34775165,8,CelebDF
id23_id20_0000,1,celebdf,0.05893376,8,CelebDF
id23_id20_0001,1,celebdf,0.35933402,8,CelebDF
id23_id20_0002,1,celebdf,0.057665363,6,CelebDF
id23_id20_0003,1,celebdf,0.48752657,7,CelebDF
id23_id20_0005,1,celebdf,0.3280782,7,CelebDF
id23_id20_0006,1,celebdf,0.53946,7,CelebDF
id23_id20_0007,1,celebdf,0.5227297,6,CelebDF
id23_id20_0009,1,celebdf,0.28365034,8,CelebDF
id23_id21_0000,1,celebdf,0.017672637,8,CelebDF
id23_id21_0002,1,celebdf,0.04212628,6,CelebDF
id23_id21_0003,1,celebdf,0.5023876,7,CelebDF
id23_id21_0006,1,celebdf,0.044449605,7,CelebDF
id23_id21_0007,1,celebdf,0.034658883,7,CelebDF
id23_id21_0009,1,celebdf,0.24321897,8,CelebDF
id23_id22_0000,1,celebdf,0.0022481773,8,CelebDF
id23_id22_0002,1,celebdf,0.01076774,6,CelebDF
id23_id22_0003,1,celebdf,0.43644688,7,CelebDF
id23_id22_0006,1,celebdf,0.019565687,7,CelebDF
id23_id22_0007,1,celebdf,0.22389568,7,CelebDF
id23_id22_0009,1,celebdf,0.42954236,8,CelebDF
id23_id24_0000,1,celebdf,0.0065374263,8,CelebDF
id23_id24_0002,1,celebdf,0.113326065,6,CelebDF
id23_id24_0003,1,celebdf,0.5184967,7,CelebDF
id23_id24_0004,1,celebdf,0.6136337,7,CelebDF
id23_id24_0005,1,celebdf,0.14964111,7,CelebDF
id23_id24_0006,1,celebdf,0.17134127,7,CelebDF
id23_id24_0007,1,celebdf,0.48744163,7,CelebDF
id23_id24_0009,1,celebdf,0.36302787,8,CelebDF
id23_id25_0000,1,celebdf,0.07331626,8,CelebDF
id23_id25_0001,1,celebdf,0.8268214,8,CelebDF
id23_id25_0002,1,celebdf,0.4872091,6,CelebDF
id23_id25_0003,1,celebdf,0.29209566,7,CelebDF
id23_id25_0006,1,celebdf,0.14770491,7,CelebDF
id23_id25_0007,1,celebdf,0.6583013,6,CelebDF
id23_id25_0009,1,celebdf,0.7184103,8,CelebDF
id23_id26_0000,1,celebdf,0.031876825,8,CelebDF
id23_id26_0001,1,celebdf,0.19169605,8,CelebDF
id23_id26_0002,1,celebdf,0.0065424857,6,CelebDF
id23_id26_0003,1,celebdf,0.31363916,7,CelebDF
id23_id26_0006,1,celebdf,0.14887051,7,CelebDF
id23_id26_0007,1,celebdf,0.039024148,7,CelebDF
id23_id26_0009,1,celebdf,0.040096812,8,CelebDF
id23_id27_0000,1,celebdf,0.25430477,8,CelebDF
id23_id27_0001,1,celebdf,0.030931052,8,CelebDF
id23_id27_0002,1,celebdf,0.00044032058,6,CelebDF
id23_id27_0003,1,celebdf,0.5232477,7,CelebDF
id23_id27_0006,1,celebdf,0.2620324,7,CelebDF
id23_id27_0007,1,celebdf,0.14313228,7,CelebDF
id23_id27_0009,1,celebdf,0.29230586,8,CelebDF
id23_id28_0000,1,celebdf,0.1359335,8,CelebDF
id23_id28_0001,1,celebdf,0.17701165,8,CelebDF
id23_id28_0002,1,celebdf,0.03556468,6,CelebDF
id23_id28_0003,1,celebdf,0.5602079,7,CelebDF
id23_id28_0005,1,celebdf,0.2568635,7,CelebDF
id23_id28_0006,1,celebdf,0.24817875,7,CelebDF
id23_id28_0007,1,celebdf,0.36899748,6,CelebDF
id23_id28_0009,1,celebdf,0.32208997,8,CelebDF
id23_id29_0000,1,celebdf,0.04127906,8,CelebDF
id23_id29_0001,1,celebdf,0.024180014,8,CelebDF
id23_id29_0002,1,celebdf,0.06887009,6,CelebDF
id23_id29_0003,1,celebdf,0.40018845,8,CelebDF
id23_id29_0004,1,celebdf,0.71723,7,CelebDF
id23_id29_0005,1,celebdf,0.46243095,7,CelebDF
id23_id29_0006,1,celebdf,0.33628917,7,CelebDF
id23_id29_0007,1,celebdf,0.21062072,6,CelebDF
id23_id29_0009,1,celebdf,0.6344455,8,CelebDF
id23_id2_0000,1,celebdf,0.008090203,8,CelebDF
id23_id2_0001,1,celebdf,0.13075712,8,CelebDF
id23_id2_0002,1,celebdf,7.853472e-05,6,CelebDF
id23_id2_0003,1,celebdf,0.25534764,7,CelebDF
id23_id2_0004,1,celebdf,0.063773446,7,CelebDF
id23_id2_0005,1,celebdf,0.023473615,7,CelebDF
id23_id2_0006,1,celebdf,0.05380577,7,CelebDF
id23_id2_0007,1,celebdf,0.019781634,7,CelebDF
id23_id2_0009,1,celebdf,0.07021856,8,CelebDF
id23_id30_0000,1,celebdf,0.002148459,8,CelebDF
id23_id30_0001,1,celebdf,0.0017113199,8,CelebDF
id23_id30_0002,1,celebdf,0.017575268,6,CelebDF
id23_id30_0003,1,celebdf,0.3710591,7,CelebDF
id23_id30_0004,1,celebdf,0.6953427,7,CelebDF
id23_id30_0005,1,celebdf,0.5455465,7,CelebDF
id23_id30_0006,1,celebdf,0.13139385,7,CelebDF
id23_id30_0007,1,celebdf,0.07567545,7,CelebDF
id23_id30_0009,1,celebdf,0.24091302,8,CelebDF
id23_id31_0000,1,celebdf,0.06281431,7,CelebDF
id23_id31_0001,1,celebdf,0.25565407,8,CelebDF
id23_id31_0002,1,celebdf,0.038411852,6,CelebDF
id23_id31_0003,1,celebdf,0.4503892,7,CelebDF
id23_id31_0005,1,celebdf,0.9205202,7,CelebDF
id23_id31_0006,1,celebdf,0.21954533,7,CelebDF
id23_id31_0007,1,celebdf,0.14054246,6,CelebDF
id23_id32_0000,1,celebdf,0.0022349043,8,CelebDF
id23_id32_0001,1,celebdf,0.017637849,8,CelebDF
id23_id32_0002,1,celebdf,0.02021569,6,CelebDF
id23_id32_0003,1,celebdf,0.38096473,7,CelebDF
id23_id32_0005,1,celebdf,0.049434356,7,CelebDF
id23_id32_0006,1,celebdf,0.026412332,7,CelebDF
id23_id32_0007,1,celebdf,0.25070378,7,CelebDF
id23_id32_0009,1,celebdf,0.25728166,8,CelebDF
id23_id33_0000,1,celebdf,0.053226594,8,CelebDF
id23_id33_0001,1,celebdf,0.00041093043,8,CelebDF
id23_id33_0002,1,celebdf,0.13389204,6,CelebDF
id23_id33_0003,1,celebdf,0.7037362,7,CelebDF
id23_id33_0004,1,celebdf,0.4751006,7,CelebDF
id23_id33_0005,1,celebdf,0.024848046,7,CelebDF
id23_id33_0006,1,celebdf,0.33740065,7,CelebDF
id23_id33_0007,1,celebdf,0.09286068,7,CelebDF
id23_id34_0000,1,celebdf,0.057437073,8,CelebDF
id23_id34_0001,1,celebdf,0.13030283,8,CelebDF
id23_id34_0002,1,celebdf,0.15628855,6,CelebDF
id23_id34_0003,1,celebdf,0.5210729,7,CelebDF
id23_id34_0005,1,celebdf,0.2080312,7,CelebDF
id23_id34_0006,1,celebdf,0.35558933,7,CelebDF
id23_id34_0007,1,celebdf,0.116236806,7,CelebDF
id23_id34_0009,1,celebdf,0.49243647,8,CelebDF
id23_id35_0000,1,celebdf,0.0099034915,8,CelebDF
id23_id35_0002,1,celebdf,0.04613247,6,CelebDF
id23_id35_0003,1,celebdf,0.53274715,7,CelebDF
id23_id35_0004,1,celebdf,0.7494417,7,CelebDF
id23_id35_0005,1,celebdf,0.5048575,7,CelebDF
id23_id35_0006,1,celebdf,0.18358907,7,CelebDF
id23_id35_0007,1,celebdf,0.3098368,7,CelebDF
id23_id35_0009,1,celebdf,0.059503898,8,CelebDF
id23_id37_0000,1,celebdf,0.0029409283,8,CelebDF
id23_id37_0001,1,celebdf,0.21345657,8,CelebDF
id23_id37_0002,1,celebdf,0.022869611,6,CelebDF
id23_id37_0003,1,celebdf,0.56443965,7,CelebDF
id23_id37_0004,1,celebdf,0.6950679,7,CelebDF
id23_id37_0005,1,celebdf,0.5366853,7,CelebDF
id23_id37_0006,1,celebdf,0.24384323,7,CelebDF
id23_id37_0007,1,celebdf,0.22644846,6,CelebDF
id23_id37_0008,1,celebdf,0.69951504,8,CelebDF
id23_id37_0009,1,celebdf,0.67180663,8,CelebDF
id23_id38_0000,1,celebdf,0.036926113,8,CelebDF
id23_id38_0001,1,celebdf,0.19137736,8,CelebDF
id23_id38_0002,1,celebdf,0.100797676,6,CelebDF
id23_id38_0003,1,celebdf,0.35627365,7,CelebDF
id23_id38_0004,1,celebdf,0.82373416,7,CelebDF
id23_id38_0005,1,celebdf,0.7612138,7,CelebDF
id23_id38_0006,1,celebdf,0.36935243,7,CelebDF
id23_id38_0007,1,celebdf,0.26323935,7,CelebDF
id23_id3_0000,1,celebdf,0.00017081547,8,CelebDF
id23_id3_0001,1,celebdf,0.02821913,8,CelebDF
id23_id3_0002,1,celebdf,0.0006968996,6,CelebDF
id23_id3_0003,1,celebdf,0.04466464,7,CelebDF
id23_id3_0004,1,celebdf,0.58756644,7,CelebDF
id23_id3_0005,1,celebdf,0.01758704,7,CelebDF
id23_id3_0006,1,celebdf,0.07981419,7,CelebDF
id23_id3_0007,1,celebdf,0.058324847,7,CelebDF
id23_id3_0009,1,celebdf,0.0124521535,8,CelebDF
id23_id4_0000,1,celebdf,0.04745686,8,CelebDF
id23_id4_0001,1,celebdf,0.29389316,8,CelebDF
id23_id4_0002,1,celebdf,0.06539912,6,CelebDF
id23_id4_0003,1,celebdf,0.4228445,7,CelebDF
id23_id4_0004,1,celebdf,0.8097089,7,CelebDF
id23_id4_0005,1,celebdf,0.20976523,7,CelebDF
id23_id4_0006,1,celebdf,0.120569535,7,CelebDF
id23_id4_0007,1,celebdf,0.14881675,7,CelebDF
id23_id4_0009,1,celebdf,0.31583205,8,CelebDF
id23_id6_0000,1,celebdf,0.035136048,8,CelebDF
id23_id6_0001,1,celebdf,0.024091445,8,CelebDF
id23_id6_0002,1,celebdf,0.00047860746,6,CelebDF
id23_id6_0003,1,celebdf,0.4442189,7,CelebDF
id23_id6_0004,1,celebdf,0.40969223,7,CelebDF
id23_id6_0005,1,celebdf,0.18087718,7,CelebDF
id23_id6_0006,1,celebdf,0.01370707,7,CelebDF
id23_id6_0007,1,celebdf,0.17063174,7,CelebDF
id23_id6_0009,1,celebdf,0.025596619,8,CelebDF
id23_id9_0000,1,celebdf,0.07000421,8,CelebDF
id23_id9_0001,1,celebdf,0.084481716,8,CelebDF
id23_id9_0002,1,celebdf,0.032020483,6,CelebDF
id23_id9_0003,1,celebdf,0.4597092,7,CelebDF
id23_id9_0004,1,celebdf,0.4951801,7,CelebDF
id23_id9_0005,1,celebdf,0.5903729,8,CelebDF
id23_id9_0006,1,celebdf,0.24574076,7,CelebDF
id23_id9_0007,1,celebdf,0.5728146,7,CelebDF
id23_id9_0008,1,celebdf,0.58967453,8,CelebDF
id23_id9_0009,1,celebdf,0.2086038,8,CelebDF
id24_0000,0,celebdf,0.016359756,7,CelebDF
id24_0001,0,celebdf,0.008882881,7,CelebDF
id24_0002,0,celebdf,0.074785315,8,CelebDF
id24_0003,0,celebdf,0.018540757,7,CelebDF
id24_0004,0,celebdf,0.2776362,8,CelebDF
id24_0005,0,celebdf,0.13720521,7,CelebDF
id24_0006,0,celebdf,0.27299893,8,CelebDF
id24_0007,0,celebdf,0.0006748773,8,CelebDF
id24_0008,0,celebdf,0.81693065,8,CelebDF
id24_0009,0,celebdf,0.3568133,8,CelebDF
id24_id19_0000,1,celebdf,0.23497164,7,CelebDF
id24_id19_0002,1,celebdf,0.0602085,8,CelebDF
id24_id19_0003,1,celebdf,0.27213284,7,CelebDF
id24_id19_0004,1,celebdf,0.6974518,8,CelebDF
id24_id19_0005,1,celebdf,0.6516537,6,CelebDF
id24_id19_0006,1,celebdf,0.76669073,8,CelebDF
id24_id19_0009,1,celebdf,0.020969657,6,CelebDF
id24_id20_0000,1,celebdf,0.3757112,7,CelebDF
id24_id20_0002,1,celebdf,0.24991426,8,CelebDF
id24_id20_0003,1,celebdf,0.19017687,7,CelebDF
id24_id20_0004,1,celebdf,0.7927772,8,CelebDF
id24_id20_0005,1,celebdf,0.41739258,6,CelebDF
id24_id20_0006,1,celebdf,0.6435838,8,CelebDF
id24_id20_0007,1,celebdf,0.0013705654,8,CelebDF
id24_id20_0008,1,celebdf,0.8691742,8,CelebDF
id24_id20_0009,1,celebdf,0.026351018,8,CelebDF
id24_id21_0000,1,celebdf,0.029709334,7,CelebDF
id24_id21_0002,1,celebdf,0.15904078,8,CelebDF
id24_id21_0003,1,celebdf,0.12706836,7,CelebDF
id24_id21_0004,1,celebdf,0.7835337,8,CelebDF
id24_id21_0005,1,celebdf,0.63678473,7,CelebDF
id24_id21_0006,1,celebdf,0.6201327,8,CelebDF
id24_id21_0007,1,celebdf,0.0063529764,8,CelebDF
id24_id21_0008,1,celebdf,0.67829597,8,CelebDF
id24_id21_0009,1,celebdf,0.29572138,7,CelebDF
id24_id22_0000,1,celebdf,0.138373,7,CelebDF
id24_id22_0001,1,celebdf,0.14550726,7,CelebDF
id24_id22_0002,1,celebdf,0.11077656,8,CelebDF
id24_id22_0003,1,celebdf,0.11845856,7,CelebDF
id24_id22_0004,1,celebdf,0.87436616,8,CelebDF
id24_id22_0005,1,celebdf,0.67616284,7,CelebDF
id24_id22_0006,1,celebdf,0.5428139,8,CelebDF
id24_id22_0007,1,celebdf,0.0017961073,8,CelebDF
id24_id22_0008,1,celebdf,0.8169513,8,CelebDF
id24_id22_0009,1,celebdf,0.26087126,6,CelebDF
id24_id23_0000,1,celebdf,0.032143645,7,CelebDF
id24_id23_0002,1,celebdf,0.20020829,8,CelebDF
id24_id23_0003,1,celebdf,0.0004448954,7,CelebDF
id24_id23_0004,1,celebdf,0.8568872,8,CelebDF
id24_id23_0005,1,celebdf,0.83005387,6,CelebDF
id24_id23_0006,1,celebdf,0.8226192,8,CelebDF
id24_id23_0007,1,celebdf,0.0012762862,8,CelebDF
id24_id23_0009,1,celebdf,0.05178205,7,CelebDF
id24_id25_0000,1,celebdf,0.70930713,7,CelebDF
id24_id25_0002,1,celebdf,0.30883116,8,CelebDF
id24_id25_0003,1,celebdf,0.223984,7,CelebDF
id24_id25_0004,1,celebdf,0.8895021,8,CelebDF
id24_id25_0005,1,celebdf,0.8335264,6,CelebDF
id24_id25_0006,1,celebdf,0.8491254,8,CelebDF
id24_id25_0007,1,celebdf,0.10824361,8,CelebDF
id24_id25_0008,1,celebdf,0.8728048,8,CelebDF
id24_id25_0009,1,celebdf,0.06977685,7,CelebDF
id24_id26_0000,1,celebdf,0.22292736,7,CelebDF
id24_id26_0002,1,celebdf,0.15407205,8,CelebDF
id24_id26_0003,1,celebdf,0.07477579,7,CelebDF
id24_id26_0004,1,celebdf,0.71559,8,CelebDF
id24_id26_0005,1,celebdf,0.62868804,7,CelebDF
id24_id26_0006,1,celebdf,0.61819667,8,CelebDF
id24_id26_0007,1,celebdf,0.046983276,8,CelebDF
id24_id26_0008,1,celebdf,0.8636216,8,CelebDF
id24_id26_0009,1,celebdf,0.1304766,8,CelebDF
id24_id27_0000,1,celebdf,0.09862502,7,CelebDF
id24_id27_0002,1,celebdf,0.25827143,8,CelebDF
id24_id27_0003,1,celebdf,0.01759486,7,CelebDF
id24_id27_0004,1,celebdf,0.7567282,8,CelebDF
id24_id27_0005,1,celebdf,0.70825565,7,CelebDF
id24_id27_0006,1,celebdf,0.629673,8,CelebDF
id24_id27_0007,1,celebdf,0.041911468,8,CelebDF
id24_id27_0008,1,celebdf,0.79004496,8,CelebDF
id24_id27_0009,1,celebdf,0.015576309,7,CelebDF
id24_id28_0000,1,celebdf,0.02000408,7,CelebDF
id24_id28_0002,1,celebdf,0.2540644,8,CelebDF
id24_id28_0003,1,celebdf,0.014564761,7,CelebDF
id24_id28_0004,1,celebdf,0.9653692,8,CelebDF
id24_id28_0005,1,celebdf,0.60517466,7,CelebDF
id24_id28_0006,1,celebdf,0.64138585,8,CelebDF
id24_id28_0007,1,celebdf,0.21525434,8,CelebDF
id24_id28_0008,1,celebdf,0.85783494,8,CelebDF
id24_id28_0009,1,celebdf,0.081007995,6,CelebDF
id25_0000,0,celebdf,0.6262134,6,CelebDF
id25_0001,0,celebdf,0.17850956,8,CelebDF
id25_0002,0,celebdf,0.5033261,7,CelebDF
id25_0003,0,celebdf,0.6399793,8,CelebDF
id25_0004,0,celebdf,0.0011015648,8,CelebDF
id25_0005,0,celebdf,0.45026276,8,CelebDF
id25_0006,0,celebdf,0.0061353543,8,CelebDF
id25_0007,0,celebdf,0.519014,6,CelebDF
id25_0008,0,celebdf,0.20156989,8,CelebDF
id25_0009,0,celebdf,0.022950783,8,CelebDF
id25_0010,0,celebdf,0.17267962,8,CelebDF
id25_id19_0002,1,celebdf,0.45834598,7,CelebDF
id25_id19_0003,1,celebdf,0.7611434,8,CelebDF
id25_id19_0007,1,celebdf,0.6100483,6,CelebDF
id25_id19_0008,1,celebdf,0.43709838,8,CelebDF
id25_id19_0010,1,celebdf,0.5999463,8,CelebDF
id25_id20_0002,1,celebdf,0.5662034,7,CelebDF
id25_id20_0003,1,celebdf,0.6234556,8,CelebDF
id25_id20_0005,1,celebdf,0.44909665,8,CelebDF
id25_id20_0007,1,celebdf,0.78987736,6,CelebDF
id25_id20_0008,1,celebdf,0.6770951,8,CelebDF
id25_id20_0010,1,celebdf,0.49534225,8,CelebDF
id25_id21_0002,1,celebdf,0.39664894,7,CelebDF
id25_id21_0003,1,celebdf,0.5031582,8,CelebDF
id25_id21_0005,1,celebdf,0.2960992,8,CelebDF
id25_id21_0007,1,celebdf,0.6983784,6,CelebDF
id25_id21_0008,1,celebdf,0.5171978,8,CelebDF
id25_id21_0010,1,celebdf,0.60338306,8,CelebDF
id25_id22_0002,1,celebdf,0.5947958,7,CelebDF
id25_id22_0003,1,celebdf,0.6204416,8,CelebDF
id25_id22_0004,1,celebdf,0.6539353,8,CelebDF
id25_id22_0007,1,celebdf,0.64608556,6,CelebDF
id25_id22_0008,1,celebdf,0.5687009,8,CelebDF
id25_id22_0010,1,celebdf,0.47032562,8,CelebDF
id25_id23_0000,1,celebdf,0.87108964,6,CelebDF
id25_id23_0002,1,celebdf,0.4674342,7,CelebDF
id25_id23_0003,1,celebdf,0.53911436,8,CelebDF
id25_id23_0005,1,celebdf,0.20933774,8,CelebDF
id25_id23_0007,1,celebdf,0.8054996,6,CelebDF
id25_id23_0008,1,celebdf,0.6335207,8,CelebDF
id25_id23_0010,1,celebdf,0.5067636,8,CelebDF
id25_id24_0002,1,celebdf,0.63118994,7,CelebDF
id25_id24_0003,1,celebdf,0.7496236,8,CelebDF
id25_id24_0005,1,celebdf,0.2796442,8,CelebDF
id25_id24_0007,1,celebdf,0.81235105,6,CelebDF
id25_id24_0008,1,celebdf,0.50407237,8,CelebDF
id25_id24_0010,1,celebdf,0.52319384,8,CelebDF
id25_id26_0000,1,celebdf,0.8632361,6,CelebDF
id25_id26_0002,1,celebdf,0.50967133,7,CelebDF
id25_id26_0003,1,celebdf,0.64987767,8,CelebDF
id25_id26_0004,1,celebdf,0.4135246,8,CelebDF
id25_id26_0005,1,celebdf,0.43700582,8,CelebDF
id25_id26_0006,1,celebdf,0.011151111,8,CelebDF
id25_id26_0007,1,celebdf,0.67969894,6,CelebDF
id25_id26_0008,1,celebdf,0.6867049,8,CelebDF
id25_id26_0010,1,celebdf,0.53006595,8,CelebDF
id25_id27_0002,1,celebdf,0.69462633,7,CelebDF
id25_id27_0003,1,celebdf,0.72507226,8,CelebDF
id25_id27_0004,1,celebdf,0.81968975,8,CelebDF
id25_id27_0005,1,celebdf,0.31908673,8,CelebDF
id25_id27_0007,1,celebdf,0.8307263,6,CelebDF
id25_id27_0008,1,celebdf,0.72509,8,CelebDF
id25_id27_0010,1,celebdf,0.6205447,8,CelebDF
id25_id28_0000,1,celebdf,0.87597877,6,CelebDF
id25_id28_0002,1,celebdf,0.53630245,7,CelebDF
id25_id28_0003,1,celebdf,0.829163,8,CelebDF
id25_id28_0005,1,celebdf,0.45534343,8,CelebDF
id25_id28_0007,1,celebdf,0.8132141,6,CelebDF
id25_id28_0008,1,celebdf,0.5237975,8,CelebDF
id25_id28_0010,1,celebdf,0.63880765,8,CelebDF
id26_0000,0,celebdf,0.00046492243,8,CelebDF
id26_0001,0,celebdf,0.52670634,6,CelebDF
id26_0002,0,celebdf,0.29255018,7,CelebDF
id26_0003,0,celebdf,0.26899695,8,CelebDF
id26_0004,0,celebdf,0.013856079,8,CelebDF
id26_0005,0,celebdf,0.5766599,8,CelebDF
id26_0006,0,celebdf,0.12474584,8,CelebDF
id26_0007,0,celebdf,0.22963749,8,CelebDF
id26_0008,0,celebdf,0.8450652,8,CelebDF
id26_0009,0,celebdf,0.36311793,7,CelebDF
id26_id0_0000,1,celebdf,0.62537676,8,CelebDF
id26_id0_0001,1,celebdf,0.53837425,6,CelebDF
id26_id0_0003,1,celebdf,0.46938348,8,CelebDF
id26_id0_0004,1,celebdf,0.73893535,8,CelebDF
id26_id0_0005,1,celebdf,0.8818987,8,CelebDF
id26_id0_0006,1,celebdf,0.9468658,8,CelebDF
id26_id0_0009,1,celebdf,0.86006755,7,CelebDF
id26_id16_0000,1,celebdf,0.55241466,8,CelebDF
id26_id16_0001,1,celebdf,0.6642212,6,CelebDF
id26_id16_0003,1,celebdf,0.2697969,8,CelebDF
id26_id16_0004,1,celebdf,0.7349576,8,CelebDF
id26_id16_0006,1,celebdf,0.5576069,8,CelebDF
id26_id16_0009,1,celebdf,0.89985055,7,CelebDF
id26_id17_0000,1,celebdf,0.874321,8,CelebDF
id26_id17_0003,1,celebdf,0.561843,8,CelebDF
id26_id17_0004,1,celebdf,0.8233227,8,CelebDF
id26_id17_0005,1,celebdf,0.99576473,8,CelebDF
id26_id17_0006,1,celebdf,0.8832591,8,CelebDF
id26_id17_0008,1,celebdf,0.93584025,8,CelebDF
id26_id19_0000,1,celebdf,0.61856246,8,CelebDF
id26_id19_0002,1,celebdf,0.7309918,7,CelebDF
id26_id19_0003,1,celebdf,0.5757399,8,CelebDF
id26_id19_0004,1,celebdf,0.7774177,8,CelebDF
id26_id19_0005,1,celebdf,0.8898657,8,CelebDF
id26_id1_0000,1,celebdf,0.66460025,8,CelebDF
id26_id1_0001,1,celebdf,0.57926625,6,CelebDF
id26_id1_0002,1,celebdf,0.699985,7,CelebDF
id26_id1_0003,1,celebdf,0.45849448,8,CelebDF
id26_id1_0004,1,celebdf,0.8058886,8,CelebDF
id26_id1_0006,1,celebdf,0.6980713,8,CelebDF
id26_id1_0009,1,celebdf,0.986266,7,CelebDF
id26_id20_0000,1,celebdf,0.62636906,8,CelebDF
id26_id20_0001,1,celebdf,0.5286551,6,CelebDF
id26_id20_0003,1,celebdf,0.6535625,8,CelebDF
id26_id20_0004,1,celebdf,0.87368864,8,CelebDF
id26_id20_0005,1,celebdf,0.839373,8,CelebDF
id26_id20_0008,1,celebdf,0.7258923,8,CelebDF
id26_id20_0009,1,celebdf,0.8519936,7,CelebDF
id26_id21_0000,1,celebdf,0.62989265,8,CelebDF
id26_id21_0004,1,celebdf,0.8707142,8,CelebDF
id26_id21_0005,1,celebdf,0.8399648,8,CelebDF
id26_id21_0008,1,celebdf,0.97208154,8,CelebDF
id26_id22_0000,1,celebdf,0.8644526,8,CelebDF
id26_id22_0001,1,celebdf,0.6497329,6,CelebDF
id26_id22_0003,1,celebdf,0.5988181,8,CelebDF
id26_id22_0004,1,celebdf,0.6641544,8,CelebDF
id26_id22_0005,1,celebdf,0.72887063,8,CelebDF
id26_id22_0009,1,celebdf,0.85739195,7,CelebDF
id26_id23_0001,1,celebdf,0.5655514,6,CelebDF
id26_id23_0002,1,celebdf,0.7453461,7,CelebDF
id26_id23_0003,1,celebdf,0.37094364,8,CelebDF
id26_id23_0004,1,celebdf,0.84737056,8,CelebDF
id26_id23_0009,1,celebdf,0.8949719,7,CelebDF
id26_id24_0001,1,celebdf,0.76611334,6,CelebDF
id26_id24_0003,1,celebdf,0.592803,8,CelebDF
id26_id24_0004,1,celebdf,0.8757386,8,CelebDF
id26_id24_0009,1,celebdf,0.8650904,7,CelebDF
id26_id25_0000,1,celebdf,0.8741,8,CelebDF
id26_id25_0001,1,celebdf,0.7966192,6,CelebDF
id26_id25_0002,1,celebdf,0.98493576,7,CelebDF
id26_id25_0003,1,celebdf,0.41807312,8,CelebDF
id26_id25_0004,1,celebdf,0.9082013,8,CelebDF
id26_id25_0005,1,celebdf,0.97777826,8,CelebDF
id26_id25_0006,1,celebdf,0.9207644,8,CelebDF
id26_id25_0008,1,celebdf,0.9890291,7,CelebDF
id26_id25_0009,1,celebdf,0.98198795,7,CelebDF
id26_id27_0000,1,celebdf,0.51667696,8,CelebDF
id26_id27_0001,1,celebdf,0.67551595,6,CelebDF
id26_id27_0003,1,celebdf,0.64238054,8,CelebDF
id26_id27_0004,1,celebdf,0.8114541,8,CelebDF
id26_id27_0005,1,celebdf,0.9319858,8,CelebDF
id26_id27_0008,1,celebdf,0.9743391,8,CelebDF
id26_id28_0000,1,celebdf,0.74397063,8,CelebDF
id26_id28_0001,1,celebdf,0.76613516,6,CelebDF
id26_id28_0002,1,celebdf,0.8346352,7,CelebDF
id26_id28_0003,1,celebdf,0.64041686,8,CelebDF
id26_id28_0004,1,celebdf,0.719787,8,CelebDF
id26_id28_0005,1,celebdf,0.90508497,8,CelebDF
id26_id28_0008,1,celebdf,0.905077,8,CelebDF
id26_id29_0001,1,celebdf,0.54711163,6,CelebDF
id26_id29_0003,1,celebdf,0.57148427,8,CelebDF
id26_id29_0004,1,celebdf,0.84260803,8,CelebDF
id26_id29_0006,1,celebdf,0.8774167,8,CelebDF
id26_id29_0008,1,celebdf,0.82235456,8,CelebDF
id26_id29_0009,1,celebdf,0.9925551,7,CelebDF
id26_id2_0000,1,celebdf,0.59041536,8,CelebDF
id26_id2_0001,1,celebdf,0.5594954,6,CelebDF
id26_id2_0002,1,celebdf,0.69024426,7,CelebDF
id26_id2_0003,1,celebdf,0.34385175,8,CelebDF
id26_id2_0004,1,celebdf,0.6240737,8,CelebDF
id26_id2_0005,1,celebdf,0.8019876,8,CelebDF
id26_id2_0006,1,celebdf,0.4737739,8,CelebDF
id26_id2_0009,1,celebdf,0.8560747,7,CelebDF
id26_id30_0000,1,celebdf,0.66883737,8,CelebDF
id26_id30_0001,1,celebdf,0.66616935,6,CelebDF
id26_id30_0002,1,celebdf,0.992938,7,CelebDF
id26_id30_0003,1,celebdf,0.40797958,8,CelebDF
id26_id30_0004,1,celebdf,0.7718334,8,CelebDF
id26_id30_0006,1,celebdf,0.81539756,8,CelebDF
id26_id30_0009,1,celebdf,0.98114556,7,CelebDF
id26_id31_0001,1,celebdf,0.70726776,6,CelebDF
id26_id31_0002,1,celebdf,0.78837305,7,CelebDF
id26_id31_0003,1,celebdf,0.6100157,8,CelebDF
id26_id31_0004,1,celebdf,0.86966693,8,CelebDF
id26_id31_0005,1,celebdf,0.9628607,8,CelebDF
id26_id31_0008,1,celebdf,0.83276093,8,CelebDF
id26_id31_0009,1,celebdf,0.88601685,7,CelebDF
id26_id32_0001,1,celebdf,0.49799955,6,CelebDF
id26_id32_0002,1,celebdf,0.9545747,7,CelebDF
id26_id32_0003,1,celebdf,0.359305,8,CelebDF
id26_id32_0004,1,celebdf,0.67997855,8,CelebDF
id26_id32_0006,1,celebdf,0.40060607,8,CelebDF
id26_id33_0001,1,celebdf,0.53431493,6,CelebDF
id26_id33_0002,1,celebdf,0.7596622,7,CelebDF
id26_id33_0003,1,celebdf,0.739497,8,CelebDF
id26_id33_0004,1,celebdf,0.6291307,8,CelebDF
id26_id33_0006,1,celebdf,0.56486523,8,CelebDF
id26_id34_0001,1,celebdf,0.62917525,6,CelebDF
id26_id34_0002,1,celebdf,0.7250167,7,CelebDF
id26_id34_0003,1,celebdf,0.45662954,8,CelebDF
id26_id34_0004,1,celebdf,0.8119898,8,CelebDF
id26_id34_0006,1,celebdf,0.6262332,8,CelebDF
id26_id35_0000,1,celebdf,0.8601603,8,CelebDF
id26_id35_0001,1,celebdf,0.73330086,6,CelebDF
id26_id35_0002,1,celebdf,0.86735004,7,CelebDF
id26_id35_0003,1,celebdf,0.3933181,8,CelebDF
id26_id35_0004,1,celebdf,0.8285748,8,CelebDF
id26_id35_0005,1,celebdf,0.8724711,8,CelebDF
id26_id35_0008,1,celebdf,0.7692438,8,CelebDF
id26_id37_0000,1,celebdf,0.7242315,8,CelebDF
id26_id37_0001,1,celebdf,0.6825471,6,CelebDF
id26_id37_0002,1,celebdf,0.73524076,7,CelebDF
id26_id37_0003,1,celebdf,0.36659136,8,CelebDF
id26_id37_0004,1,celebdf,0.87134236,8,CelebDF
id26_id37_0005,1,celebdf,0.88981473,8,CelebDF
id26_id37_0006,1,celebdf,0.7903662,8,CelebDF
id26_id37_0008,1,celebdf,0.9243158,7,CelebDF
id26_id37_0009,1,celebdf,0.8637174,7,CelebDF
id26_id38_0001,1,celebdf,0.79398656,6,CelebDF
id26_id38_0002,1,celebdf,0.859166,7,CelebDF
id26_id38_0003,1,celebdf,0.73953813,8,CelebDF
id26_id38_0004,1,celebdf,0.8562434,8,CelebDF
id26_id38_0006,1,celebdf,0.9324065,8,CelebDF
id26_id3_0000,1,celebdf,0.15550491,8,CelebDF
id26_id3_0001,1,celebdf,0.4869242,6,CelebDF
id26_id3_0002,1,celebdf,0.6893125,7,CelebDF
id26_id3_0003,1,celebdf,0.4026044,8,CelebDF
id26_id3_0004,1,celebdf,0.58751667,8,CelebDF
id26_id3_0005,1,celebdf,0.69674706,8,CelebDF
id26_id3_0006,1,celebdf,0.30530933,8,CelebDF
id26_id3_0008,1,celebdf,0.38206112,8,CelebDF
id26_id4_0001,1,celebdf,0.5711437,6,CelebDF
id26_id4_0002,1,celebdf,0.8919935,7,CelebDF
id26_id4_0003,1,celebdf,0.46424812,8,CelebDF
id26_id4_0004,1,celebdf,0.66882676,8,CelebDF
id26_id4_0006,1,celebdf,0.8644928,8,CelebDF
id26_id6_0001,1,celebdf,0.500106,6,CelebDF
id26_id6_0002,1,celebdf,0.6880359,7,CelebDF
id26_id6_0003,1,celebdf,0.6877521,8,CelebDF
id26_id6_0004,1,celebdf,0.8052181,8,CelebDF
id26_id6_0006,1,celebdf,0.5779019,8,CelebDF
id26_id9_0000,1,celebdf,0.71923184,8,CelebDF
id26_id9_0001,1,celebdf,0.5385148,6,CelebDF
id26_id9_0002,1,celebdf,0.804901,7,CelebDF
id26_id9_0003,1,celebdf,0.6592004,8,CelebDF
id26_id9_0004,1,celebdf,0.8074545,8,CelebDF
id26_id9_0005,1,celebdf,0.8713854,8,CelebDF
id26_id9_0006,1,celebdf,0.53086394,8,CelebDF
id26_id9_0008,1,celebdf,0.8937793,7,CelebDF
id26_id9_0009,1,celebdf,0.85274667,7,CelebDF
id27_0000,0,celebdf,0.003130046,8,CelebDF
id27_0001,0,celebdf,0.9095189,8,CelebDF
id27_0002,0,celebdf,0.46374005,8,CelebDF
id27_0003,0,celebdf,0.00012259146,6,CelebDF
id27_0004,0,celebdf,0.0019274435,8,CelebDF
id27_0006,0,celebdf,0.16683443,7,CelebDF
id27_0007,0,celebdf,0.74195,8,CelebDF
id27_0008,0,celebdf,0.8415687,8,CelebDF
id27_0009,0,celebdf,5.3480107e-05,8,CelebDF
id27_id19_0001,1,celebdf,0.62612295,8,CelebDF
id27_id19_0002,1,celebdf,0.69122875,8,CelebDF
id27_id19_0003,1,celebdf,0.002307017,6,CelebDF
id27_id19_0004,1,celebdf,0.025681155,8,CelebDF
id27_id19_0006,1,celebdf,0.44674614,7,CelebDF
id27_id19_0007,1,celebdf,0.9526658,8,CelebDF
id27_id19_0008,1,celebdf,0.8006683,8,CelebDF
id27_id19_0009,1,celebdf,0.67061937,8,CelebDF
id27_id20_0000,1,celebdf,0.36423787,8,CelebDF
id27_id20_0001,1,celebdf,0.7650135,8,CelebDF
id27_id20_0002,1,celebdf,0.71272385,8,CelebDF
id27_id20_0003,1,celebdf,0.022585591,6,CelebDF
id27_id20_0004,1,celebdf,0.12189729,8,CelebDF
id27_id20_0006,1,celebdf,0.76469356,7,CelebDF
id27_id20_0007,1,celebdf,0.8612525,8,CelebDF
id27_id20_0008,1,celebdf,0.84091365,8,CelebDF
id27_id20_0009,1,celebdf,0.6258809,8,CelebDF
id27_id21_0000,1,celebdf,0.16240184,8,CelebDF
id27_id21_0001,1,celebdf,0.7980091,8,CelebDF
id27_id21_0002,1,celebdf,0.5633126,8,CelebDF
id27_id21_0003,1,celebdf,0.032323863,6,CelebDF
id27_id21_0004,1,celebdf,0.059789684,8,CelebDF
id27_id21_0006,1,celebdf,0.85501546,7,CelebDF
id27_id21_0007,1,celebdf,0.87920165,8,CelebDF
id27_id21_0008,1,celebdf,0.8498494,8,CelebDF
id27_id21_0009,1,celebdf,0.8987946,8,CelebDF
id27_id22_0000,1,celebdf,0.17397308,8,CelebDF
id27_id22_0001,1,celebdf,0.28770775,8,CelebDF
id27_id22_0002,1,celebdf,0.46614653,8,CelebDF
id27_id22_0003,1,celebdf,0.16896732,6,CelebDF
id27_id22_0004,1,celebdf,0.3381451,8,CelebDF
id27_id22_0006,1,celebdf,0.9896285,7,CelebDF
id27_id22_0007,1,celebdf,0.8541758,8,CelebDF
id27_id22_0008,1,celebdf,0.6490419,8,CelebDF
id27_id22_0009,1,celebdf,0.99908,8,CelebDF
id27_id23_0001,1,celebdf,0.97776026,8,CelebDF
id27_id23_0003,1,celebdf,0.0421517,6,CelebDF
id27_id23_0004,1,celebdf,0.00328914,8,CelebDF
id27_id23_0006,1,celebdf,0.7544352,7,CelebDF
id27_id23_0007,1,celebdf,0.7812938,8,CelebDF
id27_id23_0008,1,celebdf,0.8778137,8,CelebDF
id27_id23_0009,1,celebdf,0.5537623,8,CelebDF
id27_id24_0000,1,celebdf,0.3866408,8,CelebDF
id27_id24_0001,1,celebdf,0.94024324,8,CelebDF
id27_id24_0002,1,celebdf,0.6389301,8,CelebDF
id27_id24_0003,1,celebdf,0.2296222,6,CelebDF
id27_id24_0004,1,celebdf,0.45984155,8,CelebDF
id27_id24_0006,1,celebdf,0.8924843,7,CelebDF
id27_id24_0007,1,celebdf,0.829613,8,CelebDF
id27_id24_0008,1,celebdf,0.87611026,8,CelebDF
id27_id24_0009,1,celebdf,0.9996365,8,CelebDF
id27_id25_0000,1,celebdf,0.7083365,8,CelebDF
id27_id25_0001,1,celebdf,0.9734198,8,CelebDF
id27_id25_0002,1,celebdf,0.5745935,8,CelebDF
id27_id25_0003,1,celebdf,0.614618,6,CelebDF
id27_id25_0004,1,celebdf,0.5351618,8,CelebDF
id27_id25_0006,1,celebdf,0.99738187,7,CelebDF
id27_id25_0007,1,celebdf,0.9148377,8,CelebDF
id27_id25_0008,1,celebdf,0.7464857,8,CelebDF
id27_id25_0009,1,celebdf,0.99688673,8,CelebDF
id27_id26_0000,1,celebdf,0.2748802,8,CelebDF
id27_id26_0001,1,celebdf,0.6348442,8,CelebDF
id27_id26_0002,1,celebdf,0.7688524,8,CelebDF
id27_id26_0003,1,celebdf,0.19051276,6,CelebDF
id27_id26_0004,1,celebdf,0.02948132,8,CelebDF
id27_id26_0006,1,celebdf,0.5299289,7,CelebDF
id27_id26_0007,1,celebdf,0.89667916,8,CelebDF
id27_id26_0008,1,celebdf,0.84207976,8,CelebDF
id27_id28_0000,1,celebdf,0.1618437,8,CelebDF
id27_id28_0001,1,celebdf,0.9594566,8,CelebDF
id27_id28_0002,1,celebdf,0.5751631,8,CelebDF
id27_id28_0003,1,celebdf,0.0073471502,6,CelebDF
id27_id28_0004,1,celebdf,0.30414468,8,CelebDF
id27_id28_0006,1,celebdf,0.9726038,7,CelebDF
id27_id28_0007,1,celebdf,0.8816874,8,CelebDF
id27_id28_0008,1,celebdf,0.8651457,8,CelebDF
id27_id28_0009,1,celebdf,0.7316391,8,CelebDF
id28_0000,0,celebdf,0.38365123,7,CelebDF
id28_0001,0,celebdf,0.20784731,7,CelebDF
id28_0002,0,celebdf,0.09607337,8,CelebDF
id28_0003,0,celebdf,0.11920531,8,CelebDF
id28_0004,0,celebdf,0.07593192,8,CelebDF
id28_0005,0,celebdf,0.22463241,8,CelebDF
id28_0006,0,celebdf,0.2865999,8,CelebDF
id28_0007,0,celebdf,0.101331495,8,CelebDF
id28_0008,0,celebdf,0.368805,8,CelebDF
id28_0009,0,celebdf,0.2853134,8,CelebDF
id28_id0_0000,1,celebdf,0.5887389,7,CelebDF
id28_id0_0001,1,celebdf,0.8443216,7,CelebDF
id28_id0_0002,1,celebdf,0.5244397,8,CelebDF
id28_id0_0003,1,celebdf,0.994609,8,CelebDF
id28_id0_0004,1,celebdf,0.36236808,8,CelebDF
id28_id0_0005,1,celebdf,0.597135,8,CelebDF
id28_id0_0006,1,celebdf,0.63918924,8,CelebDF
id28_id0_0007,1,celebdf,0.8857896,8,CelebDF
id28_id0_0008,1,celebdf,0.7742591,8,CelebDF
id28_id0_0009,1,celebdf,0.86757433,8,CelebDF
id28_id16_0000,1,celebdf,0.80561143,7,CelebDF
id28_id16_0001,1,celebdf,0.53020656,7,CelebDF
id28_id16_0002,1,celebdf,0.15414424,8,CelebDF
id28_id16_0003,1,celebdf,0.8569352,8,CelebDF
id28_id16_0005,1,celebdf,0.47014472,8,CelebDF
id28_id16_0006,1,celebdf,0.4566042,8,CelebDF
id28_id16_0007,1,celebdf,0.8700655,8,CelebDF
id28_id16_0008,1,celebdf,0.6724172,8,CelebDF
id28_id16_0009,1,celebdf,0.5525848,8,CelebDF
id28_id17_0000,1,celebdf,0.7633194,7,CelebDF
id28_id17_0001,1,celebdf,0.848279,7,CelebDF
id28_id17_0002,1,celebdf,0.54262245,7,CelebDF
id28_id17_0003,1,celebdf,0.9995184,8,CelebDF
id28_id17_0004,1,celebdf,0.38172448,8,CelebDF
id28_id17_0005,1,celebdf,0.78659755,8,CelebDF
id28_id17_0006,1,celebdf,0.7896206,8,CelebDF
id28_id17_0007,1,celebdf,0.89009845,8,CelebDF
id28_id17_0008,1,celebdf,0.87422293,8,CelebDF
id28_id17_0009,1,celebdf,0.7957446,8,CelebDF
id28_id19_0000,1,celebdf,0.74774987,7,CelebDF
id28_id19_0001,1,celebdf,0.8285936,7,CelebDF
id28_id19_0002,1,celebdf,0.06730466,7,CelebDF
id28_id19_0003,1,celebdf,0.88323146,8,CelebDF
id28_id19_0004,1,celebdf,0.33497757,8,CelebDF
id28_id19_0005,1,celebdf,0.3992974,8,CelebDF
id28_id19_0006,1,celebdf,0.6840461,8,CelebDF
id28_id19_0008,1,celebdf,0.7692142,8,CelebDF
id28_id19_0009,1,celebdf,0.7199816,8,CelebDF
id28_id1_0000,1,celebdf,0.6817149,7,CelebDF
id28_id1_0001,1,celebdf,0.6582143,7,CelebDF
id28_id1_0002,1,celebdf,0.47888318,7,CelebDF
id28_id1_0003,1,celebdf,0.88378066,8,CelebDF
id28_id1_0004,1,celebdf,0.14987962,8,CelebDF
id28_id1_0005,1,celebdf,0.5384363,8,CelebDF
id28_id1_0006,1,celebdf,0.3625954,8,CelebDF
id28_id1_0008,1,celebdf,0.87190163,8,CelebDF
id28_id1_0009,1,celebdf,0.7387893,8,CelebDF
id28_id20_0000,1,celebdf,0.66017073,7,CelebDF
id28_id20_0001,1,celebdf,0.8560969,7,CelebDF
id28_id20_0002,1,celebdf,0.3235348,8,CelebDF
id28_id20_0003,1,celebdf,0.9987541,8,CelebDF
id28_id20_0004,1,celebdf,0.20738259,8,CelebDF
id28_id20_0005,1,celebdf,0.39321357,8,CelebDF
id28_id20_0006,1,celebdf,0.8688779,8,CelebDF
id28_id20_0008,1,celebdf,0.6987226,8,CelebDF
id28_id20_0009,1,celebdf,0.5712418,8,CelebDF
id28_id21_0000,1,celebdf,0.72436804,7,CelebDF
id28_id21_0001,1,celebdf,0.7936476,7,CelebDF
id28_id21_0002,1,celebdf,0.5682561,7,CelebDF
id28_id21_0003,1,celebdf,0.87617874,8,CelebDF
id28_id21_0005,1,celebdf,0.55790573,8,CelebDF
id28_id21_0006,1,celebdf,0.5098086,8,CelebDF
id28_id21_0007,1,celebdf,0.8492411,8,CelebDF
id28_id21_0008,1,celebdf,0.8696257,8,CelebDF
id28_id21_0009,1,celebdf,0.86673534,8,CelebDF
id28_id22_0000,1,celebdf,0.8494891,7,CelebDF
id28_id22_0001,1,celebdf,0.4709857,7,CelebDF
id28_id22_0002,1,celebdf,0.17695329,7,CelebDF
id28_id22_0003,1,celebdf,0.9961039,8,CelebDF
id28_id22_0004,1,celebdf,0.114917986,8,CelebDF
id28_id22_0005,1,celebdf,0.35552365,8,CelebDF
id28_id22_0006,1,celebdf,0.44822073,8,CelebDF
id28_id22_0007,1,celebdf,0.87606204,8,CelebDF
id28_id22_0008,1,celebdf,0.7951027,8,CelebDF
id28_id22_0009,1,celebdf,0.65372574,8,CelebDF
id28_id23_0000,1,celebdf,0.6999113,7,CelebDF
id28_id23_0002,1,celebdf,0.55545366,7,CelebDF
id28_id23_0003,1,celebdf,0.95991826,8,CelebDF
id28_id23_0005,1,celebdf,0.686782,8,CelebDF
id28_id23_0006,1,celebdf,0.6379461,8,CelebDF
id28_id23_0008,1,celebdf,0.86771077,8,CelebDF
id28_id23_0009,1,celebdf,0.75964314,8,CelebDF
id28_id24_0000,1,celebdf,0.877974,7,CelebDF
id28_id24_0001,1,celebdf,0.76707715,7,CelebDF
id28_id24_0002,1,celebdf,0.28523746,8,CelebDF
id28_id24_0003,1,celebdf,0.9178536,8,CelebDF
id28_id24_0004,1,celebdf,0.22781073,8,CelebDF
id28_id24_0005,1,celebdf,0.5403845,8,CelebDF
id28_id24_0006,1,celebdf,0.47332406,8,CelebDF
id28_id24_0008,1,celebdf,0.8729435,8,CelebDF
id28_id24_0009,1,celebdf,0.61663145,8,CelebDF
id28_id25_0000,1,celebdf,0.90011984,7,CelebDF
id28_id25_0001,1,celebdf,0.81319916,7,CelebDF
id28_id25_0002,1,celebdf,0.7446022,7,CelebDF
id28_id25_0004,1,celebdf,0.49128494,8,CelebDF
id28_id25_0005,1,celebdf,0.74377286,8,CelebDF
id28_id25_0006,1,celebdf,0.7850516,8,CelebDF
id28_id25_0008,1,celebdf,0.8708328,8,CelebDF
id28_id25_0009,1,celebdf,0.8480591,8,CelebDF
id28_id26_0000,1,celebdf,0.7951115,7,CelebDF
id28_id26_0001,1,celebdf,0.6251195,7,CelebDF
id28_id26_0002,1,celebdf,0.565119,8,CelebDF
id28_id26_0003,1,celebdf,0.9944781,8,CelebDF
id28_id26_0004,1,celebdf,0.16029444,8,CelebDF
id28_id26_0005,1,celebdf,0.5682712,8,CelebDF
id28_id26_0006,1,celebdf,0.6354019,8,CelebDF
id28_id26_0007,1,celebdf,0.9315091,8,CelebDF
id28_id26_0008,1,celebdf,0.6923563,8,CelebDF
id28_id26_0009,1,celebdf,0.606405,8,CelebDF
id28_id27_0000,1,celebdf,0.8097248,7,CelebDF
id28_id27_0001,1,celebdf,0.6714363,7,CelebDF
id28_id27_0002,1,celebdf,0.42034802,7,CelebDF
id28_id27_0004,1,celebdf,0.31344655,8,CelebDF
id28_id27_0005,1,celebdf,0.6001624,8,CelebDF
id28_id27_0006,1,celebdf,0.66860265,8,CelebDF
id28_id27_0007,1,celebdf,0.8719542,8,CelebDF
id28_id27_0008,1,celebdf,0.87420803,8,CelebDF
id28_id27_0009,1,celebdf,0.84755397,8,CelebDF
id28_id29_0000,1,celebdf,0.78353137,7,CelebDF
id28_id29_0001,1,celebdf,0.8137382,7,CelebDF
id28_id29_0002,1,celebdf,0.7581957,7,CelebDF
id28_id29_0003,1,celebdf,0.8885803,8,CelebDF
id28_id29_0005,1,celebdf,0.44997418,8,CelebDF
id28_id29_0006,1,celebdf,0.4029893,8,CelebDF
id28_id29_0007,1,celebdf,0.86791795,8,CelebDF
id28_id29_0008,1,celebdf,0.8583198,8,CelebDF
id28_id29_0009,1,celebdf,0.85183585,8,CelebDF
id28_id2_0000,1,celebdf,0.30812278,7,CelebDF
id28_id2_0001,1,celebdf,0.57301897,7,CelebDF
id28_id2_0002,1,celebdf,0.05548696,7,CelebDF
id28_id2_0003,1,celebdf,0.7469258,8,CelebDF
id28_id2_0004,1,celebdf,0.1978066,8,CelebDF
id28_id2_0005,1,celebdf,0.3926427,8,CelebDF
id28_id2_0006,1,celebdf,0.57059944,8,CelebDF
id28_id2_0007,1,celebdf,0.7542431,8,CelebDF
id28_id2_0008,1,celebdf,0.72663367,8,CelebDF
id28_id2_0009,1,celebdf,0.6003595,8,CelebDF
id28_id30_0000,1,celebdf,0.8525175,7,CelebDF
id28_id30_0001,1,celebdf,0.69060576,7,CelebDF
id28_id30_0002,1,celebdf,0.5320099,7,CelebDF
id28_id30_0003,1,celebdf,0.9525567,8,CelebDF
id28_id30_0004,1,celebdf,0.1824095,8,CelebDF
id28_id30_0005,1,celebdf,0.7105264,8,CelebDF
id28_id30_0006,1,celebdf,0.3993502,8,CelebDF
id28_id30_0007,1,celebdf,0.87602884,8,CelebDF
id28_id30_0008,1,celebdf,0.8702574,8,CelebDF
id28_id30_0009,1,celebdf,0.7967836,8,CelebDF
id28_id31_0000,1,celebdf,0.8250443,7,CelebDF
id28_id31_0001,1,celebdf,0.8549515,7,CelebDF
id28_id31_0002,1,celebdf,0.6480923,8,CelebDF
id28_id31_0004,1,celebdf,0.569247,8,CelebDF
id28_id31_0006,1,celebdf,0.8745556,8,CelebDF
id28_id31_0007,1,celebdf,0.92203486,8,CelebDF
id28_id31_0008,1,celebdf,0.87366045,8,CelebDF
id28_id31_0009,1,celebdf,0.6823215,8,CelebDF
id28_id32_0000,1,celebdf,0.7284135,7,CelebDF
id28_id32_0001,1,celebdf,0.5838499,7,CelebDF
id28_id32_0002,1,celebdf,0.2952103,7,CelebDF
id28_id32_0003,1,celebdf,0.9510809,8,CelebDF
id28_id32_0004,1,celebdf,0.48348933,8,CelebDF
id28_id32_0005,1,celebdf,0.6565143,8,CelebDF
id28_id32_0006,1,celebdf,0.50798357,8,CelebDF
id28_id32_0007,1,celebdf,0.82888407,8,CelebDF
id28_id32_0008,1,celebdf,0.8600175,8,CelebDF
id28_id32_0009,1,celebdf,0.74371386,8,CelebDF
id28_id33_0000,1,celebdf,0.4947926,7,CelebDF
id28_id33_0002,1,celebdf,0.52920514,7,CelebDF
id28_id33_0003,1,celebdf,0.8702711,8,CelebDF
id28_id33_0005,1,celebdf,0.7362345,8,CelebDF
id28_id33_0006,1,celebdf,0.65333474,8,CelebDF
id28_id33_0007,1,celebdf,0.85733384,8,CelebDF
id28_id33_0008,1,celebdf,0.86494267,8,CelebDF
id28_id33_0009,1,celebdf,0.7485911,8,CelebDF
id28_id34_0000,1,celebdf,0.8049822,7,CelebDF
id28_id34_0001,1,celebdf,0.76726323,7,CelebDF
id28_id34_0002,1,celebdf,0.49964172,7,CelebDF
id28_id34_0003,1,celebdf,0.90462625,8,CelebDF
id28_id34_0005,1,celebdf,0.5773767,8,CelebDF
id28_id34_0006,1,celebdf,0.5800071,8,CelebDF
id28_id34_0008,1,celebdf,0.65883046,8,CelebDF
id28_id34_0009,1,celebdf,0.7439862,8,CelebDF
id28_id35_0000,1,celebdf,0.8235119,7,CelebDF
id28_id35_0001,1,celebdf,0.8535754,7,CelebDF
id28_id35_0002,1,celebdf,0.39595547,7,CelebDF
id28_id35_0003,1,celebdf,0.9905091,8,CelebDF
id28_id35_0004,1,celebdf,0.10785364,8,CelebDF
id28_id35_0005,1,celebdf,0.64925927,8,CelebDF
id28_id35_0006,1,celebdf,0.5724646,8,CelebDF
id28_id35_0008,1,celebdf,0.8724121,8,CelebDF
id28_id35_0009,1,celebdf,0.72463447,8,CelebDF
id28_id37_0000,1,celebdf,0.8520244,7,CelebDF
id28_id37_0001,1,celebdf,0.712843,7,CelebDF
id28_id37_0002,1,celebdf,0.72486883,7,CelebDF
id28_id37_0003,1,celebdf,0.9646628,8,CelebDF
id28_id37_0004,1,celebdf,0.4988752,8,CelebDF
id28_id37_0005,1,celebdf,0.5339434,8,CelebDF
id28_id37_0006,1,celebdf,0.56819236,8,CelebDF
id28_id37_0007,1,celebdf,0.88753116,8,CelebDF
id28_id37_0008,1,celebdf,0.8717739,8,CelebDF
id28_id37_0009,1,celebdf,0.86228263,8,CelebDF
id28_id38_0000,1,celebdf,0.86196464,7,CelebDF
id28_id38_0001,1,celebdf,0.76939803,7,CelebDF
id28_id38_0002,1,celebdf,0.69722563,7,CelebDF
id28_id38_0003,1,celebdf,0.99479765,8,CelebDF
id28_id38_0004,1,celebdf,0.3453653,8,CelebDF
id28_id38_0005,1,celebdf,0.6521998,8,CelebDF
id28_id38_0006,1,celebdf,0.6586857,8,CelebDF
id28_id38_0007,1,celebdf,0.95988,8,CelebDF
id28_id38_0008,1,celebdf,0.8717883,8,CelebDF
id28_id38_0009,1,celebdf,0.780479,8,CelebDF
id28_id3_0000,1,celebdf,0.44058487,7,CelebDF
id28_id3_0001,1,celebdf,0.46152812,7,CelebDF
id28_id3_0002,1,celebdf,0.10625652,7,CelebDF
id28_id3_0003,1,celebdf,0.7699777,8,CelebDF
id28_id3_0004,1,celebdf,0.053798832,8,CelebDF
id28_id3_0005,1,celebdf,0.22897305,8,CelebDF
id28_id3_0006,1,celebdf,0.2228559,8,CelebDF
id28_id3_0007,1,celebdf,0.6806919,8,CelebDF
id28_id3_0008,1,celebdf,0.6290511,8,CelebDF
id28_id3_0009,1,celebdf,0.5343076,8,CelebDF
id28_id4_0000,1,celebdf,0.9906172,7,CelebDF
id28_id4_0001,1,celebdf,0.60264426,7,CelebDF
id28_id4_0002,1,celebdf,0.7599564,7,CelebDF
id28_id4_0003,1,celebdf,0.9927479,8,CelebDF
id28_id4_0004,1,celebdf,0.45363557,8,CelebDF
id28_id4_0005,1,celebdf,0.6198374,8,CelebDF
id28_id4_0006,1,celebdf,0.26638928,8,CelebDF
id28_id4_0008,1,celebdf,0.86740834,8,CelebDF
id28_id4_0009,1,celebdf,0.77661175,8,CelebDF
id28_id6_0000,1,celebdf,0.8287877,7,CelebDF
id28_id6_0001,1,celebdf,0.8379465,7,CelebDF
id28_id6_0002,1,celebdf,0.14201984,7,CelebDF
id28_id6_0003,1,celebdf,0.8505576,8,CelebDF
id28_id6_0004,1,celebdf,0.08128023,8,CelebDF
id28_id6_0005,1,celebdf,0.42201242,8,CelebDF
id28_id6_0006,1,celebdf,0.42404112,8,CelebDF
id28_id6_0007,1,celebdf,0.89628804,8,CelebDF
id28_id6_0008,1,celebdf,0.66952324,8,CelebDF
id28_id6_0009,1,celebdf,0.5696997,8,CelebDF
id28_id9_0000,1,celebdf,0.7628294,7,CelebDF
id28_id9_0001,1,celebdf,0.7980832,7,CelebDF
id28_id9_0002,1,celebdf,0.024023911,7,CelebDF
id28_id9_0003,1,celebdf,0.97450703,8,CelebDF
id28_id9_0004,1,celebdf,0.20680782,8,CelebDF
id28_id9_0005,1,celebdf,0.551653,8,CelebDF
id28_id9_0006,1,celebdf,0.63472337,8,CelebDF
id28_id9_0007,1,celebdf,0.88797295,8,CelebDF
id28_id9_0008,1,celebdf,0.8570358,8,CelebDF
id28_id9_0009,1,celebdf,0.78115875,8,CelebDF
id29_0000,0,celebdf,0.09470401,8,CelebDF
id29_0001,0,celebdf,0.012176591,6,CelebDF
id29_0002,0,celebdf,0.08402526,7,CelebDF
id29_0003,0,celebdf,0.021587502,8,CelebDF
id29_0004,0,celebdf,0.63637424,8,CelebDF
id29_0005,0,celebdf,0.06872404,4,CelebDF
id29_0006,0,celebdf,0.27190843,7,CelebDF
id29_0007,0,celebdf,0.00096567126,8,CelebDF
id29_0008,0,celebdf,0.34832954,8,CelebDF
id29_0009,0,celebdf,0.42427534,7,CelebDF
id29_id20_0000,1,celebdf,0.5114488,8,CelebDF
id29_id20_0004,1,celebdf,0.83174765,7,CelebDF
id29_id20_0005,1,celebdf,0.67876065,8,CelebDF
id29_id20_0006,1,celebdf,0.6135155,8,CelebDF
id29_id20_0007,1,celebdf,0.0053477725,8,CelebDF
id29_id20_0008,1,celebdf,0.8829619,8,CelebDF
id29_id20_0009,1,celebdf,0.5734981,7,CelebDF
id29_id21_0000,1,celebdf,0.43194446,8,CelebDF
id29_id21_0003,1,celebdf,0.6180053,8,CelebDF
id29_id21_0004,1,celebdf,0.85605764,7,CelebDF
id29_id21_0005,1,celebdf,0.37836227,6,CelebDF
id29_id21_0006,1,celebdf,0.52004385,8,CelebDF
id29_id21_0008,1,celebdf,0.782449,8,CelebDF
id29_id21_0009,1,celebdf,0.45472834,7,CelebDF
id29_id23_0000,1,celebdf,0.36998224,8,CelebDF
id29_id23_0002,1,celebdf,0.19095206,7,CelebDF
id29_id23_0003,1,celebdf,0.5360743,8,CelebDF
id29_id23_0005,1,celebdf,0.40861037,6,CelebDF
id29_id23_0006,1,celebdf,0.533476,8,CelebDF
id29_id23_0007,1,celebdf,0.0047837747,8,CelebDF
id29_id26_0000,1,celebdf,0.584659,8,CelebDF
id29_id26_0003,1,celebdf,0.7480701,8,CelebDF
id29_id26_0004,1,celebdf,0.87466604,8,CelebDF
id29_id26_0005,1,celebdf,0.47604623,8,CelebDF
id29_id26_0006,1,celebdf,0.5886841,8,CelebDF
id29_id26_0007,1,celebdf,0.152539,8,CelebDF
id29_id26_0008,1,celebdf,0.75894606,8,CelebDF
id29_id26_0009,1,celebdf,0.6147709,7,CelebDF
id29_id28_0000,1,celebdf,0.5028586,8,CelebDF
id29_id28_0003,1,celebdf,0.5986084,8,CelebDF
id29_id28_0004,1,celebdf,0.8570418,7,CelebDF
id29_id28_0005,1,celebdf,0.2472769,6,CelebDF
id29_id28_0006,1,celebdf,0.43626755,8,CelebDF
id29_id28_0007,1,celebdf,0.0627653,8,CelebDF
id29_id28_0008,1,celebdf,0.7618195,8,CelebDF
id29_id28_0009,1,celebdf,0.6400081,7,CelebDF
id29_id30_0000,1,celebdf,0.4627023,8,CelebDF
id29_id30_0002,1,celebdf,0.41864055,7,CelebDF
id29_id30_0003,1,celebdf,0.5681467,8,CelebDF
id29_id30_0004,1,celebdf,0.85503995,7,CelebDF
id29_id30_0005,1,celebdf,0.18547833,6,CelebDF
id29_id30_0006,1,celebdf,0.71154183,8,CelebDF
id29_id30_0007,1,celebdf,0.07970118,8,CelebDF
id29_id30_0008,1,celebdf,0.6792695,8,CelebDF
id29_id30_0009,1,celebdf,0.8231401,6,CelebDF
id29_id31_0000,1,celebdf,0.38492575,8,CelebDF
id29_id31_0003,1,celebdf,0.73427415,8,CelebDF
id29_id31_0004,1,celebdf,0.8327615,6,CelebDF
id29_id31_0005,1,celebdf,0.5657484,6,CelebDF
id29_id31_0006,1,celebdf,0.71388495,8,CelebDF
id29_id31_0007,1,celebdf,0.001506917,8,CelebDF
id29_id31_0009,1,celebdf,0.7199709,7,CelebDF
id29_id32_0000,1,celebdf,0.4074995,8,CelebDF
id29_id32_0001,1,celebdf,0.18392916,6,CelebDF
id29_id32_0002,1,celebdf,0.33589485,7,CelebDF
id29_id32_0003,1,celebdf,0.61371094,8,CelebDF
id29_id32_0005,1,celebdf,0.20477219,6,CelebDF
id29_id32_0006,1,celebdf,0.48937452,8,CelebDF
id29_id32_0007,1,celebdf,0.0010881039,8,CelebDF
id29_id33_0000,1,celebdf,0.56649977,8,CelebDF
id29_id33_0002,1,celebdf,0.44608635,7,CelebDF
id29_id33_0003,1,celebdf,0.71002364,8,CelebDF
id29_id33_0005,1,celebdf,0.27181143,6,CelebDF
id29_id33_0006,1,celebdf,0.61863554,8,CelebDF
id29_id33_0007,1,celebdf,0.0015542347,8,CelebDF
id29_id33_0009,1,celebdf,0.66952324,7,CelebDF
id29_id34_0000,1,celebdf,0.38612682,8,CelebDF
id29_id34_0001,1,celebdf,0.0006047283,6,CelebDF
id29_id34_0002,1,celebdf,0.42675394,7,CelebDF
id29_id34_0003,1,celebdf,0.65735626,8,CelebDF
id29_id34_0004,1,celebdf,0.8568292,7,CelebDF
id29_id34_0005,1,celebdf,0.10330557,6,CelebDF
id29_id34_0006,1,celebdf,0.52795875,8,CelebDF
id29_id34_0007,1,celebdf,0.001227667,8,CelebDF
id29_id34_0008,1,celebdf,0.771684,8,CelebDF
id29_id34_0009,1,celebdf,0.82092094,6,CelebDF
id29_id35_0000,1,celebdf,0.49992687,8,CelebDF
id29_id35_0002,1,celebdf,0.2633581,7,CelebDF
id29_id35_0003,1,celebdf,0.6009364,8,CelebDF
id29_id35_0005,1,celebdf,0.58386654,6,CelebDF
id29_id35_0006,1,celebdf,0.59699416,8,CelebDF
id29_id35_0007,1,celebdf,0.033856,8,CelebDF
id29_id35_0008,1,celebdf,0.81241953,8,CelebDF
id29_id35_0009,1,celebdf,0.6141352,7,CelebDF
id29_id37_0000,1,celebdf,0.5042971,8,CelebDF
id29_id37_0002,1,celebdf,0.4330897,7,CelebDF
id29_id37_0003,1,celebdf,0.7343014,8,CelebDF
id29_id37_0004,1,celebdf,0.85535896,7,CelebDF
id29_id37_0005,1,celebdf,0.35091388,6,CelebDF
id29_id37_0006,1,celebdf,0.50583863,8,CelebDF
id29_id37_0007,1,celebdf,0.047049206,8,CelebDF
id29_id37_0008,1,celebdf,0.64342093,8,CelebDF
id29_id37_0009,1,celebdf,0.7170825,7,CelebDF
id29_id38_0000,1,celebdf,0.41118804,8,CelebDF
id29_id38_0001,1,celebdf,0.12919192,6,CelebDF
id29_id38_0002,1,celebdf,0.5941712,7,CelebDF
id29_id38_0003,1,celebdf,0.648739,8,CelebDF
id29_id38_0004,1,celebdf,0.85700184,7,CelebDF
id29_id38_0005,1,celebdf,0.36634922,6,CelebDF
id29_id38_0006,1,celebdf,0.6700648,8,CelebDF
id29_id38_0007,1,celebdf,0.08990481,8,CelebDF
id29_id38_0008,1,celebdf,0.85438204,8,CelebDF
id29_id38_0009,1,celebdf,0.7776994,7,CelebDF
id2_0000,0,celebdf,0.02627228,8,CelebDF
id2_0001,0,celebdf,0.24438109,8,CelebDF
id2_0002,0,celebdf,0.059592597,8,CelebDF
id2_0003,0,celebdf,0.047989767,7,CelebDF
id2_0004,0,celebdf,0.009368848,8,CelebDF
id2_0005,0,celebdf,0.0030702213,8,CelebDF
id2_0006,0,celebdf,0.0191315,7,CelebDF
id2_0007,0,celebdf,0.030470114,8,CelebDF
id2_0008,0,celebdf,0.00025289587,8,CelebDF
id2_0009,0,celebdf,0.059933603,6,CelebDF
id2_id0_0000,1,celebdf,0.8037108,8,CelebDF
id2_id0_0001,1,celebdf,0.8766783,8,CelebDF
id2_id0_0002,1,celebdf,0.81048626,8,CelebDF
id2_id0_0003,1,celebdf,0.26845828,7,CelebDF
id2_id0_0004,1,celebdf,0.45232528,8,CelebDF
id2_id0_0005,1,celebdf,0.7569287,8,CelebDF
id2_id0_0006,1,celebdf,0.8194266,7,CelebDF
id2_id0_0007,1,celebdf,0.79398423,8,CelebDF
id2_id0_0008,1,celebdf,0.87704515,8,CelebDF
id2_id0_0009,1,celebdf,0.30203614,6,CelebDF
id2_id16_0000,1,celebdf,0.63854396,8,CelebDF
id2_id16_0001,1,celebdf,0.82126015,8,CelebDF
id2_id16_0002,1,celebdf,0.8467143,8,CelebDF
id2_id16_0003,1,celebdf,0.6530404,7,CelebDF
id2_id16_0004,1,celebdf,0.2151138,8,CelebDF
id2_id16_0005,1,celebdf,0.6367193,8,CelebDF
id2_id16_0006,1,celebdf,0.6900311,7,CelebDF
id2_id16_0007,1,celebdf,0.88623995,8,CelebDF
id2_id16_0008,1,celebdf,0.8742256,8,CelebDF
id2_id16_0009,1,celebdf,0.326713,6,CelebDF
id2_id17_0000,1,celebdf,0.8688898,8,CelebDF
id2_id17_0001,1,celebdf,0.8748721,8,CelebDF
id2_id17_0002,1,celebdf,0.99683094,8,CelebDF
id2_id17_0003,1,celebdf,0.823557,7,CelebDF
id2_id17_0004,1,celebdf,0.28836,8,CelebDF
id2_id17_0005,1,celebdf,0.84897834,8,CelebDF
id2_id17_0006,1,celebdf,0.8448237,7,CelebDF
id2_id17_0007,1,celebdf,0.96669537,8,CelebDF
id2_id17_0008,1,celebdf,0.9600756,8,CelebDF
id2_id17_0009,1,celebdf,0.5216175,6,CelebDF
id2_id1_0000,1,celebdf,0.86196667,8,CelebDF
id2_id1_0001,1,celebdf,0.84313625,8,CelebDF
id2_id1_0002,1,celebdf,0.73383045,8,CelebDF
id2_id1_0003,1,celebdf,0.42401218,7,CelebDF
id2_id1_0004,1,celebdf,0.18250446,8,CelebDF
id2_id1_0005,1,celebdf,0.7385731,8,CelebDF
id2_id1_0006,1,celebdf,0.4411039,7,CelebDF
id2_id1_0007,1,celebdf,0.8740189,8,CelebDF
id2_id1_0008,1,celebdf,0.87351406,8,CelebDF
id2_id1_0009,1,celebdf,0.5340009,6,CelebDF
id2_id20_0000,1,celebdf,0.8369387,8,CelebDF
id2_id20_0001,1,celebdf,0.94946206,8,CelebDF
id2_id20_0002,1,celebdf,0.9493443,8,CelebDF
id2_id20_0003,1,celebdf,0.6370581,7,CelebDF
id2_id20_0004,1,celebdf,0.3344028,8,CelebDF
id2_id20_0005,1,celebdf,0.8399934,8,CelebDF
id2_id20_0006,1,celebdf,0.86024946,7,CelebDF
id2_id20_0007,1,celebdf,0.87510985,8,CelebDF
id2_id20_0008,1,celebdf,0.9997084,8,CelebDF
id2_id20_0009,1,celebdf,0.6910216,6,CelebDF
id2_id21_0000,1,celebdf,0.87090576,8,CelebDF
id2_id21_0001,1,celebdf,0.87446475,8,CelebDF
id2_id21_0002,1,celebdf,0.9457824,8,CelebDF
id2_id21_0003,1,celebdf,0.26907307,7,CelebDF
id2_id21_0005,1,celebdf,0.952907,8,CelebDF
id2_id21_0006,1,celebdf,0.8251943,7,CelebDF
id2_id21_0007,1,celebdf,0.8751195,8,CelebDF
id2_id21_0008,1,celebdf,0.9996217,8,CelebDF
id2_id21_0009,1,celebdf,0.683871,6,CelebDF
id2_id23_0000,1,celebdf,0.8741135,8,CelebDF
id2_id23_0001,1,celebdf,0.86898524,8,CelebDF
id2_id23_0002,1,celebdf,0.99710184,8,CelebDF
id2_id23_0003,1,celebdf,0.74219483,7,CelebDF
id2_id23_0004,1,celebdf,0.3732934,8,CelebDF
id2_id23_0005,1,celebdf,0.74839085,8,CelebDF
id2_id23_0006,1,celebdf,0.8322802,7,CelebDF
id2_id23_0008,1,celebdf,0.99916726,8,CelebDF
id2_id23_0009,1,celebdf,0.68402344,6,CelebDF
id2_id26_0000,1,celebdf,0.8724847,8,CelebDF
id2_id26_0001,1,celebdf,0.9304716,8,CelebDF
id2_id26_0003,1,celebdf,0.598776,8,CelebDF
id2_id26_0004,1,celebdf,0.34004337,8,CelebDF
id2_id26_0005,1,celebdf,0.9935962,8,CelebDF
id2_id26_0006,1,celebdf,0.83384216,7,CelebDF
id2_id26_0007,1,celebdf,0.8791112,8,CelebDF
id2_id26_0008,1,celebdf,0.9246914,8,CelebDF
id2_id26_0009,1,celebdf,0.82983655,6,CelebDF
id2_id28_0000,1,celebdf,0.87396073,8,CelebDF
id2_id28_0001,1,celebdf,0.98950183,8,CelebDF
id2_id28_0002,1,celebdf,0.9177275,8,CelebDF
id2_id28_0003,1,celebdf,0.6660544,7,CelebDF
id2_id28_0004,1,celebdf,0.278239,8,CelebDF
id2_id28_0005,1,celebdf,0.81008583,8,CelebDF
id2_id28_0006,1,celebdf,0.8478154,7,CelebDF
id2_id28_0007,1,celebdf,0.8754096,8,CelebDF
id2_id28_0008,1,celebdf,0.9998806,8,CelebDF
id2_id28_0009,1,celebdf,0.73928714,6,CelebDF
id2_id30_0000,1,celebdf,0.87354857,8,CelebDF
id2_id30_0001,1,celebdf,0.82014245,8,CelebDF
id2_id30_0002,1,celebdf,0.881117,8,CelebDF
id2_id30_0003,1,celebdf,0.73344773,7,CelebDF
id2_id30_0004,1,celebdf,0.5070083,8,CelebDF
id2_id30_0005,1,celebdf,0.95060515,8,CelebDF
id2_id30_0006,1,celebdf,0.8561416,7,CelebDF
id2_id30_0007,1,celebdf,0.8875319,8,CelebDF
id2_id30_0008,1,celebdf,0.99313307,8,CelebDF
id2_id30_0009,1,celebdf,0.78049487,6,CelebDF
id2_id31_0002,1,celebdf,0.99682754,8,CelebDF
id2_id31_0003,1,celebdf,0.78678364,7,CelebDF
id2_id31_0006,1,celebdf,0.87831813,7,CelebDF
id2_id31_0007,1,celebdf,0.87661546,8,CelebDF
id2_id31_0008,1,celebdf,0.9997907,8,CelebDF
id2_id35_0000,1,celebdf,0.85868293,8,CelebDF
id2_id35_0001,1,celebdf,0.8513746,8,CelebDF
id2_id35_0002,1,celebdf,0.8781007,8,CelebDF
id2_id35_0003,1,celebdf,0.68456036,8,CelebDF
id2_id35_0004,1,celebdf,0.4232471,8,CelebDF
id2_id35_0005,1,celebdf,0.93749464,8,CelebDF
id2_id35_0006,1,celebdf,0.85957044,7,CelebDF
id2_id35_0007,1,celebdf,0.87810826,8,CelebDF
id2_id35_0008,1,celebdf,0.9999848,8,CelebDF
id2_id35_0009,1,celebdf,0.6941047,6,CelebDF
id2_id37_0000,1,celebdf,0.8739637,8,CelebDF
id2_id37_0001,1,celebdf,0.87724316,8,CelebDF
id2_id37_0002,1,celebdf,0.9911731,8,CelebDF
id2_id37_0003,1,celebdf,0.81714135,7,CelebDF
id2_id37_0005,1,celebdf,0.886549,8,CelebDF
id2_id37_0006,1,celebdf,0.96032864,7,CelebDF
id2_id37_0007,1,celebdf,0.87789965,8,CelebDF
id2_id37_0008,1,celebdf,0.99948984,8,CelebDF
id2_id37_0009,1,celebdf,0.8115364,6,CelebDF
id2_id3_0000,1,celebdf,0.41519007,8,CelebDF
id2_id3_0001,1,celebdf,0.8622243,8,CelebDF
id2_id3_0002,1,celebdf,0.49433613,8,CelebDF
id2_id3_0003,1,celebdf,0.33722958,7,CelebDF
id2_id3_0004,1,celebdf,0.3400175,8,CelebDF
id2_id3_0005,1,celebdf,0.16563344,8,CelebDF
id2_id3_0006,1,celebdf,0.40589443,7,CelebDF
id2_id3_0007,1,celebdf,0.8411496,8,CelebDF
id2_id3_0008,1,celebdf,0.86440516,8,CelebDF
id2_id3_0009,1,celebdf,0.0572184,6,CelebDF
id2_id4_0000,1,celebdf,0.8775396,8,CelebDF
id2_id4_0001,1,celebdf,0.8657535,8,CelebDF
id2_id4_0002,1,celebdf,0.7487067,8,CelebDF
id2_id4_0003,1,celebdf,0.3270049,7,CelebDF
id2_id4_0006,1,celebdf,0.6716918,7,CelebDF
id2_id4_0007,1,celebdf,0.94117296,8,CelebDF
id2_id4_0008,1,celebdf,0.8840203,8,CelebDF
id2_id4_0009,1,celebdf,0.45571113,6,CelebDF
id2_id6_0001,1,celebdf,0.80350226,8,CelebDF
id2_id6_0002,1,celebdf,0.86947423,8,CelebDF
id2_id6_0003,1,celebdf,0.71222484,7,CelebDF
id2_id6_0004,1,celebdf,0.21609893,8,CelebDF
id2_id6_0005,1,celebdf,0.22456823,8,CelebDF
id2_id6_0006,1,celebdf,0.5100929,7,CelebDF
id2_id6_0007,1,celebdf,0.87229425,8,CelebDF
id2_id6_0008,1,celebdf,0.87326384,8,CelebDF
id2_id6_0009,1,celebdf,0.46181265,6,CelebDF
id2_id9_0000,1,celebdf,0.86489606,8,CelebDF
id2_id9_0001,1,celebdf,0.8195801,8,CelebDF
id2_id9_0002,1,celebdf,0.86127543,8,CelebDF
id2_id9_0003,1,celebdf,0.4259283,8,CelebDF
id2_id9_0004,1,celebdf,0.20494357,8,CelebDF
id2_id9_0005,1,celebdf,0.98306423,8,CelebDF
id2_id9_0006,1,celebdf,0.83231753,7,CelebDF
id2_id9_0007,1,celebdf,0.87009424,8,CelebDF
id2_id9_0008,1,celebdf,0.8736701,8,CelebDF
id2_id9_0009,1,celebdf,0.4619328,6,CelebDF
id30_0000,0,celebdf,0.22481261,7,CelebDF
id30_0001,0,celebdf,0.12579687,6,CelebDF
id30_0002,0,celebdf,0.46070385,8,CelebDF
id30_0003,0,celebdf,0.18335097,7,CelebDF
id30_0004,0,celebdf,0.39728162,7,CelebDF
id30_0005,0,celebdf,0.38320625,8,CelebDF
id30_0006,0,celebdf,0.40392128,7,CelebDF
id30_0007,0,celebdf,0.6591991,8,CelebDF
id30_0008,0,celebdf,0.116642214,8,CelebDF
id30_0009,0,celebdf,0.5353709,8,CelebDF
id30_id16_0000,1,celebdf,0.5111027,7,CelebDF
id30_id16_0001,1,celebdf,0.34381437,6,CelebDF
id30_id16_0002,1,celebdf,0.6357144,8,CelebDF
id30_id16_0003,1,celebdf,0.6009602,8,CelebDF
id30_id16_0004,1,celebdf,0.5088014,7,CelebDF
id30_id16_0005,1,celebdf,0.537189,8,CelebDF
id30_id16_0006,1,celebdf,0.70857793,7,CelebDF
id30_id16_0007,1,celebdf,0.6512198,8,CelebDF
id30_id16_0008,1,celebdf,0.37405217,8,CelebDF
id30_id16_0009,1,celebdf,0.6193044,8,CelebDF
id30_id17_0000,1,celebdf,0.5509654,7,CelebDF
id30_id17_0001,1,celebdf,0.6156302,6,CelebDF
id30_id17_0002,1,celebdf,0.75860786,8,CelebDF
id30_id17_0003,1,celebdf,0.63805836,7,CelebDF
id30_id17_0004,1,celebdf,0.53947335,7,CelebDF
id30_id17_0005,1,celebdf,0.8184549,8,CelebDF
id30_id17_0006,1,celebdf,0.7130338,7,CelebDF
id30_id17_0007,1,celebdf,0.8716333,8,CelebDF
id30_id17_0008,1,celebdf,0.7279951,8,CelebDF
id30_id17_0009,1,celebdf,0.8689721,8,CelebDF
id30_id1_0001,1,celebdf,0.41338304,6,CelebDF
id30_id1_0003,1,celebdf,0.55674124,7,CelebDF
id30_id1_0004,1,celebdf,0.47750208,7,CelebDF
id30_id1_0005,1,celebdf,0.60056126,8,CelebDF
id30_id1_0006,1,celebdf,0.5892273,7,CelebDF
id30_id1_0007,1,celebdf,0.8729642,8,CelebDF
id30_id1_0008,1,celebdf,0.61559516,8,CelebDF
id30_id1_0009,1,celebdf,0.79052305,8,CelebDF
id30_id20_0000,1,celebdf,0.62948054,7,CelebDF
id30_id20_0001,1,celebdf,0.5320931,6,CelebDF
id30_id20_0002,1,celebdf,0.76372117,8,CelebDF
id30_id20_0003,1,celebdf,0.61385924,7,CelebDF
id30_id20_0004,1,celebdf,0.47107175,7,CelebDF
id30_id20_0005,1,celebdf,0.79051983,8,CelebDF
id30_id20_0006,1,celebdf,0.7038969,7,CelebDF
id30_id20_0007,1,celebdf,0.8369199,8,CelebDF
id30_id20_0008,1,celebdf,0.61827034,8,CelebDF
id30_id20_0009,1,celebdf,0.74861383,8,CelebDF
id30_id21_0000,1,celebdf,0.4463882,7,CelebDF
id30_id21_0001,1,celebdf,0.58493096,6,CelebDF
id30_id21_0002,1,celebdf,0.6470463,8,CelebDF
id30_id21_0003,1,celebdf,0.6384812,8,CelebDF
id30_id21_0004,1,celebdf,0.34824333,6,CelebDF
id30_id21_0005,1,celebdf,0.7556323,8,CelebDF
id30_id21_0006,1,celebdf,0.5224231,7,CelebDF
id30_id21_0007,1,celebdf,0.6433534,8,CelebDF
id30_id21_0008,1,celebdf,0.69026244,8,CelebDF
id30_id21_0009,1,celebdf,0.8488778,8,CelebDF
id30_id23_0000,1,celebdf,0.43030834,7,CelebDF
id30_id23_0001,1,celebdf,0.33326226,6,CelebDF
id30_id23_0002,1,celebdf,0.7570918,8,CelebDF
id30_id23_0003,1,celebdf,0.6135546,8,CelebDF
id30_id23_0004,1,celebdf,0.4323018,7,CelebDF
id30_id23_0005,1,celebdf,0.71902287,8,CelebDF
id30_id23_0006,1,celebdf,0.56722724,7,CelebDF
id30_id23_0007,1,celebdf,0.7408492,8,CelebDF
id30_id23_0008,1,celebdf,0.51933503,8,CelebDF
id30_id23_0009,1,celebdf,0.7824732,8,CelebDF
id30_id26_0000,1,celebdf,0.5914125,7,CelebDF
id30_id26_0001,1,celebdf,0.4497025,6,CelebDF
id30_id26_0002,1,celebdf,0.68828917,8,CelebDF
id30_id26_0003,1,celebdf,0.7014457,7,CelebDF
id30_id26_0004,1,celebdf,0.56539875,7,CelebDF
id30_id26_0005,1,celebdf,0.69692385,8,CelebDF
id30_id26_0006,1,celebdf,0.5401074,6,CelebDF
id30_id26_0007,1,celebdf,0.5274472,8,CelebDF
id30_id26_0008,1,celebdf,0.5260299,8,CelebDF
id30_id26_0009,1,celebdf,0.7477236,8,CelebDF
id30_id28_0000,1,celebdf,0.3399122,7,CelebDF
id30_id28_0001,1,celebdf,0.529001,6,CelebDF
id30_id28_0002,1,celebdf,0.70538306,8,CelebDF
id30_id28_0003,1,celebdf,0.72566324,7,CelebDF
id30_id28_0004,1,celebdf,0.55765843,7,CelebDF
id30_id28_0005,1,celebdf,0.75786144,8,CelebDF
id30_id28_0006,1,celebdf,0.6802793,7,CelebDF
id30_id28_0007,1,celebdf,0.75671256,8,CelebDF
id30_id28_0008,1,celebdf,0.7251388,8,CelebDF
id30_id28_0009,1,celebdf,0.84050614,8,CelebDF
id30_id29_0000,1,celebdf,0.5017039,7,CelebDF
id30_id29_0001,1,celebdf,0.557651,6,CelebDF
id30_id29_0002,1,celebdf,0.63759285,8,CelebDF
id30_id29_0003,1,celebdf,0.701043,7,CelebDF
id30_id29_0004,1,celebdf,0.5185707,6,CelebDF
id30_id29_0005,1,celebdf,0.7156622,8,CelebDF
id30_id29_0006,1,celebdf,0.64755523,7,CelebDF
id30_id29_0007,1,celebdf,0.8733222,8,CelebDF
id30_id29_0008,1,celebdf,0.66635966,8,CelebDF
id30_id29_0009,1,celebdf,0.7809168,8,CelebDF
id30_id2_0000,1,celebdf,0.33329576,7,CelebDF
id30_id2_0001,1,celebdf,0.3029234,6,CelebDF
id30_id2_0002,1,celebdf,0.56228584,8,CelebDF
id30_id2_0003,1,celebdf,0.5025153,8,CelebDF
id30_id2_0004,1,celebdf,0.48948684,7,CelebDF
id30_id2_0005,1,celebdf,0.42198688,8,CelebDF
id30_id2_0006,1,celebdf,0.40987542,6,CelebDF
id30_id2_0007,1,celebdf,0.7066106,8,CelebDF
id30_id2_0008,1,celebdf,0.44427997,8,CelebDF
id30_id2_0009,1,celebdf,0.7149998,8,CelebDF
id30_id31_0000,1,celebdf,0.5863625,7,CelebDF
id30_id31_0002,1,celebdf,0.742086,8,CelebDF
id30_id31_0003,1,celebdf,0.7077399,7,CelebDF
id30_id31_0004,1,celebdf,0.4883036,7,CelebDF
id30_id31_0005,1,celebdf,0.8588238,8,CelebDF
id30_id31_0006,1,celebdf,0.6135286,6,CelebDF
id30_id31_0008,1,celebdf,0.7733542,8,CelebDF
id30_id31_0009,1,celebdf,0.83105236,8,CelebDF
id30_id32_0000,1,celebdf,0.38880458,7,CelebDF
id30_id32_0001,1,celebdf,0.396704,6,CelebDF
id30_id32_0002,1,celebdf,0.6240168,8,CelebDF
id30_id32_0003,1,celebdf,0.697083,7,CelebDF
id30_id32_0004,1,celebdf,0.5245097,7,CelebDF
id30_id32_0005,1,celebdf,0.72113466,8,CelebDF
id30_id32_0006,1,celebdf,0.6275434,6,CelebDF
id30_id32_0007,1,celebdf,0.77465415,8,CelebDF
id30_id32_0008,1,celebdf,0.6990967,8,CelebDF
id30_id32_0009,1,celebdf,0.7795375,8,CelebDF
id30_id33_0000,1,celebdf,0.45768508,7,CelebDF
id30_id33_0001,1,celebdf,0.23941137,6,CelebDF
id30_id33_0002,1,celebdf,0.7360244,8,CelebDF
id30_id33_0003,1,celebdf,0.57640684,7,CelebDF
id30_id33_0004,1,celebdf,0.41831017,7,CelebDF
id30_id33_0005,1,celebdf,0.6375556,8,CelebDF
id30_id33_0006,1,celebdf,0.7084092,7,CelebDF
id30_id33_0007,1,celebdf,0.590085,8,CelebDF
id30_id33_0008,1,celebdf,0.6657314,8,CelebDF
id30_id33_0009,1,celebdf,0.7531644,8,CelebDF
id30_id34_0000,1,celebdf,0.24925971,7,CelebDF
id30_id34_0001,1,celebdf,0.29326713,6,CelebDF
id30_id34_0002,1,celebdf,0.6807333,8,CelebDF
id30_id34_0003,1,celebdf,0.70530444,7,CelebDF
id30_id34_0004,1,celebdf,0.33613178,6,CelebDF
id30_id34_0005,1,celebdf,0.6571977,8,CelebDF
id30_id34_0006,1,celebdf,0.6929069,7,CelebDF
id30_id34_0007,1,celebdf,0.8724036,8,CelebDF
id30_id34_0008,1,celebdf,0.4954548,8,CelebDF
id30_id35_0000,1,celebdf,0.58379215,7,CelebDF
id30_id35_0001,1,celebdf,0.47215727,6,CelebDF
id30_id35_0002,1,celebdf,0.8058121,8,CelebDF
id30_id35_0003,1,celebdf,0.71262825,7,CelebDF
id30_id35_0004,1,celebdf,0.5545695,7,CelebDF
id30_id35_0005,1,celebdf,0.7004466,8,CelebDF
id30_id35_0006,1,celebdf,0.62995225,7,CelebDF
id30_id35_0007,1,celebdf,0.72359425,8,CelebDF
id30_id35_0008,1,celebdf,0.48239887,8,CelebDF
id30_id35_0009,1,celebdf,0.87236696,8,CelebDF
id30_id37_0000,1,celebdf,0.44372267,7,CelebDF
id30_id37_0001,1,celebdf,0.4913267,6,CelebDF
id30_id37_0002,1,celebdf,0.7488689,8,CelebDF
id30_id37_0003,1,celebdf,0.7272035,7,CelebDF
id30_id37_0004,1,celebdf,0.68044466,7,CelebDF
id30_id37_0005,1,celebdf,0.852959,8,CelebDF
id30_id37_0006,1,celebdf,0.63745123,6,CelebDF
id30_id37_0007,1,celebdf,0.8657442,8,CelebDF
id30_id37_0008,1,celebdf,0.6649483,8,CelebDF
id30_id37_0009,1,celebdf,0.85328835,8,CelebDF
id30_id38_0000,1,celebdf,0.5733298,7,CelebDF
id30_id38_0001,1,celebdf,0.69703126,6,CelebDF
id30_id38_0002,1,celebdf,0.74673325,8,CelebDF
id30_id38_0003,1,celebdf,0.7672854,8,CelebDF
id30_id38_0004,1,celebdf,0.5830974,6,CelebDF
id30_id38_0005,1,celebdf,0.7944418,8,CelebDF
id30_id38_0006,1,celebdf,0.7109011,7,CelebDF
id30_id38_0007,1,celebdf,0.8635081,8,CelebDF
id30_id38_0008,1,celebdf,0.6381992,8,CelebDF
id30_id38_0009,1,celebdf,0.83667755,8,CelebDF
id30_id3_0001,1,celebdf,0.27848217,6,CelebDF
id30_id3_0002,1,celebdf,0.7270059,8,CelebDF
id30_id3_0005,1,celebdf,0.48788005,8,CelebDF
id30_id3_0006,1,celebdf,0.72087854,7,CelebDF
id30_id3_0007,1,celebdf,0.5950124,8,CelebDF
id30_id3_0008,1,celebdf,0.18949883,8,CelebDF
id30_id4_0000,1,celebdf,0.4378815,7,CelebDF
id30_id4_0001,1,celebdf,0.42555046,6,CelebDF
id30_id4_0002,1,celebdf,0.7121224,8,CelebDF
id30_id4_0003,1,celebdf,0.70353836,7,CelebDF
id30_id4_0004,1,celebdf,0.65116924,7,CelebDF
id30_id4_0005,1,celebdf,0.6875783,8,CelebDF
id30_id4_0006,1,celebdf,0.66882133,7,CelebDF
id30_id4_0007,1,celebdf,0.796793,8,CelebDF
id30_id4_0008,1,celebdf,0.41385332,8,CelebDF
id30_id4_0009,1,celebdf,0.6979679,8,CelebDF
id30_id6_0000,1,celebdf,0.5318933,7,CelebDF
id30_id6_0001,1,celebdf,0.35467508,6,CelebDF
id30_id6_0002,1,celebdf,0.71789366,8,CelebDF
id30_id6_0003,1,celebdf,0.42402562,7,CelebDF
id30_id6_0004,1,celebdf,0.4448975,7,CelebDF
id30_id6_0005,1,celebdf,0.62801135,8,CelebDF
id30_id6_0006,1,celebdf,0.57647157,6,CelebDF
id30_id6_0007,1,celebdf,0.7284727,8,CelebDF
id30_id6_0008,1,celebdf,0.4337229,8,CelebDF
id30_id6_0009,1,celebdf,0.65588236,8,CelebDF
id30_id9_0000,1,celebdf,0.59324104,7,CelebDF
id30_id9_0001,1,celebdf,0.45651928,6,CelebDF
id30_id9_0002,1,celebdf,0.73682916,8,CelebDF
id30_id9_0003,1,celebdf,0.4144133,7,CelebDF
id30_id9_0004,1,celebdf,0.46925524,7,CelebDF
id30_id9_0005,1,celebdf,0.7505191,8,CelebDF
id30_id9_0006,1,celebdf,0.53152686,6,CelebDF
id30_id9_0007,1,celebdf,0.6509557,8,CelebDF
id30_id9_0008,1,celebdf,0.6551139,8,CelebDF
id30_id9_0009,1,celebdf,0.7503771,8,CelebDF
id31_0000,0,celebdf,0.3782321,7,CelebDF
id31_0001,0,celebdf,0.43626684,8,CelebDF
id31_0002,0,celebdf,0.74423695,8,CelebDF
id31_0003,0,celebdf,0.811386,8,CelebDF
id31_0004,0,celebdf,0.7052255,8,CelebDF
id31_0005,0,celebdf,0.49652752,8,CelebDF
id31_0006,0,celebdf,0.74916404,8,CelebDF
id31_0007,0,celebdf,0.7102998,8,CelebDF
id31_0008,0,celebdf,0.99911314,7,CelebDF
id31_0009,0,celebdf,0.7237204,7,CelebDF
id31_id16_0000,1,celebdf,0.63275325,7,CelebDF
id31_id16_0001,1,celebdf,0.7420547,8,CelebDF
id31_id16_0002,1,celebdf,0.74808496,8,CelebDF
id31_id16_0003,1,celebdf,0.740785,8,CelebDF
id31_id16_0004,1,celebdf,0.74942905,8,CelebDF
id31_id16_0005,1,celebdf,0.8581466,8,CelebDF
id31_id16_0006,1,celebdf,0.98185074,8,CelebDF
id31_id16_0007,1,celebdf,0.7902032,8,CelebDF
id31_id16_0009,1,celebdf,0.5841917,7,CelebDF
id31_id17_0000,1,celebdf,0.84050137,7,CelebDF
id31_id17_0001,1,celebdf,0.75403094,8,CelebDF
id31_id17_0002,1,celebdf,0.7532238,8,CelebDF
id31_id17_0003,1,celebdf,0.7763811,8,CelebDF
id31_id17_0004,1,celebdf,0.8700694,8,CelebDF
id31_id17_0005,1,celebdf,0.8748064,8,CelebDF
id31_id17_0006,1,celebdf,0.8691427,8,CelebDF
id31_id17_0007,1,celebdf,0.8691879,8,CelebDF
id31_id17_0009,1,celebdf,0.7500824,7,CelebDF
id31_id1_0000,1,celebdf,0.7912666,7,CelebDF
id31_id1_0001,1,celebdf,0.71684396,8,CelebDF
id31_id1_0002,1,celebdf,0.63741755,8,CelebDF
id31_id1_0003,1,celebdf,0.7498685,8,CelebDF
id31_id1_0004,1,celebdf,0.8233072,8,CelebDF
id31_id1_0005,1,celebdf,0.87474203,8,CelebDF
id31_id1_0006,1,celebdf,0.87634706,8,CelebDF
id31_id1_0007,1,celebdf,0.6168433,8,CelebDF
id31_id1_0008,1,celebdf,0.964897,8,CelebDF
id31_id1_0009,1,celebdf,0.75173336,7,CelebDF
id31_id20_0000,1,celebdf,0.8276453,7,CelebDF
id31_id20_0001,1,celebdf,0.6798996,8,CelebDF
id31_id20_0002,1,celebdf,0.7514771,8,CelebDF
id31_id20_0003,1,celebdf,0.7634076,8,CelebDF
id31_id20_0004,1,celebdf,0.870379,8,CelebDF
id31_id20_0005,1,celebdf,0.851717,8,CelebDF
id31_id20_0006,1,celebdf,0.99474305,8,CelebDF
id31_id20_0007,1,celebdf,0.7839532,8,CelebDF
id31_id20_0008,1,celebdf,0.99988145,7,CelebDF
id31_id20_0009,1,celebdf,0.7191338,7,CelebDF
id31_id21_0000,1,celebdf,0.8505483,7,CelebDF
id31_id21_0001,1,celebdf,0.74879444,8,CelebDF
id31_id21_0002,1,celebdf,0.71481913,8,CelebDF
id31_id21_0003,1,celebdf,0.75627625,8,CelebDF
id31_id21_0004,1,celebdf,0.75297445,8,CelebDF
id31_id21_0005,1,celebdf,0.86045563,8,CelebDF
id31_id21_0006,1,celebdf,0.8870723,8,CelebDF
id31_id21_0007,1,celebdf,0.80865276,8,CelebDF
id31_id21_0008,1,celebdf,0.9957191,8,CelebDF
id31_id21_0009,1,celebdf,0.91580915,7,CelebDF
id31_id23_0000,1,celebdf,0.58172566,7,CelebDF
id31_id23_0001,1,celebdf,0.715509,8,CelebDF
id31_id23_0002,1,celebdf,0.746287,8,CelebDF
id31_id23_0003,1,celebdf,0.7511656,8,CelebDF
id31_id23_0004,1,celebdf,0.8339304,8,CelebDF
id31_id23_0005,1,celebdf,0.8709789,8,CelebDF
id31_id23_0006,1,celebdf,0.99392337,8,CelebDF
id31_id23_0007,1,celebdf,0.79716897,8,CelebDF
id31_id23_0009,1,celebdf,0.81229174,7,CelebDF
id31_id26_0000,1,celebdf,0.7341356,7,CelebDF
id31_id26_0001,1,celebdf,0.7493317,8,CelebDF
id31_id26_0002,1,celebdf,0.81407946,8,CelebDF
id31_id26_0003,1,celebdf,0.7512459,8,CelebDF
id31_id26_0004,1,celebdf,0.76526654,8,CelebDF
id31_id26_0005,1,celebdf,0.8764475,8,CelebDF
id31_id26_0006,1,celebdf,0.9968506,8,CelebDF
id31_id26_0007,1,celebdf,0.76438123,8,CelebDF
id31_id26_0009,1,celebdf,0.59645,7,CelebDF
id31_id28_0000,1,celebdf,0.7338914,7,CelebDF
id31_id28_0001,1,celebdf,0.7534715,8,CelebDF
id31_id28_0002,1,celebdf,0.75036347,8,CelebDF
id31_id28_0003,1,celebdf,0.8699754,8,CelebDF
id31_id28_0004,1,celebdf,0.75240874,8,CelebDF
id31_id28_0005,1,celebdf,0.8746907,8,CelebDF
id31_id28_0006,1,celebdf,0.9935715,8,CelebDF
id31_id28_0007,1,celebdf,0.8037326,8,CelebDF
id31_id28_0008,1,celebdf,0.9908806,8,CelebDF
id31_id28_0009,1,celebdf,0.7988676,7,CelebDF
id31_id29_0000,1,celebdf,0.8038372,7,CelebDF
id31_id29_0001,1,celebdf,0.7482314,8,CelebDF
id31_id29_0002,1,celebdf,0.7724141,8,CelebDF
id31_id29_0003,1,celebdf,0.8591041,8,CelebDF
id31_id29_0004,1,celebdf,0.86252683,8,CelebDF
id31_id29_0005,1,celebdf,0.87488735,8,CelebDF
id31_id29_0006,1,celebdf,0.98574936,8,CelebDF
id31_id29_0007,1,celebdf,0.8707515,8,CelebDF
id31_id29_0009,1,celebdf,0.8462883,7,CelebDF
id31_id2_0000,1,celebdf,0.6540707,7,CelebDF
id31_id2_0001,1,celebdf,0.7468872,8,CelebDF
id31_id2_0002,1,celebdf,0.718993,8,CelebDF
id31_id2_0003,1,celebdf,0.7495926,8,CelebDF
id31_id2_0004,1,celebdf,0.7535789,8,CelebDF
id31_id2_0005,1,celebdf,0.8450454,8,CelebDF
id31_id2_0006,1,celebdf,0.76559323,8,CelebDF
id31_id2_0007,1,celebdf,0.5307993,8,CelebDF
id31_id2_0009,1,celebdf,0.63824415,7,CelebDF
id31_id30_0000,1,celebdf,0.85252434,7,CelebDF
id31_id30_0001,1,celebdf,0.7537291,8,CelebDF
id31_id30_0002,1,celebdf,0.83423024,8,CelebDF
id31_id30_0003,1,celebdf,0.8718418,8,CelebDF
id31_id30_0004,1,celebdf,0.763838,8,CelebDF
id31_id30_0005,1,celebdf,0.8749057,8,CelebDF
id31_id30_0006,1,celebdf,0.99943715,8,CelebDF
id31_id30_0007,1,celebdf,0.8745442,8,CelebDF
id31_id30_0009,1,celebdf,0.84067076,7,CelebDF
id31_id32_0000,1,celebdf,0.8160382,7,CelebDF
id31_id32_0001,1,celebdf,0.8095375,8,CelebDF
id31_id32_0002,1,celebdf,0.7502452,8,CelebDF
id31_id32_0003,1,celebdf,0.76809657,8,CelebDF
id31_id32_0004,1,celebdf,0.7630359,8,CelebDF
id31_id32_0006,1,celebdf,0.9709861,8,CelebDF
id31_id32_0007,1,celebdf,0.86775976,8,CelebDF
id31_id32_0008,1,celebdf,0.99588275,8,CelebDF
id31_id32_0009,1,celebdf,0.68583137,7,CelebDF
id31_id33_0000,1,celebdf,0.8325887,7,CelebDF
id31_id33_0001,1,celebdf,0.7443893,8,CelebDF
id31_id33_0002,1,celebdf,0.7722833,8,CelebDF
id31_id33_0003,1,celebdf,0.8030281,8,CelebDF
id31_id33_0004,1,celebdf,0.76728547,8,CelebDF
id31_id33_0005,1,celebdf,0.8724295,8,CelebDF
id31_id33_0006,1,celebdf,0.99836165,8,CelebDF
id31_id33_0007,1,celebdf,0.86945176,8,CelebDF
id31_id33_0008,1,celebdf,0.9990137,8,CelebDF
id31_id33_0009,1,celebdf,0.7202,7,CelebDF
id31_id34_0000,1,celebdf,0.8190879,7,CelebDF
id31_id34_0001,1,celebdf,0.727531,8,CelebDF
id31_id34_0002,1,celebdf,0.7487746,8,CelebDF
id31_id34_0003,1,celebdf,0.7597918,8,CelebDF
id31_id34_0004,1,celebdf,0.87428,8,CelebDF
id31_id34_0005,1,celebdf,0.87476736,8,CelebDF
id31_id34_0006,1,celebdf,0.99955744,8,CelebDF
id31_id34_0007,1,celebdf,0.79367334,8,CelebDF
id31_id34_0008,1,celebdf,0.9997987,7,CelebDF
id31_id34_0009,1,celebdf,0.7476238,7,CelebDF
id31_id35_0000,1,celebdf,0.7825209,7,CelebDF
id31_id35_0001,1,celebdf,0.770701,8,CelebDF
id31_id35_0002,1,celebdf,0.757409,8,CelebDF
id31_id35_0003,1,celebdf,0.85982203,8,CelebDF
id31_id35_0004,1,celebdf,0.8295635,8,CelebDF
id31_id35_0005,1,celebdf,0.87451965,8,CelebDF
id31_id35_0006,1,celebdf,0.99801606,8,CelebDF
id31_id35_0007,1,celebdf,0.87274545,8,CelebDF
id31_id35_0009,1,celebdf,0.78556347,7,CelebDF
id31_id37_0000,1,celebdf,0.7111882,7,CelebDF
id31_id37_0001,1,celebdf,0.81652206,8,CelebDF
id31_id37_0002,1,celebdf,0.7526064,8,CelebDF
id31_id37_0003,1,celebdf,0.8695827,8,CelebDF
id31_id37_0004,1,celebdf,0.86129344,8,CelebDF
id31_id37_0005,1,celebdf,0.8744907,8,CelebDF
id31_id37_0006,1,celebdf,0.99908215,8,CelebDF
id31_id37_0007,1,celebdf,0.8389172,8,CelebDF
id31_id37_0008,1,celebdf,0.9997094,7,CelebDF
id31_id37_0009,1,celebdf,0.79847157,7,CelebDF
id31_id38_0000,1,celebdf,0.8468936,7,CelebDF
id31_id38_0001,1,celebdf,0.7770173,8,CelebDF
id31_id38_0002,1,celebdf,0.81322,8,CelebDF
id31_id38_0003,1,celebdf,0.87387496,8,CelebDF
id31_id38_0004,1,celebdf,0.8749141,8,CelebDF
id31_id38_0005,1,celebdf,0.87507236,8,CelebDF
id31_id38_0006,1,celebdf,0.99938005,8,CelebDF
id31_id38_0007,1,celebdf,0.874582,8,CelebDF
id31_id38_0008,1,celebdf,0.9994928,7,CelebDF
id31_id38_0009,1,celebdf,0.8236474,7,CelebDF
id31_id3_0000,1,celebdf,0.81794745,7,CelebDF
id31_id3_0001,1,celebdf,0.7046162,8,CelebDF
id31_id3_0002,1,celebdf,0.6861117,8,CelebDF
id31_id3_0003,1,celebdf,0.8236678,8,CelebDF
id31_id3_0004,1,celebdf,0.7419138,8,CelebDF
id31_id3_0005,1,celebdf,0.87361854,8,CelebDF
id31_id3_0006,1,celebdf,0.7871429,8,CelebDF
id31_id3_0007,1,celebdf,0.838781,8,CelebDF
id31_id3_0009,1,celebdf,0.5189829,7,CelebDF
id31_id4_0001,1,celebdf,0.8635412,8,CelebDF
id31_id4_0002,1,celebdf,0.82501596,8,CelebDF
id31_id4_0003,1,celebdf,0.87428033,8,CelebDF
id31_id4_0004,1,celebdf,0.7882665,8,CelebDF
id31_id4_0005,1,celebdf,0.8748891,8,CelebDF
id31_id4_0006,1,celebdf,0.9628352,8,CelebDF
id31_id4_0007,1,celebdf,0.8016844,8,CelebDF
id31_id4_0009,1,celebdf,0.71376467,7,CelebDF
id31_id6_0000,1,celebdf,0.7142201,7,CelebDF
id31_id6_0001,1,celebdf,0.7612047,8,CelebDF
id31_id6_0002,1,celebdf,0.7518776,8,CelebDF
id31_id6_0003,1,celebdf,0.77606916,8,CelebDF
id31_id6_0004,1,celebdf,0.8005412,8,CelebDF
id31_id6_0005,1,celebdf,0.87449694,8,CelebDF
id31_id6_0006,1,celebdf,0.8977781,8,CelebDF
id31_id6_0007,1,celebdf,0.79852754,8,CelebDF
id31_id6_0008,1,celebdf,0.99364567,8,CelebDF
id31_id6_0009,1,celebdf,0.70556957,7,CelebDF
id31_id9_0000,1,celebdf,0.85356605,7,CelebDF
id31_id9_0001,1,celebdf,0.7525008,8,CelebDF
id31_id9_0002,1,celebdf,0.8363947,8,CelebDF
id31_id9_0003,1,celebdf,0.8660604,8,CelebDF
id31_id9_0004,1,celebdf,0.7811279,8,CelebDF
id31_id9_0005,1,celebdf,0.8704269,8,CelebDF
id31_id9_0006,1,celebdf,0.96395075,8,CelebDF
id31_id9_0007,1,celebdf,0.86678094,8,CelebDF
id31_id9_0009,1,celebdf,0.7327188,7,CelebDF
id32_0000,0,celebdf,0.016100677,5,CelebDF
id32_0001,0,celebdf,0.0013363439,8,CelebDF
id32_0002,0,celebdf,0.7529421,8,CelebDF
id32_0003,0,celebdf,0.41833174,8,CelebDF
id32_0004,0,celebdf,0.0073981592,8,CelebDF
id32_0005,0,celebdf,2.2149621e-05,8,CelebDF
id32_0006,0,celebdf,0.14349757,2,CelebDF
id32_0007,0,celebdf,0.001373061,8,CelebDF
id32_0008,0,celebdf,0.14762866,8,CelebDF
id32_0009,0,celebdf,0.031300325,8,CelebDF
id32_id20_0000,1,celebdf,0.37581548,5,CelebDF
id32_id20_0002,1,celebdf,0.7558988,8,CelebDF
id32_id20_0005,1,celebdf,0.8729273,8,CelebDF
id32_id20_0007,1,celebdf,0.73632747,8,CelebDF
id32_id20_0008,1,celebdf,0.8742301,8,CelebDF
id32_id21_0000,1,celebdf,0.36948624,5,CelebDF
id32_id21_0002,1,celebdf,0.83003455,8,CelebDF
id32_id21_0007,1,celebdf,0.8334118,8,CelebDF
id32_id21_0008,1,celebdf,0.86294544,8,CelebDF
id32_id23_0000,1,celebdf,0.03688078,5,CelebDF
id32_id23_0002,1,celebdf,0.7466744,8,CelebDF
id32_id23_0006,1,celebdf,0.012553849,2,CelebDF
id32_id23_0007,1,celebdf,0.8655587,8,CelebDF
id32_id23_0008,1,celebdf,0.7491833,8,CelebDF
id32_id23_0009,1,celebdf,0.8582251,8,CelebDF
id32_id26_0000,1,celebdf,0.30813476,5,CelebDF
id32_id26_0002,1,celebdf,0.8267712,8,CelebDF
id32_id26_0005,1,celebdf,0.8744464,8,CelebDF
id32_id26_0006,1,celebdf,0.66829133,3,CelebDF
id32_id26_0007,1,celebdf,0.68427175,8,CelebDF
id32_id26_0008,1,celebdf,0.74533445,8,CelebDF
id32_id28_0000,1,celebdf,0.36182,5,CelebDF
id32_id28_0002,1,celebdf,0.87330735,8,CelebDF
id32_id28_0005,1,celebdf,0.8740676,8,CelebDF
id32_id28_0007,1,celebdf,0.85510033,8,CelebDF
id32_id28_0008,1,celebdf,0.8431489,8,CelebDF
id32_id29_0000,1,celebdf,0.24675508,5,CelebDF
id32_id29_0001,1,celebdf,0.71429646,8,CelebDF
id32_id29_0002,1,celebdf,0.8505606,8,CelebDF
id32_id29_0004,1,celebdf,0.8750024,8,CelebDF
id32_id29_0005,1,celebdf,0.87929004,8,CelebDF
id32_id29_0006,1,celebdf,0.009674356,2,CelebDF
id32_id29_0007,1,celebdf,0.8710921,8,CelebDF
id32_id29_0008,1,celebdf,0.87122107,8,CelebDF
id32_id30_0000,1,celebdf,0.3757502,5,CelebDF
id32_id30_0001,1,celebdf,0.81707126,8,CelebDF
id32_id30_0002,1,celebdf,0.8401688,8,CelebDF
id32_id30_0003,1,celebdf,0.9483512,8,CelebDF
id32_id30_0004,1,celebdf,0.8968626,8,CelebDF
id32_id30_0005,1,celebdf,0.8768426,8,CelebDF
id32_id30_0006,1,celebdf,0.085057236,2,CelebDF
id32_id30_0007,1,celebdf,0.81078196,8,CelebDF
id32_id30_0008,1,celebdf,0.7950835,8,CelebDF
id32_id31_0000,1,celebdf,0.42237997,5,CelebDF
id32_id31_0005,1,celebdf,0.90426016,8,CelebDF
id32_id31_0006,1,celebdf,0.25465947,2,CelebDF
id32_id31_0007,1,celebdf,0.8336597,8,CelebDF
id32_id31_0008,1,celebdf,0.76280737,8,CelebDF
id32_id31_0009,1,celebdf,0.75595874,8,CelebDF
id32_id33_0000,1,celebdf,0.40094143,5,CelebDF
id32_id33_0001,1,celebdf,0.7215258,8,CelebDF
id32_id33_0002,1,celebdf,0.8730287,8,CelebDF
id32_id33_0003,1,celebdf,0.88969946,8,CelebDF
id32_id33_0004,1,celebdf,0.9441393,8,CelebDF
id32_id33_0005,1,celebdf,0.87294257,8,CelebDF
id32_id33_0006,1,celebdf,0.49484244,2,CelebDF
id32_id33_0007,1,celebdf,0.8431437,8,CelebDF
id32_id33_0008,1,celebdf,0.7679946,8,CelebDF
id32_id33_0009,1,celebdf,0.8680802,8,CelebDF
id32_id34_0000,1,celebdf,0.23713794,5,CelebDF
id32_id34_0002,1,celebdf,0.83667123,8,CelebDF
id32_id34_0003,1,celebdf,0.87975097,8,CelebDF
id32_id34_0004,1,celebdf,0.8697814,8,CelebDF
id32_id34_0005,1,celebdf,0.8751636,8,CelebDF
id32_id34_0006,1,celebdf,0.33730277,2,CelebDF
id32_id34_0007,1,celebdf,0.8146759,8,CelebDF
id32_id34_0008,1,celebdf,0.696437,8,CelebDF
id32_id35_0000,1,celebdf,0.3336265,5,CelebDF
id32_id35_0001,1,celebdf,0.73535436,8,CelebDF
id32_id35_0002,1,celebdf,0.85831165,8,CelebDF
id32_id35_0003,1,celebdf,0.9953952,8,CelebDF
id32_id35_0004,1,celebdf,0.8722567,8,CelebDF
id32_id35_0005,1,celebdf,0.874398,8,CelebDF
id32_id35_0006,1,celebdf,0.19423394,2,CelebDF
id32_id35_0007,1,celebdf,0.72201246,8,CelebDF
id32_id35_0008,1,celebdf,0.7684349,8,CelebDF
id32_id35_0009,1,celebdf,0.72287345,8,CelebDF
id32_id37_0000,1,celebdf,0.3140748,5,CelebDF
id32_id37_0002,1,celebdf,0.8749873,8,CelebDF
id32_id37_0004,1,celebdf,0.957927,8,CelebDF
id32_id37_0005,1,celebdf,0.8755411,8,CelebDF
id32_id37_0006,1,celebdf,0.6293204,2,CelebDF
id32_id37_0007,1,celebdf,0.7204484,8,CelebDF
id32_id37_0008,1,celebdf,0.7773482,8,CelebDF
id32_id37_0009,1,celebdf,0.7603232,8,CelebDF
id32_id38_0000,1,celebdf,0.5811891,5,CelebDF
id32_id38_0002,1,celebdf,0.8740991,8,CelebDF
id32_id38_0006,1,celebdf,0.52717036,2,CelebDF
id33_0000,0,celebdf,0.13456745,7,CelebDF
id33_0001,0,celebdf,0.28586942,8,CelebDF
id33_0002,0,celebdf,0.012392642,7,CelebDF
id33_0003,0,celebdf,0.1538521,7,CelebDF
id33_0004,0,celebdf,0.31897035,7,CelebDF
id33_0005,0,celebdf,0.20508918,7,CelebDF
id33_0006,0,celebdf,0.00025164394,6,CelebDF
id33_0007,0,celebdf,0.44541788,7,CelebDF
id33_0008,0,celebdf,0.103742,5,CelebDF
id33_0009,0,celebdf,0.21722324,6,CelebDF
id33_id20_0001,1,celebdf,0.35471925,8,CelebDF
id33_id20_0003,1,celebdf,0.7074927,7,CelebDF
id33_id20_0004,1,celebdf,0.59184164,7,CelebDF
id33_id20_0005,1,celebdf,0.6031706,7,CelebDF
id33_id20_0007,1,celebdf,0.8555403,7,CelebDF
id33_id20_0009,1,celebdf,0.5567164,6,CelebDF
id33_id21_0001,1,celebdf,0.32170874,8,CelebDF
id33_id21_0002,1,celebdf,0.70656055,7,CelebDF
id33_id21_0004,1,celebdf,0.55513227,7,CelebDF
id33_id21_0005,1,celebdf,0.7036773,7,CelebDF
id33_id21_0007,1,celebdf,0.72337925,7,CelebDF
id33_id21_0009,1,celebdf,0.48984697,6,CelebDF
id33_id23_0001,1,celebdf,0.44156668,8,CelebDF
id33_id23_0002,1,celebdf,0.8454123,7,CelebDF
id33_id23_0003,1,celebdf,0.2801784,7,CelebDF
id33_id23_0004,1,celebdf,0.484247,7,CelebDF
id33_id23_0005,1,celebdf,0.55551827,7,CelebDF
id33_id23_0006,1,celebdf,0.012979611,6,CelebDF
id33_id23_0007,1,celebdf,0.8885898,7,CelebDF
id33_id23_0008,1,celebdf,0.43014747,5,CelebDF
id33_id23_0009,1,celebdf,0.64494044,6,CelebDF
id33_id26_0001,1,celebdf,0.494807,8,CelebDF
id33_id26_0002,1,celebdf,0.68649757,7,CelebDF
id33_id26_0003,1,celebdf,0.61814034,7,CelebDF
id33_id26_0004,1,celebdf,0.6735644,7,CelebDF
id33_id26_0006,1,celebdf,0.06881534,6,CelebDF
id33_id26_0009,1,celebdf,0.3856181,6,CelebDF
id33_id28_0000,1,celebdf,0.5997377,7,CelebDF
id33_id28_0001,1,celebdf,0.48411041,8,CelebDF
id33_id28_0003,1,celebdf,0.31108364,7,CelebDF
id33_id28_0004,1,celebdf,0.61738825,7,CelebDF
id33_id28_0005,1,celebdf,0.6242223,7,CelebDF
id33_id28_0008,1,celebdf,0.6272677,5,CelebDF
id33_id28_0009,1,celebdf,0.5680866,6,CelebDF
id33_id29_0000,1,celebdf,0.59462076,7,CelebDF
id33_id29_0001,1,celebdf,0.5011028,8,CelebDF
id33_id29_0002,1,celebdf,0.82561654,7,CelebDF
id33_id29_0003,1,celebdf,0.36644226,7,CelebDF
id33_id29_0004,1,celebdf,0.4932437,7,CelebDF
id33_id29_0005,1,celebdf,0.5469537,7,CelebDF
id33_id29_0006,1,celebdf,0.051147413,6,CelebDF
id33_id29_0007,1,celebdf,0.8783397,7,CelebDF
id33_id29_0008,1,celebdf,0.73961484,5,CelebDF
id33_id29_0009,1,celebdf,0.45663074,6,CelebDF
id33_id30_0000,1,celebdf,0.6268676,7,CelebDF
id33_id30_0001,1,celebdf,0.37459865,8,CelebDF
id33_id30_0002,1,celebdf,0.7087184,7,CelebDF
id33_id30_0003,1,celebdf,0.48638943,7,CelebDF
id33_id30_0004,1,celebdf,0.69830084,7,CelebDF
id33_id30_0005,1,celebdf,0.57780224,7,CelebDF
id33_id30_0006,1,celebdf,0.052838698,6,CelebDF
id33_id30_0007,1,celebdf,0.8560566,7,CelebDF
id33_id30_0008,1,celebdf,0.7755121,5,CelebDF
id33_id30_0009,1,celebdf,0.51239103,6,CelebDF
id33_id31_0000,1,celebdf,0.5496767,7,CelebDF
id33_id31_0001,1,celebdf,0.6279582,8,CelebDF
id33_id31_0002,1,celebdf,0.8612137,7,CelebDF
id33_id31_0004,1,celebdf,0.7584014,7,CelebDF
id33_id31_0006,1,celebdf,0.0636707,6,CelebDF
id33_id31_0007,1,celebdf,0.85753477,7,CelebDF
id33_id31_0008,1,celebdf,0.798275,5,CelebDF
id33_id31_0009,1,celebdf,0.67568713,6,CelebDF
id33_id32_0000,1,celebdf,0.090422235,7,CelebDF
id33_id32_0001,1,celebdf,0.5211315,8,CelebDF
id33_id32_0002,1,celebdf,0.6991059,7,CelebDF
id33_id32_0003,1,celebdf,0.6227736,7,CelebDF
id33_id32_0004,1,celebdf,0.3172278,7,CelebDF
id33_id32_0005,1,celebdf,0.6260366,7,CelebDF
id33_id32_0006,1,celebdf,0.11743104,6,CelebDF
id33_id32_0007,1,celebdf,0.67408323,7,CelebDF
id33_id32_0008,1,celebdf,0.65844303,5,CelebDF
id33_id32_0009,1,celebdf,0.3508881,6,CelebDF
id33_id34_0000,1,celebdf,0.53783476,7,CelebDF
id33_id34_0001,1,celebdf,0.43209726,8,CelebDF
id33_id34_0002,1,celebdf,0.585275,7,CelebDF
id33_id34_0003,1,celebdf,0.46786293,7,CelebDF
id33_id34_0004,1,celebdf,0.4541172,7,CelebDF
id33_id34_0005,1,celebdf,0.5487755,7,CelebDF
id33_id34_0006,1,celebdf,0.10076669,6,CelebDF
id33_id34_0007,1,celebdf,0.7506479,7,CelebDF
id33_id34_0008,1,celebdf,0.31043264,5,CelebDF
id33_id34_0009,1,celebdf,0.6419208,6,CelebDF
id33_id35_0000,1,celebdf,0.46039313,7,CelebDF
id33_id35_0001,1,celebdf,0.5059829,8,CelebDF
id33_id35_0002,1,celebdf,0.7982612,7,CelebDF
id33_id35_0003,1,celebdf,0.5961825,7,CelebDF
id33_id35_0004,1,celebdf,0.41934976,7,CelebDF
id33_id35_0005,1,celebdf,0.6349829,7,CelebDF
id33_id35_0006,1,celebdf,0.05268289,6,CelebDF
id33_id35_0007,1,celebdf,0.71049595,7,CelebDF
id33_id35_0008,1,celebdf,0.668197,5,CelebDF
id33_id35_0009,1,celebdf,0.4133674,6,CelebDF
id33_id37_0000,1,celebdf,0.38235182,7,CelebDF
id33_id37_0001,1,celebdf,0.5075787,8,CelebDF
id33_id37_0002,1,celebdf,0.90510833,7,CelebDF
id33_id37_0004,1,celebdf,0.7379775,7,CelebDF
id33_id37_0005,1,celebdf,0.6615047,7,CelebDF
id33_id37_0006,1,celebdf,0.08895134,6,CelebDF
id33_id37_0007,1,celebdf,0.84979427,7,CelebDF
id33_id37_0009,1,celebdf,0.5526137,7,CelebDF
id33_id38_0000,1,celebdf,0.7326302,7,CelebDF
id33_id38_0001,1,celebdf,0.53606206,8,CelebDF
id33_id38_0003,1,celebdf,0.63485557,7,CelebDF
id33_id38_0004,1,celebdf,0.7740239,7,CelebDF
id33_id38_0005,1,celebdf,0.5775839,7,CelebDF
id33_id38_0006,1,celebdf,0.061149683,6,CelebDF
id33_id38_0007,1,celebdf,0.86009234,7,CelebDF
id33_id38_0008,1,celebdf,0.77930814,5,CelebDF
id33_id38_0009,1,celebdf,0.65579176,6,CelebDF
id34_0000,0,celebdf,0.4814814,5,CelebDF
id34_0001,0,celebdf,0.0037597509,6,CelebDF
id34_0002,0,celebdf,0.3053693,7,CelebDF
id34_0003,0,celebdf,0.0045165303,6,CelebDF
id34_0004,0,celebdf,0.092383556,7,CelebDF
id34_0005,0,celebdf,0.015361041,7,CelebDF
id34_0006,0,celebdf,0.02194317,5,CelebDF
id34_0007,0,celebdf,0.15371145,6,CelebDF
id34_0008,0,celebdf,0.11258438,8,CelebDF
id34_0009,0,celebdf,0.1130052,6,CelebDF
id34_id20_0002,1,celebdf,0.6892304,7,CelebDF
id34_id20_0003,1,celebdf,0.39664587,6,CelebDF
id34_id20_0006,1,celebdf,0.3000064,5,CelebDF
id34_id21_0002,1,celebdf,0.67124695,7,CelebDF
id34_id21_0003,1,celebdf,0.12356821,6,CelebDF
id34_id21_0005,1,celebdf,0.5955427,7,CelebDF
id34_id21_0008,1,celebdf,0.5045143,8,CelebDF
id34_id21_0009,1,celebdf,0.7397916,7,CelebDF
id34_id23_0002,1,celebdf,0.66660255,7,CelebDF
id34_id23_0003,1,celebdf,0.06666154,6,CelebDF
id34_id23_0008,1,celebdf,0.56780326,8,CelebDF
id34_id26_0002,1,celebdf,0.71452135,7,CelebDF
id34_id26_0003,1,celebdf,0.32410374,6,CelebDF
id34_id26_0005,1,celebdf,0.8549849,7,CelebDF
id34_id26_0008,1,celebdf,0.7571455,8,CelebDF
id34_id28_0003,1,celebdf,0.36746967,6,CelebDF
id34_id28_0005,1,celebdf,0.85576683,7,CelebDF
id34_id28_0008,1,celebdf,0.6392728,8,CelebDF
id34_id29_0001,1,celebdf,0.3042721,6,CelebDF
id34_id29_0002,1,celebdf,0.7134568,7,CelebDF
id34_id29_0003,1,celebdf,0.2416277,6,CelebDF
id34_id29_0005,1,celebdf,0.8570004,7,CelebDF
id34_id29_0006,1,celebdf,0.5653838,5,CelebDF
id34_id29_0007,1,celebdf,0.6098992,6,CelebDF
id34_id29_0008,1,celebdf,0.71158683,8,CelebDF
id34_id30_0000,1,celebdf,0.8924962,5,CelebDF
id34_id30_0001,1,celebdf,0.20989208,6,CelebDF
id34_id30_0002,1,celebdf,0.7109303,7,CelebDF
id34_id30_0003,1,celebdf,0.33019072,6,CelebDF
id34_id30_0004,1,celebdf,0.9654393,7,CelebDF
id34_id30_0005,1,celebdf,0.85563546,7,CelebDF
id34_id30_0006,1,celebdf,0.54980075,5,CelebDF
id34_id30_0007,1,celebdf,0.5093436,6,CelebDF
id34_id30_0008,1,celebdf,0.68823045,8,CelebDF
id34_id30_0009,1,celebdf,0.99086046,6,CelebDF
id34_id31_0000,1,celebdf,0.9911682,5,CelebDF
id34_id31_0001,1,celebdf,0.47527322,6,CelebDF
id34_id31_0002,1,celebdf,0.8011409,7,CelebDF
id34_id31_0003,1,celebdf,0.29259273,6,CelebDF
id34_id31_0005,1,celebdf,0.84306467,7,CelebDF
id34_id31_0006,1,celebdf,0.69660795,5,CelebDF
id34_id31_0007,1,celebdf,0.81972504,5,CelebDF
id34_id31_0008,1,celebdf,0.7430031,8,CelebDF
id34_id31_0009,1,celebdf,0.9220338,6,CelebDF
id34_id32_0000,1,celebdf,0.8265273,5,CelebDF
id34_id32_0001,1,celebdf,0.28100994,6,CelebDF
id34_id32_0002,1,celebdf,0.717524,7,CelebDF
id34_id32_0003,1,celebdf,0.24451451,6,CelebDF
id34_id32_0004,1,celebdf,0.92699206,7,CelebDF
id34_id32_0005,1,celebdf,0.6260486,7,CelebDF
id34_id32_0006,1,celebdf,0.6734967,5,CelebDF
id34_id32_0007,1,celebdf,0.36244348,5,CelebDF
id34_id32_0008,1,celebdf,0.6842963,8,CelebDF
id34_id32_0009,1,celebdf,0.8545957,6,CelebDF
id34_id33_0001,1,celebdf,0.44060943,6,CelebDF
id34_id33_0002,1,celebdf,0.6207427,7,CelebDF
id34_id33_0003,1,celebdf,0.14692861,6,CelebDF
id34_id33_0004,1,celebdf,0.9759372,7,CelebDF
id34_id33_0005,1,celebdf,0.75790244,7,CelebDF
id34_id33_0006,1,celebdf,0.46632156,5,CelebDF
id34_id33_0007,1,celebdf,0.60612905,5,CelebDF
id34_id33_0008,1,celebdf,0.70973456,8,CelebDF
id34_id33_0009,1,celebdf,0.8276252,6,CelebDF
id34_id35_0001,1,celebdf,0.36912274,6,CelebDF
id34_id35_0002,1,celebdf,0.7748583,7,CelebDF
id34_id35_0003,1,celebdf,0.13214403,6,CelebDF
id34_id35_0004,1,celebdf,0.96873635,7,CelebDF
id34_id35_0005,1,celebdf,0.8569306,7,CelebDF
id34_id35_0006,1,celebdf,0.41482377,5,CelebDF
id34_id35_0007,1,celebdf,0.77822775,5,CelebDF
id34_id35_0008,1,celebdf,0.8002104,8,CelebDF
id34_id35_0009,1,celebdf,0.9300073,6,CelebDF
id34_id37_0001,1,celebdf,0.38376677,6,CelebDF
id34_id37_0002,1,celebdf,0.77423877,7,CelebDF
id34_id37_0003,1,celebdf,0.2421913,6,CelebDF
id34_id37_0005,1,celebdf,0.85714644,7,CelebDF
id34_id37_0006,1,celebdf,0.28919637,5,CelebDF
id34_id37_0007,1,celebdf,0.5731504,5,CelebDF
id34_id37_0008,1,celebdf,0.81560266,8,CelebDF
id34_id38_0001,1,celebdf,0.3870586,6,CelebDF
id34_id38_0002,1,celebdf,0.75303566,7,CelebDF
id34_id38_0003,1,celebdf,0.23761731,6,CelebDF
id34_id38_0005,1,celebdf,0.854585,7,CelebDF
id34_id38_0006,1,celebdf,0.5877366,5,CelebDF
id34_id38_0007,1,celebdf,0.802547,5,CelebDF
id34_id38_0008,1,celebdf,0.87184006,8,CelebDF
id34_id38_0009,1,celebdf,0.9412331,6,CelebDF
id35_0000,0,celebdf,0.6342143,7,CelebDF
id35_0001,0,celebdf,0.32937068,8,CelebDF
id35_0002,0,celebdf,0.4098352,8,CelebDF
id35_0003,0,celebdf,0.44616285,8,CelebDF
id35_0004,0,celebdf,0.11588566,8,CelebDF
id35_0005,0,celebdf,0.11139913,8,CelebDF
id35_0006,0,celebdf,0.08175691,8,CelebDF
id35_0007,0,celebdf,0.38582572,8,CelebDF
id35_0008,0,celebdf,0.6250616,7,CelebDF
id35_0009,0,celebdf,0.5220403,6,CelebDF
id35_id16_0000,1,celebdf,0.8437911,7,CelebDF
id35_id16_0001,1,celebdf,0.7037472,8,CelebDF
id35_id16_0002,1,celebdf,0.7389939,8,CelebDF
id35_id16_0003,1,celebdf,0.676221,8,CelebDF
id35_id16_0004,1,celebdf,0.36347848,8,CelebDF
id35_id16_0005,1,celebdf,0.43059897,8,CelebDF
id35_id16_0006,1,celebdf,0.42373437,8,CelebDF
id35_id16_0007,1,celebdf,0.46105278,8,CelebDF
id35_id16_0008,1,celebdf,0.6261753,8,CelebDF
id35_id16_0009,1,celebdf,0.5580134,6,CelebDF
id35_id17_0000,1,celebdf,0.8554827,7,CelebDF
id35_id17_0001,1,celebdf,0.7292529,8,CelebDF
id35_id17_0002,1,celebdf,0.7688593,8,CelebDF
id35_id17_0003,1,celebdf,0.8750522,8,CelebDF
id35_id17_0006,1,celebdf,0.86897844,8,CelebDF
id35_id17_0007,1,celebdf,0.32496223,8,CelebDF
id35_id17_0008,1,celebdf,0.7366493,8,CelebDF
id35_id17_0009,1,celebdf,0.67552274,6,CelebDF
id35_id1_0000,1,celebdf,0.8691619,7,CelebDF
id35_id1_0001,1,celebdf,0.7483847,8,CelebDF
id35_id1_0002,1,celebdf,0.5375037,8,CelebDF
id35_id1_0006,1,celebdf,0.6298731,8,CelebDF
id35_id1_0007,1,celebdf,0.4334497,8,CelebDF
id35_id1_0008,1,celebdf,0.7978629,8,CelebDF
id35_id1_0009,1,celebdf,0.6288871,6,CelebDF
id35_id20_0000,1,celebdf,0.85427856,7,CelebDF
id35_id20_0002,1,celebdf,0.6607152,8,CelebDF
id35_id20_0003,1,celebdf,0.7818069,8,CelebDF
id35_id20_0006,1,celebdf,0.7283077,8,CelebDF
id35_id20_0007,1,celebdf,0.47042665,8,CelebDF
id35_id20_0008,1,celebdf,0.6902918,7,CelebDF
id35_id20_0009,1,celebdf,0.6193503,5,CelebDF
id35_id21_0000,1,celebdf,0.8691202,7,CelebDF
id35_id21_0001,1,celebdf,0.737102,8,CelebDF
id35_id21_0002,1,celebdf,0.70843923,8,CelebDF
id35_id21_0003,1,celebdf,0.626078,8,CelebDF
id35_id21_0006,1,celebdf,0.8697642,8,CelebDF
id35_id21_0007,1,celebdf,0.39109835,8,CelebDF
id35_id21_0008,1,celebdf,0.8555895,8,CelebDF
id35_id21_0009,1,celebdf,0.73502535,6,CelebDF
id35_id23_0000,1,celebdf,0.83885604,7,CelebDF
id35_id23_0001,1,celebdf,0.6339223,8,CelebDF
id35_id23_0002,1,celebdf,0.5966836,8,CelebDF
id35_id23_0003,1,celebdf,0.7497626,8,CelebDF
id35_id23_0004,1,celebdf,0.11389233,8,CelebDF
id35_id23_0005,1,celebdf,0.7280935,8,CelebDF
id35_id23_0006,1,celebdf,0.868982,8,CelebDF
id35_id23_0007,1,celebdf,0.39616928,8,CelebDF
id35_id23_0008,1,celebdf,0.8082372,7,CelebDF
id35_id23_0009,1,celebdf,0.68159056,6,CelebDF
id35_id26_0000,1,celebdf,0.85719687,7,CelebDF
id35_id26_0001,1,celebdf,0.7492571,8,CelebDF
id35_id26_0002,1,celebdf,0.7503473,8,CelebDF
id35_id26_0003,1,celebdf,0.5108001,8,CelebDF
id35_id26_0005,1,celebdf,0.4428869,8,CelebDF
id35_id26_0006,1,celebdf,0.7422628,8,CelebDF
id35_id26_0007,1,celebdf,0.4686579,8,CelebDF
id35_id26_0008,1,celebdf,0.77293646,7,CelebDF
id35_id26_0009,1,celebdf,0.7086089,6,CelebDF
id35_id28_0000,1,celebdf,0.8968531,7,CelebDF
id35_id28_0002,1,celebdf,0.7505291,8,CelebDF
id35_id28_0003,1,celebdf,0.90054464,8,CelebDF
id35_id28_0005,1,celebdf,0.6619115,8,CelebDF
id35_id28_0006,1,celebdf,0.85250056,8,CelebDF
id35_id28_0007,1,celebdf,0.38269415,8,CelebDF
id35_id28_0008,1,celebdf,0.96113306,7,CelebDF
id35_id28_0009,1,celebdf,0.72793204,6,CelebDF
id35_id29_0000,1,celebdf,0.98982084,7,CelebDF
id35_id29_0001,1,celebdf,0.74819314,8,CelebDF
id35_id29_0002,1,celebdf,0.74737537,8,CelebDF
id35_id29_0003,1,celebdf,0.7601633,8,CelebDF
id35_id29_0004,1,celebdf,0.07368597,8,CelebDF
id35_id29_0005,1,celebdf,0.3919361,8,CelebDF
id35_id29_0006,1,celebdf,0.8744609,8,CelebDF
id35_id29_0007,1,celebdf,0.39423648,8,CelebDF
id35_id29_0008,1,celebdf,0.74198294,8,CelebDF
id35_id29_0009,1,celebdf,0.66319716,6,CelebDF
id35_id2_0000,1,celebdf,0.60262024,7,CelebDF
id35_id2_0001,1,celebdf,0.6265979,8,CelebDF
id35_id2_0002,1,celebdf,0.5773129,8,CelebDF
id35_id2_0003,1,celebdf,0.56365025,8,CelebDF
id35_id2_0006,1,celebdf,0.5306816,8,CelebDF
id35_id2_0007,1,celebdf,0.23662312,8,CelebDF
id35_id2_0008,1,celebdf,0.48585504,8,CelebDF
id35_id2_0009,1,celebdf,0.62309986,6,CelebDF
id35_id30_0001,1,celebdf,0.6384335,8,CelebDF
id35_id30_0002,1,celebdf,0.67916477,8,CelebDF
id35_id30_0003,1,celebdf,0.75318515,8,CelebDF
id35_id30_0004,1,celebdf,0.112281665,8,CelebDF
id35_id30_0005,1,celebdf,0.30838436,8,CelebDF
id35_id30_0006,1,celebdf,0.7538897,8,CelebDF
id35_id30_0007,1,celebdf,0.4347047,8,CelebDF
id35_id30_0008,1,celebdf,0.8320878,7,CelebDF
id35_id30_0009,1,celebdf,0.8067778,6,CelebDF
id35_id31_0000,1,celebdf,0.8603608,7,CelebDF
id35_id31_0002,1,celebdf,0.72769827,8,CelebDF
id35_id31_0003,1,celebdf,0.9086069,8,CelebDF
id35_id31_0006,1,celebdf,0.8715493,8,CelebDF
id35_id31_0007,1,celebdf,0.36187145,8,CelebDF
id35_id31_0008,1,celebdf,0.5131053,5,CelebDF
id35_id31_0009,1,celebdf,0.8295596,6,CelebDF
id35_id32_0000,1,celebdf,0.8627469,7,CelebDF
id35_id32_0001,1,celebdf,0.50914824,8,CelebDF
id35_id32_0002,1,celebdf,0.7167177,8,CelebDF
id35_id32_0003,1,celebdf,0.8784536,8,CelebDF
id35_id32_0004,1,celebdf,0.123934336,8,CelebDF
id35_id32_0005,1,celebdf,0.095271386,8,CelebDF
id35_id32_0006,1,celebdf,0.053022563,8,CelebDF
id35_id32_0007,1,celebdf,0.3100071,8,CelebDF
id35_id32_0008,1,celebdf,0.7479257,8,CelebDF
id35_id32_0009,1,celebdf,0.6625747,6,CelebDF
id35_id33_0000,1,celebdf,0.83184606,7,CelebDF
id35_id33_0001,1,celebdf,0.7487736,8,CelebDF
id35_id33_0002,1,celebdf,0.5730594,8,CelebDF
id35_id33_0003,1,celebdf,0.74977416,8,CelebDF
id35_id33_0004,1,celebdf,0.23451114,8,CelebDF
id35_id33_0005,1,celebdf,0.57414067,8,CelebDF
id35_id33_0006,1,celebdf,0.50943315,8,CelebDF
id35_id33_0007,1,celebdf,0.35661992,8,CelebDF
id35_id33_0008,1,celebdf,0.88792247,7,CelebDF
id35_id33_0009,1,celebdf,0.5634564,6,CelebDF
id35_id34_0000,1,celebdf,0.76820534,7,CelebDF
id35_id34_0001,1,celebdf,0.7460574,8,CelebDF
id35_id34_0002,1,celebdf,0.7171439,8,CelebDF
id35_id34_0004,1,celebdf,0.19824806,8,CelebDF
id35_id34_0005,1,celebdf,0.41888255,8,CelebDF
id35_id34_0006,1,celebdf,0.76200706,8,CelebDF
id35_id34_0007,1,celebdf,0.47453815,8,CelebDF
id35_id34_0008,1,celebdf,0.8647427,7,CelebDF
id35_id34_0009,1,celebdf,0.5942655,6,CelebDF
id35_id37_0000,1,celebdf,0.8687536,7,CelebDF
id35_id37_0001,1,celebdf,0.73615557,8,CelebDF
id35_id37_0002,1,celebdf,0.7495923,8,CelebDF
id35_id37_0003,1,celebdf,0.9229885,8,CelebDF
id35_id37_0005,1,celebdf,0.2927131,8,CelebDF
id35_id37_0006,1,celebdf,0.756134,8,CelebDF
id35_id37_0007,1,celebdf,0.41624478,8,CelebDF
id35_id37_0008,1,celebdf,0.80817384,8,CelebDF
id35_id37_0009,1,celebdf,0.8480966,6,CelebDF
id35_id38_0000,1,celebdf,0.90042144,7,CelebDF
id35_id38_0001,1,celebdf,0.750442,8,CelebDF
id35_id38_0002,1,celebdf,0.6968939,8,CelebDF
id35_id38_0004,1,celebdf,0.48832378,8,CelebDF
id35_id38_0005,1,celebdf,0.65840954,8,CelebDF
id35_id38_0006,1,celebdf,0.87045765,8,CelebDF
id35_id38_0007,1,celebdf,0.41304085,8,CelebDF
id35_id38_0008,1,celebdf,0.86394304,8,CelebDF
id35_id38_0009,1,celebdf,0.7246585,6,CelebDF
id35_id3_0000,1,celebdf,0.6044159,7,CelebDF
id35_id3_0001,1,celebdf,0.57583976,8,CelebDF
id35_id3_0002,1,celebdf,0.52353346,8,CelebDF
id35_id3_0003,1,celebdf,0.6503813,8,CelebDF
id35_id3_0006,1,celebdf,0.5437674,8,CelebDF
id35_id3_0007,1,celebdf,0.24911089,8,CelebDF
id35_id3_0008,1,celebdf,0.6388141,8,CelebDF
id35_id3_0009,1,celebdf,0.5083481,6,CelebDF
id35_id4_0000,1,celebdf,0.8608249,7,CelebDF
id35_id4_0001,1,celebdf,0.75405496,8,CelebDF
id35_id4_0002,1,celebdf,0.74952453,8,CelebDF
id35_id4_0003,1,celebdf,0.74913526,8,CelebDF
id35_id4_0006,1,celebdf,0.7510246,8,CelebDF
id35_id4_0007,1,celebdf,0.38588998,8,CelebDF
id35_id4_0008,1,celebdf,0.8565854,7,CelebDF
id35_id4_0009,1,celebdf,0.8067574,6,CelebDF
id35_id6_0000,1,celebdf,0.85785645,7,CelebDF
id35_id6_0001,1,celebdf,0.74062383,8,CelebDF
id35_id6_0002,1,celebdf,0.65058464,8,CelebDF
id35_id6_0003,1,celebdf,0.8742026,8,CelebDF
id35_id6_0006,1,celebdf,0.6550758,8,CelebDF
id35_id6_0007,1,celebdf,0.3612367,8,CelebDF
id35_id6_0008,1,celebdf,0.48028424,7,CelebDF
id35_id6_0009,1,celebdf,0.7070516,6,CelebDF
id35_id9_0000,1,celebdf,0.63935286,7,CelebDF
id35_id9_0001,1,celebdf,0.54882133,8,CelebDF
id35_id9_0002,1,celebdf,0.73522484,8,CelebDF
id35_id9_0003,1,celebdf,0.83992124,8,CelebDF
id35_id9_0004,1,celebdf,0.2901864,8,CelebDF
id35_id9_0005,1,celebdf,0.41270882,8,CelebDF
id35_id9_0006,1,celebdf,0.83735925,8,CelebDF
id35_id9_0007,1,celebdf,0.38399875,8,CelebDF
id35_id9_0008,1,celebdf,0.86091214,7,CelebDF
id35_id9_0009,1,celebdf,0.7753344,6,CelebDF
id36_0000,0,celebdf,0.19247608,8,CelebDF
id36_0001,0,celebdf,5.308165e-06,5,CelebDF
id36_0002,0,celebdf,0.14510432,7,CelebDF
id36_0003,0,celebdf,0.0009655794,8,CelebDF
id36_0004,0,celebdf,0.037245363,6,CelebDF
id36_0005,0,celebdf,0.00044266737,8,CelebDF
id36_0006,0,celebdf,0.36663252,7,CelebDF
id36_0007,0,celebdf,0.15333189,7,CelebDF
id36_0008,0,celebdf,0.46204764,8,CelebDF
id36_0009,0,celebdf,0.008195105,8,CelebDF
id37_0000,0,celebdf,0.6941905,8,CelebDF
id37_0001,0,celebdf,0.113142736,8,CelebDF
id37_0002,0,celebdf,0.48300457,7,CelebDF
id37_0003,0,celebdf,0.5567535,7,CelebDF
id37_0004,0,celebdf,0.24200606,8,CelebDF
id37_0005,0,celebdf,0.39100844,8,CelebDF
id37_0006,0,celebdf,0.60742503,8,CelebDF
id37_0007,0,celebdf,0.32798636,8,CelebDF
id37_0008,0,celebdf,0.4810194,8,CelebDF
id37_0009,0,celebdf,0.48083678,8,CelebDF
id37_id16_0000,1,celebdf,0.6524005,8,CelebDF
id37_id16_0001,1,celebdf,0.4514691,8,CelebDF
id37_id16_0002,1,celebdf,0.73569983,7,CelebDF
id37_id16_0003,1,celebdf,0.75677115,7,CelebDF
id37_id16_0005,1,celebdf,0.6150684,8,CelebDF
id37_id16_0006,1,celebdf,0.8746104,8,CelebDF
id37_id16_0008,1,celebdf,0.7141744,8,CelebDF
id37_id17_0000,1,celebdf,0.874787,8,CelebDF
id37_id17_0001,1,celebdf,0.4872322,8,CelebDF
id37_id17_0002,1,celebdf,0.8570391,7,CelebDF
id37_id17_0003,1,celebdf,0.882973,7,CelebDF
id37_id17_0005,1,celebdf,0.8180504,8,CelebDF
id37_id17_0007,1,celebdf,0.87687355,8,CelebDF
id37_id17_0009,1,celebdf,0.38109308,8,CelebDF
id37_id1_0001,1,celebdf,0.12591569,8,CelebDF
id37_id1_0002,1,celebdf,0.790517,7,CelebDF
id37_id1_0003,1,celebdf,0.4306376,7,CelebDF
id37_id1_0004,1,celebdf,0.9711347,8,CelebDF
id37_id1_0005,1,celebdf,0.72756326,8,CelebDF
id37_id1_0007,1,celebdf,0.8441216,8,CelebDF
id37_id1_0008,1,celebdf,0.5032606,8,CelebDF
id37_id1_0009,1,celebdf,0.40504593,8,CelebDF
id37_id20_0000,1,celebdf,0.7572655,8,CelebDF
id37_id20_0001,1,celebdf,0.56105584,8,CelebDF
id37_id20_0002,1,celebdf,0.8116199,7,CelebDF
id37_id20_0004,1,celebdf,0.86718315,8,CelebDF
id37_id20_0005,1,celebdf,0.79853195,8,CelebDF
id37_id20_0008,1,celebdf,0.8180511,8,CelebDF
id37_id21_0000,1,celebdf,0.8454399,8,CelebDF
id37_id21_0001,1,celebdf,0.16230331,8,CelebDF
id37_id21_0002,1,celebdf,0.8466596,7,CelebDF
id37_id21_0005,1,celebdf,0.67123044,8,CelebDF
id37_id21_0006,1,celebdf,0.7485297,8,CelebDF
id37_id21_0007,1,celebdf,0.906913,8,CelebDF
id37_id21_0008,1,celebdf,0.7974002,8,CelebDF
id37_id21_0009,1,celebdf,0.33795327,8,CelebDF
id37_id23_0002,1,celebdf,0.8559046,7,CelebDF
id37_id23_0003,1,celebdf,0.4583394,7,CelebDF
id37_id23_0005,1,celebdf,0.7783261,8,CelebDF
id37_id23_0008,1,celebdf,0.77946633,8,CelebDF
id37_id26_0000,1,celebdf,0.7607302,8,CelebDF
id37_id26_0001,1,celebdf,0.26449317,8,CelebDF
id37_id26_0002,1,celebdf,0.85808575,7,CelebDF
id37_id26_0003,1,celebdf,0.8378633,7,CelebDF
id37_id26_0005,1,celebdf,0.69787383,8,CelebDF
id37_id26_0006,1,celebdf,0.823517,8,CelebDF
id37_id26_0007,1,celebdf,0.68778676,8,CelebDF
id37_id26_0008,1,celebdf,0.7505342,8,CelebDF
id37_id26_0009,1,celebdf,0.71593195,8,CelebDF
id37_id28_0000,1,celebdf,0.7439125,8,CelebDF
id37_id28_0001,1,celebdf,0.34894657,8,CelebDF
id37_id28_0002,1,celebdf,0.83894056,7,CelebDF
id37_id28_0003,1,celebdf,0.7822465,7,CelebDF
id37_id28_0004,1,celebdf,0.99315935,8,CelebDF
id37_id28_0006,1,celebdf,0.87954307,8,CelebDF
id37_id28_0007,1,celebdf,0.8329103,8,CelebDF
id37_id28_0008,1,celebdf,0.7708418,8,CelebDF
id37_id29_0000,1,celebdf,0.8704809,8,CelebDF
id37_id29_0001,1,celebdf,0.17250828,8,CelebDF
id37_id29_0002,1,celebdf,0.8540701,7,CelebDF
id37_id29_0003,1,celebdf,0.83366287,7,CelebDF
id37_id29_0005,1,celebdf,0.76913494,8,CelebDF
id37_id29_0006,1,celebdf,0.8744799,8,CelebDF
id37_id29_0007,1,celebdf,0.7684266,8,CelebDF
id37_id29_0008,1,celebdf,0.82682383,8,CelebDF
id37_id29_0009,1,celebdf,0.43659633,8,CelebDF
id37_id2_0000,1,celebdf,0.5448641,8,CelebDF
id37_id2_0001,1,celebdf,0.088052556,8,CelebDF
id37_id2_0002,1,celebdf,0.64467275,7,CelebDF
id37_id2_0003,1,celebdf,0.44259152,7,CelebDF
id37_id2_0004,1,celebdf,0.8732819,8,CelebDF
id37_id2_0005,1,celebdf,0.51540375,8,CelebDF
id37_id2_0006,1,celebdf,0.78216714,8,CelebDF
id37_id2_0007,1,celebdf,0.8038906,8,CelebDF
id37_id2_0008,1,celebdf,0.47864917,8,CelebDF
id37_id2_0009,1,celebdf,0.3637691,8,CelebDF
id37_id30_0000,1,celebdf,0.80673087,8,CelebDF
id37_id30_0001,1,celebdf,0.55748314,8,CelebDF
id37_id30_0002,1,celebdf,0.8110991,7,CelebDF
id37_id30_0003,1,celebdf,0.91611606,7,CelebDF
id37_id30_0004,1,celebdf,0.8768499,8,CelebDF
id37_id30_0005,1,celebdf,0.5915201,8,CelebDF
id37_id30_0006,1,celebdf,0.87540483,8,CelebDF
id37_id30_0007,1,celebdf,0.84205467,8,CelebDF
id37_id30_0008,1,celebdf,0.81770974,8,CelebDF
id37_id31_0000,1,celebdf,0.874334,8,CelebDF
id37_id31_0001,1,celebdf,0.40004966,8,CelebDF
id37_id31_0002,1,celebdf,0.8569784,7,CelebDF
id37_id31_0003,1,celebdf,0.8527532,7,CelebDF
id37_id31_0004,1,celebdf,0.87631804,8,CelebDF
id37_id31_0005,1,celebdf,0.7676753,8,CelebDF
id37_id31_0006,1,celebdf,0.8747131,8,CelebDF
id37_id31_0007,1,celebdf,0.8732032,8,CelebDF
id37_id31_0008,1,celebdf,0.7944351,8,CelebDF
id37_id31_0009,1,celebdf,0.7314159,8,CelebDF
id37_id32_0000,1,celebdf,0.85225004,8,CelebDF
id37_id32_0001,1,celebdf,0.33407658,8,CelebDF
id37_id32_0002,1,celebdf,0.8559413,7,CelebDF
id37_id32_0003,1,celebdf,0.7771306,7,CelebDF
id37_id32_0004,1,celebdf,0.8747495,8,CelebDF
id37_id32_0005,1,celebdf,0.5159795,8,CelebDF
id37_id32_0006,1,celebdf,0.87512934,8,CelebDF
id37_id32_0007,1,celebdf,0.7856769,8,CelebDF
id37_id32_0008,1,celebdf,0.54254013,8,CelebDF
id37_id33_0000,1,celebdf,0.85234743,8,CelebDF
id37_id33_0001,1,celebdf,0.30993342,8,CelebDF
id37_id33_0002,1,celebdf,0.8554347,7,CelebDF
id37_id33_0003,1,celebdf,0.8319961,7,CelebDF
id37_id33_0005,1,celebdf,0.62646157,8,CelebDF
id37_id33_0006,1,celebdf,0.88015264,8,CelebDF
id37_id33_0007,1,celebdf,0.87793565,8,CelebDF
id37_id33_0008,1,celebdf,0.8313003,8,CelebDF
id37_id33_0009,1,celebdf,0.58140707,8,CelebDF
id37_id34_0000,1,celebdf,0.84998584,8,CelebDF
id37_id34_0001,1,celebdf,0.2834208,8,CelebDF
id37_id34_0002,1,celebdf,0.855906,7,CelebDF
id37_id34_0003,1,celebdf,0.7100498,7,CelebDF
id37_id34_0005,1,celebdf,0.74907,8,CelebDF
id37_id34_0006,1,celebdf,0.8747254,8,CelebDF
id37_id34_0008,1,celebdf,0.7085949,8,CelebDF
id37_id35_0000,1,celebdf,0.7810447,8,CelebDF
id37_id35_0001,1,celebdf,0.12655976,8,CelebDF
id37_id35_0002,1,celebdf,0.8566312,7,CelebDF
id37_id35_0003,1,celebdf,0.89300436,7,CelebDF
id37_id35_0004,1,celebdf,0.87154,8,CelebDF
id37_id35_0005,1,celebdf,0.7015857,8,CelebDF
id37_id35_0007,1,celebdf,0.75429153,8,CelebDF
id37_id35_0008,1,celebdf,0.74951607,8,CelebDF
id37_id35_0009,1,celebdf,0.57309926,8,CelebDF
id37_id38_0000,1,celebdf,0.8669968,8,CelebDF
id37_id38_0001,1,celebdf,0.70234233,8,CelebDF
id37_id38_0003,1,celebdf,0.8590347,7,CelebDF
id37_id38_0005,1,celebdf,0.8231782,8,CelebDF
id37_id38_0007,1,celebdf,0.88906,8,CelebDF
id37_id38_0008,1,celebdf,0.8403508,8,CelebDF
id37_id38_0009,1,celebdf,0.6523118,8,CelebDF
id37_id3_0000,1,celebdf,0.5732292,8,CelebDF
id37_id3_0001,1,celebdf,0.15767942,8,CelebDF
id37_id3_0002,1,celebdf,0.64093685,7,CelebDF
id37_id3_0003,1,celebdf,0.46089798,7,CelebDF
id37_id3_0004,1,celebdf,0.7588727,8,CelebDF
id37_id3_0005,1,celebdf,0.2875823,8,CelebDF
id37_id3_0006,1,celebdf,0.8693723,8,CelebDF
id37_id3_0007,1,celebdf,0.819927,8,CelebDF
id37_id3_0008,1,celebdf,0.42017156,8,CelebDF
id37_id3_0009,1,celebdf,0.14101231,8,CelebDF
id37_id4_0000,1,celebdf,0.8616235,8,CelebDF
id37_id4_0001,1,celebdf,0.5591199,8,CelebDF
id37_id4_0002,1,celebdf,0.85671437,7,CelebDF
id37_id4_0003,1,celebdf,0.84928876,7,CelebDF
id37_id4_0004,1,celebdf,0.87485015,8,CelebDF
id37_id4_0005,1,celebdf,0.70201665,8,CelebDF
id37_id4_0006,1,celebdf,0.87505656,8,CelebDF
id37_id4_0007,1,celebdf,0.8656299,8,CelebDF
id37_id4_0008,1,celebdf,0.5791191,8,CelebDF
id37_id4_0009,1,celebdf,0.6697143,8,CelebDF
id37_id6_0000,1,celebdf,0.80980504,8,CelebDF
id37_id6_0001,1,celebdf,0.30993596,8,CelebDF
id37_id6_0002,1,celebdf,0.85234135,7,CelebDF
id37_id6_0003,1,celebdf,0.5999488,7,CelebDF
id37_id6_0005,1,celebdf,0.58613235,8,CelebDF
id37_id6_0006,1,celebdf,0.8749292,8,CelebDF
id37_id6_0007,1,celebdf,0.874966,8,CelebDF
id37_id6_0008,1,celebdf,0.7321656,8,CelebDF
id37_id9_0000,1,celebdf,0.74865216,8,CelebDF
id37_id9_0001,1,celebdf,0.38666144,8,CelebDF
id37_id9_0002,1,celebdf,0.7631916,7,CelebDF
id37_id9_0003,1,celebdf,0.71560663,7,CelebDF
id37_id9_0005,1,celebdf,0.7520975,8,CelebDF
id37_id9_0007,1,celebdf,0.8048368,8,CelebDF
id37_id9_0008,1,celebdf,0.80860853,8,CelebDF
id37_id9_0009,1,celebdf,0.66743755,8,CelebDF
id38_0000,0,celebdf,0.68680304,7,CelebDF
id38_0001,0,celebdf,0.39863956,8,CelebDF
id38_0002,0,celebdf,0.008380165,7,CelebDF
id38_0003,0,celebdf,0.8231211,8,CelebDF
id38_0004,0,celebdf,0.38273314,8,CelebDF
id38_0005,0,celebdf,0.3455029,8,CelebDF
id38_0006,0,celebdf,0.48594078,8,CelebDF
id38_0007,0,celebdf,0.54557073,7,CelebDF
id38_0008,0,celebdf,0.8518419,8,CelebDF
id38_0009,0,celebdf,0.33242753,6,CelebDF
id38_id20_0000,1,celebdf,0.71296483,7,CelebDF
id38_id20_0002,1,celebdf,0.18264149,8,CelebDF
id38_id20_0005,1,celebdf,0.82921565,8,CelebDF
id38_id21_0000,1,celebdf,0.712073,7,CelebDF
id38_id21_0001,1,celebdf,0.13361278,8,CelebDF
id38_id21_0004,1,celebdf,0.74180025,8,CelebDF
id38_id21_0005,1,celebdf,0.6665993,8,CelebDF
id38_id21_0008,1,celebdf,0.6678085,8,CelebDF
id38_id23_0000,1,celebdf,0.7021065,7,CelebDF
id38_id23_0001,1,celebdf,0.12335032,8,CelebDF
id38_id23_0002,1,celebdf,0.1507288,7,CelebDF
id38_id23_0004,1,celebdf,0.7253398,8,CelebDF
id38_id23_0005,1,celebdf,0.6650904,8,CelebDF
id38_id23_0006,1,celebdf,0.56454754,8,CelebDF
id38_id23_0007,1,celebdf,0.7116164,7,CelebDF
id38_id23_0009,1,celebdf,0.60499036,5,CelebDF
id38_id26_0000,1,celebdf,0.7190475,7,CelebDF
id38_id26_0001,1,celebdf,0.015940093,8,CelebDF
id38_id26_0004,1,celebdf,0.7515188,8,CelebDF
id38_id26_0005,1,celebdf,0.3377847,8,CelebDF
id38_id26_0006,1,celebdf,0.54021096,8,CelebDF
id38_id26_0007,1,celebdf,0.85697967,7,CelebDF
id38_id26_0008,1,celebdf,0.74784756,8,CelebDF
id38_id28_0001,1,celebdf,0.043833345,8,CelebDF
id38_id28_0002,1,celebdf,0.11459697,7,CelebDF
id38_id28_0003,1,celebdf,0.75127006,8,CelebDF
id38_id28_0004,1,celebdf,0.74782455,8,CelebDF
id38_id28_0005,1,celebdf,0.5481532,8,CelebDF
id38_id28_0006,1,celebdf,0.59276605,8,CelebDF
id38_id28_0007,1,celebdf,0.85576564,7,CelebDF
id38_id28_0008,1,celebdf,0.7235448,8,CelebDF
id38_id28_0009,1,celebdf,0.67648894,5,CelebDF
id38_id29_0000,1,celebdf,0.7196905,7,CelebDF
id38_id29_0001,1,celebdf,0.32563743,8,CelebDF
id38_id29_0002,1,celebdf,0.3152898,7,CelebDF
id38_id29_0004,1,celebdf,0.7528069,8,CelebDF
id38_id29_0005,1,celebdf,0.60420185,8,CelebDF
id38_id29_0006,1,celebdf,0.7083837,8,CelebDF
id38_id29_0007,1,celebdf,0.8690436,8,CelebDF
id38_id29_0008,1,celebdf,0.8633321,8,CelebDF
id38_id29_0009,1,celebdf,0.72165096,5,CelebDF
id38_id30_0000,1,celebdf,0.71675557,7,CelebDF
id38_id30_0001,1,celebdf,0.49662045,8,CelebDF
id38_id30_0002,1,celebdf,0.30871916,7,CelebDF
id38_id30_0003,1,celebdf,0.76296663,8,CelebDF
id38_id30_0004,1,celebdf,0.7478901,8,CelebDF
id38_id30_0005,1,celebdf,0.4015212,8,CelebDF
id38_id30_0006,1,celebdf,0.5633969,8,CelebDF
id38_id30_0007,1,celebdf,0.81931376,8,CelebDF
id38_id30_0008,1,celebdf,0.8033554,8,CelebDF
id38_id30_0009,1,celebdf,0.5904187,5,CelebDF
id38_id31_0000,1,celebdf,0.72862,7,CelebDF
id38_id31_0001,1,celebdf,0.5479441,8,CelebDF
id38_id31_0002,1,celebdf,0.6210566,7,CelebDF
id38_id31_0003,1,celebdf,0.75508976,8,CelebDF
id38_id31_0004,1,celebdf,0.8406203,8,CelebDF
id38_id31_0005,1,celebdf,0.75109994,8,CelebDF
id38_id31_0006,1,celebdf,0.69486153,8,CelebDF
id38_id31_0007,1,celebdf,0.8556956,7,CelebDF
id38_id31_0008,1,celebdf,0.84702605,8,CelebDF
id38_id31_0009,1,celebdf,0.6552052,5,CelebDF
id38_id32_0001,1,celebdf,0.7412288,8,CelebDF
id38_id32_0005,1,celebdf,0.8653805,8,CelebDF
id38_id32_0007,1,celebdf,0.8570787,7,CelebDF
id38_id32_0008,1,celebdf,0.8696132,8,CelebDF
id38_id33_0000,1,celebdf,0.6890777,7,CelebDF
id38_id33_0001,1,celebdf,0.560372,8,CelebDF
id38_id33_0002,1,celebdf,0.5695407,7,CelebDF
id38_id33_0003,1,celebdf,0.80247813,8,CelebDF
id38_id33_0004,1,celebdf,0.8083857,8,CelebDF
id38_id33_0005,1,celebdf,0.7736414,8,CelebDF
id38_id33_0006,1,celebdf,0.73407876,8,CelebDF
id38_id33_0007,1,celebdf,0.8449851,7,CelebDF
id38_id33_0008,1,celebdf,0.7691946,8,CelebDF
id38_id33_0009,1,celebdf,0.45463666,5,CelebDF
id38_id34_0000,1,celebdf,0.7551343,7,CelebDF
id38_id34_0001,1,celebdf,0.58993375,8,CelebDF
id38_id34_0002,1,celebdf,0.615236,7,CelebDF
id38_id34_0003,1,celebdf,0.7674144,8,CelebDF
id38_id34_0004,1,celebdf,0.76159906,8,CelebDF
id38_id34_0005,1,celebdf,0.67584276,8,CelebDF
id38_id34_0006,1,celebdf,0.7263473,8,CelebDF
id38_id34_0007,1,celebdf,0.7907437,7,CelebDF
id38_id34_0008,1,celebdf,0.8716842,8,CelebDF
id38_id34_0009,1,celebdf,0.7885186,5,CelebDF
id38_id35_0000,1,celebdf,0.8494567,7,CelebDF
id38_id35_0001,1,celebdf,0.475586,8,CelebDF
id38_id35_0002,1,celebdf,0.7924846,8,CelebDF
id38_id35_0003,1,celebdf,0.783256,8,CelebDF
id38_id35_0004,1,celebdf,0.7573087,8,CelebDF
id38_id35_0005,1,celebdf,0.7487248,8,CelebDF
id38_id35_0006,1,celebdf,0.7615808,8,CelebDF
id38_id35_0007,1,celebdf,0.73609674,7,CelebDF
id38_id35_0009,1,celebdf,0.689783,5,CelebDF
id38_id37_0000,1,celebdf,0.7788337,7,CelebDF
id38_id37_0001,1,celebdf,0.48061544,8,CelebDF
id38_id37_0002,1,celebdf,0.62946784,7,CelebDF
id38_id37_0003,1,celebdf,0.8501504,8,CelebDF
id38_id37_0004,1,celebdf,0.7606373,8,CelebDF
id38_id37_0005,1,celebdf,0.5395263,8,CelebDF
id38_id37_0006,1,celebdf,0.6490921,8,CelebDF
id38_id37_0007,1,celebdf,0.8549463,7,CelebDF
id38_id37_0008,1,celebdf,0.7556781,8,CelebDF
id38_id37_0009,1,celebdf,0.70044845,5,CelebDF
id39_0000,0,celebdf,0.67670584,8,CelebDF
id39_0001,0,celebdf,0.08893794,8,CelebDF
id39_0002,0,celebdf,0.2817777,6,CelebDF
id39_0003,0,celebdf,0.011936399,8,CelebDF
id39_0004,0,celebdf,0.007996534,8,CelebDF
id39_0005,0,celebdf,0.6730309,7,CelebDF
id39_0006,0,celebdf,0.25212732,8,CelebDF
id39_0007,0,celebdf,0.29814053,7,CelebDF
id39_0008,0,celebdf,0.030924214,8,CelebDF
id39_0009,0,celebdf,0.010349541,8,CelebDF
id39_id40_0000,1,celebdf,0.8673205,8,CelebDF
id39_id40_0001,1,celebdf,0.87728685,8,CelebDF
id39_id40_0002,1,celebdf,0.7509875,5,CelebDF
id39_id40_0003,1,celebdf,0.030782534,8,CelebDF
id39_id40_0004,1,celebdf,0.19961354,8,CelebDF
id39_id40_0005,1,celebdf,0.46979448,7,CelebDF
id39_id40_0007,1,celebdf,0.54932535,7,CelebDF
id39_id40_0009,1,celebdf,0.8223844,8,CelebDF
id39_id42_0000,1,celebdf,0.86074054,8,CelebDF
id39_id42_0001,1,celebdf,0.92721486,8,CelebDF
id39_id42_0002,1,celebdf,0.74017555,6,CelebDF
id39_id42_0003,1,celebdf,0.18139586,8,CelebDF
id39_id42_0004,1,celebdf,0.624932,8,CelebDF
id39_id42_0005,1,celebdf,0.5016103,7,CelebDF
id39_id42_0006,1,celebdf,0.60909545,8,CelebDF
id39_id42_0007,1,celebdf,0.61724913,7,CelebDF
id39_id42_0008,1,celebdf,0.1880995,8,CelebDF
id39_id43_0000,1,celebdf,0.7592854,8,CelebDF
id39_id43_0001,1,celebdf,0.8351612,8,CelebDF
id39_id43_0002,1,celebdf,0.93959457,6,CelebDF
id39_id43_0003,1,celebdf,0.070806704,8,CelebDF
id39_id43_0004,1,celebdf,0.10967753,8,CelebDF
id39_id43_0006,1,celebdf,0.5461379,8,CelebDF
id39_id43_0007,1,celebdf,0.54441386,7,CelebDF
id39_id43_0008,1,celebdf,0.11123256,8,CelebDF
id39_id43_0009,1,celebdf,0.60814005,8,CelebDF
id39_id44_0000,1,celebdf,0.81285125,8,CelebDF
id39_id44_0001,1,celebdf,0.9826436,8,CelebDF
id39_id44_0002,1,celebdf,0.98862284,5,CelebDF
id39_id44_0003,1,celebdf,0.51946825,8,CelebDF
id39_id44_0004,1,celebdf,0.2595523,8,CelebDF
id39_id44_0005,1,celebdf,0.47734663,7,CelebDF
id39_id44_0006,1,celebdf,0.5983521,8,CelebDF
id39_id44_0007,1,celebdf,0.67983115,7,CelebDF
id39_id44_0008,1,celebdf,0.37588295,8,CelebDF
id39_id44_0009,1,celebdf,0.72556835,8,CelebDF
id39_id45_0000,1,celebdf,0.653552,8,CelebDF
id39_id45_0001,1,celebdf,0.73337024,8,CelebDF
id39_id45_0002,1,celebdf,0.99755603,5,CelebDF
id39_id45_0003,1,celebdf,0.12904644,8,CelebDF
id39_id45_0004,1,celebdf,0.115536734,8,CelebDF
id39_id45_0005,1,celebdf,0.49262396,7,CelebDF
id39_id45_0006,1,celebdf,0.5130554,8,CelebDF
id39_id45_0007,1,celebdf,0.6730481,7,CelebDF
id39_id45_0008,1,celebdf,0.298118,8,CelebDF
id39_id45_0009,1,celebdf,0.6794003,8,CelebDF
id39_id46_0000,1,celebdf,0.8084357,8,CelebDF
id39_id46_0001,1,celebdf,0.88908017,8,CelebDF
id39_id46_0002,1,celebdf,0.8824838,5,CelebDF
id39_id46_0003,1,celebdf,0.23050588,8,CelebDF
id39_id46_0004,1,celebdf,0.12341092,8,CelebDF
id39_id46_0006,1,celebdf,0.6147852,8,CelebDF
id39_id46_0007,1,celebdf,0.68954366,7,CelebDF
id39_id46_0008,1,celebdf,0.19287266,8,CelebDF
id39_id47_0000,1,celebdf,0.8688287,8,CelebDF
id39_id47_0001,1,celebdf,0.90836,8,CelebDF
id39_id47_0002,1,celebdf,0.6193532,5,CelebDF
id39_id47_0003,1,celebdf,0.25345257,8,CelebDF
id39_id47_0004,1,celebdf,0.5385259,8,CelebDF
id39_id47_0005,1,celebdf,0.5221707,7,CelebDF
id39_id47_0007,1,celebdf,0.6902428,7,CelebDF
id39_id47_0008,1,celebdf,0.36516953,8,CelebDF
id39_id47_0009,1,celebdf,0.6129648,8,CelebDF
id39_id48_0000,1,celebdf,0.6438322,8,CelebDF
id39_id48_0001,1,celebdf,0.86796504,8,CelebDF
id39_id48_0002,1,celebdf,0.6619683,6,CelebDF
id39_id48_0003,1,celebdf,0.12942116,8,CelebDF
id39_id48_0004,1,celebdf,0.039447878,8,CelebDF
id39_id48_0006,1,celebdf,0.5543297,8,CelebDF
id39_id48_0007,1,celebdf,0.8278112,7,CelebDF
id39_id48_0008,1,celebdf,0.5998479,8,CelebDF
id39_id48_0009,1,celebdf,0.70148766,8,CelebDF
id3_0000,0,celebdf,0.025604982,8,CelebDF
id3_0001,0,celebdf,0.01995455,8,CelebDF
id3_0002,0,celebdf,0.016225157,7,CelebDF
id3_0003,0,celebdf,0.00083736674,8,CelebDF
id3_0004,0,celebdf,0.46438983,8,CelebDF
id3_0005,0,celebdf,0.12522368,8,CelebDF
id3_0006,0,celebdf,0.078472875,8,CelebDF
id3_0007,0,celebdf,0.3087406,6,CelebDF
id3_0008,0,celebdf,0.012233727,8,CelebDF
id3_0009,0,celebdf,0.03289098,8,CelebDF
id3_id0_0000,1,celebdf,0.23273522,8,CelebDF
id3_id0_0001,1,celebdf,0.7744346,8,CelebDF
id3_id0_0002,1,celebdf,0.5357295,7,CelebDF
id3_id0_0003,1,celebdf,0.7276186,8,CelebDF
id3_id0_0004,1,celebdf,0.8587592,8,CelebDF
id3_id0_0005,1,celebdf,0.3846196,8,CelebDF
id3_id0_0006,1,celebdf,0.67862725,8,CelebDF
id3_id0_0007,1,celebdf,0.6392196,6,CelebDF
id3_id0_0008,1,celebdf,0.52866066,8,CelebDF
id3_id0_0009,1,celebdf,0.69421077,8,CelebDF
id3_id16_0000,1,celebdf,0.12086924,8,CelebDF
id3_id16_0001,1,celebdf,0.51355046,8,CelebDF
id3_id16_0002,1,celebdf,0.3500018,7,CelebDF
id3_id16_0003,1,celebdf,0.44540232,8,CelebDF
id3_id16_0004,1,celebdf,0.8640729,8,CelebDF
id3_id16_0005,1,celebdf,0.31780204,8,CelebDF
id3_id16_0006,1,celebdf,0.67621017,8,CelebDF
id3_id16_0008,1,celebdf,0.48480144,8,CelebDF
id3_id16_0009,1,celebdf,0.844201,8,CelebDF
id3_id17_0000,1,celebdf,0.5621833,8,CelebDF
id3_id17_0001,1,celebdf,0.87936616,8,CelebDF
id3_id17_0002,1,celebdf,0.82315665,7,CelebDF
id3_id17_0003,1,celebdf,0.874008,8,CelebDF
id3_id17_0004,1,celebdf,0.991114,8,CelebDF
id3_id17_0005,1,celebdf,0.64695704,8,CelebDF
id3_id17_0006,1,celebdf,0.69960004,8,CelebDF
id3_id17_0007,1,celebdf,0.5469596,6,CelebDF
id3_id17_0008,1,celebdf,0.7580319,8,CelebDF
id3_id17_0009,1,celebdf,0.9293025,8,CelebDF
id3_id1_0001,1,celebdf,0.6635656,8,CelebDF
id3_id1_0002,1,celebdf,0.24641602,7,CelebDF
id3_id1_0003,1,celebdf,0.78885716,8,CelebDF
id3_id1_0004,1,celebdf,0.74909675,8,CelebDF
id3_id1_0005,1,celebdf,0.2465565,8,CelebDF
id3_id1_0006,1,celebdf,0.5404997,8,CelebDF
id3_id1_0007,1,celebdf,0.65187186,6,CelebDF
id3_id1_0008,1,celebdf,0.57588065,8,CelebDF
id3_id1_0009,1,celebdf,0.87462366,8,CelebDF
id3_id20_0000,1,celebdf,0.5438124,8,CelebDF
id3_id20_0001,1,celebdf,0.88602394,8,CelebDF
id3_id20_0003,1,celebdf,0.87278426,8,CelebDF
id3_id20_0005,1,celebdf,0.5249704,8,CelebDF
id3_id20_0006,1,celebdf,0.78391063,8,CelebDF
id3_id20_0008,1,celebdf,0.787894,8,CelebDF
id3_id20_0009,1,celebdf,0.85766405,8,CelebDF
id3_id21_0000,1,celebdf,0.33907402,8,CelebDF
id3_id21_0001,1,celebdf,0.6666176,8,CelebDF
id3_id21_0002,1,celebdf,0.41609722,7,CelebDF
id3_id21_0003,1,celebdf,0.87465113,8,CelebDF
id3_id21_0004,1,celebdf,0.75052685,8,CelebDF
id3_id21_0005,1,celebdf,0.38522938,8,CelebDF
id3_id21_0006,1,celebdf,0.76263887,8,CelebDF
id3_id21_0008,1,celebdf,0.8325342,8,CelebDF
id3_id23_0000,1,celebdf,0.15595734,7,CelebDF
id3_id23_0001,1,celebdf,0.7882769,8,CelebDF
id3_id23_0002,1,celebdf,0.73990285,7,CelebDF
id3_id23_0003,1,celebdf,0.87734413,8,CelebDF
id3_id23_0004,1,celebdf,0.71035075,8,CelebDF
id3_id23_0005,1,celebdf,0.3605182,8,CelebDF
id3_id23_0006,1,celebdf,0.7188093,8,CelebDF
id3_id23_0007,1,celebdf,0.5066053,6,CelebDF
id3_id23_0008,1,celebdf,0.84757215,8,CelebDF
id3_id23_0009,1,celebdf,0.8746935,8,CelebDF
id3_id26_0000,1,celebdf,0.18635885,8,CelebDF
id3_id26_0001,1,celebdf,0.5901986,8,CelebDF
id3_id26_0002,1,celebdf,0.491355,7,CelebDF
id3_id26_0003,1,celebdf,0.86457527,8,CelebDF
id3_id26_0004,1,celebdf,0.7453548,8,CelebDF
id3_id26_0005,1,celebdf,0.46310264,8,CelebDF
id3_id26_0006,1,celebdf,0.71325445,8,CelebDF
id3_id26_0008,1,celebdf,0.7864642,8,CelebDF
id3_id26_0009,1,celebdf,0.87478894,8,CelebDF
id3_id28_0000,1,celebdf,0.4893422,8,CelebDF
id3_id28_0001,1,celebdf,0.85700035,8,CelebDF
id3_id28_0002,1,celebdf,0.54445744,7,CelebDF
id3_id28_0003,1,celebdf,0.8742903,8,CelebDF
id3_id28_0004,1,celebdf,0.8554884,8,CelebDF
id3_id28_0005,1,celebdf,0.41362628,8,CelebDF
id3_id28_0006,1,celebdf,0.77628505,8,CelebDF
id3_id28_0008,1,celebdf,0.68677455,8,CelebDF
id3_id28_0009,1,celebdf,0.87752265,8,CelebDF
id3_id2_0000,1,celebdf,0.297598,8,CelebDF
id3_id2_0001,1,celebdf,0.59194607,8,CelebDF
id3_id2_0002,1,celebdf,0.20614444,7,CelebDF
id3_id2_0003,1,celebdf,0.5724202,8,CelebDF
id3_id2_0004,1,celebdf,0.51550454,8,CelebDF
id3_id2_0005,1,celebdf,0.34525678,8,CelebDF
id3_id2_0006,1,celebdf,0.24298954,8,CelebDF
id3_id2_0007,1,celebdf,0.4063263,6,CelebDF
id3_id2_0008,1,celebdf,0.2692334,8,CelebDF
id3_id2_0009,1,celebdf,0.6248894,8,CelebDF
id3_id30_0000,1,celebdf,0.65675765,8,CelebDF
id3_id30_0001,1,celebdf,0.6821794,8,CelebDF
id3_id30_0002,1,celebdf,0.53819,7,CelebDF
id3_id30_0003,1,celebdf,0.86814696,8,CelebDF
id3_id30_0004,1,celebdf,0.89467555,8,CelebDF
id3_id30_0005,1,celebdf,0.38851583,8,CelebDF
id3_id30_0006,1,celebdf,0.6246181,8,CelebDF
id3_id30_0007,1,celebdf,0.6575637,6,CelebDF
id3_id30_0008,1,celebdf,0.60692215,8,CelebDF
id3_id30_0009,1,celebdf,0.87856287,8,CelebDF
id3_id31_0000,1,celebdf,0.74183047,8,CelebDF
id3_id31_0001,1,celebdf,0.92343175,8,CelebDF
id3_id31_0002,1,celebdf,0.73681134,7,CelebDF
id3_id31_0003,1,celebdf,0.8777153,8,CelebDF
id3_id31_0004,1,celebdf,0.87583387,8,CelebDF
id3_id31_0005,1,celebdf,0.6498438,8,CelebDF
id3_id31_0006,1,celebdf,0.8440071,8,CelebDF
id3_id31_0007,1,celebdf,0.8388725,6,CelebDF
id3_id31_0008,1,celebdf,0.7845279,8,CelebDF
id3_id31_0009,1,celebdf,0.9402614,8,CelebDF
id3_id35_0000,1,celebdf,0.68275434,8,CelebDF
id3_id35_0001,1,celebdf,0.80604696,8,CelebDF
id3_id35_0002,1,celebdf,0.70463234,7,CelebDF
id3_id35_0003,1,celebdf,0.82973707,8,CelebDF
id3_id35_0004,1,celebdf,0.8673212,8,CelebDF
id3_id35_0005,1,celebdf,0.3729053,8,CelebDF
id3_id35_0006,1,celebdf,0.7512678,8,CelebDF
id3_id35_0007,1,celebdf,0.81013376,6,CelebDF
id3_id35_0008,1,celebdf,0.8699952,8,CelebDF
id3_id35_0009,1,celebdf,0.9981308,8,CelebDF
id3_id37_0000,1,celebdf,0.6501851,7,CelebDF
id3_id37_0001,1,celebdf,0.7297759,8,CelebDF
id3_id37_0002,1,celebdf,0.44947097,7,CelebDF
id3_id37_0003,1,celebdf,0.88183737,8,CelebDF
id3_id37_0004,1,celebdf,0.82001364,8,CelebDF
id3_id37_0005,1,celebdf,0.5852916,8,CelebDF
id3_id37_0006,1,celebdf,0.7371943,8,CelebDF
id3_id37_0007,1,celebdf,0.5511446,6,CelebDF
id3_id37_0008,1,celebdf,0.7417008,8,CelebDF
id3_id37_0009,1,celebdf,0.9387105,8,CelebDF
id3_id4_0001,1,celebdf,0.86052,8,CelebDF
id3_id4_0003,1,celebdf,0.787188,8,CelebDF
id3_id4_0004,1,celebdf,0.87152165,8,CelebDF
id3_id4_0005,1,celebdf,0.56108034,8,CelebDF
id3_id4_0006,1,celebdf,0.7486904,8,CelebDF
id3_id4_0008,1,celebdf,0.67241424,8,CelebDF
id3_id6_0000,1,celebdf,0.3220852,8,CelebDF
id3_id6_0001,1,celebdf,0.7741367,8,CelebDF
id3_id6_0002,1,celebdf,0.55968636,7,CelebDF
id3_id6_0003,1,celebdf,0.84630245,8,CelebDF
id3_id6_0004,1,celebdf,0.8172418,8,CelebDF
id3_id6_0005,1,celebdf,0.4252567,8,CelebDF
id3_id6_0006,1,celebdf,0.5114988,8,CelebDF
id3_id6_0007,1,celebdf,0.5783328,6,CelebDF
id3_id6_0008,1,celebdf,0.42586726,8,CelebDF
id3_id6_0009,1,celebdf,0.70422125,8,CelebDF
id3_id9_0000,1,celebdf,0.5817764,8,CelebDF
id3_id9_0001,1,celebdf,0.86706376,8,CelebDF
id3_id9_0002,1,celebdf,0.40226388,7,CelebDF
id3_id9_0003,1,celebdf,0.86409444,8,CelebDF
id3_id9_0004,1,celebdf,0.85356075,8,CelebDF
id3_id9_0005,1,celebdf,0.50733775,8,CelebDF
id3_id9_0006,1,celebdf,0.5634138,8,CelebDF
id3_id9_0007,1,celebdf,0.6043067,6,CelebDF
id3_id9_0008,1,celebdf,0.55047107,8,CelebDF
id3_id9_0009,1,celebdf,0.7767301,8,CelebDF
id40_0000,0,celebdf,0.17060594,8,CelebDF
id40_0001,0,celebdf,0.401433,6,CelebDF
id40_0002,0,celebdf,0.0018479908,8,CelebDF
id40_0003,0,celebdf,0.13973285,8,CelebDF
id40_0004,0,celebdf,0.30946016,8,CelebDF
id40_0005,0,celebdf,0.13396044,8,CelebDF
id40_0006,0,celebdf,0.1500511,7,CelebDF
id40_0007,0,celebdf,0.19464992,8,CelebDF
id40_0008,0,celebdf,0.009070376,8,CelebDF
id40_id39_0000,1,celebdf,0.4413885,8,CelebDF
id40_id39_0001,1,celebdf,0.6860782,7,CelebDF
id40_id39_0002,1,celebdf,0.8725338,8,CelebDF
id40_id39_0003,1,celebdf,0.5442035,8,CelebDF
id40_id39_0005,1,celebdf,0.73401356,8,CelebDF
id40_id39_0006,1,celebdf,0.11866021,8,CelebDF
id40_id39_0007,1,celebdf,0.66532767,8,CelebDF
id40_id39_0008,1,celebdf,0.049910724,8,CelebDF
id40_id41_0000,1,celebdf,0.22437063,8,CelebDF
id40_id41_0001,1,celebdf,0.35171768,7,CelebDF
id40_id41_0002,1,celebdf,0.47267336,8,CelebDF
id40_id41_0003,1,celebdf,0.5993288,8,CelebDF
id40_id41_0004,1,celebdf,0.79181284,8,CelebDF
id40_id41_0005,1,celebdf,0.8702201,8,CelebDF
id40_id41_0006,1,celebdf,0.10299483,8,CelebDF
id40_id41_0007,1,celebdf,0.7616357,8,CelebDF
id40_id41_0008,1,celebdf,0.04275446,8,CelebDF
id40_id42_0000,1,celebdf,0.3118606,8,CelebDF
id40_id42_0001,1,celebdf,0.8963461,7,CelebDF
id40_id42_0002,1,celebdf,0.6518562,8,CelebDF
id40_id42_0003,1,celebdf,0.26201263,8,CelebDF
id40_id42_0004,1,celebdf,0.7341832,8,CelebDF
id40_id42_0007,1,celebdf,0.6936457,8,CelebDF
id40_id42_0008,1,celebdf,0.3559835,8,CelebDF
id40_id43_0000,1,celebdf,0.17531303,8,CelebDF
id40_id43_0001,1,celebdf,0.6012783,6,CelebDF
id40_id43_0002,1,celebdf,0.74111927,8,CelebDF
id40_id43_0003,1,celebdf,0.59016556,8,CelebDF
id40_id43_0004,1,celebdf,0.6288026,8,CelebDF
id40_id43_0005,1,celebdf,0.8638364,8,CelebDF
id40_id43_0006,1,celebdf,0.06515463,8,CelebDF
id40_id43_0007,1,celebdf,0.78253204,8,CelebDF
id40_id43_0008,1,celebdf,0.119273156,8,CelebDF
id40_id44_0000,1,celebdf,0.29295194,8,CelebDF
id40_id44_0001,1,celebdf,0.7478186,7,CelebDF
id40_id44_0002,1,celebdf,0.8662944,8,CelebDF
id40_id44_0003,1,celebdf,0.7269369,8,CelebDF
id40_id44_0005,1,celebdf,0.7703912,8,CelebDF
id40_id44_0006,1,celebdf,0.40047425,8,CelebDF
id40_id44_0008,1,celebdf,0.5286561,8,CelebDF
id40_id45_0000,1,celebdf,0.026175126,8,CelebDF
id40_id45_0001,1,celebdf,0.94617987,6,CelebDF
id40_id45_0002,1,celebdf,0.15024623,8,CelebDF
id40_id45_0003,1,celebdf,0.5211447,8,CelebDF
id40_id45_0004,1,celebdf,0.77609265,8,CelebDF
id40_id45_0005,1,celebdf,0.7392673,8,CelebDF
id40_id45_0006,1,celebdf,0.10118479,8,CelebDF
id40_id45_0007,1,celebdf,0.68413156,8,CelebDF
id40_id45_0008,1,celebdf,0.11700371,8,CelebDF
id40_id46_0000,1,celebdf,0.08204372,8,CelebDF
id40_id46_0001,1,celebdf,0.8518261,7,CelebDF
id40_id46_0002,1,celebdf,0.7446814,8,CelebDF
id40_id46_0003,1,celebdf,0.7242352,8,CelebDF
id40_id46_0005,1,celebdf,0.8658867,8,CelebDF
id40_id46_0006,1,celebdf,0.25106883,8,CelebDF
id40_id46_0007,1,celebdf,0.6579606,8,CelebDF
id40_id46_0008,1,celebdf,0.3141135,8,CelebDF
id40_id47_0000,1,celebdf,0.38816833,8,CelebDF
id40_id47_0001,1,celebdf,0.80027264,6,CelebDF
id40_id47_0002,1,celebdf,0.7226249,8,CelebDF
id40_id47_0003,1,celebdf,0.60729873,8,CelebDF
id40_id47_0004,1,celebdf,0.8536986,8,CelebDF
id40_id47_0005,1,celebdf,0.8641852,8,CelebDF
id40_id47_0006,1,celebdf,0.1471523,7,CelebDF
id40_id47_0007,1,celebdf,0.7394082,8,CelebDF
id40_id47_0008,1,celebdf,0.2608623,8,CelebDF
id40_id48_0000,1,celebdf,0.2152242,8,CelebDF
id40_id48_0001,1,celebdf,0.50729984,6,CelebDF
id40_id48_0002,1,celebdf,0.6371552,8,CelebDF
id40_id48_0003,1,celebdf,0.5596791,8,CelebDF
id40_id48_0004,1,celebdf,0.7112168,8,CelebDF
id40_id48_0005,1,celebdf,0.87459373,8,CelebDF
id40_id48_0006,1,celebdf,0.028755724,7,CelebDF
id40_id48_0008,1,celebdf,0.06255081,8,CelebDF
id41_0000,0,celebdf,0.062392574,6,CelebDF
id41_0001,0,celebdf,2.4614368e-05,8,CelebDF
id41_0002,0,celebdf,0.46997416,8,CelebDF
id41_0003,0,celebdf,0.47086796,8,CelebDF
id41_0004,0,celebdf,0.0051073995,8,CelebDF
id41_0005,0,celebdf,0.7691328,8,CelebDF
id41_0006,0,celebdf,0.36707884,8,CelebDF
id41_0007,0,celebdf,0.53268236,8,CelebDF
id41_0008,0,celebdf,0.38635775,8,CelebDF
id41_0009,0,celebdf,0.040108033,8,CelebDF
id41_id40_0000,1,celebdf,0.55525786,6,CelebDF
id41_id40_0002,1,celebdf,0.8739887,8,CelebDF
id41_id40_0003,1,celebdf,0.74657595,8,CelebDF
id41_id40_0004,1,celebdf,0.3390199,8,CelebDF
id41_id40_0005,1,celebdf,0.8740244,8,CelebDF
id41_id40_0006,1,celebdf,0.7821576,8,CelebDF
id41_id40_0007,1,celebdf,0.85603666,8,CelebDF
id41_id40_0008,1,celebdf,0.9654114,8,CelebDF
id41_id40_0009,1,celebdf,0.86883855,8,CelebDF
id41_id42_0001,1,celebdf,0.12550436,8,CelebDF
id41_id42_0002,1,celebdf,0.65700865,8,CelebDF
id41_id42_0003,1,celebdf,0.82465905,8,CelebDF
id41_id42_0004,1,celebdf,0.314412,8,CelebDF
id41_id42_0006,1,celebdf,0.9958635,8,CelebDF
id41_id42_0007,1,celebdf,0.88745236,8,CelebDF
id41_id42_0008,1,celebdf,0.88637394,8,CelebDF
id41_id42_0009,1,celebdf,0.6994032,8,CelebDF
id41_id43_0000,1,celebdf,0.65958023,6,CelebDF
id41_id43_0001,1,celebdf,0.37009,8,CelebDF
id41_id43_0002,1,celebdf,0.5679824,8,CelebDF
id41_id43_0003,1,celebdf,0.6348417,8,CelebDF
id41_id43_0004,1,celebdf,0.14257814,8,CelebDF
id41_id43_0005,1,celebdf,0.87896895,8,CelebDF
id41_id43_0006,1,celebdf,0.82263047,8,CelebDF
id41_id43_0008,1,celebdf,0.86860895,8,CelebDF
id41_id44_0000,1,celebdf,0.5632009,6,CelebDF
id41_id44_0001,1,celebdf,0.46210754,8,CelebDF
id41_id44_0002,1,celebdf,0.89159685,8,CelebDF
id41_id44_0003,1,celebdf,0.86497176,8,CelebDF
id41_id44_0004,1,celebdf,0.3532704,8,CelebDF
id41_id44_0005,1,celebdf,0.79047346,8,CelebDF
id41_id44_0006,1,celebdf,0.94452214,8,CelebDF
id41_id44_0007,1,celebdf,0.89694077,8,CelebDF
id41_id44_0008,1,celebdf,0.85661185,8,CelebDF
id41_id44_0009,1,celebdf,0.9127799,8,CelebDF
id41_id45_0000,1,celebdf,0.45226967,6,CelebDF
id41_id45_0001,1,celebdf,0.06457992,8,CelebDF
id41_id45_0002,1,celebdf,0.57183963,8,CelebDF
id41_id45_0003,1,celebdf,0.6453859,8,CelebDF
id41_id45_0004,1,celebdf,0.053137403,8,CelebDF
id41_id45_0005,1,celebdf,0.87485135,8,CelebDF
id41_id45_0006,1,celebdf,0.789091,8,CelebDF
id41_id45_0007,1,celebdf,0.83311254,8,CelebDF
id41_id45_0008,1,celebdf,0.9074972,8,CelebDF
id41_id45_0009,1,celebdf,0.6870471,8,CelebDF
id41_id46_0001,1,celebdf,0.38277742,8,CelebDF
id41_id46_0002,1,celebdf,0.87172204,8,CelebDF
id41_id46_0003,1,celebdf,0.6497309,8,CelebDF
id41_id46_0004,1,celebdf,0.21510457,8,CelebDF
id41_id46_0006,1,celebdf,0.73917377,8,CelebDF
id41_id46_0008,1,celebdf,0.795093,8,CelebDF
id41_id46_0009,1,celebdf,0.61536527,8,CelebDF
id41_id47_0000,1,celebdf,0.5270384,6,CelebDF
id41_id47_0001,1,celebdf,0.24407873,8,CelebDF
id41_id47_0002,1,celebdf,0.6066918,8,CelebDF
id41_id47_0003,1,celebdf,0.76244986,8,CelebDF
id41_id47_0004,1,celebdf,0.18353908,8,CelebDF
id41_id47_0005,1,celebdf,0.75325006,8,CelebDF
id41_id47_0006,1,celebdf,0.8836159,8,CelebDF
id41_id47_0007,1,celebdf,0.7778755,8,CelebDF
id41_id47_0008,1,celebdf,0.6634541,8,CelebDF
id41_id47_0009,1,celebdf,0.39158466,8,CelebDF
id41_id48_0000,1,celebdf,0.57228285,6,CelebDF
id41_id48_0002,1,celebdf,0.7958303,8,CelebDF
id41_id48_0003,1,celebdf,0.6580022,8,CelebDF
id41_id48_0004,1,celebdf,0.12232612,8,CelebDF
id41_id48_0005,1,celebdf,0.8743978,8,CelebDF
id41_id48_0006,1,celebdf,0.82743514,8,CelebDF
id41_id48_0007,1,celebdf,0.67883617,8,CelebDF
id41_id48_0008,1,celebdf,0.76048315,8,CelebDF
id41_id48_0009,1,celebdf,0.65273595,8,CelebDF
id42_0000,0,celebdf,0.374965,8,CelebDF
id42_0001,0,celebdf,0.6451633,8,CelebDF
id42_0002,0,celebdf,0.0034078355,7,CelebDF
id42_0003,0,celebdf,0.30264935,8,CelebDF
id42_0004,0,celebdf,0.027955243,8,CelebDF
id42_id39_0000,1,celebdf,0.86340714,8,CelebDF
id42_id39_0001,1,celebdf,0.6916885,8,CelebDF
id42_id39_0002,1,celebdf,0.53001034,7,CelebDF
id42_id39_0003,1,celebdf,0.7618118,8,CelebDF
id42_id40_0000,1,celebdf,0.8500759,8,CelebDF
id42_id40_0001,1,celebdf,0.36398178,8,CelebDF
id42_id40_0002,1,celebdf,0.7017573,7,CelebDF
id42_id40_0003,1,celebdf,0.4526527,8,CelebDF
id42_id41_0000,1,celebdf,0.87034893,8,CelebDF
id42_id41_0001,1,celebdf,0.15710087,8,CelebDF
id42_id41_0002,1,celebdf,0.34174892,7,CelebDF
id42_id41_0003,1,celebdf,0.37746,8,CelebDF
id42_id43_0000,1,celebdf,0.8049632,8,CelebDF
id42_id43_0001,1,celebdf,0.4322223,8,CelebDF
id42_id43_0002,1,celebdf,0.67374563,7,CelebDF
id42_id43_0003,1,celebdf,0.75592756,8,CelebDF
id42_id44_0000,1,celebdf,0.90444577,8,CelebDF
id42_id44_0001,1,celebdf,0.30281156,8,CelebDF
id42_id44_0002,1,celebdf,0.98949736,7,CelebDF
id42_id44_0003,1,celebdf,0.7213043,8,CelebDF
id42_id45_0000,1,celebdf,0.6953147,8,CelebDF
id42_id45_0001,1,celebdf,0.32637972,8,CelebDF
id42_id45_0002,1,celebdf,0.5027851,7,CelebDF
id42_id45_0003,1,celebdf,0.47716615,8,CelebDF
id42_id46_0000,1,celebdf,0.87713194,8,CelebDF
id42_id46_0001,1,celebdf,0.32302076,8,CelebDF
id42_id46_0002,1,celebdf,0.5997182,7,CelebDF
id42_id46_0003,1,celebdf,0.74536705,8,CelebDF
id42_id47_0000,1,celebdf,0.84758043,8,CelebDF
id42_id47_0001,1,celebdf,0.534391,8,CelebDF
id42_id47_0002,1,celebdf,0.43820396,7,CelebDF
id42_id47_0003,1,celebdf,0.64915,8,CelebDF
id42_id48_0000,1,celebdf,0.88686323,8,CelebDF
id42_id48_0001,1,celebdf,0.33961427,8,CelebDF
id42_id48_0002,1,celebdf,0.36984688,7,CelebDF
id42_id48_0003,1,celebdf,0.53151256,8,CelebDF
id43_0000,0,celebdf,0.001206499,8,CelebDF
id43_0001,0,celebdf,0.8141869,8,CelebDF
id43_0002,0,celebdf,0.5516037,8,CelebDF
id43_0003,0,celebdf,0.46978098,8,CelebDF
id43_0004,0,celebdf,0.25284,8,CelebDF
id43_0005,0,celebdf,0.09093636,8,CelebDF
id43_0006,0,celebdf,0.00034858382,8,CelebDF
id43_0007,0,celebdf,0.00037117949,7,CelebDF
id43_0008,0,celebdf,0.015748767,8,CelebDF
id43_0009,0,celebdf,0.31210357,8,CelebDF
id43_id39_0000,1,celebdf,0.39806646,8,CelebDF
id43_id39_0001,1,celebdf,0.789094,8,CelebDF
id43_id39_0002,1,celebdf,0.86243993,8,CelebDF
id43_id39_0003,1,celebdf,0.7498951,8,CelebDF
id43_id39_0004,1,celebdf,0.42157036,8,CelebDF
id43_id39_0005,1,celebdf,0.6050985,8,CelebDF
id43_id39_0006,1,celebdf,0.87487596,8,CelebDF
id43_id39_0008,1,celebdf,0.49551097,8,CelebDF
id43_id39_0009,1,celebdf,0.99676687,8,CelebDF
id43_id40_0000,1,celebdf,0.07952786,8,CelebDF
id43_id40_0001,1,celebdf,0.91915226,8,CelebDF
id43_id40_0002,1,celebdf,0.79364145,8,CelebDF
id43_id40_0003,1,celebdf,0.74816513,8,CelebDF
id43_id40_0004,1,celebdf,0.558458,8,CelebDF
id43_id40_0005,1,celebdf,0.56402546,8,CelebDF
id43_id40_0006,1,celebdf,0.88283753,8,CelebDF
id43_id40_0008,1,celebdf,0.59882665,8,CelebDF
id43_id40_0009,1,celebdf,0.9911739,8,CelebDF
id43_id41_0000,1,celebdf,0.15398574,8,CelebDF
id43_id41_0001,1,celebdf,0.80732256,8,CelebDF
id43_id41_0002,1,celebdf,0.7003939,8,CelebDF
id43_id41_0003,1,celebdf,0.74971783,8,CelebDF
id43_id41_0004,1,celebdf,0.43513116,8,CelebDF
id43_id41_0005,1,celebdf,0.2131024,8,CelebDF
id43_id41_0006,1,celebdf,0.62617296,8,CelebDF
id43_id41_0007,1,celebdf,0.0019380456,7,CelebDF
id43_id41_0008,1,celebdf,0.46560916,8,CelebDF
id43_id41_0009,1,celebdf,0.9628232,8,CelebDF
id43_id42_0000,1,celebdf,0.26945913,8,CelebDF
id43_id42_0001,1,celebdf,0.89849734,8,CelebDF
id43_id42_0002,1,celebdf,0.728648,8,CelebDF
id43_id42_0005,1,celebdf,0.3287101,8,CelebDF
id43_id42_0006,1,celebdf,0.8387798,8,CelebDF
id43_id42_0007,1,celebdf,0.02895711,7,CelebDF
id43_id42_0008,1,celebdf,0.18329176,8,CelebDF
id43_id42_0009,1,celebdf,0.995327,8,CelebDF
id43_id44_0001,1,celebdf,0.9683997,8,CelebDF
id43_id44_0003,1,celebdf,0.84947616,8,CelebDF
id43_id44_0004,1,celebdf,0.62506515,8,CelebDF
id43_id44_0006,1,celebdf,0.993692,8,CelebDF
id43_id44_0007,1,celebdf,0.020201804,7,CelebDF
id43_id44_0008,1,celebdf,0.45779258,8,CelebDF
id43_id44_0009,1,celebdf,0.99820834,8,CelebDF
id43_id45_0000,1,celebdf,0.15872231,8,CelebDF
id43_id45_0001,1,celebdf,0.8360324,8,CelebDF
id43_id45_0002,1,celebdf,0.76174724,8,CelebDF
id43_id45_0003,1,celebdf,0.7046502,8,CelebDF
id43_id45_0004,1,celebdf,0.31366453,8,CelebDF
id43_id45_0006,1,celebdf,0.808821,8,CelebDF
id43_id45_0008,1,celebdf,0.280092,8,CelebDF
id43_id45_0009,1,celebdf,0.99802554,8,CelebDF
id43_id46_0000,1,celebdf,0.24168313,8,CelebDF
id43_id46_0001,1,celebdf,0.89535797,8,CelebDF
id43_id46_0002,1,celebdf,0.7490125,8,CelebDF
id43_id46_0003,1,celebdf,0.72356266,8,CelebDF
id43_id46_0004,1,celebdf,0.5962047,8,CelebDF
id43_id46_0005,1,celebdf,0.75656855,8,CelebDF
id43_id46_0006,1,celebdf,0.8741566,8,CelebDF
id43_id46_0008,1,celebdf,0.5102111,8,CelebDF
id43_id46_0009,1,celebdf,0.9946368,8,CelebDF
id43_id47_0000,1,celebdf,0.032357875,8,CelebDF
id43_id47_0001,1,celebdf,0.9162744,8,CelebDF
id43_id47_0002,1,celebdf,0.87243396,8,CelebDF
id43_id47_0003,1,celebdf,0.6866633,8,CelebDF
id43_id47_0004,1,celebdf,0.36493206,8,CelebDF
id43_id47_0005,1,celebdf,0.5171423,8,CelebDF
id43_id47_0006,1,celebdf,0.8926361,8,CelebDF
id43_id47_0008,1,celebdf,0.6467579,8,CelebDF
id43_id47_0009,1,celebdf,0.92750174,8,CelebDF
id43_id48_0000,1,celebdf,0.27292,8,CelebDF
id43_id48_0001,1,celebdf,0.75990814,8,CelebDF
id43_id48_0002,1,celebdf,0.84081346,8,CelebDF
id43_id48_0003,1,celebdf,0.6963608,8,CelebDF
id43_id48_0004,1,celebdf,0.28442007,8,CelebDF
id43_id48_0005,1,celebdf,0.60757816,8,CelebDF
id43_id48_0006,1,celebdf,0.60202605,8,CelebDF
id43_id48_0007,1,celebdf,0.0021287436,7,CelebDF
id43_id48_0008,1,celebdf,0.4366305,8,CelebDF
id43_id48_0009,1,celebdf,0.99593544,8,CelebDF
id44_0000,0,celebdf,0.27434322,8,CelebDF
id44_0001,0,celebdf,0.007793333,7,CelebDF
id44_0002,0,celebdf,0.15717429,8,CelebDF
id44_0003,0,celebdf,0.18810984,8,CelebDF
id44_0004,0,celebdf,0.47267202,8,CelebDF
id44_0005,0,celebdf,0.7252238,5,CelebDF
id44_id39_0000,1,celebdf,0.20835944,8,CelebDF
id44_id39_0001,1,celebdf,0.2810928,8,CelebDF
id44_id39_0002,1,celebdf,0.3016867,8,CelebDF
id44_id39_0003,1,celebdf,0.86593604,8,CelebDF
id44_id39_0004,1,celebdf,0.8676269,8,CelebDF
id44_id40_0000,1,celebdf,0.20357127,8,CelebDF
id44_id40_0002,1,celebdf,0.2324189,8,CelebDF
id44_id41_0000,1,celebdf,0.067818604,8,CelebDF
id44_id41_0001,1,celebdf,0.50289786,7,CelebDF
id44_id41_0002,1,celebdf,0.09356193,8,CelebDF
id44_id41_0005,1,celebdf,0.55211234,5,CelebDF
id44_id42_0000,1,celebdf,0.1205743,8,CelebDF
id44_id42_0001,1,celebdf,0.11226745,8,CelebDF
id44_id42_0002,1,celebdf,0.172902,8,CelebDF
id44_id42_0003,1,celebdf,0.87424374,8,CelebDF
id44_id42_0004,1,celebdf,0.77712107,8,CelebDF
id44_id42_0005,1,celebdf,0.372692,5,CelebDF
id44_id43_0000,1,celebdf,0.26849893,8,CelebDF
id44_id43_0001,1,celebdf,0.25225064,8,CelebDF
id44_id43_0002,1,celebdf,0.16686746,8,CelebDF
id44_id43_0003,1,celebdf,0.87192297,8,CelebDF
id44_id43_0004,1,celebdf,0.7814852,8,CelebDF
id44_id43_0005,1,celebdf,0.7976236,5,CelebDF
id44_id45_0000,1,celebdf,0.14704812,8,CelebDF
id44_id45_0001,1,celebdf,0.1738454,7,CelebDF
id44_id45_0002,1,celebdf,0.14859293,8,CelebDF
id44_id45_0003,1,celebdf,0.83041763,8,CelebDF
id44_id45_0004,1,celebdf,0.94043475,8,CelebDF
id44_id45_0005,1,celebdf,0.600777,5,CelebDF
id44_id46_0000,1,celebdf,0.18641049,8,CelebDF
id44_id46_0001,1,celebdf,0.27244976,7,CelebDF
id44_id46_0002,1,celebdf,0.16602643,8,CelebDF
id44_id46_0003,1,celebdf,0.86817944,8,CelebDF
id44_id46_0004,1,celebdf,0.54707706,8,CelebDF
id44_id47_0000,1,celebdf,0.24318697,8,CelebDF
id44_id47_0001,1,celebdf,0.31015256,8,CelebDF
id44_id47_0002,1,celebdf,0.17294079,8,CelebDF
id44_id47_0003,1,celebdf,0.8745547,8,CelebDF
id44_id47_0004,1,celebdf,0.85382426,8,CelebDF
id44_id47_0005,1,celebdf,0.79805696,5,CelebDF
id44_id48_0000,1,celebdf,0.11268035,8,CelebDF
id44_id48_0001,1,celebdf,0.18056355,7,CelebDF
id44_id48_0002,1,celebdf,0.510493,8,CelebDF
id44_id48_0003,1,celebdf,0.52719957,8,CelebDF
id44_id48_0004,1,celebdf,0.86723524,8,CelebDF
id44_id48_0005,1,celebdf,0.5990645,5,CelebDF
id45_0000,0,celebdf,0.005089743,8,CelebDF
id45_0001,0,celebdf,3.590499e-05,7,CelebDF
id45_0002,0,celebdf,0.1981498,6,CelebDF
id45_0003,0,celebdf,0.017301189,8,CelebDF
id45_0004,0,celebdf,0.061241973,8,CelebDF
id45_0005,0,celebdf,0.3064257,8,CelebDF
id45_0006,0,celebdf,0.0038011295,4,CelebDF
id45_0007,0,celebdf,0.60641664,8,CelebDF
id45_0008,0,celebdf,0.44500482,8,CelebDF
id45_0009,0,celebdf,0.58026844,8,CelebDF
id45_id39_0000,1,celebdf,0.63826424,8,CelebDF
id45_id39_0001,1,celebdf,0.7649388,7,CelebDF
id45_id39_0002,1,celebdf,0.18006998,5,CelebDF
id45_id39_0003,1,celebdf,0.20501812,8,CelebDF
id45_id39_0004,1,celebdf,0.40954754,8,CelebDF
id45_id39_0005,1,celebdf,0.6633279,8,CelebDF
id45_id39_0006,1,celebdf,0.7425345,4,CelebDF
id45_id39_0007,1,celebdf,0.79917985,8,CelebDF
id45_id39_0008,1,celebdf,0.5668494,8,CelebDF
id45_id39_0009,1,celebdf,0.82101697,8,CelebDF
id45_id40_0000,1,celebdf,0.96448237,8,CelebDF
id45_id40_0001,1,celebdf,0.84538543,7,CelebDF
id45_id40_0002,1,celebdf,0.49533787,5,CelebDF
id45_id40_0003,1,celebdf,0.23706037,8,CelebDF
id45_id40_0004,1,celebdf,0.47592992,8,CelebDF
id45_id40_0005,1,celebdf,0.6534775,8,CelebDF
id45_id40_0006,1,celebdf,0.7777274,4,CelebDF
id45_id40_0007,1,celebdf,0.7187911,8,CelebDF
id45_id40_0008,1,celebdf,0.7269357,8,CelebDF
id45_id40_0009,1,celebdf,0.8649983,8,CelebDF
id45_id41_0000,1,celebdf,0.65953475,8,CelebDF
id45_id41_0001,1,celebdf,0.8122735,7,CelebDF
id45_id41_0002,1,celebdf,0.33606187,5,CelebDF
id45_id41_0003,1,celebdf,0.03816334,8,CelebDF
id45_id41_0004,1,celebdf,0.28129643,8,CelebDF
id45_id41_0005,1,celebdf,0.7567152,8,CelebDF
id45_id41_0006,1,celebdf,0.34635404,4,CelebDF
id45_id41_0007,1,celebdf,0.71487266,8,CelebDF
id45_id41_0008,1,celebdf,0.65027916,8,CelebDF
id45_id41_0009,1,celebdf,0.7498554,8,CelebDF
id45_id42_0000,1,celebdf,0.8698987,8,CelebDF
id45_id42_0002,1,celebdf,0.068781376,6,CelebDF
id45_id42_0003,1,celebdf,0.32646596,8,CelebDF
id45_id42_0004,1,celebdf,0.30538717,8,CelebDF
id45_id42_0005,1,celebdf,0.50384706,8,CelebDF
id45_id42_0006,1,celebdf,0.52245224,5,CelebDF
id45_id42_0007,1,celebdf,0.7505597,8,CelebDF
id45_id42_0008,1,celebdf,0.6211202,8,CelebDF
id45_id43_0000,1,celebdf,0.73644066,8,CelebDF
id45_id43_0001,1,celebdf,0.7024182,7,CelebDF
id45_id43_0002,1,celebdf,0.104922436,5,CelebDF
id45_id43_0003,1,celebdf,0.08809434,8,CelebDF
id45_id43_0004,1,celebdf,0.09476681,8,CelebDF
id45_id43_0005,1,celebdf,0.591454,8,CelebDF
id45_id43_0006,1,celebdf,0.17405128,6,CelebDF
id45_id43_0007,1,celebdf,0.8718291,8,CelebDF
id45_id43_0008,1,celebdf,0.6090682,8,CelebDF
id45_id43_0009,1,celebdf,0.6543228,8,CelebDF
id45_id44_0000,1,celebdf,0.7957014,8,CelebDF
id45_id44_0001,1,celebdf,0.69848555,7,CelebDF
id45_id44_0002,1,celebdf,0.21077614,6,CelebDF
id45_id44_0003,1,celebdf,0.21039023,8,CelebDF
id45_id44_0004,1,celebdf,0.44742703,8,CelebDF
id45_id44_0005,1,celebdf,0.6815039,8,CelebDF
id45_id44_0006,1,celebdf,0.73609924,4,CelebDF
id45_id44_0007,1,celebdf,0.86829937,8,CelebDF
id45_id44_0008,1,celebdf,0.8416377,8,CelebDF
id45_id44_0009,1,celebdf,0.7581373,8,CelebDF
id45_id46_0000,1,celebdf,0.9206615,8,CelebDF
id45_id46_0002,1,celebdf,0.26130924,6,CelebDF
id45_id46_0003,1,celebdf,0.36422384,8,CelebDF
id45_id46_0004,1,celebdf,0.15559506,8,CelebDF
id45_id46_0005,1,celebdf,0.7362017,8,CelebDF
id45_id46_0006,1,celebdf,0.6673291,4,CelebDF
id45_id46_0007,1,celebdf,0.7205262,8,CelebDF
id45_id46_0008,1,celebdf,0.6206553,8,CelebDF
id45_id46_0009,1,celebdf,0.7469026,8,CelebDF
id45_id47_0000,1,celebdf,0.6568204,8,CelebDF
id45_id47_0001,1,celebdf,0.6525654,7,CelebDF
id45_id47_0002,1,celebdf,0.43799272,6,CelebDF
id45_id47_0003,1,celebdf,0.24482943,8,CelebDF
id45_id47_0004,1,celebdf,0.2673345,8,CelebDF
id45_id47_0005,1,celebdf,0.6876764,8,CelebDF
id45_id47_0006,1,celebdf,0.10615781,4,CelebDF
id45_id47_0007,1,celebdf,0.7986759,8,CelebDF
id45_id47_0008,1,celebdf,0.46440777,8,CelebDF
id45_id47_0009,1,celebdf,0.82065415,8,CelebDF
id45_id48_0000,1,celebdf,0.8614572,8,CelebDF
id45_id48_0001,1,celebdf,0.77950555,7,CelebDF
id45_id48_0002,1,celebdf,0.16177902,5,CelebDF
id45_id48_0003,1,celebdf,0.22849448,8,CelebDF
id45_id48_0004,1,celebdf,0.42687827,8,CelebDF
id45_id48_0005,1,celebdf,0.6056895,8,CelebDF
id45_id48_0006,1,celebdf,0.4841882,4,CelebDF
id45_id48_0007,1,celebdf,0.72357315,8,CelebDF
id45_id48_0008,1,celebdf,0.64030266,8,CelebDF
id45_id48_0009,1,celebdf,0.6355757,8,CelebDF
id46_0000,0,celebdf,0.7420432,8,CelebDF
id46_0001,0,celebdf,0.10595953,8,CelebDF
id46_0002,0,celebdf,0.3449118,8,CelebDF
id46_0003,0,celebdf,0.38202158,8,CelebDF
id46_0004,0,celebdf,0.0012495586,8,CelebDF
id46_0005,0,celebdf,0.31853098,8,CelebDF
id46_0006,0,celebdf,0.07111744,8,CelebDF
id46_0007,0,celebdf,0.61287814,7,CelebDF
id46_0008,0,celebdf,0.057906114,8,CelebDF
id46_0009,0,celebdf,0.4724527,8,CelebDF
id46_id39_0000,1,celebdf,0.78374296,8,CelebDF
id46_id39_0001,1,celebdf,0.79040885,8,CelebDF
id46_id39_0002,1,celebdf,0.9125242,8,CelebDF
id46_id39_0003,1,celebdf,0.73579365,8,CelebDF
id46_id39_0004,1,celebdf,0.48228574,8,CelebDF
id46_id39_0005,1,celebdf,0.7129897,8,CelebDF
id46_id39_0006,1,celebdf,0.5909086,8,CelebDF
id46_id39_0007,1,celebdf,0.85173595,7,CelebDF
id46_id39_0008,1,celebdf,0.99995995,8,CelebDF
id46_id39_0009,1,celebdf,0.42275944,8,CelebDF
id46_id40_0002,1,celebdf,0.9891987,8,CelebDF
id46_id40_0004,1,celebdf,0.6652477,8,CelebDF
id46_id40_0008,1,celebdf,0.9997379,8,CelebDF
id46_id40_0009,1,celebdf,0.65595233,8,CelebDF
id46_id41_0000,1,celebdf,0.7412414,8,CelebDF
id46_id41_0001,1,celebdf,0.82448745,8,CelebDF
id46_id41_0002,1,celebdf,0.64581484,8,CelebDF
id46_id41_0003,1,celebdf,0.6832458,8,CelebDF
id46_id41_0004,1,celebdf,0.17814294,8,CelebDF
id46_id41_0005,1,celebdf,0.7483045,8,CelebDF
id46_id41_0007,1,celebdf,0.7864465,7,CelebDF
id46_id41_0008,1,celebdf,0.9999146,8,CelebDF
id46_id41_0009,1,celebdf,0.6006167,8,CelebDF
id46_id42_0000,1,celebdf,0.7367899,8,CelebDF
id46_id42_0001,1,celebdf,0.51380676,8,CelebDF
id46_id42_0002,1,celebdf,0.9899719,8,CelebDF
id46_id42_0003,1,celebdf,0.5597828,8,CelebDF
id46_id42_0004,1,celebdf,0.36097288,8,CelebDF
id46_id42_0005,1,celebdf,0.3517694,8,CelebDF
id46_id42_0006,1,celebdf,0.76605564,8,CelebDF
id46_id42_0007,1,celebdf,0.660995,7,CelebDF
id46_id42_0008,1,celebdf,0.9983566,8,CelebDF
id46_id42_0009,1,celebdf,0.4122817,8,CelebDF
id46_id43_0000,1,celebdf,0.8227714,8,CelebDF
id46_id43_0001,1,celebdf,0.87123734,8,CelebDF
id46_id43_0002,1,celebdf,0.99192077,8,CelebDF
id46_id43_0003,1,celebdf,0.4605766,8,CelebDF
id46_id43_0004,1,celebdf,0.38439786,8,CelebDF
id46_id43_0005,1,celebdf,0.85209125,8,CelebDF
id46_id43_0006,1,celebdf,0.8673545,8,CelebDF
id46_id43_0007,1,celebdf,0.82951635,7,CelebDF
id46_id43_0008,1,celebdf,0.9961322,8,CelebDF
id46_id43_0009,1,celebdf,0.6699678,8,CelebDF
id46_id44_0000,1,celebdf,0.62580293,8,CelebDF
id46_id44_0001,1,celebdf,0.87564147,8,CelebDF
id46_id44_0003,1,celebdf,0.83901757,8,CelebDF
id46_id44_0005,1,celebdf,0.8358315,8,CelebDF
id46_id44_0007,1,celebdf,0.8493667,7,CelebDF
id46_id45_0000,1,celebdf,0.58244306,8,CelebDF
id46_id45_0001,1,celebdf,0.69395715,8,CelebDF
id46_id45_0002,1,celebdf,0.94586354,8,CelebDF
id46_id45_0003,1,celebdf,0.7617706,8,CelebDF
id46_id45_0004,1,celebdf,0.04631085,8,CelebDF
id46_id45_0005,1,celebdf,0.8591918,8,CelebDF
id46_id45_0006,1,celebdf,0.78305495,8,CelebDF
id46_id45_0007,1,celebdf,0.7271463,7,CelebDF
id46_id45_0008,1,celebdf,0.9933444,8,CelebDF
id46_id45_0009,1,celebdf,0.31442562,8,CelebDF
id46_id47_0000,1,celebdf,0.73773146,8,CelebDF
id46_id47_0001,1,celebdf,0.85475355,8,CelebDF
id46_id47_0002,1,celebdf,0.98492044,8,CelebDF
id46_id47_0003,1,celebdf,0.8065787,8,CelebDF
id46_id47_0004,1,celebdf,0.53987676,8,CelebDF
id46_id47_0005,1,celebdf,0.8029988,8,CelebDF
id46_id47_0006,1,celebdf,0.6684138,8,CelebDF
id46_id47_0007,1,celebdf,0.85590476,7,CelebDF
id46_id47_0008,1,celebdf,0.9999539,8,CelebDF
id46_id47_0009,1,celebdf,0.42441404,8,CelebDF
id46_id48_0000,1,celebdf,0.6882732,8,CelebDF
id46_id48_0002,1,celebdf,0.8671544,8,CelebDF
id46_id48_0003,1,celebdf,0.7056015,8,CelebDF
id46_id48_0004,1,celebdf,0.7039315,8,CelebDF
id46_id48_0005,1,celebdf,0.92903566,8,CelebDF
id46_id48_0007,1,celebdf,0.8526074,7,CelebDF
id46_id48_0008,1,celebdf,0.99690694,8,CelebDF
id46_id48_0009,1,celebdf,0.5557345,8,CelebDF
id47_0000,0,celebdf,1.3872186e-05,8,CelebDF
id47_0001,0,celebdf,0.346133,8,CelebDF
id47_0002,0,celebdf,0.0013140634,7,CelebDF
id47_0003,0,celebdf,0.11658098,8,CelebDF
id47_0004,0,celebdf,0.43663266,8,CelebDF
id47_0005,0,celebdf,0.052893173,8,CelebDF
id47_0006,0,celebdf,0.4243201,8,CelebDF
id47_0007,0,celebdf,0.013982477,5,CelebDF
id47_0008,0,celebdf,0.10838849,8,CelebDF
id47_0009,0,celebdf,0.7096678,8,CelebDF
id47_id39_0000,1,celebdf,0.06976342,8,CelebDF
id47_id39_0001,1,celebdf,0.7269529,8,CelebDF
id47_id39_0002,1,celebdf,0.71960306,7,CelebDF
id47_id39_0003,1,celebdf,0.6776634,8,CelebDF
id47_id39_0004,1,celebdf,0.8716297,8,CelebDF
id47_id39_0005,1,celebdf,0.48712492,8,CelebDF
id47_id39_0006,1,celebdf,0.7499404,8,CelebDF
id47_id39_0007,1,celebdf,0.60172236,5,CelebDF
id47_id39_0008,1,celebdf,0.8785811,8,CelebDF
id47_id39_0009,1,celebdf,0.7503348,8,CelebDF
id47_id40_0000,1,celebdf,0.07754103,8,CelebDF
id47_id40_0001,1,celebdf,0.76099384,8,CelebDF
id47_id40_0003,1,celebdf,0.7040326,8,CelebDF
id47_id40_0004,1,celebdf,0.8472008,8,CelebDF
id47_id40_0005,1,celebdf,0.6128352,8,CelebDF
id47_id40_0006,1,celebdf,0.52404875,8,CelebDF
id47_id40_0007,1,celebdf,0.4714102,5,CelebDF
id47_id40_0008,1,celebdf,0.87232256,8,CelebDF
id47_id40_0009,1,celebdf,0.7689156,8,CelebDF
id47_id41_0000,1,celebdf,0.10057092,8,CelebDF
id47_id41_0001,1,celebdf,0.7129693,8,CelebDF
id47_id41_0002,1,celebdf,0.63042676,7,CelebDF
id47_id41_0003,1,celebdf,0.6432183,8,CelebDF
id47_id41_0004,1,celebdf,0.37154013,8,CelebDF
id47_id41_0005,1,celebdf,0.1344219,8,CelebDF
id47_id41_0006,1,celebdf,0.46568102,8,CelebDF
id47_id41_0007,1,celebdf,0.5503425,5,CelebDF
id47_id41_0008,1,celebdf,0.8526844,8,CelebDF
id47_id41_0009,1,celebdf,0.7499289,8,CelebDF
id47_id42_0000,1,celebdf,0.017776916,8,CelebDF
id47_id42_0001,1,celebdf,0.8133212,8,CelebDF
id47_id42_0002,1,celebdf,0.6738971,6,CelebDF
id47_id42_0003,1,celebdf,0.79473996,8,CelebDF
id47_id42_0004,1,celebdf,0.9022928,8,CelebDF
id47_id42_0005,1,celebdf,0.46918687,8,CelebDF
id47_id42_0006,1,celebdf,0.7076204,8,CelebDF
id47_id42_0007,1,celebdf,0.4101666,5,CelebDF
id47_id42_0008,1,celebdf,0.95731384,8,CelebDF
id47_id42_0009,1,celebdf,0.75023437,8,CelebDF
id47_id43_0000,1,celebdf,0.13700393,8,CelebDF
id47_id43_0001,1,celebdf,0.69740516,8,CelebDF
id47_id43_0002,1,celebdf,0.69762224,7,CelebDF
id47_id43_0003,1,celebdf,0.564885,8,CelebDF
id47_id43_0004,1,celebdf,0.49125606,8,CelebDF
id47_id43_0005,1,celebdf,0.49604732,8,CelebDF
id47_id43_0006,1,celebdf,0.73574597,8,CelebDF
id47_id43_0007,1,celebdf,0.4837914,5,CelebDF
id47_id43_0008,1,celebdf,0.6580578,8,CelebDF
id47_id43_0009,1,celebdf,0.7468189,8,CelebDF
id47_id44_0000,1,celebdf,0.17453447,8,CelebDF
id47_id44_0001,1,celebdf,0.7060254,8,CelebDF
id47_id44_0002,1,celebdf,0.5469256,6,CelebDF
id47_id44_0003,1,celebdf,0.9485846,8,CelebDF
id47_id44_0004,1,celebdf,0.58051145,8,CelebDF
id47_id44_0005,1,celebdf,0.4718933,8,CelebDF
id47_id44_0006,1,celebdf,0.70711225,8,CelebDF
id47_id44_0007,1,celebdf,0.53140795,5,CelebDF
id47_id44_0008,1,celebdf,0.89747834,8,CelebDF
id47_id44_0009,1,celebdf,0.8710222,8,CelebDF
id47_id45_0000,1,celebdf,0.12997311,8,CelebDF
id47_id45_0001,1,celebdf,0.83088505,8,CelebDF
id47_id45_0002,1,celebdf,0.6096509,7,CelebDF
id47_id45_0003,1,celebdf,0.75799274,8,CelebDF
id47_id45_0004,1,celebdf,0.40016854,8,CelebDF
id47_id45_0005,1,celebdf,0.43525007,8,CelebDF
id47_id45_0006,1,celebdf,0.54595745,8,CelebDF
id47_id45_0007,1,celebdf,0.4187924,5,CelebDF
id47_id45_0008,1,celebdf,0.87428844,8,CelebDF
id47_id45_0009,1,celebdf,0.7490567,8,CelebDF
id47_id46_0000,1,celebdf,0.10425958,8,CelebDF
id47_id46_0001,1,celebdf,0.69220877,8,CelebDF
id47_id46_0002,1,celebdf,0.66113776,6,CelebDF
id47_id46_0003,1,celebdf,0.7924061,8,CelebDF
id47_id46_0004,1,celebdf,0.5975191,8,CelebDF
id47_id46_0005,1,celebdf,0.6829659,8,CelebDF
id47_id46_0006,1,celebdf,0.5645847,8,CelebDF
id47_id46_0007,1,celebdf,0.5818713,5,CelebDF
id47_id46_0008,1,celebdf,0.78438824,8,CelebDF
id47_id46_0009,1,celebdf,0.750322,8,CelebDF
id47_id48_0000,1,celebdf,0.035922486,8,CelebDF
id47_id48_0001,1,celebdf,0.7364314,8,CelebDF
id47_id48_0002,1,celebdf,0.70119673,6,CelebDF
id47_id48_0003,1,celebdf,0.8023459,8,CelebDF
id47_id48_0004,1,celebdf,0.48977324,8,CelebDF
id47_id48_0005,1,celebdf,0.74659455,8,CelebDF
id47_id48_0006,1,celebdf,0.53256595,8,CelebDF
id47_id48_0007,1,celebdf,0.4657165,5,CelebDF
id47_id48_0008,1,celebdf,0.8741285,8,CelebDF
id47_id48_0009,1,celebdf,0.7497615,8,CelebDF
id48_0000,0,celebdf,0.5416424,8,CelebDF
id48_0001,0,celebdf,0.00029150644,8,CelebDF
id48_0002,0,celebdf,0.06229452,8,CelebDF
id48_0003,0,celebdf,0.16075464,8,CelebDF
id48_0004,0,celebdf,0.22197026,8,CelebDF
id48_0005,0,celebdf,0.087192625,8,CelebDF
id48_0006,0,celebdf,0.51735646,8,CelebDF
id48_0007,0,celebdf,0.3505773,8,CelebDF
id48_0008,0,celebdf,0.5930008,8,CelebDF
id48_0009,0,celebdf,0.1518774,8,CelebDF
id48_id39_0000,1,celebdf,0.7992209,8,CelebDF
id48_id39_0001,1,celebdf,0.0026673756,8,CelebDF
id48_id39_0002,1,celebdf,0.4296036,8,CelebDF
id48_id39_0003,1,celebdf,0.6378225,8,CelebDF
id48_id39_0004,1,celebdf,0.7486369,8,CelebDF
id48_id39_0005,1,celebdf,0.7462006,8,CelebDF
id48_id39_0006,1,celebdf,0.8701468,8,CelebDF
id48_id39_0007,1,celebdf,0.22336958,8,CelebDF
id48_id39_0008,1,celebdf,0.5830536,8,CelebDF
id48_id39_0009,1,celebdf,0.67393374,8,CelebDF
id48_id40_0000,1,celebdf,0.822229,8,CelebDF
id48_id40_0001,1,celebdf,0.06225275,8,CelebDF
id48_id40_0002,1,celebdf,0.47960657,8,CelebDF
id48_id40_0003,1,celebdf,0.76053804,8,CelebDF
id48_id40_0004,1,celebdf,0.5289612,8,CelebDF
id48_id40_0005,1,celebdf,0.7588651,8,CelebDF
id48_id40_0006,1,celebdf,0.8038957,8,CelebDF
id48_id40_0007,1,celebdf,0.5408578,8,CelebDF
id48_id40_0008,1,celebdf,0.86865264,8,CelebDF
id48_id40_0009,1,celebdf,0.68955415,8,CelebDF
id48_id41_0001,1,celebdf,0.05323315,8,CelebDF
id48_id41_0002,1,celebdf,0.49782354,8,CelebDF
id48_id41_0003,1,celebdf,0.5206973,8,CelebDF
id48_id41_0004,1,celebdf,0.5083004,8,CelebDF
id48_id41_0006,1,celebdf,0.7592585,8,CelebDF
id48_id41_0007,1,celebdf,0.068839855,8,CelebDF
id48_id41_0009,1,celebdf,0.41696256,8,CelebDF
id48_id42_0000,1,celebdf,0.43691573,8,CelebDF
id48_id42_0001,1,celebdf,0.0030911022,8,CelebDF
id48_id42_0002,1,celebdf,0.116087854,8,CelebDF
id48_id42_0003,1,celebdf,0.50747657,8,CelebDF
id48_id42_0004,1,celebdf,0.5686652,8,CelebDF
id48_id42_0005,1,celebdf,0.43314332,8,CelebDF
id48_id42_0006,1,celebdf,0.71207744,8,CelebDF
id48_id42_0007,1,celebdf,0.26151878,8,CelebDF
id48_id42_0008,1,celebdf,0.6848689,8,CelebDF
id48_id42_0009,1,celebdf,0.28755948,8,CelebDF
id48_id43_0001,1,celebdf,0.008337651,8,CelebDF
id48_id43_0002,1,celebdf,0.6510868,8,CelebDF
id48_id43_0003,1,celebdf,0.73602164,8,CelebDF
id48_id43_0004,1,celebdf,0.51556015,8,CelebDF
id48_id43_0005,1,celebdf,0.37250358,8,CelebDF
id48_id43_0006,1,celebdf,0.71317995,8,CelebDF
id48_id43_0007,1,celebdf,0.13330607,8,CelebDF
id48_id43_0008,1,celebdf,0.7326532,8,CelebDF
id48_id43_0009,1,celebdf,0.51935226,8,CelebDF
id48_id44_0000,1,celebdf,0.6408781,8,CelebDF
id48_id44_0001,1,celebdf,0.104671925,8,CelebDF
id48_id44_0002,1,celebdf,0.38167512,8,CelebDF
id48_id44_0003,1,celebdf,0.82440084,8,CelebDF
id48_id44_0004,1,celebdf,0.5662594,8,CelebDF
id48_id44_0005,1,celebdf,0.72576606,8,CelebDF
id48_id44_0006,1,celebdf,0.8806009,8,CelebDF
id48_id44_0007,1,celebdf,0.24576627,8,CelebDF
id48_id44_0008,1,celebdf,0.6346639,8,CelebDF
id48_id44_0009,1,celebdf,0.60460865,8,CelebDF
id48_id45_0000,1,celebdf,0.6510115,8,CelebDF
id48_id45_0001,1,celebdf,0.0046282825,8,CelebDF
id48_id45_0002,1,celebdf,0.16934723,8,CelebDF
id48_id45_0003,1,celebdf,0.6535184,8,CelebDF
id48_id45_0004,1,celebdf,0.489605,8,CelebDF
id48_id45_0005,1,celebdf,0.5389591,8,CelebDF
id48_id45_0006,1,celebdf,0.7281323,8,CelebDF
id48_id45_0007,1,celebdf,0.07135971,8,CelebDF
id48_id45_0008,1,celebdf,0.73357046,8,CelebDF
id48_id45_0009,1,celebdf,0.32462126,8,CelebDF
id48_id46_0001,1,celebdf,0.028627174,8,CelebDF
id48_id46_0002,1,celebdf,0.3541155,8,CelebDF
id48_id46_0003,1,celebdf,0.5253099,8,CelebDF
id48_id46_0004,1,celebdf,0.5052988,8,CelebDF
id48_id46_0005,1,celebdf,0.7444806,8,CelebDF
id48_id46_0006,1,celebdf,0.82007235,8,CelebDF
id48_id46_0007,1,celebdf,0.40394464,8,CelebDF
id48_id46_0009,1,celebdf,0.6826396,8,CelebDF
id48_id47_0000,1,celebdf,0.64427537,8,CelebDF
id48_id47_0001,1,celebdf,0.0002482459,8,CelebDF
id48_id47_0002,1,celebdf,0.16187981,8,CelebDF
id48_id47_0003,1,celebdf,0.49802625,8,CelebDF
id48_id47_0004,1,celebdf,0.64359325,8,CelebDF
id48_id47_0005,1,celebdf,0.7320851,8,CelebDF
id48_id47_0006,1,celebdf,0.7874054,8,CelebDF
id48_id47_0007,1,celebdf,0.014378674,8,CelebDF
id48_id47_0008,1,celebdf,0.784155,8,CelebDF
id48_id47_0009,1,celebdf,0.6280439,8,CelebDF
id49_0000,0,celebdf,0.0037256086,7,CelebDF
id49_0001,0,celebdf,0.5659474,8,CelebDF
id49_0002,0,celebdf,0.30543986,8,CelebDF
id49_0003,0,celebdf,0.15640152,8,CelebDF
id49_0004,0,celebdf,0.34975526,8,CelebDF
id49_0005,0,celebdf,0.45439613,8,CelebDF
id49_0006,0,celebdf,0.27526867,8,CelebDF
id49_0007,0,celebdf,0.2856086,8,CelebDF
id49_0008,0,celebdf,0.0012183135,8,CelebDF
id49_0009,0,celebdf,0.08223723,8,CelebDF
id49_id50_0000,1,celebdf,0.5383127,7,CelebDF
id49_id50_0001,1,celebdf,0.7800958,8,CelebDF
id49_id50_0002,1,celebdf,0.72494555,8,CelebDF
id49_id50_0003,1,celebdf,0.49769735,8,CelebDF
id49_id50_0004,1,celebdf,0.78201586,8,CelebDF
id49_id50_0005,1,celebdf,0.86913323,8,CelebDF
id49_id50_0006,1,celebdf,0.83990633,8,CelebDF
id49_id50_0007,1,celebdf,0.8670394,8,CelebDF
id49_id50_0008,1,celebdf,0.86988485,8,CelebDF
id49_id50_0009,1,celebdf,0.9078012,8,CelebDF
id49_id51_0000,1,celebdf,0.43602046,7,CelebDF
id49_id51_0001,1,celebdf,0.76173353,8,CelebDF
id49_id51_0002,1,celebdf,0.56691176,8,CelebDF
id49_id51_0003,1,celebdf,0.50662,8,CelebDF
id49_id51_0004,1,celebdf,0.31716347,8,CelebDF
id49_id51_0005,1,celebdf,0.8714298,8,CelebDF
id49_id51_0006,1,celebdf,0.7830583,8,CelebDF
id49_id51_0007,1,celebdf,0.63628775,8,CelebDF
id49_id51_0008,1,celebdf,0.8641262,8,CelebDF
id49_id51_0009,1,celebdf,0.878103,8,CelebDF
id49_id52_0000,1,celebdf,0.056471407,7,CelebDF
id49_id52_0001,1,celebdf,0.74402136,8,CelebDF
id49_id52_0002,1,celebdf,0.54640603,8,CelebDF
id49_id52_0003,1,celebdf,0.5024986,8,CelebDF
id49_id52_0004,1,celebdf,0.62121797,8,CelebDF
id49_id52_0005,1,celebdf,0.7783804,8,CelebDF
id49_id52_0006,1,celebdf,0.3635904,8,CelebDF
id49_id52_0007,1,celebdf,0.70753556,8,CelebDF
id49_id52_0008,1,celebdf,0.829167,8,CelebDF
id49_id52_0009,1,celebdf,0.7623489,8,CelebDF
id49_id53_0000,1,celebdf,0.75129193,7,CelebDF
id49_id53_0001,1,celebdf,0.77591884,8,CelebDF
id49_id53_0002,1,celebdf,0.630116,8,CelebDF
id49_id53_0004,1,celebdf,0.71597743,8,CelebDF
id49_id53_0005,1,celebdf,0.8740959,8,CelebDF
id49_id53_0006,1,celebdf,0.7580835,7,CelebDF
id49_id53_0007,1,celebdf,0.871168,8,CelebDF
id49_id53_0008,1,celebdf,0.87087595,8,CelebDF
id49_id54_0000,1,celebdf,0.3722125,7,CelebDF
id49_id54_0001,1,celebdf,0.6354606,8,CelebDF
id49_id54_0002,1,celebdf,0.7363486,8,CelebDF
id49_id54_0003,1,celebdf,0.5063067,8,CelebDF
id49_id54_0004,1,celebdf,0.6146101,8,CelebDF
id49_id54_0005,1,celebdf,0.875239,8,CelebDF
id49_id54_0006,1,celebdf,0.8436984,8,CelebDF
id49_id54_0007,1,celebdf,0.83486056,8,CelebDF
id49_id54_0008,1,celebdf,0.8610433,8,CelebDF
id49_id54_0009,1,celebdf,0.97422564,8,CelebDF
id49_id55_0000,1,celebdf,0.45983782,7,CelebDF
id49_id55_0001,1,celebdf,0.77854705,8,CelebDF
id49_id55_0002,1,celebdf,0.50574803,8,CelebDF
id49_id55_0003,1,celebdf,0.49728158,8,CelebDF
id49_id55_0004,1,celebdf,0.5994033,8,CelebDF
id49_id55_0005,1,celebdf,0.8705235,8,CelebDF
id49_id55_0006,1,celebdf,0.6728942,7,CelebDF
id49_id55_0007,1,celebdf,0.8757183,8,CelebDF
id49_id55_0008,1,celebdf,0.71208644,8,CelebDF
id49_id55_0009,1,celebdf,0.87925905,8,CelebDF
id49_id56_0000,1,celebdf,0.19013874,7,CelebDF
id49_id56_0001,1,celebdf,0.7445711,8,CelebDF
id49_id56_0002,1,celebdf,0.74784243,8,CelebDF
id49_id56_0004,1,celebdf,0.6300852,8,CelebDF
id49_id56_0005,1,celebdf,0.8277845,8,CelebDF
id49_id56_0006,1,celebdf,0.74066865,8,CelebDF
id49_id56_0007,1,celebdf,0.79772085,8,CelebDF
id49_id56_0008,1,celebdf,0.6960209,8,CelebDF
id49_id56_0009,1,celebdf,0.87571067,8,CelebDF
id49_id57_0000,1,celebdf,0.04322048,7,CelebDF
id49_id57_0001,1,celebdf,0.69675654,8,CelebDF
id49_id57_0002,1,celebdf,0.62467986,8,CelebDF
id49_id57_0004,1,celebdf,0.37723696,8,CelebDF
id49_id57_0005,1,celebdf,0.76672715,8,CelebDF
id49_id57_0006,1,celebdf,0.4838101,7,CelebDF
id49_id57_0007,1,celebdf,0.62584853,8,CelebDF
id49_id57_0008,1,celebdf,0.23666176,8,CelebDF
id49_id58_0000,1,celebdf,0.60508287,7,CelebDF
id49_id58_0001,1,celebdf,0.76900804,8,CelebDF
id49_id58_0002,1,celebdf,0.6605968,8,CelebDF
id49_id58_0004,1,celebdf,0.63882816,8,CelebDF
id49_id58_0005,1,celebdf,0.859369,8,CelebDF
id49_id58_0006,1,celebdf,0.5218269,7,CelebDF
id49_id58_0007,1,celebdf,0.7027892,8,CelebDF
id49_id58_0008,1,celebdf,0.8630602,8,CelebDF
id49_id58_0009,1,celebdf,0.71884036,8,CelebDF
id4_0000,0,celebdf,0.5442476,5,CelebDF
id4_0001,0,celebdf,0.053202596,7,CelebDF
id4_0002,0,celebdf,0.30097756,8,CelebDF
id4_0003,0,celebdf,0.03732359,8,CelebDF
id4_0004,0,celebdf,0.054683007,5,CelebDF
id4_0005,0,celebdf,0.12726513,8,CelebDF
id4_0006,0,celebdf,0.00020841093,8,CelebDF
id4_0007,0,celebdf,0.35791817,8,CelebDF
id4_0008,0,celebdf,0.49204946,8,CelebDF
id4_0009,0,celebdf,0.5730609,8,CelebDF
id4_id0_0000,1,celebdf,0.50750697,5,CelebDF
id4_id0_0001,1,celebdf,0.0892579,7,CelebDF
id4_id0_0002,1,celebdf,0.5440435,8,CelebDF
id4_id0_0003,1,celebdf,0.18511914,8,CelebDF
id4_id0_0004,1,celebdf,0.34913564,5,CelebDF
id4_id0_0005,1,celebdf,0.09095959,8,CelebDF
id4_id0_0006,1,celebdf,0.22321358,8,CelebDF
id4_id0_0007,1,celebdf,0.18375054,8,CelebDF
id4_id0_0008,1,celebdf,0.60171837,8,CelebDF
id4_id0_0009,1,celebdf,0.53960454,8,CelebDF
id4_id1_0000,1,celebdf,0.40977335,5,CelebDF
id4_id1_0001,1,celebdf,0.1552692,8,CelebDF
id4_id1_0002,1,celebdf,0.54256654,8,CelebDF
id4_id1_0003,1,celebdf,0.35379964,8,CelebDF
id4_id1_0004,1,celebdf,0.42193893,6,CelebDF
id4_id1_0005,1,celebdf,0.33239686,8,CelebDF
id4_id1_0006,1,celebdf,0.03574768,8,CelebDF
id4_id1_0007,1,celebdf,0.1940083,8,CelebDF
id4_id1_0008,1,celebdf,0.5157268,8,CelebDF
id4_id1_0009,1,celebdf,0.38197365,8,CelebDF
id4_id20_0000,1,celebdf,0.52838635,5,CelebDF
id4_id20_0001,1,celebdf,0.18769357,8,CelebDF
id4_id20_0002,1,celebdf,0.65499616,8,CelebDF
id4_id20_0003,1,celebdf,0.8816608,8,CelebDF
id4_id20_0004,1,celebdf,0.34814495,5,CelebDF
id4_id20_0005,1,celebdf,0.25595832,8,CelebDF
id4_id20_0006,1,celebdf,0.3657495,8,CelebDF
id4_id20_0007,1,celebdf,0.39385334,8,CelebDF
id4_id20_0008,1,celebdf,0.5489792,8,CelebDF
id4_id20_0009,1,celebdf,0.6462489,8,CelebDF
id4_id21_0002,1,celebdf,0.8045585,8,CelebDF
id4_id21_0004,1,celebdf,0.28310552,6,CelebDF
id4_id21_0006,1,celebdf,0.27899414,8,CelebDF
id4_id21_0007,1,celebdf,0.34762397,8,CelebDF
id4_id21_0008,1,celebdf,0.73060936,8,CelebDF
id4_id21_0009,1,celebdf,0.63453555,8,CelebDF
id4_id23_0000,1,celebdf,0.5765808,5,CelebDF
id4_id23_0001,1,celebdf,0.07754592,7,CelebDF
id4_id23_0002,1,celebdf,0.7105987,8,CelebDF
id4_id23_0003,1,celebdf,0.6580907,8,CelebDF
id4_id23_0004,1,celebdf,0.40240774,5,CelebDF
id4_id23_0005,1,celebdf,0.35925153,8,CelebDF
id4_id23_0006,1,celebdf,0.39784938,8,CelebDF
id4_id23_0007,1,celebdf,0.3879627,8,CelebDF
id4_id23_0008,1,celebdf,0.72975016,8,CelebDF
id4_id23_0009,1,celebdf,0.673349,8,CelebDF
id4_id26_0000,1,celebdf,0.6231111,5,CelebDF
id4_id26_0001,1,celebdf,0.23878503,8,CelebDF
id4_id26_0002,1,celebdf,0.7328961,8,CelebDF
id4_id26_0003,1,celebdf,0.57750535,8,CelebDF
id4_id26_0004,1,celebdf,0.53846353,5,CelebDF
id4_id26_0005,1,celebdf,0.15007044,8,CelebDF
id4_id26_0006,1,celebdf,0.27299765,8,CelebDF
id4_id26_0007,1,celebdf,0.51646024,8,CelebDF
id4_id26_0008,1,celebdf,0.7130971,8,CelebDF
id4_id26_0009,1,celebdf,0.6653276,8,CelebDF
id4_id28_0000,1,celebdf,0.6600024,5,CelebDF
id4_id28_0001,1,celebdf,0.5959764,8,CelebDF
id4_id28_0002,1,celebdf,0.80323327,8,CelebDF
id4_id28_0003,1,celebdf,0.7839266,8,CelebDF
id4_id28_0004,1,celebdf,0.4083787,5,CelebDF
id4_id28_0005,1,celebdf,0.5849315,8,CelebDF
id4_id28_0006,1,celebdf,0.3278245,8,CelebDF
id4_id28_0008,1,celebdf,0.8321372,8,CelebDF
id4_id28_0009,1,celebdf,0.7397913,8,CelebDF
id4_id2_0000,1,celebdf,0.27242506,5,CelebDF
id4_id2_0001,1,celebdf,0.1375314,8,CelebDF
id4_id2_0002,1,celebdf,0.3330794,8,CelebDF
id4_id2_0003,1,celebdf,0.016869012,8,CelebDF
id4_id2_0004,1,celebdf,0.39971408,6,CelebDF
id4_id2_0005,1,celebdf,0.028722093,8,CelebDF
id4_id2_0006,1,celebdf,8.265806e-05,8,CelebDF
id4_id2_0007,1,celebdf,0.21306625,8,CelebDF
id4_id2_0008,1,celebdf,0.48036245,8,CelebDF
id4_id2_0009,1,celebdf,0.4579281,8,CelebDF
id4_id30_0000,1,celebdf,0.59554756,5,CelebDF
id4_id30_0001,1,celebdf,0.49772638,8,CelebDF
id4_id30_0002,1,celebdf,0.67641497,8,CelebDF
id4_id30_0004,1,celebdf,0.35837966,5,CelebDF
id4_id30_0005,1,celebdf,0.22965607,8,CelebDF
id4_id30_0006,1,celebdf,0.57028854,8,CelebDF
id4_id30_0007,1,celebdf,0.518337,8,CelebDF
id4_id30_0009,1,celebdf,0.6548783,8,CelebDF
id4_id31_0000,1,celebdf,0.6439015,5,CelebDF
id4_id31_0002,1,celebdf,0.7545209,8,CelebDF
id4_id31_0003,1,celebdf,0.83144265,8,CelebDF
id4_id31_0004,1,celebdf,0.3866322,5,CelebDF
id4_id31_0005,1,celebdf,0.55492496,8,CelebDF
id4_id31_0006,1,celebdf,0.5057675,8,CelebDF
id4_id31_0007,1,celebdf,0.7081603,8,CelebDF
id4_id31_0008,1,celebdf,0.893014,8,CelebDF
id4_id31_0009,1,celebdf,0.7716537,8,CelebDF
id4_id35_0000,1,celebdf,0.6051628,5,CelebDF
id4_id35_0001,1,celebdf,0.41960883,8,CelebDF
id4_id35_0002,1,celebdf,0.7558162,8,CelebDF
id4_id35_0003,1,celebdf,0.88751906,8,CelebDF
id4_id35_0004,1,celebdf,0.58207667,5,CelebDF
id4_id35_0005,1,celebdf,0.17066476,8,CelebDF
id4_id35_0006,1,celebdf,0.69502515,8,CelebDF
id4_id35_0008,1,celebdf,0.7047558,8,CelebDF
id4_id35_0009,1,celebdf,0.6169435,7,CelebDF
id4_id37_0000,1,celebdf,0.6091857,5,CelebDF
id4_id37_0001,1,celebdf,0.36077338,7,CelebDF
id4_id37_0002,1,celebdf,0.7642466,8,CelebDF
id4_id37_0003,1,celebdf,0.8664094,8,CelebDF
id4_id37_0004,1,celebdf,0.38781235,5,CelebDF
id4_id37_0005,1,celebdf,0.2774398,8,CelebDF
id4_id37_0006,1,celebdf,0.3656775,8,CelebDF
id4_id37_0007,1,celebdf,0.64626217,8,CelebDF
id4_id37_0008,1,celebdf,0.84899545,8,CelebDF
id4_id37_0009,1,celebdf,0.75312334,8,CelebDF
id4_id3_0000,1,celebdf,0.22207677,5,CelebDF
id4_id3_0001,1,celebdf,0.049255695,8,CelebDF
id4_id3_0002,1,celebdf,0.3347469,8,CelebDF
id4_id3_0003,1,celebdf,0.11213305,8,CelebDF
id4_id3_0004,1,celebdf,0.24999204,5,CelebDF
id4_id3_0005,1,celebdf,0.049264,8,CelebDF
id4_id3_0006,1,celebdf,0.21684237,8,CelebDF
id4_id3_0007,1,celebdf,0.22520423,8,CelebDF
id4_id3_0008,1,celebdf,0.3908638,8,CelebDF
id4_id3_0009,1,celebdf,0.45576695,8,CelebDF
id4_id6_0000,1,celebdf,0.45157766,5,CelebDF
id4_id6_0001,1,celebdf,0.16102959,7,CelebDF
id4_id6_0002,1,celebdf,0.4773947,8,CelebDF
id4_id6_0003,1,celebdf,0.43611935,8,CelebDF
id4_id6_0004,1,celebdf,0.37514293,6,CelebDF
id4_id6_0005,1,celebdf,0.1589254,8,CelebDF
id4_id6_0006,1,celebdf,0.19652809,8,CelebDF
id4_id6_0007,1,celebdf,0.24974343,8,CelebDF
id4_id6_0008,1,celebdf,0.6837157,8,CelebDF
id4_id6_0009,1,celebdf,0.43274218,7,CelebDF
id4_id9_0000,1,celebdf,0.4275404,5,CelebDF
id4_id9_0001,1,celebdf,0.105677925,8,CelebDF
id4_id9_0002,1,celebdf,0.5984295,8,CelebDF
id4_id9_0003,1,celebdf,0.6907958,8,CelebDF
id4_id9_0004,1,celebdf,0.52044004,6,CelebDF
id4_id9_0005,1,celebdf,0.32035506,8,CelebDF
id4_id9_0006,1,celebdf,0.2471984,8,CelebDF
id4_id9_0007,1,celebdf,0.49911025,8,CelebDF
id4_id9_0008,1,celebdf,0.68088365,8,CelebDF
id50_0000,0,celebdf,0.12130255,7,CelebDF
id50_0001,0,celebdf,0.6965457,7,CelebDF
id50_0002,0,celebdf,0.97273767,8,CelebDF
id50_0003,0,celebdf,0.5325267,8,CelebDF
id50_0004,0,celebdf,0.37671718,8,CelebDF
id50_0005,0,celebdf,0.29118863,8,CelebDF
id50_0006,0,celebdf,0.09732098,8,CelebDF
id50_0007,0,celebdf,0.56959116,8,CelebDF
id50_0008,0,celebdf,0.14391895,7,CelebDF
id50_0009,0,celebdf,0.32380977,8,CelebDF
id50_id49_0000,1,celebdf,0.34030485,7,CelebDF
id50_id49_0001,1,celebdf,0.7147972,7,CelebDF
id50_id49_0002,1,celebdf,0.9997299,8,CelebDF
id50_id49_0003,1,celebdf,0.757659,8,CelebDF
id50_id49_0004,1,celebdf,0.8718078,8,CelebDF
id50_id49_0005,1,celebdf,0.5949105,8,CelebDF
id50_id49_0006,1,celebdf,0.6470304,8,CelebDF
id50_id49_0007,1,celebdf,0.7587577,8,CelebDF
id50_id49_0009,1,celebdf,0.5872724,8,CelebDF
id50_id51_0000,1,celebdf,0.033448685,7,CelebDF
id50_id51_0001,1,celebdf,0.8442321,7,CelebDF
id50_id51_0002,1,celebdf,0.99666363,8,CelebDF
id50_id51_0003,1,celebdf,0.7597346,8,CelebDF
id50_id51_0004,1,celebdf,0.7296257,8,CelebDF
id50_id51_0005,1,celebdf,0.7161416,8,CelebDF
id50_id51_0006,1,celebdf,0.563689,8,CelebDF
id50_id51_0007,1,celebdf,0.6830756,8,CelebDF
id50_id51_0008,1,celebdf,0.843705,7,CelebDF
id50_id51_0009,1,celebdf,0.58840764,8,CelebDF
id50_id52_0000,1,celebdf,0.08490711,7,CelebDF
id50_id52_0001,1,celebdf,0.74246174,7,CelebDF
id50_id52_0002,1,celebdf,0.8970361,8,CelebDF
id50_id52_0003,1,celebdf,0.7458991,8,CelebDF
id50_id52_0004,1,celebdf,0.7698262,8,CelebDF
id50_id52_0006,1,celebdf,0.4067914,8,CelebDF
id50_id52_0007,1,celebdf,0.5428096,8,CelebDF
id50_id52_0009,1,celebdf,0.46179202,8,CelebDF
id50_id53_0000,1,celebdf,0.6675239,7,CelebDF
id50_id53_0001,1,celebdf,0.8224091,7,CelebDF
id50_id53_0002,1,celebdf,0.9993212,8,CelebDF
id50_id53_0004,1,celebdf,0.8668376,8,CelebDF
id50_id53_0005,1,celebdf,0.42877233,8,CelebDF
id50_id53_0006,1,celebdf,0.47499058,8,CelebDF
id50_id53_0007,1,celebdf,0.669343,8,CelebDF
id50_id53_0009,1,celebdf,0.5750856,8,CelebDF
id50_id54_0000,1,celebdf,0.31365874,7,CelebDF
id50_id54_0001,1,celebdf,0.77699405,7,CelebDF
id50_id54_0002,1,celebdf,0.99982095,8,CelebDF
id50_id54_0004,1,celebdf,0.8347823,8,CelebDF
id50_id54_0005,1,celebdf,0.8355262,8,CelebDF
id50_id54_0006,1,celebdf,0.47823617,8,CelebDF
id50_id54_0007,1,celebdf,0.67041326,8,CelebDF
id50_id54_0009,1,celebdf,0.64036894,8,CelebDF
id50_id55_0000,1,celebdf,0.29957983,7,CelebDF
id50_id55_0001,1,celebdf,0.8460919,7,CelebDF
id50_id55_0002,1,celebdf,0.9990502,8,CelebDF
id50_id55_0003,1,celebdf,0.74452335,8,CelebDF
id50_id55_0004,1,celebdf,0.6401937,8,CelebDF
id50_id55_0005,1,celebdf,0.78974664,8,CelebDF
id50_id55_0006,1,celebdf,0.56635696,8,CelebDF
id50_id55_0007,1,celebdf,0.5589689,8,CelebDF
id50_id55_0009,1,celebdf,0.56144255,8,CelebDF
id50_id56_0000,1,celebdf,0.37531385,7,CelebDF
id50_id56_0001,1,celebdf,0.70820284,7,CelebDF
id50_id56_0002,1,celebdf,0.883967,8,CelebDF
id50_id56_0004,1,celebdf,0.7893243,8,CelebDF
id50_id56_0005,1,celebdf,0.4180701,8,CelebDF
id50_id56_0006,1,celebdf,0.6949528,8,CelebDF
id50_id56_0007,1,celebdf,0.563103,8,CelebDF
id50_id56_0008,1,celebdf,0.8545036,7,CelebDF
id50_id56_0009,1,celebdf,0.4986071,8,CelebDF
id50_id57_0000,1,celebdf,0.119104326,7,CelebDF
id50_id57_0001,1,celebdf,0.56620204,7,CelebDF
id50_id57_0002,1,celebdf,0.9628694,8,CelebDF
id50_id57_0003,1,celebdf,0.8734416,8,CelebDF
id50_id57_0004,1,celebdf,0.5917724,8,CelebDF
id50_id57_0005,1,celebdf,0.8648863,8,CelebDF
id50_id57_0006,1,celebdf,0.38830814,8,CelebDF
id50_id57_0007,1,celebdf,0.6339977,8,CelebDF
id50_id57_0008,1,celebdf,0.8544935,7,CelebDF
id50_id57_0009,1,celebdf,0.13879438,8,CelebDF
id51_0000,0,celebdf,0.23286878,8,CelebDF
id51_0001,0,celebdf,0.08534123,8,CelebDF
id51_0002,0,celebdf,0.009125339,8,CelebDF
id51_0003,0,celebdf,0.39116186,7,CelebDF
id51_0004,0,celebdf,0.30612153,8,CelebDF
id51_0005,0,celebdf,0.2558436,8,CelebDF
id51_0006,0,celebdf,0.53651255,7,CelebDF
id51_0007,0,celebdf,0.62899864,8,CelebDF
id51_0008,0,celebdf,0.42444906,7,CelebDF
id51_0009,0,celebdf,0.05993491,7,CelebDF
id51_id49_0000,1,celebdf,0.613729,8,CelebDF
id51_id49_0001,1,celebdf,0.7748787,8,CelebDF
id51_id49_0002,1,celebdf,0.20727538,8,CelebDF
id51_id49_0004,1,celebdf,0.7683446,7,CelebDF
id51_id49_0005,1,celebdf,0.64005727,8,CelebDF
id51_id49_0006,1,celebdf,0.7024857,7,CelebDF
id51_id49_0007,1,celebdf,0.77280086,8,CelebDF
id51_id49_0008,1,celebdf,0.6081309,7,CelebDF
id51_id50_0000,1,celebdf,0.6074916,8,CelebDF
id51_id50_0001,1,celebdf,0.6675466,8,CelebDF
id51_id50_0002,1,celebdf,0.089982204,8,CelebDF
id51_id50_0004,1,celebdf,0.8452523,8,CelebDF
id51_id50_0005,1,celebdf,0.54527617,8,CelebDF
id51_id50_0006,1,celebdf,0.75474656,7,CelebDF
id51_id50_0007,1,celebdf,0.8357547,8,CelebDF
id51_id50_0008,1,celebdf,0.5197064,7,CelebDF
id51_id53_0000,1,celebdf,0.8344581,8,CelebDF
id51_id53_0001,1,celebdf,0.8465429,8,CelebDF
id51_id53_0002,1,celebdf,0.30513385,8,CelebDF
id51_id53_0004,1,celebdf,0.8179361,8,CelebDF
id51_id53_0005,1,celebdf,0.5759574,8,CelebDF
id51_id53_0006,1,celebdf,0.7906362,7,CelebDF
id51_id53_0007,1,celebdf,0.7710608,8,CelebDF
id51_id53_0008,1,celebdf,0.5881248,7,CelebDF
id51_id53_0009,1,celebdf,0.8762759,7,CelebDF
id51_id54_0000,1,celebdf,0.73984134,8,CelebDF
id51_id54_0001,1,celebdf,0.665108,8,CelebDF
id51_id54_0002,1,celebdf,0.14583112,8,CelebDF
id51_id54_0004,1,celebdf,0.6582111,8,CelebDF
id51_id54_0005,1,celebdf,0.63514835,8,CelebDF
id51_id54_0006,1,celebdf,0.72030216,7,CelebDF
id51_id54_0007,1,celebdf,0.7580695,8,CelebDF
id51_id54_0008,1,celebdf,0.51008695,7,CelebDF
id51_id54_0009,1,celebdf,0.8710092,7,CelebDF
id51_id55_0000,1,celebdf,0.57657087,8,CelebDF
id51_id55_0001,1,celebdf,0.76190543,8,CelebDF
id51_id55_0002,1,celebdf,0.20348798,8,CelebDF
id51_id55_0004,1,celebdf,0.84040546,8,CelebDF
id51_id55_0005,1,celebdf,0.45540625,8,CelebDF
id51_id55_0006,1,celebdf,0.68199223,7,CelebDF
id51_id55_0007,1,celebdf,0.7789445,8,CelebDF
id51_id55_0008,1,celebdf,0.45308074,7,CelebDF
id51_id56_0000,1,celebdf,0.72153234,8,CelebDF
id51_id56_0001,1,celebdf,0.6969217,8,CelebDF
id51_id56_0002,1,celebdf,0.13127804,8,CelebDF
id51_id56_0004,1,celebdf,0.7826324,8,CelebDF
id51_id56_0005,1,celebdf,0.31540072,8,CelebDF
id51_id56_0006,1,celebdf,0.45461655,7,CelebDF
id51_id56_0007,1,celebdf,0.7211952,8,CelebDF
id51_id56_0008,1,celebdf,0.38459757,7,CelebDF
id51_id57_0000,1,celebdf,0.4515692,8,CelebDF
id51_id57_0001,1,celebdf,0.5778479,8,CelebDF
id51_id57_0002,1,celebdf,0.10395942,8,CelebDF
id51_id57_0004,1,celebdf,0.50940835,8,CelebDF
id51_id57_0005,1,celebdf,0.24082798,8,CelebDF
id51_id57_0006,1,celebdf,0.5570442,7,CelebDF
id51_id57_0007,1,celebdf,0.80043447,8,CelebDF
id51_id57_0008,1,celebdf,0.43952584,7,CelebDF
id51_id58_0000,1,celebdf,0.6611114,8,CelebDF
id51_id58_0001,1,celebdf,0.57514685,8,CelebDF
id51_id58_0002,1,celebdf,0.23570366,8,CelebDF
id51_id58_0004,1,celebdf,0.7474842,8,CelebDF
id51_id58_0005,1,celebdf,0.10799959,8,CelebDF
id51_id58_0006,1,celebdf,0.6536741,7,CelebDF
id51_id58_0007,1,celebdf,0.73442614,8,CelebDF
id51_id58_0008,1,celebdf,0.64587754,7,CelebDF
id51_id58_0009,1,celebdf,0.92386734,7,CelebDF
id52_0000,0,celebdf,0.038796525,8,CelebDF
id52_0001,0,celebdf,0.0731498,5,CelebDF
id52_0002,0,celebdf,0.0024150982,8,CelebDF
id52_0003,0,celebdf,0.44823965,8,CelebDF
id52_0004,0,celebdf,0.013140874,7,CelebDF
id52_0005,0,celebdf,0.51917446,8,CelebDF
id52_0006,0,celebdf,0.4728935,8,CelebDF
id52_0007,0,celebdf,0.19575918,8,CelebDF
id52_0008,0,celebdf,7.316879e-05,8,CelebDF
id52_0009,0,celebdf,0.45101196,8,CelebDF
id52_id49_0000,1,celebdf,0.9702888,8,CelebDF
id52_id49_0001,1,celebdf,0.7537491,5,CelebDF
id52_id49_0002,1,celebdf,0.13229322,8,CelebDF
id52_id49_0003,1,celebdf,0.66659653,8,CelebDF
id52_id49_0004,1,celebdf,0.8371285,7,CelebDF
id52_id49_0005,1,celebdf,0.760557,8,CelebDF
id52_id49_0006,1,celebdf,0.871999,8,CelebDF
id52_id49_0007,1,celebdf,0.6157423,8,CelebDF
id52_id49_0008,1,celebdf,0.7905215,8,CelebDF
id52_id49_0009,1,celebdf,0.8435479,8,CelebDF
id52_id50_0000,1,celebdf,0.9744362,8,CelebDF
id52_id50_0001,1,celebdf,0.6259081,5,CelebDF
id52_id50_0002,1,celebdf,0.016185438,8,CelebDF
id52_id50_0003,1,celebdf,0.71090513,8,CelebDF
id52_id50_0004,1,celebdf,0.5274478,7,CelebDF
id52_id50_0005,1,celebdf,0.74737376,8,CelebDF
id52_id50_0006,1,celebdf,0.8724473,8,CelebDF
id52_id50_0007,1,celebdf,0.12021044,8,CelebDF
id52_id50_0008,1,celebdf,0.36347404,8,CelebDF
id52_id50_0009,1,celebdf,0.6004212,8,CelebDF
id52_id53_0000,1,celebdf,0.8724565,8,CelebDF
id52_id53_0001,1,celebdf,0.69225997,5,CelebDF
id52_id53_0002,1,celebdf,0.14115825,8,CelebDF
id52_id53_0003,1,celebdf,0.74538696,8,CelebDF
id52_id53_0004,1,celebdf,0.7692078,7,CelebDF
id52_id53_0005,1,celebdf,0.71012354,8,CelebDF
id52_id53_0006,1,celebdf,0.8745483,8,CelebDF
id52_id53_0007,1,celebdf,0.35872495,8,CelebDF
id52_id53_0008,1,celebdf,0.2458838,8,CelebDF
id52_id53_0009,1,celebdf,0.8151509,8,CelebDF
id52_id54_0000,1,celebdf,0.8743731,8,CelebDF
id52_id54_0001,1,celebdf,0.7857295,5,CelebDF
id52_id54_0002,1,celebdf,0.27495596,8,CelebDF
id52_id54_0003,1,celebdf,0.63837665,8,CelebDF
id52_id54_0004,1,celebdf,0.60665697,7,CelebDF
id52_id54_0005,1,celebdf,0.7883147,8,CelebDF
id52_id54_0006,1,celebdf,0.87710375,8,CelebDF
id52_id54_0007,1,celebdf,0.4628049,8,CelebDF
id52_id54_0008,1,celebdf,0.6429056,8,CelebDF
id52_id54_0009,1,celebdf,0.74342775,8,CelebDF
id52_id55_0000,1,celebdf,0.8742225,8,CelebDF
id52_id55_0001,1,celebdf,0.7982178,5,CelebDF
id52_id55_0002,1,celebdf,0.041806255,8,CelebDF
id52_id55_0003,1,celebdf,0.5358895,8,CelebDF
id52_id55_0004,1,celebdf,0.38794613,7,CelebDF
id52_id55_0005,1,celebdf,0.78461164,8,CelebDF
id52_id55_0006,1,celebdf,0.8723686,8,CelebDF
id52_id55_0007,1,celebdf,0.28484538,8,CelebDF
id52_id55_0008,1,celebdf,0.6210097,8,CelebDF
id52_id55_0009,1,celebdf,0.68958426,8,CelebDF
id52_id56_0000,1,celebdf,0.86407125,8,CelebDF
id52_id56_0001,1,celebdf,0.39630392,5,CelebDF
id52_id56_0002,1,celebdf,0.1917462,8,CelebDF
id52_id56_0003,1,celebdf,0.45948812,8,CelebDF
id52_id56_0004,1,celebdf,0.7213076,7,CelebDF
id52_id56_0005,1,celebdf,0.7553805,8,CelebDF
id52_id56_0006,1,celebdf,0.79760885,8,CelebDF
id52_id56_0007,1,celebdf,0.24813274,8,CelebDF
id52_id56_0008,1,celebdf,0.56389207,8,CelebDF
id52_id56_0009,1,celebdf,0.6234069,8,CelebDF
id52_id57_0000,1,celebdf,0.80759966,8,CelebDF
id52_id57_0001,1,celebdf,0.5972829,5,CelebDF
id52_id57_0002,1,celebdf,0.00094956567,8,CelebDF
id52_id57_0003,1,celebdf,0.6214703,8,CelebDF
id52_id57_0004,1,celebdf,0.3285062,7,CelebDF
id52_id57_0005,1,celebdf,0.74769664,8,CelebDF
id52_id57_0006,1,celebdf,0.78802884,8,CelebDF
id52_id57_0007,1,celebdf,0.23620632,8,CelebDF
id52_id57_0008,1,celebdf,0.006571723,8,CelebDF
id52_id57_0009,1,celebdf,0.4934672,8,CelebDF
id52_id58_0000,1,celebdf,0.8635443,8,CelebDF
id52_id58_0001,1,celebdf,0.5917761,5,CelebDF
id52_id58_0002,1,celebdf,0.067368686,8,CelebDF
id52_id58_0003,1,celebdf,0.69788086,8,CelebDF
id52_id58_0004,1,celebdf,0.38814345,7,CelebDF
id52_id58_0005,1,celebdf,0.6963816,8,CelebDF
id52_id58_0007,1,celebdf,0.25143543,8,CelebDF
id52_id58_0008,1,celebdf,0.61766744,8,CelebDF
id52_id58_0009,1,celebdf,0.744264,8,CelebDF
id53_0000,0,celebdf,0.094027236,8,CelebDF
id53_0001,0,celebdf,0.21226914,8,CelebDF
id53_0002,0,celebdf,0.0016642658,7,CelebDF
id53_0003,0,celebdf,0.12770368,8,CelebDF
id53_0004,0,celebdf,0.018986143,8,CelebDF
id53_0005,0,celebdf,0.4439987,8,CelebDF
id53_0006,0,celebdf,0.27552944,8,CelebDF
id53_0007,0,celebdf,0.48594072,8,CelebDF
id53_0008,0,celebdf,0.13349672,8,CelebDF
id53_0009,0,celebdf,0.36878753,8,CelebDF
id53_id49_0000,1,celebdf,0.84008026,8,CelebDF
id53_id49_0001,1,celebdf,0.29193935,8,CelebDF
id53_id49_0002,1,celebdf,0.32751793,7,CelebDF
id53_id49_0003,1,celebdf,0.7860029,8,CelebDF
id53_id49_0004,1,celebdf,0.7959847,8,CelebDF
id53_id49_0005,1,celebdf,0.7553582,8,CelebDF
id53_id49_0006,1,celebdf,0.8300036,8,CelebDF
id53_id49_0008,1,celebdf,0.7527967,8,CelebDF
id53_id49_0009,1,celebdf,0.72576517,8,CelebDF
id53_id50_0000,1,celebdf,0.87248117,8,CelebDF
id53_id50_0001,1,celebdf,0.6236378,8,CelebDF
id53_id50_0002,1,celebdf,0.31980953,7,CelebDF
id53_id50_0003,1,celebdf,0.70105934,8,CelebDF
id53_id50_0004,1,celebdf,0.8101084,8,CelebDF
id53_id50_0005,1,celebdf,0.73478645,8,CelebDF
id53_id50_0006,1,celebdf,0.7605217,8,CelebDF
id53_id50_0007,1,celebdf,0.6177146,8,CelebDF
id53_id50_0008,1,celebdf,0.8041806,8,CelebDF
id53_id50_0009,1,celebdf,0.54073447,8,CelebDF
id53_id51_0000,1,celebdf,0.5005636,8,CelebDF
id53_id51_0001,1,celebdf,0.49113622,8,CelebDF
id53_id51_0002,1,celebdf,0.3179343,7,CelebDF
id53_id51_0003,1,celebdf,0.69537437,8,CelebDF
id53_id51_0004,1,celebdf,0.7799836,8,CelebDF
id53_id51_0005,1,celebdf,0.8417294,8,CelebDF
id53_id51_0006,1,celebdf,0.5613389,8,CelebDF
id53_id51_0007,1,celebdf,0.49512628,8,CelebDF
id53_id51_0008,1,celebdf,0.8033406,8,CelebDF
id53_id51_0009,1,celebdf,0.7147873,8,CelebDF
id53_id52_0000,1,celebdf,0.5366236,8,CelebDF
id53_id52_0001,1,celebdf,0.4884573,8,CelebDF
id53_id52_0002,1,celebdf,0.044126313,7,CelebDF
id53_id52_0003,1,celebdf,0.5699851,8,CelebDF
id53_id52_0004,1,celebdf,0.6471374,8,CelebDF
id53_id52_0005,1,celebdf,0.60214394,8,CelebDF
id53_id52_0006,1,celebdf,0.6173142,8,CelebDF
id53_id52_0007,1,celebdf,0.38927293,8,CelebDF
id53_id52_0008,1,celebdf,0.7490606,8,CelebDF
id53_id52_0009,1,celebdf,0.6575287,8,CelebDF
id53_id54_0000,1,celebdf,0.54103893,8,CelebDF
id53_id54_0001,1,celebdf,0.56066424,8,CelebDF
id53_id54_0002,1,celebdf,0.49913433,6,CelebDF
id53_id54_0003,1,celebdf,0.76247036,8,CelebDF
id53_id54_0004,1,celebdf,0.8644228,8,CelebDF
id53_id54_0005,1,celebdf,0.86145484,8,CelebDF
id53_id54_0006,1,celebdf,0.68515897,8,CelebDF
id53_id54_0008,1,celebdf,0.79357016,8,CelebDF
id53_id54_0009,1,celebdf,0.6742996,8,CelebDF
id53_id55_0000,1,celebdf,0.7067614,8,CelebDF
id53_id55_0001,1,celebdf,0.48014694,8,CelebDF
id53_id55_0002,1,celebdf,0.34519002,7,CelebDF
id53_id55_0003,1,celebdf,0.973178,8,CelebDF
id53_id55_0004,1,celebdf,0.7497162,8,CelebDF
id53_id55_0005,1,celebdf,0.6707775,8,CelebDF
id53_id55_0006,1,celebdf,0.70489687,8,CelebDF
id53_id55_0007,1,celebdf,0.47386384,8,CelebDF
id53_id55_0008,1,celebdf,0.808403,8,CelebDF
id53_id55_0009,1,celebdf,0.4888412,8,CelebDF
id53_id56_0000,1,celebdf,0.4068213,8,CelebDF
id53_id56_0001,1,celebdf,0.508093,8,CelebDF
id53_id56_0002,1,celebdf,0.40341464,6,CelebDF
id53_id56_0003,1,celebdf,0.96854544,8,CelebDF
id53_id56_0004,1,celebdf,0.73749804,8,CelebDF
id53_id56_0005,1,celebdf,0.68111295,8,CelebDF
id53_id56_0006,1,celebdf,0.7334604,8,CelebDF
id53_id56_0007,1,celebdf,0.4236206,8,CelebDF
id53_id56_0008,1,celebdf,0.7479017,8,CelebDF
id53_id56_0009,1,celebdf,0.64924467,8,CelebDF
id53_id57_0000,1,celebdf,0.24342488,8,CelebDF
id53_id57_0002,1,celebdf,0.058765717,7,CelebDF
id53_id57_0003,1,celebdf,0.07563886,8,CelebDF
id53_id57_0004,1,celebdf,0.521131,8,CelebDF
id53_id57_0005,1,celebdf,0.7415666,8,CelebDF
id53_id57_0006,1,celebdf,0.7196719,8,CelebDF
id53_id57_0007,1,celebdf,0.40972197,8,CelebDF
id53_id57_0008,1,celebdf,0.7300914,8,CelebDF
id53_id58_0000,1,celebdf,0.5929507,8,CelebDF
id53_id58_0001,1,celebdf,0.39682502,8,CelebDF
id53_id58_0002,1,celebdf,0.16172327,7,CelebDF
id53_id58_0003,1,celebdf,0.58629316,8,CelebDF
id53_id58_0004,1,celebdf,0.75033236,8,CelebDF
id53_id58_0005,1,celebdf,0.7980943,8,CelebDF
id53_id58_0006,1,celebdf,0.6179235,8,CelebDF
id53_id58_0007,1,celebdf,0.41482955,8,CelebDF
id53_id58_0008,1,celebdf,0.75002587,8,CelebDF
id53_id58_0009,1,celebdf,0.49667144,8,CelebDF
id54_0000,0,celebdf,0.21421318,7,CelebDF
id54_0001,0,celebdf,0.20683035,1,CelebDF
id54_0002,0,celebdf,0.05761597,7,CelebDF
id54_0003,0,celebdf,0.1499025,8,CelebDF
id54_0004,0,celebdf,0.1782865,4,CelebDF
id54_0005,0,celebdf,0.0008614559,8,CelebDF
id54_0006,0,celebdf,0.3173736,8,CelebDF
id54_0007,0,celebdf,0.013404161,8,CelebDF
id54_0008,0,celebdf,0.3989131,8,CelebDF
id54_0009,0,celebdf,0.3525549,7,CelebDF
id54_id49_0000,1,celebdf,0.70140713,7,CelebDF
id54_id49_0001,1,celebdf,0.7803637,4,CelebDF
id54_id49_0002,1,celebdf,0.4650639,7,CelebDF
id54_id49_0003,1,celebdf,0.25371075,8,CelebDF
id54_id49_0004,1,celebdf,0.7938713,5,CelebDF
id54_id49_0005,1,celebdf,0.33063665,8,CelebDF
id54_id49_0006,1,celebdf,0.65888,8,CelebDF
id54_id49_0007,1,celebdf,0.8684953,8,CelebDF
id54_id49_0008,1,celebdf,0.998713,8,CelebDF
id54_id49_0009,1,celebdf,0.8134708,7,CelebDF
id54_id50_0001,1,celebdf,0.47101307,4,CelebDF
id54_id50_0002,1,celebdf,0.15875317,7,CelebDF
id54_id50_0003,1,celebdf,0.069981866,8,CelebDF
id54_id50_0004,1,celebdf,0.5364608,5,CelebDF
id54_id50_0005,1,celebdf,0.11880101,8,CelebDF
id54_id50_0006,1,celebdf,0.55655986,8,CelebDF
id54_id50_0008,1,celebdf,0.8345234,8,CelebDF
id54_id50_0009,1,celebdf,0.83806074,7,CelebDF
id54_id51_0000,1,celebdf,0.51383513,7,CelebDF
id54_id51_0001,1,celebdf,0.8109491,4,CelebDF
id54_id51_0002,1,celebdf,0.41234222,7,CelebDF
id54_id51_0003,1,celebdf,0.0043017454,8,CelebDF
id54_id51_0005,1,celebdf,0.0011430518,8,CelebDF
id54_id51_0006,1,celebdf,0.45023635,8,CelebDF
id54_id51_0008,1,celebdf,0.8109117,8,CelebDF
id54_id51_0009,1,celebdf,0.84041816,7,CelebDF
id54_id52_0000,1,celebdf,0.58673173,7,CelebDF
id54_id52_0001,1,celebdf,0.6894438,1,CelebDF
id54_id52_0003,1,celebdf,0.10457268,8,CelebDF
id54_id52_0004,1,celebdf,0.26997757,4,CelebDF
id54_id52_0005,1,celebdf,0.025382139,8,CelebDF
id54_id52_0006,1,celebdf,0.5303117,8,CelebDF
id54_id52_0008,1,celebdf,0.87117255,8,CelebDF
id54_id52_0009,1,celebdf,0.60444206,7,CelebDF
id54_id53_0000,1,celebdf,0.72359943,7,CelebDF
id54_id53_0001,1,celebdf,0.7216517,1,CelebDF
id54_id53_0003,1,celebdf,0.2844092,8,CelebDF
id54_id53_0004,1,celebdf,0.41510242,5,CelebDF
id54_id53_0005,1,celebdf,0.16560033,8,CelebDF
id54_id53_0006,1,celebdf,0.6010008,8,CelebDF
id54_id53_0008,1,celebdf,0.840093,8,CelebDF
id54_id53_0009,1,celebdf,0.78238046,8,CelebDF
id54_id55_0000,1,celebdf,0.62333447,7,CelebDF
id54_id55_0001,1,celebdf,0.97927284,1,CelebDF
id54_id55_0002,1,celebdf,0.18603124,7,CelebDF
id54_id55_0003,1,celebdf,0.018319692,8,CelebDF
id54_id55_0004,1,celebdf,0.46715814,5,CelebDF
id54_id55_0005,1,celebdf,0.11614758,8,CelebDF
id54_id55_0006,1,celebdf,0.5585086,8,CelebDF
id54_id55_0007,1,celebdf,0.84972036,8,CelebDF
id54_id55_0008,1,celebdf,0.9882622,8,CelebDF
id54_id55_0009,1,celebdf,0.83225167,7,CelebDF
id54_id56_0000,1,celebdf,0.5098165,7,CelebDF
id54_id56_0002,1,celebdf,0.110683896,7,CelebDF
id54_id56_0003,1,celebdf,0.0030279264,8,CelebDF
id54_id56_0004,1,celebdf,0.48108932,4,CelebDF
id54_id56_0005,1,celebdf,0.08363967,8,CelebDF
id54_id56_0006,1,celebdf,0.45154452,8,CelebDF
id54_id56_0007,1,celebdf,0.67273694,8,CelebDF
id54_id56_0008,1,celebdf,0.90578806,8,CelebDF
id54_id56_0009,1,celebdf,0.8469178,7,CelebDF
id54_id57_0001,1,celebdf,0.9710245,1,CelebDF
id54_id57_0002,1,celebdf,0.2797338,7,CelebDF
id54_id57_0003,1,celebdf,0.17588864,8,CelebDF
id54_id57_0004,1,celebdf,0.40145686,4,CelebDF
id54_id57_0005,1,celebdf,0.15030815,8,CelebDF
id54_id57_0006,1,celebdf,0.44050482,8,CelebDF
id54_id57_0007,1,celebdf,0.5959452,8,CelebDF
id54_id57_0008,1,celebdf,0.7066883,8,CelebDF
id54_id57_0009,1,celebdf,0.6536612,7,CelebDF
id54_id58_0001,1,celebdf,0.3160184,4,CelebDF
id54_id58_0002,1,celebdf,0.10857339,7,CelebDF
id54_id58_0003,1,celebdf,0.19440152,8,CelebDF
id54_id58_0004,1,celebdf,0.7545781,5,CelebDF
id54_id58_0005,1,celebdf,0.12304937,8,CelebDF
id54_id58_0006,1,celebdf,0.4443427,8,CelebDF
id54_id58_0007,1,celebdf,0.7492057,8,CelebDF
id54_id58_0008,1,celebdf,0.877165,8,CelebDF
id54_id58_0009,1,celebdf,0.81294554,7,CelebDF
id55_0000,0,celebdf,0.30643818,8,CelebDF
id55_0001,0,celebdf,0.00013256284,8,CelebDF
id55_0002,0,celebdf,0.08753534,8,CelebDF
id55_0003,0,celebdf,0.24275418,7,CelebDF
id55_0004,0,celebdf,0.6545115,4,CelebDF
id55_0005,0,celebdf,0.113839604,6,CelebDF
id55_0006,0,celebdf,0.0011441775,8,CelebDF
id55_0007,0,celebdf,0.04646595,8,CelebDF
id55_0008,0,celebdf,0.08336764,6,CelebDF
id55_0009,0,celebdf,0.34906322,8,CelebDF
id55_id49_0000,1,celebdf,0.73596454,8,CelebDF
id55_id49_0002,1,celebdf,0.56135666,8,CelebDF
id55_id49_0003,1,celebdf,0.4956735,7,CelebDF
id55_id49_0006,1,celebdf,0.55469203,8,CelebDF
id55_id49_0007,1,celebdf,0.59109294,7,CelebDF
id55_id49_0008,1,celebdf,0.8240056,6,CelebDF
id55_id49_0009,1,celebdf,0.7428243,8,CelebDF
id55_id50_0000,1,celebdf,0.7422146,8,CelebDF
id55_id50_0001,1,celebdf,0.6999366,8,CelebDF
id55_id50_0002,1,celebdf,0.37576917,8,CelebDF
id55_id50_0003,1,celebdf,0.507366,7,CelebDF
id55_id50_0004,1,celebdf,0.98030347,4,CelebDF
id55_id50_0005,1,celebdf,0.5641565,6,CelebDF
id55_id50_0006,1,celebdf,0.28036046,8,CelebDF
id55_id50_0007,1,celebdf,0.68391186,7,CelebDF
id55_id50_0009,1,celebdf,0.72712487,8,CelebDF
id55_id51_0000,1,celebdf,0.74345434,8,CelebDF
id55_id51_0001,1,celebdf,0.5838428,8,CelebDF
id55_id51_0002,1,celebdf,0.27464458,8,CelebDF
id55_id51_0003,1,celebdf,0.6831451,7,CelebDF
id55_id51_0004,1,celebdf,0.86445415,4,CelebDF
id55_id51_0006,1,celebdf,0.2274243,8,CelebDF
id55_id51_0007,1,celebdf,0.59736913,7,CelebDF
id55_id51_0008,1,celebdf,0.23314255,6,CelebDF
id55_id51_0009,1,celebdf,0.5570058,8,CelebDF
id55_id52_0000,1,celebdf,0.6125087,8,CelebDF
id55_id52_0001,1,celebdf,0.8634101,8,CelebDF
id55_id52_0002,1,celebdf,0.42285132,8,CelebDF
id55_id52_0004,1,celebdf,0.9948579,4,CelebDF
id55_id52_0005,1,celebdf,0.26803908,6,CelebDF
id55_id52_0006,1,celebdf,0.05868642,8,CelebDF
id55_id52_0007,1,celebdf,0.63457936,8,CelebDF
id55_id52_0008,1,celebdf,0.46999863,6,CelebDF
id55_id52_0009,1,celebdf,0.60385025,8,CelebDF
id55_id53_0001,1,celebdf,0.9524875,8,CelebDF
id55_id53_0002,1,celebdf,0.34358358,8,CelebDF
id55_id53_0004,1,celebdf,0.9993979,4,CelebDF
id55_id53_0006,1,celebdf,0.3727793,8,CelebDF
id55_id53_0007,1,celebdf,0.6755408,7,CelebDF
id55_id53_0009,1,celebdf,0.72566354,8,CelebDF
id55_id54_0000,1,celebdf,0.6554024,8,CelebDF
id55_id54_0003,1,celebdf,0.40841582,7,CelebDF
id55_id54_0005,1,celebdf,0.6865623,6,CelebDF
id55_id54_0006,1,celebdf,0.45245892,8,CelebDF
id55_id54_0007,1,celebdf,0.6721681,7,CelebDF
id55_id54_0008,1,celebdf,0.65681535,6,CelebDF
id55_id54_0009,1,celebdf,0.81662077,8,CelebDF
id55_id56_0000,1,celebdf,0.70382285,8,CelebDF
id55_id56_0002,1,celebdf,0.2311732,8,CelebDF
id55_id56_0004,1,celebdf,0.9947661,4,CelebDF
id55_id56_0007,1,celebdf,0.42070115,8,CelebDF
id55_id56_0008,1,celebdf,0.50861526,6,CelebDF
id55_id56_0009,1,celebdf,0.5456382,8,CelebDF
id55_id57_0001,1,celebdf,0.64384145,8,CelebDF
id55_id57_0002,1,celebdf,0.40256065,8,CelebDF
id55_id57_0004,1,celebdf,0.7764287,4,CelebDF
id55_id57_0005,1,celebdf,0.5095771,6,CelebDF
id55_id57_0007,1,celebdf,0.32794747,7,CelebDF
id55_id57_0009,1,celebdf,0.5969075,8,CelebDF
id55_id58_0002,1,celebdf,0.37482545,8,CelebDF
id55_id58_0006,1,celebdf,0.46578494,8,CelebDF
id55_id58_0007,1,celebdf,0.52692735,7,CelebDF
id55_id58_0008,1,celebdf,0.42994657,6,CelebDF
id55_id58_0009,1,celebdf,0.6991273,8,CelebDF
id56_0000,0,celebdf,0.61052346,8,CelebDF
id56_0001,0,celebdf,0.27541107,8,CelebDF
id56_0002,0,celebdf,0.4012487,8,CelebDF
id56_0003,0,celebdf,0.1376537,8,CelebDF
id56_0004,0,celebdf,0.13055822,8,CelebDF
id56_0005,0,celebdf,0.51554036,8,CelebDF
id56_0006,0,celebdf,0.009763813,8,CelebDF
id56_0007,0,celebdf,0.26382762,8,CelebDF
id56_0008,0,celebdf,0.038197465,8,CelebDF
id56_0009,0,celebdf,0.5971279,8,CelebDF
id56_id49_0000,1,celebdf,0.6711321,8,CelebDF
id56_id49_0001,1,celebdf,0.7531794,8,CelebDF
id56_id49_0002,1,celebdf,0.77494115,8,CelebDF
id56_id49_0003,1,celebdf,0.6996554,8,CelebDF
id56_id49_0005,1,celebdf,0.50299,8,CelebDF
id56_id49_0006,1,celebdf,0.39138806,8,CelebDF
id56_id49_0007,1,celebdf,0.7613631,8,CelebDF
id56_id49_0008,1,celebdf,0.5329628,8,CelebDF
id56_id49_0009,1,celebdf,0.49531886,8,CelebDF
id56_id50_0000,1,celebdf,0.7218325,8,CelebDF
id56_id50_0001,1,celebdf,0.86304724,8,CelebDF
id56_id50_0002,1,celebdf,0.7414385,8,CelebDF
id56_id50_0003,1,celebdf,0.7073092,7,CelebDF
id56_id50_0005,1,celebdf,0.5974871,8,CelebDF
id56_id50_0006,1,celebdf,0.37666246,8,CelebDF
id56_id50_0007,1,celebdf,0.79233956,8,CelebDF
id56_id50_0008,1,celebdf,0.73211056,8,CelebDF
id56_id50_0009,1,celebdf,0.5810618,8,CelebDF
id56_id51_0000,1,celebdf,0.69916856,8,CelebDF
id56_id51_0001,1,celebdf,0.74140716,8,CelebDF
id56_id51_0002,1,celebdf,0.6146566,8,CelebDF
id56_id51_0003,1,celebdf,0.58012956,8,CelebDF
id56_id51_0005,1,celebdf,0.4947965,8,CelebDF
id56_id51_0006,1,celebdf,0.35470104,8,CelebDF
id56_id51_0007,1,celebdf,0.72532487,8,CelebDF
id56_id51_0008,1,celebdf,0.49214455,8,CelebDF
id56_id51_0009,1,celebdf,0.41296968,8,CelebDF
id56_id52_0000,1,celebdf,0.4710102,8,CelebDF
id56_id52_0001,1,celebdf,0.7447809,8,CelebDF
id56_id52_0002,1,celebdf,0.7859411,8,CelebDF
id56_id52_0003,1,celebdf,0.5347518,8,CelebDF
id56_id52_0005,1,celebdf,0.4667706,8,CelebDF
id56_id52_0006,1,celebdf,0.40352395,8,CelebDF
id56_id52_0007,1,celebdf,0.759216,8,CelebDF
id56_id52_0008,1,celebdf,0.41638732,8,CelebDF
id56_id52_0009,1,celebdf,0.39423168,8,CelebDF
id56_id53_0000,1,celebdf,0.86481583,8,CelebDF
id56_id53_0001,1,celebdf,0.92633593,8,CelebDF
id56_id53_0002,1,celebdf,0.8728601,8,CelebDF
id56_id53_0003,1,celebdf,0.65047145,8,CelebDF
id56_id53_0005,1,celebdf,0.69029397,8,CelebDF
id56_id53_0006,1,celebdf,0.6719737,8,CelebDF
id56_id53_0008,1,celebdf,0.6152346,8,CelebDF
id56_id53_0009,1,celebdf,0.665174,8,CelebDF
id56_id54_0000,1,celebdf,0.76276094,8,CelebDF
id56_id54_0001,1,celebdf,0.76292795,8,CelebDF
id56_id54_0002,1,celebdf,0.8599122,8,CelebDF
id56_id54_0003,1,celebdf,0.6397509,8,CelebDF
id56_id54_0005,1,celebdf,0.67494506,8,CelebDF
id56_id54_0006,1,celebdf,0.86741656,8,CelebDF
id56_id54_0007,1,celebdf,0.8588076,8,CelebDF
id56_id54_0008,1,celebdf,0.8751112,8,CelebDF
id56_id54_0009,1,celebdf,0.7647259,8,CelebDF
id56_id55_0000,1,celebdf,0.77960503,8,CelebDF
id56_id55_0001,1,celebdf,0.7745456,8,CelebDF
id56_id55_0002,1,celebdf,0.7573218,8,CelebDF
id56_id55_0003,1,celebdf,0.58409274,8,CelebDF
id56_id55_0005,1,celebdf,0.5938281,8,CelebDF
id56_id55_0006,1,celebdf,0.47512573,8,CelebDF
id56_id55_0007,1,celebdf,0.68623406,8,CelebDF
id56_id55_0008,1,celebdf,0.60444295,8,CelebDF
id56_id55_0009,1,celebdf,0.50761515,8,CelebDF
id56_id57_0000,1,celebdf,0.5442085,8,CelebDF
id56_id57_0001,1,celebdf,0.71931714,8,CelebDF
id56_id57_0002,1,celebdf,0.66614723,8,CelebDF
id56_id57_0003,1,celebdf,0.5875019,8,CelebDF
id56_id57_0005,1,celebdf,0.6076877,8,CelebDF
id56_id57_0006,1,celebdf,0.022909982,8,CelebDF
id56_id57_0007,1,celebdf,0.67146534,8,CelebDF
id56_id57_0008,1,celebdf,0.6176434,8,CelebDF
id56_id57_0009,1,celebdf,0.060010295,8,CelebDF
id56_id58_0000,1,celebdf,0.7693416,8,CelebDF
id56_id58_0001,1,celebdf,0.72116554,8,CelebDF
id56_id58_0002,1,celebdf,0.6751397,8,CelebDF
id56_id58_0003,1,celebdf,0.58376765,8,CelebDF
id56_id58_0005,1,celebdf,0.6933328,8,CelebDF
id56_id58_0006,1,celebdf,0.46588516,8,CelebDF
id56_id58_0008,1,celebdf,0.7029125,8,CelebDF
id56_id58_0009,1,celebdf,0.8475251,8,CelebDF
id57_0000,0,celebdf,0.1403613,8,CelebDF
id57_0001,0,celebdf,0.033708178,8,CelebDF
id57_0002,0,celebdf,4.0091072e-05,7,CelebDF
id57_0003,0,celebdf,0.44805235,8,CelebDF
id57_0004,0,celebdf,0.43244773,8,CelebDF
id57_0005,0,celebdf,0.11900354,8,CelebDF
id57_0006,0,celebdf,0.020664841,8,CelebDF
id57_0007,0,celebdf,0.0073612356,8,CelebDF
id57_0008,0,celebdf,0.2172809,8,CelebDF
id57_0009,0,celebdf,0.5169457,5,CelebDF
id57_id49_0000,1,celebdf,0.6170452,8,CelebDF
id57_id49_0002,1,celebdf,0.23273453,7,CelebDF
id57_id49_0007,1,celebdf,0.86261207,8,CelebDF
id57_id50_0000,1,celebdf,0.28725097,8,CelebDF
id57_id50_0002,1,celebdf,0.068130925,7,CelebDF
id57_id50_0004,1,celebdf,0.9409996,8,CelebDF
id57_id50_0005,1,celebdf,0.8583066,8,CelebDF
id57_id50_0006,1,celebdf,0.6172751,8,CelebDF
id57_id50_0007,1,celebdf,0.76392186,8,CelebDF
id57_id50_0008,1,celebdf,0.7293172,8,CelebDF
id57_id51_0000,1,celebdf,0.3642305,8,CelebDF
id57_id51_0002,1,celebdf,0.0022482246,7,CelebDF
id57_id51_0003,1,celebdf,0.66152537,8,CelebDF
id57_id51_0004,1,celebdf,0.8694456,8,CelebDF
id57_id51_0005,1,celebdf,0.6973125,8,CelebDF
id57_id51_0006,1,celebdf,0.3649136,8,CelebDF
id57_id51_0007,1,celebdf,0.5623632,8,CelebDF
id57_id51_0008,1,celebdf,0.62022674,8,CelebDF
id57_id52_0000,1,celebdf,0.47352892,8,CelebDF
id57_id52_0002,1,celebdf,0.02454337,7,CelebDF
id57_id52_0003,1,celebdf,0.6852238,8,CelebDF
id57_id52_0004,1,celebdf,0.8786452,8,CelebDF
id57_id52_0005,1,celebdf,0.6671282,8,CelebDF
id57_id52_0006,1,celebdf,0.79841197,8,CelebDF
id57_id52_0007,1,celebdf,0.6898632,8,CelebDF
id57_id52_0008,1,celebdf,0.46366292,8,CelebDF
id57_id53_0000,1,celebdf,0.42860955,8,CelebDF
id57_id53_0002,1,celebdf,0.1567432,7,CelebDF
id57_id53_0003,1,celebdf,0.68705976,8,CelebDF
id57_id53_0004,1,celebdf,0.89117897,8,CelebDF
id57_id53_0006,1,celebdf,0.70844376,8,CelebDF
id57_id53_0007,1,celebdf,0.65231484,8,CelebDF
id57_id53_0008,1,celebdf,0.62214017,8,CelebDF
id57_id54_0000,1,celebdf,0.56085545,8,CelebDF
id57_id54_0002,1,celebdf,0.5048546,7,CelebDF
id57_id54_0004,1,celebdf,0.8844576,8,CelebDF
id57_id54_0006,1,celebdf,0.7615008,8,CelebDF
id57_id54_0007,1,celebdf,0.7032223,8,CelebDF
id57_id54_0008,1,celebdf,0.8055625,8,CelebDF
id57_id55_0000,1,celebdf,0.39673865,8,CelebDF
id57_id55_0001,1,celebdf,0.69633144,8,CelebDF
id57_id55_0002,1,celebdf,0.1447394,7,CelebDF
id57_id55_0003,1,celebdf,0.73134565,8,CelebDF
id57_id55_0004,1,celebdf,0.87528473,8,CelebDF
id57_id55_0006,1,celebdf,0.69783187,8,CelebDF
id57_id55_0007,1,celebdf,0.678273,8,CelebDF
id57_id55_0008,1,celebdf,0.5272305,8,CelebDF
id57_id56_0000,1,celebdf,0.6432454,8,CelebDF
id57_id56_0001,1,celebdf,0.6367955,8,CelebDF
id57_id56_0002,1,celebdf,0.27790943,7,CelebDF
id57_id56_0003,1,celebdf,0.47713655,8,CelebDF
id57_id56_0004,1,celebdf,0.99210274,8,CelebDF
id57_id56_0005,1,celebdf,0.83467156,8,CelebDF
id57_id56_0006,1,celebdf,0.8359443,8,CelebDF
id57_id56_0007,1,celebdf,0.55688083,8,CelebDF
id57_id56_0008,1,celebdf,0.5119275,8,CelebDF
id57_id58_0000,1,celebdf,0.40192777,8,CelebDF
id57_id58_0002,1,celebdf,0.025693174,7,CelebDF
id57_id58_0003,1,celebdf,0.7407103,8,CelebDF
id57_id58_0004,1,celebdf,0.8810226,8,CelebDF
id57_id58_0005,1,celebdf,0.816941,8,CelebDF
id57_id58_0006,1,celebdf,0.7835722,8,CelebDF
id57_id58_0007,1,celebdf,0.42860076,8,CelebDF
id58_0000,0,celebdf,0.03037681,8,CelebDF
id58_0001,0,celebdf,0.13231863,8,CelebDF
id58_0002,0,celebdf,0.23166522,8,CelebDF
id58_0003,0,celebdf,0.33216664,6,CelebDF
id58_0004,0,celebdf,0.16822687,8,CelebDF
id58_0005,0,celebdf,0.37730327,8,CelebDF
id58_0006,0,celebdf,0.243233,8,CelebDF
id58_0007,0,celebdf,0.100348346,8,CelebDF
id58_0008,0,celebdf,0.025200289,8,CelebDF
id58_0009,0,celebdf,0.87550193,8,CelebDF
id58_id49_0002,1,celebdf,0.87441987,8,CelebDF
id58_id49_0003,1,celebdf,0.4402325,6,CelebDF
id58_id49_0004,1,celebdf,0.87235,8,CelebDF
id58_id49_0005,1,celebdf,0.75737035,8,CelebDF
id58_id49_0006,1,celebdf,0.76041645,8,CelebDF
id58_id49_0007,1,celebdf,0.7614633,8,CelebDF
id58_id49_0008,1,celebdf,0.67616236,8,CelebDF
id58_id51_0001,1,celebdf,0.8804736,8,CelebDF
id58_id51_0002,1,celebdf,0.8385516,8,CelebDF
id58_id51_0003,1,celebdf,0.3182664,6,CelebDF
id58_id51_0004,1,celebdf,0.6310021,8,CelebDF
id58_id51_0005,1,celebdf,0.8839091,8,CelebDF
id58_id51_0006,1,celebdf,0.63446593,8,CelebDF
id58_id51_0007,1,celebdf,0.651084,8,CelebDF
id58_id51_0008,1,celebdf,0.38256368,8,CelebDF
id58_id52_0002,1,celebdf,0.8723741,8,CelebDF
id58_id52_0003,1,celebdf,0.35791412,7,CelebDF
id58_id52_0004,1,celebdf,0.7309259,8,CelebDF
id58_id52_0005,1,celebdf,0.8426742,8,CelebDF
id58_id52_0006,1,celebdf,0.6859636,8,CelebDF
id58_id52_0007,1,celebdf,0.75762844,8,CelebDF
id58_id52_0008,1,celebdf,0.45010278,8,CelebDF
id58_id53_0002,1,celebdf,0.8421173,8,CelebDF
id58_id53_0005,1,celebdf,0.8245891,8,CelebDF
id58_id53_0006,1,celebdf,0.72412664,8,CelebDF
id58_id53_0007,1,celebdf,0.69200087,8,CelebDF
id58_id54_0001,1,celebdf,0.87460536,8,CelebDF
id58_id54_0002,1,celebdf,0.87570983,8,CelebDF
id58_id54_0003,1,celebdf,0.52454597,6,CelebDF
id58_id54_0004,1,celebdf,0.87406564,8,CelebDF
id58_id54_0005,1,celebdf,0.8762791,8,CelebDF
id58_id54_0006,1,celebdf,0.81932235,8,CelebDF
id58_id54_0007,1,celebdf,0.7016633,8,CelebDF
id58_id55_0002,1,celebdf,0.8449009,8,CelebDF
id58_id55_0003,1,celebdf,0.4932696,6,CelebDF
id58_id55_0004,1,celebdf,0.738819,8,CelebDF
id58_id55_0005,1,celebdf,0.7112564,8,CelebDF
id58_id55_0006,1,celebdf,0.6710634,8,CelebDF
id58_id55_0007,1,celebdf,0.5926407,8,CelebDF
id58_id55_0008,1,celebdf,0.6031535,8,CelebDF
id58_id56_0001,1,celebdf,0.86973506,8,CelebDF
id58_id56_0002,1,celebdf,0.8736345,8,CelebDF
id58_id56_0003,1,celebdf,0.3477182,6,CelebDF
id58_id56_0004,1,celebdf,0.8743473,8,CelebDF
id58_id56_0005,1,celebdf,0.8477401,8,CelebDF
id58_id56_0006,1,celebdf,0.84098566,8,CelebDF
id58_id56_0007,1,celebdf,0.30576316,8,CelebDF
id58_id57_0001,1,celebdf,0.56952846,8,CelebDF
id58_id57_0002,1,celebdf,0.70374465,8,CelebDF
id58_id57_0003,1,celebdf,0.2278364,7,CelebDF
id58_id57_0004,1,celebdf,0.65743816,8,CelebDF
id58_id57_0005,1,celebdf,0.6501774,8,CelebDF
id58_id57_0006,1,celebdf,0.70752394,8,CelebDF
id58_id57_0007,1,celebdf,0.07745593,8,CelebDF
id58_id57_0008,1,celebdf,0.375409,8,CelebDF
id59_0000,0,celebdf,0.0052001784,8,CelebDF
id59_0001,0,celebdf,0.3358302,8,CelebDF
id59_0002,0,celebdf,0.0055340407,5,CelebDF
id59_0003,0,celebdf,0.29915464,6,CelebDF
id59_0004,0,celebdf,0.4413929,7,CelebDF
id59_0005,0,celebdf,0.74781984,8,CelebDF
id59_0006,0,celebdf,0.5495691,6,CelebDF
id59_0007,0,celebdf,0.3583226,6,CelebDF
id59_0008,0,celebdf,0.74812984,8,CelebDF
id59_0009,0,celebdf,0.21334757,7,CelebDF
id59_id5_0000,1,celebdf,0.003362433,8,CelebDF
id59_id5_0001,1,celebdf,0.36599946,8,CelebDF
id59_id5_0002,1,celebdf,0.797516,5,CelebDF
id59_id5_0004,1,celebdf,0.23743404,7,CelebDF
id59_id5_0005,1,celebdf,0.6205808,8,CelebDF
id59_id5_0006,1,celebdf,0.42651,6,CelebDF
id59_id5_0007,1,celebdf,0.20264925,6,CelebDF
id59_id5_0008,1,celebdf,0.75033456,8,CelebDF
id59_id60_0000,1,celebdf,0.24899739,8,CelebDF
id59_id60_0001,1,celebdf,0.59771866,8,CelebDF
id59_id60_0004,1,celebdf,0.46505544,7,CelebDF
id59_id60_0005,1,celebdf,0.64052045,8,CelebDF
id59_id60_0006,1,celebdf,0.62299335,6,CelebDF
id59_id60_0007,1,celebdf,0.5984253,6,CelebDF
id59_id60_0008,1,celebdf,0.84995914,8,CelebDF
id59_id61_0000,1,celebdf,0.033343513,8,CelebDF
id59_id61_0001,1,celebdf,0.52915776,8,CelebDF
id59_id61_0002,1,celebdf,0.799425,5,CelebDF
id59_id61_0004,1,celebdf,0.3122491,7,CelebDF
id59_id61_0005,1,celebdf,0.6300104,8,CelebDF
id59_id61_0006,1,celebdf,0.3955822,6,CelebDF
id59_id61_0007,1,celebdf,0.16626106,6,CelebDF
id59_id61_0008,1,celebdf,0.7487644,8,CelebDF
id5_0000,0,celebdf,2.2167413e-05,8,CelebDF
id5_0001,0,celebdf,0.0683629,8,CelebDF
id5_0002,0,celebdf,0.003452237,6,CelebDF
id5_0003,0,celebdf,0.10734077,7,CelebDF
id5_0004,0,celebdf,0.017113814,7,CelebDF
id5_0005,0,celebdf,1.9183899e-05,8,CelebDF
id5_0006,0,celebdf,0.0018598393,8,CelebDF
id5_0007,0,celebdf,0.11606949,8,CelebDF
id5_0008,0,celebdf,0.38793814,8,CelebDF
id5_0009,0,celebdf,0.0001152916,6,CelebDF
id5_id59_0000,1,celebdf,0.83232677,8,CelebDF
id5_id59_0001,1,celebdf,0.88388205,8,CelebDF
id5_id59_0003,1,celebdf,0.7288593,7,CelebDF
id5_id59_0004,1,celebdf,0.70645106,7,CelebDF
id5_id59_0007,1,celebdf,0.8568083,8,CelebDF
id5_id59_0008,1,celebdf,0.8727107,8,CelebDF
id5_id60_0000,1,celebdf,0.5692054,8,CelebDF
id5_id60_0001,1,celebdf,0.8510655,8,CelebDF
id5_id60_0003,1,celebdf,0.81789315,7,CelebDF
id5_id60_0004,1,celebdf,0.48597074,7,CelebDF
id5_id60_0007,1,celebdf,0.7922505,8,CelebDF
id5_id60_0008,1,celebdf,0.9020189,8,CelebDF
id5_id61_0000,1,celebdf,0.4226599,8,CelebDF
id5_id61_0001,1,celebdf,0.6197682,8,CelebDF
id5_id61_0003,1,celebdf,0.7144724,7,CelebDF
id5_id61_0004,1,celebdf,0.51800126,7,CelebDF
id5_id61_0007,1,celebdf,0.72104335,8,CelebDF
id5_id61_0008,1,celebdf,0.86507004,8,CelebDF
id60_0000,0,celebdf,0.023542332,8,CelebDF
id60_0001,0,celebdf,5.575111e-05,4,CelebDF
id60_0002,0,celebdf,0.016883286,7,CelebDF
id60_0003,0,celebdf,0.34015658,7,CelebDF
id60_0004,0,celebdf,0.06116072,8,CelebDF
id60_0005,0,celebdf,0.29243454,7,CelebDF
id60_0006,0,celebdf,0.7248965,6,CelebDF
id60_0007,0,celebdf,0.1622007,7,CelebDF
id60_0008,0,celebdf,0.15090172,8,CelebDF
id60_0009,0,celebdf,0.49661437,7,CelebDF
id60_id59_0000,1,celebdf,0.3056273,8,CelebDF
id60_id59_0001,1,celebdf,0.4754861,5,CelebDF
id60_id59_0002,1,celebdf,0.21747807,8,CelebDF
id60_id59_0003,1,celebdf,0.76985043,7,CelebDF
id60_id59_0004,1,celebdf,0.5164089,8,CelebDF
id60_id59_0005,1,celebdf,0.45259905,8,CelebDF
id60_id59_0006,1,celebdf,0.40012234,7,CelebDF
id60_id59_0007,1,celebdf,0.56079185,7,CelebDF
id60_id59_0008,1,celebdf,0.7447263,8,CelebDF
id60_id59_0009,1,celebdf,0.8319414,7,CelebDF
id60_id5_0000,1,celebdf,0.14170878,8,CelebDF
id60_id5_0001,1,celebdf,0.3991554,5,CelebDF
id60_id5_0002,1,celebdf,0.0040465407,8,CelebDF
id60_id5_0003,1,celebdf,0.39976588,8,CelebDF
id60_id5_0004,1,celebdf,0.29160872,8,CelebDF
id60_id5_0005,1,celebdf,0.19786415,8,CelebDF
id60_id5_0006,1,celebdf,0.3170466,7,CelebDF
id60_id5_0007,1,celebdf,0.32826015,7,CelebDF
id60_id5_0008,1,celebdf,0.22647315,8,CelebDF
id60_id5_0009,1,celebdf,0.76519674,7,CelebDF
id60_id61_0000,1,celebdf,0.08974194,8,CelebDF
id60_id61_0001,1,celebdf,0.06509587,6,CelebDF
id60_id61_0002,1,celebdf,0.1669323,8,CelebDF
id60_id61_0003,1,celebdf,0.54452735,7,CelebDF
id60_id61_0004,1,celebdf,0.18278545,8,CelebDF
id60_id61_0005,1,celebdf,0.370823,8,CelebDF
id60_id61_0006,1,celebdf,0.33403924,7,CelebDF
id60_id61_0007,1,celebdf,0.31463125,7,CelebDF
id60_id61_0008,1,celebdf,0.7104024,8,CelebDF
id60_id61_0009,1,celebdf,0.7267712,7,CelebDF
id61_0000,0,celebdf,0.07144348,8,CelebDF
id61_0001,0,celebdf,0.008319237,7,CelebDF
id61_0002,0,celebdf,0.017730247,7,CelebDF
id61_0003,0,celebdf,0.053261705,7,CelebDF
id61_0004,0,celebdf,0.06246132,8,CelebDF
id61_0005,0,celebdf,0.12146003,7,CelebDF
id61_0006,0,celebdf,0.1371434,8,CelebDF
id61_0007,0,celebdf,0.00031600037,8,CelebDF
id61_0008,0,celebdf,0.0030981558,8,CelebDF
id61_0009,0,celebdf,0.1934339,8,CelebDF
id61_id59_0000,1,celebdf,0.74466646,8,CelebDF
id61_id59_0002,1,celebdf,0.45846328,7,CelebDF
id61_id59_0005,1,celebdf,0.431787,7,CelebDF
id61_id59_0006,1,celebdf,0.623969,8,CelebDF
id61_id59_0009,1,celebdf,0.7157194,8,CelebDF
id61_id5_0000,1,celebdf,0.26019755,8,CelebDF
id61_id5_0002,1,celebdf,0.07195992,7,CelebDF
id61_id5_0005,1,celebdf,0.1187586,8,CelebDF
id61_id5_0006,1,celebdf,0.21725647,7,CelebDF
id61_id5_0009,1,celebdf,0.38423502,8,CelebDF
id61_id60_0000,1,celebdf,0.27725714,8,CelebDF
id61_id60_0002,1,celebdf,0.2540988,7,CelebDF
id61_id60_0005,1,celebdf,0.263506,7,CelebDF
id61_id60_0006,1,celebdf,0.62724143,7,CelebDF
id61_id60_0009,1,celebdf,0.5492904,8,CelebDF
id6_0000,0,celebdf,0.008438506,8,CelebDF
id6_0001,0,celebdf,0.31690004,7,CelebDF
id6_0002,0,celebdf,0.7226485,8,CelebDF
id6_0003,0,celebdf,0.3976163,8,CelebDF
id6_0004,0,celebdf,0.6343723,8,CelebDF
id6_0005,0,celebdf,0.56569695,8,CelebDF
id6_0006,0,celebdf,0.08286955,8,CelebDF
id6_0007,0,celebdf,0.17732814,8,CelebDF
id6_0008,0,celebdf,0.55524164,8,CelebDF
id6_0009,0,celebdf,0.00063824287,8,CelebDF
id6_id0_0000,1,celebdf,0.54063493,8,CelebDF
id6_id0_0001,1,celebdf,0.65674555,7,CelebDF
id6_id0_0002,1,celebdf,0.8026211,8,CelebDF
id6_id0_0003,1,celebdf,0.74885774,8,CelebDF
id6_id0_0004,1,celebdf,0.98090845,8,CelebDF
id6_id0_0005,1,celebdf,0.8079388,8,CelebDF
id6_id0_0006,1,celebdf,0.5995545,8,CelebDF
id6_id0_0007,1,celebdf,0.51761997,8,CelebDF
id6_id0_0008,1,celebdf,0.7293562,8,CelebDF
id6_id0_0009,1,celebdf,0.5046964,8,CelebDF
id6_id16_0000,1,celebdf,0.4546024,8,CelebDF
id6_id16_0001,1,celebdf,0.5222153,7,CelebDF
id6_id16_0002,1,celebdf,0.82557356,8,CelebDF
id6_id16_0003,1,celebdf,0.7171445,8,CelebDF
id6_id16_0004,1,celebdf,0.8048775,8,CelebDF
id6_id16_0005,1,celebdf,0.7549937,8,CelebDF
id6_id16_0006,1,celebdf,0.008507567,8,CelebDF
id6_id16_0007,1,celebdf,0.4528775,8,CelebDF
id6_id16_0008,1,celebdf,0.78248835,8,CelebDF
id6_id16_0009,1,celebdf,0.34149092,8,CelebDF
id6_id17_0000,1,celebdf,0.9947574,8,CelebDF
id6_id17_0001,1,celebdf,0.6361161,7,CelebDF
id6_id17_0002,1,celebdf,0.86432,8,CelebDF
id6_id17_0003,1,celebdf,0.8346572,8,CelebDF
id6_id17_0004,1,celebdf,0.8562388,8,CelebDF
id6_id17_0005,1,celebdf,0.8726203,8,CelebDF
id6_id17_0006,1,celebdf,0.47861463,8,CelebDF
id6_id17_0007,1,celebdf,0.76740134,8,CelebDF
id6_id17_0008,1,celebdf,0.8657445,8,CelebDF
id6_id17_0009,1,celebdf,0.52326745,8,CelebDF
id6_id1_0000,1,celebdf,0.71927243,8,CelebDF
id6_id1_0001,1,celebdf,0.4637926,7,CelebDF
id6_id1_0002,1,celebdf,0.7487328,8,CelebDF
id6_id1_0003,1,celebdf,0.69766104,8,CelebDF
id6_id1_0004,1,celebdf,0.83702487,8,CelebDF
id6_id1_0005,1,celebdf,0.7521179,8,CelebDF
id6_id1_0006,1,celebdf,0.00081121956,8,CelebDF
id6_id1_0007,1,celebdf,0.2309053,8,CelebDF
id6_id1_0008,1,celebdf,0.7606505,8,CelebDF
id6_id1_0009,1,celebdf,0.29611865,8,CelebDF
id6_id20_0004,1,celebdf,0.9663702,8,CelebDF
id6_id20_0006,1,celebdf,0.23073855,8,CelebDF
id6_id20_0007,1,celebdf,0.30739188,8,CelebDF
id6_id20_0008,1,celebdf,0.7481707,8,CelebDF
id6_id21_0001,1,celebdf,0.73381764,7,CelebDF
id6_id21_0002,1,celebdf,0.75310063,8,CelebDF
id6_id21_0004,1,celebdf,0.8598976,8,CelebDF
id6_id21_0005,1,celebdf,0.75477463,8,CelebDF
id6_id21_0006,1,celebdf,0.005634372,8,CelebDF
id6_id21_0007,1,celebdf,0.5257925,8,CelebDF
id6_id21_0008,1,celebdf,0.7996594,8,CelebDF
id6_id21_0009,1,celebdf,0.27122518,8,CelebDF
id6_id23_0000,1,celebdf,0.86487424,8,CelebDF
id6_id23_0001,1,celebdf,0.7160789,7,CelebDF
id6_id23_0005,1,celebdf,0.8154098,8,CelebDF
id6_id23_0006,1,celebdf,0.13124189,8,CelebDF
id6_id23_0007,1,celebdf,0.6343904,8,CelebDF
id6_id23_0008,1,celebdf,0.8627896,8,CelebDF
id6_id23_0009,1,celebdf,0.2563339,8,CelebDF
id6_id26_0000,1,celebdf,0.8538341,8,CelebDF
id6_id26_0001,1,celebdf,0.6543747,7,CelebDF
id6_id26_0004,1,celebdf,0.91644156,8,CelebDF
id6_id26_0005,1,celebdf,0.76685303,8,CelebDF
id6_id26_0008,1,celebdf,0.86591434,8,CelebDF
id6_id28_0000,1,celebdf,0.8753941,8,CelebDF
id6_id28_0001,1,celebdf,0.73916394,7,CelebDF
id6_id28_0002,1,celebdf,0.75998163,8,CelebDF
id6_id28_0004,1,celebdf,0.8791723,8,CelebDF
id6_id28_0005,1,celebdf,0.7645701,8,CelebDF
id6_id28_0006,1,celebdf,0.007341259,8,CelebDF
id6_id28_0007,1,celebdf,0.6941934,8,CelebDF
id6_id28_0008,1,celebdf,0.82786673,8,CelebDF
id6_id28_0009,1,celebdf,0.6072425,8,CelebDF
id6_id2_0000,1,celebdf,0.60467523,8,CelebDF
id6_id2_0001,1,celebdf,0.5661396,7,CelebDF
id6_id2_0002,1,celebdf,0.7503536,8,CelebDF
id6_id2_0003,1,celebdf,0.5173238,8,CelebDF
id6_id2_0004,1,celebdf,0.6829342,8,CelebDF
id6_id2_0005,1,celebdf,0.76098853,8,CelebDF
id6_id2_0006,1,celebdf,0.027047744,8,CelebDF
id6_id2_0007,1,celebdf,0.19732805,8,CelebDF
id6_id2_0008,1,celebdf,0.691514,8,CelebDF
id6_id2_0009,1,celebdf,0.027516529,8,CelebDF
id6_id30_0001,1,celebdf,0.7195126,7,CelebDF
id6_id30_0006,1,celebdf,0.12569839,8,CelebDF
id6_id30_0007,1,celebdf,0.37883487,8,CelebDF
id6_id30_0008,1,celebdf,0.8432349,8,CelebDF
id6_id30_0009,1,celebdf,0.5470933,8,CelebDF
id6_id31_0001,1,celebdf,0.7702137,7,CelebDF
id6_id31_0002,1,celebdf,0.86966777,8,CelebDF
id6_id31_0004,1,celebdf,0.99793875,8,CelebDF
id6_id31_0005,1,celebdf,0.76924103,8,CelebDF
id6_id31_0006,1,celebdf,0.29811478,8,CelebDF
id6_id31_0007,1,celebdf,0.76653826,8,CelebDF
id6_id31_0008,1,celebdf,0.82034063,8,CelebDF
id6_id31_0009,1,celebdf,0.83816504,8,CelebDF
id6_id35_0001,1,celebdf,0.8408809,7,CelebDF
id6_id35_0005,1,celebdf,0.8092155,8,CelebDF
id6_id35_0006,1,celebdf,0.23799202,8,CelebDF
id6_id35_0007,1,celebdf,0.5453987,8,CelebDF
id6_id35_0009,1,celebdf,0.53754807,8,CelebDF
id6_id37_0001,1,celebdf,0.72234106,7,CelebDF
id6_id37_0004,1,celebdf,0.99933505,8,CelebDF
id6_id37_0005,1,celebdf,0.8536122,8,CelebDF
id6_id37_0006,1,celebdf,0.09322372,8,CelebDF
id6_id37_0007,1,celebdf,0.37403688,8,CelebDF
id6_id37_0009,1,celebdf,0.66162825,8,CelebDF
id6_id3_0000,1,celebdf,0.6045189,8,CelebDF
id6_id3_0001,1,celebdf,0.43299612,7,CelebDF
id6_id3_0002,1,celebdf,0.6787186,8,CelebDF
id6_id3_0003,1,celebdf,0.5852639,8,CelebDF
id6_id3_0004,1,celebdf,0.884308,8,CelebDF
id6_id3_0005,1,celebdf,0.7215831,8,CelebDF
id6_id3_0006,1,celebdf,0.0024759695,8,CelebDF
id6_id3_0007,1,celebdf,0.21527493,8,CelebDF
id6_id3_0008,1,celebdf,0.6363123,8,CelebDF
id6_id3_0009,1,celebdf,0.2345392,8,CelebDF
id6_id4_0001,1,celebdf,0.77292764,7,CelebDF
id6_id4_0004,1,celebdf,0.9334378,8,CelebDF
id6_id4_0005,1,celebdf,0.8670649,8,CelebDF
id6_id4_0006,1,celebdf,0.07902133,8,CelebDF
id6_id4_0007,1,celebdf,0.7606147,8,CelebDF
id6_id4_0008,1,celebdf,0.8852123,8,CelebDF
id6_id4_0009,1,celebdf,0.80038106,8,CelebDF
id6_id9_0000,1,celebdf,0.86307085,8,CelebDF
id6_id9_0001,1,celebdf,0.6066395,7,CelebDF
id6_id9_0002,1,celebdf,0.8631672,8,CelebDF
id6_id9_0003,1,celebdf,0.7711131,8,CelebDF
id6_id9_0004,1,celebdf,0.9910803,8,CelebDF
id6_id9_0005,1,celebdf,0.80034846,8,CelebDF
id6_id9_0006,1,celebdf,0.16090898,8,CelebDF
id6_id9_0007,1,celebdf,0.5535281,8,CelebDF
id6_id9_0008,1,celebdf,0.59428406,8,CelebDF
id6_id9_0009,1,celebdf,0.5446889,8,CelebDF
id7_0000,0,celebdf,0.031642772,8,CelebDF
id7_0001,0,celebdf,0.109809026,8,CelebDF
id7_0002,0,celebdf,0.0013652056,8,CelebDF
id7_0003,0,celebdf,1.8676141e-06,7,CelebDF
id7_0004,0,celebdf,0.406188,8,CelebDF
id7_0005,0,celebdf,0.13997419,8,CelebDF
id7_0006,0,celebdf,0.17871727,8,CelebDF
id7_0007,0,celebdf,0.32374004,8,CelebDF
id7_0008,0,celebdf,0.11923077,8,CelebDF
id7_0009,0,celebdf,0.0041418937,8,CelebDF
id7_id10_0001,1,celebdf,0.99316585,8,CelebDF
id7_id10_0002,1,celebdf,0.87262356,8,CelebDF
id7_id10_0003,1,celebdf,0.82848203,7,CelebDF
id7_id10_0004,1,celebdf,0.49844262,8,CelebDF
id7_id10_0005,1,celebdf,0.6040094,8,CelebDF
id7_id10_0007,1,celebdf,0.5530142,8,CelebDF
id7_id10_0009,1,celebdf,0.65075713,8,CelebDF
id7_id11_0000,1,celebdf,0.8745589,8,CelebDF
id7_id11_0001,1,celebdf,0.9899887,8,CelebDF
id7_id11_0002,1,celebdf,0.8523691,8,CelebDF
id7_id11_0004,1,celebdf,0.5022669,8,CelebDF
id7_id11_0005,1,celebdf,0.6144606,8,CelebDF
id7_id11_0006,1,celebdf,0.09108116,8,CelebDF
id7_id11_0007,1,celebdf,0.4634151,8,CelebDF
id7_id11_0009,1,celebdf,0.742465,8,CelebDF
id7_id12_0000,1,celebdf,0.89080036,8,CelebDF
id7_id12_0002,1,celebdf,0.86743766,8,CelebDF
id7_id12_0004,1,celebdf,0.41562647,8,CelebDF
id7_id12_0005,1,celebdf,0.5072732,8,CelebDF
id7_id12_0007,1,celebdf,0.39385703,8,CelebDF
id7_id12_0009,1,celebdf,0.7590429,8,CelebDF
id7_id13_0000,1,celebdf,0.92309964,8,CelebDF
id7_id13_0001,1,celebdf,0.9465908,8,CelebDF
id7_id13_0002,1,celebdf,0.62217265,8,CelebDF
id7_id13_0004,1,celebdf,0.23802231,8,CelebDF
id7_id13_0005,1,celebdf,0.16736244,8,CelebDF
id7_id13_0006,1,celebdf,0.07251354,8,CelebDF
id7_id13_0007,1,celebdf,0.36512223,8,CelebDF
id7_id13_0009,1,celebdf,0.18596745,8,CelebDF
id8_0000,0,celebdf,0.0013514315,8,CelebDF
id8_0002,0,celebdf,0.13183104,8,CelebDF
id8_0003,0,celebdf,0.49507353,7,CelebDF
id8_0004,0,celebdf,0.018260783,8,CelebDF
id8_0005,0,celebdf,0.00041630643,8,CelebDF
id8_0006,0,celebdf,7.802023e-05,8,CelebDF
id8_0009,0,celebdf,0.33566004,8,CelebDF
id8_id0_0002,1,celebdf,0.9307097,8,CelebDF
id8_id0_0003,1,celebdf,0.44499585,7,CelebDF
id8_id1_0002,1,celebdf,0.82215905,8,CelebDF
id8_id1_0003,1,celebdf,0.4736843,7,CelebDF
id8_id2_0002,1,celebdf,0.5495903,8,CelebDF
id8_id2_0003,1,celebdf,0.30473515,7,CelebDF
id8_id3_0002,1,celebdf,0.23334564,8,CelebDF
id8_id3_0003,1,celebdf,0.2487388,7,CelebDF
id8_id5_0002,1,celebdf,0.7510537,8,CelebDF
id8_id5_0003,1,celebdf,0.53131944,7,CelebDF
id8_id6_0002,1,celebdf,0.8538717,8,CelebDF
id8_id6_0003,1,celebdf,0.5815891,7,CelebDF
id8_id7_0002,1,celebdf,0.6277386,8,CelebDF
id8_id7_0003,1,celebdf,0.27467126,7,CelebDF
id8_id9_0002,1,celebdf,0.9449314,8,CelebDF
id8_id9_0003,1,celebdf,0.513284,7,CelebDF
id9_0000,0,celebdf,0.20138068,8,CelebDF
id9_0001,0,celebdf,0.0021139837,8,CelebDF
id9_0002,0,celebdf,0.66167307,8,CelebDF
id9_0003,0,celebdf,0.35657817,8,CelebDF
id9_0004,0,celebdf,0.00033917985,8,CelebDF
id9_0005,0,celebdf,0.13780314,8,CelebDF
id9_0006,0,celebdf,0.13086163,7,CelebDF
id9_0007,0,celebdf,0.0012696196,7,CelebDF
id9_0008,0,celebdf,0.00078795693,7,CelebDF
id9_0009,0,celebdf,0.0007282324,7,CelebDF
id9_id0_0000,1,celebdf,0.98493844,8,CelebDF
id9_id0_0001,1,celebdf,0.63993114,8,CelebDF
id9_id0_0003,1,celebdf,0.7632356,8,CelebDF
id9_id0_0004,1,celebdf,0.94655085,8,CelebDF
id9_id0_0005,1,celebdf,0.8765213,8,CelebDF
id9_id0_0006,1,celebdf,0.75943947,7,CelebDF
id9_id0_0007,1,celebdf,0.29080656,7,CelebDF
id9_id0_0009,1,celebdf,0.19664815,7,CelebDF
id9_id16_0000,1,celebdf,0.80537325,8,CelebDF
id9_id16_0001,1,celebdf,0.4056568,8,CelebDF
id9_id16_0002,1,celebdf,0.74635905,8,CelebDF
id9_id16_0003,1,celebdf,0.43435204,8,CelebDF
id9_id16_0004,1,celebdf,0.6211757,8,CelebDF
id9_id16_0005,1,celebdf,0.81284034,8,CelebDF
id9_id16_0006,1,celebdf,0.5088535,7,CelebDF
id9_id16_0007,1,celebdf,0.05145658,7,CelebDF
id9_id16_0008,1,celebdf,0.83103573,7,CelebDF
id9_id16_0009,1,celebdf,0.009184419,7,CelebDF
id9_id17_0000,1,celebdf,0.79035157,8,CelebDF
id9_id17_0001,1,celebdf,0.742342,8,CelebDF
id9_id17_0002,1,celebdf,0.6982763,8,CelebDF
id9_id17_0003,1,celebdf,0.7796007,8,CelebDF
id9_id17_0004,1,celebdf,0.9996448,8,CelebDF
id9_id17_0005,1,celebdf,0.87322295,8,CelebDF
id9_id17_0006,1,celebdf,0.81745476,7,CelebDF
id9_id17_0007,1,celebdf,0.5608042,7,CelebDF
id9_id17_0008,1,celebdf,0.9651737,7,CelebDF
id9_id17_0009,1,celebdf,0.1995836,7,CelebDF
id9_id1_0000,1,celebdf,0.7565445,8,CelebDF
id9_id1_0001,1,celebdf,0.5100388,8,CelebDF
id9_id1_0002,1,celebdf,0.7602745,8,CelebDF
id9_id1_0004,1,celebdf,0.87804925,8,CelebDF
id9_id1_0005,1,celebdf,0.84321564,8,CelebDF
id9_id1_0006,1,celebdf,0.26768264,7,CelebDF
id9_id1_0008,1,celebdf,0.84512645,7,CelebDF
id9_id1_0009,1,celebdf,0.054360416,7,CelebDF
id9_id20_0002,1,celebdf,0.8691893,8,CelebDF
id9_id20_0004,1,celebdf,0.8755293,8,CelebDF
id9_id20_0005,1,celebdf,0.97486126,8,CelebDF
id9_id20_0006,1,celebdf,0.77088815,7,CelebDF
id9_id21_0000,1,celebdf,0.74325967,8,CelebDF
id9_id21_0001,1,celebdf,0.58450663,8,CelebDF
id9_id21_0002,1,celebdf,0.6408942,8,CelebDF
id9_id21_0005,1,celebdf,0.91925514,8,CelebDF
id9_id21_0006,1,celebdf,0.40386918,7,CelebDF
id9_id21_0009,1,celebdf,0.13105649,7,CelebDF
id9_id23_0000,1,celebdf,0.77626437,8,CelebDF
id9_id23_0001,1,celebdf,0.66866815,8,CelebDF
id9_id23_0002,1,celebdf,0.8628214,8,CelebDF
id9_id23_0004,1,celebdf,0.99996865,8,CelebDF
id9_id23_0005,1,celebdf,0.99781466,8,CelebDF
id9_id23_0006,1,celebdf,0.43785384,7,CelebDF
id9_id23_0009,1,celebdf,0.12693216,7,CelebDF
id9_id26_0000,1,celebdf,0.88702536,8,CelebDF
id9_id26_0001,1,celebdf,0.61666745,8,CelebDF
id9_id26_0002,1,celebdf,0.8711897,8,CelebDF
id9_id26_0004,1,celebdf,0.886291,8,CelebDF
id9_id26_0005,1,celebdf,0.97759753,8,CelebDF
id9_id26_0006,1,celebdf,0.48508415,7,CelebDF
id9_id26_0007,1,celebdf,0.77397996,7,CelebDF
id9_id26_0008,1,celebdf,0.8762814,7,CelebDF
id9_id26_0009,1,celebdf,0.004971531,7,CelebDF
id9_id28_0000,1,celebdf,0.9443834,8,CelebDF
id9_id28_0001,1,celebdf,0.8734882,8,CelebDF
id9_id28_0003,1,celebdf,0.8298446,8,CelebDF
id9_id28_0004,1,celebdf,0.99982345,8,CelebDF
id9_id28_0005,1,celebdf,0.9995055,8,CelebDF
id9_id28_0006,1,celebdf,0.51000786,7,CelebDF
id9_id28_0008,1,celebdf,0.8653043,7,CelebDF
id9_id28_0009,1,celebdf,0.32980204,7,CelebDF
id9_id2_0000,1,celebdf,0.33504894,8,CelebDF
id9_id2_0001,1,celebdf,0.26389486,8,CelebDF
id9_id2_0002,1,celebdf,0.3132743,8,CelebDF
id9_id2_0004,1,celebdf,0.49317795,8,CelebDF
id9_id2_0005,1,celebdf,0.40882397,8,CelebDF
id9_id2_0006,1,celebdf,0.23726694,7,CelebDF
id9_id2_0008,1,celebdf,0.79058796,7,CelebDF
id9_id2_0009,1,celebdf,0.052044738,7,CelebDF
id9_id30_0000,1,celebdf,0.90719044,8,CelebDF
id9_id30_0001,1,celebdf,0.5376726,8,CelebDF
id9_id30_0002,1,celebdf,0.8747871,8,CelebDF
id9_id30_0004,1,celebdf,0.99679464,8,CelebDF
id9_id30_0005,1,celebdf,0.8764813,8,CelebDF
id9_id30_0006,1,celebdf,0.6443187,7,CelebDF
id9_id30_0009,1,celebdf,0.09800607,7,CelebDF
id9_id31_0001,1,celebdf,0.8068428,8,CelebDF
id9_id31_0002,1,celebdf,0.86305064,8,CelebDF
id9_id31_0003,1,celebdf,0.8700227,8,CelebDF
id9_id31_0006,1,celebdf,0.56887853,7,CelebDF
id9_id35_0000,1,celebdf,0.9082496,8,CelebDF
id9_id35_0001,1,celebdf,0.700344,8,CelebDF
id9_id35_0002,1,celebdf,0.84887975,8,CelebDF
id9_id35_0004,1,celebdf,0.9952181,8,CelebDF
id9_id35_0005,1,celebdf,0.99693704,8,CelebDF
id9_id35_0007,1,celebdf,0.6230763,7,CelebDF
id9_id35_0009,1,celebdf,0.019053264,7,CelebDF
id9_id37_0000,1,celebdf,0.87799364,8,CelebDF
id9_id37_0001,1,celebdf,0.87209547,8,CelebDF
id9_id37_0004,1,celebdf,0.9996918,8,CelebDF
id9_id37_0006,1,celebdf,0.60789907,7,CelebDF
id9_id37_0009,1,celebdf,0.23241234,7,CelebDF
id9_id3_0000,1,celebdf,0.6341641,8,CelebDF
id9_id3_0001,1,celebdf,0.18748888,8,CelebDF
id9_id3_0002,1,celebdf,0.62566984,8,CelebDF
id9_id3_0004,1,celebdf,0.5545859,8,CelebDF
id9_id3_0005,1,celebdf,0.57110655,8,CelebDF
id9_id3_0006,1,celebdf,0.41382772,7,CelebDF
id9_id3_0007,1,celebdf,0.14625344,7,CelebDF
id9_id3_0008,1,celebdf,0.73260057,7,CelebDF
id9_id3_0009,1,celebdf,0.00040948487,7,CelebDF
id9_id4_0000,1,celebdf,0.8747088,8,CelebDF
id9_id4_0002,1,celebdf,0.7575032,8,CelebDF
id9_id4_0004,1,celebdf,0.9967917,8,CelebDF
id9_id4_0005,1,celebdf,0.863977,8,CelebDF
id9_id4_0006,1,celebdf,0.55012393,7,CelebDF
id9_id6_0000,1,celebdf,0.91013724,8,CelebDF
id9_id6_0001,1,celebdf,0.5484025,8,CelebDF
id9_id6_0002,1,celebdf,0.7247577,8,CelebDF
id9_id6_0004,1,celebdf,0.77913886,8,CelebDF
id9_id6_0005,1,celebdf,0.8370923,8,CelebDF
id9_id6_0006,1,celebdf,0.6913586,7,CelebDF
id9_id6_0007,1,celebdf,0.36672094,7,CelebDF
id9_id6_0008,1,celebdf,0.85775536,7,CelebDF
id9_id6_0009,1,celebdf,0.034769457,7,CelebDF
000,0,real,0.079584286,8,FFpp
000_003,1,deepfakes,0.99979323,8,FFpp
000_003,1,face2face,0.99933285,8,FFpp
000_003,1,faceswap,0.9998978,8,FFpp
000_003,1,neuraltextures,0.9227102,8,FFpp
001,0,real,3.2744218e-05,8,FFpp
001_870,1,deepfakes,0.9999408,8,FFpp
001_870,1,face2face,0.9998452,8,FFpp
001_870,1,faceswap,0.9999678,8,FFpp
001_870,1,neuraltextures,0.99992573,8,FFpp
002,0,real,0.014923249,8,FFpp
002_006,1,deepfakes,0.99975955,8,FFpp
002_006,1,face2face,0.9996421,8,FFpp
002_006,1,faceswap,0.9996774,8,FFpp
002_006,1,neuraltextures,0.99804425,8,FFpp
003,0,real,0.00022900403,8,FFpp
003_000,1,deepfakes,0.69220036,8,FFpp
003_000,1,face2face,0.9717844,7,FFpp
003_000,1,faceswap,0.9997159,8,FFpp
003_000,1,neuraltextures,0.71957004,8,FFpp
004,0,real,0.00022622861,8,FFpp
004_982,1,deepfakes,0.96230394,8,FFpp
004_982,1,face2face,0.9969931,7,FFpp
004_982,1,faceswap,0.99979234,8,FFpp
004_982,1,neuraltextures,0.87745917,8,FFpp
005,0,real,0.00017219059,8,FFpp
005_010,1,deepfakes,0.9918805,8,FFpp
005_010,1,face2face,0.99663085,8,FFpp
005_010,1,faceswap,0.99882776,8,FFpp
005_010,1,neuraltextures,0.99917614,8,FFpp
006,0,real,0.0026546684,8,FFpp
006_002,1,deepfakes,0.99948317,8,FFpp
006_002,1,face2face,0.99994725,8,FFpp
006_002,1,faceswap,0.9999167,8,FFpp
006_002,1,neuraltextures,0.9999423,8,FFpp
007,0,real,2.3906337e-06,8,FFpp
007_132,1,deepfakes,0.9530076,8,FFpp
007_132,1,face2face,0.6338356,8,FFpp
007_132,1,faceswap,0.9915761,8,FFpp
007_132,1,neuraltextures,0.45012653,8,FFpp
008,0,real,2.5523873e-06,8,FFpp
008_990,1,deepfakes,0.98858273,8,FFpp
008_990,1,face2face,0.8749342,8,FFpp
008_990,1,faceswap,0.9995561,8,FFpp
008_990,1,neuraltextures,0.9637568,8,FFpp
009,0,real,0.0012257351,8,FFpp
009_027,1,deepfakes,0.99958026,8,FFpp
009_027,1,face2face,0.9996872,8,FFpp
009_027,1,faceswap,0.99961096,8,FFpp
009_027,1,neuraltextures,0.9989219,8,FFpp
010,0,real,0.00038407784,8,FFpp
010_005,1,deepfakes,0.99993324,8,FFpp
010_005,1,face2face,0.99916685,8,FFpp
010_005,1,faceswap,0.99874735,8,FFpp
010_005,1,neuraltextures,0.99305105,8,FFpp
011,0,real,2.5662088e-05,8,FFpp
011_805,1,deepfakes,0.99990135,8,FFpp
011_805,1,face2face,0.99985707,8,FFpp
011_805,1,faceswap,0.9999446,8,FFpp
011_805,1,neuraltextures,0.9995988,8,FFpp
012,0,real,0.0054000705,8,FFpp
012_026,1,deepfakes,0.6150939,8,FFpp
012_026,1,face2face,0.9996061,8,FFpp
012_026,1,faceswap,0.9994466,8,FFpp
012_026,1,neuraltextures,0.99937356,8,FFpp
013,0,real,0.000497247,8,FFpp
013_883,1,deepfakes,0.99988025,8,FFpp
013_883,1,face2face,0.99750197,8,FFpp
013_883,1,faceswap,0.9996881,8,FFpp
013_883,1,neuraltextures,0.9430323,8,FFpp
014,0,real,0.0009911391,8,FFpp
014_790,1,deepfakes,0.99968964,8,FFpp
014_790,1,face2face,0.99812883,8,FFpp
014_790,1,faceswap,0.99208325,8,FFpp
014_790,1,neuraltextures,0.9973322,8,FFpp
015,0,real,0.1139832,8,FFpp
015_919,1,deepfakes,0.87729985,8,FFpp
015_919,1,face2face,0.87455255,8,FFpp
015_919,1,faceswap,0.99993616,8,FFpp
015_919,1,neuraltextures,0.9999804,8,FFpp
016,0,real,4.3279717e-05,7,FFpp
016_209,1,deepfakes,0.99992293,7,FFpp
016_209,1,face2face,0.9946966,7,FFpp
016_209,1,faceswap,0.9993748,7,FFpp
016_209,1,neuraltextures,0.9919793,7,FFpp
017,0,real,5.053898e-05,8,FFpp
017_803,1,deepfakes,0.99999017,8,FFpp
017_803,1,face2face,0.9998385,8,FFpp
017_803,1,faceswap,0.999923,8,FFpp
017_803,1,neuraltextures,0.9999719,8,FFpp
018,0,real,0.0006205386,8,FFpp
018_019,1,deepfakes,0.9993464,8,FFpp
018_019,1,face2face,0.99981654,8,FFpp
018_019,1,faceswap,0.99986446,8,FFpp
018_019,1,neuraltextures,0.9994016,8,FFpp
019,0,real,2.7209411e-05,8,FFpp
019_018,1,deepfakes,0.9992799,8,FFpp
019_018,1,face2face,0.89550185,8,FFpp
019_018,1,faceswap,0.98425704,8,FFpp
019_018,1,neuraltextures,0.5182725,8,FFpp
020,0,real,9.775557e-06,8,FFpp
020_344,1,deepfakes,0.9994885,8,FFpp
020_344,1,face2face,0.9987643,8,FFpp
020_344,1,faceswap,0.99599504,8,FFpp
020_344,1,neuraltextures,0.99481094,8,FFpp
021,0,real,0.003962135,8,FFpp
021_312,1,deepfakes,0.9996556,8,FFpp
021_312,1,face2face,0.992608,8,FFpp
021_312,1,faceswap,0.999566,8,FFpp
021_312,1,neuraltextures,0.91048664,8,FFpp
022,0,real,0.00040265854,5,FFpp
022_489,1,deepfakes,0.9659001,6,FFpp
022_489,1,face2face,0.9998253,7,FFpp
022_489,1,faceswap,0.9998102,6,FFpp
022_489,1,neuraltextures,0.9963106,5,FFpp
023,0,real,0.21188992,8,FFpp
023_923,1,deepfakes,0.99888563,8,FFpp
023_923,1,face2face,0.9975891,8,FFpp
023_923,1,faceswap,0.99988735,8,FFpp
023_923,1,neuraltextures,0.9969429,8,FFpp
024,0,real,0.0011801107,8,FFpp
024_073,1,deepfakes,0.9164164,8,FFpp
024_073,1,face2face,0.8417392,8,FFpp
024_073,1,faceswap,0.9994543,8,FFpp
024_073,1,neuraltextures,0.9995324,8,FFpp
025,0,real,6.850452e-05,8,FFpp
025_067,1,deepfakes,0.9975776,8,FFpp
025_067,1,face2face,0.99993235,8,FFpp
025_067,1,faceswap,0.99987173,8,FFpp
025_067,1,neuraltextures,0.7410166,8,FFpp
026,0,real,0.00028977718,8,FFpp
026_012,1,deepfakes,0.9997085,8,FFpp
026_012,1,face2face,0.9024914,8,FFpp
026_012,1,faceswap,0.99974513,8,FFpp
026_012,1,neuraltextures,0.97599494,8,FFpp
027,0,real,0.0014774043,8,FFpp
027_009,1,deepfakes,0.9999515,8,FFpp
027_009,1,face2face,0.99978125,8,FFpp
027_009,1,faceswap,0.99011403,8,FFpp
027_009,1,neuraltextures,0.99994785,8,FFpp
028,0,real,0.0014945504,8,FFpp
028_068,1,deepfakes,0.99631745,8,FFpp
028_068,1,face2face,0.9999918,8,FFpp
028_068,1,faceswap,0.99947613,8,FFpp
028_068,1,neuraltextures,0.99983054,8,FFpp
029,0,real,0.04345086,8,FFpp
029_048,1,deepfakes,0.99984896,8,FFpp
029_048,1,face2face,0.9999451,8,FFpp
029_048,1,faceswap,0.99977285,8,FFpp
029_048,1,neuraltextures,0.99998397,8,FFpp
030,0,real,0.000730425,8,FFpp
030_193,1,deepfakes,0.9994467,8,FFpp
030_193,1,face2face,0.99980515,8,FFpp
030_193,1,faceswap,0.99972904,8,FFpp
030_193,1,neuraltextures,0.99997795,8,FFpp
031,0,real,3.373076e-05,8,FFpp
031_163,1,deepfakes,0.9999612,8,FFpp
031_163,1,face2face,0.9966227,8,FFpp
031_163,1,faceswap,0.9997292,8,FFpp
031_163,1,neuraltextures,0.9261835,8,FFpp
032,0,real,0.00010933609,8,FFpp
032_944,1,deepfakes,0.99990726,8,FFpp
032_944,1,face2face,0.9998807,8,FFpp
032_944,1,faceswap,0.99991107,8,FFpp
032_944,1,neuraltextures,0.99995935,8,FFpp
033_097,1,neuraltextures,0.94918656,2,FFpp
034,0,real,7.243365e-05,8,FFpp
034_590,1,deepfakes,0.9999652,8,FFpp
034_590,1,face2face,0.99979246,8,FFpp
034_590,1,faceswap,0.99903435,8,FFpp
034_590,1,neuraltextures,0.9897375,8,FFpp
035,0,real,0.50822675,8,FFpp
035_036,1,deepfakes,0.9930721,8,FFpp
035_036,1,face2face,0.9997141,8,FFpp
035_036,1,faceswap,0.99600774,8,FFpp
035_036,1,neuraltextures,0.99968797,8,FFpp
036,0,real,0.09210021,8,FFpp
036_035,1,deepfakes,0.9722546,8,FFpp
036_035,1,face2face,0.999991,7,FFpp
036_035,1,faceswap,0.9995757,8,FFpp
036_035,1,neuraltextures,0.9999727,8,FFpp
037,0,real,2.885985e-05,8,FFpp
037_072,1,deepfakes,0.99895406,8,FFpp
037_072,1,face2face,0.99953246,8,FFpp
037_072,1,faceswap,0.99780065,8,FFpp
037_072,1,neuraltextures,0.94284135,8,FFpp
038,0,real,1.2766671e-07,8,FFpp
038_125,1,deepfakes,0.9447038,8,FFpp
038_125,1,face2face,0.99872684,8,FFpp
038_125,1,faceswap,0.9998836,8,FFpp
038_125,1,neuraltextures,0.992134,8,FFpp
039,0,real,3.0502345e-06,8,FFpp
039_058,1,deepfakes,0.99941194,8,FFpp
039_058,1,face2face,0.9997494,8,FFpp
039_058,1,faceswap,0.99994755,8,FFpp
039_058,1,neuraltextures,0.95679665,8,FFpp
040,0,real,1.0819089e-05,5,FFpp
040_997,1,deepfakes,0.999235,4,FFpp
040_997,1,face2face,0.9999649,6,FFpp
040_997,1,faceswap,0.99934256,5,FFpp
040_997,1,neuraltextures,0.99994683,6,FFpp
041,0,real,0.00033620122,8,FFpp
041_063,1,deepfakes,0.99977833,8,FFpp
041_063,1,face2face,0.9783782,8,FFpp
041_063,1,faceswap,0.9968782,8,FFpp
041_063,1,neuraltextures,0.9864437,8,FFpp
042,0,real,0.00010316723,8,FFpp
042_084,1,deepfakes,0.9997991,8,FFpp
042_084,1,face2face,0.9995022,8,FFpp
042_084,1,faceswap,0.99984795,8,FFpp
042_084,1,neuraltextures,0.99984235,8,FFpp
043,0,real,0.0030587935,8,FFpp
043_110,1,deepfakes,0.99986494,8,FFpp
043_110,1,face2face,0.99967337,8,FFpp
043_110,1,faceswap,0.99996775,8,FFpp
043_110,1,neuraltextures,0.9885499,8,FFpp
044,0,real,0.10551112,8,FFpp
044_945,1,deepfakes,0.9999873,8,FFpp
044_945,1,face2face,0.99614567,8,FFpp
044_945,1,faceswap,0.99995416,8,FFpp
044_945,1,neuraltextures,0.99999136,8,FFpp
045,0,real,0.00020879257,8,FFpp
045_889,1,deepfakes,0.9998963,8,FFpp
045_889,1,face2face,0.99981916,8,FFpp
045_889,1,faceswap,0.99975234,8,FFpp
045_889,1,neuraltextures,0.9895132,8,FFpp
046,0,real,0.00043293997,8,FFpp
046_904,1,deepfakes,0.9996544,8,FFpp
046_904,1,face2face,0.9998559,8,FFpp
046_904,1,faceswap,0.99961483,8,FFpp
046_904,1,neuraltextures,0.9833615,8,FFpp
047,0,real,0.2028299,8,FFpp
047_862,1,deepfakes,0.785998,8,FFpp
047_862,1,face2face,0.99983543,8,FFpp
047_862,1,faceswap,0.9998644,8,FFpp
047_862,1,neuraltextures,0.75981766,8,FFpp
048,0,real,1.41002165e-05,8,FFpp
048_029,1,deepfakes,0.9996054,8,FFpp
048_029,1,face2face,0.9893991,8,FFpp
048_029,1,faceswap,0.7926748,8,FFpp
048_029,1,neuraltextures,0.85841125,8,FFpp
049,0,real,0.00044938558,8,FFpp
049_946,1,deepfakes,0.99999255,8,FFpp
049_946,1,face2face,0.9999018,8,FFpp
049_946,1,faceswap,0.9991215,8,FFpp
049_946,1,neuraltextures,0.99992996,8,FFpp
050,0,real,9.665711e-06,8,FFpp
050_059,1,deepfakes,0.9996507,8,FFpp
050_059,1,face2face,0.99831796,8,FFpp
050_059,1,faceswap,0.9999245,8,FFpp
050_059,1,neuraltextures,0.9019218,8,FFpp
051,0,real,2.9594803e-05,8,FFpp
051_332,1,deepfakes,0.9999788,8,FFpp
051_332,1,face2face,0.99983287,8,FFpp
051_332,1,faceswap,0.9987332,8,FFpp
051_332,1,neuraltextures,0.9142354,8,FFpp
052,0,real,5.4374374e-05,8,FFpp
052_108,1,deepfakes,0.9999544,8,FFpp
052_108,1,face2face,0.9999384,8,FFpp
052_108,1,faceswap,0.99926364,8,FFpp
052_108,1,neuraltextures,0.93580925,8,FFpp
053,0,real,0.0004150406,8,FFpp
053_095,1,deepfakes,0.9995994,8,FFpp
053_095,1,face2face,0.96662486,8,FFpp
053_095,1,faceswap,0.9951285,8,FFpp
053_095,1,neuraltextures,0.9394708,8,FFpp
054,0,real,0.00025793485,7,FFpp
054_071,1,deepfakes,0.9989436,7,FFpp
054_071,1,face2face,0.9987402,8,FFpp
054_071,1,faceswap,0.9885565,7,FFpp
054_071,1,neuraltextures,0.99321246,8,FFpp
055,0,real,0.0024376258,8,FFpp
055_147,1,deepfakes,0.9427715,8,FFpp
055_147,1,face2face,0.99982935,8,FFpp
055_147,1,faceswap,0.99991643,8,FFpp
055_147,1,neuraltextures,0.999903,8,FFpp
056,0,real,0.009459306,8,FFpp
056_996,1,deepfakes,0.99998254,8,FFpp
056_996,1,face2face,0.9998502,8,FFpp
056_996,1,faceswap,0.99995923,8,FFpp
056_996,1,neuraltextures,0.9998493,8,FFpp
057,0,real,1.963244e-06,8,FFpp
057_070,1,deepfakes,0.9979321,8,FFpp
057_070,1,face2face,0.9260522,8,FFpp
057_070,1,faceswap,0.9997981,8,FFpp
057_070,1,neuraltextures,0.99623203,8,FFpp
058,0,real,0.0004999313,8,FFpp
058_039,1,deepfakes,0.9999118,8,FFpp
058_039,1,face2face,0.9974937,8,FFpp
058_039,1,faceswap,0.99928474,8,FFpp
058_039,1,neuraltextures,0.89138603,8,FFpp
059,0,real,1.6070782e-05,8,FFpp
059_050,1,deepfakes,0.99683625,8,FFpp
059_050,1,face2face,0.99916977,8,FFpp
059_050,1,faceswap,0.9984204,8,FFpp
059_050,1,neuraltextures,0.9930431,8,FFpp
060,0,real,0.10920008,7,FFpp
060_088,1,deepfakes,0.999896,7,FFpp
060_088,1,face2face,0.99805474,8,FFpp
060_088,1,faceswap,0.99944973,8,FFpp
060_088,1,neuraltextures,0.9949852,8,FFpp
061,0,real,3.84193e-05,8,FFpp
061_080,1,deepfakes,0.99988645,8,FFpp
061_080,1,face2face,0.91660357,8,FFpp
061_080,1,faceswap,0.9996741,8,FFpp
061_080,1,neuraltextures,0.9955767,8,FFpp
062,0,real,0.00021018933,8,FFpp
062_066,1,deepfakes,0.9996995,8,FFpp
062_066,1,face2face,0.9421035,8,FFpp
062_066,1,faceswap,0.9996912,8,FFpp
062_066,1,neuraltextures,0.99461967,8,FFpp
063,0,real,0.0003781542,8,FFpp
063_041,1,deepfakes,0.99950606,8,FFpp
063_041,1,face2face,0.9957701,8,FFpp
063_041,1,faceswap,0.99971235,8,FFpp
063_041,1,neuraltextures,0.99217814,8,FFpp
064,0,real,0.0060082697,7,FFpp
064_991,1,deepfakes,0.99950695,7,FFpp
064_991,1,face2face,0.9999704,7,FFpp
064_991,1,faceswap,0.99996847,7,FFpp
064_991,1,neuraltextures,0.9998967,7,FFpp
065,0,real,0.00026809552,8,FFpp
065_089,1,deepfakes,0.9999852,8,FFpp
065_089,1,face2face,0.9997917,8,FFpp
065_089,1,faceswap,0.9999759,8,FFpp
065_089,1,neuraltextures,0.99725544,8,FFpp
066,0,real,6.7699443e-06,8,FFpp
066_062,1,deepfakes,0.999697,8,FFpp
066_062,1,face2face,0.9995167,8,FFpp
066_062,1,faceswap,0.9997341,8,FFpp
066_062,1,neuraltextures,0.99182916,8,FFpp
067,0,real,0.004527367,8,FFpp
067_025,1,deepfakes,0.99997234,8,FFpp
067_025,1,face2face,0.9998397,8,FFpp
067_025,1,faceswap,0.99894327,8,FFpp
067_025,1,neuraltextures,0.9998274,8,FFpp
068,0,real,0.0015717426,8,FFpp
068_028,1,deepfakes,0.9999968,8,FFpp
068_028,1,face2face,0.99972004,8,FFpp
068_028,1,faceswap,0.99950373,8,FFpp
068_028,1,neuraltextures,0.9999289,8,FFpp
069,0,real,0.00022205879,8,FFpp
069_961,1,deepfakes,0.99912286,8,FFpp
069_961,1,face2face,0.9997164,8,FFpp
069_961,1,faceswap,0.9999042,8,FFpp
069_961,1,neuraltextures,0.9989158,8,FFpp
070,0,real,6.1289e-06,8,FFpp
070_057,1,deepfakes,0.99962485,8,FFpp
070_057,1,face2face,0.9999817,8,FFpp
070_057,1,faceswap,0.9999223,8,FFpp
070_057,1,neuraltextures,0.9322896,8,FFpp
071,0,real,0.0048028235,8,FFpp
071_054,1,deepfakes,0.98677903,8,FFpp
071_054,1,face2face,0.99969995,8,FFpp
071_054,1,faceswap,0.9998436,8,FFpp
071_054,1,neuraltextures,0.94389015,8,FFpp
072,0,real,9.203007e-05,8,FFpp
072_037,1,deepfakes,0.99992895,8,FFpp
072_037,1,face2face,0.9999378,8,FFpp
072_037,1,faceswap,0.99947965,8,FFpp
072_037,1,neuraltextures,0.99990094,8,FFpp
073,0,real,8.185917e-07,8,FFpp
073_024,1,deepfakes,0.99826807,8,FFpp
073_024,1,face2face,0.60021895,8,FFpp
073_024,1,faceswap,0.97154045,8,FFpp
073_024,1,neuraltextures,3.114054e-05,8,FFpp
074,0,real,0.00032040416,8,FFpp
074_825,1,deepfakes,0.984804,8,FFpp
074_825,1,face2face,0.99713063,8,FFpp
074_825,1,faceswap,0.9992272,8,FFpp
074_825,1,neuraltextures,0.9986283,8,FFpp
075,0,real,0.004734679,8,FFpp
075_977,1,deepfakes,0.9997606,8,FFpp
075_977,1,face2face,0.99931926,8,FFpp
075_977,1,faceswap,0.9998299,8,FFpp
075_977,1,neuraltextures,0.9904366,8,FFpp
076,0,real,0.00013136287,8,FFpp
076_079,1,deepfakes,0.99986935,8,FFpp
076_079,1,face2face,0.9999652,8,FFpp
076_079,1,faceswap,0.99886423,8,FFpp
076_079,1,neuraltextures,0.9999592,8,FFpp
077,0,real,0.00015939564,8,FFpp
077_100,1,deepfakes,0.9954071,8,FFpp
077_100,1,face2face,0.999909,8,FFpp
077_100,1,faceswap,0.99990577,8,FFpp
077_100,1,neuraltextures,0.9962989,8,FFpp
078,0,real,5.8817517e-05,8,FFpp
078_955,1,deepfakes,0.9999693,8,FFpp
078_955,1,face2face,0.9996964,8,FFpp
078_955,1,faceswap,0.9994691,8,FFpp
078_955,1,neuraltextures,0.89106894,8,FFpp
079,0,real,0.0008254984,8,FFpp
079_076,1,deepfakes,0.99989915,8,FFpp
079_076,1,face2face,0.9998813,8,FFpp
079_076,1,faceswap,0.9991618,8,FFpp
079_076,1,neuraltextures,0.99974436,8,FFpp
080,0,real,0.0015591038,8,FFpp
080_061,1,deepfakes,0.9633706,8,FFpp
080_061,1,face2face,0.95630187,8,FFpp
080_061,1,faceswap,0.9995057,8,FFpp
080_061,1,neuraltextures,0.989944,8,FFpp
081,0,real,0.00017506591,8,FFpp
081_087,1,deepfakes,0.9998741,8,FFpp
081_087,1,face2face,0.9987528,8,FFpp
081_087,1,faceswap,0.99742496,8,FFpp
081_087,1,neuraltextures,0.9996313,8,FFpp
082,0,real,1.9229752e-05,8,FFpp
082_103,1,deepfakes,0.9998661,8,FFpp
082_103,1,face2face,0.8747815,8,FFpp
082_103,1,faceswap,0.99817455,8,FFpp
082_103,1,neuraltextures,0.9970243,8,FFpp
083,0,real,2.963844e-06,8,FFpp
083_213,1,deepfakes,0.9999162,8,FFpp
083_213,1,face2face,0.99990135,8,FFpp
083_213,1,faceswap,0.97883666,8,FFpp
083_213,1,neuraltextures,0.9908669,8,FFpp
084,0,real,0.0007361734,6,FFpp
084_042,1,deepfakes,0.9999982,7,FFpp
084_042,1,face2face,0.99997586,7,FFpp
084_042,1,faceswap,0.9883841,7,FFpp
084_042,1,neuraltextures,0.99972314,7,FFpp
085,0,real,3.1728112e-05,8,FFpp
085_124,1,deepfakes,0.9813793,8,FFpp
085_124,1,face2face,0.9979059,8,FFpp
085_124,1,faceswap,0.99820554,8,FFpp
085_124,1,neuraltextures,0.7328585,8,FFpp
086,0,real,0.00016786168,8,FFpp
086_090,1,deepfakes,0.99992555,8,FFpp
086_090,1,face2face,0.999958,8,FFpp
086_090,1,faceswap,0.9999754,8,FFpp
086_090,1,neuraltextures,0.9995576,8,FFpp
087,0,real,2.7779746e-05,8,FFpp
087_081,1,deepfakes,0.9971236,8,FFpp
087_081,1,face2face,0.9944573,8,FFpp
087_081,1,faceswap,0.99990034,8,FFpp
087_081,1,neuraltextures,0.9757934,8,FFpp
088,0,real,4.043738e-05,8,FFpp
088_060,1,deepfakes,0.9093094,8,FFpp
088_060,1,face2face,0.9995491,8,FFpp
088_060,1,faceswap,0.9999542,8,FFpp
088_060,1,neuraltextures,0.95826936,8,FFpp
089,0,real,3.360316e-05,8,FFpp
089_065,1,deepfakes,0.99982864,8,FFpp
089_065,1,face2face,0.999864,8,FFpp
089_065,1,faceswap,0.9997712,8,FFpp
089_065,1,neuraltextures,0.9999848,8,FFpp
090,0,real,1.1400975e-05,8,FFpp
090_086,1,deepfakes,0.9998939,8,FFpp
090_086,1,face2face,0.9997563,8,FFpp
090_086,1,faceswap,0.99906087,8,FFpp
090_086,1,neuraltextures,0.9951852,8,FFpp
091,0,real,8.417302e-05,8,FFpp
091_116,1,deepfakes,0.99964696,8,FFpp
091_116,1,face2face,0.7419656,8,FFpp
091_116,1,faceswap,0.9928147,8,FFpp
091_116,1,neuraltextures,0.99917316,8,FFpp
092,0,real,1.7993343e-05,8,FFpp
092_098,1,deepfakes,0.97975445,8,FFpp
092_098,1,face2face,0.9910437,8,FFpp
092_098,1,faceswap,0.999279,8,FFpp
092_098,1,neuraltextures,0.9948454,8,FFpp
093,0,real,0.000593023,8,FFpp
093_121,1,deepfakes,0.9999417,8,FFpp
093_121,1,face2face,0.99988,8,FFpp
093_121,1,faceswap,0.9999414,8,FFpp
093_121,1,neuraltextures,0.99501127,8,FFpp
094,0,real,0.0012904045,8,FFpp
094_111,1,deepfakes,0.9998029,8,FFpp
094_111,1,face2face,0.9999832,8,FFpp
094_111,1,faceswap,0.99982065,8,FFpp
094_111,1,neuraltextures,0.999857,8,FFpp
095,0,real,0.00024652475,8,FFpp
095_053,1,deepfakes,0.95787275,8,FFpp
095_053,1,face2face,0.9934949,7,FFpp
095_053,1,faceswap,0.9997633,7,FFpp
095_053,1,neuraltextures,0.9885913,7,FFpp
097,0,real,0.0009302329,8,FFpp
097_033,1,deepfakes,0.918293,8,FFpp
097_033,1,face2face,0.9988038,8,FFpp
097_033,1,faceswap,0.99861187,8,FFpp
097_033,1,neuraltextures,0.99208206,8,FFpp
098,0,real,7.347889e-05,8,FFpp
098_092,1,deepfakes,0.9996458,8,FFpp
098_092,1,face2face,0.9985265,8,FFpp
098_092,1,faceswap,0.99996495,8,FFpp
098_092,1,neuraltextures,0.9944419,8,FFpp
099,0,real,0.0006157392,8,FFpp
099_295,1,deepfakes,0.99967855,8,FFpp
099_295,1,face2face,0.99920225,8,FFpp
099_295,1,faceswap,0.9994633,8,FFpp
099_295,1,neuraltextures,0.9987848,8,FFpp
100,0,real,0.011016152,8,FFpp
100_077,1,deepfakes,0.9895498,8,FFpp
100_077,1,face2face,0.9999245,8,FFpp
100_077,1,faceswap,0.9995552,8,FFpp
100_077,1,neuraltextures,0.9976767,8,FFpp
101,0,real,0.0021083427,8,FFpp
101_096,1,deepfakes,0.99967265,8,FFpp
101_096,1,face2face,0.9997315,8,FFpp
101_096,1,faceswap,0.99894816,8,FFpp
101_096,1,neuraltextures,0.18177742,8,FFpp
102,0,real,0.00012722785,8,FFpp
102_114,1,deepfakes,0.99931145,8,FFpp
102_114,1,face2face,0.6564021,8,FFpp
102_114,1,faceswap,0.9972039,8,FFpp
102_114,1,neuraltextures,0.9985745,8,FFpp
103,0,real,0.005572297,8,FFpp
103_082,1,deepfakes,0.9781208,8,FFpp
103_082,1,face2face,0.9999073,8,FFpp
103_082,1,faceswap,0.9989592,8,FFpp
103_082,1,neuraltextures,0.96860164,8,FFpp
104,0,real,0.030517401,8,FFpp
104_126,1,deepfakes,0.8517748,8,FFpp
104_126,1,face2face,0.9993871,8,FFpp
104_126,1,faceswap,0.9985039,8,FFpp
104_126,1,neuraltextures,0.8452405,8,FFpp
105,0,real,0.0007724774,7,FFpp
105_180,1,deepfakes,0.9350127,7,FFpp
105_180,1,face2face,0.9612899,8,FFpp
105_180,1,faceswap,0.9942132,7,FFpp
105_180,1,neuraltextures,0.94293547,7,FFpp
106,0,real,6.167122e-05,8,FFpp
106_198,1,deepfakes,0.9999179,8,FFpp
106_198,1,face2face,0.9925034,8,FFpp
106_198,1,faceswap,0.9992981,8,FFpp
106_198,1,neuraltextures,0.9999939,8,FFpp
107,0,real,5.443535e-05,8,FFpp
107_109,1,deepfakes,0.8165655,8,FFpp
107_109,1,face2face,0.99947304,8,FFpp
107_109,1,faceswap,0.9987751,8,FFpp
107_109,1,neuraltextures,0.88018924,8,FFpp
108,0,real,0.011203856,8,FFpp
108_052,1,deepfakes,0.99984324,8,FFpp
108_052,1,face2face,0.9994091,8,FFpp
108_052,1,faceswap,0.9917738,8,FFpp
108_052,1,neuraltextures,0.9972174,8,FFpp
109,0,real,7.2696266e-06,8,FFpp
109_107,1,deepfakes,0.999961,8,FFpp
109_107,1,face2face,0.75596315,8,FFpp
109_107,1,faceswap,0.9996529,8,FFpp
109_107,1,neuraltextures,0.9951822,8,FFpp
110,0,real,0.0005073567,8,FFpp
110_043,1,deepfakes,0.99672365,8,FFpp
110_043,1,face2face,0.9999147,8,FFpp
110_043,1,faceswap,0.99981064,8,FFpp
110_043,1,neuraltextures,0.99108195,8,FFpp
111,0,real,6.765799e-05,8,FFpp
111_094,1,deepfakes,0.9999833,8,FFpp
111_094,1,face2face,0.9932577,8,FFpp
111_094,1,faceswap,0.999637,8,FFpp
111_094,1,neuraltextures,0.9703338,8,FFpp
112,0,real,6.182503e-06,8,FFpp
112_892,1,deepfakes,0.99835443,8,FFpp
112_892,1,face2face,0.9998521,8,FFpp
112_892,1,faceswap,0.9968206,8,FFpp
112_892,1,neuraltextures,0.9998955,8,FFpp
113,0,real,2.2194288e-05,8,FFpp
113_983,1,deepfakes,0.99998325,8,FFpp
113_983,1,face2face,0.99993753,8,FFpp
113_983,1,faceswap,0.9995047,8,FFpp
113_983,1,neuraltextures,0.98425615,8,FFpp
114,0,real,0.009836352,8,FFpp
114_102,1,deepfakes,0.9982037,8,FFpp
114_102,1,face2face,0.9998065,8,FFpp
114_102,1,faceswap,0.9996628,8,FFpp
114_102,1,neuraltextures,0.9999276,8,FFpp
115,0,real,0.005153896,8,FFpp
115_939,1,deepfakes,0.9951136,8,FFpp
115_939,1,face2face,0.090972446,8,FFpp
115_939,1,faceswap,0.99996746,8,FFpp
115_939,1,neuraltextures,0.021683862,8,FFpp
116,0,real,0.04536533,8,FFpp
116_091,1,deepfakes,0.99203825,8,FFpp
116_091,1,face2face,0.99974376,8,FFpp
116_091,1,faceswap,0.9995199,8,FFpp
116_091,1,neuraltextures,0.99958485,8,FFpp
117,0,real,0.0022906673,8,FFpp
117_217,1,deepfakes,0.9416487,8,FFpp
117_217,1,face2face,0.9999508,8,FFpp
117_217,1,faceswap,0.9990995,8,FFpp
117_217,1,neuraltextures,0.9979038,8,FFpp
118,0,real,2.9091663e-05,8,FFpp
118_120,1,deepfakes,0.9509465,8,FFpp
118_120,1,face2face,0.999963,8,FFpp
118_120,1,faceswap,0.9998552,8,FFpp
118_120,1,neuraltextures,0.99950755,8,FFpp
119,0,real,2.4729532e-05,8,FFpp
119_123,1,deepfakes,0.9999788,8,FFpp
119_123,1,face2face,0.87037027,8,FFpp
119_123,1,faceswap,0.9995549,8,FFpp
119_123,1,neuraltextures,0.95284337,8,FFpp
120,0,real,5.3740638e-05,8,FFpp
120_118,1,deepfakes,0.9998343,8,FFpp
120_118,1,face2face,0.9918249,8,FFpp
120_118,1,faceswap,0.9993592,8,FFpp
120_118,1,neuraltextures,0.98642194,8,FFpp
121,0,real,0.00027601293,8,FFpp
121_093,1,deepfakes,0.997947,8,FFpp
121_093,1,face2face,0.9989427,8,FFpp
121_093,1,faceswap,0.99777603,8,FFpp
121_093,1,neuraltextures,0.99718845,8,FFpp
122,0,real,0.00013424529,8,FFpp
122_144,1,deepfakes,0.9999301,8,FFpp
122_144,1,face2face,0.9998282,8,FFpp
122_144,1,faceswap,0.99988556,8,FFpp
122_144,1,neuraltextures,0.99997914,8,FFpp
123,0,real,0.00026567536,8,FFpp
123_119,1,deepfakes,0.9953436,8,FFpp
123_119,1,face2face,0.9998653,8,FFpp
123_119,1,faceswap,0.99884456,8,FFpp
123_119,1,neuraltextures,0.9997834,8,FFpp
124,0,real,0.00040135923,8,FFpp
124_085,1,deepfakes,0.92453665,8,FFpp
124_085,1,face2face,0.999085,8,FFpp
124_085,1,faceswap,0.99848884,8,FFpp
124_085,1,neuraltextures,0.99766743,8,FFpp
125,0,real,0.0013867654,8,FFpp
125_038,1,deepfakes,0.99844444,8,FFpp
125_038,1,face2face,0.999164,8,FFpp
125_038,1,faceswap,0.9993076,8,FFpp
125_038,1,neuraltextures,0.98874605,8,FFpp
126,0,real,5.9432193e-07,8,FFpp
126_104,1,deepfakes,0.9422315,8,FFpp
126_104,1,face2face,0.9981,8,FFpp
126_104,1,faceswap,0.92641765,8,FFpp
126_104,1,neuraltextures,0.04985207,8,FFpp
127,0,real,0.046729323,8,FFpp
127_129,1,deepfakes,0.99511576,8,FFpp
127_129,1,face2face,0.9999976,8,FFpp
127_129,1,faceswap,0.99997777,8,FFpp
127_129,1,neuraltextures,0.9999845,8,FFpp
128,0,real,3.123938e-05,6,FFpp
128_896,1,deepfakes,0.99984294,6,FFpp
128_896,1,face2face,0.47192714,7,FFpp
128_896,1,faceswap,0.999495,7,FFpp
128_896,1,neuraltextures,0.7166349,7,FFpp
129,0,real,0.00010890557,8,FFpp
129_127,1,deepfakes,0.99997723,8,FFpp
129_127,1,face2face,0.9986828,8,FFpp
129_127,1,faceswap,0.9995596,8,FFpp
129_127,1,neuraltextures,0.9631104,8,FFpp
130,0,real,1.6656784e-06,8,FFpp
130_139,1,deepfakes,0.99935246,8,FFpp
130_139,1,face2face,0.9380354,8,FFpp
130_139,1,faceswap,0.9996318,8,FFpp
130_139,1,neuraltextures,0.9993584,8,FFpp
131,0,real,0.001496222,8,FFpp
131_518,1,deepfakes,0.9990375,8,FFpp
131_518,1,face2face,0.9954187,8,FFpp
131_518,1,faceswap,0.9998518,7,FFpp
131_518,1,neuraltextures,0.997398,8,FFpp
132,0,real,0.00013514188,8,FFpp
132_007,1,deepfakes,0.6932333,8,FFpp
132_007,1,face2face,0.99901867,7,FFpp
132_007,1,faceswap,0.99937254,8,FFpp
132_007,1,neuraltextures,0.9996292,7,FFpp
133,0,real,0.00020760704,8,FFpp
133_148,1,deepfakes,0.99948144,8,FFpp
133_148,1,face2face,0.9992598,8,FFpp
133_148,1,faceswap,0.9982668,8,FFpp
133_148,1,neuraltextures,0.99982107,8,FFpp
134,0,real,0.020148726,8,FFpp
134_192,1,deepfakes,0.9927663,8,FFpp
134_192,1,face2face,0.99994737,8,FFpp
134_192,1,faceswap,0.9999439,8,FFpp
134_192,1,neuraltextures,0.99857885,8,FFpp
135,0,real,0.0017839925,8,FFpp
135_880,1,deepfakes,0.99988914,8,FFpp
135_880,1,face2face,0.9999042,8,FFpp
135_880,1,faceswap,0.999842,8,FFpp
135_880,1,neuraltextures,0.9000541,8,FFpp
136,0,real,3.021317e-05,8,FFpp
136_285,1,deepfakes,0.9936674,8,FFpp
136_285,1,face2face,0.99935126,8,FFpp
136_285,1,faceswap,0.9999616,8,FFpp
136_285,1,neuraltextures,0.99660754,8,FFpp
137,0,real,0.00012131047,8,FFpp
137_165,1,deepfakes,0.99973243,8,FFpp
137_165,1,face2face,0.9984303,8,FFpp
137_165,1,faceswap,0.999524,8,FFpp
137_165,1,neuraltextures,0.99419916,8,FFpp
138,0,real,0.023456924,8,FFpp
138_142,1,deepfakes,0.9999236,8,FFpp
138_142,1,face2face,0.9994614,8,FFpp
138_142,1,faceswap,0.9973129,8,FFpp
138_142,1,neuraltextures,0.9998091,8,FFpp
139,0,real,0.00074223714,8,FFpp
139_130,1,deepfakes,0.9984661,8,FFpp
139_130,1,face2face,0.9947239,8,FFpp
139_130,1,faceswap,0.9993951,8,FFpp
139_130,1,neuraltextures,0.9982548,8,FFpp
140,0,real,0.0005409865,8,FFpp
140_143,1,deepfakes,0.99997663,8,FFpp
140_143,1,face2face,0.99997383,8,FFpp
140_143,1,faceswap,0.9990696,8,FFpp
140_143,1,neuraltextures,0.92957026,8,FFpp
141,0,real,0.13726646,8,FFpp
141_161,1,deepfakes,0.9987337,8,FFpp
141_161,1,face2face,0.9979116,8,FFpp
141_161,1,faceswap,0.97357345,8,FFpp
141_161,1,neuraltextures,0.95122826,8,FFpp
142,0,real,0.15907125,8,FFpp
142_138,1,deepfakes,0.99805975,8,FFpp
142_138,1,face2face,0.9990593,8,FFpp
142_138,1,faceswap,0.9968822,8,FFpp
142_138,1,neuraltextures,0.71956986,7,FFpp
143,0,real,0.0018980379,8,FFpp
143_140,1,deepfakes,0.9623336,8,FFpp
143_140,1,face2face,0.99940574,8,FFpp
143_140,1,faceswap,0.9994829,8,FFpp
143_140,1,neuraltextures,0.99934214,8,FFpp
144,0,real,5.687769e-05,8,FFpp
144_122,1,deepfakes,0.999866,8,FFpp
144_122,1,face2face,0.99995553,8,FFpp
144_122,1,faceswap,0.9966047,8,FFpp
144_122,1,neuraltextures,0.9998169,8,FFpp
145,0,real,0.61451846,8,FFpp
145_299,1,deepfakes,0.9998289,8,FFpp
145_299,1,face2face,0.9993305,8,FFpp
145_299,1,faceswap,0.9695097,8,FFpp
145_299,1,neuraltextures,0.9998102,8,FFpp
146,0,real,0.000114808696,8,FFpp
146_256,1,deepfakes,0.99997205,8,FFpp
146_256,1,face2face,0.99984086,8,FFpp
146_256,1,faceswap,0.99979234,8,FFpp
146_256,1,neuraltextures,0.9583036,8,FFpp
147,0,real,0.00038362655,8,FFpp
147_055,1,deepfakes,0.99999225,8,FFpp
147_055,1,face2face,0.91670513,8,FFpp
147_055,1,faceswap,0.9988621,8,FFpp
147_055,1,neuraltextures,0.9737215,8,FFpp
148,0,real,0.0106128,8,FFpp
148_133,1,deepfakes,0.99970764,8,FFpp
148_133,1,face2face,0.99988055,8,FFpp
148_133,1,faceswap,0.9990936,8,FFpp
148_133,1,neuraltextures,0.9959257,8,FFpp
149,0,real,1.4855138e-05,8,FFpp
149_152,1,deepfakes,0.9994851,8,FFpp
149_152,1,face2face,0.9999699,8,FFpp
149_152,1,faceswap,0.9986778,8,FFpp
149_152,1,neuraltextures,0.995471,8,FFpp
150,0,real,5.505821e-05,8,FFpp
150_153,1,deepfakes,0.9995104,8,FFpp
150_153,1,face2face,0.99889636,8,FFpp
150_153,1,faceswap,0.99974734,8,FFpp
150_153,1,neuraltextures,0.8963912,8,FFpp
151,0,real,0.001276829,8,FFpp
151_225,1,deepfakes,0.99971884,8,FFpp
151_225,1,face2face,0.99939567,8,FFpp
151_225,1,faceswap,0.9983512,8,FFpp
151_225,1,neuraltextures,0.9858175,8,FFpp
152,0,real,0.0001620237,8,FFpp
152_149,1,deepfakes,0.9993152,8,FFpp
152_149,1,face2face,0.9999819,8,FFpp
152_149,1,faceswap,0.99123955,8,FFpp
152_149,1,neuraltextures,0.9966891,8,FFpp
153,0,real,0.00011971389,8,FFpp
153_150,1,deepfakes,0.9991002,8,FFpp
153_150,1,face2face,0.99992865,8,FFpp
153_150,1,faceswap,0.9935603,8,FFpp
153_150,1,neuraltextures,0.9997051,8,FFpp
154,0,real,0.014309158,8,FFpp
154_386,1,deepfakes,0.87196743,8,FFpp
154_386,1,face2face,0.9996361,8,FFpp
154_386,1,faceswap,0.87776434,8,FFpp
154_386,1,neuraltextures,0.9982507,8,FFpp
155,0,real,3.189337e-05,8,FFpp
155_576,1,deepfakes,0.99947363,8,FFpp
155_576,1,face2face,0.9979384,8,FFpp
155_576,1,faceswap,0.9760522,8,FFpp
155_576,1,neuraltextures,0.81381595,8,FFpp
157,0,real,0.525615,8,FFpp
157_245,1,deepfakes,0.7616327,8,FFpp
157_245,1,face2face,0.996942,8,FFpp
157_245,1,faceswap,0.79251295,8,FFpp
157_245,1,neuraltextures,0.98527014,8,FFpp
158,0,real,0.27119488,5,FFpp
158_379,1,deepfakes,0.642955,7,FFpp
158_379,1,face2face,0.8167285,7,FFpp
158_379,1,faceswap,0.9758267,7,FFpp
158_379,1,neuraltextures,0.9215058,7,FFpp
159,0,real,0.0022700476,8,FFpp
159_175,1,deepfakes,0.9996551,8,FFpp
159_175,1,face2face,0.999807,8,FFpp
159_175,1,faceswap,0.9997833,8,FFpp
159_175,1,neuraltextures,0.99944067,8,FFpp
160,0,real,0.00085943565,8,FFpp
160_928,1,deepfakes,0.9999873,8,FFpp
160_928,1,face2face,0.99076813,8,FFpp
160_928,1,faceswap,0.99973625,8,FFpp
160_928,1,neuraltextures,0.91385615,8,FFpp
161,0,real,1.7381807e-06,8,FFpp
161_141,1,deepfakes,0.98939943,8,FFpp
161_141,1,face2face,0.9937085,8,FFpp
161_141,1,faceswap,0.9995913,8,FFpp
161_141,1,neuraltextures,0.9944354,8,FFpp
162,0,real,0.00015506499,8,FFpp
162_330,1,deepfakes,0.9999526,8,FFpp
162_330,1,face2face,0.9998229,8,FFpp
162_330,1,faceswap,0.9995277,8,FFpp
162_330,1,neuraltextures,0.9999287,8,FFpp
163,0,real,0.00062035373,8,FFpp
163_031,1,deepfakes,0.98644197,8,FFpp
163_031,1,face2face,0.9997675,8,FFpp
163_031,1,faceswap,0.9999132,8,FFpp
163_031,1,neuraltextures,0.99989945,8,FFpp
164,0,real,0.0005365945,8,FFpp
164_216,1,deepfakes,0.9928513,8,FFpp
164_216,1,face2face,0.99984175,8,FFpp
164_216,1,faceswap,0.9997443,8,FFpp
164_216,1,neuraltextures,0.9989241,8,FFpp
165,0,real,0.00082547497,8,FFpp
165_137,1,deepfakes,0.9997574,8,FFpp
165_137,1,face2face,0.98467,8,FFpp
165_137,1,faceswap,0.99967587,8,FFpp
165_137,1,neuraltextures,0.9966306,8,FFpp
166,0,real,2.2750923e-05,8,FFpp
166_167,1,deepfakes,0.983492,8,FFpp
166_167,1,face2face,0.98994464,8,FFpp
166_167,1,faceswap,0.99947995,8,FFpp
166_167,1,neuraltextures,0.87110096,8,FFpp
167,0,real,3.395742e-05,8,FFpp
167_166,1,deepfakes,0.99992144,8,FFpp
167_166,1,face2face,0.99906564,8,FFpp
167_166,1,faceswap,0.9998791,8,FFpp
167_166,1,neuraltextures,0.9855647,8,FFpp
168,0,real,0.00096517865,8,FFpp
168_222,1,deepfakes,0.9935403,8,FFpp
168_222,1,face2face,0.9994024,8,FFpp
168_222,1,faceswap,0.96424127,8,FFpp
168_222,1,neuraltextures,0.9986634,8,FFpp
169,0,real,0.000110533176,8,FFpp
169_227,1,deepfakes,0.9780153,8,FFpp
169_227,1,face2face,0.9996312,8,FFpp
169_227,1,faceswap,0.86309254,8,FFpp
169_227,1,neuraltextures,0.9969645,8,FFpp
170,0,real,0.0028504997,8,FFpp
170_186,1,deepfakes,0.9766116,8,FFpp
170_186,1,face2face,0.99429214,8,FFpp
170_186,1,faceswap,0.943449,7,FFpp
170_186,1,neuraltextures,0.9154009,8,FFpp
171,0,real,0.0015796649,8,FFpp
171_173,1,deepfakes,0.99998546,8,FFpp
171_173,1,face2face,0.99995863,8,FFpp
171_173,1,faceswap,0.999929,8,FFpp
171_173,1,neuraltextures,0.9979974,8,FFpp
172,0,real,0.002180825,8,FFpp
172_582,1,deepfakes,0.99117094,8,FFpp
172_582,1,face2face,0.9041833,8,FFpp
172_582,1,faceswap,0.9993861,8,FFpp
172_582,1,neuraltextures,0.9309308,8,FFpp
173,0,real,7.132541e-05,8,FFpp
173_171,1,deepfakes,0.99783844,8,FFpp
173_171,1,face2face,0.99997497,8,FFpp
173_171,1,faceswap,0.9993158,8,FFpp
173_171,1,neuraltextures,0.99960005,8,FFpp
174,0,real,1.3306072e-06,8,FFpp
174_964,1,deepfakes,0.9995203,8,FFpp
174_964,1,face2face,0.96126896,8,FFpp
174_964,1,faceswap,0.99851805,8,FFpp
174_964,1,neuraltextures,0.9298036,8,FFpp
175,0,real,0.2096951,7,FFpp
175_159,1,deepfakes,0.9597205,7,FFpp
175_159,1,face2face,0.999606,8,FFpp
175_159,1,faceswap,0.99975526,8,FFpp
175_159,1,neuraltextures,0.9978934,8,FFpp
176,0,real,0.0022969039,8,FFpp
176_190,1,deepfakes,0.9998972,8,FFpp
176_190,1,face2face,0.99380994,8,FFpp
176_190,1,faceswap,0.9981844,8,FFpp
176_190,1,neuraltextures,0.93412304,8,FFpp
177,0,real,0.0001324898,8,FFpp
177_211,1,deepfakes,0.99985284,8,FFpp
177_211,1,face2face,0.99486375,8,FFpp
177_211,1,faceswap,0.9999534,8,FFpp
177_211,1,neuraltextures,0.9989394,8,FFpp
178,0,real,0.0015999293,7,FFpp
178_598,1,deepfakes,0.98647606,7,FFpp
178_598,1,face2face,0.99822456,7,FFpp
178_598,1,faceswap,0.99897885,6,FFpp
178_598,1,neuraltextures,0.6846528,7,FFpp
179,0,real,3.2443553e-05,8,FFpp
179_212,1,deepfakes,0.9998223,8,FFpp
179_212,1,face2face,0.9997056,8,FFpp
179_212,1,faceswap,0.99963343,8,FFpp
179_212,1,neuraltextures,0.99125934,8,FFpp
180,0,real,3.6718167e-05,8,FFpp
180_105,1,deepfakes,0.99975187,8,FFpp
180_105,1,face2face,0.87943494,8,FFpp
180_105,1,faceswap,0.99929774,8,FFpp
180_105,1,neuraltextures,0.9408432,8,FFpp
181,0,real,0.0010483543,8,FFpp
181_199,1,deepfakes,0.82691604,8,FFpp
181_199,1,face2face,0.9997908,8,FFpp
181_199,1,faceswap,0.9999665,8,FFpp
181_199,1,neuraltextures,0.9999436,8,FFpp
182,0,real,1.3430617e-05,8,FFpp
182_242,1,deepfakes,0.99323523,8,FFpp
182_242,1,face2face,0.9999571,8,FFpp
182_242,1,faceswap,0.9998879,8,FFpp
182_242,1,neuraltextures,0.999376,8,FFpp
183,0,real,3.0488256e-05,8,FFpp
183_253,1,deepfakes,0.99977815,8,FFpp
183_253,1,face2face,0.9995925,8,FFpp
183_253,1,faceswap,0.9993539,8,FFpp
183_253,1,neuraltextures,0.996748,8,FFpp
184,0,real,3.447992e-05,4,FFpp
184_205,1,deepfakes,0.92567265,4,FFpp
184_205,1,face2face,0.99748904,7,FFpp
184_205,1,faceswap,0.9991962,7,FFpp
184_205,1,neuraltextures,0.34228203,7,FFpp
185,0,real,0.00041464312,8,FFpp
185_276,1,deepfakes,0.9999724,8,FFpp
185_276,1,face2face,0.9998566,8,FFpp
185_276,1,faceswap,0.99986684,8,FFpp
185_276,1,neuraltextures,0.9997291,8,FFpp
186,0,real,0.013871174,8,FFpp
186_170,1,deepfakes,0.99989074,8,FFpp
186_170,1,face2face,0.6596133,8,FFpp
186_170,1,faceswap,0.86197585,8,FFpp
186_170,1,neuraltextures,0.7272774,8,FFpp
187,0,real,0.01203005,8,FFpp
187_234,1,deepfakes,0.999741,8,FFpp
187_234,1,face2face,0.9996894,8,FFpp
187_234,1,faceswap,0.99984264,8,FFpp
187_234,1,neuraltextures,0.9956962,8,FFpp
188,0,real,6.971811e-05,8,FFpp
188_191,1,deepfakes,0.9998276,8,FFpp
188_191,1,face2face,0.9997353,8,FFpp
188_191,1,faceswap,0.99989635,8,FFpp
188_191,1,neuraltextures,0.9994036,8,FFpp
189,0,real,0.004776564,8,FFpp
189_200,1,deepfakes,0.9999688,8,FFpp
189_200,1,face2face,0.99982566,8,FFpp
189_200,1,faceswap,0.99954057,8,FFpp
189_200,1,neuraltextures,0.99849254,8,FFpp
190,0,real,0.52694994,8,FFpp
190_176,1,deepfakes,0.61205107,8,FFpp
190_176,1,face2face,0.99989223,8,FFpp
190_176,1,faceswap,0.9993935,8,FFpp
190_176,1,neuraltextures,0.9902868,8,FFpp
191,0,real,0.0017767473,8,FFpp
191_188,1,deepfakes,0.9996568,8,FFpp
191_188,1,face2face,0.9999869,8,FFpp
191_188,1,faceswap,0.9878839,8,FFpp
191_188,1,neuraltextures,0.9927552,8,FFpp
192,0,real,6.890869e-06,8,FFpp
192_134,1,deepfakes,0.9999032,8,FFpp
192_134,1,face2face,0.97889537,8,FFpp
192_134,1,faceswap,0.9981384,8,FFpp
192_134,1,neuraltextures,0.9993857,8,FFpp
193,0,real,0.002511327,8,FFpp
193_030,1,deepfakes,0.9999888,8,FFpp
193_030,1,face2face,0.9974563,8,FFpp
193_030,1,faceswap,0.9927505,8,FFpp
193_030,1,neuraltextures,0.9970425,8,FFpp
194,0,real,0.0001279731,8,FFpp
194_235,1,deepfakes,0.99925524,8,FFpp
194_235,1,face2face,0.99965715,8,FFpp
194_235,1,faceswap,0.99975646,8,FFpp
194_235,1,neuraltextures,0.9993693,8,FFpp
195,0,real,0.00015059748,8,FFpp
195_442,1,deepfakes,0.9834293,8,FFpp
195_442,1,face2face,0.9995568,8,FFpp
195_442,1,faceswap,0.99873435,8,FFpp
195_442,1,neuraltextures,0.9966321,8,FFpp
196,0,real,7.264164e-05,8,FFpp
196_310,1,deepfakes,0.9999677,8,FFpp
196_310,1,face2face,0.9998919,8,FFpp
196_310,1,faceswap,0.99920356,8,FFpp
196_310,1,neuraltextures,0.99807507,8,FFpp
197,0,real,1.8387247e-05,8,FFpp
197_224,1,deepfakes,0.9999349,8,FFpp
197_224,1,face2face,0.9983036,8,FFpp
197_224,1,faceswap,0.99838233,8,FFpp
197_224,1,neuraltextures,0.705482,8,FFpp
198,0,real,0.0032275442,8,FFpp
198_106,1,deepfakes,0.97561324,8,FFpp
198_106,1,face2face,0.99064505,8,FFpp
198_106,1,faceswap,0.99907917,8,FFpp
198_106,1,neuraltextures,0.77499616,8,FFpp
199,0,real,0.00063642516,8,FFpp
199_181,1,deepfakes,0.99827653,8,FFpp
199_181,1,face2face,0.9950412,8,FFpp
199_181,1,faceswap,0.99991405,8,FFpp
199_181,1,neuraltextures,0.9400191,8,FFpp
200,0,real,8.921674e-05,8,FFpp
200_189,1,deepfakes,0.9706822,8,FFpp
200_189,1,face2face,0.9990001,8,FFpp
200_189,1,faceswap,0.9971347,8,FFpp
200_189,1,neuraltextures,0.98296577,8,FFpp
201,0,real,7.5094313e-06,8,FFpp
201_203,1,deepfakes,0.9966367,8,FFpp
201_203,1,face2face,0.9994929,8,FFpp
201_203,1,faceswap,0.9974575,8,FFpp
201_203,1,neuraltextures,0.99481267,8,FFpp
202,0,real,2.6097094e-05,3,FFpp
202_348,1,deepfakes,0.9993499,3,FFpp
202_348,1,face2face,0.8623805,3,FFpp
202_348,1,faceswap,0.997636,3,FFpp
202_348,1,neuraltextures,0.96473855,3,FFpp
203,0,real,4.130384e-06,8,FFpp
203_201,1,deepfakes,0.99929416,8,FFpp
203_201,1,face2face,0.99707866,8,FFpp
203_201,1,faceswap,0.99880075,8,FFpp
203_201,1,neuraltextures,0.9959798,8,FFpp
204,0,real,3.3387267e-05,8,FFpp
204_230,1,deepfakes,0.99995303,8,FFpp
204_230,1,face2face,0.99964386,8,FFpp
204_230,1,faceswap,0.99987566,8,FFpp
204_230,1,neuraltextures,0.99868506,8,FFpp
205,0,real,0.0019589332,8,FFpp
205_184,1,deepfakes,0.9999819,8,FFpp
205_184,1,face2face,0.9998664,8,FFpp
205_184,1,faceswap,0.99996185,8,FFpp
205_184,1,neuraltextures,0.96733284,8,FFpp
206,0,real,0.00015716866,8,FFpp
206_221,1,deepfakes,0.9977974,8,FFpp
206_221,1,face2face,0.99767095,8,FFpp
206_221,1,faceswap,0.999874,8,FFpp
206_221,1,neuraltextures,0.9869237,8,FFpp
207,0,real,0.0025435227,8,FFpp
207_908,1,deepfakes,0.999938,8,FFpp
207_908,1,face2face,0.99994546,8,FFpp
207_908,1,faceswap,0.9999808,8,FFpp
207_908,1,neuraltextures,0.9917701,8,FFpp
208,0,real,0.00036419433,8,FFpp
208_215,1,deepfakes,0.999709,8,FFpp
208_215,1,face2face,0.995888,8,FFpp
208_215,1,faceswap,0.99988073,8,FFpp
208_215,1,neuraltextures,0.99765134,8,FFpp
209,0,real,0.0014414324,8,FFpp
209_016,1,deepfakes,0.99969316,8,FFpp
209_016,1,face2face,0.999659,8,FFpp
209_016,1,faceswap,0.9999346,8,FFpp
209_016,1,neuraltextures,0.99921036,8,FFpp
210,0,real,4.4958746e-05,8,FFpp
210_241,1,deepfakes,0.9999831,8,FFpp
210_241,1,face2face,0.99970657,8,FFpp
210_241,1,faceswap,0.999981,8,FFpp
210_241,1,neuraltextures,0.999978,8,FFpp
211,0,real,8.6824264e-05,8,FFpp
211_177,1,deepfakes,0.9842431,8,FFpp
211_177,1,face2face,0.99994093,8,FFpp
211_177,1,faceswap,0.9998744,8,FFpp
211_177,1,neuraltextures,0.99980724,8,FFpp
212,0,real,0.0025693178,7,FFpp
212_179,1,deepfakes,0.9999476,7,FFpp
212_179,1,face2face,0.99307024,5,FFpp
212_179,1,faceswap,0.9990545,7,FFpp
212_179,1,neuraltextures,0.6243593,7,FFpp
213,0,real,9.247889e-05,8,FFpp
213_083,1,deepfakes,0.99878895,8,FFpp
213_083,1,face2face,0.99983084,8,FFpp
213_083,1,faceswap,0.99926466,8,FFpp
213_083,1,neuraltextures,0.9902003,8,FFpp
214,0,real,0.0034009852,8,FFpp
214_255,1,deepfakes,0.9999154,8,FFpp
214_255,1,face2face,0.9999399,8,FFpp
214_255,1,faceswap,0.9677832,8,FFpp
214_255,1,neuraltextures,0.99894816,8,FFpp
215,0,real,6.0813385e-05,8,FFpp
215_208,1,deepfakes,0.98734736,8,FFpp
215_208,1,face2face,0.9995967,8,FFpp
215_208,1,faceswap,0.9990539,8,FFpp
215_208,1,neuraltextures,0.999985,8,FFpp
216,0,real,0.0004464569,8,FFpp
216_164,1,deepfakes,0.9990748,8,FFpp
216_164,1,face2face,0.99679416,8,FFpp
216_164,1,faceswap,0.9999231,8,FFpp
216_164,1,neuraltextures,0.97623813,8,FFpp
217,0,real,0.00057970814,8,FFpp
217_117,1,deepfakes,0.99944454,8,FFpp
217_117,1,face2face,0.9998106,8,FFpp
217_117,1,faceswap,0.9994686,8,FFpp
217_117,1,neuraltextures,0.9841204,7,FFpp
218,0,real,0.001141071,8,FFpp
218_239,1,deepfakes,0.98679495,8,FFpp
218_239,1,face2face,0.9996871,8,FFpp
218_239,1,faceswap,0.9997415,8,FFpp
218_239,1,neuraltextures,0.9900698,8,FFpp
219,0,real,0.0001887596,7,FFpp
219_220,1,deepfakes,0.9998859,8,FFpp
219_220,1,face2face,0.9983333,8,FFpp
219_220,1,faceswap,0.88529617,8,FFpp
219_220,1,neuraltextures,0.8587646,8,FFpp
220,0,real,0.009378838,8,FFpp
220_219,1,deepfakes,0.99978137,8,FFpp
220_219,1,face2face,0.99931556,8,FFpp
220_219,1,faceswap,0.9993669,8,FFpp
220_219,1,neuraltextures,0.9998004,8,FFpp
222,0,real,3.831609e-06,8,FFpp
222_168,1,deepfakes,0.99997497,8,FFpp
222_168,1,face2face,0.8956209,8,FFpp
222_168,1,faceswap,0.9937249,8,FFpp
222_168,1,neuraltextures,0.9094591,8,FFpp
223,0,real,1.8791967e-05,8,FFpp
223_586,1,deepfakes,0.9991285,8,FFpp
223_586,1,face2face,0.99970245,8,FFpp
223_586,1,faceswap,0.9996787,8,FFpp
223_586,1,neuraltextures,0.32521665,8,FFpp
224,0,real,0.015832536,8,FFpp
224_197,1,deepfakes,0.99007916,8,FFpp
224_197,1,face2face,0.9997965,8,FFpp
224_197,1,faceswap,0.9941042,8,FFpp
224_197,1,neuraltextures,0.9999654,8,FFpp
225,0,real,0.003136578,8,FFpp
225_151,1,deepfakes,0.9380065,8,FFpp
225_151,1,face2face,0.99981457,8,FFpp
225_151,1,faceswap,0.9994215,8,FFpp
225_151,1,neuraltextures,0.9999207,8,FFpp
226,0,real,0.00038197,7,FFpp
226_491,1,deepfakes,0.9999016,7,FFpp
226_491,1,face2face,0.99992335,8,FFpp
226_491,1,faceswap,0.9999587,7,FFpp
226_491,1,neuraltextures,0.9997917,7,FFpp
227,0,real,0.0019455845,8,FFpp
227_169,1,deepfakes,0.9997444,7,FFpp
227_169,1,face2face,0.004808255,8,FFpp
227_169,1,faceswap,0.9482317,8,FFpp
227_169,1,neuraltextures,0.002311848,8,FFpp
228,0,real,7.2610186e-05,8,FFpp
228_289,1,deepfakes,0.99965006,8,FFpp
228_289,1,face2face,0.99325925,8,FFpp
228_289,1,faceswap,0.999926,8,FFpp
228_289,1,neuraltextures,0.99988127,8,FFpp
229,0,real,5.0619237e-06,8,FFpp
229_247,1,deepfakes,0.9977175,8,FFpp
229_247,1,face2face,0.9972184,8,FFpp
229_247,1,faceswap,0.999869,8,FFpp
229_247,1,neuraltextures,0.9952347,8,FFpp
230,0,real,9.1630354e-05,8,FFpp
230_204,1,deepfakes,0.99985904,8,FFpp
230_204,1,face2face,0.9990283,8,FFpp
230_204,1,faceswap,0.99932736,8,FFpp
230_204,1,neuraltextures,0.99767995,8,FFpp
231,0,real,1.7057884e-05,8,FFpp
231_663,1,deepfakes,0.9225721,8,FFpp
231_663,1,face2face,0.9928368,8,FFpp
231_663,1,faceswap,0.9998135,8,FFpp
231_663,1,neuraltextures,0.9707716,8,FFpp
232,0,real,3.1276595e-05,8,FFpp
232_248,1,deepfakes,0.9996361,8,FFpp
232_248,1,face2face,0.99933845,8,FFpp
232_248,1,faceswap,0.9997217,8,FFpp
232_248,1,neuraltextures,0.933908,8,FFpp
233,0,real,0.0048546623,6,FFpp
233_995,1,deepfakes,0.0002461158,6,FFpp
233_995,1,face2face,0.87892765,6,FFpp
233_995,1,faceswap,0.00019749287,6,FFpp
233_995,1,neuraltextures,0.9001045,6,FFpp
234,0,real,4.269799e-05,8,FFpp
234_187,1,deepfakes,0.99934,8,FFpp
234_187,1,face2face,0.9999556,8,FFpp
234_187,1,faceswap,0.9993253,8,FFpp
234_187,1,neuraltextures,0.9986534,8,FFpp
235,0,real,0.012106007,8,FFpp
235_194,1,deepfakes,0.9980734,8,FFpp
235_194,1,face2face,0.9997733,8,FFpp
235_194,1,faceswap,0.99904704,8,FFpp
235_194,1,neuraltextures,0.5351261,8,FFpp
236,0,real,1.1124655e-05,8,FFpp
236_237,1,deepfakes,0.99729,8,FFpp
236_237,1,face2face,0.99831027,8,FFpp
236_237,1,faceswap,0.9998821,8,FFpp
236_237,1,neuraltextures,0.9963393,8,FFpp
238,0,real,1.4207618e-05,8,FFpp
238_282,1,deepfakes,0.9986678,8,FFpp
238_282,1,face2face,0.879448,8,FFpp
238_282,1,faceswap,0.9986419,8,FFpp
238_282,1,neuraltextures,0.9633914,8,FFpp
239,0,real,0.00081143505,8,FFpp
239_218,1,deepfakes,0.9999463,8,FFpp
239_218,1,face2face,0.9995749,8,FFpp
239_218,1,faceswap,0.9998542,8,FFpp
239_218,1,neuraltextures,0.7499102,8,FFpp
240,0,real,1.9166642e-05,8,FFpp
240_290,1,deepfakes,0.99997944,8,FFpp
240_290,1,face2face,0.99790394,8,FFpp
240_290,1,faceswap,0.98585844,8,FFpp
240_290,1,neuraltextures,0.78718626,8,FFpp
241,0,real,0.0007035078,8,FFpp
241_210,1,deepfakes,0.9999353,8,FFpp
241_210,1,face2face,0.99986637,8,FFpp
241_210,1,faceswap,0.9995144,8,FFpp
241_210,1,neuraltextures,0.99998784,8,FFpp
242,0,real,3.9244725e-05,8,FFpp
242_182,1,deepfakes,0.99983513,8,FFpp
242_182,1,face2face,0.97250104,8,FFpp
242_182,1,faceswap,0.9986944,8,FFpp
242_182,1,neuraltextures,0.97989655,8,FFpp
243,0,real,7.513544e-05,5,FFpp
243_156,1,deepfakes,0.99865294,5,FFpp
243_156,1,face2face,0.99998826,6,FFpp
243_156,1,faceswap,0.99991095,5,FFpp
243_156,1,neuraltextures,0.99886024,5,FFpp
244,0,real,0.00013239463,8,FFpp
244_822,1,deepfakes,0.99643093,8,FFpp
244_822,1,face2face,0.9999394,8,FFpp
244_822,1,faceswap,0.9983811,8,FFpp
244_822,1,neuraltextures,0.9999496,8,FFpp
245,0,real,0.00061385316,8,FFpp
245_157,1,deepfakes,0.88516945,8,FFpp
245_157,1,face2face,0.87031084,8,FFpp
245_157,1,faceswap,0.94526756,8,FFpp
245_157,1,neuraltextures,0.7550477,8,FFpp
246,0,real,6.4781765e-05,8,FFpp
246_258,1,deepfakes,0.99979687,8,FFpp
246_258,1,face2face,0.9999353,8,FFpp
246_258,1,faceswap,0.99984497,8,FFpp
246_258,1,neuraltextures,0.9980836,8,FFpp
247,0,real,1.2194084e-05,8,FFpp
247_229,1,deepfakes,0.99967486,8,FFpp
247_229,1,face2face,0.99770075,8,FFpp
247_229,1,faceswap,0.9986415,8,FFpp
247_229,1,neuraltextures,0.9370785,8,FFpp
248,0,real,0.00016525456,7,FFpp
248_232,1,deepfakes,0.9986696,7,FFpp
248_232,1,face2face,0.9994534,8,FFpp
248_232,1,faceswap,0.9995017,7,FFpp
248_232,1,neuraltextures,0.9959997,7,FFpp
249,0,real,5.350662e-06,8,FFpp
249_280,1,deepfakes,0.9999097,8,FFpp
249_280,1,face2face,0.9777174,8,FFpp
249_280,1,faceswap,0.99425703,8,FFpp
249_280,1,neuraltextures,0.6637972,8,FFpp
250,0,real,0.0003887305,8,FFpp
250_461,1,deepfakes,0.9997223,7,FFpp
250_461,1,face2face,0.99954116,7,FFpp
250_461,1,faceswap,0.99712825,8,FFpp
250_461,1,neuraltextures,0.9995284,8,FFpp
251,0,real,0.0011519938,8,FFpp
251_375,1,deepfakes,0.99996984,8,FFpp
251_375,1,face2face,0.9997948,8,FFpp
251_375,1,faceswap,0.9995886,8,FFpp
251_375,1,neuraltextures,0.9817508,8,FFpp
252,0,real,0.0001679056,8,FFpp
252_266,1,deepfakes,0.99612314,8,FFpp
252_266,1,face2face,0.9990757,8,FFpp
252_266,1,faceswap,0.99760664,8,FFpp
252_266,1,neuraltextures,0.99993986,8,FFpp
253,0,real,0.0011605517,7,FFpp
253_183,1,deepfakes,0.9999629,7,FFpp
253_183,1,face2face,0.99968606,7,FFpp
253_183,1,faceswap,0.9996356,7,FFpp
253_183,1,neuraltextures,0.99996,7,FFpp
255,0,real,0.13605438,8,FFpp
255_214,1,deepfakes,0.99137545,8,FFpp
255_214,1,face2face,0.99991614,8,FFpp
255_214,1,faceswap,0.9998801,8,FFpp
255_214,1,neuraltextures,0.8871188,8,FFpp
256,0,real,0.0024092463,8,FFpp
256_146,1,deepfakes,0.99919325,8,FFpp
256_146,1,face2face,0.9999161,8,FFpp
256_146,1,faceswap,0.99946654,8,FFpp
256_146,1,neuraltextures,0.99761254,8,FFpp
257,0,real,0.43597308,8,FFpp
257_420,1,deepfakes,0.9999364,8,FFpp
257_420,1,face2face,0.9838741,8,FFpp
257_420,1,faceswap,0.9996768,8,FFpp
257_420,1,neuraltextures,0.99387497,8,FFpp
258,0,real,0.0015076537,8,FFpp
258_246,1,deepfakes,0.9995678,8,FFpp
258_246,1,face2face,0.9993179,8,FFpp
258_246,1,faceswap,0.9996018,8,FFpp
258_246,1,neuraltextures,0.91444254,8,FFpp
259,0,real,3.332223e-05,8,FFpp
259_345,1,deepfakes,0.9988565,8,FFpp
259_345,1,face2face,0.7417572,8,FFpp
259_345,1,faceswap,0.9984558,8,FFpp
259_345,1,neuraltextures,0.806499,8,FFpp
260,0,real,0.0071922396,7,FFpp
260_331,1,deepfakes,0.9884696,7,FFpp
260_331,1,face2face,0.9995105,6,FFpp
260_331,1,faceswap,0.99943644,7,FFpp
260_331,1,neuraltextures,0.99952555,7,FFpp
261,0,real,0.0001493743,8,FFpp
261_254,1,deepfakes,0.9970914,8,FFpp
261_254,1,face2face,0.99641854,8,FFpp
261_254,1,faceswap,0.9180506,8,FFpp
261_254,1,neuraltextures,0.7672867,8,FFpp
262,0,real,8.491806e-06,8,FFpp
262_301,1,deepfakes,0.999516,8,FFpp
262_301,1,face2face,0.95364434,8,FFpp
262_301,1,faceswap,0.99943507,8,FFpp
262_301,1,neuraltextures,0.9985912,8,FFpp
263,0,real,0.011090076,8,FFpp
263_284,1,deepfakes,0.98868454,8,FFpp
263_284,1,face2face,0.99943346,8,FFpp
263_284,1,faceswap,0.997054,8,FFpp
263_284,1,neuraltextures,0.9989057,8,FFpp
264,0,real,0.00081591675,8,FFpp
264_271,1,deepfakes,0.99946254,8,FFpp
264_271,1,face2face,0.9835026,8,FFpp
264_271,1,faceswap,0.9995433,8,FFpp
264_271,1,neuraltextures,0.9974919,8,FFpp
265,0,real,0.03134894,8,FFpp
265_475,1,deepfakes,0.9939003,8,FFpp
265_475,1,face2face,0.9999403,8,FFpp
265_475,1,faceswap,0.99973685,8,FFpp
265_475,1,neuraltextures,0.9999926,8,FFpp
266,0,real,3.3492877e-05,8,FFpp
266_252,1,deepfakes,0.9998231,8,FFpp
266_252,1,face2face,0.9544208,8,FFpp
266_252,1,faceswap,0.9979069,8,FFpp
266_252,1,neuraltextures,0.9009517,8,FFpp
267,0,real,0.00036699002,8,FFpp
267_286,1,deepfakes,0.9996659,8,FFpp
267_286,1,face2face,0.99976677,8,FFpp
267_286,1,faceswap,0.9996699,8,FFpp
267_286,1,neuraltextures,0.9984422,8,FFpp
268,0,real,0.0004464373,8,FFpp
268_269,1,deepfakes,0.9981022,8,FFpp
268_269,1,face2face,0.9980571,8,FFpp
268_269,1,faceswap,0.9997304,8,FFpp
268_269,1,neuraltextures,0.9679085,8,FFpp
269,0,real,0.00024108442,8,FFpp
269_268,1,deepfakes,0.93058586,7,FFpp
269_268,1,face2face,0.99069244,8,FFpp
269_268,1,faceswap,0.9929774,8,FFpp
269_268,1,neuraltextures,0.73953426,8,FFpp
270,0,real,8.139862e-06,7,FFpp
270_297,1,deepfakes,0.9999524,7,FFpp
270_297,1,face2face,0.99583286,7,FFpp
270_297,1,faceswap,0.9996972,7,FFpp
270_297,1,neuraltextures,0.9954926,7,FFpp
271,0,real,1.8856945e-05,8,FFpp
271_264,1,deepfakes,0.97669065,8,FFpp
271_264,1,face2face,0.8900088,8,FFpp
271_264,1,faceswap,0.987104,8,FFpp
271_264,1,neuraltextures,0.88557017,8,FFpp
272,0,real,0.00043388104,8,FFpp
272_396,1,deepfakes,0.99992675,8,FFpp
272_396,1,face2face,0.99846244,8,FFpp
272_396,1,faceswap,0.9965422,8,FFpp
272_396,1,neuraltextures,0.9989432,8,FFpp
273,0,real,0.6556387,8,FFpp
273_807,1,deepfakes,0.9999875,8,FFpp
273_807,1,face2face,0.9999552,8,FFpp
273_807,1,faceswap,0.9997192,8,FFpp
273_807,1,neuraltextures,0.99950296,8,FFpp
274,0,real,0.000106471154,8,FFpp
274_412,1,deepfakes,0.9908441,8,FFpp
274_412,1,face2face,0.9999154,8,FFpp
274_412,1,faceswap,0.99968076,8,FFpp
274_412,1,neuraltextures,0.9990219,8,FFpp
275,0,real,3.5906847e-05,8,FFpp
275_887,1,deepfakes,0.999003,8,FFpp
275_887,1,face2face,0.9988024,8,FFpp
275_887,1,faceswap,0.99976367,8,FFpp
275_887,1,neuraltextures,0.9244562,8,FFpp
276,0,real,0.0026880526,8,FFpp
276_185,1,deepfakes,0.9999898,8,FFpp
276_185,1,face2face,0.9999875,8,FFpp
276_185,1,faceswap,0.9999065,8,FFpp
276_185,1,neuraltextures,0.9998357,8,FFpp
277,0,real,0.0029663458,8,FFpp
277_335,1,deepfakes,0.9998862,8,FFpp
277_335,1,face2face,0.9999067,8,FFpp
277_335,1,faceswap,0.99885696,8,FFpp
277_335,1,neuraltextures,0.8810047,8,FFpp
278,0,real,0.02603748,8,FFpp
278_306,1,deepfakes,0.9911885,8,FFpp
278_306,1,face2face,0.9997013,8,FFpp
278_306,1,faceswap,0.9842364,8,FFpp
278_306,1,neuraltextures,0.91256374,8,FFpp
279,0,real,3.0129782e-05,7,FFpp
279_298,1,deepfakes,0.99877995,7,FFpp
279_298,1,face2face,0.9170938,7,FFpp
279_298,1,faceswap,0.99796957,7,FFpp
279_298,1,neuraltextures,0.8947755,7,FFpp
280,0,real,0.07010719,8,FFpp
280_249,1,deepfakes,0.9997295,8,FFpp
280_249,1,face2face,0.9999534,8,FFpp
280_249,1,faceswap,0.9999086,8,FFpp
280_249,1,neuraltextures,0.9997945,8,FFpp
282,0,real,4.3358545e-05,7,FFpp
282_238,1,deepfakes,0.9989315,8,FFpp
282_238,1,face2face,0.9956294,8,FFpp
282_238,1,faceswap,0.99238867,8,FFpp
282_238,1,neuraltextures,0.902667,8,FFpp
283,0,real,0.00017302916,8,FFpp
283_313,1,deepfakes,0.97874326,8,FFpp
283_313,1,face2face,0.9991836,8,FFpp
283_313,1,faceswap,0.99983144,8,FFpp
283_313,1,neuraltextures,0.99951935,8,FFpp
284,0,real,0.015840929,8,FFpp
284_263,1,deepfakes,0.99993753,8,FFpp
284_263,1,face2face,0.999982,8,FFpp
284_263,1,faceswap,0.9999483,8,FFpp
284_263,1,neuraltextures,0.9451502,8,FFpp
285,0,real,1.7711664e-05,8,FFpp
285_136,1,deepfakes,0.9999765,8,FFpp
285_136,1,face2face,0.99954754,8,FFpp
285_136,1,faceswap,0.99992317,8,FFpp
285_136,1,neuraltextures,0.9123784,8,FFpp
286,0,real,9.003734e-07,8,FFpp
286_267,1,deepfakes,0.9973755,8,FFpp
286_267,1,face2face,0.99896723,8,FFpp
286_267,1,faceswap,0.9999108,8,FFpp
286_267,1,neuraltextures,0.9995264,8,FFpp
287,0,real,0.00073608576,8,FFpp
287_426,1,deepfakes,0.9900358,8,FFpp
287_426,1,face2face,0.99997866,8,FFpp
287_426,1,faceswap,0.997937,8,FFpp
287_426,1,neuraltextures,0.99989307,8,FFpp
288,0,real,0.10612529,8,FFpp
288_321,1,deepfakes,0.99956024,8,FFpp
288_321,1,face2face,0.9999873,8,FFpp
288_321,1,faceswap,0.9994271,8,FFpp
288_321,1,neuraltextures,0.9999791,8,FFpp
289,0,real,0.0011727911,8,FFpp
289_228,1,deepfakes,0.9697265,8,FFpp
289_228,1,face2face,0.9999819,8,FFpp
289_228,1,faceswap,0.99990475,8,FFpp
289_228,1,neuraltextures,0.99885726,8,FFpp
290,0,real,0.0009374098,8,FFpp
290_240,1,deepfakes,0.9981531,8,FFpp
290_240,1,face2face,0.9997628,8,FFpp
290_240,1,faceswap,0.9994546,8,FFpp
290_240,1,neuraltextures,0.9843085,8,FFpp
291,0,real,0.011267634,8,FFpp
291_874,1,deepfakes,0.9999626,8,FFpp
291_874,1,face2face,0.9999739,8,FFpp
291_874,1,faceswap,0.99995315,8,FFpp
291_874,1,neuraltextures,0.9999739,8,FFpp
292,0,real,0.00015095978,8,FFpp
292_294,1,deepfakes,0.99977756,8,FFpp
292_294,1,face2face,0.99990934,8,FFpp
292_294,1,faceswap,0.99983615,8,FFpp
292_294,1,neuraltextures,0.99377775,8,FFpp
293,0,real,0.00044072184,7,FFpp
293_296,1,deepfakes,0.97678614,7,FFpp
293_296,1,face2face,0.9999189,8,FFpp
293_296,1,faceswap,0.99948376,8,FFpp
293_296,1,neuraltextures,0.99985653,8,FFpp
294,0,real,3.902561e-05,8,FFpp
294_292,1,deepfakes,0.99963856,8,FFpp
294_292,1,face2face,0.9999324,8,FFpp
294_292,1,faceswap,0.99991786,8,FFpp
294_292,1,neuraltextures,0.9525156,8,FFpp
295,0,real,2.9989376e-05,8,FFpp
295_099,1,deepfakes,0.99798536,8,FFpp
295_099,1,face2face,0.998641,8,FFpp
295_099,1,faceswap,0.9998967,8,FFpp
295_099,1,neuraltextures,0.99968165,8,FFpp
296,0,real,2.1510348e-05,8,FFpp
296_293,1,deepfakes,0.9867201,8,FFpp
296_293,1,face2face,0.9998888,8,FFpp
296_293,1,faceswap,0.99996585,8,FFpp
296_293,1,neuraltextures,0.999973,8,FFpp
297,0,real,4.6668847e-05,8,FFpp
297_270,1,deepfakes,0.99898016,8,FFpp
297_270,1,face2face,0.99748385,8,FFpp
297_270,1,faceswap,0.9997247,8,FFpp
297_270,1,neuraltextures,0.9998613,8,FFpp
298,0,real,0.00022312264,7,FFpp
298_279,1,deepfakes,0.99779534,8,FFpp
298_279,1,face2face,0.9994885,8,FFpp
298_279,1,faceswap,0.999796,8,FFpp
298_279,1,neuraltextures,0.84981346,7,FFpp
299,0,real,0.04799294,8,FFpp
299_145,1,deepfakes,0.9993095,8,FFpp
299_145,1,face2face,0.99004525,8,FFpp
299_145,1,faceswap,0.9984547,8,FFpp
299_145,1,neuraltextures,0.9985006,8,FFpp
300,0,real,7.685914e-05,8,FFpp
300_304,1,deepfakes,0.998807,8,FFpp
300_304,1,face2face,0.999866,8,FFpp
300_304,1,faceswap,0.99987805,8,FFpp
300_304,1,neuraltextures,0.99643743,8,FFpp
301,0,real,7.48598e-05,8,FFpp
301_262,1,deepfakes,0.99285406,8,FFpp
301_262,1,face2face,0.9972538,8,FFpp
301_262,1,faceswap,0.99916357,8,FFpp
301_262,1,neuraltextures,0.9996376,8,FFpp
302,0,real,0.000100802616,8,FFpp
302_323,1,deepfakes,0.9992306,8,FFpp
302_323,1,face2face,0.9989491,8,FFpp
302_323,1,faceswap,0.9998972,8,FFpp
302_323,1,neuraltextures,0.95962864,8,FFpp
303,0,real,0.00058308616,8,FFpp
303_309,1,deepfakes,0.9999556,8,FFpp
303_309,1,face2face,0.9997541,8,FFpp
303_309,1,faceswap,0.99990696,8,FFpp
303_309,1,neuraltextures,0.88856673,8,FFpp
304,0,real,0.0003695395,8,FFpp
304_300,1,deepfakes,0.997899,8,FFpp
304_300,1,face2face,0.9995071,8,FFpp
304_300,1,faceswap,0.9981234,8,FFpp
304_300,1,neuraltextures,0.98551697,8,FFpp
305,0,real,0.0026562684,7,FFpp
305_513,1,deepfakes,0.995868,6,FFpp
305_513,1,face2face,0.99890524,8,FFpp
305_513,1,faceswap,0.9997741,8,FFpp
305_513,1,neuraltextures,0.9995326,8,FFpp
306,0,real,0.13513707,8,FFpp
306_278,1,deepfakes,0.8458935,8,FFpp
306_278,1,face2face,0.99922085,8,FFpp
306_278,1,faceswap,0.99057347,8,FFpp
306_278,1,neuraltextures,0.96532327,8,FFpp
307,0,real,0.00053187273,7,FFpp
307_365,1,deepfakes,0.68454695,7,FFpp
307_365,1,face2face,0.99916375,8,FFpp
307_365,1,faceswap,0.99963933,8,FFpp
307_365,1,neuraltextures,0.85693043,8,FFpp
308,0,real,0.01655829,8,FFpp
308_388,1,deepfakes,0.9999884,8,FFpp
308_388,1,face2face,0.9997642,8,FFpp
308_388,1,faceswap,0.9999358,8,FFpp
308_388,1,neuraltextures,0.98393583,8,FFpp
309,0,real,0.0002832936,8,FFpp
309_303,1,deepfakes,0.9998279,8,FFpp
309_303,1,face2face,0.9997009,8,FFpp
309_303,1,faceswap,0.99989897,8,FFpp
309_303,1,neuraltextures,0.9983028,8,FFpp
310,0,real,0.01082856,8,FFpp
310_196,1,deepfakes,0.99942213,8,FFpp
310_196,1,face2face,0.9996003,8,FFpp
310_196,1,faceswap,0.9996301,8,FFpp
310_196,1,neuraltextures,0.9998585,8,FFpp
311,0,real,0.0026770793,8,FFpp
311_387,1,deepfakes,0.99997866,8,FFpp
311_387,1,face2face,0.9996067,8,FFpp
311_387,1,faceswap,0.99998224,8,FFpp
311_387,1,neuraltextures,0.9999075,8,FFpp
312,0,real,6.117245e-06,8,FFpp
312_021,1,deepfakes,0.99957466,8,FFpp
312_021,1,face2face,0.9611189,8,FFpp
312_021,1,faceswap,0.995175,8,FFpp
312_021,1,neuraltextures,0.9947884,8,FFpp
313,0,real,0.022804983,8,FFpp
313_283,1,deepfakes,0.99993265,8,FFpp
313_283,1,face2face,0.99790376,8,FFpp
313_283,1,faceswap,0.99925196,8,FFpp
313_283,1,neuraltextures,0.945108,8,FFpp
314,0,real,0.2883378,8,FFpp
314_347,1,deepfakes,0.9972974,8,FFpp
314_347,1,face2face,0.999452,8,FFpp
314_347,1,faceswap,0.9998714,8,FFpp
314_347,1,neuraltextures,0.9964066,8,FFpp
315,0,real,0.00047430568,8,FFpp
315_322,1,deepfakes,0.99993557,8,FFpp
315_322,1,face2face,0.99946266,8,FFpp
315_322,1,faceswap,0.9995154,8,FFpp
315_322,1,neuraltextures,0.99847984,8,FFpp
316,0,real,0.0005179908,8,FFpp
316_369,1,deepfakes,0.9774854,8,FFpp
316_369,1,face2face,0.9994314,8,FFpp
316_369,1,faceswap,0.9998667,8,FFpp
316_369,1,neuraltextures,0.98444206,8,FFpp
317,0,real,0.00019493181,8,FFpp
317_359,1,deepfakes,0.99363166,8,FFpp
317_359,1,face2face,0.99930626,8,FFpp
317_359,1,faceswap,0.998006,8,FFpp
317_359,1,neuraltextures,0.984157,8,FFpp
318,0,real,0.0001594575,8,FFpp
318_334,1,deepfakes,0.9771228,8,FFpp
318_334,1,face2face,0.99994177,7,FFpp
318_334,1,faceswap,0.99972355,7,FFpp
318_334,1,neuraltextures,0.9996249,8,FFpp
319,0,real,6.330044e-05,8,FFpp
319_352,1,deepfakes,0.9981399,8,FFpp
319_352,1,face2face,0.9189728,8,FFpp
319_352,1,faceswap,0.9868506,8,FFpp
319_352,1,neuraltextures,0.99907786,8,FFpp
320,0,real,8.187076e-06,8,FFpp
320_328,1,deepfakes,0.9999846,8,FFpp
320_328,1,face2face,0.99992687,8,FFpp
320_328,1,faceswap,0.9997799,8,FFpp
320_328,1,neuraltextures,0.99980295,8,FFpp
321,0,real,0.0006144073,8,FFpp
321_288,1,deepfakes,0.9998098,8,FFpp
321_288,1,face2face,0.9956341,8,FFpp
321_288,1,faceswap,0.99995184,8,FFpp
321_288,1,neuraltextures,0.9987722,8,FFpp
322,0,real,0.004148213,8,FFpp
322_315,1,deepfakes,0.9998864,8,FFpp
322_315,1,face2face,0.99626094,8,FFpp
322_315,1,faceswap,0.9995462,8,FFpp
322_315,1,neuraltextures,0.98343945,8,FFpp
323,0,real,4.7184873e-05,8,FFpp
323_302,1,deepfakes,0.9997873,8,FFpp
323_302,1,face2face,0.9995118,8,FFpp
323_302,1,faceswap,0.99887,8,FFpp
323_302,1,neuraltextures,0.97077006,8,FFpp
324,0,real,0.0017441479,8,FFpp
324_356,1,deepfakes,0.9977722,8,FFpp
324_356,1,face2face,0.99898,8,FFpp
324_356,1,faceswap,0.9996935,8,FFpp
324_356,1,neuraltextures,0.9931989,8,FFpp
325,0,real,0.0045010587,7,FFpp
325_492,1,deepfakes,0.998352,8,FFpp
325_492,1,face2face,0.9619396,8,FFpp
325_492,1,faceswap,0.99918354,8,FFpp
325_492,1,neuraltextures,0.75086457,8,FFpp
326,0,real,0.0028270246,8,FFpp
326_501,1,deepfakes,0.9760301,8,FFpp
326_501,1,face2face,0.9999516,8,FFpp
326_501,1,faceswap,0.99988264,8,FFpp
326_501,1,neuraltextures,0.9979541,8,FFpp
327,0,real,7.8961515e-05,8,FFpp
327_329,1,deepfakes,0.999918,8,FFpp
327_329,1,face2face,0.99925536,8,FFpp
327_329,1,faceswap,0.99940956,8,FFpp
327_329,1,neuraltextures,0.9990042,8,FFpp
328,0,real,1.4572346e-05,8,FFpp
328_320,1,deepfakes,0.9998987,8,FFpp
328_320,1,face2face,0.89532995,8,FFpp
328_320,1,faceswap,0.99952585,8,FFpp
328_320,1,neuraltextures,0.84039336,8,FFpp
329,0,real,8.474678e-05,8,FFpp
329_327,1,deepfakes,0.9998373,8,FFpp
329_327,1,face2face,0.999881,8,FFpp
329_327,1,faceswap,0.9993986,8,FFpp
329_327,1,neuraltextures,0.99977255,8,FFpp
330,0,real,0.0020261395,8,FFpp
330_162,1,deepfakes,0.9999279,8,FFpp
330_162,1,face2face,0.9999133,8,FFpp
330_162,1,faceswap,0.9999722,8,FFpp
330_162,1,neuraltextures,0.9972998,8,FFpp
331,0,real,0.0001146913,8,FFpp
331_260,1,deepfakes,0.9999505,8,FFpp
331_260,1,face2face,0.9998054,8,FFpp
331_260,1,faceswap,0.9997858,8,FFpp
331_260,1,neuraltextures,0.8585696,8,FFpp
332,0,real,3.373897e-05,8,FFpp
332_051,1,deepfakes,0.993843,8,FFpp
332_051,1,face2face,0.9971794,8,FFpp
332_051,1,faceswap,0.99994624,8,FFpp
332_051,1,neuraltextures,0.9999293,8,FFpp
333,0,real,0.0001811994,7,FFpp
333_377,1,deepfakes,0.98382217,7,FFpp
333_377,1,face2face,0.96800727,7,FFpp
333_377,1,faceswap,0.99957,7,FFpp
333_377,1,neuraltextures,0.99761623,7,FFpp
334,0,real,1.6404107e-05,8,FFpp
334_318,1,deepfakes,0.99991965,8,FFpp
334_318,1,face2face,0.995117,8,FFpp
334_318,1,faceswap,0.9997968,8,FFpp
334_318,1,neuraltextures,0.9988836,8,FFpp
335,0,real,0.001295154,8,FFpp
335_277,1,deepfakes,0.9996952,8,FFpp
335_277,1,face2face,0.9999312,8,FFpp
335_277,1,faceswap,0.99984145,8,FFpp
335_277,1,neuraltextures,0.9995953,8,FFpp
336,0,real,0.000311223,8,FFpp
336_338,1,deepfakes,0.980961,8,FFpp
336_338,1,face2face,0.99991834,8,FFpp
336_338,1,faceswap,0.98552144,8,FFpp
336_338,1,neuraltextures,0.9991717,8,FFpp
337,0,real,0.0016675744,8,FFpp
337_522,1,deepfakes,0.99945503,8,FFpp
337_522,1,face2face,0.99772394,8,FFpp
337_522,1,faceswap,0.99984604,8,FFpp
337_522,1,neuraltextures,0.99891675,8,FFpp
338,0,real,0.00028565788,8,FFpp
338_336,1,deepfakes,0.9999935,8,FFpp
338_336,1,face2face,0.9999638,8,FFpp
338_336,1,faceswap,0.9998863,8,FFpp
338_336,1,neuraltextures,0.99984753,8,FFpp
339,0,real,0.001830151,8,FFpp
339_392,1,deepfakes,0.999748,8,FFpp
339_392,1,face2face,0.9996906,8,FFpp
339_392,1,faceswap,0.99989057,8,FFpp
339_392,1,neuraltextures,0.98556405,8,FFpp
340,0,real,4.7548906e-06,8,FFpp
340_341,1,deepfakes,0.9999254,8,FFpp
340_341,1,face2face,0.9999526,8,FFpp
340_341,1,faceswap,0.9958128,8,FFpp
340_341,1,neuraltextures,0.99817836,8,FFpp
341,0,real,0.0015427453,8,FFpp
341_340,1,deepfakes,0.99323946,8,FFpp
341_340,1,face2face,0.9999726,8,FFpp
341_340,1,faceswap,0.9984207,8,FFpp
341_340,1,neuraltextures,0.9998628,8,FFpp
342,0,real,0.00021414256,8,FFpp
342_416,1,deepfakes,0.9999325,8,FFpp
342_416,1,face2face,0.9994428,8,FFpp
342_416,1,faceswap,0.9996405,8,FFpp
342_416,1,neuraltextures,0.7828242,8,FFpp
343,0,real,0.00014767749,7,FFpp
343_363,1,deepfakes,0.87382513,7,FFpp
343_363,1,face2face,0.9281558,7,FFpp
343_363,1,faceswap,0.9996937,7,FFpp
343_363,1,neuraltextures,0.92841214,7,FFpp
344,0,real,0.0010564086,8,FFpp
344_020,1,deepfakes,0.991048,8,FFpp
344_020,1,face2face,0.9997409,8,FFpp
344_020,1,faceswap,0.999683,8,FFpp
344_020,1,neuraltextures,0.99992216,8,FFpp
345,0,real,0.23331453,7,FFpp
345_259,1,deepfakes,0.64757603,8,FFpp
345_259,1,face2face,0.96170616,8,FFpp
345_259,1,faceswap,0.61548275,7,FFpp
345_259,1,neuraltextures,0.9685578,8,FFpp
346,0,real,0.00025825403,8,FFpp
346_351,1,deepfakes,0.9899219,8,FFpp
346_351,1,face2face,0.9388675,8,FFpp
346_351,1,faceswap,0.9998141,8,FFpp
346_351,1,neuraltextures,0.999547,8,FFpp
347,0,real,0.043583106,8,FFpp
347_314,1,deepfakes,0.9981528,8,FFpp
347_314,1,face2face,0.999792,8,FFpp
347_314,1,faceswap,0.9991514,8,FFpp
347_314,1,neuraltextures,0.015298496,8,FFpp
348,0,real,0.009288255,8,FFpp
348_202,1,deepfakes,0.991001,8,FFpp
348_202,1,face2face,0.96676326,8,FFpp
348_202,1,faceswap,0.99962705,8,FFpp
348_202,1,neuraltextures,0.9693963,8,FFpp
349,0,real,0.0021919028,8,FFpp
349_350,1,deepfakes,0.9960196,8,FFpp
349_350,1,face2face,0.999769,8,FFpp
349_350,1,faceswap,0.99869514,8,FFpp
349_350,1,neuraltextures,0.9942302,8,FFpp
350,0,real,0.15623417,8,FFpp
350_349,1,deepfakes,0.93356794,8,FFpp
350_349,1,face2face,0.99992573,8,FFpp
350_349,1,faceswap,0.9999426,8,FFpp
350_349,1,neuraltextures,0.9999394,8,FFpp
351,0,real,0.0006923395,8,FFpp
351_346,1,deepfakes,0.9999747,8,FFpp
351_346,1,face2face,0.992659,8,FFpp
351_346,1,faceswap,0.99871945,8,FFpp
351_346,1,neuraltextures,0.9642516,8,FFpp
352,0,real,0.0170158,8,FFpp
352_319,1,deepfakes,0.8833976,8,FFpp
352_319,1,face2face,0.90683454,8,FFpp
352_319,1,faceswap,0.9973274,8,FFpp
352_319,1,neuraltextures,0.9992844,8,FFpp
353,0,real,0.00089884177,8,FFpp
353_383,1,deepfakes,0.9994464,8,FFpp
353_383,1,face2face,0.9969622,8,FFpp
353_383,1,faceswap,0.9996575,8,FFpp
353_383,1,neuraltextures,0.99986637,8,FFpp
354,0,real,0.0046223095,8,FFpp
354_362,1,deepfakes,0.9979738,8,FFpp
354_362,1,face2face,0.9998893,8,FFpp
354_362,1,faceswap,0.9985427,8,FFpp
354_362,1,neuraltextures,0.9999515,8,FFpp
355,0,real,3.676458e-05,8,FFpp
355_748,1,deepfakes,0.99998355,8,FFpp
355_748,1,face2face,0.99920595,8,FFpp
355_748,1,faceswap,0.9999283,8,FFpp
355_748,1,neuraltextures,0.9975414,8,FFpp
356,0,real,0.00019757565,8,FFpp
356_324,1,deepfakes,0.95553803,8,FFpp
356_324,1,face2face,0.9945134,8,FFpp
356_324,1,faceswap,0.99895346,8,FFpp
356_324,1,neuraltextures,0.99993205,8,FFpp
357,0,real,0.0011054496,8,FFpp
357_432,1,deepfakes,0.9993668,8,FFpp
357_432,1,face2face,0.99916667,8,FFpp
357_432,1,faceswap,0.9987507,8,FFpp
357_432,1,neuraltextures,0.99924845,8,FFpp
358,0,real,0.002236327,8,FFpp
358_380,1,deepfakes,0.44389346,8,FFpp
358_380,1,face2face,0.9823579,8,FFpp
358_380,1,faceswap,0.36775994,8,FFpp
358_380,1,neuraltextures,0.8310617,8,FFpp
359,0,real,0.00026382317,8,FFpp
359_317,1,deepfakes,0.9982859,8,FFpp
359_317,1,face2face,0.9908335,8,FFpp
359_317,1,faceswap,0.9999537,8,FFpp
359_317,1,neuraltextures,0.997787,8,FFpp
360,0,real,0.0045075454,8,FFpp
360_437,1,deepfakes,0.92392457,8,FFpp
360_437,1,face2face,0.998669,8,FFpp
360_437,1,faceswap,0.9999305,8,FFpp
360_437,1,neuraltextures,0.9937306,8,FFpp
361,0,real,0.00042068335,8,FFpp
361_448,1,deepfakes,0.9999858,8,FFpp
361_448,1,face2face,0.99913514,8,FFpp
361_448,1,faceswap,0.9997766,8,FFpp
361_448,1,neuraltextures,0.99247223,8,FFpp
362,0,real,7.2988346e-06,8,FFpp
362_354,1,deepfakes,0.9998628,8,FFpp
362_354,1,face2face,0.9987867,8,FFpp
362_354,1,faceswap,0.99700344,8,FFpp
362_354,1,neuraltextures,0.8713614,8,FFpp
363,0,real,0.000299648,8,FFpp
363_343,1,deepfakes,0.95406306,8,FFpp
363_343,1,face2face,0.9526214,8,FFpp
363_343,1,faceswap,0.99822754,8,FFpp
363_343,1,neuraltextures,0.923324,8,FFpp
364,0,real,0.38099402,8,FFpp
364_440,1,deepfakes,0.999968,8,FFpp
364_440,1,face2face,0.9999371,8,FFpp
364_440,1,faceswap,0.9999486,8,FFpp
364_440,1,neuraltextures,0.9998657,8,FFpp
365,0,real,7.156176e-05,8,FFpp
365_307,1,deepfakes,0.9988308,8,FFpp
365_307,1,face2face,0.9956334,8,FFpp
365_307,1,faceswap,0.99956906,8,FFpp
365_307,1,neuraltextures,0.8771642,8,FFpp
366,0,real,5.934284e-06,8,FFpp
366_473,1,deepfakes,0.8147874,8,FFpp
366_473,1,face2face,0.87899375,8,FFpp
366_473,1,faceswap,0.9987713,8,FFpp
366_473,1,neuraltextures,0.9422864,8,FFpp
367,0,real,0.00015983431,8,FFpp
367_371,1,deepfakes,0.9992935,8,FFpp
367_371,1,face2face,0.99567384,8,FFpp
367_371,1,faceswap,0.99959284,8,FFpp
367_371,1,neuraltextures,0.75125325,8,FFpp
368,0,real,0.0019055526,8,FFpp
368_378,1,deepfakes,0.99956214,8,FFpp
368_378,1,face2face,0.998351,8,FFpp
368_378,1,faceswap,0.9974326,8,FFpp
368_378,1,neuraltextures,0.8891891,8,FFpp
369,0,real,0.007040415,8,FFpp
369_316,1,deepfakes,0.99765456,8,FFpp
369_316,1,face2face,0.9997497,8,FFpp
369_316,1,faceswap,0.9999365,8,FFpp
369_316,1,neuraltextures,0.9990833,8,FFpp
370,0,real,9.555404e-05,6,FFpp
370_483,1,deepfakes,0.9753483,5,FFpp
370_483,1,face2face,0.99906737,4,FFpp
370_483,1,faceswap,0.9998949,4,FFpp
370_483,1,neuraltextures,0.9944656,2,FFpp
371,0,real,0.00012787715,8,FFpp
371_367,1,deepfakes,0.96544117,8,FFpp
371_367,1,face2face,0.9996408,8,FFpp
371_367,1,faceswap,0.99795353,8,FFpp
371_367,1,neuraltextures,0.9997894,8,FFpp
372,0,real,0.0009938034,8,FFpp
372_413,1,deepfakes,0.9999177,8,FFpp
372_413,1,face2face,0.9780293,8,FFpp
372_413,1,faceswap,0.99701905,8,FFpp
372_413,1,neuraltextures,0.99644405,8,FFpp
373,0,real,0.005488986,8,FFpp
373_394,1,deepfakes,0.9984085,8,FFpp
373_394,1,face2face,0.9997003,8,FFpp
373_394,1,faceswap,0.99972814,8,FFpp
373_394,1,neuraltextures,0.83823484,8,FFpp
374,0,real,0.0060189967,8,FFpp
374_407,1,deepfakes,0.9967036,8,FFpp
374_407,1,face2face,0.9923908,8,FFpp
374_407,1,faceswap,0.9990567,7,FFpp
374_407,1,neuraltextures,0.9999396,8,FFpp
375,0,real,1.9259227e-05,8,FFpp
375_251,1,deepfakes,0.8697487,8,FFpp
375_251,1,face2face,0.99990535,8,FFpp
375_251,1,faceswap,0.9984208,8,FFpp
375_251,1,neuraltextures,0.9993965,8,FFpp
376,0,real,0.0028142128,6,FFpp
376_381,1,deepfakes,0.90680426,6,FFpp
376_381,1,faceswap,0.9999621,6,FFpp
376_381,1,neuraltextures,0.9948764,6,FFpp
377,0,real,0.0020427501,8,FFpp
377_333,1,deepfakes,0.99996346,8,FFpp
377_333,1,face2face,0.9998628,8,FFpp
377_333,1,faceswap,0.9994105,8,FFpp
377_333,1,neuraltextures,0.9945072,8,FFpp
378,0,real,0.0002224845,8,FFpp
378_368,1,deepfakes,0.9968303,8,FFpp
378_368,1,face2face,0.99903536,8,FFpp
378_368,1,faceswap,0.998927,8,FFpp
378_368,1,neuraltextures,0.8820842,8,FFpp
379,0,real,0.011176353,8,FFpp
379_158,1,deepfakes,0.9330563,8,FFpp
379_158,1,face2face,0.5507206,8,FFpp
379_158,1,faceswap,0.8276825,8,FFpp
379_158,1,neuraltextures,0.8720035,8,FFpp
380,0,real,0.009889496,8,FFpp
380_358,1,deepfakes,0.9494114,8,FFpp
380_358,1,face2face,0.32317647,8,FFpp
380_358,1,faceswap,0.62066215,8,FFpp
380_358,1,neuraltextures,0.9371479,8,FFpp
381,0,real,2.511454e-05,8,FFpp
381_376,1,deepfakes,0.99764365,8,FFpp
381_376,1,face2face,0.98964673,8,FFpp
381_376,1,faceswap,0.99970645,8,FFpp
381_376,1,neuraltextures,0.24181022,8,FFpp
382,0,real,0.00010908551,8,FFpp
382_409,1,deepfakes,0.9997705,8,FFpp
382_409,1,face2face,0.99759245,8,FFpp
382_409,1,faceswap,0.9923757,8,FFpp
382_409,1,neuraltextures,0.97075534,8,FFpp
383,0,real,0.006176544,7,FFpp
383_353,1,deepfakes,0.9961038,7,FFpp
383_353,1,face2face,0.9997428,7,FFpp
383_353,1,faceswap,0.99070394,7,FFpp
383_353,1,neuraltextures,0.9876199,7,FFpp
384,0,real,0.017948778,8,FFpp
384_932,1,deepfakes,0.9981425,8,FFpp
384_932,1,face2face,0.9996977,8,FFpp
384_932,1,faceswap,0.99974036,8,FFpp
384_932,1,neuraltextures,0.9992906,8,FFpp
385,0,real,0.00017367682,8,FFpp
385_414,1,deepfakes,0.9988024,8,FFpp
385_414,1,face2face,0.9993411,8,FFpp
385_414,1,faceswap,0.9996173,8,FFpp
385_414,1,neuraltextures,0.9997209,8,FFpp
386,0,real,8.333445e-05,8,FFpp
386_154,1,deepfakes,0.9585825,8,FFpp
386_154,1,face2face,0.9833102,8,FFpp
386_154,1,faceswap,0.9522973,8,FFpp
386_154,1,neuraltextures,0.3575681,8,FFpp
387,0,real,0.0014492758,8,FFpp
387_311,1,deepfakes,0.99970573,8,FFpp
387_311,1,face2face,0.9994946,8,FFpp
387_311,1,faceswap,0.9999015,8,FFpp
387_311,1,neuraltextures,0.99031967,8,FFpp
388,0,real,0.36058405,8,FFpp
388_308,1,deepfakes,0.8821072,8,FFpp
388_308,1,face2face,0.9999936,8,FFpp
388_308,1,faceswap,0.99916655,8,FFpp
388_308,1,neuraltextures,0.9997812,8,FFpp
389,0,real,0.11286222,8,FFpp
389_480,1,deepfakes,0.9995963,8,FFpp
389_480,1,face2face,0.9991813,8,FFpp
389_480,1,faceswap,0.99972177,8,FFpp
389_480,1,neuraltextures,0.9913545,8,FFpp
390,0,real,0.00218672,8,FFpp
390_709,1,deepfakes,0.999278,7,FFpp
390_709,1,face2face,0.9998046,8,FFpp
390_709,1,faceswap,0.99901867,8,FFpp
390_709,1,neuraltextures,0.9902265,8,FFpp
391,0,real,0.009613717,8,FFpp
391_406,1,deepfakes,0.99687785,8,FFpp
391_406,1,face2face,0.9999394,8,FFpp
391_406,1,faceswap,0.9998612,8,FFpp
391_406,1,neuraltextures,0.99922526,8,FFpp
392,0,real,0.0010087049,8,FFpp
392_339,1,deepfakes,0.99907035,8,FFpp
392_339,1,face2face,0.999571,8,FFpp
392_339,1,faceswap,0.99963313,8,FFpp
392_339,1,neuraltextures,0.9263947,8,FFpp
393,0,real,0.00050944375,8,FFpp
393_405,1,deepfakes,0.99926794,8,FFpp
393_405,1,face2face,0.999826,8,FFpp
393_405,1,faceswap,0.99994045,8,FFpp
393_405,1,neuraltextures,0.99938303,8,FFpp
394,0,real,0.0017228437,8,FFpp
394_373,1,deepfakes,0.9997361,8,FFpp
394_373,1,face2face,0.99889576,8,FFpp
394_373,1,faceswap,0.9998544,8,FFpp
394_373,1,neuraltextures,0.9983195,8,FFpp
395,0,real,0.0040456373,8,FFpp
395_401,1,deepfakes,0.9983243,8,FFpp
395_401,1,face2face,0.9999677,8,FFpp
395_401,1,faceswap,0.99995863,8,FFpp
395_401,1,neuraltextures,0.99513924,8,FFpp
396,0,real,0.0015523819,8,FFpp
396_272,1,deepfakes,0.9958597,8,FFpp
396_272,1,face2face,0.99992615,8,FFpp
396_272,1,faceswap,0.99979687,8,FFpp
396_272,1,neuraltextures,0.99890566,8,FFpp
397,0,real,0.0002789246,8,FFpp
397_602,1,deepfakes,0.9997788,8,FFpp
397_602,1,face2face,0.9896549,8,FFpp
397_602,1,faceswap,0.9989548,8,FFpp
397_602,1,neuraltextures,0.92444146,8,FFpp
398,0,real,2.196497e-05,8,FFpp
398_457,1,deepfakes,0.9318708,8,FFpp
398_457,1,face2face,0.9999763,8,FFpp
398_457,1,faceswap,0.99978846,8,FFpp
398_457,1,neuraltextures,0.9329826,8,FFpp
399,0,real,0.14963013,8,FFpp
399_488,1,deepfakes,0.99997675,8,FFpp
399_488,1,face2face,0.99996924,8,FFpp
399_488,1,faceswap,0.9999728,8,FFpp
399_488,1,neuraltextures,0.9981893,8,FFpp
400,0,real,1.2536434e-05,8,FFpp
400_476,1,deepfakes,0.9998232,8,FFpp
400_476,1,face2face,0.99995726,8,FFpp
400_476,1,faceswap,0.9999141,8,FFpp
400_476,1,neuraltextures,0.9998763,8,FFpp
401,0,real,0.0016957726,8,FFpp
401_395,1,deepfakes,0.9694091,8,FFpp
401_395,1,face2face,0.9996363,8,FFpp
401_395,1,faceswap,0.9996114,8,FFpp
401_395,1,neuraltextures,0.999982,8,FFpp
402,0,real,0.00011252038,7,FFpp
402_453,1,deepfakes,0.9999398,7,FFpp
402_453,1,face2face,0.9999252,7,FFpp
402_453,1,faceswap,0.9999176,7,FFpp
402_453,1,neuraltextures,0.9284224,7,FFpp
403,0,real,0.005327922,8,FFpp
403_497,1,deepfakes,0.9994759,8,FFpp
403_497,1,face2face,0.99977386,8,FFpp
403_497,1,faceswap,0.9993844,8,FFpp
403_497,1,neuraltextures,0.98870933,8,FFpp
404,0,real,0.2476319,8,FFpp
404_429,1,deepfakes,0.7676744,8,FFpp
404_429,1,face2face,0.9997774,8,FFpp
404_429,1,faceswap,0.9997681,8,FFpp
404_429,1,neuraltextures,0.88469356,8,FFpp
405,0,real,0.0012694162,8,FFpp
405_393,1,deepfakes,0.9934414,8,FFpp
405_393,1,face2face,0.99709743,8,FFpp
405_393,1,faceswap,0.99989307,8,FFpp
405_393,1,neuraltextures,0.999326,8,FFpp
406,0,real,0.00028108765,8,FFpp
406_391,1,deepfakes,0.99007815,8,FFpp
406_391,1,face2face,0.9995289,8,FFpp
406_391,1,faceswap,0.9998495,7,FFpp
406_391,1,neuraltextures,0.99994475,8,FFpp
407,0,real,8.976367e-06,8,FFpp
407_374,1,deepfakes,0.9999866,8,FFpp
407_374,1,face2face,0.9978045,8,FFpp
407_374,1,faceswap,0.9998047,8,FFpp
407_374,1,neuraltextures,0.9898879,8,FFpp
408,0,real,0.008078969,8,FFpp
408_424,1,deepfakes,0.989183,8,FFpp
408_424,1,face2face,0.9981288,8,FFpp
408_424,1,faceswap,0.99994385,8,FFpp
408_424,1,neuraltextures,0.9988088,8,FFpp
409,0,real,0.00062396325,8,FFpp
409_382,1,deepfakes,0.9977584,8,FFpp
409_382,1,face2face,0.9958542,8,FFpp
409_382,1,faceswap,0.9991189,8,FFpp
409_382,1,neuraltextures,0.99746627,8,FFpp
410,0,real,0.00053867995,8,FFpp
410_411,1,deepfakes,0.99977326,8,FFpp
410_411,1,face2face,0.99996936,8,FFpp
410_411,1,faceswap,0.99976534,8,FFpp
410_411,1,neuraltextures,0.99631464,8,FFpp
411,0,real,0.0003380388,8,FFpp
411_410,1,deepfakes,0.999948,8,FFpp
411_410,1,face2face,0.99985045,8,FFpp
411_410,1,faceswap,0.99989223,8,FFpp
411_410,1,neuraltextures,0.99996644,8,FFpp
412,0,real,0.0006782836,8,FFpp
412_274,1,deepfakes,0.99986917,8,FFpp
412_274,1,face2face,0.99980056,8,FFpp
412_274,1,faceswap,0.99982417,8,FFpp
412_274,1,neuraltextures,0.99991995,8,FFpp
413,0,real,0.0007822006,8,FFpp
413_372,1,deepfakes,0.9999667,8,FFpp
413_372,1,face2face,0.9999409,8,FFpp
413_372,1,faceswap,0.9997001,8,FFpp
413_372,1,neuraltextures,0.9979398,8,FFpp
414,0,real,0.0001568284,8,FFpp
414_385,1,deepfakes,0.9999235,8,FFpp
414_385,1,face2face,0.9993386,8,FFpp
414_385,1,faceswap,0.99829173,8,FFpp
414_385,1,neuraltextures,0.9975071,8,FFpp
415,0,real,5.8201604e-05,8,FFpp
415_484,1,deepfakes,0.9995086,8,FFpp
415_484,1,face2face,0.98502994,8,FFpp
415_484,1,faceswap,0.9995343,8,FFpp
415_484,1,neuraltextures,0.8680329,8,FFpp
416,0,real,0.46977046,8,FFpp
416_342,1,deepfakes,0.99979144,8,FFpp
416_342,1,face2face,0.99994844,8,FFpp
416_342,1,faceswap,0.9998442,8,FFpp
416_342,1,neuraltextures,0.99999946,8,FFpp
417,0,real,0.00053096446,8,FFpp
417_496,1,deepfakes,0.99994045,8,FFpp
417_496,1,face2face,0.9994396,8,FFpp
417_496,1,faceswap,0.9990702,8,FFpp
417_496,1,neuraltextures,0.9534198,8,FFpp
418,0,real,0.0035870436,8,FFpp
418_507,1,deepfakes,0.99997735,8,FFpp
418_507,1,face2face,0.9994071,8,FFpp
418_507,1,faceswap,0.9999236,8,FFpp
418_507,1,neuraltextures,0.8223279,8,FFpp
419,0,real,2.1481375e-05,8,FFpp
419_824,1,deepfakes,0.99998224,8,FFpp
419_824,1,face2face,0.9037636,8,FFpp
419_824,1,faceswap,0.9989869,8,FFpp
419_824,1,neuraltextures,0.15197998,8,FFpp
420,0,real,0.0007772065,8,FFpp
420_257,1,deepfakes,0.99367136,8,FFpp
420_257,1,face2face,0.42471644,8,FFpp
420_257,1,faceswap,0.9988607,8,FFpp
420_257,1,neuraltextures,0.8376644,8,FFpp
421,0,real,0.050380982,8,FFpp
421_423,1,deepfakes,0.9992966,8,FFpp
421_423,1,face2face,0.99990237,8,FFpp
421_423,1,faceswap,0.99922717,8,FFpp
421_423,1,neuraltextures,0.8636856,8,FFpp
422,0,real,0.0034663954,8,FFpp
422_695,1,deepfakes,0.99885106,8,FFpp
422_695,1,face2face,0.9998665,8,FFpp
422_695,1,faceswap,0.9323213,8,FFpp
422_695,1,neuraltextures,0.9999609,8,FFpp
423,0,real,0.032292858,8,FFpp
423_421,1,deepfakes,0.9467169,8,FFpp
423_421,1,face2face,0.9987331,8,FFpp
423_421,1,faceswap,0.94691294,8,FFpp
423_421,1,neuraltextures,0.13294864,8,FFpp
424,0,real,0.00014538698,8,FFpp
424_408,1,deepfakes,0.9985318,8,FFpp
424_408,1,face2face,0.8712117,8,FFpp
424_408,1,faceswap,0.99987465,8,FFpp
424_408,1,neuraltextures,0.9509943,8,FFpp
425,0,real,0.021739185,8,FFpp
425_485,1,deepfakes,0.9831454,6,FFpp
425_485,1,face2face,0.9144774,8,FFpp
425_485,1,faceswap,0.9998347,8,FFpp
425_485,1,neuraltextures,0.996433,8,FFpp
426,0,real,1.073691e-05,8,FFpp
426_287,1,deepfakes,0.9998883,8,FFpp
426_287,1,face2face,0.9986553,8,FFpp
426_287,1,faceswap,0.9998029,8,FFpp
426_287,1,neuraltextures,0.97317135,8,FFpp
428,0,real,0.009061068,8,FFpp
428_466,1,deepfakes,0.999971,8,FFpp
428_466,1,face2face,0.9999922,8,FFpp
428_466,1,faceswap,0.99995685,8,FFpp
428_466,1,neuraltextures,0.99994415,8,FFpp
429,0,real,0.05160714,8,FFpp
429_404,1,deepfakes,0.9998825,8,FFpp
429_404,1,face2face,0.9998153,8,FFpp
429_404,1,faceswap,0.99886334,8,FFpp
429_404,1,neuraltextures,0.97499704,8,FFpp
430,0,real,0.00024530952,8,FFpp
430_459,1,deepfakes,0.9999207,8,FFpp
430_459,1,face2face,0.9944976,8,FFpp
430_459,1,faceswap,0.9997674,8,FFpp
430_459,1,neuraltextures,0.9937054,8,FFpp
431,0,real,0.00011688602,8,FFpp
431_447,1,deepfakes,0.99980354,8,FFpp
431_447,1,face2face,0.99576646,8,FFpp
431_447,1,faceswap,0.9999633,8,FFpp
431_447,1,neuraltextures,0.53013366,8,FFpp
432,0,real,4.942389e-05,8,FFpp
432_357,1,deepfakes,0.9997919,8,FFpp
432_357,1,face2face,0.99994105,8,FFpp
432_357,1,faceswap,0.9997062,8,FFpp
432_357,1,neuraltextures,0.9998227,8,FFpp
433,0,real,7.231116e-05,8,FFpp
433_498,1,deepfakes,0.9999502,8,FFpp
433_498,1,face2face,0.9999159,8,FFpp
433_498,1,faceswap,0.99993235,8,FFpp
433_498,1,neuraltextures,0.9993092,8,FFpp
434,0,real,7.791417e-05,8,FFpp
434_438,1,deepfakes,0.9856126,8,FFpp
434_438,1,face2face,0.99990654,8,FFpp
434_438,1,faceswap,0.9994722,8,FFpp
434_438,1,neuraltextures,0.9972471,8,FFpp
435,0,real,0.0046299137,8,FFpp
435_456,1,deepfakes,0.9999772,8,FFpp
435_456,1,face2face,0.9999486,8,FFpp
435_456,1,faceswap,0.9999732,8,FFpp
435_456,1,neuraltextures,0.99993837,8,FFpp
436,0,real,2.274298e-05,8,FFpp
436_526,1,deepfakes,0.999632,8,FFpp
436_526,1,face2face,0.9999468,8,FFpp
436_526,1,faceswap,0.9977759,8,FFpp
436_526,1,neuraltextures,0.89428794,8,FFpp
437,0,real,0.0001518254,8,FFpp
437_360,1,deepfakes,0.9999179,8,FFpp
437_360,1,face2face,0.9999102,8,FFpp
437_360,1,faceswap,0.9999705,8,FFpp
437_360,1,neuraltextures,0.9997148,8,FFpp
438,0,real,0.0003571957,8,FFpp
438_434,1,deepfakes,0.9997939,8,FFpp
438_434,1,face2face,0.9956258,8,FFpp
438_434,1,faceswap,0.9999685,8,FFpp
438_434,1,neuraltextures,0.95752573,8,FFpp
439,0,real,0.0008768399,8,FFpp
439_441,1,deepfakes,0.99999475,8,FFpp
439_441,1,face2face,0.9999338,8,FFpp
439_441,1,faceswap,0.9999722,8,FFpp
439_441,1,neuraltextures,0.99998724,8,FFpp
440,0,real,0.45767537,8,FFpp
440_364,1,deepfakes,0.9390799,8,FFpp
440_364,1,face2face,0.99996114,8,FFpp
440_364,1,faceswap,0.999929,8,FFpp
440_364,1,neuraltextures,0.99469507,8,FFpp
441,0,real,0.0052959733,8,FFpp
441_439,1,deepfakes,0.99995583,8,FFpp
441_439,1,face2face,0.9992815,8,FFpp
441_439,1,faceswap,0.99987525,8,FFpp
441_439,1,neuraltextures,0.99988616,8,FFpp
442,0,real,0.0001568133,7,FFpp
442_195,1,deepfakes,0.99986094,7,FFpp
442_195,1,face2face,0.98488915,7,FFpp
442_195,1,faceswap,0.99982494,7,FFpp
442_195,1,neuraltextures,0.88684475,7,FFpp
443,0,real,0.00019001757,8,FFpp
443_514,1,deepfakes,0.9958837,8,FFpp
443_514,1,face2face,0.99858737,6,FFpp
443_514,1,faceswap,0.9932243,8,FFpp
443_514,1,neuraltextures,0.42885646,8,FFpp
444,0,real,0.0024597477,8,FFpp
444_655,1,deepfakes,0.9993222,8,FFpp
444_655,1,face2face,0.99101055,8,FFpp
444_655,1,faceswap,0.99897355,8,FFpp
444_655,1,neuraltextures,0.990544,8,FFpp
445,0,real,0.071975455,8,FFpp
445_494,1,deepfakes,0.9872728,8,FFpp
445_494,1,face2face,0.9999869,8,FFpp
445_494,1,faceswap,0.9996061,8,FFpp
445_494,1,neuraltextures,0.99998796,8,FFpp
446,0,real,0.00037186875,8,FFpp
446_667,1,deepfakes,0.99953854,8,FFpp
446_667,1,face2face,0.99922425,8,FFpp
446_667,1,faceswap,0.99995935,8,FFpp
446_667,1,neuraltextures,0.9989809,8,FFpp
447,0,real,6.9020876e-07,8,FFpp
447_431,1,deepfakes,0.99382347,8,FFpp
447_431,1,face2face,0.9971599,8,FFpp
447_431,1,faceswap,0.9976165,8,FFpp
447_431,1,neuraltextures,0.9996813,8,FFpp
448,0,real,4.061662e-06,7,FFpp
448_361,1,deepfakes,0.9998712,8,FFpp
448_361,1,face2face,0.99927676,8,FFpp
448_361,1,faceswap,0.99954605,8,FFpp
448_361,1,neuraltextures,0.9116775,8,FFpp
449,0,real,0.000119366065,8,FFpp
449_451,1,deepfakes,0.99890935,8,FFpp
449_451,1,face2face,0.9999659,8,FFpp
449_451,1,faceswap,0.9996419,8,FFpp
449_451,1,neuraltextures,0.9992314,8,FFpp
450,0,real,0.0020083587,8,FFpp
450_533,1,deepfakes,0.9990914,8,FFpp
450_533,1,face2face,0.99993765,8,FFpp
450_533,1,faceswap,0.99977565,8,FFpp
450_533,1,neuraltextures,0.9997394,8,FFpp
451,0,real,0.0005235735,8,FFpp
451_449,1,deepfakes,0.99972373,8,FFpp
451_449,1,face2face,0.9998009,8,FFpp
451_449,1,faceswap,0.9997924,8,FFpp
451_449,1,neuraltextures,0.9991856,8,FFpp
452,0,real,0.3173901,8,FFpp
452_550,1,deepfakes,0.9997746,8,FFpp
452_550,1,face2face,0.99982697,8,FFpp
452_550,1,faceswap,0.9996103,8,FFpp
452_550,1,neuraltextures,0.99972034,8,FFpp
453,0,real,0.1475375,8,FFpp
453_402,1,deepfakes,0.9999656,8,FFpp
453_402,1,face2face,0.9999929,8,FFpp
453_402,1,faceswap,0.9999831,8,FFpp
453_402,1,neuraltextures,0.999933,8,FFpp
454,0,real,0.07051799,8,FFpp
454_527,1,deepfakes,0.9990862,8,FFpp
454_527,1,face2face,0.9989331,8,FFpp
454_527,1,faceswap,0.9989152,8,FFpp
454_527,1,neuraltextures,0.97761273,8,FFpp
455,0,real,0.35605645,8,FFpp
455_471,1,deepfakes,0.9999914,8,FFpp
455_471,1,face2face,0.9998958,8,FFpp
455_471,1,faceswap,0.9999073,8,FFpp
455_471,1,neuraltextures,0.9973754,8,FFpp
457,0,real,9.581048e-05,8,FFpp
457_398,1,deepfakes,0.99994314,8,FFpp
457_398,1,face2face,0.9998301,8,FFpp
457_398,1,faceswap,0.99922925,8,FFpp
457_398,1,neuraltextures,0.9993983,8,FFpp
458,0,real,0.00060098176,8,FFpp
458_722,1,deepfakes,0.99994546,8,FFpp
458_722,1,face2face,0.99618554,8,FFpp
458_722,1,faceswap,0.99973434,8,FFpp
458_722,1,neuraltextures,0.99817914,8,FFpp
459,0,real,0.0012402408,8,FFpp
459_430,1,deepfakes,0.99691397,8,FFpp
459_430,1,face2face,0.99943244,8,FFpp
459_430,1,faceswap,0.9947838,8,FFpp
459_430,1,neuraltextures,0.9961976,8,FFpp
460,0,real,0.012675209,8,FFpp
460_678,1,deepfakes,0.99999875,8,FFpp
460_678,1,face2face,0.9999927,8,FFpp
460_678,1,faceswap,0.99995995,8,FFpp
460_678,1,neuraltextures,0.99987185,8,FFpp
461,0,real,0.00019425213,8,FFpp
461_250,1,deepfakes,0.99977607,8,FFpp
461_250,1,face2face,0.9999255,8,FFpp
461_250,1,faceswap,0.99979305,8,FFpp
461_250,1,neuraltextures,0.9550304,8,FFpp
462,0,real,8.170467e-05,8,FFpp
462_467,1,deepfakes,0.99215364,8,FFpp
462_467,1,face2face,0.9919062,8,FFpp
462_467,1,faceswap,0.98925066,8,FFpp
462_467,1,neuraltextures,0.5945126,8,FFpp
463,0,real,1.8359682e-05,8,FFpp
463_464,1,deepfakes,0.9989524,8,FFpp
463_464,1,face2face,0.9767672,8,FFpp
463_464,1,faceswap,0.99972993,8,FFpp
463_464,1,neuraltextures,0.8641684,8,FFpp
464,0,real,0.0002647224,6,FFpp
464_463,1,deepfakes,0.99335295,6,FFpp
464_463,1,face2face,0.99996334,8,FFpp
464_463,1,faceswap,0.9999116,8,FFpp
464_463,1,neuraltextures,0.99923944,8,FFpp
465,0,real,0.044906568,8,FFpp
465_482,1,deepfakes,0.997711,8,FFpp
465_482,1,face2face,0.99962723,8,FFpp
465_482,1,faceswap,0.9998442,8,FFpp
465_482,1,neuraltextures,0.9998983,8,FFpp
466,0,real,0.00023099751,8,FFpp
466_428,1,deepfakes,0.9999166,8,FFpp
466_428,1,face2face,0.99988693,8,FFpp
466_428,1,faceswap,0.999979,8,FFpp
466_428,1,neuraltextures,0.9993642,8,FFpp
467,0,real,0.0012943519,8,FFpp
467_462,1,deepfakes,0.9667061,8,FFpp
467_462,1,face2face,0.99988526,8,FFpp
467_462,1,faceswap,0.99965936,8,FFpp
467_462,1,neuraltextures,0.9993101,8,FFpp
468,0,real,0.093995936,7,FFpp
468_470,1,deepfakes,0.9999266,7,FFpp
468_470,1,face2face,0.99969405,8,FFpp
468_470,1,faceswap,0.99983037,8,FFpp
468_470,1,neuraltextures,0.9989535,8,FFpp
469,0,real,0.00096192816,7,FFpp
469_481,1,deepfakes,0.99608177,8,FFpp
469_481,1,face2face,0.9996655,8,FFpp
469_481,1,faceswap,0.99981564,7,FFpp
469_481,1,neuraltextures,0.986645,8,FFpp
470,0,real,0.00010959654,8,FFpp
470_468,1,deepfakes,0.87537247,8,FFpp
470_468,1,face2face,0.9997872,8,FFpp
470_468,1,faceswap,0.99971646,8,FFpp
470_468,1,neuraltextures,0.49235243,8,FFpp
471,0,real,0.007363153,8,FFpp
471_455,1,deepfakes,0.99990785,8,FFpp
471_455,1,face2face,0.9998957,8,FFpp
471_455,1,faceswap,0.99977154,8,FFpp
471_455,1,neuraltextures,0.9999795,8,FFpp
472,0,real,0.1283739,8,FFpp
472_511,1,deepfakes,0.77230746,8,FFpp
472_511,1,face2face,0.9962424,8,FFpp
472_511,1,faceswap,0.99993336,8,FFpp
472_511,1,neuraltextures,0.86674273,8,FFpp
473,0,real,0.00039541902,8,FFpp
473_366,1,deepfakes,0.9999258,8,FFpp
473_366,1,face2face,0.999881,8,FFpp
473_366,1,faceswap,0.9997916,8,FFpp
473_366,1,neuraltextures,0.92098236,8,FFpp
474,0,real,0.0007386059,8,FFpp
474_281,1,deepfakes,0.98360914,8,FFpp
474_281,1,face2face,0.999858,8,FFpp
474_281,1,faceswap,0.99922276,8,FFpp
474_281,1,neuraltextures,0.99849474,8,FFpp
475,0,real,0.0006888376,8,FFpp
475_265,1,deepfakes,0.9999501,8,FFpp
475_265,1,face2face,0.9996115,8,FFpp
475_265,1,faceswap,0.9998997,8,FFpp
475_265,1,neuraltextures,0.9996946,8,FFpp
476,0,real,0.000568729,8,FFpp
476_400,1,deepfakes,0.9996049,8,FFpp
476_400,1,face2face,0.99911606,8,FFpp
476_400,1,faceswap,0.9926246,8,FFpp
476_400,1,neuraltextures,0.95782167,8,FFpp
477,0,real,0.0012434382,8,FFpp
477_487,1,deepfakes,0.99983346,8,FFpp
477_487,1,face2face,0.99997807,8,FFpp
477_487,1,faceswap,0.99984485,8,FFpp
477_487,1,neuraltextures,0.99985826,8,FFpp
478,0,real,0.002918404,8,FFpp
478_506,1,deepfakes,0.9998534,8,FFpp
478_506,1,face2face,0.99992347,8,FFpp
478_506,1,faceswap,0.99996233,8,FFpp
478_506,1,neuraltextures,0.9987316,8,FFpp
479,0,real,0.0015289815,8,FFpp
479_706,1,deepfakes,0.9999569,8,FFpp
479_706,1,face2face,0.99963325,8,FFpp
479_706,1,faceswap,0.5153088,8,FFpp
479_706,1,neuraltextures,0.9983134,8,FFpp
480,0,real,0.123278394,8,FFpp
480_389,1,deepfakes,0.99998647,8,FFpp
480_389,1,face2face,0.9999667,8,FFpp
480_389,1,faceswap,0.9999105,8,FFpp
480_389,1,neuraltextures,0.9997344,8,FFpp
481,0,real,5.2144765e-06,8,FFpp
481_469,1,deepfakes,0.99995744,8,FFpp
481_469,1,face2face,0.99683595,8,FFpp
481_469,1,faceswap,0.9995229,8,FFpp
481_469,1,neuraltextures,0.96486086,8,FFpp
482,0,real,0.0029969786,8,FFpp
482_465,1,deepfakes,0.998199,8,FFpp
482_465,1,face2face,0.99980235,8,FFpp
482_465,1,faceswap,0.9995102,8,FFpp
482_465,1,neuraltextures,0.8412417,8,FFpp
483,0,real,0.0024398337,8,FFpp
483_370,1,deepfakes,0.99831843,8,FFpp
483_370,1,face2face,0.99967486,8,FFpp
483_370,1,faceswap,0.9995792,8,FFpp
483_370,1,neuraltextures,0.8928976,8,FFpp
484,0,real,6.0275088e-05,8,FFpp
484_415,1,deepfakes,0.9998161,8,FFpp
484_415,1,face2face,0.99970835,8,FFpp
484_415,1,faceswap,0.9999687,8,FFpp
484_415,1,neuraltextures,0.9849096,8,FFpp
485,0,real,0.0007324122,8,FFpp
485_425,1,deepfakes,0.9974461,8,FFpp
485_425,1,face2face,0.5751089,8,FFpp
485_425,1,faceswap,0.99991417,8,FFpp
485_425,1,neuraltextures,0.45226836,8,FFpp
486,0,real,0.00070646097,8,FFpp
486_680,1,deepfakes,0.99931383,8,FFpp
486_680,1,face2face,0.9619742,8,FFpp
486_680,1,faceswap,0.998126,8,FFpp
486_680,1,neuraltextures,0.97801673,8,FFpp
487,0,real,0.00055036484,8,FFpp
487_477,1,deepfakes,0.9998424,8,FFpp
487_477,1,face2face,0.99977964,8,FFpp
487_477,1,faceswap,0.9999866,8,FFpp
487_477,1,neuraltextures,0.9998131,8,FFpp
488,0,real,0.24600056,8,FFpp
488_399,1,deepfakes,0.99995375,8,FFpp
488_399,1,face2face,0.9999801,8,FFpp
488_399,1,faceswap,0.9999742,8,FFpp
488_399,1,neuraltextures,0.9999937,8,FFpp
489,0,real,0.0013227874,6,FFpp
489_022,1,deepfakes,0.9989666,5,FFpp
489_022,1,face2face,0.99957734,6,FFpp
489_022,1,faceswap,0.9997526,6,FFpp
489_022,1,neuraltextures,0.9925596,6,FFpp
490,0,real,0.00016073801,8,FFpp
490_534,1,deepfakes,0.9265577,8,FFpp
490_534,1,face2face,0.99978334,8,FFpp
490_534,1,faceswap,0.9999731,8,FFpp
490_534,1,neuraltextures,0.98886,8,FFpp
492,0,real,0.42697096,8,FFpp
492_325,1,deepfakes,0.99997616,8,FFpp
492_325,1,face2face,0.53217703,8,FFpp
492_325,1,faceswap,0.6980543,8,FFpp
492_325,1,neuraltextures,0.33256835,8,FFpp
493,0,real,0.21726935,8,FFpp
493_538,1,deepfakes,0.99391305,8,FFpp
493_538,1,face2face,0.9997609,8,FFpp
493_538,1,faceswap,0.9992456,8,FFpp
493_538,1,neuraltextures,0.90432715,8,FFpp
494,0,real,0.09759995,8,FFpp
494_445,1,deepfakes,0.9999753,8,FFpp
494_445,1,face2face,0.999959,8,FFpp
494_445,1,faceswap,0.99255687,8,FFpp
494_445,1,neuraltextures,0.56114703,8,FFpp
495,0,real,1.3258111e-05,8,FFpp
495_512,1,deepfakes,0.9998656,8,FFpp
495_512,1,face2face,0.99986076,8,FFpp
495_512,1,faceswap,0.9984306,8,FFpp
495_512,1,neuraltextures,0.93435454,8,FFpp
496,0,real,0.00016406107,8,FFpp
496_417,1,deepfakes,0.99587977,8,FFpp
496_417,1,face2face,0.99926317,8,FFpp
496_417,1,faceswap,0.9983133,8,FFpp
496_417,1,neuraltextures,0.9956212,8,FFpp
497,0,real,0.005419409,8,FFpp
497_403,1,deepfakes,0.9998579,8,FFpp
497_403,1,face2face,0.9993586,8,FFpp
497_403,1,faceswap,0.9994807,8,FFpp
497_403,1,neuraltextures,0.9325345,8,FFpp
498,0,real,0.008569694,8,FFpp
498_433,1,deepfakes,0.99974304,8,FFpp
498_433,1,face2face,0.99999046,8,FFpp
498_433,1,faceswap,0.9997874,8,FFpp
498_433,1,neuraltextures,0.8940358,8,FFpp
499,0,real,0.029874388,8,FFpp
499_539,1,deepfakes,0.9999703,8,FFpp
499_539,1,face2face,0.99997973,8,FFpp
499_539,1,faceswap,0.9998729,8,FFpp
499_539,1,neuraltextures,0.99985355,8,FFpp
500,0,real,0.0011199783,8,FFpp
500_592,1,deepfakes,0.9961686,8,FFpp
500_592,1,face2face,0.99896425,8,FFpp
500_592,1,faceswap,0.9993956,8,FFpp
500_592,1,neuraltextures,0.8976306,8,FFpp
501,0,real,0.000646444,8,FFpp
501_326,1,deepfakes,0.9998279,8,FFpp
501_326,1,face2face,0.9999439,8,FFpp
501_326,1,faceswap,0.9998836,8,FFpp
501_326,1,neuraltextures,0.9945169,8,FFpp
502,0,real,0.025087876,8,FFpp
502_504,1,deepfakes,0.99950486,8,FFpp
502_504,1,face2face,0.9996253,8,FFpp
502_504,1,faceswap,0.9997732,8,FFpp
502_504,1,neuraltextures,0.99999106,8,FFpp
503,0,real,9.750593e-05,8,FFpp
503_756,1,deepfakes,0.9998402,8,FFpp
503_756,1,face2face,0.9983215,8,FFpp
503_756,1,faceswap,0.9992601,8,FFpp
503_756,1,neuraltextures,0.9987831,8,FFpp
504,0,real,0.007898758,8,FFpp
504_502,1,deepfakes,0.9767079,8,FFpp
504_502,1,face2face,0.9999315,8,FFpp
504_502,1,faceswap,0.9999512,8,FFpp
504_502,1,neuraltextures,0.9999694,8,FFpp
505,0,real,0.0006148909,8,FFpp
505_600,1,deepfakes,0.99151176,8,FFpp
505_600,1,face2face,0.99987686,8,FFpp
505_600,1,faceswap,0.9991444,8,FFpp
505_600,1,neuraltextures,0.99937445,8,FFpp
506,0,real,3.2087373e-05,8,FFpp
506_478,1,deepfakes,0.99858975,8,FFpp
506_478,1,face2face,0.9999127,8,FFpp
506_478,1,faceswap,0.9990199,8,FFpp
506_478,1,neuraltextures,0.99602985,8,FFpp
507,0,real,0.04985979,8,FFpp
507_418,1,deepfakes,0.99998593,8,FFpp
507_418,1,face2face,0.99995613,8,FFpp
507_418,1,faceswap,0.99952716,8,FFpp
507_418,1,neuraltextures,0.999534,8,FFpp
508,0,real,0.00026027745,8,FFpp
508_831,1,deepfakes,0.99999666,8,FFpp
508_831,1,face2face,0.99911034,8,FFpp
508_831,1,faceswap,0.99998534,8,FFpp
508_831,1,neuraltextures,0.9510831,8,FFpp
509,0,real,0.0067064674,6,FFpp
509_525,1,deepfakes,0.99848557,6,FFpp
509_525,1,face2face,0.9996377,7,FFpp
509_525,1,faceswap,0.99977237,6,FFpp
509_525,1,neuraltextures,0.963033,6,FFpp
510,0,real,0.00026264088,8,FFpp
510_528,1,deepfakes,0.9904898,8,FFpp
510_528,1,face2face,0.99692845,8,FFpp
510_528,1,faceswap,0.96128285,8,FFpp
510_528,1,neuraltextures,0.9998054,8,FFpp
511,0,real,3.033138e-05,8,FFpp
511_472,1,deepfakes,0.9999829,8,FFpp
511_472,1,face2face,0.9711017,8,FFpp
511_472,1,faceswap,0.9998897,8,FFpp
511_472,1,neuraltextures,0.9246139,8,FFpp
512,0,real,0.00040031906,8,FFpp
512_495,1,deepfakes,0.9929714,8,FFpp
512_495,1,face2face,0.9983156,8,FFpp
512_495,1,faceswap,0.9999146,8,FFpp
512_495,1,neuraltextures,0.962225,8,FFpp
513,0,real,0.0022488507,8,FFpp
513_305,1,deepfakes,0.9992997,8,FFpp
513_305,1,face2face,0.99951947,8,FFpp
513_305,1,faceswap,0.99929774,8,FFpp
513_305,1,neuraltextures,0.9999618,8,FFpp
514,0,real,0.0009900364,8,FFpp
514_443,1,deepfakes,0.9704092,8,FFpp
514_443,1,face2face,0.9997037,8,FFpp
514_443,1,faceswap,0.9992548,8,FFpp
514_443,1,neuraltextures,0.9795528,8,FFpp
515,0,real,4.0168612e-05,8,FFpp
515_519,1,deepfakes,0.99877983,8,FFpp
515_519,1,face2face,0.9989958,8,FFpp
515_519,1,faceswap,0.99899626,8,FFpp
515_519,1,neuraltextures,0.99954593,8,FFpp
516,0,real,0.0005573105,8,FFpp
516_555,1,deepfakes,0.999978,8,FFpp
516_555,1,face2face,0.99961317,8,FFpp
516_555,1,faceswap,0.9996729,8,FFpp
516_555,1,neuraltextures,0.9999062,8,FFpp
517,0,real,0.0034318122,8,FFpp
517_521,1,deepfakes,0.9743043,8,FFpp
517_521,1,face2face,0.9999705,8,FFpp
517_521,1,faceswap,0.99966687,8,FFpp
517_521,1,neuraltextures,0.9998414,8,FFpp
518,0,real,0.00025263784,8,FFpp
518_131,1,deepfakes,0.9998837,8,FFpp
518_131,1,face2face,0.9999907,8,FFpp
518_131,1,faceswap,0.99994856,8,FFpp
518_131,1,neuraltextures,0.99996954,8,FFpp
519,0,real,0.00026699467,8,FFpp
519_515,1,deepfakes,0.9999141,8,FFpp
519_515,1,face2face,0.9990655,8,FFpp
519_515,1,faceswap,0.98526096,8,FFpp
519_515,1,neuraltextures,0.9632686,8,FFpp
520,0,real,3.0264726e-05,8,FFpp
520_542,1,deepfakes,0.9999718,8,FFpp
520_542,1,face2face,0.99994177,8,FFpp
520_542,1,faceswap,0.99998486,8,FFpp
520_542,1,neuraltextures,0.9995797,8,FFpp
521,0,real,0.15537226,8,FFpp
521_517,1,deepfakes,0.9989612,8,FFpp
521_517,1,face2face,0.9990201,8,FFpp
521_517,1,faceswap,0.99705154,8,FFpp
521_517,1,neuraltextures,0.8706348,8,FFpp
522,0,real,0.0019604652,8,FFpp
522_337,1,deepfakes,0.9991261,8,FFpp
522_337,1,face2face,0.9999264,8,FFpp
522_337,1,faceswap,0.99955386,8,FFpp
522_337,1,neuraltextures,0.87411207,8,FFpp
523,0,real,3.730251e-05,8,FFpp
523_541,1,deepfakes,0.99837446,8,FFpp
523_541,1,face2face,0.99964446,8,FFpp
523_541,1,faceswap,0.9987617,8,FFpp
523_541,1,neuraltextures,0.98686504,8,FFpp
524,0,real,0.0012662822,8,FFpp
524_580,1,deepfakes,0.9992974,8,FFpp
524_580,1,face2face,0.999727,8,FFpp
524_580,1,faceswap,0.99988365,8,FFpp
524_580,1,neuraltextures,0.93930286,8,FFpp
525,0,real,4.7120207e-06,8,FFpp
525_509,1,deepfakes,0.915639,8,FFpp
525_509,1,face2face,0.8990472,8,FFpp
525_509,1,faceswap,0.87463284,8,FFpp
525_509,1,neuraltextures,0.41796735,8,FFpp
526,0,real,3.8290823e-06,8,FFpp
526_436,1,deepfakes,0.99987036,8,FFpp
526_436,1,face2face,0.99939525,8,FFpp
526_436,1,faceswap,0.9984757,8,FFpp
526_436,1,neuraltextures,0.9997825,8,FFpp
527,0,real,0.12765019,8,FFpp
527_454,1,deepfakes,0.9998305,8,FFpp
527_454,1,face2face,0.9998362,8,FFpp
527_454,1,faceswap,0.9999546,8,FFpp
527_454,1,neuraltextures,0.9998778,8,FFpp
528,0,real,0.00032089275,8,FFpp
528_510,1,deepfakes,0.9999354,8,FFpp
528_510,1,face2face,0.9927811,8,FFpp
528_510,1,faceswap,0.99877095,8,FFpp
528_510,1,neuraltextures,0.99545693,8,FFpp
529,0,real,0.00020016864,8,FFpp
529_633,1,deepfakes,0.99992275,8,FFpp
529_633,1,face2face,0.99991447,8,FFpp
529_633,1,faceswap,0.99998534,8,FFpp
529_633,1,neuraltextures,0.9931407,8,FFpp
530,0,real,0.0016204875,7,FFpp
530_594,1,deepfakes,0.9999648,7,FFpp
530_594,1,face2face,0.99960405,8,FFpp
530_594,1,faceswap,0.9997786,8,FFpp
530_594,1,neuraltextures,0.92206526,8,FFpp
531,0,real,3.2898566e-05,8,FFpp
531_549,1,deepfakes,0.8836429,8,FFpp
531_549,1,face2face,0.99522173,8,FFpp
531_549,1,faceswap,0.99978167,8,FFpp
531_549,1,neuraltextures,0.90940017,8,FFpp
532,0,real,0.00061664294,8,FFpp
532_544,1,deepfakes,0.99527436,8,FFpp
532_544,1,face2face,0.999866,8,FFpp
532_544,1,faceswap,0.999182,8,FFpp
532_544,1,neuraltextures,0.99896693,8,FFpp
533,0,real,0.0010406185,8,FFpp
533_450,1,deepfakes,0.9999033,8,FFpp
533_450,1,face2face,0.9998853,8,FFpp
533_450,1,faceswap,0.9998432,8,FFpp
533_450,1,neuraltextures,0.99953884,8,FFpp
534,0,real,0.005529701,8,FFpp
534_490,1,deepfakes,0.99998623,8,FFpp
534_490,1,face2face,0.9973151,8,FFpp
534_490,1,faceswap,0.9999428,8,FFpp
534_490,1,neuraltextures,0.97889715,8,FFpp
535,0,real,1.3859062e-05,8,FFpp
535_587,1,deepfakes,0.99991065,8,FFpp
535_587,1,face2face,0.9817291,8,FFpp
535_587,1,faceswap,0.9990678,8,FFpp
535_587,1,neuraltextures,0.99929637,8,FFpp
536,0,real,1.238117e-05,8,FFpp
536_540,1,deepfakes,0.99987745,8,FFpp
536_540,1,face2face,0.9990922,8,FFpp
536_540,1,faceswap,0.999328,8,FFpp
536_540,1,neuraltextures,0.9994412,8,FFpp
537,0,real,0.0008323601,8,FFpp
537_563,1,deepfakes,0.99990225,8,FFpp
537_563,1,face2face,0.99989134,8,FFpp
537_563,1,faceswap,0.99952084,8,FFpp
537_563,1,neuraltextures,0.9998711,8,FFpp
538,0,real,0.00010172329,8,FFpp
538_493,1,deepfakes,0.99991435,8,FFpp
538_493,1,face2face,0.9971726,8,FFpp
538_493,1,faceswap,0.99613035,8,FFpp
538_493,1,neuraltextures,0.00031797955,8,FFpp
539,0,real,0.0018687678,8,FFpp
539_499,1,deepfakes,0.9999716,8,FFpp
539_499,1,face2face,0.9998993,8,FFpp
539_499,1,faceswap,0.9991834,8,FFpp
539_499,1,neuraltextures,0.9999568,8,FFpp
540,0,real,0.0008570849,8,FFpp
540_536,1,deepfakes,0.9890788,8,FFpp
540_536,1,face2face,0.99999404,8,FFpp
540_536,1,faceswap,0.99443567,8,FFpp
540_536,1,neuraltextures,0.99763864,8,FFpp
541,0,real,0.00091503083,8,FFpp
541_523,1,deepfakes,0.9988029,8,FFpp
541_523,1,face2face,0.99942034,8,FFpp
541_523,1,faceswap,0.99989206,8,FFpp
541_523,1,neuraltextures,0.9878174,8,FFpp
542,0,real,0.00014015465,8,FFpp
542_520,1,deepfakes,0.9999805,8,FFpp
542_520,1,face2face,0.9998257,8,FFpp
542_520,1,faceswap,0.9999486,8,FFpp
542_520,1,neuraltextures,0.996084,8,FFpp
543,0,real,0.00074249646,8,FFpp
543_559,1,deepfakes,0.99955803,8,FFpp
543_559,1,face2face,0.9988408,8,FFpp
543_559,1,faceswap,0.9999356,8,FFpp
543_559,1,neuraltextures,0.99942976,8,FFpp
544,0,real,9.490938e-05,8,FFpp
544_532,1,deepfakes,0.99972075,8,FFpp
544_532,1,face2face,0.9998752,8,FFpp
544_532,1,faceswap,0.99992377,8,FFpp
544_532,1,neuraltextures,0.99863213,8,FFpp
545,0,real,1.07176e-07,8,FFpp
545_553,1,deepfakes,0.9942535,8,FFpp
545_553,1,face2face,0.99657726,8,FFpp
545_553,1,faceswap,0.9982364,8,FFpp
545_553,1,neuraltextures,0.99084157,8,FFpp
546,0,real,0.000151425,8,FFpp
546_621,1,deepfakes,0.9998907,8,FFpp
546_621,1,face2face,0.9986049,8,FFpp
546_621,1,faceswap,0.99962157,8,FFpp
546_621,1,neuraltextures,0.99921376,8,FFpp
548,0,real,1.47023065e-05,8,FFpp
548_632,1,deepfakes,0.99990904,8,FFpp
548_632,1,face2face,0.9573562,8,FFpp
548_632,1,faceswap,0.99989736,8,FFpp
548_632,1,neuraltextures,0.006986989,8,FFpp
549,0,real,0.0012843054,8,FFpp
549_531,1,deepfakes,0.9996581,8,FFpp
549_531,1,face2face,0.99971676,8,FFpp
549_531,1,faceswap,0.9981352,8,FFpp
549_531,1,neuraltextures,0.8752304,8,FFpp
550,0,real,0.13478747,8,FFpp
550_452,1,deepfakes,0.9997448,8,FFpp
550_452,1,face2face,0.99956554,8,FFpp
550_452,1,faceswap,0.99908364,8,FFpp
550_452,1,neuraltextures,0.9984269,8,FFpp
551_631,1,neuraltextures,0.94209355,5,FFpp
552,0,real,0.011523331,8,FFpp
552_851,1,deepfakes,0.9999974,8,FFpp
552_851,1,face2face,0.9996658,7,FFpp
552_851,1,faceswap,0.9999677,8,FFpp
552_851,1,neuraltextures,0.99943614,8,FFpp
553,0,real,2.4392282e-05,8,FFpp
553_545,1,deepfakes,0.9998741,8,FFpp
553_545,1,face2face,0.99862254,8,FFpp
553_545,1,faceswap,0.9999497,8,FFpp
553_545,1,neuraltextures,0.99240994,8,FFpp
554,0,real,0.00016804383,8,FFpp
554_572,1,deepfakes,0.9968495,8,FFpp
554_572,1,face2face,0.99931616,8,FFpp
554_572,1,faceswap,0.99130374,8,FFpp
554_572,1,neuraltextures,0.9512672,8,FFpp
555,0,real,0.00011690184,8,FFpp
555_516,1,deepfakes,0.9999685,8,FFpp
555_516,1,face2face,0.9999734,8,FFpp
555_516,1,faceswap,0.999763,8,FFpp
555_516,1,neuraltextures,0.9899547,8,FFpp
556,0,real,0.050582398,8,FFpp
556_588,1,deepfakes,0.9994424,8,FFpp
556_588,1,face2face,0.9999881,8,FFpp
556_588,1,faceswap,0.99997526,8,FFpp
556_588,1,neuraltextures,0.9998251,8,FFpp
557,0,real,0.1283468,8,FFpp
557_560,1,deepfakes,0.9999491,8,FFpp
557_560,1,face2face,0.9999632,8,FFpp
557_560,1,faceswap,0.99995565,8,FFpp
557_560,1,neuraltextures,0.9999967,8,FFpp
558,0,real,0.008972026,8,FFpp
558_583,1,deepfakes,0.99908257,8,FFpp
558_583,1,face2face,0.99635,8,FFpp
558_583,1,faceswap,0.99993694,8,FFpp
558_583,1,neuraltextures,0.9076824,8,FFpp
559,0,real,0.016797625,8,FFpp
559_543,1,deepfakes,0.9998203,8,FFpp
559_543,1,face2face,0.9996097,8,FFpp
559_543,1,faceswap,0.99938434,8,FFpp
559_543,1,neuraltextures,0.93817145,7,FFpp
560,0,real,0.060353737,8,FFpp
560_557,1,deepfakes,0.99998605,8,FFpp
560_557,1,face2face,0.99524915,8,FFpp
560_557,1,faceswap,0.99986005,8,FFpp
560_557,1,neuraltextures,0.9997873,8,FFpp
561,0,real,6.800468e-05,8,FFpp
561_998,1,deepfakes,0.99721825,8,FFpp
561_998,1,face2face,0.9999286,8,FFpp
561_998,1,faceswap,0.99989873,8,FFpp
561_998,1,neuraltextures,0.99970293,8,FFpp
562,0,real,0.00014909108,8,FFpp
562_626,1,deepfakes,0.99997884,8,FFpp
562_626,1,face2face,0.9968803,8,FFpp
562_626,1,faceswap,0.99994045,8,FFpp
562_626,1,neuraltextures,0.9706468,8,FFpp
563,0,real,0.0034940275,8,FFpp
563_537,1,deepfakes,0.9999558,8,FFpp
563_537,1,face2face,0.9999523,8,FFpp
563_537,1,faceswap,0.9968048,8,FFpp
563_537,1,neuraltextures,0.9999352,8,FFpp
564,0,real,0.0007836397,8,FFpp
564_971,1,deepfakes,0.9999684,8,FFpp
564_971,1,face2face,0.99990195,8,FFpp
564_971,1,faceswap,0.9999383,8,FFpp
564_971,1,neuraltextures,0.963629,8,FFpp
565,0,real,0.26054767,8,FFpp
565_589,1,deepfakes,0.99999,8,FFpp
565_589,1,face2face,0.99999565,8,FFpp
565_589,1,faceswap,0.9991254,8,FFpp
565_589,1,neuraltextures,0.9998209,8,FFpp
566,0,real,0.00090441765,6,FFpp
566_617,1,deepfakes,0.9971636,6,FFpp
566_617,1,face2face,0.99867004,6,FFpp
566_617,1,faceswap,0.99759096,6,FFpp
566_617,1,neuraltextures,0.3530499,7,FFpp
567,0,real,0.0039374745,2,FFpp
567_606,1,face2face,0.8142476,3,FFpp
567_606,1,neuraltextures,0.534927,2,FFpp
568,0,real,0.00023196603,8,FFpp
568_628,1,deepfakes,0.9993909,8,FFpp
568_628,1,face2face,0.99924046,8,FFpp
568_628,1,faceswap,0.99986273,8,FFpp
568_628,1,neuraltextures,0.99986017,8,FFpp
569,0,real,0.0008607955,8,FFpp
569_921,1,deepfakes,0.9630783,8,FFpp
569_921,1,face2face,0.99973744,8,FFpp
569_921,1,faceswap,0.99973917,8,FFpp
569_921,1,neuraltextures,0.99800116,8,FFpp
570,0,real,0.00076090975,8,FFpp
570_624,1,deepfakes,0.9997243,8,FFpp
570_624,1,face2face,0.9999083,8,FFpp
570_624,1,faceswap,0.99999356,8,FFpp
570_624,1,neuraltextures,0.99988043,8,FFpp
571,0,real,0.081145786,8,FFpp
571_746,1,deepfakes,0.9998689,8,FFpp
571_746,1,face2face,0.9998508,8,FFpp
571_746,1,faceswap,0.9996046,8,FFpp
571_746,1,neuraltextures,0.88858986,8,FFpp
572,0,real,0.0016907144,7,FFpp
572_554,1,deepfakes,0.98006994,7,FFpp
572_554,1,face2face,0.9995351,7,FFpp
572_554,1,faceswap,0.999741,7,FFpp
572_554,1,neuraltextures,0.93149424,7,FFpp
573,0,real,0.0010385129,8,FFpp
573_757,1,deepfakes,0.9999949,8,FFpp
573_757,1,face2face,0.99998367,8,FFpp
573_757,1,faceswap,0.99998915,8,FFpp
573_757,1,neuraltextures,0.9999702,8,FFpp
574,0,real,0.0014445753,8,FFpp
574_547,1,deepfakes,0.9997773,8,FFpp
574_547,1,face2face,0.9995011,8,FFpp
574_547,1,faceswap,0.9991244,8,FFpp
574_547,1,neuraltextures,0.96647537,8,FFpp
575,0,real,0.00018762545,8,FFpp
575_603,1,deepfakes,0.99998975,8,FFpp
575_603,1,face2face,0.999962,8,FFpp
575_603,1,faceswap,0.9999513,8,FFpp
575_603,1,neuraltextures,0.9927099,8,FFpp
576,0,real,0.018222293,8,FFpp
576_155,1,deepfakes,0.99770415,8,FFpp
576_155,1,face2face,0.9997529,8,FFpp
576_155,1,faceswap,0.99244964,8,FFpp
576_155,1,neuraltextures,0.9999094,8,FFpp
577,0,real,8.50454e-06,8,FFpp
577_593,1,deepfakes,0.9998238,8,FFpp
577_593,1,face2face,0.99979657,8,FFpp
577_593,1,faceswap,0.99992305,8,FFpp
577_593,1,neuraltextures,0.99364275,8,FFpp
578,0,real,7.785777e-05,8,FFpp
578_636,1,deepfakes,0.8991965,8,FFpp
578_636,1,face2face,0.9997982,8,FFpp
578_636,1,faceswap,0.9997298,8,FFpp
578_636,1,neuraltextures,0.96057045,8,FFpp
579,0,real,0.16808112,8,FFpp
579_701,1,deepfakes,0.99998975,8,FFpp
579_701,1,face2face,0.9998745,8,FFpp
579_701,1,faceswap,0.9934454,8,FFpp
579_701,1,neuraltextures,0.9999832,8,FFpp
580,0,real,2.8352591e-05,8,FFpp
580_524,1,face2face,0.9994283,8,FFpp
580_524,1,faceswap,0.99962324,6,FFpp
580_524,1,neuraltextures,0.9370926,7,FFpp
581,0,real,0.0006395361,7,FFpp
581_697,1,deepfakes,0.9999912,8,FFpp
581_697,1,face2face,0.99983335,8,FFpp
581_697,1,faceswap,0.9998858,8,FFpp
581_697,1,neuraltextures,0.9991379,7,FFpp
582,0,real,0.00050787145,7,FFpp
582_172,1,deepfakes,0.9824361,7,FFpp
582_172,1,face2face,0.99990815,7,FFpp
582_172,1,faceswap,0.94649357,7,FFpp
582_172,1,neuraltextures,0.95002264,7,FFpp
583,0,real,0.13711883,8,FFpp
583_558,1,deepfakes,0.8675916,8,FFpp
583_558,1,face2face,0.9999825,8,FFpp
583_558,1,faceswap,0.99998176,8,FFpp
583_558,1,neuraltextures,0.99984455,8,FFpp
584,0,real,3.9014938e-07,8,FFpp
584_823,1,deepfakes,0.999929,8,FFpp
584_823,1,face2face,0.2889207,8,FFpp
584_823,1,faceswap,0.9997102,8,FFpp
584_823,1,neuraltextures,0.031631537,8,FFpp
585,0,real,0.013044723,8,FFpp
585_599,1,deepfakes,0.99993813,8,FFpp
585_599,1,face2face,0.9917934,8,FFpp
585_599,1,faceswap,0.99894565,8,FFpp
585_599,1,neuraltextures,0.9969693,8,FFpp
586,0,real,0.13428882,8,FFpp
586_223,1,deepfakes,0.9991548,8,FFpp
586_223,1,face2face,0.9973034,8,FFpp
586_223,1,faceswap,0.7829278,8,FFpp
586_223,1,neuraltextures,0.9774297,8,FFpp
587,0,real,0.003245564,8,FFpp
587_535,1,deepfakes,0.97144777,8,FFpp
587_535,1,face2face,0.9998306,8,FFpp
587_535,1,faceswap,0.99965894,8,FFpp
587_535,1,neuraltextures,0.9994734,8,FFpp
588,0,real,3.7934293e-05,8,FFpp
588_556,1,deepfakes,0.99968064,8,FFpp
588_556,1,face2face,0.99877506,8,FFpp
588_556,1,faceswap,0.9985564,8,FFpp
588_556,1,neuraltextures,0.9996642,8,FFpp
589,0,real,2.1751785e-05,8,FFpp
589_565,1,deepfakes,0.9999823,8,FFpp
589_565,1,face2face,0.9982066,8,FFpp
589_565,1,faceswap,0.99974096,8,FFpp
589_565,1,neuraltextures,0.99993473,8,FFpp
590,0,real,0.0020653063,7,FFpp
590_034,1,deepfakes,0.9998421,7,FFpp
590_034,1,face2face,0.99969834,8,FFpp
590_034,1,faceswap,0.9992983,8,FFpp
590_034,1,neuraltextures,0.9754973,8,FFpp
591,0,real,1.5049557e-05,8,FFpp
591_605,1,deepfakes,0.88633245,8,FFpp
591_605,1,face2face,0.99776053,8,FFpp
591_605,1,faceswap,0.999259,8,FFpp
591_605,1,neuraltextures,0.96492267,8,FFpp
592,0,real,0.0023429648,8,FFpp
592_500,1,deepfakes,0.9998785,8,FFpp
592_500,1,face2face,0.988969,8,FFpp
592_500,1,faceswap,0.9999214,8,FFpp
592_500,1,neuraltextures,0.50204295,8,FFpp
593,0,real,0.0077136024,8,FFpp
593_577,1,deepfakes,0.9985739,8,FFpp
593_577,1,face2face,0.99996,8,FFpp
593_577,1,faceswap,0.99978995,8,FFpp
593_577,1,neuraltextures,0.9998981,8,FFpp
594,0,real,0.00047641262,7,FFpp
594_530,1,deepfakes,0.9976919,7,FFpp
594_530,1,face2face,0.9998507,8,FFpp
594_530,1,faceswap,0.99985236,7,FFpp
594_530,1,neuraltextures,0.88614434,7,FFpp
595,0,real,0.0010068583,8,FFpp
595_597,1,deepfakes,0.9999582,8,FFpp
595_597,1,face2face,0.9999608,8,FFpp
595_597,1,faceswap,0.99946386,8,FFpp
595_597,1,neuraltextures,0.9996553,8,FFpp
596,0,real,7.027516e-05,8,FFpp
596_609,1,deepfakes,0.99990606,8,FFpp
596_609,1,face2face,0.99970895,8,FFpp
596_609,1,faceswap,0.99995077,8,FFpp
596_609,1,neuraltextures,0.99711967,8,FFpp
597,0,real,0.17358166,8,FFpp
597_595,1,deepfakes,0.9999739,8,FFpp
597_595,1,face2face,0.99979794,8,FFpp
597_595,1,faceswap,0.9732077,8,FFpp
597_595,1,neuraltextures,0.984579,8,FFpp
598,0,real,9.319044e-06,8,FFpp
598_178,1,deepfakes,0.99954057,8,FFpp
598_178,1,face2face,0.8470773,8,FFpp
598_178,1,faceswap,0.9997335,8,FFpp
598_178,1,neuraltextures,0.832199,8,FFpp
599,0,real,0.08893487,8,FFpp
599_585,1,deepfakes,0.9216379,8,FFpp
599_585,1,face2face,0.9999843,8,FFpp
599_585,1,faceswap,0.9999679,8,FFpp
599_585,1,neuraltextures,0.9998078,8,FFpp
600,0,real,2.8615432e-05,8,FFpp
600_505,1,deepfakes,0.9999846,8,FFpp
600_505,1,face2face,0.9674969,8,FFpp
600_505,1,faceswap,0.9993764,8,FFpp
600_505,1,neuraltextures,0.998471,8,FFpp
601,0,real,0.0004274083,8,FFpp
601_653,1,deepfakes,0.9999811,8,FFpp
601_653,1,face2face,0.99975985,8,FFpp
601_653,1,faceswap,0.99974954,8,FFpp
601_653,1,neuraltextures,0.9881822,8,FFpp
602,0,real,0.0026789755,8,FFpp
602_397,1,deepfakes,0.9996535,8,FFpp
602_397,1,face2face,0.9998041,8,FFpp
602_397,1,faceswap,0.99976236,8,FFpp
602_397,1,neuraltextures,0.9859562,8,FFpp
603,0,real,0.023146324,8,FFpp
603_575,1,deepfakes,0.99988043,8,FFpp
603_575,1,face2face,0.9999737,8,FFpp
603_575,1,faceswap,0.99970704,8,FFpp
603_575,1,neuraltextures,0.9878098,8,FFpp
604,0,real,0.0393651,8,FFpp
604_703,1,deepfakes,0.9985292,8,FFpp
604_703,1,face2face,0.99992025,8,FFpp
604_703,1,faceswap,0.49292272,8,FFpp
604_703,1,neuraltextures,0.96753263,8,FFpp
605,0,real,0.00066409755,8,FFpp
605_591,1,deepfakes,0.9999798,8,FFpp
605_591,1,face2face,0.99997926,8,FFpp
605_591,1,faceswap,0.99989456,8,FFpp
605_591,1,neuraltextures,0.99975,8,FFpp
606,0,real,0.00014613297,8,FFpp
606_567,1,deepfakes,0.99895734,8,FFpp
606_567,1,face2face,0.9511797,8,FFpp
606_567,1,faceswap,0.99988383,8,FFpp
606_567,1,neuraltextures,0.8780579,8,FFpp
607,0,real,0.6069313,8,FFpp
607_683,1,deepfakes,0.82319146,8,FFpp
607_683,1,face2face,0.9999997,8,FFpp
607_683,1,faceswap,0.9999837,8,FFpp
607_683,1,neuraltextures,0.99999166,8,FFpp
608,0,real,0.24107246,8,FFpp
608_675,1,deepfakes,0.99608636,8,FFpp
608_675,1,face2face,0.99988985,8,FFpp
608_675,1,faceswap,0.9998708,8,FFpp
608_675,1,neuraltextures,0.8916746,8,FFpp
609,0,real,6.831634e-05,7,FFpp
609_596,1,deepfakes,0.98630124,7,FFpp
609_596,1,face2face,0.9988949,8,FFpp
609_596,1,faceswap,0.9996943,7,FFpp
609_596,1,neuraltextures,0.989611,7,FFpp
610,0,real,0.00017434223,8,FFpp
610_692,1,deepfakes,0.999805,8,FFpp
610_692,1,face2face,0.99991006,8,FFpp
610_692,1,faceswap,0.9999833,8,FFpp
610_692,1,neuraltextures,0.99528795,8,FFpp
611,0,real,0.00013144787,8,FFpp
611_760,1,deepfakes,0.9979216,8,FFpp
611_760,1,face2face,0.99545115,8,FFpp
611_760,1,faceswap,0.99984795,8,FFpp
611_760,1,neuraltextures,0.980297,8,FFpp
612,0,real,0.2336271,8,FFpp
612_702,1,deepfakes,0.99999136,8,FFpp
612_702,1,face2face,0.9727806,8,FFpp
612_702,1,faceswap,0.9999889,8,FFpp
612_702,1,neuraltextures,0.99995196,8,FFpp
613,0,real,2.9316034e-05,8,FFpp
613_685,1,deepfakes,0.99939406,8,FFpp
613_685,1,face2face,0.99924064,8,FFpp
613_685,1,faceswap,0.99961615,8,FFpp
613_685,1,neuraltextures,0.9999062,8,FFpp
614,0,real,0.00049226196,8,FFpp
614_616,1,deepfakes,0.99991447,8,FFpp
614_616,1,face2face,0.99984294,8,FFpp
614_616,1,faceswap,0.9982136,8,FFpp
614_616,1,neuraltextures,0.999717,8,FFpp
615,0,real,0.00016424264,8,FFpp
615_687,1,deepfakes,0.9998072,8,FFpp
615_687,1,face2face,0.99953747,8,FFpp
615_687,1,faceswap,0.99915504,8,FFpp
615_687,1,neuraltextures,0.9695021,8,FFpp
616,0,real,3.0540163e-05,8,FFpp
616_614,1,deepfakes,0.9834243,8,FFpp
616_614,1,face2face,0.998132,8,FFpp
616_614,1,faceswap,0.9927368,8,FFpp
616_614,1,neuraltextures,0.9995656,8,FFpp
617,0,real,0.000763748,8,FFpp
617_566,1,deepfakes,0.6860939,8,FFpp
617_566,1,face2face,0.99988914,8,FFpp
617_566,1,faceswap,0.9988366,8,FFpp
617_566,1,neuraltextures,0.99887973,8,FFpp
618,0,real,0.0046950947,8,FFpp
618_629,1,deepfakes,0.9999205,8,FFpp
618_629,1,face2face,0.99982244,7,FFpp
618_629,1,faceswap,0.9998981,8,FFpp
618_629,1,neuraltextures,0.9993955,8,FFpp
619,0,real,0.0031927058,8,FFpp
619_620,1,deepfakes,0.99997133,8,FFpp
619_620,1,face2face,0.99898154,8,FFpp
619_620,1,faceswap,0.99980235,8,FFpp
619_620,1,neuraltextures,0.9526087,8,FFpp
620,0,real,8.339465e-05,8,FFpp
620_619,1,deepfakes,0.99873567,8,FFpp
620_619,1,face2face,0.99974746,8,FFpp
620_619,1,faceswap,0.99986434,8,FFpp
620_619,1,neuraltextures,0.42412654,8,FFpp
621,0,real,0.00047083918,8,FFpp
621_546,1,deepfakes,0.9996452,8,FFpp
621_546,1,face2face,0.99991274,8,FFpp
621_546,1,faceswap,0.9992599,8,FFpp
621_546,1,neuraltextures,0.99903613,8,FFpp
622,0,real,0.14000769,8,FFpp
622_647,1,deepfakes,0.9999629,8,FFpp
622_647,1,face2face,0.82234466,8,FFpp
622_647,1,faceswap,0.9998508,8,FFpp
622_647,1,neuraltextures,0.9911648,8,FFpp
623,0,real,0.00658844,8,FFpp
623_630,1,deepfakes,0.99996006,8,FFpp
623_630,1,face2face,0.68704426,8,FFpp
623_630,1,faceswap,0.99829197,8,FFpp
623_630,1,neuraltextures,0.9998617,8,FFpp
624,0,real,0.00026243375,8,FFpp
624_570,1,deepfakes,0.9999862,8,FFpp
624_570,1,face2face,0.9994083,8,FFpp
624_570,1,faceswap,0.99985504,8,FFpp
624_570,1,neuraltextures,0.9953461,8,FFpp
625,0,real,2.8998418e-05,8,FFpp
625_650,1,deepfakes,0.9991432,8,FFpp
625_650,1,face2face,0.9372817,8,FFpp
625_650,1,faceswap,0.99849904,8,FFpp
625_650,1,neuraltextures,0.9994266,8,FFpp
626,0,real,0.010334925,8,FFpp
626_562,1,deepfakes,0.9879385,8,FFpp
626_562,1,face2face,0.99992555,8,FFpp
626_562,1,faceswap,0.9995849,8,FFpp
626_562,1,neuraltextures,0.8513283,8,FFpp
627,0,real,5.4700045e-05,8,FFpp
627_658,1,deepfakes,0.99950236,8,FFpp
627_658,1,face2face,0.9999105,8,FFpp
627_658,1,faceswap,0.9999819,8,FFpp
627_658,1,neuraltextures,0.9974366,8,FFpp
628,0,real,0.0012203541,8,FFpp
628_568,1,deepfakes,0.99960256,8,FFpp
628_568,1,face2face,0.9997785,8,FFpp
628_568,1,faceswap,0.9994122,8,FFpp
628_568,1,neuraltextures,0.9960212,8,FFpp
629,0,real,6.16048e-05,8,FFpp
629_618,1,deepfakes,0.9886952,8,FFpp
629_618,1,face2face,0.99999726,8,FFpp
629_618,1,faceswap,0.9994985,8,FFpp
629_618,1,neuraltextures,0.9966243,8,FFpp
630,0,real,0.0023534605,8,FFpp
630_623,1,deepfakes,0.9997903,8,FFpp
630_623,1,face2face,0.9998273,8,FFpp
630_623,1,faceswap,0.9998929,8,FFpp
630_623,1,neuraltextures,0.99996626,8,FFpp
631,0,real,5.917087e-05,8,FFpp
631_551,1,deepfakes,0.99853754,7,FFpp
631_551,1,face2face,0.9809072,8,FFpp
631_551,1,faceswap,0.99927133,8,FFpp
631_551,1,neuraltextures,0.9997566,8,FFpp
632,0,real,0.0062270896,8,FFpp
632_548,1,deepfakes,0.7341845,8,FFpp
632_548,1,face2face,0.9989763,8,FFpp
632_548,1,faceswap,0.98688835,8,FFpp
632_548,1,neuraltextures,0.9568502,8,FFpp
633,0,real,0.008469205,8,FFpp
633_529,1,deepfakes,0.9999647,8,FFpp
633_529,1,face2face,0.99996996,8,FFpp
633_529,1,faceswap,0.99995244,8,FFpp
633_529,1,neuraltextures,0.9999308,8,FFpp
634,0,real,0.0012381816,8,FFpp
634_660,1,deepfakes,0.9988775,8,FFpp
634_660,1,face2face,0.99996203,8,FFpp
634_660,1,faceswap,0.99972415,8,FFpp
634_660,1,neuraltextures,0.9999771,8,FFpp
635,0,real,0.0046779253,8,FFpp
635_642,1,deepfakes,0.99927264,8,FFpp
635_642,1,face2face,0.99983394,8,FFpp
635_642,1,faceswap,0.9989492,8,FFpp
635_642,1,neuraltextures,0.99746996,8,FFpp
636,0,real,0.00040257597,8,FFpp
636_578,1,deepfakes,0.9997451,8,FFpp
636_578,1,face2face,0.9987644,8,FFpp
636_578,1,faceswap,0.99990976,8,FFpp
636_578,1,neuraltextures,0.998004,8,FFpp
637,0,real,0.00016070603,8,FFpp
637_427,1,deepfakes,0.9999937,8,FFpp
637_427,1,face2face,0.99938333,8,FFpp
637_427,1,faceswap,0.999801,8,FFpp
637_427,1,neuraltextures,0.9951114,8,FFpp
638,0,real,0.00063691515,8,FFpp
638_640,1,deepfakes,0.99574244,8,FFpp
638_640,1,face2face,0.9993214,8,FFpp
638_640,1,faceswap,0.99994606,8,FFpp
638_640,1,neuraltextures,0.9346609,8,FFpp
639,0,real,0.0059479577,8,FFpp
639_841,1,deepfakes,0.99921256,8,FFpp
639_841,1,face2face,0.9998891,8,FFpp
639_841,1,faceswap,0.9991165,8,FFpp
639_841,1,neuraltextures,0.99472034,8,FFpp
640,0,real,0.050315645,8,FFpp
640_638,1,deepfakes,0.99984235,8,FFpp
640_638,1,face2face,0.9999459,8,FFpp
640_638,1,faceswap,0.99980664,8,FFpp
640_638,1,neuraltextures,0.9999742,8,FFpp
641,0,real,0.0037970224,8,FFpp
641_662,1,deepfakes,0.99991345,8,FFpp
641_662,1,face2face,0.9992628,8,FFpp
641_662,1,faceswap,0.9998336,8,FFpp
641_662,1,neuraltextures,0.9762553,8,FFpp
642,0,real,0.00016196216,7,FFpp
642_635,1,deepfakes,0.99984974,7,FFpp
642_635,1,face2face,0.9938441,7,FFpp
642_635,1,faceswap,0.9998736,7,FFpp
642_635,1,neuraltextures,0.6837239,7,FFpp
643,0,real,0.00012330362,8,FFpp
643_646,1,deepfakes,0.99933535,8,FFpp
643_646,1,face2face,0.998788,8,FFpp
643_646,1,faceswap,0.9981368,8,FFpp
643_646,1,neuraltextures,0.98365927,8,FFpp
644,0,real,5.3115655e-06,8,FFpp
644_657,1,deepfakes,0.9953464,8,FFpp
644_657,1,face2face,0.99971163,8,FFpp
644_657,1,faceswap,0.9973203,8,FFpp
644_657,1,neuraltextures,0.99791455,8,FFpp
645,0,real,0.0005738301,8,FFpp
645_688,1,deepfakes,0.99044317,8,FFpp
645_688,1,face2face,0.99993867,8,FFpp
645_688,1,faceswap,0.99964935,8,FFpp
645_688,1,neuraltextures,0.99988437,8,FFpp
646,0,real,0.0018955849,8,FFpp
646_643,1,deepfakes,0.9999628,8,FFpp
646_643,1,face2face,0.999975,8,FFpp
646_643,1,faceswap,0.9999559,8,FFpp
646_643,1,neuraltextures,0.9997256,8,FFpp
648_654,1,deepfakes,0.9828927,5,FFpp
648_654,1,face2face,0.98429984,7,FFpp
648_654,1,faceswap,0.9982022,7,FFpp
648_654,1,neuraltextures,0.96103954,6,FFpp
649,0,real,0.0022285355,8,FFpp
649_816,1,deepfakes,0.9994984,8,FFpp
649_816,1,face2face,0.9999632,8,FFpp
649_816,1,faceswap,0.99961936,8,FFpp
649_816,1,neuraltextures,0.99598604,8,FFpp
650,0,real,0.0055948193,8,FFpp
650_625,1,deepfakes,0.9992029,8,FFpp
650_625,1,face2face,0.9984817,8,FFpp
650_625,1,faceswap,0.99996984,8,FFpp
650_625,1,neuraltextures,0.9305243,8,FFpp
651,0,real,1.651789e-05,8,FFpp
651_835,1,deepfakes,0.9999205,8,FFpp
651_835,1,face2face,0.9998936,8,FFpp
651_835,1,faceswap,0.99931866,8,FFpp
651_835,1,neuraltextures,0.99764943,8,FFpp
652,0,real,0.00043806824,8,FFpp
652_773,1,deepfakes,0.9997616,8,FFpp
652_773,1,face2face,0.99932104,8,FFpp
652_773,1,faceswap,0.99995005,8,FFpp
652_773,1,neuraltextures,0.99944925,8,FFpp
653,0,real,0.00017711308,7,FFpp
653_601,1,deepfakes,0.9991268,7,FFpp
653_601,1,face2face,0.9979996,7,FFpp
653_601,1,faceswap,0.9943061,7,FFpp
653_601,1,neuraltextures,0.99937785,7,FFpp
654,0,real,4.2127085e-05,8,FFpp
654_648,1,deepfakes,0.9995208,8,FFpp
654_648,1,face2face,0.99966055,8,FFpp
654_648,1,faceswap,0.99857706,8,FFpp
654_648,1,neuraltextures,0.99085027,8,FFpp
655,0,real,0.0017970866,8,FFpp
655_444,1,deepfakes,0.9500613,8,FFpp
655_444,1,face2face,0.99929476,8,FFpp
655_444,1,faceswap,0.9995507,8,FFpp
655_444,1,neuraltextures,0.99658906,8,FFpp
656,0,real,0.00035819152,8,FFpp
656_666,1,deepfakes,0.8757004,8,FFpp
656_666,1,face2face,0.9997986,8,FFpp
656_666,1,faceswap,0.9997993,8,FFpp
656_666,1,neuraltextures,0.99462366,8,FFpp
657,0,real,0.00028628617,8,FFpp
657_644,1,deepfakes,0.9989681,8,FFpp
657_644,1,face2face,0.9998073,8,FFpp
657_644,1,faceswap,0.9910222,8,FFpp
657_644,1,neuraltextures,0.9952295,8,FFpp
658,0,real,0.0016671054,8,FFpp
658_627,1,deepfakes,0.9998673,8,FFpp
658_627,1,face2face,0.9998902,8,FFpp
658_627,1,faceswap,0.99990356,8,FFpp
658_627,1,neuraltextures,0.99834937,8,FFpp
659,0,real,2.2211016e-07,8,FFpp
659_749,1,deepfakes,0.9992447,8,FFpp
659_749,1,face2face,0.9983231,8,FFpp
659_749,1,faceswap,0.9963955,8,FFpp
659_749,1,neuraltextures,0.98002577,8,FFpp
660,0,real,0.07227536,8,FFpp
660_634,1,deepfakes,0.9918225,8,FFpp
660_634,1,face2face,0.9990707,8,FFpp
660_634,1,faceswap,0.9974541,8,FFpp
660_634,1,neuraltextures,0.852622,8,FFpp
661,0,real,0.005201145,7,FFpp
661_670,1,deepfakes,0.87500995,7,FFpp
661_670,1,face2face,0.9995675,8,FFpp
661_670,1,faceswap,0.99922645,8,FFpp
661_670,1,neuraltextures,0.96126884,8,FFpp
662,0,real,0.0014876939,8,FFpp
662_641,1,deepfakes,0.99967384,8,FFpp
662_641,1,face2face,0.999868,8,FFpp
662_641,1,faceswap,0.99943507,8,FFpp
662_641,1,neuraltextures,0.99326974,8,FFpp
663,0,real,9.711836e-05,8,FFpp
663_231,1,deepfakes,0.9981159,8,FFpp
663_231,1,face2face,0.9940822,8,FFpp
663_231,1,faceswap,0.9997374,8,FFpp
663_231,1,neuraltextures,0.9983869,8,FFpp
664,0,real,8.2521256e-05,8,FFpp
664_668,1,deepfakes,0.9960917,8,FFpp
664_668,1,face2face,0.99953914,8,FFpp
664_668,1,faceswap,0.9999458,8,FFpp
664_668,1,neuraltextures,0.94945556,8,FFpp
665,0,real,0.008277742,8,FFpp
665_679,1,deepfakes,0.9995015,8,FFpp
665_679,1,face2face,0.999977,8,FFpp
665_679,1,faceswap,0.9998796,8,FFpp
665_679,1,neuraltextures,0.9999951,8,FFpp
666,0,real,3.3150795e-06,8,FFpp
666_656,1,deepfakes,0.8690621,8,FFpp
666_656,1,face2face,0.99818325,8,FFpp
666_656,1,faceswap,0.9992629,8,FFpp
666_656,1,neuraltextures,0.99731505,8,FFpp
667,0,real,0.00085877936,8,FFpp
667_446,1,deepfakes,0.9999818,8,FFpp
667_446,1,face2face,0.9998814,8,FFpp
667_446,1,faceswap,0.99995506,8,FFpp
667_446,1,neuraltextures,0.99965966,8,FFpp
668,0,real,4.295027e-05,8,FFpp
668_664,1,deepfakes,0.97004986,8,FFpp
668_664,1,face2face,0.99993116,8,FFpp
668_664,1,faceswap,0.9999035,8,FFpp
668_664,1,neuraltextures,0.99993503,8,FFpp
669,0,real,0.027047511,8,FFpp
669_682,1,deepfakes,0.99776834,8,FFpp
669_682,1,face2face,0.99732757,8,FFpp
669_682,1,faceswap,0.9997284,8,FFpp
669_682,1,neuraltextures,0.8184438,8,FFpp
670,0,real,2.0200698e-05,8,FFpp
670_661,1,deepfakes,0.9998315,8,FFpp
670_661,1,face2face,0.9874239,8,FFpp
670_661,1,faceswap,0.99963534,8,FFpp
670_661,1,neuraltextures,0.98275745,8,FFpp
671,0,real,1.6601625e-05,8,FFpp
671_677,1,deepfakes,0.9998159,8,FFpp
671_677,1,face2face,0.9995556,8,FFpp
671_677,1,faceswap,0.99935114,8,FFpp
671_677,1,neuraltextures,0.99959636,8,FFpp
672,0,real,0.0015258138,8,FFpp
672_720,1,deepfakes,0.999967,8,FFpp
672_720,1,face2face,0.999673,8,FFpp
672_720,1,faceswap,0.9998567,8,FFpp
672_720,1,neuraltextures,0.9991201,8,FFpp
673,0,real,9.3706236e-05,8,FFpp
673_728,1,deepfakes,0.9986763,8,FFpp
673_728,1,face2face,0.86476296,8,FFpp
673_728,1,faceswap,0.9994639,8,FFpp
673_728,1,neuraltextures,0.994514,8,FFpp
674,0,real,0.002034148,8,FFpp
674_744,1,deepfakes,0.99924535,8,FFpp
674_744,1,face2face,0.9998282,8,FFpp
674_744,1,faceswap,0.99981654,8,FFpp
674_744,1,neuraltextures,0.9956323,8,FFpp
675,0,real,0.08343456,8,FFpp
675_608,1,deepfakes,0.9957647,8,FFpp
675_608,1,face2face,0.7593943,8,FFpp
675_608,1,faceswap,0.9957371,8,FFpp
675_608,1,neuraltextures,0.018816166,8,FFpp
676,0,real,0.00018452933,8,FFpp
676_776,1,deepfakes,0.9997066,8,FFpp
676_776,1,face2face,0.9995271,8,FFpp
676_776,1,faceswap,0.99994457,8,FFpp
676_776,1,neuraltextures,0.8287796,8,FFpp
677,0,real,0.014095882,8,FFpp
677_671,1,deepfakes,0.9985233,8,FFpp
677_671,1,face2face,0.99999744,8,FFpp
677_671,1,faceswap,0.9999832,8,FFpp
677_671,1,neuraltextures,0.99998254,8,FFpp
678,0,real,0.0012893503,8,FFpp
678_460,1,deepfakes,0.9999698,8,FFpp
678_460,1,face2face,0.99996126,8,FFpp
678_460,1,faceswap,0.99997866,8,FFpp
678_460,1,neuraltextures,0.9999906,8,FFpp
679,0,real,0.0011713515,8,FFpp
679_665,1,deepfakes,0.9993374,8,FFpp
679_665,1,face2face,0.9999257,8,FFpp
679_665,1,faceswap,0.99943626,8,FFpp
679_665,1,neuraltextures,0.9991101,8,FFpp
680,0,real,0.000201663,7,FFpp
680_486,1,deepfakes,0.9890994,7,FFpp
680_486,1,face2face,0.78104186,6,FFpp
680_486,1,faceswap,0.9987612,7,FFpp
680_486,1,neuraltextures,0.99840176,7,FFpp
681,0,real,0.00015593562,8,FFpp
681_711,1,deepfakes,0.9967062,8,FFpp
681_711,1,face2face,0.9998148,8,FFpp
681_711,1,faceswap,0.9997168,8,FFpp
681_711,1,neuraltextures,0.9982909,8,FFpp
682,0,real,0.41225335,7,FFpp
682_669,1,deepfakes,0.99699545,7,FFpp
682_669,1,face2face,0.98043394,8,FFpp
682_669,1,faceswap,0.9998902,8,FFpp
682_669,1,neuraltextures,0.9969052,8,FFpp
683,0,real,0.70359117,8,FFpp
683_607,1,deepfakes,0.99999505,8,FFpp
683_607,1,face2face,0.999931,8,FFpp
683_607,1,faceswap,0.99999285,8,FFpp
683_607,1,neuraltextures,0.9999662,8,FFpp
684,0,real,0.0014597409,8,FFpp
684_717,1,deepfakes,0.9999731,8,FFpp
684_717,1,face2face,0.9997661,8,FFpp
684_717,1,faceswap,0.99994445,8,FFpp
684_717,1,neuraltextures,0.99901724,8,FFpp
685,0,real,0.0023772577,8,FFpp
685_613,1,deepfakes,0.9997237,8,FFpp
685_613,1,face2face,0.9956678,8,FFpp
685_613,1,faceswap,0.99975514,8,FFpp
685_613,1,neuraltextures,0.99999344,8,FFpp
686_696,1,deepfakes,0.9998336,1,FFpp
686_696,1,face2face,0.9997856,6,FFpp
686_696,1,faceswap,0.99903905,1,FFpp
687,0,real,1.9454485e-05,8,FFpp
687_615,1,deepfakes,0.9997088,8,FFpp
687_615,1,face2face,0.9998467,8,FFpp
687_615,1,faceswap,0.99952924,8,FFpp
687_615,1,neuraltextures,0.9998672,8,FFpp
688,0,real,0.00023687899,8,FFpp
688_645,1,deepfakes,0.99994224,8,FFpp
688_645,1,face2face,0.9204807,8,FFpp
688_645,1,faceswap,0.9976077,8,FFpp
688_645,1,neuraltextures,0.86764395,8,FFpp
689,0,real,0.015256341,8,FFpp
689_690,1,deepfakes,0.9998773,8,FFpp
689_690,1,face2face,0.9999825,8,FFpp
689_690,1,faceswap,0.999921,8,FFpp
689_690,1,neuraltextures,0.9900538,8,FFpp
690,0,real,0.0004245418,8,FFpp
690_689,1,deepfakes,0.9999584,8,FFpp
690_689,1,face2face,0.9999468,8,FFpp
690_689,1,faceswap,0.99997675,8,FFpp
690_689,1,neuraltextures,0.98491263,8,FFpp
691,0,real,0.03842844,8,FFpp
691_732,1,deepfakes,0.99985754,8,FFpp
691_732,1,face2face,0.9999473,8,FFpp
691_732,1,faceswap,0.9999626,8,FFpp
691_732,1,neuraltextures,0.99971664,8,FFpp
692,0,real,0.015507532,8,FFpp
692_610,1,deepfakes,0.9995287,8,FFpp
692_610,1,face2face,0.99996483,8,FFpp
692_610,1,faceswap,0.99950075,8,FFpp
692_610,1,neuraltextures,0.64468336,8,FFpp
693,0,real,6.020985e-06,8,FFpp
693_698,1,deepfakes,0.9995986,8,FFpp
693_698,1,face2face,0.9951948,8,FFpp
693_698,1,faceswap,0.9997425,8,FFpp
693_698,1,neuraltextures,0.9998202,8,FFpp
694,0,real,0.0014865082,8,FFpp
694_767,1,deepfakes,0.9988746,8,FFpp
694_767,1,face2face,0.99998426,8,FFpp
694_767,1,faceswap,0.99979204,8,FFpp
694_767,1,neuraltextures,0.99998826,8,FFpp
695,0,real,0.0015563609,8,FFpp
695_422,1,deepfakes,0.999977,8,FFpp
695_422,1,face2face,0.9907698,8,FFpp
695_422,1,faceswap,0.90908945,8,FFpp
695_422,1,neuraltextures,0.9875549,8,FFpp
696,0,real,8.118414e-05,8,FFpp
696_686,1,deepfakes,0.99986315,8,FFpp
696_686,1,face2face,0.99085444,8,FFpp
696_686,1,faceswap,0.9999325,8,FFpp
696_686,1,neuraltextures,0.94933367,8,FFpp
697,0,real,0.00043985527,8,FFpp
697_581,1,deepfakes,0.99999636,8,FFpp
697_581,1,face2face,0.99907726,8,FFpp
697_581,1,faceswap,0.99995095,8,FFpp
697_581,1,neuraltextures,0.99346274,8,FFpp
698,0,real,0.00019436532,8,FFpp
698_693,1,deepfakes,0.9886737,8,FFpp
698_693,1,face2face,0.9985339,8,FFpp
698_693,1,faceswap,0.9996485,8,FFpp
698_693,1,neuraltextures,0.99992,8,FFpp
699,0,real,0.00035438244,8,FFpp
699_734,1,deepfakes,0.99960077,7,FFpp
699_734,1,face2face,0.9971167,8,FFpp
699_734,1,faceswap,0.964091,7,FFpp
699_734,1,neuraltextures,0.9773673,7,FFpp
700,0,real,0.00021979869,8,FFpp
700_813,1,deepfakes,0.99827534,8,FFpp
700_813,1,face2face,0.9989542,8,FFpp
700_813,1,faceswap,0.9999116,8,FFpp
700_813,1,neuraltextures,0.99614847,8,FFpp
701,0,real,1.0413715e-05,8,FFpp
701_579,1,deepfakes,0.99970675,8,FFpp
701_579,1,face2face,0.9999237,8,FFpp
701_579,1,faceswap,0.9866598,8,FFpp
701_579,1,neuraltextures,0.99998206,8,FFpp
702,0,real,0.0008689546,8,FFpp
702_612,1,deepfakes,0.997257,8,FFpp
702_612,1,face2face,0.9997136,8,FFpp
702_612,1,faceswap,0.9914285,8,FFpp
702_612,1,neuraltextures,0.7720187,8,FFpp
703,0,real,8.398329e-05,8,FFpp
703_604,1,deepfakes,0.99983805,8,FFpp
703_604,1,face2face,0.9995512,8,FFpp
703_604,1,faceswap,0.9923928,8,FFpp
703_604,1,neuraltextures,0.9997029,8,FFpp
704,0,real,0.00033183442,7,FFpp
704_723,1,deepfakes,0.9709488,7,FFpp
704_723,1,face2face,0.9031647,6,FFpp
704_723,1,faceswap,0.99711096,7,FFpp
704_723,1,neuraltextures,0.99356127,7,FFpp
705,0,real,0.0014949978,8,FFpp
705_707,1,deepfakes,0.9999195,8,FFpp
705_707,1,face2face,0.99976844,8,FFpp
705_707,1,faceswap,0.9998508,8,FFpp
705_707,1,neuraltextures,0.9997375,8,FFpp
706,0,real,0.10996371,8,FFpp
706_479,1,deepfakes,0.99828184,8,FFpp
706_479,1,face2face,0.9998026,8,FFpp
706_479,1,faceswap,0.88915235,8,FFpp
706_479,1,neuraltextures,0.99928033,8,FFpp
707,0,real,6.4542005e-06,8,FFpp
707_705,1,deepfakes,0.9990775,8,FFpp
707_705,1,face2face,0.9992842,8,FFpp
707_705,1,faceswap,0.9997474,8,FFpp
707_705,1,neuraltextures,0.9656941,8,FFpp
708,0,real,0.00017600357,8,FFpp
708_772,1,deepfakes,0.9999811,8,FFpp
708_772,1,face2face,0.99983335,8,FFpp
708_772,1,faceswap,0.9999853,8,FFpp
708_772,1,neuraltextures,0.9938389,8,FFpp
709,0,real,4.091345e-05,8,FFpp
709_390,1,deepfakes,0.9867031,8,FFpp
709_390,1,face2face,0.9998678,8,FFpp
709_390,1,faceswap,0.9998863,8,FFpp
709_390,1,neuraltextures,0.95763063,8,FFpp
710,0,real,8.916138e-06,8,FFpp
710_788,1,deepfakes,0.9994107,8,FFpp
710_788,1,face2face,0.9971758,8,FFpp
710_788,1,faceswap,0.99993604,8,FFpp
710_788,1,neuraltextures,0.99734193,8,FFpp
711,0,real,0.010496545,8,FFpp
711_681,1,deepfakes,0.99976176,8,FFpp
711_681,1,face2face,0.9953494,8,FFpp
711_681,1,faceswap,0.9998253,8,FFpp
711_681,1,neuraltextures,0.99668425,8,FFpp
712,0,real,0.00021670418,7,FFpp
712_716,1,deepfakes,0.9998993,7,FFpp
712_716,1,face2face,0.99724084,7,FFpp
712_716,1,neuraltextures,0.84996766,7,FFpp
713,0,real,0.00014746362,8,FFpp
713_726,1,deepfakes,0.9610339,8,FFpp
713_726,1,face2face,0.9985236,8,FFpp
713_726,1,faceswap,0.9990798,8,FFpp
713_726,1,neuraltextures,0.9957507,8,FFpp
714,0,real,7.4336067e-06,8,FFpp
714_842,1,deepfakes,0.9972061,8,FFpp
714_842,1,face2face,0.9999144,8,FFpp
714_842,1,faceswap,0.87524927,8,FFpp
714_842,1,neuraltextures,0.99937266,8,FFpp
715,0,real,0.00010226185,8,FFpp
715_721,1,deepfakes,0.9971152,8,FFpp
715_721,1,face2face,0.98942876,8,FFpp
715_721,1,faceswap,0.99742347,8,FFpp
715_721,1,neuraltextures,0.997302,8,FFpp
716,0,real,0.0005793823,8,FFpp
716_712,1,deepfakes,0.98745847,8,FFpp
716_712,1,face2face,0.99758786,8,FFpp
716_712,1,faceswap,0.9997792,8,FFpp
716_712,1,neuraltextures,0.99919045,8,FFpp
717,0,real,0.0008036051,8,FFpp
717_684,1,deepfakes,0.99687296,8,FFpp
717_684,1,face2face,0.9995804,8,FFpp
717_684,1,faceswap,0.9999787,8,FFpp
717_684,1,neuraltextures,0.99998736,8,FFpp
718,0,real,0.00067385664,8,FFpp
718_972,1,deepfakes,0.9986514,8,FFpp
718_972,1,face2face,0.9999282,8,FFpp
718_972,1,faceswap,0.9998015,8,FFpp
718_972,1,neuraltextures,0.99853194,8,FFpp
719,0,real,0.00024775864,8,FFpp
719_737,1,deepfakes,0.9843797,8,FFpp
719_737,1,face2face,0.99882203,8,FFpp
719_737,1,faceswap,0.99981457,8,FFpp
719_737,1,neuraltextures,0.9999699,8,FFpp
720,0,real,0.28424674,8,FFpp
720_672,1,deepfakes,0.9998989,8,FFpp
720_672,1,face2face,0.9999746,8,FFpp
720_672,1,faceswap,0.99987954,8,FFpp
720_672,1,neuraltextures,0.9999048,8,FFpp
721,0,real,0.00203379,8,FFpp
721_715,1,deepfakes,0.9998964,8,FFpp
721_715,1,face2face,0.99921757,8,FFpp
721_715,1,faceswap,0.9998213,8,FFpp
721_715,1,neuraltextures,0.9612274,8,FFpp
723,0,real,0.00587635,8,FFpp
723_704,1,deepfakes,0.9994089,8,FFpp
723_704,1,face2face,0.9996088,8,FFpp
723_704,1,faceswap,0.99990326,8,FFpp
723_704,1,neuraltextures,0.96662706,8,FFpp
724,0,real,0.0076486543,8,FFpp
724_725,1,deepfakes,0.99941915,8,FFpp
724_725,1,face2face,0.9999833,8,FFpp
724_725,1,faceswap,0.9999906,8,FFpp
724_725,1,neuraltextures,0.99998856,8,FFpp
725,0,real,0.46376482,8,FFpp
725_724,1,deepfakes,0.9999951,8,FFpp
725_724,1,face2face,0.9999539,8,FFpp
725_724,1,faceswap,0.999951,8,FFpp
725_724,1,neuraltextures,0.9995904,8,FFpp
726,0,real,0.00013633387,8,FFpp
726_713,1,deepfakes,0.9999422,8,FFpp
726_713,1,face2face,0.98780835,8,FFpp
726_713,1,faceswap,0.99956197,8,FFpp
726_713,1,neuraltextures,0.99491566,8,FFpp
727,0,real,0.06561517,8,FFpp
727_729,1,deepfakes,0.9999365,8,FFpp
727_729,1,face2face,0.9999281,8,FFpp
727_729,1,faceswap,0.9996819,8,FFpp
727_729,1,neuraltextures,0.9949759,8,FFpp
728,0,real,1.1564712e-05,8,FFpp
728_673,1,deepfakes,0.9951201,8,FFpp
728_673,1,face2face,0.99881476,8,FFpp
728_673,1,faceswap,0.9993826,8,FFpp
728_673,1,neuraltextures,0.6969416,8,FFpp
729,0,real,0.43034607,8,FFpp
729_727,1,deepfakes,0.99970454,8,FFpp
729_727,1,face2face,0.9991321,8,FFpp
729_727,1,faceswap,0.9999689,8,FFpp
729_727,1,neuraltextures,0.99988675,8,FFpp
730,0,real,0.0023179087,8,FFpp
730_815,1,deepfakes,0.99580413,8,FFpp
730_815,1,face2face,0.999479,8,FFpp
730_815,1,faceswap,0.9997288,8,FFpp
730_815,1,neuraltextures,0.9999367,8,FFpp
731,0,real,0.1333888,8,FFpp
731_741,1,deepfakes,0.9188656,8,FFpp
731_741,1,face2face,0.99995303,8,FFpp
731_741,1,faceswap,0.99537635,8,FFpp
731_741,1,neuraltextures,0.9999871,8,FFpp
732,0,real,0.045812275,8,FFpp
732_691,1,deepfakes,0.9965204,8,FFpp
732_691,1,face2face,0.894125,8,FFpp
732_691,1,faceswap,0.99617743,8,FFpp
732_691,1,neuraltextures,0.98133993,8,FFpp
733,0,real,0.0020009975,8,FFpp
733_935,1,deepfakes,0.9999853,8,FFpp
733_935,1,face2face,0.99964124,8,FFpp
733_935,1,faceswap,0.9999685,8,FFpp
733_935,1,neuraltextures,0.9993346,8,FFpp
734,0,real,0.005481388,8,FFpp
734_699,1,deepfakes,0.9877008,8,FFpp
734_699,1,face2face,0.9936085,8,FFpp
734_699,1,faceswap,0.99979377,8,FFpp
734_699,1,neuraltextures,0.98189634,8,FFpp
735,0,real,0.00010588055,8,FFpp
735_774,1,deepfakes,0.99759054,8,FFpp
735_774,1,face2face,0.9997748,8,FFpp
735_774,1,faceswap,0.9994847,8,FFpp
735_774,1,neuraltextures,0.9357393,8,FFpp
736,0,real,0.0004721593,8,FFpp
736_785,1,deepfakes,0.99556625,8,FFpp
736_785,1,face2face,0.99968195,8,FFpp
736_785,1,faceswap,0.9998878,8,FFpp
736_785,1,neuraltextures,0.9384235,8,FFpp
737,0,real,2.225811e-05,8,FFpp
737_719,1,deepfakes,0.9993592,8,FFpp
737_719,1,face2face,0.9898479,8,FFpp
737_719,1,faceswap,0.9981106,8,FFpp
737_719,1,neuraltextures,0.87895286,8,FFpp
738,0,real,0.00046439812,7,FFpp
738_804,1,deepfakes,0.99990004,7,FFpp
738_804,1,face2face,0.99709487,8,FFpp
738_804,1,faceswap,0.999948,7,FFpp
738_804,1,neuraltextures,0.999221,7,FFpp
739,0,real,0.00034900478,8,FFpp
739_865,1,deepfakes,0.99983376,8,FFpp
739_865,1,face2face,0.8822128,8,FFpp
739_865,1,faceswap,0.9999381,8,FFpp
739_865,1,neuraltextures,0.8758887,8,FFpp
740,0,real,6.5542925e-05,7,FFpp
740_796,1,deepfakes,0.99937564,7,FFpp
740_796,1,face2face,0.9992585,7,FFpp
740_796,1,faceswap,0.9993548,7,FFpp
740_796,1,neuraltextures,0.9740644,7,FFpp
741,0,real,0.010362367,8,FFpp
741_731,1,deepfakes,0.9999582,8,FFpp
741_731,1,face2face,0.99996626,8,FFpp
741_731,1,faceswap,0.9999442,8,FFpp
741_731,1,neuraltextures,0.99992985,8,FFpp
742,0,real,0.24693386,8,FFpp
742_775,1,deepfakes,0.38136435,8,FFpp
742_775,1,face2face,0.9999385,8,FFpp
742_775,1,faceswap,0.9979155,8,FFpp
742_775,1,neuraltextures,0.9999968,8,FFpp
743,0,real,0.0004446804,8,FFpp
743_750,1,deepfakes,0.9999729,8,FFpp
743_750,1,face2face,0.9997927,8,FFpp
743_750,1,faceswap,0.9999149,8,FFpp
743_750,1,neuraltextures,0.9999111,8,FFpp
744,0,real,1.0567985e-05,8,FFpp
744_674,1,deepfakes,0.9992553,8,FFpp
744_674,1,face2face,0.86652154,8,FFpp
744_674,1,faceswap,0.9956189,8,FFpp
744_674,1,neuraltextures,0.9966576,8,FFpp
745,0,real,0.12786439,8,FFpp
745_777,1,deepfakes,0.9997588,8,FFpp
745_777,1,face2face,0.9998106,8,FFpp
745_777,1,faceswap,0.994356,8,FFpp
745_777,1,neuraltextures,0.9998779,8,FFpp
746,0,real,0.0029046633,8,FFpp
746_571,1,deepfakes,0.99989986,8,FFpp
746_571,1,face2face,0.99647766,8,FFpp
746_571,1,faceswap,0.99993193,8,FFpp
746_571,1,neuraltextures,0.98963535,8,FFpp
747,0,real,0.00035496143,8,FFpp
747_854,1,deepfakes,0.98109293,8,FFpp
747_854,1,face2face,0.99962497,8,FFpp
747_854,1,faceswap,0.9990987,8,FFpp
747_854,1,neuraltextures,0.9999415,8,FFpp
748,0,real,0.012791128,8,FFpp
748_355,1,deepfakes,0.99987537,8,FFpp
748_355,1,face2face,0.99998647,8,FFpp
748_355,1,faceswap,0.99979395,8,FFpp
748_355,1,neuraltextures,0.9985765,8,FFpp
749,0,real,0.00045295426,8,FFpp
749_659,1,deepfakes,0.9996263,8,FFpp
749_659,1,face2face,0.99946177,8,FFpp
749_659,1,faceswap,0.9694156,8,FFpp
749_659,1,neuraltextures,0.5477629,8,FFpp
750,0,real,8.2364175e-05,8,FFpp
750_743,1,deepfakes,0.9999819,8,FFpp
750_743,1,face2face,0.99957365,8,FFpp
750_743,1,faceswap,0.9991288,8,FFpp
750_743,1,neuraltextures,0.9905416,8,FFpp
751,0,real,0.0019362172,8,FFpp
751_752,1,deepfakes,0.9999608,8,FFpp
751_752,1,face2face,0.9996646,8,FFpp
751_752,1,faceswap,0.9993834,8,FFpp
751_752,1,neuraltextures,0.99708575,8,FFpp
752,0,real,4.2334425e-05,8,FFpp
752_751,1,deepfakes,0.9990835,8,FFpp
752_751,1,face2face,0.9998902,8,FFpp
752_751,1,faceswap,0.99919504,8,FFpp
752_751,1,neuraltextures,0.99698347,8,FFpp
753,0,real,6.528694e-06,8,FFpp
753_789,1,deepfakes,0.94995177,8,FFpp
753_789,1,face2face,0.99828064,8,FFpp
753_789,1,faceswap,0.9926182,8,FFpp
753_789,1,neuraltextures,0.7487647,8,FFpp
754,0,real,4.6555488e-06,8,FFpp
754_758,1,deepfakes,0.9999821,8,FFpp
754_758,1,face2face,0.996006,8,FFpp
754_758,1,faceswap,0.9999466,8,FFpp
754_758,1,neuraltextures,0.99994135,8,FFpp
755,0,real,0.00858628,8,FFpp
755_759,1,deepfakes,0.99997354,8,FFpp
755_759,1,face2face,0.96059924,8,FFpp
755_759,1,faceswap,0.98816437,8,FFpp
755_759,1,neuraltextures,0.97483635,8,FFpp
756,0,real,2.9703713e-05,8,FFpp
756_503,1,deepfakes,0.99980134,8,FFpp
756_503,1,face2face,0.99007773,8,FFpp
756_503,1,faceswap,0.99915874,8,FFpp
756_503,1,neuraltextures,0.7811354,8,FFpp
757,0,real,2.9601222e-05,8,FFpp
757_573,1,deepfakes,0.9989563,8,FFpp
757_573,1,face2face,0.99998885,8,FFpp
757_573,1,faceswap,0.9994844,8,FFpp
757_573,1,neuraltextures,0.999995,8,FFpp
758,0,real,0.00020540887,8,FFpp
758_754,1,deepfakes,0.9999095,8,FFpp
758_754,1,face2face,0.99951494,8,FFpp
758_754,1,faceswap,0.9999661,8,FFpp
758_754,1,neuraltextures,0.9999843,8,FFpp
760,0,real,2.2153035e-06,8,FFpp
760_611,1,deepfakes,0.9979254,7,FFpp
760_611,1,face2face,0.99860746,8,FFpp
760_611,1,faceswap,0.9994482,8,FFpp
760_611,1,neuraltextures,0.99885803,8,FFpp
761,0,real,0.00023287229,8,FFpp
761_766,1,deepfakes,0.99426377,8,FFpp
761_766,1,face2face,0.97943866,8,FFpp
761_766,1,faceswap,0.9998212,8,FFpp
761_766,1,neuraltextures,0.94555444,8,FFpp
762,0,real,0.00026184,8,FFpp
762_832,1,deepfakes,0.9979433,8,FFpp
762_832,1,face2face,0.98276275,8,FFpp
762_832,1,faceswap,0.99908614,8,FFpp
762_832,1,neuraltextures,0.7191415,8,FFpp
763,0,real,0.00020580899,8,FFpp
763_930,1,deepfakes,0.9998826,8,FFpp
763_930,1,face2face,0.9982227,8,FFpp
763_930,1,faceswap,0.99879354,8,FFpp
763_930,1,neuraltextures,0.9522789,8,FFpp
764,0,real,8.559964e-05,8,FFpp
764_850,1,deepfakes,0.99998385,8,FFpp
764_850,1,face2face,0.91561836,8,FFpp
764_850,1,faceswap,0.99992067,8,FFpp
764_850,1,neuraltextures,0.9997153,8,FFpp
765,0,real,2.4638468e-06,8,FFpp
765_867,1,deepfakes,0.99996233,8,FFpp
765_867,1,face2face,0.8656236,8,FFpp
765_867,1,faceswap,0.99923646,8,FFpp
765_867,1,neuraltextures,0.997544,8,FFpp
766,0,real,0.00020702151,8,FFpp
766_761,1,deepfakes,0.99894303,8,FFpp
766_761,1,face2face,0.99955535,8,FFpp
766_761,1,faceswap,0.9998053,8,FFpp
766_761,1,neuraltextures,0.9945631,8,FFpp
767,0,real,0.00020268606,8,FFpp
767_694,1,deepfakes,0.9999409,8,FFpp
767_694,1,face2face,0.9954538,8,FFpp
767_694,1,faceswap,0.99874836,8,FFpp
767_694,1,neuraltextures,0.99971104,8,FFpp
768,0,real,0.04666831,8,FFpp
768_793,1,deepfakes,0.99925625,8,FFpp
768_793,1,face2face,0.9998943,8,FFpp
768_793,1,faceswap,0.9999753,8,FFpp
768_793,1,neuraltextures,0.97001916,8,FFpp
769,0,real,7.893524e-07,8,FFpp
769_784,1,deepfakes,0.99992764,8,FFpp
769_784,1,face2face,0.99738514,8,FFpp
769_784,1,faceswap,0.9989578,8,FFpp
769_784,1,neuraltextures,0.784524,8,FFpp
770,0,real,3.6214107e-05,8,FFpp
770_791,1,deepfakes,0.99997514,8,FFpp
770_791,1,face2face,0.98592806,7,FFpp
770_791,1,faceswap,0.9992273,6,FFpp
770_791,1,neuraltextures,0.95728165,6,FFpp
771,0,real,0.00045078443,8,FFpp
771_849,1,deepfakes,0.877627,8,FFpp
771_849,1,face2face,0.9856472,8,FFpp
771_849,1,faceswap,0.99857444,8,FFpp
771_849,1,neuraltextures,0.87073815,8,FFpp
772,0,real,0.0005229773,8,FFpp
772_708,1,deepfakes,0.9999473,8,FFpp
772_708,1,face2face,0.99999505,8,FFpp
772_708,1,faceswap,0.99995995,8,FFpp
772_708,1,neuraltextures,0.99984443,8,FFpp
773,0,real,0.00042619184,8,FFpp
773_652,1,deepfakes,0.9999896,8,FFpp
773_652,1,face2face,0.999924,8,FFpp
773_652,1,faceswap,0.99985343,8,FFpp
773_652,1,neuraltextures,0.99998856,8,FFpp
774,0,real,5.523888e-05,8,FFpp
774_735,1,deepfakes,0.9994726,8,FFpp
774_735,1,face2face,0.99939114,8,FFpp
774_735,1,faceswap,0.999432,8,FFpp
774_735,1,neuraltextures,0.9999116,8,FFpp
775,0,real,0.061183758,8,FFpp
775_742,1,deepfakes,0.99997807,8,FFpp
775_742,1,face2face,0.83214736,8,FFpp
775_742,1,faceswap,0.99874324,8,FFpp
775_742,1,neuraltextures,0.52552336,8,FFpp
777,0,real,0.21354662,8,FFpp
777_745,1,deepfakes,0.9999538,8,FFpp
777_745,1,face2face,0.99995947,8,FFpp
777_745,1,faceswap,0.9998404,8,FFpp
777_745,1,neuraltextures,0.9999596,8,FFpp
778,0,real,0.00011465251,8,FFpp
778_798,1,deepfakes,0.999892,8,FFpp
778_798,1,face2face,0.99904585,8,FFpp
778_798,1,faceswap,0.99919766,8,FFpp
778_798,1,neuraltextures,0.99700284,8,FFpp
779,0,real,3.7590547e-05,8,FFpp
779_794,1,deepfakes,0.9939291,8,FFpp
779_794,1,face2face,0.99940974,8,FFpp
779_794,1,faceswap,0.9995749,8,FFpp
779_794,1,neuraltextures,0.8951492,8,FFpp
780,0,real,8.7144486e-05,8,FFpp
780_869,1,deepfakes,0.99994916,8,FFpp
780_869,1,face2face,0.9999028,8,FFpp
780_869,1,faceswap,0.99975145,8,FFpp
780_869,1,neuraltextures,0.99991375,8,FFpp
781,0,real,3.3060907e-05,8,FFpp
781_806,1,deepfakes,0.99993306,8,FFpp
781_806,1,face2face,0.905166,8,FFpp
781_806,1,faceswap,0.99974847,8,FFpp
781_806,1,neuraltextures,0.98871773,8,FFpp
782,0,real,1.2025995e-05,8,FFpp
782_787,1,deepfakes,0.9999029,8,FFpp
782_787,1,face2face,0.999958,8,FFpp
782_787,1,faceswap,0.99957645,8,FFpp
782_787,1,neuraltextures,0.99988943,8,FFpp
783,0,real,4.1026426e-05,8,FFpp
783_916,1,deepfakes,0.9999616,8,FFpp
783_916,1,face2face,0.995276,8,FFpp
783_916,1,faceswap,0.99946266,8,FFpp
783_916,1,neuraltextures,0.9992782,8,FFpp
784,0,real,1.3884555e-06,8,FFpp
784_769,1,deepfakes,0.9996505,8,FFpp
784_769,1,face2face,0.9987448,8,FFpp
784_769,1,faceswap,0.99958676,8,FFpp
784_769,1,neuraltextures,0.994985,8,FFpp
785,0,real,0.00025686782,8,FFpp
785_736,1,deepfakes,0.9999491,8,FFpp
785_736,1,face2face,0.9999379,8,FFpp
785_736,1,faceswap,0.99933624,8,FFpp
785_736,1,neuraltextures,0.99427027,8,FFpp
786,0,real,0.0012021108,8,FFpp
786_819,1,deepfakes,0.9999394,8,FFpp
786_819,1,face2face,0.99968266,8,FFpp
786_819,1,faceswap,0.9999799,8,FFpp
786_819,1,neuraltextures,0.99863744,8,FFpp
787,0,real,3.6724035e-05,8,FFpp
787_782,1,deepfakes,0.99609745,8,FFpp
787_782,1,face2face,0.9991673,8,FFpp
787_782,1,faceswap,0.999731,8,FFpp
787_782,1,neuraltextures,0.9996004,8,FFpp
788,0,real,3.347091e-05,8,FFpp
788_710,1,deepfakes,0.99958694,8,FFpp
788_710,1,face2face,0.9995263,8,FFpp
788_710,1,faceswap,0.99747527,8,FFpp
788_710,1,neuraltextures,0.9815697,8,FFpp
789,0,real,3.1350683e-05,8,FFpp
789_753,1,deepfakes,0.99988455,8,FFpp
789_753,1,face2face,0.9998932,8,FFpp
789_753,1,faceswap,0.9996959,8,FFpp
789_753,1,neuraltextures,0.95945805,8,FFpp
790,0,real,0.0003910712,5,FFpp
790_014,1,deepfakes,0.8997097,4,FFpp
790_014,1,face2face,0.9999138,5,FFpp
790_014,1,faceswap,0.99985904,5,FFpp
790_014,1,neuraltextures,0.99798095,5,FFpp
791,0,real,0.0005477647,8,FFpp
791_770,1,deepfakes,0.9993359,8,FFpp
791_770,1,face2face,0.99994326,7,FFpp
791_770,1,faceswap,0.9991626,8,FFpp
791_770,1,neuraltextures,0.9892091,8,FFpp
792,0,real,0.0003005567,8,FFpp
792_903,1,deepfakes,0.99997,8,FFpp
792_903,1,face2face,0.99993503,8,FFpp
792_903,1,faceswap,0.9999852,8,FFpp
792_903,1,neuraltextures,0.9998798,8,FFpp
793,0,real,3.8308648e-05,8,FFpp
793_768,1,deepfakes,0.9998445,8,FFpp
793_768,1,face2face,0.99987143,8,FFpp
793_768,1,faceswap,0.9999301,8,FFpp
793_768,1,neuraltextures,0.99978846,8,FFpp
794,0,real,0.026161503,8,FFpp
794_779,1,deepfakes,0.99930906,8,FFpp
794_779,1,face2face,0.9988697,8,FFpp
794_779,1,faceswap,0.8459745,8,FFpp
794_779,1,neuraltextures,0.05244234,8,FFpp
795,0,real,2.2549979e-05,8,FFpp
795_907,1,deepfakes,0.9920558,8,FFpp
795_907,1,face2face,0.999553,8,FFpp
795_907,1,faceswap,0.99973947,8,FFpp
795_907,1,neuraltextures,0.998578,8,FFpp
796,0,real,0.0030633626,8,FFpp
796_740,1,deepfakes,0.83286715,8,FFpp
796_740,1,face2face,0.997823,8,FFpp
796_740,1,faceswap,0.99979377,8,FFpp
796_740,1,neuraltextures,0.9830888,8,FFpp
797,0,real,6.403119e-05,8,FFpp
797_844,1,deepfakes,0.9999819,8,FFpp
797_844,1,face2face,0.9977304,8,FFpp
797_844,1,faceswap,0.9998088,8,FFpp
797_844,1,neuraltextures,0.9999834,8,FFpp
798,0,real,8.630854e-05,8,FFpp
798_778,1,deepfakes,0.9999589,8,FFpp
798_778,1,face2face,0.9999299,8,FFpp
798_778,1,faceswap,0.99908066,8,FFpp
798_778,1,neuraltextures,0.98869383,8,FFpp
799,0,real,0.00012539797,8,FFpp
799_809,1,deepfakes,0.9719612,8,FFpp
799_809,1,face2face,0.99982643,8,FFpp
799_809,1,faceswap,0.9992311,8,FFpp
799_809,1,neuraltextures,0.8736584,8,FFpp
800,0,real,0.0017195923,8,FFpp
800_840,1,deepfakes,0.9999226,8,FFpp
800_840,1,face2face,0.9996952,8,FFpp
800_840,1,faceswap,0.9938512,8,FFpp
800_840,1,neuraltextures,0.89757675,8,FFpp
801,0,real,4.077356e-05,8,FFpp
801_855,1,deepfakes,0.9629455,8,FFpp
801_855,1,face2face,0.9997969,8,FFpp
801_855,1,faceswap,0.9934837,8,FFpp
801_855,1,neuraltextures,0.9999059,8,FFpp
802,0,real,0.0032377031,8,FFpp
802_885,1,deepfakes,0.99191785,8,FFpp
802_885,1,face2face,0.99953645,8,FFpp
802_885,1,faceswap,0.99401873,8,FFpp
802_885,1,neuraltextures,0.9901905,8,FFpp
803,0,real,0.0015335673,8,FFpp
803_017,1,deepfakes,0.99990666,8,FFpp
803_017,1,face2face,0.99995285,8,FFpp
803_017,1,faceswap,0.99836296,8,FFpp
803_017,1,neuraltextures,0.9998564,8,FFpp
804,0,real,0.00010124925,8,FFpp
804_738,1,deepfakes,0.99980855,8,FFpp
804_738,1,face2face,0.9997339,8,FFpp
804_738,1,faceswap,0.92365444,8,FFpp
804_738,1,neuraltextures,0.56355506,8,FFpp
805,0,real,0.0012378511,8,FFpp
805_011,1,deepfakes,0.9991441,8,FFpp
805_011,1,face2face,0.9999495,8,FFpp
805_011,1,faceswap,0.9999851,8,FFpp
805_011,1,neuraltextures,0.9993923,8,FFpp
806,0,real,4.862486e-05,8,FFpp
806_781,1,deepfakes,0.99953914,8,FFpp
806_781,1,face2face,0.9999718,8,FFpp
806_781,1,faceswap,0.9999571,8,FFpp
806_781,1,neuraltextures,0.9999427,8,FFpp
807,0,real,0.024793087,8,FFpp
807_273,1,deepfakes,0.99996805,8,FFpp
807_273,1,face2face,0.9995796,8,FFpp
807_273,1,faceswap,0.9997176,8,FFpp
807_273,1,neuraltextures,0.99965537,8,FFpp
808,0,real,0.00021164649,8,FFpp
808_829,1,deepfakes,0.9995585,8,FFpp
808_829,1,face2face,0.9981646,8,FFpp
808_829,1,faceswap,0.99947464,8,FFpp
808_829,1,neuraltextures,0.98105276,8,FFpp
809,0,real,0.00020001129,8,FFpp
809_799,1,deepfakes,0.99986273,8,FFpp
809_799,1,face2face,0.99977237,8,FFpp
809_799,1,faceswap,0.9991205,8,FFpp
809_799,1,neuraltextures,0.9995285,8,FFpp
810,0,real,0.0063202456,8,FFpp
810_838,1,deepfakes,0.999982,8,FFpp
810_838,1,face2face,0.9997903,8,FFpp
810_838,1,faceswap,0.9999629,8,FFpp
810_838,1,neuraltextures,0.99903655,8,FFpp
811,0,real,0.0011689125,8,FFpp
811_920,1,deepfakes,0.99999005,8,FFpp
811_920,1,face2face,0.99981564,8,FFpp
811_920,1,faceswap,0.9995576,8,FFpp
811_920,1,neuraltextures,0.9979855,8,FFpp
812,0,real,0.0139289955,8,FFpp
812_821,1,deepfakes,0.9991063,8,FFpp
812_821,1,face2face,0.99630773,8,FFpp
812_821,1,faceswap,0.8911336,8,FFpp
812_821,1,neuraltextures,0.9968751,8,FFpp
813,0,real,4.5926667e-05,8,FFpp
813_700,1,deepfakes,0.9997501,8,FFpp
813_700,1,face2face,0.99972063,8,FFpp
813_700,1,faceswap,0.99982744,8,FFpp
813_700,1,neuraltextures,0.9616804,8,FFpp
814,0,real,6.209697e-05,8,FFpp
814_871,1,deepfakes,0.99842966,8,FFpp
814_871,1,face2face,0.9994664,8,FFpp
814_871,1,faceswap,0.99996996,8,FFpp
814_871,1,neuraltextures,0.99895024,8,FFpp
815,0,real,0.00040719446,8,FFpp
815_730,1,deepfakes,0.9999081,8,FFpp
815_730,1,face2face,0.9999786,8,FFpp
815_730,1,faceswap,0.9999808,8,FFpp
815_730,1,neuraltextures,0.99996275,8,FFpp
816,0,real,0.002508781,8,FFpp
816_649,1,deepfakes,0.9996812,8,FFpp
816_649,1,face2face,0.99998844,8,FFpp
816_649,1,faceswap,0.99992955,8,FFpp
816_649,1,neuraltextures,0.8807518,8,FFpp
817,0,real,5.954585e-05,1,FFpp
817_827,1,neuraltextures,0.99905753,2,FFpp
818,0,real,3.5942103e-05,8,FFpp
818_820,1,deepfakes,0.99957883,8,FFpp
818_820,1,face2face,0.9987841,8,FFpp
818_820,1,faceswap,0.9884884,8,FFpp
818_820,1,neuraltextures,0.9996015,8,FFpp
819,0,real,3.6621263e-06,8,FFpp
819_786,1,deepfakes,0.7790506,8,FFpp
819_786,1,face2face,0.9999778,8,FFpp
819_786,1,faceswap,0.99996424,8,FFpp
819_786,1,neuraltextures,0.9988034,8,FFpp
820,0,real,0.0001760671,8,FFpp
820_818,1,deepfakes,0.99597836,8,FFpp
820_818,1,face2face,0.99983436,8,FFpp
820_818,1,faceswap,0.9661224,8,FFpp
820_818,1,neuraltextures,0.99552655,8,FFpp
821,0,real,0.14797482,7,FFpp
821_812,1,deepfakes,0.99778926,7,FFpp
821_812,1,face2face,0.9998775,7,FFpp
821_812,1,faceswap,0.99991935,7,FFpp
821_812,1,neuraltextures,0.89629537,7,FFpp
822,0,real,2.0906975e-05,8,FFpp
822_244,1,deepfakes,0.99993837,8,FFpp
822_244,1,face2face,0.9999497,8,FFpp
822_244,1,faceswap,0.9998448,8,FFpp
822_244,1,neuraltextures,0.9557521,8,FFpp
823,0,real,0.0011753449,8,FFpp
823_584,1,deepfakes,0.20798959,8,FFpp
823_584,1,face2face,0.99981654,8,FFpp
823_584,1,faceswap,0.99987125,8,FFpp
823_584,1,neuraltextures,0.99646306,8,FFpp
825,0,real,8.847336e-06,8,FFpp
825_074,1,deepfakes,0.9999814,8,FFpp
825_074,1,face2face,0.9994422,8,FFpp
825_074,1,faceswap,0.9999122,8,FFpp
825_074,1,neuraltextures,0.99869525,8,FFpp
826,0,real,0.0001036857,8,FFpp
826_833,1,deepfakes,0.94572395,7,FFpp
826_833,1,face2face,0.9986476,7,FFpp
826_833,1,faceswap,0.9992573,8,FFpp
826_833,1,neuraltextures,0.98913157,8,FFpp
827,0,real,4.5985022e-08,8,FFpp
827_817,1,deepfakes,0.7181637,8,FFpp
827_817,1,face2face,0.9983754,8,FFpp
827_817,1,faceswap,0.999072,8,FFpp
827_817,1,neuraltextures,0.9999439,8,FFpp
828,0,real,1.1378735e-05,8,FFpp
828_830,1,deepfakes,0.86535454,8,FFpp
828_830,1,face2face,0.997459,8,FFpp
828_830,1,faceswap,0.9996173,8,FFpp
828_830,1,neuraltextures,0.8891265,8,FFpp
829,0,real,4.9244272e-06,8,FFpp
829_808,1,deepfakes,0.99928933,8,FFpp
829_808,1,face2face,0.9771114,8,FFpp
829_808,1,faceswap,0.99995494,8,FFpp
829_808,1,neuraltextures,0.99927866,8,FFpp
830,0,real,5.4926557e-05,8,FFpp
830_828,1,deepfakes,0.97197175,8,FFpp
830_828,1,face2face,0.99859476,8,FFpp
830_828,1,faceswap,0.9997021,8,FFpp
830_828,1,neuraltextures,0.9999758,8,FFpp
831,0,real,0.00019792894,8,FFpp
831_508,1,deepfakes,0.9999724,8,FFpp
831_508,1,face2face,0.9995584,8,FFpp
831_508,1,faceswap,0.9997517,8,FFpp
831_508,1,neuraltextures,0.9995735,8,FFpp
832,0,real,0.030472258,8,FFpp
832_762,1,deepfakes,0.9998632,8,FFpp
832_762,1,face2face,0.6579989,7,FFpp
832_762,1,faceswap,0.96424955,8,FFpp
832_762,1,neuraltextures,0.86268646,7,FFpp
833,0,real,0.00033965847,8,FFpp
833_826,1,deepfakes,0.9997715,8,FFpp
833_826,1,face2face,0.9999851,8,FFpp
833_826,1,faceswap,0.99972653,8,FFpp
833_826,1,neuraltextures,0.9988029,8,FFpp
834,0,real,0.00010985025,8,FFpp
834_852,1,deepfakes,0.8177712,8,FFpp
834_852,1,face2face,0.8755274,8,FFpp
834_852,1,faceswap,0.99964505,8,FFpp
834_852,1,neuraltextures,0.99996114,8,FFpp
835,0,real,2.1480557e-06,8,FFpp
835_651,1,deepfakes,0.9998632,8,FFpp
835_651,1,face2face,0.9993512,8,FFpp
835_651,1,faceswap,0.99979377,8,FFpp
835_651,1,neuraltextures,0.9994392,8,FFpp
836,0,real,0.0005606298,8,FFpp
836_950,1,deepfakes,0.99999726,8,FFpp
836_950,1,face2face,0.9996364,8,FFpp
836_950,1,faceswap,0.99997413,8,FFpp
836_950,1,neuraltextures,0.99938166,8,FFpp
837,0,real,2.0270076e-05,8,FFpp
837_890,1,deepfakes,0.9999526,8,FFpp
837_890,1,face2face,0.99992096,8,FFpp
837_890,1,faceswap,0.9998925,8,FFpp
837_890,1,neuraltextures,0.99899775,8,FFpp
838,0,real,5.766167e-07,8,FFpp
838_810,1,deepfakes,0.9998521,8,FFpp
838_810,1,face2face,0.99984515,8,FFpp
838_810,1,faceswap,0.99970955,8,FFpp
838_810,1,neuraltextures,0.96540934,8,FFpp
839,0,real,2.8564109e-05,8,FFpp
839_864,1,deepfakes,0.9999369,8,FFpp
839_864,1,face2face,0.9999974,8,FFpp
839_864,1,faceswap,0.99995244,8,FFpp
839_864,1,neuraltextures,0.9999828,8,FFpp
840,0,real,0.00070778705,8,FFpp
840_800,1,deepfakes,0.99814606,8,FFpp
840_800,1,face2face,0.9999974,8,FFpp
840_800,1,faceswap,0.9996894,8,FFpp
840_800,1,neuraltextures,0.769029,8,FFpp
841,0,real,2.8149592e-05,8,FFpp
841_639,1,deepfakes,0.9999752,8,FFpp
841_639,1,face2face,0.99133474,8,FFpp
841_639,1,faceswap,0.9996101,8,FFpp
841_639,1,neuraltextures,0.9987713,8,FFpp
842,0,real,0.00013262732,8,FFpp
842_714,1,deepfakes,0.99981534,8,FFpp
842_714,1,face2face,0.9629611,8,FFpp
842_714,1,faceswap,0.97349507,8,FFpp
842_714,1,neuraltextures,0.09630521,8,FFpp
843,0,real,0.0052002417,8,FFpp
843_859,1,deepfakes,0.999994,8,FFpp
843_859,1,face2face,0.99999225,8,FFpp
843_859,1,faceswap,0.9998127,8,FFpp
843_859,1,neuraltextures,0.9999503,8,FFpp
844,0,real,0.00022702415,8,FFpp
844_797,1,deepfakes,0.99981606,8,FFpp
844_797,1,face2face,0.99962914,8,FFpp
844_797,1,faceswap,0.99967396,8,FFpp
844_797,1,neuraltextures,0.9998847,8,FFpp
845,0,real,0.006554156,8,FFpp
845_846,1,deepfakes,0.9398851,8,FFpp
845_846,1,face2face,0.99990773,8,FFpp
845_846,1,faceswap,0.9999664,8,FFpp
845_846,1,neuraltextures,0.99995995,8,FFpp
846,0,real,2.115789e-05,8,FFpp
846_845,1,deepfakes,0.9999125,8,FFpp
846_845,1,face2face,0.99942595,8,FFpp
846_845,1,faceswap,0.9998684,8,FFpp
846_845,1,neuraltextures,0.99864936,8,FFpp
847,0,real,0.3127953,8,FFpp
847_906,1,deepfakes,0.9999705,8,FFpp
847_906,1,face2face,0.9998464,8,FFpp
847_906,1,faceswap,0.9992844,8,FFpp
847_906,1,neuraltextures,0.9997133,8,FFpp
848,0,real,0.00084309396,8,FFpp
848_894,1,deepfakes,0.9972208,8,FFpp
848_894,1,face2face,0.9972573,8,FFpp
848_894,1,faceswap,0.99343276,8,FFpp
848_894,1,neuraltextures,0.9989391,8,FFpp
849,0,real,3.6770672e-07,8,FFpp
849_771,1,deepfakes,0.99945116,8,FFpp
849_771,1,face2face,0.9917403,8,FFpp
849_771,1,faceswap,0.99911696,8,FFpp
849_771,1,neuraltextures,0.88399243,8,FFpp
850,0,real,4.103631e-05,8,FFpp
850_764,1,deepfakes,0.98038304,8,FFpp
850_764,1,face2face,0.99993837,8,FFpp
850_764,1,faceswap,0.99980134,8,FFpp
850_764,1,neuraltextures,0.99977744,8,FFpp
851,0,real,0.2445603,8,FFpp
851_552,1,deepfakes,0.97926044,8,FFpp
851_552,1,face2face,0.99999654,8,FFpp
851_552,1,faceswap,0.99992925,8,FFpp
851_552,1,neuraltextures,0.99999106,8,FFpp
852,0,real,0.0033270193,8,FFpp
852_834,1,deepfakes,0.99997383,8,FFpp
852_834,1,face2face,0.9999295,8,FFpp
852_834,1,faceswap,0.9999446,8,FFpp
852_834,1,neuraltextures,0.92296475,8,FFpp
853,0,real,0.0006428024,8,FFpp
853_863,1,deepfakes,0.99791557,8,FFpp
853_863,1,face2face,0.9998735,8,FFpp
853_863,1,faceswap,0.9995364,8,FFpp
853_863,1,neuraltextures,0.9701744,8,FFpp
854,0,real,0.0002597376,8,FFpp
854_747,1,deepfakes,0.99969065,8,FFpp
854_747,1,face2face,0.9753506,8,FFpp
854_747,1,faceswap,0.99348384,8,FFpp
854_747,1,neuraltextures,0.9975704,8,FFpp
855,0,real,4.800728e-07,8,FFpp
855_801,1,deepfakes,0.9991634,8,FFpp
855_801,1,face2face,0.9242471,8,FFpp
855_801,1,faceswap,0.99986446,8,FFpp
855_801,1,neuraltextures,0.9959101,8,FFpp
856,0,real,3.14732e-05,8,FFpp
856_881,1,deepfakes,0.99976575,8,FFpp
856_881,1,face2face,0.9792358,8,FFpp
856_881,1,faceswap,0.99701196,8,FFpp
856_881,1,neuraltextures,0.9973379,8,FFpp
857,0,real,1.8185254e-05,8,FFpp
857_909,1,deepfakes,0.99939543,7,FFpp
857_909,1,face2face,0.7426494,8,FFpp
857_909,1,faceswap,0.97043645,8,FFpp
857_909,1,neuraltextures,0.5704264,8,FFpp
858,0,real,0.0012005119,8,FFpp
858_861,1,deepfakes,0.998106,8,FFpp
858_861,1,face2face,0.9993646,8,FFpp
858_861,1,faceswap,0.99947804,8,FFpp
858_861,1,neuraltextures,0.9974545,8,FFpp
859,0,real,2.3055833e-05,8,FFpp
859_843,1,deepfakes,0.9994937,8,FFpp
859_843,1,face2face,0.9990978,8,FFpp
859_843,1,faceswap,0.9997465,8,FFpp
859_843,1,neuraltextures,0.9972532,8,FFpp
860,0,real,8.930234e-06,8,FFpp
860_905,1,deepfakes,0.99992603,8,FFpp
860_905,1,face2face,0.99982136,8,FFpp
860_905,1,faceswap,0.9999723,8,FFpp
860_905,1,neuraltextures,0.9998013,8,FFpp
861,0,real,0.00016303937,8,FFpp
861_858,1,deepfakes,0.99961114,8,FFpp
861_858,1,face2face,0.99983996,6,FFpp
861_858,1,faceswap,0.9995909,6,FFpp
861_858,1,neuraltextures,0.99891806,7,FFpp
863,0,real,0.00018964743,8,FFpp
863_853,1,deepfakes,0.9999555,8,FFpp
863_853,1,face2face,0.9997499,8,FFpp
863_853,1,faceswap,0.99959147,8,FFpp
863_853,1,neuraltextures,0.9965258,8,FFpp
864,0,real,0.00024039781,8,FFpp
864_839,1,deepfakes,0.99991286,8,FFpp
864_839,1,face2face,0.99975634,8,FFpp
864_839,1,faceswap,0.99993336,8,FFpp
864_839,1,neuraltextures,0.99985963,8,FFpp
865,0,real,0.055079043,7,FFpp
865_739,1,deepfakes,0.99941057,7,FFpp
865_739,1,face2face,0.9993991,7,FFpp
865_739,1,faceswap,0.9987593,7,FFpp
865_739,1,neuraltextures,0.9869145,7,FFpp
866,0,real,0.0015420702,8,FFpp
866_878,1,deepfakes,0.9997823,8,FFpp
866_878,1,face2face,0.9995093,8,FFpp
866_878,1,faceswap,0.99679327,8,FFpp
866_878,1,neuraltextures,0.99996525,8,FFpp
867,0,real,0.00023124467,8,FFpp
867_765,1,deepfakes,0.97904706,8,FFpp
867_765,1,face2face,0.9998542,8,FFpp
867_765,1,faceswap,0.9992335,8,FFpp
867_765,1,neuraltextures,0.73998916,8,FFpp
868,0,real,1.123077e-05,8,FFpp
868_949,1,deepfakes,0.9998143,8,FFpp
868_949,1,face2face,0.99074763,8,FFpp
868_949,1,faceswap,0.99218655,8,FFpp
868_949,1,neuraltextures,0.9850623,8,FFpp
869,0,real,0.0007433909,8,FFpp
869_780,1,deepfakes,0.9996357,8,FFpp
869_780,1,face2face,0.9990028,8,FFpp
869_780,1,faceswap,0.9993036,8,FFpp
869_780,1,neuraltextures,0.9999896,8,FFpp
870,0,real,0.00019475445,8,FFpp
870_001,1,deepfakes,0.99783313,8,FFpp
870_001,1,face2face,0.9995505,8,FFpp
870_001,1,faceswap,0.999885,8,FFpp
870_001,1,neuraltextures,0.99972415,8,FFpp
871,0,real,0.0020102956,8,FFpp
871_814,1,deepfakes,0.99997836,8,FFpp
871_814,1,face2face,0.99996156,8,FFpp
871_814,1,faceswap,0.9990956,8,FFpp
871_814,1,neuraltextures,0.9888776,8,FFpp
872,0,real,5.9564278e-05,8,FFpp
872_873,1,deepfakes,0.9910352,8,FFpp
872_873,1,face2face,0.9999059,8,FFpp
872_873,1,faceswap,0.9999398,8,FFpp
872_873,1,neuraltextures,0.9039288,8,FFpp
873,0,real,0.00025297632,8,FFpp
873_872,1,deepfakes,0.9912585,8,FFpp
873_872,1,face2face,0.9999927,8,FFpp
873_872,1,faceswap,0.999849,8,FFpp
873_872,1,neuraltextures,0.9997801,8,FFpp
874,0,real,0.0021697057,8,FFpp
874_291,1,deepfakes,0.9999831,8,FFpp
874_291,1,face2face,0.9993036,8,FFpp
874_291,1,faceswap,0.9998285,8,FFpp
874_291,1,neuraltextures,0.9758684,8,FFpp
875,0,real,0.010030145,8,FFpp
875_979,1,deepfakes,0.9987564,8,FFpp
875_979,1,face2face,0.99993926,8,FFpp
875_979,1,faceswap,0.99988663,8,FFpp
875_979,1,neuraltextures,0.999915,8,FFpp
876,0,real,5.067457e-05,8,FFpp
876_891,1,deepfakes,0.99998045,8,FFpp
876_891,1,face2face,0.9995773,8,FFpp
876_891,1,faceswap,0.9999241,8,FFpp
876_891,1,neuraltextures,0.9982052,8,FFpp
877,0,real,2.5827001e-05,8,FFpp
877_886,1,deepfakes,0.99058384,6,FFpp
877_886,1,face2face,0.9998915,8,FFpp
877_886,1,faceswap,0.9981305,6,FFpp
877_886,1,neuraltextures,0.99897105,8,FFpp
878,0,real,1.9285264e-06,8,FFpp
878_866,1,deepfakes,0.99997735,8,FFpp
878_866,1,face2face,0.9987794,8,FFpp
878_866,1,faceswap,0.99983376,8,FFpp
878_866,1,neuraltextures,0.9219382,8,FFpp
879,0,real,0.0069994926,8,FFpp
879_963,1,deepfakes,0.99993473,8,FFpp
879_963,1,face2face,0.99959,8,FFpp
879_963,1,faceswap,0.9996521,8,FFpp
879_963,1,neuraltextures,0.9998719,8,FFpp
881,0,real,0.0015041244,8,FFpp
881_856,1,deepfakes,0.9995415,8,FFpp
881_856,1,face2face,0.99971384,8,FFpp
881_856,1,faceswap,0.999721,8,FFpp
881_856,1,neuraltextures,0.9999869,8,FFpp
882,0,real,0.00042194405,8,FFpp
882_952,1,deepfakes,0.99966943,8,FFpp
882_952,1,face2face,0.99989206,8,FFpp
882_952,1,faceswap,0.99971545,8,FFpp
882_952,1,neuraltextures,0.99445665,8,FFpp
883,0,real,2.9418186e-06,8,FFpp
883_013,1,deepfakes,0.99983454,8,FFpp
883_013,1,face2face,0.99966854,8,FFpp
883_013,1,faceswap,0.99992824,8,FFpp
883_013,1,neuraltextures,0.99987733,8,FFpp
884,0,real,2.7049796e-07,8,FFpp
884_968,1,deepfakes,0.9997677,8,FFpp
884_968,1,face2face,0.9464061,8,FFpp
884_968,1,faceswap,0.99765563,8,FFpp
884_968,1,neuraltextures,0.6207951,8,FFpp
885,0,real,4.143277e-05,8,FFpp
885_802,1,deepfakes,0.9998209,8,FFpp
885_802,1,face2face,0.9998114,8,FFpp
885_802,1,faceswap,0.9997723,8,FFpp
885_802,1,neuraltextures,0.99980205,8,FFpp
886,0,real,0.00055590016,8,FFpp
886_877,1,deepfakes,0.99989235,8,FFpp
886_877,1,face2face,0.9679778,8,FFpp
886_877,1,faceswap,0.99905854,8,FFpp
886_877,1,neuraltextures,0.98249805,8,FFpp
887,0,real,0.00024104059,8,FFpp
887_275,1,deepfakes,0.9999208,8,FFpp
887_275,1,face2face,0.99952215,8,FFpp
887_275,1,faceswap,0.9998864,8,FFpp
887_275,1,neuraltextures,0.9999233,8,FFpp
888,0,real,1.2946206e-06,8,FFpp
888_937,1,deepfakes,0.999037,8,FFpp
888_937,1,face2face,0.99986124,8,FFpp
888_937,1,faceswap,0.9999656,8,FFpp
888_937,1,neuraltextures,0.9893404,8,FFpp
889,0,real,0.0007120628,8,FFpp
889_045,1,deepfakes,0.99812883,8,FFpp
889_045,1,face2face,0.9997427,8,FFpp
889_045,1,faceswap,0.9986991,8,FFpp
889_045,1,neuraltextures,0.99967015,8,FFpp
890,0,real,0.0032013797,8,FFpp
890_837,1,deepfakes,0.9997816,8,FFpp
890_837,1,face2face,0.9997881,8,FFpp
890_837,1,faceswap,0.99995226,8,FFpp
890_837,1,neuraltextures,0.9760083,8,FFpp
891,0,real,0.12090008,8,FFpp
891_876,1,deepfakes,0.9670337,8,FFpp
891_876,1,face2face,0.9999814,8,FFpp
891_876,1,faceswap,0.9999732,8,FFpp
891_876,1,neuraltextures,0.9998906,8,FFpp
892,0,real,0.00012752402,8,FFpp
892_112,1,deepfakes,0.9999481,8,FFpp
892_112,1,face2face,0.99916464,8,FFpp
892_112,1,faceswap,0.9998987,8,FFpp
892_112,1,neuraltextures,0.9927268,8,FFpp
893,0,real,2.3566771e-07,8,FFpp
893_913,1,deepfakes,0.999984,8,FFpp
893_913,1,face2face,0.99960977,8,FFpp
893_913,1,faceswap,0.9993792,8,FFpp
893_913,1,neuraltextures,0.93472445,8,FFpp
894,0,real,0.0006921167,8,FFpp
894_848,1,deepfakes,0.9991464,7,FFpp
894_848,1,face2face,0.9997726,8,FFpp
894_848,1,faceswap,0.99994755,8,FFpp
894_848,1,neuraltextures,0.9966672,8,FFpp
895,0,real,0.00066283485,8,FFpp
895_915,1,deepfakes,0.99958503,8,FFpp
895_915,1,face2face,0.99992204,8,FFpp
895_915,1,faceswap,0.9999555,8,FFpp
895_915,1,neuraltextures,0.99998623,8,FFpp
896,0,real,0.23301189,8,FFpp
896_128,1,deepfakes,0.8983162,8,FFpp
896_128,1,face2face,0.9966987,8,FFpp
896_128,1,faceswap,0.9998288,8,FFpp
896_128,1,neuraltextures,0.98328614,8,FFpp
897,0,real,0.00041989997,7,FFpp
897_969,1,deepfakes,0.9474854,7,FFpp
897_969,1,face2face,0.9696371,7,FFpp
897_969,1,faceswap,0.9894251,7,FFpp
897_969,1,neuraltextures,0.5290576,7,FFpp
898,0,real,0.13828497,7,FFpp
898_922,1,deepfakes,0.9985534,8,FFpp
898_922,1,face2face,0.9985651,8,FFpp
898_922,1,faceswap,0.999897,8,FFpp
898_922,1,neuraltextures,0.8464745,7,FFpp
899,0,real,2.2990919e-07,8,FFpp
899_914,1,deepfakes,0.9405899,8,FFpp
899_914,1,face2face,0.94222325,8,FFpp
899_914,1,faceswap,0.9993562,8,FFpp
899_914,1,neuraltextures,0.67771494,8,FFpp
900,0,real,0.0035210508,8,FFpp
900_926,1,deepfakes,0.9997061,8,FFpp
900_926,1,face2face,0.99944395,8,FFpp
900_926,1,faceswap,0.9978061,8,FFpp
900_926,1,neuraltextures,0.99993813,8,FFpp
901,0,real,0.0002933977,8,FFpp
901_902,1,deepfakes,0.9998779,8,FFpp
901_902,1,face2face,0.9919304,8,FFpp
901_902,1,faceswap,0.99989307,8,FFpp
901_902,1,neuraltextures,0.9939384,8,FFpp
902,0,real,0.0007663057,8,FFpp
902_901,1,deepfakes,0.99990594,8,FFpp
902_901,1,face2face,0.9999012,8,FFpp
902_901,1,faceswap,0.9999877,8,FFpp
902_901,1,neuraltextures,0.99985176,8,FFpp
903,0,real,0.00027004516,8,FFpp
903_792,1,deepfakes,0.9799833,8,FFpp
903_792,1,face2face,0.99989873,8,FFpp
903_792,1,faceswap,0.9999041,8,FFpp
903_792,1,neuraltextures,0.99974704,8,FFpp
904,0,real,0.0031519583,8,FFpp
904_046,1,deepfakes,0.9992871,8,FFpp
904_046,1,face2face,0.9999836,8,FFpp
904_046,1,faceswap,0.99953175,8,FFpp
904_046,1,neuraltextures,0.99998385,8,FFpp
905,0,real,7.192839e-05,8,FFpp
905_860,1,deepfakes,0.9983733,8,FFpp
905_860,1,face2face,0.999901,8,FFpp
905_860,1,faceswap,0.99988115,8,FFpp
905_860,1,neuraltextures,0.99664897,8,FFpp
906,0,real,0.0016026874,8,FFpp
906_847,1,deepfakes,0.99826074,8,FFpp
906_847,1,face2face,0.999775,8,FFpp
906_847,1,faceswap,0.9999953,8,FFpp
906_847,1,neuraltextures,0.9823674,8,FFpp
907,0,real,0.00018392368,7,FFpp
907_795,1,deepfakes,0.9999798,7,FFpp
907_795,1,face2face,0.99931586,7,FFpp
907_795,1,faceswap,0.999539,7,FFpp
907_795,1,neuraltextures,0.875364,7,FFpp
908,0,real,0.00020481397,6,FFpp
908_207,1,deepfakes,0.999893,6,FFpp
908_207,1,face2face,0.9994384,8,FFpp
908_207,1,faceswap,0.99996066,8,FFpp
908_207,1,neuraltextures,0.9891029,8,FFpp
909,0,real,0.016454304,8,FFpp
909_857,1,deepfakes,0.8811268,8,FFpp
909_857,1,face2face,0.9996596,8,FFpp
909_857,1,faceswap,0.9999896,8,FFpp
909_857,1,neuraltextures,0.99914867,8,FFpp
910,0,real,6.00961e-06,8,FFpp
910_911,1,deepfakes,0.99867594,8,FFpp
910_911,1,face2face,0.9952563,8,FFpp
910_911,1,faceswap,0.9998226,8,FFpp
910_911,1,neuraltextures,0.9999877,8,FFpp
911,0,real,0.00013843963,8,FFpp
911_910,1,deepfakes,0.99993765,8,FFpp
911_910,1,face2face,0.99983144,8,FFpp
911_910,1,faceswap,0.9999141,8,FFpp
911_910,1,neuraltextures,0.7744637,8,FFpp
912,0,real,0.19604033,8,FFpp
912_927,1,deepfakes,0.7928613,8,FFpp
912_927,1,face2face,0.99935186,8,FFpp
912_927,1,faceswap,0.99996996,8,FFpp
912_927,1,neuraltextures,0.9999603,8,FFpp
913,0,real,0.03503761,7,FFpp
913_893,1,deepfakes,0.9977005,7,FFpp
913_893,1,face2face,0.99991155,8,FFpp
913_893,1,faceswap,0.9918118,8,FFpp
913_893,1,neuraltextures,0.9994428,8,FFpp
914,0,real,5.5747103e-05,8,FFpp
914_899,1,deepfakes,0.9998563,8,FFpp
914_899,1,face2face,0.99833906,8,FFpp
914_899,1,faceswap,0.99988353,8,FFpp
914_899,1,neuraltextures,0.9991988,8,FFpp
915,0,real,0.045303147,8,FFpp
915_895,1,deepfakes,0.99994034,8,FFpp
915_895,1,face2face,0.999916,8,FFpp
915_895,1,faceswap,0.99997497,8,FFpp
915_895,1,neuraltextures,0.9997593,8,FFpp
916,0,real,1.4661166e-06,8,FFpp
916_783,1,deepfakes,0.9996759,8,FFpp
916_783,1,face2face,0.99508816,8,FFpp
916_783,1,faceswap,0.9998168,8,FFpp
916_783,1,neuraltextures,0.99533576,8,FFpp
917,0,real,4.524855e-06,8,FFpp
917_924,1,deepfakes,0.99682134,8,FFpp
917_924,1,face2face,0.9518942,8,FFpp
917_924,1,faceswap,0.92618126,8,FFpp
917_924,1,neuraltextures,0.9992658,7,FFpp
918,0,real,3.7959577e-05,8,FFpp
918_934,1,deepfakes,0.99994725,8,FFpp
918_934,1,face2face,0.9999895,8,FFpp
918_934,1,faceswap,0.99999046,8,FFpp
918_934,1,neuraltextures,0.9997617,8,FFpp
919,0,real,0.010692527,8,FFpp
919_015,1,deepfakes,0.94987386,8,FFpp
919_015,1,face2face,0.9998583,8,FFpp
919_015,1,faceswap,0.99993616,8,FFpp
919_015,1,neuraltextures,0.98217785,8,FFpp
920,0,real,0.00030517168,8,FFpp
920_811,1,deepfakes,0.99968773,8,FFpp
920_811,1,face2face,0.99989194,8,FFpp
920_811,1,faceswap,0.9999676,8,FFpp
920_811,1,neuraltextures,0.9877166,8,FFpp
921,0,real,0.0018625013,8,FFpp
921_569,1,deepfakes,0.9999869,8,FFpp
921_569,1,face2face,0.999992,8,FFpp
921_569,1,faceswap,0.9999306,8,FFpp
921_569,1,neuraltextures,0.9998645,8,FFpp
922,0,real,0.21909378,8,FFpp
922_898,1,deepfakes,0.9997239,8,FFpp
922_898,1,face2face,0.94934905,8,FFpp
922_898,1,faceswap,0.9434251,8,FFpp
922_898,1,neuraltextures,0.9996342,8,FFpp
924,0,real,1.0724015e-06,8,FFpp
924_917,1,deepfakes,0.999401,8,FFpp
924_917,1,face2face,0.99738324,8,FFpp
924_917,1,faceswap,0.99984866,8,FFpp
924_917,1,neuraltextures,0.99969476,8,FFpp
925,0,real,0.097279266,8,FFpp
925_933,1,deepfakes,0.9999556,8,FFpp
925_933,1,face2face,0.9999465,8,FFpp
925_933,1,faceswap,0.999876,8,FFpp
925_933,1,neuraltextures,0.9987256,8,FFpp
926,0,real,4.2227293e-05,8,FFpp
926_900,1,deepfakes,0.9999435,8,FFpp
926_900,1,face2face,0.9998758,8,FFpp
926_900,1,faceswap,0.9998616,8,FFpp
926_900,1,neuraltextures,0.8283801,8,FFpp
927,0,real,6.5660906e-06,8,FFpp
927_912,1,deepfakes,0.99916196,8,FFpp
927_912,1,face2face,0.88419247,8,FFpp
927_912,1,faceswap,0.99834263,8,FFpp
927_912,1,neuraltextures,0.96660656,8,FFpp
928,0,real,0.00019899911,8,FFpp
928_160,1,deepfakes,0.99884003,8,FFpp
928_160,1,face2face,0.99991983,8,FFpp
928_160,1,faceswap,0.9993644,8,FFpp
928_160,1,neuraltextures,0.9999803,8,FFpp
929,0,real,0.0005470151,8,FFpp
929_962,1,deepfakes,0.9026477,8,FFpp
929_962,1,face2face,0.99812126,8,FFpp
929_962,1,faceswap,0.9991903,8,FFpp
929_962,1,neuraltextures,0.9998938,8,FFpp
930,0,real,0.010740524,8,FFpp
930_763,1,deepfakes,0.9915805,8,FFpp
930_763,1,face2face,0.9993166,8,FFpp
930_763,1,faceswap,0.9998318,8,FFpp
930_763,1,neuraltextures,0.5690984,8,FFpp
931,0,real,0.00017347148,8,FFpp
931_936,1,deepfakes,0.99756974,8,FFpp
931_936,1,face2face,0.9999044,8,FFpp
931_936,1,faceswap,0.99993587,8,FFpp
931_936,1,neuraltextures,0.99908,8,FFpp
932,0,real,0.0011919807,8,FFpp
932_384,1,deepfakes,0.9964385,8,FFpp
932_384,1,face2face,0.9999349,8,FFpp
932_384,1,faceswap,0.99979454,8,FFpp
932_384,1,neuraltextures,0.999994,8,FFpp
933,0,real,0.0047637,8,FFpp
933_925,1,deepfakes,0.8353146,8,FFpp
933_925,1,face2face,0.9999993,8,FFpp
933_925,1,faceswap,0.9999817,8,FFpp
933_925,1,neuraltextures,0.999973,8,FFpp
934,0,real,0.0010446167,8,FFpp
934_918,1,deepfakes,0.99993503,8,FFpp
934_918,1,face2face,0.99967986,8,FFpp
934_918,1,faceswap,0.9998199,8,FFpp
934_918,1,neuraltextures,0.9999374,8,FFpp
935,0,real,0.0010064545,8,FFpp
935_733,1,deepfakes,0.973695,8,FFpp
935_733,1,face2face,0.9999789,8,FFpp
935_733,1,faceswap,0.99992675,8,FFpp
935_733,1,neuraltextures,0.99961966,8,FFpp
936,0,real,0.00014629673,8,FFpp
936_931,1,deepfakes,0.9995937,8,FFpp
936_931,1,face2face,0.9997988,8,FFpp
936_931,1,faceswap,0.9997104,8,FFpp
936_931,1,neuraltextures,0.99875385,8,FFpp
937,0,real,4.381648e-06,8,FFpp
937_888,1,deepfakes,0.9999094,8,FFpp
937_888,1,face2face,0.93586624,8,FFpp
937_888,1,faceswap,0.9994091,8,FFpp
937_888,1,neuraltextures,0.9989844,8,FFpp
938,0,real,1.1066919e-05,8,FFpp
938_987,1,deepfakes,0.99997044,8,FFpp
938_987,1,face2face,0.9997977,8,FFpp
938_987,1,faceswap,0.9997178,8,FFpp
938_987,1,neuraltextures,0.9982373,8,FFpp
939,0,real,0.44903815,8,FFpp
939_115,1,deepfakes,0.99995697,8,FFpp
939_115,1,face2face,0.9999988,8,FFpp
939_115,1,faceswap,0.99956584,8,FFpp
939_115,1,neuraltextures,0.9999972,8,FFpp
940,0,real,1.5314465e-05,8,FFpp
940_941,1,deepfakes,0.997268,8,FFpp
940_941,1,face2face,0.9999866,8,FFpp
940_941,1,faceswap,0.99824476,8,FFpp
940_941,1,neuraltextures,0.99982107,8,FFpp
941,0,real,0.000565723,8,FFpp
941_940,1,deepfakes,0.9999672,8,FFpp
941_940,1,face2face,0.99982965,8,FFpp
941_940,1,faceswap,0.99986136,8,FFpp
941_940,1,neuraltextures,0.9707283,8,FFpp
942,0,real,7.2492335e-06,8,FFpp
942_943,1,deepfakes,0.9998965,8,FFpp
942_943,1,face2face,0.999444,8,FFpp
942_943,1,faceswap,0.99990374,8,FFpp
942_943,1,neuraltextures,0.9996711,8,FFpp
943,0,real,1.4434525e-05,8,FFpp
943_942,1,deepfakes,0.9998249,8,FFpp
943_942,1,face2face,0.996832,8,FFpp
943_942,1,faceswap,0.99957186,8,FFpp
943_942,1,neuraltextures,0.915961,8,FFpp
944,0,real,4.138903e-05,8,FFpp
944_032,1,deepfakes,0.9999082,8,FFpp
944_032,1,face2face,0.9994352,8,FFpp
944_032,1,faceswap,0.9999087,8,FFpp
944_032,1,neuraltextures,0.9936494,8,FFpp
945,0,real,0.38972467,8,FFpp
945_044,1,deepfakes,0.9994932,8,FFpp
945_044,1,face2face,0.99995536,8,FFpp
945_044,1,faceswap,0.9972365,8,FFpp
945_044,1,neuraltextures,0.9987941,8,FFpp
946,0,real,0.00025188937,8,FFpp
946_049,1,deepfakes,0.9997182,8,FFpp
946_049,1,face2face,0.999673,8,FFpp
946_049,1,faceswap,0.9998266,8,FFpp
946_049,1,neuraltextures,0.9999848,8,FFpp
947,0,real,1.2854634e-06,8,FFpp
947_951,1,deepfakes,0.9999076,8,FFpp
947_951,1,face2face,0.9969646,8,FFpp
947_951,1,faceswap,0.9997704,8,FFpp
947_951,1,neuraltextures,0.9955761,8,FFpp
948,0,real,1.3266524e-06,8,FFpp
948_965,1,deepfakes,0.8903411,8,FFpp
948_965,1,face2face,0.99981195,8,FFpp
948_965,1,faceswap,0.99984205,8,FFpp
948_965,1,neuraltextures,0.9999766,8,FFpp
949,0,real,8.567661e-05,8,FFpp
949_868,1,deepfakes,0.999047,8,FFpp
949_868,1,face2face,0.9985876,8,FFpp
949_868,1,faceswap,0.89881593,8,FFpp
949_868,1,neuraltextures,0.99998116,8,FFpp
950,0,real,0.003858252,8,FFpp
950_836,1,deepfakes,0.9995081,8,FFpp
950_836,1,face2face,0.9999951,8,FFpp
950_836,1,faceswap,0.99987304,8,FFpp
950_836,1,neuraltextures,0.99999297,8,FFpp
951,0,real,0.0010550128,8,FFpp
951_947,1,deepfakes,0.99982387,8,FFpp
951_947,1,face2face,0.9989898,8,FFpp
951_947,1,faceswap,0.9991435,8,FFpp
951_947,1,neuraltextures,0.9471606,8,FFpp
952,0,real,4.4391814e-05,8,FFpp
952_882,1,deepfakes,0.99984276,8,FFpp
952_882,1,face2face,0.9999591,8,FFpp
952_882,1,faceswap,0.9999173,8,FFpp
952_882,1,neuraltextures,0.9945475,8,FFpp
953,0,real,5.181194e-06,8,FFpp
953_974,1,deepfakes,0.99986583,8,FFpp
953_974,1,face2face,0.9993701,6,FFpp
953_974,1,faceswap,0.99764085,8,FFpp
953_974,1,neuraltextures,0.68904924,8,FFpp
954,0,real,5.671614e-06,8,FFpp
954_976,1,deepfakes,0.99937445,8,FFpp
954_976,1,face2face,0.99973357,8,FFpp
954_976,1,faceswap,0.999141,8,FFpp
954_976,1,neuraltextures,0.9978169,8,FFpp
955,0,real,0.007255875,8,FFpp
955_078,1,deepfakes,0.7231672,8,FFpp
955_078,1,face2face,0.9999799,8,FFpp
955_078,1,faceswap,0.9998914,8,FFpp
955_078,1,neuraltextures,0.9999976,8,FFpp
956,0,real,0.012930394,8,FFpp
956_958,1,deepfakes,0.99986595,8,FFpp
956_958,1,face2face,0.99981296,8,FFpp
956_958,1,faceswap,0.99996996,8,FFpp
956_958,1,neuraltextures,0.9992793,8,FFpp
957,0,real,0.015821628,7,FFpp
957_959,1,deepfakes,0.9995621,7,FFpp
957_959,1,face2face,0.99953324,7,FFpp
957_959,1,faceswap,0.99987954,7,FFpp
957_959,1,neuraltextures,0.9958377,7,FFpp
958,0,real,0.00010446577,8,FFpp
958_956,1,deepfakes,0.96495354,8,FFpp
958_956,1,face2face,0.9997874,8,FFpp
958_956,1,faceswap,0.9996474,8,FFpp
958_956,1,neuraltextures,0.99976593,8,FFpp
959,0,real,1.3566732e-05,8,FFpp
959_957,1,deepfakes,0.99977624,8,FFpp
959_957,1,face2face,0.9998456,7,FFpp
959_957,1,faceswap,0.9996906,7,FFpp
959_957,1,neuraltextures,0.99972284,7,FFpp
960,0,real,0.0010634859,8,FFpp
960_999,1,deepfakes,0.9983241,8,FFpp
960_999,1,face2face,0.9997858,8,FFpp
960_999,1,faceswap,0.99953586,8,FFpp
960_999,1,neuraltextures,0.9662877,8,FFpp
961,0,real,0.0014090786,8,FFpp
961_069,1,deepfakes,0.99985456,8,FFpp
961_069,1,face2face,0.9996836,8,FFpp
961_069,1,faceswap,0.9989259,8,FFpp
961_069,1,neuraltextures,0.9997005,8,FFpp
962,0,real,2.7161373e-06,8,FFpp
962_929,1,deepfakes,0.9999342,8,FFpp
962_929,1,face2face,0.9990649,8,FFpp
962_929,1,faceswap,0.9993229,8,FFpp
962_929,1,neuraltextures,0.9986671,8,FFpp
963,0,real,8.043964e-06,8,FFpp
963_879,1,deepfakes,0.99925405,8,FFpp
963_879,1,face2face,0.99996334,8,FFpp
963_879,1,faceswap,0.99988586,8,FFpp
963_879,1,neuraltextures,0.99963266,8,FFpp
964,0,real,9.0350004e-05,8,FFpp
964_174,1,deepfakes,0.9772902,8,FFpp
964_174,1,face2face,0.9994332,8,FFpp
964_174,1,faceswap,0.9998195,8,FFpp
964_174,1,neuraltextures,0.90610105,8,FFpp
965,0,real,0.0019407071,8,FFpp
965_948,1,deepfakes,0.99996823,8,FFpp
965_948,1,face2face,0.9998855,8,FFpp
965_948,1,faceswap,0.9999906,8,FFpp
965_948,1,neuraltextures,0.99979776,8,FFpp
966,0,real,4.949872e-06,8,FFpp
966_988,1,deepfakes,0.9943372,8,FFpp
966_988,1,face2face,0.99735683,8,FFpp
966_988,1,faceswap,0.9995718,8,FFpp
966_988,1,neuraltextures,0.998193,8,FFpp
967,0,real,0.0013919735,8,FFpp
967_984,1,deepfakes,0.99992436,8,FFpp
967_984,1,face2face,0.9999534,8,FFpp
967_984,1,faceswap,0.9999583,8,FFpp
967_984,1,neuraltextures,0.9999316,8,FFpp
968,0,real,0.00065806945,8,FFpp
968_884,1,deepfakes,0.9994705,8,FFpp
968_884,1,face2face,0.9997231,8,FFpp
968_884,1,faceswap,0.9990925,8,FFpp
968_884,1,neuraltextures,0.99991435,8,FFpp
969,0,real,7.867757e-06,8,FFpp
969_897,1,deepfakes,0.99853086,8,FFpp
969_897,1,face2face,0.9845992,8,FFpp
969_897,1,faceswap,0.9965782,8,FFpp
969_897,1,neuraltextures,0.99341303,8,FFpp
970,0,real,0.00026025876,8,FFpp
970_973,1,deepfakes,0.9971912,8,FFpp
970_973,1,face2face,0.92179936,7,FFpp
970_973,1,faceswap,0.99964833,8,FFpp
970_973,1,neuraltextures,0.999863,8,FFpp
971,0,real,0.018388808,8,FFpp
971_564,1,deepfakes,0.9986912,8,FFpp
971_564,1,face2face,0.9998443,8,FFpp
971_564,1,faceswap,0.9998236,8,FFpp
971_564,1,neuraltextures,0.9995552,8,FFpp
972,0,real,3.3211923e-05,8,FFpp
972_718,1,deepfakes,0.9999725,8,FFpp
972_718,1,face2face,0.9997326,8,FFpp
972_718,1,faceswap,0.99582946,8,FFpp
972_718,1,neuraltextures,0.9998977,8,FFpp
973,0,real,4.017662e-05,8,FFpp
973_970,1,deepfakes,0.9999402,8,FFpp
973_970,1,face2face,0.9999733,8,FFpp
973_970,1,faceswap,0.9996141,8,FFpp
973_970,1,neuraltextures,0.87060755,8,FFpp
974,0,real,3.2016344e-06,7,FFpp
974_953,1,deepfakes,0.8619579,7,FFpp
974_953,1,face2face,0.9990192,8,FFpp
974_953,1,faceswap,0.9997758,7,FFpp
974_953,1,neuraltextures,0.70504135,7,FFpp
975,0,real,8.606113e-06,8,FFpp
975_978,1,deepfakes,0.9990048,8,FFpp
975_978,1,face2face,0.999672,8,FFpp
975_978,1,faceswap,0.99342173,8,FFpp
975_978,1,neuraltextures,0.9815009,8,FFpp
976,0,real,0.0001059547,8,FFpp
976_954,1,deepfakes,0.87271965,8,FFpp
976_954,1,face2face,0.99244213,8,FFpp
976_954,1,faceswap,0.9992671,8,FFpp
976_954,1,neuraltextures,0.99219644,8,FFpp
977,0,real,8.89736e-05,8,FFpp
977_075,1,deepfakes,0.9977604,8,FFpp
977_075,1,face2face,0.99995285,8,FFpp
977_075,1,faceswap,0.9986595,8,FFpp
977_075,1,neuraltextures,0.99962324,8,FFpp
978,0,real,1.9673014e-06,8,FFpp
978_975,1,deepfakes,0.9957091,8,FFpp
978_975,1,face2face,0.9988029,8,FFpp
978_975,1,faceswap,0.9996339,8,FFpp
978_975,1,neuraltextures,0.8729451,8,FFpp
979,0,real,0.2040765,8,FFpp
979_875,1,deepfakes,0.99433327,8,FFpp
979_875,1,face2face,0.99995786,8,FFpp
979_875,1,faceswap,0.9998413,8,FFpp
979_875,1,neuraltextures,0.9999924,8,FFpp
980,0,real,0.026898284,7,FFpp
980_992,1,deepfakes,0.99342155,7,FFpp
980_992,1,face2face,0.9981381,8,FFpp
980_992,1,faceswap,0.99933803,7,FFpp
980_992,1,neuraltextures,0.99149054,7,FFpp
981,0,real,8.806709e-05,8,FFpp
981_985,1,deepfakes,0.99997807,8,FFpp
981_985,1,face2face,0.9972963,8,FFpp
981_985,1,faceswap,0.9409406,8,FFpp
981_985,1,neuraltextures,0.9964028,8,FFpp
982,0,real,9.2809505e-06,8,FFpp
982_004,1,deepfakes,0.9983586,8,FFpp
982_004,1,face2face,0.99812126,8,FFpp
982_004,1,faceswap,0.9997975,8,FFpp
982_004,1,neuraltextures,0.77341855,8,FFpp
983,0,real,9.626235e-05,8,FFpp
983_113,1,deepfakes,0.999259,8,FFpp
983_113,1,face2face,0.999934,8,FFpp
983_113,1,faceswap,0.99996436,8,FFpp
983_113,1,neuraltextures,0.9999169,8,FFpp
984,0,real,3.642134e-05,8,FFpp
984_967,1,deepfakes,0.9998961,8,FFpp
984_967,1,face2face,0.99997115,8,FFpp
984_967,1,faceswap,0.99996173,8,FFpp
984_967,1,neuraltextures,0.9998234,8,FFpp
985,0,real,0.0007977514,8,FFpp
985_981,1,deepfakes,0.99651563,8,FFpp
985_981,1,face2face,0.9999943,8,FFpp
985_981,1,faceswap,0.99990135,8,FFpp
985_981,1,neuraltextures,0.99997604,8,FFpp
986,0,real,0.003181613,8,FFpp
986_994,1,deepfakes,0.99966395,8,FFpp
986_994,1,face2face,0.9999478,8,FFpp
986_994,1,faceswap,0.9995862,8,FFpp
986_994,1,neuraltextures,0.9286613,8,FFpp
987,0,real,0.00062060216,8,FFpp
987_938,1,deepfakes,0.9999408,8,FFpp
987_938,1,face2face,0.9999791,8,FFpp
987_938,1,faceswap,0.9999763,8,FFpp
987_938,1,neuraltextures,0.9978943,8,FFpp
988,0,real,3.5010446e-05,8,FFpp
988_966,1,deepfakes,0.9999032,8,FFpp
988_966,1,face2face,0.9989358,8,FFpp
988_966,1,faceswap,0.99985856,8,FFpp
988_966,1,neuraltextures,0.9956537,8,FFpp
989,0,real,0.0011300418,8,FFpp
989_993,1,deepfakes,0.9191108,8,FFpp
989_993,1,face2face,0.9724859,8,FFpp
989_993,1,faceswap,0.9964609,8,FFpp
989_993,1,neuraltextures,0.9985004,8,FFpp
990,0,real,0.000116969044,8,FFpp
990_008,1,deepfakes,0.96204174,8,FFpp
990_008,1,face2face,0.9999114,8,FFpp
990_008,1,faceswap,0.99981356,8,FFpp
990_008,1,neuraltextures,0.99901694,8,FFpp
991,0,real,0.09261436,8,FFpp
991_064,1,deepfakes,0.9999976,8,FFpp
991_064,1,face2face,0.9999928,8,FFpp
991_064,1,faceswap,0.9999532,8,FFpp
991_064,1,neuraltextures,0.99998105,8,FFpp
992,0,real,0.00022618308,7,FFpp
992_980,1,deepfakes,0.99638575,7,FFpp
992_980,1,face2face,0.98660487,7,FFpp
992_980,1,faceswap,0.9971618,6,FFpp
992_980,1,neuraltextures,0.73807204,7,FFpp
993,0,real,1.0213716e-06,8,FFpp
993_989,1,deepfakes,0.9999628,8,FFpp
993_989,1,face2face,0.9905689,8,FFpp
993_989,1,faceswap,0.8510012,8,FFpp
993_989,1,neuraltextures,0.7301451,8,FFpp
994,0,real,5.075524e-05,8,FFpp
994_986,1,deepfakes,0.99227375,8,FFpp
994_986,1,face2face,0.998956,8,FFpp
994_986,1,faceswap,0.983298,8,FFpp
994_986,1,neuraltextures,0.99991304,8,FFpp
995,0,real,0.0028708072,8,FFpp
995_233,1,deepfakes,0.7865029,8,FFpp
995_233,1,face2face,0.9872081,8,FFpp
995_233,1,faceswap,0.99605066,8,FFpp
995_233,1,neuraltextures,0.91308695,8,FFpp
996,0,real,7.603178e-05,8,FFpp
996_056,1,deepfakes,0.90628195,8,FFpp
996_056,1,face2face,0.9996243,8,FFpp
996_056,1,faceswap,0.9999243,8,FFpp
996_056,1,neuraltextures,0.99991053,8,FFpp
997,0,real,3.038817e-06,8,FFpp
997_040,1,deepfakes,0.9998939,8,FFpp
997_040,1,face2face,0.9875988,8,FFpp
997_040,1,faceswap,0.9984492,8,FFpp
997_040,1,neuraltextures,0.96723896,8,FFpp
998,0,real,7.131767e-05,8,FFpp
998_561,1,deepfakes,0.9983846,8,FFpp
998_561,1,face2face,0.99998355,8,FFpp
998_561,1,faceswap,0.9996643,8,FFpp
998_561,1,neuraltextures,0.9998305,8,FFpp
999,0,real,0.0022178185,8,FFpp
999_960,1,deepfakes,0.99514544,8,FFpp
999_960,1,face2face,0.9999184,8,FFpp
999_960,1,faceswap,0.9962338,8,FFpp
999_960,1,neuraltextures,0.9980578,8,FFpp
