{
  "LogisticRegression": {
    "cv_auc_mean": 0.8979267685609598,
    "cv_auc_std": 0.005543825071627027,
    "cv_acc_mean": 0.8090248974871697,
    "cv_fold_aucs": [
      0.8923836580086582,
      0.8960531655844155,
      0.9056581439393938,
      0.8923100490196079,
      0.9032288262527233
    ],
    "test_auc": 0.9686416059660076,
    "test_acc": 0.9193408499566349,
    "test_precision": 0.9758771929824561,
    "test_recall": 0.9261186264308012,
    "test_f1": 0.9503470368392952
  },
  "RandomForest": {
    "cv_auc_mean": 0.8998923385642137,
    "cv_auc_std": 0.011054813555873401,
    "cv_acc_mean": 0.8248659266429728,
    "cv_fold_aucs": [
      0.9113906926406925,
      0.8941761363636365,
      0.9135129193722944,
      0.8841741557734204,
      0.896207788671024
    ],
    "test_auc": 0.9964771938952481,
    "test_acc": 0.9679098005203816,
    "test_precision": 0.9657258064516129,
    "test_recall": 0.9968782518210197,
    "test_f1": 0.9810547875064004
  },
  "LightGBM": {
    "cv_auc_mean": 0.9189148576097106,
    "cv_auc_std": 0.007784193811248178,
    "cv_acc_mean": 0.8654504087559264,
    "cv_fold_aucs": [
      0.9221286525974025,
      0.910071699134199,
      0.9323085768398268,
      0.9165985838779955,
      0.9134667755991285
    ],
    "test_auc": 0.9931711758584808,
    "test_acc": 0.9488291413703382,
    "test_precision": 0.942156862745098,
    "test_recall": 1.0,
    "test_f1": 0.9702170620898536
  },
  "best_classifier": "RandomForest",
  "best_test_auc": 0.9964771938952481,
  "cohens_d": {
    "s_benford_dev": 0.1486988654650623,
    "s_block_artifact": 0.07408951137495294,
    "s_blur_mag": 0.07837539455504977,
    "s_dbl_compress": 0.046701963366036346,
    "s_face_bg_diff": 0.06373691035912864,
    "s_flow_dir_consist": 0.03610672593008647,
    "s_flow_mag": 0.2622473807524923,
    "s_noise_hf_ratio": 0.18760047048369438,
    "s_noise_res_std": 0.3088642568629789,
    "s_noise_vmr": 0.0723415255319296,
    "s_prnu_energy": 0.2793931190340195,
    "s_prnu_face_periph": 0.17847608921259606,
    "s_shadow_score": 0.05672966155199435,
    "t_blink_duration": 0.5985146870543866,
    "t_blink_rate": 0.35365921408786377,
    "t_blink_symmetry": 0.061374264554423574,
    "t_boundary_color_disc": 0.16145778401122524,
    "t_boundary_freq_leakage": 0.2201318676905793,
    "t_boundary_grad_temporal": 0.35462801916196734,
    "t_coupling_consistency": 0.37943529779465524,
    "t_dct_temporal_autocorr": 1.230578346572335,
    "t_dct_temporal_std": 0.1572575537656936,
    "t_face_ssim_mean": 0.6508024723968782,
    "t_face_ssim_min": 0.32212542784285725,
    "t_face_ssim_std": 0.6275834296623153,
    "t_interpupillary_std": 0.17395143897435011,
    "t_jaw_chin_rigidity": 0.37379212413785196,
    "t_landmark_accel_var": 0.5833043147483503,
    "t_landmark_jitter": 0.9728169991599308,
    "t_landmark_velocity_autocorr": 0.6620971907898409,
    "t_motion_blur_coupling": 0.3360010457622596,
    "t_noise_corr_std": 0.22936814126419586,
    "t_noise_spectral_entropy": 3.7980634258050467,
    "t_noise_temporal_corr": 0.18994947846821644,
    "t_nose_bridge_std": 0.213545714539609,
    "t_prnu_face_vs_bg": 0.01920694865121062,
    "t_prnu_temporal_stability": 0.09054737671435444,
    "t_residual_entropy": 0.4027944716204863,
    "t_residual_flow_corr": 0.17755700109478834,
    "t_rigid_dist_var": 0.17526610774836116,
    "t_rppg_harmonic_ratio": 0.1072986749457221,
    "t_rppg_interregion_corr": 0.1815806469586586,
    "t_rppg_peak_prominence": 1.426321355256703,
    "t_rppg_snr": 1.0848623685061967,
    "t_skin_bg_decorrelation": 0.6883158586219561,
    "t_skin_color_jitter": 0.2865065404701504,
    "t_skin_texture_corr": 0.22184183267596772,
    "t_specular_stability": 0.15978543027765874,
    "t_specular_symmetry": 0.041056808343120206,
    "t_texture_warp_residual": 0.391312516352459
  },
  "n_features": 50,
  "feature_names": [
    "s_benford_dev",
    "s_block_artifact",
    "s_blur_mag",
    "s_dbl_compress",
    "s_face_bg_diff",
    "s_flow_dir_consist",
    "s_flow_mag",
    "s_noise_hf_ratio",
    "s_noise_res_std",
    "s_noise_vmr",
    "s_prnu_energy",
    "s_prnu_face_periph",
    "s_shadow_score",
    "t_blink_duration",
    "t_blink_rate",
    "t_blink_symmetry",
    "t_boundary_color_disc",
    "t_boundary_freq_leakage",
    "t_boundary_grad_temporal",
    "t_coupling_consistency",
    "t_dct_temporal_autocorr",
    "t_dct_temporal_std",
    "t_face_ssim_mean",
    "t_face_ssim_min",
    "t_face_ssim_std",
    "t_interpupillary_std",
    "t_jaw_chin_rigidity",
    "t_landmark_accel_var",
    "t_landmark_jitter",
    "t_landmark_velocity_autocorr",
    "t_motion_blur_coupling",
    "t_noise_corr_std",
    "t_noise_spectral_entropy",
    "t_noise_temporal_corr",
    "t_nose_bridge_std",
    "t_prnu_face_vs_bg",
    "t_prnu_temporal_stability",
    "t_residual_entropy",
    "t_residual_flow_corr",
    "t_rigid_dist_var",
    "t_rppg_harmonic_ratio",
    "t_rppg_interregion_corr",
    "t_rppg_peak_prominence",
    "t_rppg_snr",
    "t_skin_bg_decorrelation",
    "t_skin_color_jitter",
    "t_skin_texture_corr",
    "t_specular_stability",
    "t_specular_symmetry",
    "t_texture_warp_residual"
  ]
}