{
  "LogisticRegression": {
    "cv_auc_mean": 0.9957194010416666,
    "cv_auc_std": 0.0026081986473444796,
    "cv_acc_mean": 0.9848958333333334,
    "cv_fold_aucs": [
      0.9976942274305556,
      0.9913736979166667,
      0.9980197482638888,
      0.9974772135416666,
      0.9940321180555555
    ],
    "test_auc": 0.5027278645833333,
    "test_acc": 0.5046875,
    "test_precision": 0.6363636363636364,
    "test_recall": 0.021875,
    "test_f1": 0.04229607250755287
  },
  "RandomForest": {
    "cv_auc_mean": 0.999728732638889,
    "cv_auc_std": 0.0004261574845194437,
    "cv_acc_mean": 0.996875,
    "cv_fold_aucs": [
      1.0,
      0.9999457465277778,
      0.9998101128472222,
      1.0,
      0.9988878038194444
    ],
    "test_auc": 0.5621636284722222,
    "test_acc": 0.503125,
    "test_precision": 0.875,
    "test_recall": 0.007291666666666667,
    "test_f1": 0.014462809917355372
  },
  "LightGBM": {
    "cv_auc_mean": 0.999338107638889,
    "cv_auc_std": 0.000969848156230874,
    "cv_acc_mean": 0.9953125,
    "cv_fold_aucs": [
      0.9995388454861112,
      0.9999457465277778,
      0.9998101128472222,
      0.999972873263889,
      0.9974229600694444
    ],
    "test_auc": 0.5450922309027778,
    "test_acc": 0.5046875,
    "test_precision": 1.0,
    "test_recall": 0.009375,
    "test_f1": 0.018575851393188854
  },
  "best_classifier": "RandomForest",
  "best_test_auc": 0.5621636284722222,
  "cohens_d": {
    "s_benford_dev": 0.04343442412031389,
    "s_block_artifact": 0.01839672580197295,
    "s_blur_mag": 0.009222229236417715,
    "s_dbl_compress": 0.02054202436002035,
    "s_face_bg_diff": 0.004338760627567306,
    "s_flow_dir_consist": 0.08773012312347739,
    "s_flow_mag": 0.11025637657339281,
    "s_noise_hf_ratio": 0.27327192796083305,
    "s_noise_res_std": 0.18915282720610557,
    "s_noise_vmr": 0.16892254238034055,
    "s_prnu_energy": 0.21916387244795696,
    "s_prnu_face_periph": 0.08500196746671311,
    "s_shadow_score": 0.16365895928826105,
    "t_blink_duration": 0.06755566373229954,
    "t_blink_rate": 0.10146303929294045,
    "t_blink_symmetry": 0.15088362716632012,
    "t_boundary_color_disc": 0.06982374319083237,
    "t_boundary_freq_leakage": 0.17928457649682678,
    "t_boundary_grad_temporal": 0.09405373328234834,
    "t_coupling_consistency": 0.6195913320865878,
    "t_dct_temporal_autocorr": 0.010944719747357055,
    "t_dct_temporal_std": 0.22304066568240907,
    "t_face_ssim_mean": 0.2552971482953062,
    "t_face_ssim_min": 0.1807502131962468,
    "t_face_ssim_std": 0.24402579579251482,
    "t_interpupillary_std": 0.20108227583425742,
    "t_jaw_chin_rigidity": 0.107098539014734,
    "t_landmark_accel_var": 0.15920754065115542,
    "t_landmark_jitter": 0.2194193663872413,
    "t_landmark_velocity_autocorr": 0.112929344306938,
    "t_motion_blur_coupling": 0.12937182656263627,
    "t_noise_corr_std": 0.0564446330391423,
    "t_noise_spectral_entropy": 0.07664931960780776,
    "t_noise_temporal_corr": 0.059372699270462743,
    "t_nose_bridge_std": 0.3821874659417036,
    "t_prnu_face_vs_bg": 0.012681387510769917,
    "t_prnu_temporal_stability": 0.07015806335164472,
    "t_residual_entropy": 0.1163203869708046,
    "t_residual_flow_corr": 0.15764299431837583,
    "t_rigid_dist_var": 0.29465779929114877,
    "t_rppg_harmonic_ratio": 0.03716938394348545,
    "t_rppg_interregion_corr": 0.15827273747097892,
    "t_rppg_peak_prominence": 0.10424567536524046,
    "t_rppg_snr": 0.02923596436928538,
    "t_skin_bg_decorrelation": 0.0718432854353984,
    "t_skin_color_jitter": 0.13872733789593675,
    "t_skin_texture_corr": 0.26415989186812017,
    "t_specular_stability": 0.3305352589298245,
    "t_specular_symmetry": 0.08395259119149079,
    "t_texture_warp_residual": 0.23654797229681623
  },
  "n_features": 50,
  "feature_names": [
    "s_benford_dev",
    "s_block_artifact",
    "s_blur_mag",
    "s_dbl_compress",
    "s_face_bg_diff",
    "s_flow_dir_consist",
    "s_flow_mag",
    "s_noise_hf_ratio",
    "s_noise_res_std",
    "s_noise_vmr",
    "s_prnu_energy",
    "s_prnu_face_periph",
    "s_shadow_score",
    "t_blink_duration",
    "t_blink_rate",
    "t_blink_symmetry",
    "t_boundary_color_disc",
    "t_boundary_freq_leakage",
    "t_boundary_grad_temporal",
    "t_coupling_consistency",
    "t_dct_temporal_autocorr",
    "t_dct_temporal_std",
    "t_face_ssim_mean",
    "t_face_ssim_min",
    "t_face_ssim_std",
    "t_interpupillary_std",
    "t_jaw_chin_rigidity",
    "t_landmark_accel_var",
    "t_landmark_jitter",
    "t_landmark_velocity_autocorr",
    "t_motion_blur_coupling",
    "t_noise_corr_std",
    "t_noise_spectral_entropy",
    "t_noise_temporal_corr",
    "t_nose_bridge_std",
    "t_prnu_face_vs_bg",
    "t_prnu_temporal_stability",
    "t_residual_entropy",
    "t_residual_flow_corr",
    "t_rigid_dist_var",
    "t_rppg_harmonic_ratio",
    "t_rppg_interregion_corr",
    "t_rppg_peak_prominence",
    "t_rppg_snr",
    "t_skin_bg_decorrelation",
    "t_skin_color_jitter",
    "t_skin_texture_corr",
    "t_specular_stability",
    "t_specular_symmetry",
    "t_texture_warp_residual"
  ]
}