{
  "LogisticRegression": {
    "cv_auc_mean": 0.9957194010416666,
    "cv_auc_std": 0.0026081986473444796,
    "cv_acc_mean": 0.9848958333333334,
    "cv_fold_aucs": [
      0.9976942274305556,
      0.9913736979166667,
      0.9980197482638888,
      0.9974772135416666,
      0.9940321180555555
    ],
    "test_auc": 0.996335197710718,
    "test_acc": 0.9656428943258719,
    "test_precision": 0.9869423286180631,
    "test_recall": 0.9438085327783559,
    "test_f1": 0.9648936170212766
  },
  "RandomForest": {
    "cv_auc_mean": 0.999728732638889,
    "cv_auc_std": 0.0004261574845194437,
    "cv_acc_mean": 0.996875,
    "cv_fold_aucs": [
      1.0,
      0.9999457465277778,
      0.9998101128472222,
      1.0,
      0.9988878038194444
    ],
    "test_auc": 0.9997398543184184,
    "test_acc": 0.9932326913066112,
    "test_precision": 0.9989473684210526,
    "test_recall": 0.9875130072840791,
    "test_f1": 0.9931972789115646
  },
  "LightGBM": {
    "cv_auc_mean": 0.999338107638889,
    "cv_auc_std": 0.000969848156230874,
    "cv_acc_mean": 0.9953125,
    "cv_fold_aucs": [
      0.9995388454861112,
      0.9999457465277778,
      0.9998101128472222,
      0.999972873263889,
      0.9974229600694444
    ],
    "test_auc": 1.0,
    "test_acc": 0.9973971889640812,
    "test_precision": 1.0,
    "test_recall": 0.9947970863683663,
    "test_f1": 0.9973917579551382
  },
  "best_classifier": "LightGBM",
  "best_test_auc": 1.0,
  "cohens_d": {
    "s_benford_dev": 0.14623798580410136,
    "s_block_artifact": 0.036068008148260076,
    "s_blur_mag": 0.11974517163124977,
    "s_dbl_compress": 0.024867763838674055,
    "s_face_bg_diff": 0.008056345918354446,
    "s_flow_dir_consist": 0.09605299980441433,
    "s_flow_mag": 0.2010358558442162,
    "s_noise_hf_ratio": 0.2129440741510633,
    "s_noise_res_std": 0.34047906411201784,
    "s_noise_vmr": 0.022431761280768896,
    "s_prnu_energy": 0.31849880654490387,
    "s_prnu_face_periph": 0.25604227279687625,
    "s_shadow_score": 0.014597899097071168,
    "t_blink_duration": 0.6118996779408488,
    "t_blink_rate": 0.4069094095440019,
    "t_blink_symmetry": 0.00020347450945814747,
    "t_boundary_color_disc": 0.06266082025924861,
    "t_boundary_freq_leakage": 0.19759256417759619,
    "t_boundary_grad_temporal": 0.23600657896945587,
    "t_coupling_consistency": 0.40101990349751454,
    "t_dct_temporal_autocorr": 1.2964088943165266,
    "t_dct_temporal_std": 0.1349247667931666,
    "t_face_ssim_mean": 0.7099923371628836,
    "t_face_ssim_min": 0.3654290485892978,
    "t_face_ssim_std": 0.7276601614532855,
    "t_interpupillary_std": 0.10145071244329797,
    "t_jaw_chin_rigidity": 0.46299484038112476,
    "t_landmark_accel_var": 0.5640097724887102,
    "t_landmark_jitter": 0.9761231152287848,
    "t_landmark_velocity_autocorr": 0.5433080252949599,
    "t_motion_blur_coupling": 0.33783589131744857,
    "t_noise_corr_std": 0.284916317711348,
    "t_noise_spectral_entropy": 2.229635196275543,
    "t_noise_temporal_corr": 0.22578922471852872,
    "t_nose_bridge_std": 0.20414659433109472,
    "t_prnu_face_vs_bg": 0.029772172661077324,
    "t_prnu_temporal_stability": 0.062188708780837806,
    "t_residual_entropy": 0.2361574321386833,
    "t_residual_flow_corr": 0.09454882841491001,
    "t_rigid_dist_var": 0.1421369461787823,
    "t_rppg_harmonic_ratio": 0.12063194593290644,
    "t_rppg_interregion_corr": 0.028207334652176168,
    "t_rppg_peak_prominence": 1.6757010271989223,
    "t_rppg_snr": 1.2530471931489497,
    "t_skin_bg_decorrelation": 0.7169071483702208,
    "t_skin_color_jitter": 0.15556045949872901,
    "t_skin_texture_corr": 0.22886954022566805,
    "t_specular_stability": 0.19427314143536978,
    "t_specular_symmetry": 0.10003472242982493,
    "t_texture_warp_residual": 0.3612267528329373
  },
  "n_features": 50,
  "feature_names": [
    "s_benford_dev",
    "s_block_artifact",
    "s_blur_mag",
    "s_dbl_compress",
    "s_face_bg_diff",
    "s_flow_dir_consist",
    "s_flow_mag",
    "s_noise_hf_ratio",
    "s_noise_res_std",
    "s_noise_vmr",
    "s_prnu_energy",
    "s_prnu_face_periph",
    "s_shadow_score",
    "t_blink_duration",
    "t_blink_rate",
    "t_blink_symmetry",
    "t_boundary_color_disc",
    "t_boundary_freq_leakage",
    "t_boundary_grad_temporal",
    "t_coupling_consistency",
    "t_dct_temporal_autocorr",
    "t_dct_temporal_std",
    "t_face_ssim_mean",
    "t_face_ssim_min",
    "t_face_ssim_std",
    "t_interpupillary_std",
    "t_jaw_chin_rigidity",
    "t_landmark_accel_var",
    "t_landmark_jitter",
    "t_landmark_velocity_autocorr",
    "t_motion_blur_coupling",
    "t_noise_corr_std",
    "t_noise_spectral_entropy",
    "t_noise_temporal_corr",
    "t_nose_bridge_std",
    "t_prnu_face_vs_bg",
    "t_prnu_temporal_stability",
    "t_residual_entropy",
    "t_residual_flow_corr",
    "t_rigid_dist_var",
    "t_rppg_harmonic_ratio",
    "t_rppg_interregion_corr",
    "t_rppg_peak_prominence",
    "t_rppg_snr",
    "t_skin_bg_decorrelation",
    "t_skin_color_jitter",
    "t_skin_texture_corr",
    "t_specular_stability",
    "t_specular_symmetry",
    "t_texture_warp_residual"
  ]
}