video_path,label,s_noise_vmr,s_noise_res_std,s_noise_hf_ratio,s_prnu_energy,s_prnu_face_periph,s_shadow_score,s_face_bg_diff,s_benford_dev,s_block_artifact,s_dbl_compress,s_blur_mag,s_flow_mag,s_flow_dir_consist,t_noise_temporal_corr,t_noise_corr_std,t_noise_spectral_entropy,t_rppg_snr,t_rppg_peak_prominence,t_rppg_interregion_corr,t_rppg_harmonic_ratio,t_prnu_temporal_stability,t_prnu_face_vs_bg,t_face_ssim_mean,t_face_ssim_std,t_face_ssim_min,t_residual_flow_corr,t_residual_entropy,t_landmark_jitter,t_landmark_accel_var,t_landmark_velocity_autocorr,t_jaw_chin_rigidity,t_rigid_dist_var,t_interpupillary_std,t_nose_bridge_std,t_boundary_grad_temporal,t_boundary_color_disc,t_boundary_freq_leakage,t_skin_texture_corr,t_texture_warp_residual,t_skin_color_jitter,t_skin_bg_decorrelation,t_specular_stability,t_specular_symmetry,t_blink_rate,t_blink_duration,t_blink_symmetry,t_motion_blur_coupling,t_coupling_consistency,t_dct_temporal_std,t_dct_temporal_autocorr,roi_mouth_dct_midband_std,roi_mouth_hf_residual_energy,roi_mouth_texture_flicker,s_noise_vmr__mean,s_noise_vmr__std,s_noise_vmr__min,s_noise_vmr__max,s_noise_vmr__p10,s_noise_vmr__p25,s_noise_vmr__p75,s_noise_vmr__p90,s_noise_vmr__iqr,s_noise_vmr__skew,s_noise_vmr__kurt,s_noise_res_std__mean,s_noise_res_std__std,s_noise_res_std__min,s_noise_res_std__max,s_noise_res_std__p10,s_noise_res_std__p25,s_noise_res_std__p75,s_noise_res_std__p90,s_noise_res_std__iqr,s_noise_res_std__skew,s_noise_res_std__kurt,s_noise_hf_ratio__mean,s_noise_hf_ratio__std,s_noise_hf_ratio__min,s_noise_hf_ratio__max,s_noise_hf_ratio__p10,s_noise_hf_ratio__p25,s_noise_hf_ratio__p75,s_noise_hf_ratio__p90,s_noise_hf_ratio__iqr,s_noise_hf_ratio__skew,s_noise_hf_ratio__kurt,s_prnu_energy__mean,s_prnu_energy__std,s_prnu_energy__min,s_prnu_energy__max,s_prnu_energy__p10,s_prnu_energy__p25,s_prnu_energy__p75,s_prnu_energy__p90,s_prnu_energy__iqr,s_prnu_energy__skew,s_prnu_energy__kurt,s_prnu_face_periph__mean,s_prnu_face_periph__std,s_prnu_face_periph__min,s_prnu_face_periph__max,s_prnu_face_periph__p10,s_prnu_face_periph__p25,s_prnu_face_periph__p75,s_prnu_face_periph__p90,s_prnu_face_periph__iqr,s_prnu_face_periph__skew,s_prnu_face_periph__kurt,s_shadow_score__mean,s_shadow_score__std,s_shadow_score__min,s_shadow_score__max,s_shadow_score__p10,s_shadow_score__p25,s_shadow_score__p75,s_shadow_score__p90,s_shadow_score__iqr,s_shadow_score__skew,s_shadow_score__kurt,s_face_bg_diff__mean,s_face_bg_diff__std,s_face_bg_diff__min,s_face_bg_diff__max,s_face_bg_diff__p10,s_face_bg_diff__p25,s_face_bg_diff__p75,s_face_bg_diff__p90,s_face_bg_diff__iqr,s_face_bg_diff__skew,s_face_bg_diff__kurt,s_benford_dev__mean,s_benford_dev__std,s_benford_dev__min,s_benford_dev__max,s_benford_dev__p10,s_benford_dev__p25,s_benford_dev__p75,s_benford_dev__p90,s_benford_dev__iqr,s_benford_dev__skew,s_benford_dev__kurt,s_block_artifact__mean,s_block_artifact__std,s_block_artifact__min,s_block_artifact__max,s_block_artifact__p10,s_block_artifact__p25,s_block_artifact__p75,s_block_artifact__p90,s_block_artifact__iqr,s_block_artifact__skew,s_block_artifact__kurt,s_dbl_compress__mean,s_dbl_compress__std,s_dbl_compress__min,s_dbl_compress__max,s_dbl_compress__p10,s_dbl_compress__p25,s_dbl_compress__p75,s_dbl_compress__p90,s_dbl_compress__iqr,s_dbl_compress__skew,s_dbl_compress__kurt,s_blur_mag__mean,s_blur_mag__std,s_blur_mag__min,s_blur_mag__max,s_blur_mag__p10,s_blur_mag__p25,s_blur_mag__p75,s_blur_mag__p90,s_blur_mag__iqr,s_blur_mag__skew,s_blur_mag__kurt,s_flow_mag__mean,s_flow_mag__std,s_flow_mag__min,s_flow_mag__max,s_flow_mag__p10,s_flow_mag__p25,s_flow_mag__p75,s_flow_mag__p90,s_flow_mag__iqr,s_flow_mag__skew,s_flow_mag__kurt,s_flow_dir_consist__mean,s_flow_dir_consist__std,s_flow_dir_consist__min,s_flow_dir_consist__max,s_flow_dir_consist__p10,s_flow_dir_consist__p25,s_flow_dir_consist__p75,s_flow_dir_consist__p90,s_flow_dir_consist__iqr,s_flow_dir_consist__skew,s_flow_dir_consist__kurt
wdf_real_223,0,11.95826582282978,1.3143951139354986,0.5311714599810327,1.7550792736563343,2.246873414206059,0.2849694754215344,0.279314378856123,0.06695936822155174,1.9773611111111111,0.14800000000000002,365.88233903332815,2.998151776790619,0.35545078946342273,0.0,0.0,0.0,0.0,0.0,0.0,0.0,0.0,0.0,0.0,0.0,0.0,0.0,0.0,0.0,0.0,0.0,0.0,0.0,0.0,0.0,0.0,0.0,0.0,0.0,0.0,0.0,0.0,0.0,0.0,0.0,0.0,0.0,0.0,0.0,0.0,0.0,0.029059410069871127,1.0387583875656128,0.1229683486163845,11.95826582282978,3.59237200499261,6.818994045282326,26.113127882829772,8.386174428824592,10.239935111029803,13.1544244523136,14.213631305471248,2.9144893412837973,2.194785449300283,7.006889465861303,1.3143951139354986,0.14445723947509354,1.1409645141515559,1.7147769615899489,1.1529530714398681,1.206102952126371,1.3770187675094487,1.4671905410139399,0.17091581538307765,1.1377281695974624,0.9496576223167255,0.5311714599810327,0.010688669900316194,0.5071038938347965,0.5484229335974202,0.5166463811499646,0.52470859367133,0.5381112158823946,0.5430844957876642,0.013402622211064585,-0.5801219212202288,-0.26072939133322803,1.7550792736563343,0.4060566028300324,1.3062126642771803,2.9474664571145843,1.3319180142225542,1.461128026678266,1.9028635931558935,2.1636098499868788,0.44173556647762746,1.3844350441780813,1.620351907565479,2.246873414206059,1.7888866930450387,0.9362203309834488,10.394369587881512,1.0935620858241526,1.2750709431238978,2.6336609847756196,2.8686474834060975,1.3585900416517218,3.703241343515542,14.26525866366492,0.2849694754215344,0.0488407346448485,0.20543773761296197,0.4627999065005711,0.2291144375136658,0.26389439027958345,0.3083114660327234,0.31714895679345656,0.04441707575313997,1.5669541934294533,4.638153208931087,0.279314378856123,0.04050489634502407,0.1778136401915548,0.33677390843111155,0.22788815967030965,0.2620283375898415,0.30107993604177147,0.3261406604302777,0.03905159845192996,-0.9794123566862255,0.5584206561973231,0.06695936822155174,0.0028691098044995524,0.06000233517713554,0.07204018832380783,0.06409462493126579,0.06497737237145969,0.0688887132762347,0.07042948440143693,0.003911340904775018,-0.29945448388067836,-0.1647254495704349,1.9773611111111111,0.18518634211656748,1.3040674603174602,2.2584325396825395,1.8521494708994708,1.8855820105820107,2.091765873015873,2.2063657407407407,0.20618386243386233,-1.567101936488352,4.573418727715134,0.14800000000000002,0.064,0.1,0.3,0.1,0.1,0.2,0.2,0.1,0.9902343749999992,-0.12536621093750222,365.88233903332815,112.94269534072357,226.7390516598877,612.0684267394238,250.59439980110773,268.8208298044608,419.32171327884214,544.7071088849693,150.50088347438134,0.8427097530624745,-0.34564678986836483,2.998151776790619,1.9229642520191135,0.0,6.551829814910889,0.9628474116325378,1.510535478591919,4.260178089141846,5.832808303833008,2.7496426105499268,0.44637303499061814,-1.1430609880681757,0.35545078946342273,0.2102015083539413,0.0,0.9473872683501702,0.11560857698705734,0.25309119414394143,0.4225896112387896,0.6040137418773545,0.16949841709484814,0.7759979966640048,0.7834219879474675
wdf_real_55,0,12.752321871241676,2.101356709783154,0.5109350767857385,4.468160388467079,0.4209894253132165,0.40923011232286094,0.04019942360203959,0.05155635717866327,3.649470899470899,0.14583333333333334,335.1200439634676,1.1650523311525376,0.44076111634376636,0.0,0.0,0.0,0.0,0.0,0.0,0.0,0.0,0.0,0.0,0.0,0.0,0.0,0.0,0.0,0.0,0.0,0.0,0.0,0.0,0.0,0.0,0.0,0.0,0.0,0.0,0.0,0.0,0.0,0.0,0.0,0.0,0.0,0.0,0.0,0.0,0.0,0.03620181374565623,1.3607413669427235,0.041161800110130264,12.752321871241676,0.8638736851059352,11.612621495301768,14.254384968207782,11.799874388110227,12.007962976344535,13.673621148610902,13.805482176669488,1.665658172266367,0.2612029506546774,-1.5346717417901035,2.101356709783154,0.217814691390716,1.742047316799322,2.4926571449916013,1.7799650863819234,1.8996667780999394,2.2280944282658,2.3806267342039034,0.32842765016586073,-0.14699771324150437,-1.0363517630148664,0.5109350767857385,0.008318643319211142,0.4944116381006206,0.52840326567284,0.5013215401482752,0.5062335978652959,0.5144414843345786,0.5237659234004246,0.008207886469282721,0.28042524491540877,-0.34710694354531446,4.468160388467079,0.9118735052711952,3.036701030927835,6.222222222222222,3.1708256193684057,3.611131005681425,4.971096901184692,5.6801081821504305,1.3599658955032674,0.004551238981120679,-0.9620695656374769,0.4209894253132165,0.05339325532784975,0.33975302160880816,0.5491981899500412,0.36604090747129203,0.37973504496487087,0.4638027626406342,0.49646123325542557,0.08406771767576332,0.6348288668217589,-0.37829903395627973,0.40923011232286094,0.013277789949144476,0.3920081974759246,0.43435058023118217,0.39476983773286933,0.39730555870219214,0.42200225732195384,0.4247084428760205,0.024696698619761703,0.31993855689165845,-1.4520836856804231,0.04019942360203959,0.012291819074424564,0.016559632919831247,0.059522123343297255,0.023539726092265845,0.031101746302559546,0.05032317907539464,0.05693338748745207,0.01922143277283509,-0.06098124411339191,-1.049961370530097,0.05155635717866327,0.0021932320203266607,0.04703332897948243,0.0558427898619586,0.049019897850514284,0.04982579185106796,0.0531173311569787,0.054273032482946695,0.0032915393059107373,-0.11904690714959687,-0.717047414422936,3.649470899470899,0.26294614880462014,3.1259920634920633,3.9752810846560847,3.198098544973545,3.4822048611111107,3.8307084986772484,3.9429315476190476,0.34850363756613767,-0.7075019754818019,-0.7303572140763537,0.14583333333333334,0.05758447900452189,0.1,0.3,0.1,0.1,0.2,0.2,0.1,0.8175256535188717,-0.33173432745813036,335.1200439634676,36.94295468623384,256.9072352282111,420.62255902521235,294.6189393471948,316.33780535504957,359.776566467184,376.29556248233416,43.43876111213444,0.39331820758438857,0.062406161462289056,1.1650523311525376,0.6977219546028083,0.0,3.814152479171753,0.6742928862571717,0.8447651565074921,1.4668969511985779,1.5225505352020263,0.6221317946910858,1.8899300190147446,6.366786753347565,0.44076111634376636,0.2423772623472032,0.0,0.754671674141424,0.07493243029972851,0.25183455739359856,0.6409029425322765,0.7130233827737854,0.389068385138678,-0.46477804372942255,-1.1428798650562604
wdf_real_305,0,13.53130621082675,1.2019722968153632,0.5422053711949076,1.4866333166386412,1.3859726872003642,0.30257956871150055,0.22199831446538149,0.06973411427173254,1.8429177689594358,0.13,431.696706004841,2.291846286257108,0.4829449410822465,0.38932604812169747,0.28238391706954524,3.328655418572812,0.0,0.0,0.0,0.0,0.015169645772918412,-0.8155158367450825,0.8882867191879313,0.12083114169623434,0.6017615023162542,0.9769310755912952,2.706890594448546,0.0,0.0,0.0,0.0,0.0,0.0,0.0,7.161245104933464,13.30430837392897,0.04193581036125844,0.7880389424492312,4.060950969827586,3.022639715648586,1.1148444991410922,31.540336196605363,0.6984249277483794,0.0,133.33333333333334,0.574211877883349,-0.22656947957268603,21.123383447144274,9.487520959173365,0.45110879380078583,0.008363365939827793,0.9038586318492889,0.05227676631012812,13.53130621082675,3.6390294913076735,7.354198267237495,19.10346435930093,8.956365201593464,11.085503338370511,17.0771720773575,18.436465547715827,5.991668738986988,0.1079772725243447,-1.3154828763792101,1.2019722968153632,0.19611665518786836,0.8934753812706369,1.5835781487859162,0.92366985827331,1.0293666619332928,1.3693284857390449,1.4189679340042467,0.339961823805752,-0.10224599763813481,-1.2116927132940372,0.5422053711949076,0.018503876472622426,0.5154540976919098,0.5746486625442673,0.5224206885977439,0.5283718952725387,0.5578074380386339,0.5712255999158342,0.02943554276609517,0.4487849505860064,-1.2788177345709273,1.4866333166386412,0.46960510782159154,0.8002960909692255,2.5107306164680754,0.8539123361644014,1.062847790507365,1.8798528747984067,2.017653727135823,0.8170050842910417,0.09447994055309995,-1.0827086687073715,1.3859726872003642,0.6310470318775842,0.34716582925034317,2.582133643158518,0.69495946349375,0.8616885406298307,1.9146360203849457,2.2778146340194176,1.052947479755115,0.22000474382999052,-1.114029055972442,0.30257956871150055,0.04849956101846493,0.21641968340698492,0.3782909743840767,0.24182900782892466,0.27036838535291396,0.344073711422506,0.3701782379681078,0.07370532606959201,0.06472570713315612,-1.266429292869663,0.22199831446538149,0.05549279133138281,0.09621325227667406,0.35091158093455804,0.1463733487242309,0.20431385792003698,0.2524924934773216,0.27080691771694704,0.04817863555728463,0.055668137981555975,0.4418390348870398,0.06973411427173254,0.004578332092112189,0.0587171089976259,0.07514432801073545,0.06264836823124678,0.06859440263209862,0.07266383268972998,0.07375678411686523,0.004069430057631357,-1.2664413587675403,0.4109071192819518,1.8429177689594358,0.1281851811890876,1.5570436507936507,2.0240575396825395,1.7082423941798943,1.7391079695767195,1.9691840277777777,1.9931712962962964,0.23007605820105814,-0.3971677314587406,-0.7183424611991946,0.13,0.058594652770823145,0.1,0.3,0.1,0.1,0.1,0.2,0.0,1.8093701807636606,2.115750777641625,431.696706004841,47.20409458420497,324.707981234407,519.5828719230398,387.0662571886187,409.57743593882594,451.7518471692663,495.3904464884245,42.17441123044034,-0.23265506695890473,0.06152119306312054,2.291846286257108,2.0017689683124416,0.0,6.7211785316467285,0.5449646770954132,0.8867780864238739,2.7859909534454346,6.05307559967041,1.8992128670215607,1.0874521664853645,-0.28619721768401174,0.4829449410822465,0.2050390202550034,0.0,0.8710866267378461,0.26500562272846034,0.3123664688867346,0.6407858744348853,0.7388445955894838,0.32841940554815074,-0.1343973828080045,-0.5707716937344469
wdf_real_6,0,11.194512473856944,2.1495250300101634,0.48772001695880307,4.80485410045864,5.280632015258034,0.40896242302779606,0.09340940003710066,0.07030843814027403,1.8330055980725624,0.12142857142857146,96.06629625394396,2.1538766771554947,0.5135927400211638,0.0,0.0,0.0,0.0,0.0,0.0,0.0,0.0,0.0,0.0,0.0,0.0,0.0,0.0,0.0,0.0,0.0,0.0,0.0,0.0,0.0,0.0,0.0,0.0,0.0,0.0,0.0,0.0,0.0,0.0,0.0,0.0,0.0,0.0,0.0,0.0,0.0,0.030371580089083153,3.3329614443438396,0.14070430827911629,11.194512473856944,1.9485990064744283,9.123674436971864,14.458636275324888,9.298170100132122,9.462618860119061,13.028924593796587,14.286705659877443,3.5663057336775257,0.5373810888926994,-1.3264734120651236,2.1495250300101634,0.4274366628197316,1.7005618393774604,3.1002509042286115,1.7620535663915975,1.8414658495197715,2.2617981280251067,2.9702236535507693,0.42033227850533517,1.173354099460731,0.018958629603727406,0.48772001695880307,0.021350195851010674,0.43756384623238764,0.5151548677812747,0.4498274223980109,0.4835758346653835,0.5007022695089881,0.5080449084383648,0.0171264348436046,-1.1949499052466046,0.26432318608828487,4.80485410045864,2.059482876507927,2.891930577920916,9.619357610204217,3.1057432967150516,3.3911906712935074,5.117988010881934,8.829706863073888,1.7267973395884266,1.3369518834009957,0.31492793425040766,5.280632015258034,1.9592348257859071,3.082239915929672,11.180449743218416,3.7048231000143077,4.052502277885778,6.0586130198495916,7.954618850354442,2.0061107419638136,1.4823965815665603,1.4655298419757559,0.40896242302779606,0.03371241617626149,0.3693068257728998,0.45960195693515726,0.37268565336175,0.3774844363812338,0.45082147536787165,0.455846570017012,0.07333703898663785,0.3403218740885598,-1.558305858214778,0.09340940003710066,0.04500803348068122,0.040456777420975275,0.16184171673146655,0.04672960237967256,0.057882289340353166,0.13826727906153213,0.15664119643990038,0.08038498972117897,0.37343111297851833,-1.6309322950726557,0.07030843814027403,0.00516723907952578,0.0599392343116168,0.07794269142715315,0.06275859037320196,0.06559847309167915,0.07446829582740555,0.07581634377263219,0.008869822735726396,-0.47797288424140694,-1.1276837768729209,1.8330055980725624,0.47671906573491973,1.283068783068783,2.7647982804232805,1.3328538359788362,1.5177951388888888,2.074404761904762,2.6975777116402115,0.556609623015873,0.9138618943885978,-0.5334823283783141,0.12142857142857146,0.04896896143143604,0.1,0.3,0.1,0.1,0.1,0.2,0.0,2.2531485920738588,4.292440018107734,96.06629625394396,22.49354360874883,50.3020307386752,134.62017058223358,60.734957039182945,77.14768108662915,109.84562279599785,117.32356532681456,32.697941709368706,-0.6381977102218642,-0.8059256297690429,2.1538766771554947,1.8990237667262881,0.0,6.46450138092041,0.4810480922460556,0.6977417171001434,3.715350568294525,4.973445463180543,3.0176088511943817,0.8770122817712142,-0.6792573763098928,0.5135927400211638,0.21523782126364166,0.0,0.9572169205134139,0.26998644274880257,0.3873902863014152,0.6796014551421932,0.7737751127138884,0.29221116884077797,-0.06504403365739789,-0.2578494928449002
wdf_real_58,0,7.008435020925538,2.072497096182989,0.4932677758415198,4.580837138658212,0.2850016105161912,0.29460961872075514,0.04299060514432307,0.0635979872826664,2.711003997009432,0.11304347826086959,255.99648033058048,2.5096836173523256,0.47826221314322476,0.338741963557078,0.3867120324115649,3.3948919789588334,0.0,0.0,0.0,0.0,0.017222112582182637,19.70132390638691,0.7098366264447272,0.18825845587000134,0.15408535336969684,0.0,0.0,0.0,0.0,0.0,0.0,0.0,0.0,0.0,5.285272615754589,6.137184574186778,0.07121701901540811,0.8842327618919948,5.148837002840909,1.131973130057123,0.7070521342591,12.646066633079842,0.18330265820030503,0.0,0.0,-0.18006453089004418,-0.2503064052874055,10.200894799842322,48.945564615529484,0.1724980976757246,0.04414976260164752,4.2815632820129395,0.2983219807943702,7.008435020925538,3.023429317693764,2.9325234379278995,10.950505128480458,3.728611107447602,4.584983682095098,10.575073606519116,10.77526666875381,5.9900899244240176,0.2358577531822035,-1.758946736147083,2.072497096182989,0.5327647289258258,1.2907528635778756,3.419118204406156,1.5114580690605153,1.688869880065052,2.1524657116046977,2.898775303479543,0.4635958315396458,0.8539679040355658,0.1594177924809257,0.4932677758415198,0.03677983375523351,0.4124841141848289,0.5567769789467525,0.4406591447229218,0.48359628618355244,0.5152148574795538,0.5336651019803699,0.03161857129600132,-0.6159750014597177,-0.2930682625953671,4.580837138658212,2.4747728955170785,1.6663804945054945,11.696379781420765,2.2897037546611054,2.8545417298191897,4.639558627301854,8.407373005169745,1.7850168974826643,1.3326556263376006,1.1036336639203146,0.2850016105161912,0.1673537974931649,0.07217054265526679,0.666215685595818,0.1425090114225036,0.16400425472450725,0.3627348369377972,0.5722197684326357,0.19873058221328993,1.0075305798190113,0.0948184193671393,0.29460961872075514,0.061471064552831245,0.19281279655303374,0.37161216566708416,0.21955300116595564,0.24782444445825888,0.3651654121673048,0.3677350247985174,0.11734096770904592,0.06223765043632453,-1.6057161733253398,0.04299060514432307,0.02987015083194071,0.000857574998411989,0.08927723031411063,0.0053256884543339406,0.01095291812784275,0.0688342636807735,0.07995874871285484,0.05788134555293075,-0.03966280373115482,-1.481352153338987,0.0635979872826664,0.0037551467945207426,0.05440605454701607,0.07159517076423817,0.05992832269664718,0.060922887460803765,0.06684868135475877,0.06724735101976079,0.005925793893955006,-0.059103722895581995,0.09966280177477849,2.711003997009432,0.6793475164711805,1.7810019841269842,4.741732804232804,1.9208002645502644,2.2722800925925926,3.0899884259259256,3.232109788359788,0.817708333333333,1.0390356271102048,1.3418003071138926,0.11304347826086959,0.03367811605397754,0.1,0.2,0.1,0.1,0.1,0.18000000000000008,0.0,2.1946905628508677,2.8166666666666593,255.99648033058048,89.56950847131901,127.62036358587007,527.9985197124221,168.27035840558588,201.1365867057129,274.1416169273483,291.5947840396045,73.00503022163542,1.5105628496932384,2.6513536033225265,2.5096836173523256,1.729803632213591,0.0,6.213992595672607,0.5498284339904785,1.031737744808197,3.7825697660446167,4.762893104553223,2.7508320212364197,0.3690799876677509,-0.8200469535868558,0.47826221314322476,0.22742961511039927,0.0,0.79654158267972,0.1921710659622665,0.2822925373131637,0.7245336255329975,0.73524400768864,0.44224108821983377,-0.285738248677244,-1.0823241324880148
wdf_real_9,0,9.64516500391098,2.345244879565444,0.48399163604268336,5.740695936646466,3.197013462237764,0.3195015092806227,0.1571718191178132,0.06452866404754605,2.2595493117209218,0.13220338983050844,252.70535453914445,2.500330065771685,0.385608704018563,0.2467295312074235,0.24255553230558277,4.2994248484995445,0.0,0.0,0.0,0.0,-7.249148691015114e-05,-0.023545469476067338,0.8420850982510631,0.13586971855748284,0.3293158249854729,0.0,0.0,0.0,0.0,0.0,0.0,0.0,0.0,0.0,15.634269559486949,23.97255537975191,0.0738268633148513,0.8263172808920805,4.532075026939655,8.142727690415432,0.6366540628537696,10.997086491015526,0.23643913321380008,0.0,0.0,0.1368533574274964,-0.14100138255936123,12.035886783013023,20.114303425267103,0.39115572081859107,0.03071091947233075,4.057353235907474,0.2780374746913332,9.64516500391098,1.7005890341428134,7.843147103677983,14.76214499318732,8.25842584393417,8.541560623645223,9.839728839823891,12.464369624012072,1.2981682161786683,1.6985251782881694,2.11074717194976,2.345244879565444,0.4728389239240131,1.4058936841161056,3.25204842115307,1.7624352972763102,1.9610223177100803,2.730916328517425,3.0533925410738627,0.7698940108073447,0.1459802230920626,-1.0252808805797327,0.48399163604268336,0.017957977355421373,0.44073365306072365,0.5301835039935753,0.4593322525770907,0.47280146656053756,0.4922183917145029,0.5041959111509113,0.019416925153965314,0.14564954094421928,0.30948483624166423,5.740695936646466,2.2704620171369414,1.9862594906940805,10.633774714311627,3.111028307349584,3.8629232217716467,7.5015493987968025,9.362195881932966,3.638626177025156,0.41855685642561663,-0.9726965907642562,3.197013462237764,1.5049373728711233,1.2167069926424832,7.048601306395854,1.7810339886102868,2.130568956446152,4.178269631514874,5.568401030575494,2.0477006750687226,1.009591711424656,0.09130716512500481,0.3195015092806227,0.0770269371337121,0.23017446177388196,0.49067297160462475,0.2437877328819605,0.24810599348703738,0.38364540016027004,0.42126272444099533,0.13553940667323267,0.4189522817192177,-1.2359734015532733,0.1571718191178132,0.07834580429489343,0.027517686931056898,0.2989223555599922,0.04540524734005028,0.0832113534752465,0.22618560608760213,0.2447027785805785,0.14297425261235563,-0.25248305602002846,-1.215537039923287,0.06452866404754605,0.0052660792669263976,0.054672013589477084,0.07569699421619075,0.05822352168843829,0.06027206605788833,0.06788622049651281,0.07337388849932253,0.007614154438624482,0.45414454023599143,-0.7574698611007644,2.2595493117209218,0.5640618886699642,1.2921626984126986,3.114748677248677,1.3885416666666666,1.7432622354497354,2.6783647486772484,2.9406911375661378,0.935102513227513,-0.3887040010077174,-1.19155250479396,0.13220338983050844,0.056570573790775035,0.1,0.3,0.1,0.1,0.2,0.2,0.1,1.5717462071404011,1.4669233422186734,252.70535453914445,150.3562666584316,80.51498519964548,533.0518616868261,100.85161853947336,109.16427912474228,382.4018308204439,469.34013371692765,273.2375516957016,0.36919956207641685,-1.4233438104678515,2.500330065771685,1.6658787722689494,0.0,9.053140640258789,0.8143773555755616,1.2734996676445007,3.0627894401550293,4.94941987991333,1.7892897725105286,1.3482894513365795,2.5021220004957243,0.385608704018563,0.21448582785175582,0.0,0.8999582560764209,0.15480939467805363,0.21549960392344608,0.5422119610291447,0.6929147609021725,0.3267123571056986,0.3798362695827442,-0.61358631417963
wdf_real_20,0,10.576476067690198,1.2470513427090495,0.5540934779260333,1.7452523148715695,2.431986016626076,0.32053372877961334,0.21057411112351834,0.06727171766656358,1.7599871319300668,0.15,498.7448958760961,1.6052891889954313,0.5113554098774926,0.5746975742917348,0.31474789404078496,0.0,0.0,0.0,0.0,0.0,0.008452013663774108,0.28579808463902334,0.9481032004332326,0.09681196681289006,0.39356254597032436,0.0,0.0,0.0,0.0,0.0,0.0,0.0,0.0,0.0,17.7659161221383,11.317855833550325,0.2223825942936746,0.9352310304420608,3.503884548611111,11.037537072448755,0.6202411125056866,42.71400790222883,0.23730554667744613,0.0,0.0,-0.4186651540441903,-0.17325035908161956,19.55530958078501,20.51100670568176,0.326586502503073,0.0077764330667106025,0.8763547014930974,0.07492173166093685,10.576476067690198,7.585385524232667,2.9083054980834597,20.96175263658102,3.050485749177504,3.414221173520112,18.34444005541307,19.506596885451362,14.930218881892959,0.13165616197808563,-1.9221181319562937,1.2470513427090495,0.4215503940131952,0.6765175944970802,1.8367472655632069,0.7533552902375258,0.8152416044187215,1.6669263299288066,1.708250756172851,0.8516847255100851,-0.05997302812401511,-1.8452076128615396,0.5540934779260333,0.04698173763030206,0.4879734450384544,0.624863648841582,0.5047661440235026,0.5094193733493622,0.601401955248758,0.6174138604142962,0.09198258189939579,0.212534191502076,-1.658373718760234,1.7452523148715695,1.0540583139611042,0.45779053951941967,3.3985551238465272,0.5684260394737296,0.6654517691164716,2.800218577502345,2.9422912327668644,2.1347668083858737,0.017205383727226752,-1.8272090374066008,2.431986016626076,1.6293420432225505,0.8188117651848376,6.70672183100221,1.0770845998996785,1.1810189809676541,3.8386499517156647,5.0681193253079915,2.6576309707480106,0.9906254159069428,-0.2988679163470853,0.32053372877961334,0.19232806286561438,0.1281315006571529,0.5845697221290777,0.13086221794975622,0.1389431625390092,0.5249951853000011,0.547778189348611,0.38605202276099193,0.13623197184035496,-1.9169830709506257,0.21057411112351834,0.027261650679156542,0.17249446095193413,0.28372499448726834,0.17644973704502853,0.18405956501745438,0.22511184893592792,0.23744821900452928,0.04105228391847354,0.5252163380072997,-0.10063935037223581,0.06727171766656358,0.0057759501966865665,0.05783766730430511,0.07764348790179228,0.06095124281577223,0.06229058337976371,0.07251068177892991,0.07436731992879106,0.010220098399166204,0.15822822769645783,-1.573837564844829,1.7599871319300668,0.5312478312591524,1.0515046296296298,2.511904761904762,1.150586970899471,1.2251157407407407,2.2725281084656084,2.3334160052910056,1.0474123677248677,-0.06334682653981742,-1.8931659008173762,0.15,0.06836602258050603,0.1,0.3,0.1,0.1,0.2,0.25,0.1,1.020498768643573,-0.22606814494321226,498.7448958760961,445.187661411839,16.08190292573163,993.7097035302282,21.24108406577447,37.82249000037401,924.4804473093436,954.0592835609933,886.6579573089696,-0.08131088028306131,-1.9826226869639214,1.6052891889954313,1.652221885183774,9.952243544830708e-07,6.615529537200928,0.3044601380825043,0.39008378982543945,2.1820618510246277,3.5071773529052734,1.7919780611991882,1.5646377860507088,1.8457987249688017,0.5113554098774926,0.25610534657825496,0.062369658128968435,0.9727406857223264,0.21411799112848323,0.30770819357304546,0.7308657352784816,0.8491894040471685,0.4231575417054362,0.11685235088630139,-1.1374083080324284
wdf_real_49,0,13.611609758429637,2.358646492685554,0.47753668642186853,5.718823840371533,1.2805179771462936,0.4236737356146591,0.1363110520799977,0.06495983927649644,2.3507092072940288,0.13928571428571432,257.1713094259408,3.2272807019097463,0.5665376770324309,0.17611230540026884,0.23421745778791994,3.445032534108322,0.0,0.0,0.0,0.0,0.000616536529162887,0.2587603601853352,0.8147582957589626,0.09050802815088724,0.5722583284305711,0.0,0.0,0.0,0.0,0.0,0.0,0.0,0.0,0.0,4.0074704304049265,5.180817727738716,0.08112358669028852,0.8161386572996375,14.185366030092593,1.36618267936709,0.7261259747297273,32.59297517039667,0.40680674063402317,0.0,0.0,-0.29409800367655964,-0.21948446819328135,23.748365491353464,47.31254921945599,0.19100246436611729,0.05474869400168,4.980120411940983,0.1307805226142682,13.611609758429637,2.401661759375922,5.925022339737371,16.102849844236765,10.774749799347088,12.839472862158399,15.236454856688443,15.479866600504835,2.3969819945300443,-1.8081071013694248,2.8372342344976724,2.358646492685554,0.39048700723360713,1.492158798583657,2.8840819159536166,1.8336328840227227,2.091506327039898,2.7007673345055596,2.782648377287915,0.6092610074656615,-0.46498030510742483,-0.8008095665143746,0.47753668642186853,0.02686204180046117,0.4463920881781084,0.5349147412580317,0.44812120850359854,0.4575569348492481,0.49544423489376344,0.5257883887111338,0.03788730004451535,0.7377214762303989,-0.5457484148131644,5.718823840371533,1.7787588555312634,2.2315614114796305,8.327752477899812,3.3737613369869988,4.376104654826757,7.297443466724273,7.74970791570746,2.921338811897516,-0.22261024409730062,-1.127671301460843,1.2805179771462936,0.340001101890968,0.6713811741042591,1.9078553440616726,0.7923034402106378,1.033747953270705,1.5322547986254167,1.664025744446115,0.4985068453547117,-0.08524145834404788,-0.9402607164872592,0.4236737356146591,0.04999385691066526,0.2547200378553131,0.4709231405310724,0.36654053714804014,0.4157538408167143,0.4538224909494339,0.4578521932824462,0.038068650132719595,-2.0944613966304404,3.8850877557570875,0.1363110520799977,0.015429618312963793,0.1099784893131971,0.1663491819762213,0.11917984122903756,0.12256868245858532,0.14736326138944084,0.15581953742403787,0.024794578930855515,0.25101452735511565,-0.9162538950118813,0.06495983927649644,0.002090181703422619,0.06124349313658611,0.0704426322949667,0.06282390499518001,0.06337957571552891,0.0657878120681712,0.06783096694493226,0.0024082363526422984,0.8663968675921211,0.5705459678727922,2.3507092072940288,0.2007954850712438,1.8792162698412698,2.6203703703703702,2.0783895502645504,2.2449983465608465,2.5118840939153437,2.5381861772486776,0.2668857473544972,-0.9231316476260062,0.02540716916561836,0.13928571428571432,0.07240405333111889,0.1,0.3,0.1,0.1,0.125,0.3,0.024999999999999994,1.5057142147265339,0.5858951817713587,257.1713094259408,65.32265257415523,196.2916471361001,478.4929397474643,207.5966525810293,226.63936544950587,263.10622214012255,286.47409786912226,36.46685669061668,2.529355598555676,5.832705616117371,3.2272807019097463,1.8441364383455,0.0,7.846563339233398,1.161870288848877,1.8119070827960968,4.223542928695679,5.779558801651001,2.411635845899582,0.5754895889785244,-0.31398660393203004,0.5665376770324309,0.20447881908231103,0.0,0.8455966481806594,0.26644902026250084,0.43204611578581326,0.7127152305154094,0.788395719818427,0.28066911472959616,-0.8347318314629847,0.16578427680753904
wdf_real_47,0,13.24195908915354,1.2910941264833964,0.5803767835727078,2.315851400909189,1.0449751227651072,0.40235850541112106,0.12517789002040766,0.0690875489068312,1.938646384479718,0.15166666666666667,142.44621014350315,2.1545780626555824,0.5573271373123192,0.30947648729253896,0.265103251881151,4.31859699228432,4.2976139548344845,3.8738482426293115,0.747490379883667,25.57657163993327,0.004561383230695507,0.9614836454286462,0.9343070635504943,0.10844499990724826,0.20382744336721695,0.8983322113264036,3.7525842438523007,0.0,0.0,0.0,0.0,0.0,0.0,0.0,7.854514301610449,13.84547944394963,0.0672054961563762,0.9297327904062396,3.566654528601695,1.4153306523393472,1.1122430030186223,10.838756602299831,0.35462625478982157,30.0,100.0,0.8144929428129588,-0.1646488793786704,36.46978957698447,14.415369205764046,0.49651297373428,0.02632599826410583,1.0682371283570926,0.06449018753516012,13.24195908915354,3.793034606468653,8.48886669509663,18.79790294956016,9.359018123280597,9.648352916355881,16.51566308006762,18.336046043437587,6.867310163711737,0.12870910184758777,-1.7881719473686657,1.2910941264833964,0.8054395322938195,0.5421950560547758,2.800781396730497,0.5632768270256809,0.5786970911369232,2.097358764143148,2.5703974543605166,1.5186616730062248,0.5668411190476302,-1.3097987620437523,0.5803767835727078,0.056548344869468144,0.49540985379066116,0.6436180429217924,0.5019073495866084,0.5163655607384301,0.6325825523397157,0.6396704862315062,0.11621699160128562,-0.34431621227353254,-1.6317647383927052,2.315851400909189,2.4791152497181814,0.2940187244296077,7.844507199386396,0.3173199301801353,0.33494865677285135,4.399682068667411,6.6070506147460115,4.06473341189456,0.8755127315845188,-0.7476383602286805,1.0449751227651072,0.9361971833873638,0.030997395708789708,2.63656901956064,0.07430843755078272,0.15653314672496388,1.933635557055163,2.1646905140554606,1.7771024103301993,0.15215456824412008,-1.7481085381059924,0.40235850541112106,0.06422252578576175,0.3192882902716922,0.4835438795629395,0.33558831567244707,0.3403000622194462,0.46663648769306976,0.4764586123775277,0.12633642547362356,0.03183125978693493,-1.9185026234398066,0.12517789002040766,0.05707200411880048,0.04059955865709401,0.22549367217505692,0.05572371640315175,0.0695414892926367,0.1822945316728568,0.1918246157242297,0.1127530423802201,0.08433642633843912,-1.6004807896234192,0.0690875489068312,0.0038343507058840186,0.06061389035824747,0.08018513221670404,0.06402107636140612,0.06730306388736963,0.0709950115502456,0.07323432225038534,0.0036919476628759634,0.25882644832343277,0.6734714740949475,1.938646384479718,0.7718263959054803,1.1479828042328042,3.298115079365079,1.1753637566137567,1.203042328042328,2.7240616732804233,2.873569775132275,1.5210193452380953,0.20627096935840714,-1.7353649240157545,0.15166666666666667,0.08060534859562497,0.1,0.5,0.1,0.1,0.2,0.3,0.1,1.8553671428207752,4.098701845630744,142.44621014350315,30.241234220858754,68.41458788161327,230.28332431097672,101.33936000947085,111.97375060593843,161.5176936002716,172.0511855187158,49.543942994333165,-0.10781549675040929,0.12869485054178043,2.1545780626555824,2.445345804412792,0.0,11.104732513427734,0.5120152711868287,0.7081125527620316,2.166212737560272,5.859018898010254,1.4581001847982407,2.0586804648645556,3.775227076414474,0.5573271373123192,0.2949408880539349,0.0,0.9904757951173794,0.19817702960464303,0.2988156598810566,0.8382451424899136,0.9582161826095671,0.539429482608857,-0.014994708293542477,-1.3555258661722114
wdf_real_29,0,13.990132337852973,0.6607052409652745,0.6287971925311172,0.4384869884734809,2.0182255473004744,0.4225990317216174,0.2401021018863778,0.07331707073582884,1.200188720124065,0.15517241379310343,82.10948158484496,1.9473056546572982,0.6813872041941668,0.23409047003703667,0.2041637185360655,0.0,0.0,0.0,0.0,0.0,0.009188940026270626,-2.768497935639815,0.9566144184468606,0.02782293912556539,0.8880431248884202,-0.12299736185678148,2.3329145631096075,0.0,0.0,0.0,0.0,0.0,0.0,0.0,1.3500393882625517,4.32600213042815,0.052063512940659154,0.9592677105347313,2.7494419642857144,1.753623690778092,0.5834453055992346,59.230386755860316,1.6756354924286276e-11,0.0,0.0,-0.3974831990873555,-0.1749442138965801,29.533129694547576,18.65429451221893,0.2361119335800467,0.0037827869327660153,0.3585142683366249,0.16136124865870527,13.990132337852973,1.1738312453109323,10.322018658960015,16.420147960451626,12.794887486281345,13.444806345197126,14.812129808009765,15.204461029284342,1.3673234628126387,-0.7057077182308403,1.5190240423083665,0.6607052409652745,0.03643504796832995,0.6004811981977105,0.7644619950713397,0.6241467830625904,0.6324747958469307,0.6689013322747044,0.7048300569949135,0.036426536427773715,0.8573723576991898,0.5285068230775245,0.6287971925311172,0.010878968931719938,0.5948374262787436,0.6451939344288331,0.6168190942979229,0.6221594079860926,0.6382743376654922,0.6408221817865359,0.016114929679399648,-0.8849339613923032,1.1869386532955204,0.4384869884734809,0.04938546600644498,0.3611870247148289,0.5848664314516129,0.38972136721568934,0.4003889560067183,0.4483883470060074,0.49774313553586064,0.04799939099928907,0.9981344318835007,0.8602172919737745,2.0182255473004744,0.4794655872633005,1.3114403231311924,3.1628824924531997,1.5011363561696034,1.6285963635110385,2.313398675928062,2.6471703500758212,0.6848023124170233,0.666169870263218,-0.3750858736745877,0.4225990317216174,0.019008780678143197,0.3881523927796991,0.46942204833069484,0.4004796036784011,0.41036138783200315,0.4354316373962847,0.4463228814255222,0.025070249564281555,0.3390262970563122,-0.27820137755115004,0.2401021018863778,0.013171388863521299,0.18227578858192636,0.25635239396190584,0.23089303450245063,0.23676269343339892,0.2449740447362026,0.2521388203870823,0.008211351302803677,-2.8187310254621485,10.116122309013157,0.07331707073582884,0.0015050988301555563,0.07025893398617025,0.07593256457467915,0.07176517880473021,0.07206882997293804,0.07418811670043314,0.07575994327399355,0.002119286727495104,0.24945338178759083,-0.8589443793954694,1.200188720124065,0.04973224395518227,1.0092592592592593,1.2750496031746033,1.1530919312169312,1.1885747354497354,1.2292493386243386,1.2438161375661376,0.04067460317460325,-1.794335563516029,5.198436386108105,0.15517241379310343,0.0673959320196278,0.1,0.3,0.1,0.1,0.2,0.21999999999999995,0.1,0.8253281338260648,-0.4787834763301442,82.10948158484496,15.564578832682336,49.08927852007712,120.5805129273634,59.209066860652264,74.00480419727913,88.84871397283322,97.84606077505518,14.843909775554096,0.11128389237721749,0.15924291185468586,1.9473056546572982,0.853368054586793,0.6748059988021851,3.975888252258301,0.8852072358131409,1.3089573383331299,2.5822551250457764,3.076246118545532,1.2732977867126465,0.6152918675573759,-0.5116243625738734,0.6813872041941668,0.23364706779196628,0.08219436099578054,0.9868742638170744,0.41294942495437775,0.5913781700691573,0.8663488202742002,0.9154365640954468,0.27497065020504297,-1.0256812372101247,0.6546671176060963
wdf_real_301,0,7.509224241321459,1.5164118413865362,0.5281121362132528,2.3744860765614884,2.500207154784287,0.28756975568880466,0.1659393640131182,0.07443962249801231,1.6734714240102173,0.16206896551724131,268.90183772536534,2.0530971773869795,0.40357342073985075,0.47162635245565576,0.315793531717924,3.3373710278128215,0.0,0.0,0.0,0.0,-0.005586734806014817,-0.7355680220325418,0.8998197824078168,0.10428691358756739,0.5920540404281065,0.0,0.0,0.0,0.0,0.0,0.0,0.0,0.0,0.0,3.5130995281149033,5.5734787935979995,0.028467569043117723,0.9210034648617045,3.4513462611607144,0.8866858057439102,1.0156726379571148,8.312332508364138,0.20244894327899637,0.0,366.66666666666663,0.5725865455393828,-0.20049981548899448,31.653137859976717,15.813300639706961,0.2875366813384831,0.02815025371007418,2.780184301836737,0.30698402691809357,7.509224241321459,1.0967462081362658,5.471550358727654,10.241997165870432,6.347946361564655,6.682989906471994,8.274964446178625,9.040182499535149,1.591974539706631,0.47228029130202825,-0.3408641153582215,1.5164118413865362,0.2716916959507679,0.9502365093080597,2.4311999761471648,1.2398758634609086,1.38926476983699,1.5632184765280157,1.829896413841549,0.17395370669102572,0.9083063347377048,3.095441429523783,0.5281121362132528,0.022262610475624268,0.4904841787431393,0.5873659516269686,0.5073744877400704,0.5163923619208642,0.5307194671004485,0.5636855009373786,0.014327105179584243,1.242271435969208,1.2597311624763723,2.3744860765614884,0.9036624394114061,0.9045400202323657,5.910733646548609,1.5405044249299529,1.9306125064069708,2.4444555477832184,3.3500647593402175,0.5138430413762476,1.9526652452732935,5.979150260431695,2.500207154784287,1.4005975840913232,0.6441347112358207,4.99862461708408,1.0865605145298622,1.2466246615629386,3.6805157413409986,4.499671528250024,2.4338910797780597,0.37552931622138797,-1.4243196995787737,0.28756975568880466,0.017411790911478847,0.25130351090994735,0.33187477280169436,0.267192331582915,0.27535929051955294,0.2990612642932352,0.30746416910950564,0.023701973773682272,0.18723658761003475,0.0014372296899409776,0.1659393640131182,0.0201008003965342,0.1147369187306011,0.19973457353562202,0.14987826033386195,0.1544934542307096,0.1788170954197334,0.19321022869997087,0.024323641189023804,-0.5009404688823307,0.3628728053564445,0.07443962249801231,0.004391466386871833,0.06598911588906169,0.08488502595388671,0.07024388960628482,0.0720650015232614,0.07614613599747212,0.08070374779605381,0.004081134474210726,0.5975783575500512,0.10171394797227284,1.6734714240102173,0.21245310415490395,1.2043650793650795,2.173941798941799,1.4038029100529101,1.5165343915343916,1.816385582010582,1.8901785714285715,0.29985119047619047,-0.25735595411146145,-0.014506020813649823,0.16206896551724131,0.0715049701838887,0.1,0.3,0.1,0.1,0.2,0.3,0.1,0.7031773244205805,-0.7693347755543511,268.90183772536534,65.00673753584225,183.6545136139103,412.7527588656728,205.48467642923458,224.0220072377361,316.22667330981125,374.29133664783234,92.20466607207516,0.856066769316988,-0.48489745948659024,2.0530971773869795,2.08035639719875,0.0,8.41025161743164,0.4693381309509278,0.6476238369941711,1.940272569656372,4.744036674499511,1.292648732662201,1.7112140538226837,2.194744754377055,0.40357342073985075,0.23504318303675867,0.0,0.940546942811803,0.11775644117031327,0.21155546986703325,0.5039714702895949,0.6918801884617253,0.29241600042256166,0.3976249907140178,-0.30818314475571684
wdf_real_53,0,10.433361505367905,1.2520061122859723,0.5628410735427348,1.9137005180567255,0.40179828464216855,0.29562016296432775,0.15501608272965167,0.0594231326361893,2.3341958774250444,0.1383333333333333,393.189295609697,2.064084818016939,0.4402762565066062,0.44111262503941434,0.27354020795390976,4.2202924211926005,2.971983760046592,1.0775184188973472,0.30721189478131494,2.3711083466081138,0.009549712148770187,2.4020614638820756,0.8019698978700242,0.23052900508433746,0.1734976417094824,0.8941869887176305,2.3949490464290464,0.0,0.0,0.0,0.0,0.0,0.0,0.0,16.46218009749936,10.1472177400426,0.09334935392995046,0.9126323092501555,7.015757415254237,3.718752395710553,0.8474316356664506,8.002755031761977,0.2080018015404739,30.0,100.0,0.6304857980455701,-0.1660720165661193,12.531599763515374,23.456444468456244,0.3462309254817693,0.04121567591088232,2.1619524558385215,0.09295129687409454,10.433361505367905,2.988935351702976,6.677768823462007,29.366849401784723,7.8642822192273405,9.387684497297137,11.233835433201108,12.41770200544651,1.846150935903971,4.15736873433722,24.16049564038347,1.2520061122859723,0.5828320483362445,0.6491888866324491,2.3924214948347022,0.6819969457033951,0.7173544733699075,1.8551889355108906,2.0127551953736713,1.137834462140983,0.39978196269022764,-1.4513786369646844,0.5628410735427348,0.043944198729591544,0.4984350996389836,0.6220792067128793,0.5066184924930305,0.5197691401427516,0.6043341854801663,0.6121468046586586,0.08456504533741471,-0.09593769715892464,-1.72156597309707,1.9137005180567255,1.6156053588978083,0.4215787659427784,5.757088417298885,0.4652273577681319,0.5146692934934646,3.4567533298273547,4.065496504300526,2.94208403633389,0.6743130431994306,-0.9174936401481237,0.40179828464216855,0.20991180610483687,0.05113700340063697,1.1127340412642974,0.1421550159862018,0.25096668729086985,0.49260719627280225,0.6194338226038241,0.2416405089819324,0.8057108286042374,1.006809958194527,0.29562016296432775,0.03971588446550252,0.21956983043610656,0.4736231021418114,0.23727818076354645,0.275927797896549,0.3191196437704749,0.3226232775767823,0.04319184587392594,0.8475231266005719,5.014024433063389,0.15501608272965167,0.0735898775324114,0.01806137525142859,0.2995197924970452,0.05188963661992,0.08701109729377772,0.22344925552468797,0.24977407133977167,0.13643815823091027,-0.04484590508094904,-0.9070167303745227,0.0594231326361893,0.0032959326840166555,0.053423139702182855,0.06711609330383085,0.054983812314657474,0.05713668483140298,0.061603064260570814,0.06440079302916504,0.004466379429167833,0.3239662806724404,-0.4743849195951242,2.3341958774250444,0.741561817860639,1.3177910052910053,3.8840939153439153,1.5365244708994708,1.6068121693121693,2.980200066137566,3.210805224867725,1.3733878968253967,0.21762343236486656,-1.5020305551819573,0.1383333333333333,0.07323857514239945,0.1,0.4,0.1,0.1,0.125,0.3,0.024999999999999994,1.8077358128439807,2.213237587498905,393.189295609697,158.4031579496031,176.86221835633717,737.7704173339326,253.48279700525038,267.68312811733676,563.3727129766803,621.7571716330062,295.68958485934354,0.7314932042190398,-0.9259914289984925,2.064084818016939,2.296611204171617,0.0,9.34038257598877,0.4393758028745651,0.5858439952135086,2.7384817600250244,6.317942667007447,2.152637764811516,1.677694333787768,1.8125065138338075,0.4402762565066062,0.1878317896497814,0.0,0.8558358953854144,0.23821744220950677,0.31953604743275266,0.5567307416713502,0.7342362271510829,0.23719469423859751,0.2609545504576481,-0.38866162757040756
wdf_real_378,0,10.383269703084151,1.3961544606373848,0.5246274156811492,1.991854636247776,1.609939442991899,0.2653491870497067,0.2100814033031722,0.06737921011696013,1.9288525132275134,0.14333333333333337,579.0920016516219,4.189507114887237,0.32393357512790577,0.2090218036031441,0.21488206661368947,3.376254547902123,0.0,0.0,0.0,0.0,0.0009824131013833341,0.13496637841502232,0.7820826728384532,0.1589112060721138,0.34577081108862423,0.9654487431011769,3.1898980940139694,0.0,0.0,0.0,0.0,0.0,0.0,0.0,7.457520276104337,8.907239047992919,0.030241088868685838,0.8133081100594297,4.170022898706897,2.810715160009824,0.5972455824508429,9.021267800104727,0.41758268960549655,0.0,0.0,0.64185356682637,-0.15362152842752774,18.57716991968235,14.372653712978291,0.1796123155799953,0.015235412685014355,1.205328563352426,0.48514299041339826,10.383269703084151,2.8059167417143778,6.591936571337796,15.134078623411405,7.325593923879612,8.163713639140084,13.322228506294149,14.530640958397514,5.158514867154064,0.4674693147713537,-1.2885890144552463,1.3961544606373848,0.1886011933574474,1.131842683660015,1.8726933681007356,1.1824884931026296,1.2468075550294218,1.4760085993107448,1.6790249318912704,0.22920104428132304,0.7672649356968578,-0.05838389537920641,0.5246274156811492,0.014223279465644589,0.49489976488929077,0.5495214213738319,0.5048673608092796,0.5167584582920843,0.535986539415174,0.5431898982841625,0.019228081123089713,-0.28875901199682974,-0.6551723252683219,1.991854636247776,0.5560151548934821,1.284138418987586,3.51013143483023,1.4043236197047702,1.5635031910210353,2.1903681166094717,2.83213596214697,0.6268649255884364,1.026568542339626,0.4724597412731799,1.609939442991899,0.7502189194680781,0.5652448433314363,3.7745630420497527,0.8914497264754766,1.1245499518544222,1.7884886592326201,2.7857075941510128,0.6639387073781979,1.225102051698023,1.0036669573741461,0.2653491870497067,0.04322842671244473,0.20850499697130434,0.3410563914949225,0.21936402710342506,0.23100669797743625,0.3075139981679873,0.3295013351171806,0.07650730019055105,0.46291001609473464,-1.2769828813642952,0.2100814033031722,0.056364454804941934,0.10184988026169346,0.293593595666501,0.13441882761143542,0.17203403367145803,0.2569877287288587,0.29073679980565625,0.08495369505740069,-0.16680633846138374,-0.9635881681302152,0.06737921011696013,0.0025274727174190185,0.06303189537836247,0.07398966155301,0.06391596297482384,0.06548261534059077,0.06891577601849949,0.06977010729181259,0.00343316067790872,0.3888200344994709,0.014424294485946731,1.9288525132275134,0.1334247411089287,1.681878306878307,2.197751322751323,1.7453786375661375,1.8089657738095237,2.029121197089947,2.1010003306878304,0.22015542328042326,-0.10527230521505024,-0.8400112055323667,0.14333333333333337,0.055876848714134036,0.1,0.3,0.1,0.1,0.2,0.2,0.1,0.8372929344684494,-0.33517812591026397,579.0920016516219,66.41907474494967,451.4042866231243,712.8522156494718,483.723120484276,541.1065257505275,626.5622761512041,660.5646760849983,85.4557504006766,-0.17429932794219472,-0.6590988168540339,4.189507114887237,2.3091316779806985,0.0,8.563392639160156,1.5374406456947327,2.4375147819519043,5.733977437019348,7.797376680374146,3.296462655067444,0.3462129811300235,-0.8210779731397069,0.32393357512790577,0.16290269565036924,0.0,0.7059382352312232,0.12452438541553991,0.23532109362994819,0.4198406096019267,0.5190452769235937,0.18451951597197852,0.3263133956584165,-0.01427597245087009
wdf_real_60,0,8.43047387499742,1.4691519643315927,0.5185346156454439,2.1868910711928775,0.680491232769755,0.3854961676981201,0.03978549623121473,0.06762006551731331,1.7784171075837742,0.12666666666666673,132.12798068038555,1.3730546752611796,0.34905982741538827,0.6004172469926005,0.2716407140306767,0.0,0.0,0.0,0.0,0.0,0.017247172567200937,1.8774590252309105,0.8878169344762988,0.1472974743619248,0.4751239339440875,0.0,0.0,0.0,0.0,0.0,0.0,0.0,0.0,0.0,3.558290848196776,1.7022826312004768,0.042827895822821115,0.9673095791772448,3.2783900669642856,1.0910017578668314,0.7955133181445344,19.44842295119261,0.14291983258352486,0.0,0.0,-0.41635088291378725,-0.19324816232880998,17.618141252192846,14.675195951195597,0.43825435778542615,0.02402865080566439,1.0977149605751038,0.16899569135179315,8.43047387499742,1.6139252577103573,3.6232249728405517,9.942185641669353,6.465334650610121,8.490396150321555,9.36064540867258,9.524160468310438,0.8702492583510253,-1.926869251895745,2.8251982382829617,1.4691519643315927,0.1674966367254492,0.9477770847256503,1.6533176525228872,1.346700032193215,1.4261165454919524,1.5764462487150213,1.6265302222764741,0.15032970322306882,-1.8249548211987718,3.52785060085834,0.5185346156454439,0.017094340026511095,0.504111518668614,0.5741159460484682,0.5070107665900473,0.511906487505529,0.515016740711886,0.5345096318169409,0.003110253206356939,2.3518043741106,4.746993297903407,2.1868910711928775,0.44300519451472864,0.8985748938750758,2.7338272258235214,1.814254653836154,2.0348897492895914,2.4862106989601425,2.6464138376900643,0.45132094967055103,-1.404155640410104,2.1842418951366946,0.680491232769755,0.23701570916447437,0.40042991727133925,1.427669123703847,0.510947211818379,0.5672367449623752,0.6692478501243846,0.9092749118140653,0.1020111051620094,2.035468683001329,3.8983232650686963,0.3854961676981201,0.04758219033274165,0.23615970852567958,0.426871661463953,0.33451990742442056,0.39180015217331776,0.4149483097445962,0.41568380143253963,0.023148157571278416,-2.1460195989170767,3.834551680207894,0.03978549623121473,0.016431223654125963,0.00038930987096256483,0.06292001789482696,0.028016816979976693,0.028998518217649354,0.05461221887169476,0.05973623856834235,0.025613700654045408,-0.4898737558657986,-0.07896144500028157,0.06762006551731331,0.003574616731253553,0.0643608984737567,0.07886364654981737,0.06521586673672448,0.06628954751060734,0.0667772673078016,0.0712028407599938,0.0004877197971942665,2.23830414707472,4.051211098166284,1.7784171075837742,0.28056733353956725,1.0906084656084656,2.0735780423280423,1.369047619047619,1.67567791005291,1.9695767195767195,2.0371858465608463,0.29389880952380953,-1.194468086815469,0.3351131923286572,0.12666666666666673,0.04422166387140533,0.1,0.2,0.1,0.1,0.15000000000000002,0.2,0.05000000000000002,1.0552897060221693,-0.8863636363636416,132.12798068038555,20.702460564189494,110.28715434576326,187.3310557647878,115.94903944441292,118.64746206641651,133.6653424807343,162.07047928991398,15.017880414317787,1.46550797316597,1.1430637714581922,1.3730546752611796,0.979672062185361,0.3268143832683563,3.7453441619873047,0.4008121728897095,0.7000610828399658,1.3829387426376343,2.893763780593872,0.6828776597976685,1.1730130704086636,0.29540781054838483,0.34905982741538827,0.1592045196788158,0.06566375243266442,0.6499515776588491,0.1752319225163444,0.2137063601803837,0.45745313844491864,0.5425940133801538,0.24374677826453495,0.10282002560156833,-0.8458240093309981
wdf_real_256,0,6.532935475990878,0.9822512471534433,0.5616261022223688,0.9756715829530167,1.0389454716259685,0.25441351766844017,0.09022617449710393,0.06768345766048485,1.6139900404606287,0.12352941176470589,426.0949817813323,2.4537788664593414,0.39347223998039965,0.24768257427503465,0.2678746440964628,3.2517256639871897,0.0,0.0,0.0,0.0,-0.005185013741055573,8.305290602273727,0.5434792154199295,0.36135880337840476,-0.09476762332326526,0.0,0.0,0.0,0.0,0.0,0.0,0.0,0.0,0.0,4.1815068006742315,5.756407159632029,0.12024270142936395,0.6251155622530267,8.21124267578125,4.283707855796332,0.944386756333807,7.353783667269326,0.09099066962960693,0.0,0.0,-0.5466454135748383,-0.2570405468348276,21.32433146905096,39.0742501794228,-0.019575036994960097,0.013425147071641863,1.830827400964849,0.5672309186925414,6.532935475990878,2.463130980693302,3.5678042958922043,10.658230710085244,3.802108535508285,4.184299672573783,9.03816972285384,9.620171376440517,4.853870050280058,0.30238241861570025,-1.5425690264273149,0.9822512471534433,0.09676958370751003,0.8507687645315593,1.1712452947596752,0.8613068808252795,0.896879952086865,1.0471428103110694,1.1045386429639081,0.15026285822420438,0.31641197027707935,-0.978740055372068,0.5616261022223688,0.017201085027675995,0.5341522313379798,0.6008032043479961,0.5400497768615499,0.5516927962082443,0.5714074659265447,0.5804149120086994,0.01971466971830038,0.36481407938696764,-0.31321617511705746,0.9756715829530167,0.1941837284118774,0.7238074957410562,1.374728420181398,0.7419064588415558,0.804504577493316,1.0986642165524065,1.2236946307060033,0.2941596390590905,0.44505457788068886,-0.835349824528977,1.0389454716259685,0.5424488003569523,0.44339902485657523,2.2733952314780552,0.4923077824056218,0.6259135759685214,1.3491184783153605,1.914782408338427,0.7232049023468391,0.9510327201375264,-0.2505488387713579,0.25441351766844017,0.03571841867455442,0.1992608295587472,0.31149323251132754,0.21219641034415296,0.21859896161157363,0.2858907896624632,0.3011327767122825,0.06729182805088954,0.07811732669623421,-1.4100540814672722,0.09022617449710393,0.05301104570162295,0.009736393043879217,0.1681171539039072,0.014480118379758135,0.045935519766440135,0.13131508122996544,0.16152408225568998,0.0853795614635253,-0.14747219793429803,-1.2251338265440048,0.06768345766048485,0.0027219999901893113,0.062117553694303156,0.07109587432616514,0.06371272856928317,0.06637102538310571,0.07027098908246109,0.07049191909862955,0.0038999636993553716,-0.6237701941098379,-0.6749366397762371,1.6139900404606287,0.1895703592155202,1.3707837301587302,1.9924768518518519,1.3963458994708995,1.410218253968254,1.7542162698412698,1.8390376984126984,0.3439980158730158,0.31959310070211555,-1.0752635195397957,0.12352941176470589,0.054550697032327664,0.1,0.3,0.1,0.1,0.1,0.2,0.0,2.2494418038019597,3.925094645754461,426.0949817813323,104.06724966584164,265.9282187493784,668.8103402912816,311.96703376257426,361.8209186647739,475.94073317718124,574.3766236979718,114.11981451240734,0.7142723333958615,0.021849364883705924,2.4537788664593414,1.9225544258034792,0.0,6.930769443511963,0.5225502014160156,0.8306217193603516,4.048544406890869,4.958107376098633,3.2179226875305176,0.7759807964804315,-0.34566789131977993,0.39347223998039965,0.2847079269878769,0.0,0.9259910121086528,0.030288791766037066,0.22034563870403973,0.5182827388151696,0.8750566890277693,0.2979371001111299,0.5117238962652463,-0.6328115543220765
wdf_real_129,0,10.934970416273744,1.8663176191344102,0.5107220349537029,3.558400524211028,0.3367759794410304,0.2656991632102605,0.12318602005583952,0.06385527132540528,3.1059193121693127,0.13333333333333336,883.8201513017855,3.200358957052231,0.40848673135844377,0.4328232918099718,0.35565362595465033,3.299243917643359,0.0,0.0,0.0,0.0,-0.0005295568238607682,0.4797097623860248,0.7890477474997721,0.24349785585793113,0.04542853956111551,0.9306912089047409,2.7329145628190856,0.0,0.0,0.0,0.0,0.0,0.0,0.0,4.833325733536338,4.941407337022965,0.02826127289439062,0.7601309327782338,13.480300377155173,2.9444278148601004,0.6248806047987634,8.542962534967305,0.20675796168442465,0.0,0.0,-0.18716232402764024,-0.11987143294126432,12.312117013864114,38.19940399344081,0.1900300033203517,0.011086108573193467,6.285318684577942,0.1520088708543197,10.934970416273744,1.4511935508436555,8.832875803754119,15.812779097634934,9.561739323781241,9.891539104315989,11.688885687138884,12.602961768530731,1.797346582822895,1.254495450639951,2.0985683980780436,1.8663176191344102,0.2644311424234594,1.4285255884597203,2.697596875655131,1.5946264504825647,1.7404036422372382,1.8894432833471981,2.1864857244266704,0.14903964110995993,1.4577419517932486,2.4002388134675403,0.5107220349537029,0.01427310728617673,0.4948518895203522,0.555802590403103,0.4973584193855929,0.5004297699873824,0.5161049667147357,0.5317167928289812,0.01567519672735329,1.3878008537024544,1.561155663647642,3.558400524211028,1.094615880622493,2.04392858317167,7.279191064311371,2.54789469999785,3.0333709110843716,3.5749096126634017,4.787997720291509,0.5415387015790301,1.8802754284502665,3.6256874858011816,0.3367759794410304,0.13523265329013684,0.13799842392717734,0.6613114578013023,0.24351439061613403,0.262571322238517,0.3678066266711467,0.6128724545065466,0.10523530443262974,1.2430226437948715,0.7485773912928932,0.2656991632102605,0.013932325445329088,0.24153481323457807,0.31944008156697956,0.2533431412486452,0.2577858250789721,0.2711755981870644,0.2781921018566809,0.013389773108092307,1.583926779697939,5.239256067685352,0.12318602005583952,0.030288624103096146,0.07308670943989587,0.18509640866481428,0.0826989962206761,0.10606889923087871,0.13733468270660398,0.17411550433758793,0.03126578347572527,0.3427243186526064,-0.49267780355620117,0.06385527132540528,0.0031737332348044473,0.05792598494002084,0.07155214852478703,0.06026343895335027,0.06110543152083414,0.06599152093512677,0.06778934027677558,0.004886089414292624,0.161462302085244,-0.45710827765913686,3.1059193121693127,0.31188570522599723,2.4387400793650795,3.5614252645502646,2.600165343915344,2.9605034722222223,3.370701058201058,3.454183201058201,0.4101975859788358,-0.506312607878214,-0.6826928055040913,0.13333333333333336,0.06992058987801011,0.1,0.4,0.1,0.1,0.1,0.2,0.0,2.3619868688129437,5.305785123966938,883.8201513017855,194.12947893392152,678.5903481781174,1357.041341214921,702.9679276566083,725.3273584088594,1076.5389888500606,1170.685847455904,351.21163044120124,0.8990381797679002,-0.5779998288752055,3.200358957052231,2.8978768328543,0.0,9.531598091125488,0.6014050841331482,0.7827585190534592,5.510130047798157,8.297516918182373,4.727371528744698,0.8334975048981336,-0.6728821341456626,0.40848673135844377,0.22993936796131081,0.0,0.9326245358621008,0.13238747631914355,0.24030556382971202,0.5483786652148002,0.7245970002533156,0.30807310138508814,0.39317393591514166,-0.5590222818924659
wdf_real_99,0,17.537235414106732,1.6200411609373893,0.5350074286619019,2.838997895277242,0.5137916601866568,0.5156082548050398,0.13081805413831396,0.06956827626629505,2.449221202134338,0.1440677966101695,121.54949815052962,2.573983898102227,0.5763481416370314,0.24612079648841861,0.26752924925597943,4.283801955007796,0.0,0.0,0.0,0.0,1.142367863859766e-05,-0.008465858724740628,0.9026542295542308,0.09844028991129443,0.483189750242989,0.0,0.0,0.0,0.0,0.0,0.0,0.0,0.0,0.0,6.493186586125652,10.286658632921014,0.08386202302245879,0.9265032428428316,4.129764951508621,1.5465227459170416,0.8262784615595096,10.543002002196415,0.06995673712187621,60.0,333.3333333333333,0.759044853102641,-0.15341666828360562,15.333251511911879,29.100849978020424,0.4088169984368583,0.03840144826123179,1.8444429757231373,0.09180762128139375,17.537235414106732,2.596827545313454,13.596998477177424,21.669749945345682,14.474937859096519,15.385480028443055,20.325095580462367,20.846806351868338,4.939615552019312,0.1406987654744551,-1.496442243095856,1.6200411609373893,0.4598447135458913,0.7075450673813506,2.7069683373234392,1.1413742917043492,1.2912850971957182,1.886827107776795,2.2597858580184393,0.5955420105810769,0.5444265059570342,-0.14929146360890533,0.5350074286619019,0.03880694069724368,0.49463134195104963,0.6669244185965806,0.5002621062889753,0.5045450049140586,0.5486327087652423,0.5733001303861727,0.04408770385118366,1.6396658842876075,2.5515280815898995,2.838997895277242,1.6287774917280244,0.5006832298136646,7.337236449840164,1.3030435239668692,1.667887939220441,3.5635433134954653,5.110980776301129,1.8956553742750242,1.1315811395854118,0.72561572843059,0.5137916601866568,0.5322330815487112,0.01724030069214062,2.360707728235922,0.08003854332351926,0.12676035701826194,0.8251278202186245,1.0004888845244828,0.6983674632003626,1.5651621810323049,2.3528798318055975,0.5156082548050398,0.0373761866812801,0.45267392165995246,0.5962550030207405,0.47115096738598444,0.4850722344487839,0.5376888283546284,0.5688280354493583,0.0526165939058445,0.2789595830348042,-0.8958894883185731,0.13081805413831396,0.03938420530983462,0.035258839981197214,0.19700463575921326,0.0634490234588709,0.1173783758407189,0.159260079755218,0.1724877197918933,0.041881703914499094,-0.8044256193394609,-0.31161837907463674,0.06956827626629505,0.005251801721095811,0.058179936672028226,0.0782216139852669,0.060669006622076194,0.06695249936817074,0.07272761630972571,0.07547448044465316,0.00577511694155497,-0.7597926720227681,-0.41873072341853446,2.449221202134338,0.5289700097707427,1.7285052910052912,3.4847056878306875,1.776273148148148,1.9837136243386242,2.812375992063492,3.2365410052910053,0.8286623677248679,0.36922526852572385,-1.0195340621521598,0.1440677966101695,0.06181214416545921,0.1,0.3,0.1,0.1,0.2,0.2,0.1,1.087209537084393,0.11226524959013995,121.54949815052962,45.93499103581774,35.722934315854836,209.90674138383093,51.33785150185804,82.10685836745719,147.84170379086615,174.6102181621249,65.73484542340896,-0.3283041578515471,-0.7857399340082525,2.573983898102227,1.9803358392751795,0.0,7.550030708312988,0.6448001742362977,0.849361389875412,3.867871403694153,5.176011371612552,3.018510013818741,0.8224163131603192,-0.28665406681313055,0.5763481416370314,0.2770473911785721,0.0,0.9890400505012955,0.2054630712417146,0.3875558233601394,0.852598916099076,0.9447302653229901,0.4650430927389366,-0.06248335490249087,-1.189981720807159
wdf_real_258,0,9.369913938218813,1.221189762320304,0.5442962720490404,1.5821123212239236,1.7345627611083447,0.3059661744157742,0.10150541500312656,0.06579247491072242,1.7418485449735448,0.12599999999999997,267.24133524367977,2.0780264101224746,0.42147788852394824,0.43655471312743177,0.28887957142906107,0.0,0.0,0.0,0.0,0.0,0.01649211909292698,6.914210561000787,0.8124857776968654,0.20960464790351482,0.24780437393227955,0.0,0.0,0.0,0.0,0.0,0.0,0.0,0.0,0.0,7.338451656386349,10.318236382445885,0.10910374599193826,0.7506335767851046,9.942641900510203,6.189865275138214,1.174788430145432,6.364484759629497,0.05657414541818469,60.0,150.0,-0.182708042627742,-0.17284851970650256,15.239544895134006,23.768609644729853,0.3189519347181065,0.03126318825023299,1.3640294647216797,0.225207519544799,9.369913938218813,2.8607040011175138,4.494542337969096,13.12556825541107,5.958997281249038,6.678697901883789,11.91505076574072,12.83509451624706,5.236352863856931,-0.1139237314299489,-1.6124263468439672,1.221189762320304,0.2974975387069656,0.6073783033430832,2.496677927904134,0.9092185866481831,1.1269000228303454,1.3187822545960686,1.5123025349780534,0.19188223176572317,1.2111813479168634,5.3909306281212,0.5442962720490404,0.027152015646441048,0.4790654936998543,0.6268559655526416,0.5151623918450212,0.5290439468680082,0.55156411597707,0.5759710661885602,0.02252016910906185,0.7956834766856312,1.4331134484245576,1.5821123212239236,0.8624716203161417,0.3692758067888757,6.244750894292084,0.830550285336052,1.2725154930140068,1.7431992958857658,2.2890894633293795,0.47068380287175904,3.1421629066896943,14.784043799994588,1.7345627611083447,1.0983750219508508,0.04195467538490892,3.663681747663409,0.06102706041424815,0.8784081745364132,2.6836938964955337,3.2901432706058333,1.8052857219591205,0.20022921835505483,-1.055372845516584,0.3059661744157742,0.024469340413944666,0.23386135278924838,0.35085448799525915,0.27565058423678634,0.29577721194054485,0.3244966953759275,0.3306265106100102,0.028719483435382664,-0.8544238536477837,0.9321383583244711,0.10150541500312656,0.05824920644812545,0.0019287851401698101,0.2327035555273367,0.0070036937296570475,0.0562980001446717,0.13321088852662807,0.14713906966442986,0.07691288838195637,-0.15768301198118637,-0.3551495107527387,0.06579247491072242,0.008671289756575187,0.046652050169918975,0.08554397564234707,0.05786650685122016,0.060587597518214006,0.07138283546659807,0.08007876435096921,0.010795237948384065,0.6386240086460717,-0.24422966956116188,1.7418485449735448,0.44111919851271014,0.9575066137566137,3.3969907407407405,1.178926917989418,1.5649181547619047,1.8918857473544972,2.1760995370370373,0.32696759259259256,1.1117085189991607,2.8029041476487455,0.12599999999999997,0.05589275444992848,0.1,0.3,0.1,0.1,0.1,0.2,0.0,2.0546024094594526,3.1030410140976254,267.24133524367977,82.48574991973778,120.39356272073283,418.4208374349636,150.96366422810732,196.50924211072822,337.6654250939285,361.91102988771877,141.15618298320027,-0.18141478524648952,-1.1814040108954629,2.0780264101224746,1.7204111727142242,4.972913666279055e-05,5.787580490112305,0.4137134045362473,0.5720954537391663,3.2105026245117188,4.679381704330445,2.6384071707725525,0.7351375001730894,-0.7959296520963379,0.42147788852394824,0.2006876035615598,0.0589638395745501,0.8375495482811774,0.205931611976196,0.2818133262209007,0.555151495433714,0.7045820310778238,0.2733381692128133,0.4386284174919941,-0.7042444107943013
wdf_real_155,0,7.004003115987085,1.740748992975537,0.5059486593437901,3.1301507506802753,0.580899508880669,0.31591974862548683,0.03784137729953691,0.06538966107607759,2.657914462081129,0.2066666666666667,192.74684832469768,2.1299509466489934,0.5000029857374558,0.4400708250017105,0.2937771522348407,3.2776115329119415,0.0,0.0,0.0,0.0,-0.002274576524742598,-0.31570093391861836,0.7867982747263425,0.18264841198213688,0.18125873157233707,0.9736363804068695,3.0062389273473773,0.0,0.0,0.0,0.0,0.0,0.0,0.0,4.510159883432186,1.7613531466219516,0.055147493794075415,0.8890174709015257,3.7502357219827585,1.3836607800632723,0.7861765414937572,11.814761973154853,0.19947952116599485,0.0,133.33333333333334,-0.3749338667541119,-0.19421286024381498,15.849293182505106,21.39552841048263,0.505378873281827,0.02799039564707001,2.224600972731908,0.16926964621839036,7.004003115987085,1.7799884639076091,3.6866993707051234,8.67784565557198,4.118569881772581,5.840271755936215,8.456084169411334,8.606327554704293,2.615812413475118,-0.7882390695185115,-0.9898906459361632,1.740748992975537,0.3116321161505617,1.1673145563396288,2.2646103979030148,1.3647165916526194,1.4442596764817115,2.0009316621076794,2.06535486933244,0.5566719856259679,-0.1119899591490513,-1.3161935769416238,0.5059486593437901,0.01752955261580394,0.480459361807981,0.5409800704375057,0.4856352194443182,0.492681115889108,0.5175289367819499,0.5359045036092224,0.024847820892841876,0.53820200805953,-0.8302666168833821,3.1301507506802753,1.0786703076185025,1.3652309138909986,5.1351741389263035,1.862530017389866,2.0879804723984963,4.007920233391217,4.272179518187055,1.9199397609927207,0.07195785535352618,-1.2812456075692242,0.580899508880669,0.2754045810438929,0.3142834690611084,1.2667915510975294,0.3244971398274994,0.356384928027138,0.7318276326111246,0.856488828075366,0.3754427045839866,1.1063217393305134,0.3923115407305091,0.31591974862548683,0.03683397834223627,0.2409358614761515,0.3485012636216056,0.25685684593216696,0.29108245761455875,0.3455234203093122,0.3464221515299868,0.05444096269475346,-0.9297083775705995,-0.8005878056398235,0.03784137729953691,0.02843001236401363,0.008964619714831297,0.09760526476203368,0.012539375282089552,0.016028788359738734,0.05569004880011711,0.08817436716925445,0.039661260440378376,0.960584059989819,-0.5120635835766425,0.06538966107607759,0.00235463685452689,0.06230430970248188,0.07215091934577841,0.06274834178796519,0.06355249451791763,0.06694666942573035,0.0679075283187307,0.0033941749078127276,0.9235921374504885,0.4848028062965155,2.657914462081129,0.39467055973552573,1.7911706349206349,3.3055555555555554,2.081679894179894,2.3655753968253967,3.0113467261904763,3.1102761243386245,0.6457713293650795,-0.309564820917081,-0.9478076910637698,0.2066666666666667,0.0813770374382247,0.1,0.4,0.1,0.2,0.2,0.3100000000000001,0.0,0.9907757857552407,0.8915814602945789,192.74684832469768,29.328688548420853,127.45867773114071,243.85272063110816,148.33834500606767,173.7852207575536,209.37421078996954,230.80388825737236,35.58899003241595,-0.4848218614643007,-0.5474615566952061,2.1299509466489934,1.576084346664113,0.0,5.722620487213135,0.4983763098716737,0.9658738076686859,3.001369059085846,4.33935661315918,2.03549525141716,0.7433626396955332,-0.3513101438953292,0.5000029857374558,0.20780960767533432,0.0,0.8342696177682115,0.2677065021196754,0.3290548992445732,0.6910315344006872,0.7628333731391906,0.361976635156114,-0.26485653606070325,-0.6068816062152638
wdf_real_108,0,14.712562878870136,3.4291910055114116,0.4413973176654199,11.852872347715891,1.3552866658446765,0.4095049679119998,0.1869995203737815,0.06417691922784866,2.644863315696649,0.13999999999999999,262.7291375403526,0.5298245797554652,0.34212381431058275,0.847765462540382,0.1311274646921367,2.929853503250212,0.0,0.0,0.0,0.0,-0.005590528705547214,-4.219280768561111,0.9834816319056888,0.021213928284027895,0.8850939128895011,0.990091733071662,2.2062389277843963,0.0,0.0,0.0,0.0,0.0,0.0,0.0,2.131482484067622,5.000168629803342,0.04231946207272328,0.9719539235040215,1.1293440193965518,0.2684918763386338,0.884632828707726,29.89847192224194,0.3007500849053669,0.0,0.0,0.8630179842865933,-0.0910860771894061,22.771282901894928,13.384642502930966,0.6710800649774824,0.009318319842928134,4.015695293744405,0.029700127877324456,14.712562878870136,1.002104220093474,13.301198000885769,16.05491332835126,13.386974084339228,13.520318278758994,15.611462957078974,15.83649685887153,2.0911446783199796,-0.19975032426344175,-1.6280846111509526,3.4291910055114116,0.29902556620733306,2.5742683276548792,3.8000628075858,3.2391357365935782,3.371599932546961,3.573835773604239,3.6772884960253927,0.202235841057278,-1.906837286345766,2.9745716101347783,0.4413973176654199,0.013773690608504427,0.4191215865276917,0.4832334567309583,0.4263342129023782,0.43156772590101666,0.44992761683429516,0.45281318694133876,0.0183598909332785,0.9405869085216374,1.133716646876378,11.852872347715891,1.8854239166448163,6.626958803091541,14.449630419873504,10.529262109784948,11.367811339129165,12.780676330744017,13.526712763490218,1.4128649916148515,-1.705578653035898,2.471629356602387,1.3552866658446765,1.0747932183637745,0.5358959704179506,3.5881951977686084,0.612004181774647,0.6356197098592543,2.173755696365779,3.2914611152964586,1.538135986506525,1.121426955654217,-0.5604109244252822,0.4095049679119998,0.014039277126255358,0.3888568985479737,0.42773183453729907,0.38984922287134477,0.3922643922038372,0.4215845639831438,0.4249344871686338,0.029320171779306625,-0.3008505345965131,-1.535596325905165,0.1869995203737815,0.021742241347245,0.15753725037258354,0.21831357645089142,0.15960743960913368,0.16465083285066648,0.21123901378214446,0.21415387361108706,0.046588180931477985,0.06797515542033465,-1.585776818071412,0.06417691922784866,0.004390631691796012,0.0565088592512779,0.07299276457669819,0.05965418219822211,0.06073529125096081,0.06785810521953828,0.07021208997904493,0.007122813968577467,0.2728282238906053,-0.9246976225797536,2.644863315696649,0.3751050353786386,2.096395502645503,3.1961805555555554,2.164814814814815,2.232514880952381,3.002790178571429,3.0724785052910053,0.7702752976190479,-0.10405189556158867,-1.6046272132916577,0.13999999999999999,0.06110100926607787,0.1,0.3,0.1,0.1,0.2,0.2,0.1,1.2625463649368136,0.5051020408163258,262.7291375403526,42.874917897179586,189.18910024470142,340.28539072260173,206.8841626180167,216.69265272634055,299.16786875685665,309.09327506734553,82.4752160305161,-0.14213063217664323,-1.3085962037644918,0.5298245797554652,0.35763824774394676,0.0,2.18005633354187,0.2784735143184662,0.3207370936870575,0.6364897936582565,0.6989128768444062,0.31575269997119904,3.1261691218991827,12.371689895062918,0.34212381431058275,0.20215775703774713,0.0,0.8242480047405601,0.10302734105007373,0.19199072467045378,0.5023591759993902,0.6086008120773925,0.3103684513289364,0.4212235950558219,-0.5676764837856241
wdf_real_78,0,11.23928007194431,2.1898802931757304,0.48536248025732914,4.825798236386806,4.255940131270912,0.42196854849646714,0.08345946944881807,0.06917432180052546,1.9355764991181656,0.11000000000000003,119.20800724495165,2.840064384602495,0.6738114668338944,0.3429035077035047,0.31664872429147806,3.1837217209340634,0.0,0.0,0.0,0.0,0.006874174999111598,1.475562644065758,0.8706398553860725,0.09206853459826406,0.6899740266563046,0.973935212323424,3.3232314272012538,0.0,0.0,0.0,0.0,0.0,0.0,0.0,4.678424524256649,10.91328486251001,0.05101103548590776,0.9677190658336101,3.094019396551724,1.1116371065037154,1.1352101446029172,135.333814351324,0.18323905561446854,0.0,0.0,0.4858223483923644,-0.16004782883482638,11.77078762180755,17.524653628636447,0.4448182344463866,0.008327514962540404,2.3207767844200133,0.05360622101975365,11.23928007194431,1.8944840478692395,9.62391194059133,14.888350533064482,9.724365557411543,9.897268308917212,12.052744865921351,14.573962542226663,2.155476557004139,1.056046275537352,-0.6220378244284062,2.1898802931757304,0.16858643369701706,1.805480871535903,2.630590787618605,2.0614845489815106,2.1179910952146948,2.270514593009431,2.3177298163858917,0.15252349779473606,0.2678587554112333,1.4972024234391714,0.48536248025732914,0.01080348996097235,0.46330968684289575,0.515696338953013,0.47360972223000397,0.47892054539280293,0.4877398141301794,0.4983472097796655,0.008819268737376484,0.9972529108499549,1.7086340013573453,4.825798236386806,0.7489313405163301,3.260014497778058,6.925820136934515,4.251094595033621,4.488244366968169,5.156535098367993,5.377569141776671,0.6682907313998241,0.6598886632252893,1.8230755957065812,4.255940131270912,0.9182868863980351,3.184442295619206,8.055386350258042,3.3740433975924895,3.814723074938946,4.521001565821635,4.884303957673507,0.7062784908826889,2.402241720383975,7.400776483948473,0.42196854849646714,0.02721370346022102,0.3933950912004347,0.48059653731258145,0.3981989628917058,0.4006979148656348,0.4304621454731905,0.46754437098521623,0.02976423060755573,0.9658042859293964,-0.5579354854640672,0.08345946944881807,0.03165898174823431,0.0517462552365794,0.14315481812829497,0.05570026971913965,0.058446187730307575,0.11507951869968508,0.13807887842788852,0.056633330969377504,0.8781715618353011,-0.8569156812764231,0.06917432180052546,0.003017009139636203,0.06308491999877089,0.07362320038388173,0.06501278441846585,0.0671504502569481,0.07166944756658669,0.07273453119880519,0.004518997309638589,-0.4047206008732096,-0.8880228051411967,1.9355764991181656,0.1400746379912398,1.7679398148148149,2.3156415343915344,1.7965195105820106,1.8422412367724865,1.9963831018518519,2.147156084656085,0.15414186507936534,1.2311606627304175,0.8115412584780768,0.11000000000000003,0.03,0.1,0.2,0.1,0.1,0.1,0.11000000000000015,0.0,2.666666666666664,5.1111111111111,119.20800724495165,31.212403080530365,57.18546479982943,147.20081029558548,68.5544912186982,89.67132457328341,141.70385775630317,144.3483484117595,52.03253318301975,-0.9741998983620643,-0.8283933752812431,2.840064384602495,1.9944060566392028,0.0,7.656688690185547,0.805398687720299,1.3200415968894958,4.128428816795349,5.937493991851807,2.8083872199058533,0.6207608243294562,-0.5227127906268234,0.6738114668338944,0.26869247517729306,0.0,0.9872443823267902,0.29840843324047284,0.5080898778822149,0.8949221696653467,0.9490942525408461,0.3868322917831317,-0.7269677754884777,-0.47986802261611006
wdf_real_292,0,6.608668046735055,2.2817417021933584,0.4901149354411362,5.4026932670375265,0.508657348352469,0.3072222073831835,0.12361387204803581,0.06137680724757671,3.232038751714678,0.14074074074074078,287.81090340620096,5.608034195723357,0.6674927147035055,0.032794356102308214,0.17460377828325957,0.0,0.0,0.0,0.0,0.0,0.006754092727385123,1.0999344911156541,0.6120770526262815,0.20913803137303622,0.21562700101859847,0.0,0.0,0.0,0.0,0.0,0.0,0.0,0.0,0.0,11.90405426718545,7.983438326374493,0.13019150614835887,0.6615620031514072,24.40467247596154,1.294918248709781,0.4020259232822109,11.50896218083787,0.21492758593618044,0.0,0.0,0.4228320730860648,-0.2059769060069055,11.510673911015328,62.68332673766669,0.2554716749356633,0.04965218112627748,9.221981295832881,0.4019623695851746,6.608668046735055,4.669436787655686,3.694786207971224,21.966022082097645,4.060970333944214,4.2903269994836,6.117804666377468,11.898773368555243,1.8274776668938681,2.313386384022458,4.046726920731903,2.2817417021933584,0.44061166692696385,1.6260080946215236,3.4724461807292113,1.875037191111155,1.9614735278746354,2.4588395909734544,2.9023631000742616,0.49736606309881903,1.0588497143210593,0.521161773368648,0.4901149354411362,0.010590302190553715,0.46890332072449026,0.5153648825955163,0.4780427704795692,0.4831185347025083,0.49744583211604604,0.5022451154329788,0.01432729741353772,0.15994405056204217,-0.27073202272638053,5.4026932670375265,2.2284548845802568,2.645697704698486,12.058070333633905,3.5177929558581438,3.850814542723965,6.048818209719921,8.432530532311176,2.198003666995956,1.4266839673880243,1.4936754060064148,0.508657348352469,0.1681888980439021,0.2743778156061158,0.984266654444995,0.3595899670010672,0.41681202057400635,0.5117185058979874,0.7464903076727734,0.09490648532398105,1.5029360324349166,1.6824971654021184,0.3072222073831835,0.07856919764855769,0.24046094558321385,0.542657822725577,0.25589168544747654,0.2625190787369103,0.31146703592718106,0.4127958712648984,0.04894795719027073,1.9815969782980563,2.7562117815983926,0.12361387204803581,0.04474250271450597,0.054315260814203896,0.2193035089913123,0.06631513401882781,0.09592056060335635,0.1469393618933647,0.19579034434056264,0.05101880129000835,0.5016452067718298,-0.443567320118198,0.06137680724757671,0.0020294379750330615,0.05688105953587742,0.06468370460947419,0.058668843927609654,0.06001531390918837,0.06334639564783268,0.06366167986696543,0.003331081738644305,-0.29757297840376373,-0.9263614236246589,3.232038751714678,0.3137708093279463,2.718088624338624,3.9671792328042326,2.787847222222222,3.0111607142857144,3.4493220899470898,3.650925925925926,0.43816137566137536,0.24177561713139065,-0.4705926685619306,0.14074074074074078,0.0624159242457508,0.1,0.3,0.1,0.1,0.2,0.2,0.1,1.2670147843816049,0.4714838325728996,287.81090340620096,183.72946498602653,136.1822453267528,766.24637716621,141.076944776786,149.63312914945578,390.1397946203424,539.2190708779551,240.50666547088662,1.3145230377439907,0.6847134805569164,5.608034195723357,2.0044887048438307,1.2410426139831543,9.98073673248291,3.013024997711182,4.963500022888184,7.077674865722656,7.908859062194824,2.1141748428344727,-0.2695163215313117,-0.11068304100884285,0.6674927147035055,0.276620647226924,0.14824370787584912,0.9764041739468555,0.23066766598744662,0.3828538070636718,0.879552186154045,0.9060396804613682,0.4966983790903732,-0.7894878106717091,-1.0727295399313825
wdf_real_179,0,16.94480126304374,1.4730264846930001,0.5565509231296532,2.825866673341429,0.7541437077864833,0.4666954123532444,0.06929696221243321,0.06846054858313737,2.667469962522046,0.1683333333333333,418.1017246030581,2.879728446404139,0.5566350604705607,0.22408332612952025,0.25344656675226984,4.334509363031635,2.6154068576939355,1.7862411239292462,-0.3474049863684315,6.816797762521015,0.0018940499119040725,0.37247881962133517,0.8031561090740761,0.18283828119259704,0.09115287716173284,0.9367029110831355,3.4410849786894597,0.0,0.0,0.0,0.0,0.0,0.0,0.0,6.178465285645315,13.792601402561399,0.13959082752661453,0.7716118926136752,11.213138903601696,3.255821207412732,0.9542753456050797,7.457670224258553,0.18443945775837545,30.0,166.66666666666666,0.626719133721025,-0.2168756561016069,17.129743489566305,26.629770249022567,0.30201429057670165,0.0672284898401762,1.582754872739315,0.20187180505905356,16.94480126304374,6.7798150517134905,7.003900392234807,26.27365530765124,7.637920394223718,8.71516845288583,23.224188423618525,24.714902648522582,14.509019970732695,-0.32000946267422026,-1.5482200442273448,1.4730264846930001,0.8092081024809409,0.6769256339879695,3.223017361668548,0.7250757080838933,0.7361786703045718,2.0206881129929384,2.5938562654103046,1.2845094426883665,0.555922106085556,-1.054030716579051,0.5565509231296532,0.0573110641111906,0.46944380047063317,0.625270438520457,0.4941319119303431,0.49968451625365484,0.6127632129442232,0.6167291462827018,0.11307869669056836,-0.04490090853261304,-1.9015286813550383,2.825866673341429,2.798277842605865,0.45838720103425984,10.388052910396828,0.5258236145775912,0.5421068357854067,4.091068324810196,6.734799653127277,3.54896148902479,1.0704234458343154,0.2066391094843567,0.7541437077864833,0.7850786038094151,0.07495989154531262,2.4242336051294178,0.07989110833450778,0.08503649480339841,1.2564089404535874,2.086054570645033,1.171372445650189,0.7878629760285019,-0.7230413119884576,0.4666954123532444,0.09362397543236467,0.313837628034243,0.5737213142394467,0.3344614121766159,0.35845870624644666,0.5546159775005157,0.5652062030616334,0.19615727125406907,-0.42222538398516873,-1.4973267057169324,0.06929696221243321,0.029791632535489023,0.014164474305176014,0.116819689322034,0.02261027053497545,0.0489869167015014,0.09468503195648177,0.10596067853142817,0.045698115254980375,-0.303474793674695,-0.966651030003888,0.06846054858313737,0.0023454173748439556,0.06175676610304115,0.07547964493007982,0.06602139485479831,0.06713324193502904,0.06985539179354694,0.07116501222403329,0.0027221498585179027,-0.11204008408736418,1.5539162885026165,2.667469962522046,0.2840898725318272,2.060267857142857,3.265294312169312,2.321536044973545,2.534143518518518,2.7890625,3.045527447089947,0.25491898148148184,-0.05806005983275643,-0.09991993651092645,0.1683333333333333,0.07414325473178408,0.1,0.4,0.1,0.1,0.2,0.3,0.1,0.8276227053491558,0.09890459220501402,418.1017246030581,190.69120942954956,125.08592760139584,677.3245249132082,154.63438625180623,227.33014004207988,609.8605966733599,638.1840480753935,382.53045663128,-0.1501491821316806,-1.5556890622130264,2.879728446404139,1.9192701944957764,0.0,8.103615760803223,1.0675649404525758,1.4131766855716705,4.521949648857117,5.525806093215943,3.108772963285446,0.7682455503884658,-0.25792950662418423,0.5566350604705607,0.2490803201774267,0.0,0.9502587677453657,0.17389004845411232,0.4029980293480227,0.8047384932069404,0.8725924192342794,0.40174046385891765,-0.32521027728764673,-0.7361947138804577
wdf_real_145,0,7.811775567993826,1.6266560322663384,0.5111077978651566,2.6648505500720265,0.6949665873174944,0.3192924183172723,0.2091079767336182,0.06458815431823925,2.568526785714286,0.19333333333333336,260.63948111444927,2.1446711491636505,0.4735984159765851,0.2855803977918846,0.28601559485773487,3.400437391470358,0.0,0.0,0.0,0.0,-0.0029578908551605005,-0.5153117877496619,0.747654766546785,0.19170670435492235,0.29244325355087,0.9736552062499308,3.640223927055361,0.0,0.0,0.0,0.0,0.0,0.0,0.0,9.181462294647048,13.048186102373277,0.08156659272799868,0.8178797535415143,3.694403286637931,1.846352901937882,1.0862218938762638,9.155600154598673,0.3147497999508826,0.0,0.0,0.6992797233937812,-0.18268377846669487,8.810458564421085,31.81328155251833,0.36673936655040956,0.02241158174822605,1.5813079635302225,0.34080686760246937,7.811775567993826,5.038740390699547,3.3777987070465034,22.1948554039015,3.6645800236064923,4.222026773945441,10.164286917308047,16.18917567582672,5.942260143362606,1.4828114378384,1.2663519204773248,1.6266560322663384,0.13449878029702117,1.2653128477416633,2.021821759486794,1.5014044575933656,1.5610051893856811,1.6750894174237936,1.773281483310229,0.11408422803811247,0.288584859723773,1.890330540785535,0.5111077978651566,0.00785259180130352,0.49470991690189525,0.5295849234368888,0.5013122167762072,0.5068804591928118,0.5161785424268398,0.5181049625521992,0.009298083234028032,0.05780074579549058,-0.000966795109741625,2.6648505500720265,0.4445827765201217,1.6010534791652686,4.089190420408695,2.254609223924151,2.437225679542835,2.806865991449755,3.145407960705695,0.3696403119069198,0.7505639371072523,2.2786442245691907,0.6949665873174944,0.14546995150466563,0.4872875266728267,1.03897608024712,0.5233250999025368,0.5934585232595351,0.7764096069551878,0.8698269508314044,0.18295108369565272,0.6497237153806211,-0.18060779815943961,0.3192924183172723,0.08825174406484608,0.22834007371916012,0.5297588766362684,0.23801735279030453,0.25136140258657924,0.3819976927748688,0.47145981790688185,0.13063629018828954,1.0308044508337861,-0.12310060293117342,0.2091079767336182,0.09477270327513054,0.01279988593382734,0.3103423390375924,0.04000276126232415,0.18701260316038784,0.27922633790583284,0.29709933911068975,0.092213734745445,-1.0048176315232158,-0.3751814145258803,0.06458815431823925,0.0028408456748947046,0.059939403674408,0.07064557907452734,0.061075009934949645,0.06198486875045723,0.06683834853952814,0.06793355915826067,0.004853479789070907,-0.015662522594182573,-1.089967231812885,2.568526785714286,0.24098627062822417,1.818617724867725,2.912615740740741,2.338888888888889,2.419746197089947,2.7671957671957674,2.830654761904762,0.34744957010582045,-1.0138236310057527,1.2434245023248174,0.19333333333333336,0.0679869268479038,0.1,0.3,0.1,0.125,0.2,0.3,0.07500000000000001,0.0829722110199997,-0.8409763313609493,260.63948111444927,110.37503383251503,98.59003776900407,491.79760518442305,114.64559276283227,184.17402152109548,336.8772547705045,423.4395222788962,152.70323324940904,0.4222676655931599,-0.896608291357301,2.1446711491636505,1.4495223215595388,0.0,5.940215110778809,0.41186332768993467,1.205381989479065,2.5670320987701416,4.161905908584595,1.3616501092910767,0.8615983263636487,0.5148384639585042,0.4735984159765851,0.2356166206773073,0.0,0.8180541586686445,0.0851167145073802,0.3199473394770866,0.6679899950103692,0.7481495715810809,0.34804265553328256,-0.4530609265181057,-0.9145850004232914
wdf_real_76,0,5.230209627062825,3.6513285698980953,0.5244450228501996,13.867267197119636,0.7262991790222989,0.2567868633258627,0.06748429100832949,0.05996399112135426,2.6931354717813045,0.15666666666666668,362.5212576229372,2.5862688890338177,0.3363627953967552,0.24097933389788556,0.25847639879519796,3.308531916658099,0.0,0.0,0.0,0.0,-0.00028671676210936223,-0.08581096632475373,0.7502065290458124,0.16936469763864923,0.35131131017292316,0.9780079314976213,3.3735572606785658,0.0,0.0,0.0,0.0,0.0,0.0,0.0,8.334059347720373,2.7663328640653067,0.04005700945208517,0.9006462006338015,2.7072669719827585,0.7691645439884441,0.7028635894686361,17.241181759368892,0.152021374454659,0.0,100.0,0.8009602840078046,-0.09912191320453237,11.16018782951236,19.154498810507167,0.2339430946713698,0.026996321820209227,6.535486952463786,0.24074870240152113,5.230209627062825,0.6422272743572361,4.052127192387034,6.562764253793654,4.301537455779521,4.79003829889551,5.657426078499356,5.985833650454446,0.8673877796038463,-0.08148993428308977,-0.7100033012227551,3.6513285698980953,0.7303028652531969,1.5801955916029546,5.214760409536294,2.58028981374326,3.5460534410569666,3.9180475567601736,4.289499468969039,0.37199411570320695,-0.505537439717561,1.4200581208402134,0.5244450228501996,0.016122147632532956,0.5015930132559305,0.5816737296955181,0.5050233783756342,0.5158473557832299,0.5285976606262693,0.5348634138985261,0.012750304843039406,1.7385806000994029,4.172785577981049,13.867267197119636,5.151651966071696,2.4982698961937717,27.19372671186855,6.659799698852442,12.577345450305579,15.35459026535627,18.401302849171564,2.7772448150506914,0.48004051411635323,1.4222118173637233,0.7262991790222989,0.2968248355839546,0.27310600585672257,1.6592768239877815,0.46530574256821167,0.539471419147989,0.8523203224375999,0.9881574228423109,0.3128489032896109,1.6621858663498064,2.934111791825588,0.2567868633258627,0.01662866246483556,0.22392481410234,0.2901031244145302,0.2330881747478904,0.24810217789930547,0.2665837142110759,0.2761182265574008,0.018481536311770436,0.02152555605354533,-0.5472536752191948,0.06748429100832949,0.023626415929170544,0.013113543085197644,0.11145992131657047,0.04051349073816944,0.05636834314899966,0.07947569886894398,0.09817518682382811,0.023107355719944322,-0.19017822444339877,-0.2294298461914086,0.05996399112135426,0.0055343799362893515,0.050596517191644236,0.0740458954910707,0.053615383923565865,0.0568054054913756,0.06279227352971167,0.06636946251857524,0.00598686803833607,0.5567788669815997,0.20190052302671502,2.6931354717813045,0.4187140151210149,1.7213955026455028,3.525876322751323,2.2437169312169316,2.454447751322751,2.960069444444444,3.1275462962962965,0.505621693121693,-0.25682066052633923,0.2896414009254542,0.15666666666666668,0.07156970184527962,0.1,0.3,0.1,0.1,0.2,0.3,0.1,0.8563268470041876,-0.5920638431025655,362.5212576229372,31.664474901225972,307.79941795010245,460.6502936627645,326.3162250931361,344.3995354376821,373.5016708841464,401.1316216715329,29.102135446464274,1.0651964894808534,1.4605350928380494,2.5862688890338177,1.8032290353039246,0.0,7.482509613037109,0.7568510957062247,1.464981347322464,3.4387062788009644,5.113796043395997,1.9737249314785004,0.8588846500093551,0.26567878511277954,0.3363627953967552,0.1838574292342437,0.0,0.7400360472577551,0.11361448882318805,0.20034260393745235,0.48298234525022504,0.5621079644794261,0.2826397413127727,0.2715683203833234,-0.7185987330333998
wdf_real_72,0,8.66598680372037,2.728754914329204,0.4952726987006173,7.7191635719580125,0.7277140172038675,0.24916694272695,0.1190057865603971,0.05892546912123845,3.3005263447971784,0.1366666666666667,560.1168209713392,2.098315649231275,0.3347330186702335,0.56298192028263,0.268264716693208,3.1753868116584822,0.0,0.0,0.0,0.0,-0.0010964076314993623,-0.31092851891553375,0.906570197747336,0.07338841141405221,0.7307878006793685,0.952851081307684,2.9232314274922273,0.0,0.0,0.0,0.0,0.0,0.0,0.0,9.482119929244215,8.343882607846215,0.028147387287843315,0.9502076530983509,4.2822265625,2.5421346417870416,0.8344009144317007,17.629601064532437,0.4220877052289826,0.0,0.0,0.9630405279822362,-0.1962634949439089,11.65626990722769,16.31806777183336,0.5076448588298552,0.013522874375854985,4.4513716220855715,0.0970578015464103,8.66598680372037,1.8742177054170852,6.0916268670374425,14.990279386917399,6.675222698187941,7.5197965695313576,9.17056118007791,10.106801034753984,1.6507646105465517,1.5331405706727224,3.0851024268424236,2.728754914329204,0.48803703134241705,1.7909327464579787,3.5419697171258826,1.9176093470129294,2.4484413022533293,3.0519644171992484,3.3856865076706315,0.603523114945919,-0.23401239802074345,-0.6510413690298513,0.4952726987006173,0.01848851498226098,0.4610624857186292,0.5313050702512203,0.4742525899064633,0.48138876317567514,0.509049475911758,0.521997512438148,0.027660712736082838,0.31060537609913286,-0.9270352409683875,7.7191635719580125,2.626752313016461,3.2335178482719464,12.599158825206729,3.7017094615540653,6.027466969954414,9.393638399321366,11.504138858916464,3.3661714293669522,0.11195078195699001,-0.7931584226661745,0.7277140172038675,0.3057843427529869,0.20174017888401433,1.3434147977459072,0.41414100739813314,0.5194146587747218,0.8707039078295932,1.2526690865493386,0.35128924905487136,0.6261326511997576,-0.528921657401539,0.24916694272695,0.02454767348915615,0.21082473412956693,0.32862380556627946,0.21454751076177153,0.2372160814074053,0.25994200891376884,0.2726894583503669,0.02272592750636354,0.8773316671475744,1.8966381618315857,0.1190057865603971,0.06867979186082614,0.006696299077441264,0.32415693970764525,0.04051773713021195,0.07335048692641166,0.16247422539557566,0.19482114150755647,0.089123738469164,0.6860404708442971,0.7871719095020202,0.05892546912123845,0.0026325976815934566,0.054018494646329705,0.06563392152202491,0.05644471714879496,0.05690619717229381,0.060717145825921484,0.061936302558008284,0.0038109486536276743,0.6159033936646751,0.08798603639638669,3.3005263447971784,0.4784795684432448,2.372519841269841,4.051752645502646,2.649173280423281,2.9052372685185186,3.7021949404761907,3.811929563492064,0.7969576719576721,-0.34768334765733566,-1.0150241999721248,0.1366666666666667,0.06046119049072351,0.1,0.3,0.1,0.1,0.2,0.2,0.1,1.4263883005248617,0.9262109551833415,560.1168209713392,55.65376613866611,442.82580120201044,669.8070540872609,476.2505347436381,526.5489773309198,601.7789670006506,628.6408067525213,75.2299896697308,-0.2746921012408667,-0.5888357349196371,2.098315649231275,1.722946141655572,0.0,6.4040422439575195,0.46691421270370487,0.9814522862434387,2.7991917729377747,4.865385055541992,1.817739486694336,1.0688197742263557,-0.00512032128741069,0.3347330186702335,0.1900423363359026,0.0,0.8209225211776219,0.11367611131970166,0.21367574909446596,0.41318509874489284,0.6236479346400857,0.19950934965042688,0.5258744743148293,0.021365763332500176
wdf_real_111,0,15.100103303852052,2.7506289168738935,0.475124837605871,7.87127236651517,1.4110198353862318,0.43094932724770957,0.18587985081512004,0.06605658237873266,2.231040564373898,0.12666666666666668,205.4098782308152,0.7355280150969823,0.3116157940950411,0.7476520189056761,0.18489154130050378,3.1715297847748762,0.0,0.0,0.0,0.0,-0.004579408893721285,0.7909820767135718,0.9811893745966352,0.020173069926545474,0.8928718561104262,0.98823167353282,3.2402239274918396,0.0,0.0,0.0,0.0,0.0,0.0,0.0,1.7920432189302558,6.170380847117937,0.057298885622760504,0.9077129813340641,1.4334927262931034,0.2208231535985541,0.8422193197088818,46.12000937263792,0.017459399947417617,0.0,0.0,0.9619406660910103,-0.10994131134040612,28.288631096400955,10.37839210119071,0.5955956824263359,0.01962254202199527,3.3343361258506774,0.05421996460287826,15.100103303852052,0.6238262610750058,13.987634985816435,16.289641676517686,14.308347482257766,14.697447537607886,15.503038770184201,16.04619871149992,0.8055912325763153,0.2405191746422516,-0.7833878795731022,2.7506289168738935,0.5503021969008335,1.8524258681674637,3.4313300693936806,1.909782458976541,2.1724302956527612,3.2201781999019357,3.310930311863169,1.0477479042491744,-0.4652625507704396,-1.3813656437420347,0.475124837605871,0.02230494138455925,0.4451048332926738,0.5108680109036023,0.4484137884213987,0.45342084211497236,0.4991096335913041,0.5057067422049043,0.04568879147633176,0.20392740112067353,-1.5110957608240843,7.87127236651517,2.893782869557531,3.432252623688156,11.776142705288335,3.648706259663223,4.720827497659506,10.372632761247942,10.964969552058276,5.651805263588436,-0.336834825814248,-1.4479646045877352,1.4110198353862318,0.686764745534325,0.3424413552606474,3.016813524992997,0.6719649923045176,0.879199425844782,1.7469121814345947,2.64138360375667,0.8677127555898128,0.7534670319214247,-0.2957722610194402,0.43094932724770957,0.010738366685175173,0.41624647076930327,0.4584108138803505,0.41986436701610874,0.42175170523750644,0.4336326878955338,0.4456028777515655,0.01188098265802734,0.9664895177008904,0.3523469609661012,0.18587985081512004,0.020874529787823465,0.11726375376827938,0.20928871466187596,0.15476138635918493,0.17848673117724287,0.20211195402106105,0.20395721988850843,0.023625222843818183,-1.5333698016180073,2.089876087590685,0.06605658237873266,0.003080731625147,0.05749925692898537,0.07175065722769676,0.0624434355481035,0.064398539708093,0.06790347991144804,0.06954700409234427,0.003504940203355039,-0.7774269281004396,0.5749425060691857,2.231040564373898,0.2466017586646544,1.8195271164021163,2.9345238095238093,2.0048776455026456,2.0710358796296293,2.2999545304232805,2.5691054894179897,0.22891865079365115,1.2390150916004687,1.1389994735314062,0.12666666666666668,0.04422166387140534,0.1,0.2,0.1,0.1,0.17500000000000002,0.2,0.07500000000000001,1.0552897060221724,-0.886363636363638,205.4098782308152,34.609432112665885,149.19480426812459,254.6301000439245,159.2596627279556,168.41705146828076,238.32644039512041,245.63398329182448,69.90938892683965,-0.13637909977984414,-1.500287079690174,0.7355280150969823,0.47536049040501765,0.0,2.0116515159606934,0.3110893934965134,0.41872235387563705,0.8790894597768784,1.406717443466187,0.4603671059012413,1.3086819372453131,1.2260363011023045,0.3116157940950411,0.1612797603147624,0.0,0.6651877060555265,0.1353903595388256,0.1841278904795194,0.45210394324388,0.5224385084320196,0.26797605276436054,0.21610131093601936,-0.79699200386055
wdf_real_117,0,10.38667315613671,1.820340464427957,0.5025856617572123,3.3410312520209753,1.6596595454483192,0.2896061399699165,0.31433877820060946,0.06208010894025125,2.1507936507936507,0.1347826086956522,342.20667505097447,1.4343447575102681,0.46488841569456496,0.0,0.0,0.0,0.0,0.0,0.0,0.0,0.0,0.0,0.0,0.0,0.0,0.0,0.0,0.0,0.0,0.0,0.0,0.0,0.0,0.0,0.0,0.0,0.0,0.0,0.0,0.0,0.0,0.0,0.0,0.0,0.0,0.0,0.0,0.0,0.0,0.0,0.012457351461384308,3.8074413175168247,0.0307599140945517,10.38667315613671,1.0991551905647299,8.94934971045526,12.810729767537829,9.232271518181568,9.565848751705635,10.92365788849935,12.070891489956129,1.3578091367937137,0.8706390120723986,-0.2045210658341805,1.820340464427957,0.14344856990581395,1.5349456325393733,2.0467852679511735,1.6400673644727666,1.6971846524474457,1.9539942287075476,2.0089530766226353,0.2568095762601019,-0.06845538510585517,-1.1019445460986035,0.5025856617572123,0.008153702306714103,0.4906454170425416,0.5165010645033334,0.4923606976854287,0.4963136641792262,0.5085447944514678,0.5147464738909249,0.012231130272241653,0.2663536450147205,-1.1149514034540773,3.3410312520209753,0.5219622102239044,2.364285491565589,4.196524822695036,2.6980275717853845,2.8848562308387087,3.8273127404594174,4.044577909203433,0.9424565096207087,0.03732339170053063,-1.1758056781202881,1.6596595454483192,1.623080862609857,0.40824346464847494,5.84576750880326,0.526991390003592,0.6604458600179739,1.2783493444467924,4.813496420176469,0.6179034844288185,1.553415104410989,0.8204799869055885,0.2896061399699165,0.014875299425601262,0.27017950280286857,0.32197578036757124,0.27401638846390436,0.27815766099105343,0.29810553272693213,0.3107485450534053,0.019947871735878697,0.7495576554145009,-0.38679799310864693,0.31433877820060946,0.008975969032414224,0.2966752959023937,0.32760187206660063,0.30044763930437984,0.30682248069751705,0.3209975140111687,0.3248814418148036,0.014175033313651664,-0.5132650278374397,-0.8302781957344814,0.06208010894025125,0.0019346934511868948,0.0575174779407306,0.06788696517246323,0.06031455516150267,0.060742313237741125,0.06287993565309524,0.06379738300932951,0.002137622415354118,0.5148919743684488,2.1993740751355233,2.1507936507936507,0.27550879248563115,1.6598048941798942,2.6402943121693125,1.7145833333333333,2.0458002645502646,2.3210565476190474,2.480456349206349,0.2752562830687828,-0.26163186308336567,-0.714135970482153,0.1347826086956522,0.05601782055097881,0.1,0.3,0.1,0.1,0.2,0.2,0.1,1.360601222774353,0.8726230222093152,342.20667505097447,28.060647719526198,279.4071990692105,386.4577100739504,301.1842869408869,328.5791099039726,365.96098958416104,376.3770615108649,37.38187968018843,-0.5291478121100069,-0.3217335095488103,1.4343447575102681,1.1177657109137806,0.0,4.74598503112793,0.22973212599754336,0.5265635699033737,1.9342055916786194,2.7624413013458256,1.4076420217752457,1.0624775052326063,1.0820445980487685,0.46488841569456496,0.22847976067749112,0.0,0.9556346945760692,0.2006459647430185,0.33693805577420144,0.5422396099185872,0.7743478134345098,0.20530155414438578,0.19579142522346898,-0.25898122752071906
wdf_real_44,0,14.931659470292894,2.5338633470621077,0.4488997426316454,6.4229607650398695,2.0017135401697215,0.4640604067348012,0.14604371388274767,0.06363689289339107,2.6501432980599655,0.18333333333333332,95.68152774191005,0.630473867058754,0.6087094390336782,0.847067357603014,0.06165917590171491,2.3066382060804966,0.0,0.0,0.0,0.0,0.01008777054879801,3.075198833875457,0.9869501221693967,0.01005706373338925,0.9600487539887179,0.9736159044116172,3.506890593870467,0.0,0.0,0.0,0.0,0.0,0.0,0.0,0.6636471564980675,1.2265383111064851,0.00785193505642086,0.9827636447893203,1.4168911637931034,0.1520403622228577,0.9576078427881026,306.5600761762843,1.824998670703811e-11,0.0,0.0,0.21225408666607307,-0.17379999003200192,21.66446529746052,5.6104744835320295,0.35893883222020045,0.005779878265360962,3.6389705737431846,0.01956114794122954,14.931659470292894,0.16316999290647516,14.601502964854589,15.247274246008896,14.71171417763179,14.815662069362102,15.053931425207129,15.116821772501197,0.23826935584502706,-0.0930674247228883,-0.8224523690481411,2.5338633470621077,0.04280368675463904,2.4388680014848076,2.6288927875097663,2.4814784591797325,2.513889627264351,2.560190493311228,2.587683558243353,0.04630086604687689,-0.14471473245156688,-0.06666917335277356,0.4488997426316454,0.004533409969708901,0.44052765620607015,0.45803839755651365,0.441838304226893,0.4457094873063635,0.452404305350544,0.45381690731805424,0.006694818044180484,-0.11967468704032314,-0.751051594357369,6.4229607650398695,0.21673446907651583,5.948268303375713,6.9112282262756235,6.157904995756307,6.320198068822322,6.555626192535407,6.696767861331981,0.23542812371308575,-0.09882319862927884,-0.07084888704652226,2.0017135401697215,0.08528390519212181,1.8282427733286526,2.1616291126641443,1.9066955939186394,1.9390363527860406,2.047339501641082,2.1352421890603335,0.10830314885504144,0.0465627160669444,-0.6275068299864754,0.4640604067348012,0.004168663083892047,0.45601439304226865,0.47124683792066663,0.45858780741246125,0.4609329518901943,0.46758629727788137,0.46943867710711357,0.006653345387687082,-0.0803886588364876,-1.0158531421300956,0.14604371388274767,0.0015018060495359826,0.14330808339280804,0.14876779672186927,0.14389274572402322,0.144445130515178,0.14713186913206422,0.14763312998960335,0.0026867386168862306,-0.24816746693447422,-1.0339695372854572,0.06363689289339107,0.001679299460971442,0.05982732421349109,0.06652728897696149,0.06135844223266398,0.06239728453132062,0.0649595863481709,0.06565295582658445,0.002562301816850278,-0.34392392110931636,-0.6982182603328786,2.6501432980599655,0.0359305474490385,2.576058201058201,2.7182539682539684,2.597321428571429,2.6300016534391535,2.672267691798942,2.6935929232804234,0.04226603835978837,-0.3638504307019334,-0.42565862379297004,0.18333333333333332,0.077817450199525,0.1,0.4,0.1,0.1,0.2,0.3,0.1,0.7230911961979275,0.16008753471930337,95.68152774191005,5.993616852447288,81.48703453616845,109.69037563551436,89.35102278000258,92.17329292626746,99.30226922366523,102.0444632412238,7.12897629739777,-0.069205838870658,0.28882618766019075,0.630473867058754,0.24526800504627047,0.0,1.1827629804611206,0.42139074802398685,0.48669250309467316,0.7281250655651093,0.988747501373291,0.2414325624704361,0.2712894360807265,0.4765682019811788,0.6087094390336782,0.27186525774467424,0.0,0.9435071088111152,0.2779292714673639,0.3919411486930105,0.8335646626354566,0.894657799134815,0.4416235139424461,-0.6238383539365785,-0.8384867778728622
wdf_real_295,0,5.972894123178266,1.29799785463874,0.5354708119457018,1.7074156712622404,1.8910055587233128,0.1870462103710901,0.32395189034608174,0.06816795794750241,1.7724924740010946,0.11379310344827588,465.5174454255696,0.9467022758105705,0.3609994469269134,0.5992503131840022,0.1476866274835182,2.971502947047802,0.0,0.0,0.0,0.0,0.02619116055525542,8.656859799946805,0.9725313746686447,0.04009186740485793,0.7796368555186692,0.0,0.0,0.0,0.0,0.0,0.0,0.0,0.0,0.0,2.2185770358138144,7.909673982662936,0.028840338765124512,0.9751075876955706,1.6644112723214286,1.1536578753455864,1.2599746835242982,43.035823683296734,0.041192100793978004,0.0,0.0,0.4035649891071994,-0.19915846904312923,13.924427927731427,20.08013372811234,0.4496520983924229,0.013462750054628473,1.6040764594900196,0.06874681790658799,5.972894123178266,1.1137000420332988,4.918692841852678,9.044569656879284,5.061266395433705,5.1411030053816384,6.4943308832806235,7.562966975215906,1.353227877898985,1.38798619274124,0.9937917804467373,1.29799785463874,0.11094085376322138,1.1238044103385412,1.5024652258404407,1.1475691445749125,1.2032364018250419,1.39553847696274,1.4419869009169872,0.19230207513769804,0.015955726148836218,-1.154919226260495,0.5354708119457018,0.010362601677903283,0.5122076873697766,0.5518882360471786,0.5215997296103261,0.5290960720864989,0.5431567017775585,0.5493297087261866,0.01406062969105959,-0.22755669444269805,-0.7543551507002584,1.7074156712622404,0.2862603794489769,1.2758711287727018,2.262770977227655,1.3290498066179806,1.4609570088411958,1.9497413397943815,2.092740260057391,0.48878433095318563,0.1226954313570319,-1.0977676113871027,1.8910055587233128,0.5320407627681775,1.2741187583495976,3.703787670608283,1.462027912942845,1.5261935717053001,2.2055319314980943,2.4874560744671133,0.6793383597927942,1.4716430789757364,2.324363528666577,0.1870462103710901,0.01855792571024964,0.1686252301701267,0.23351357992862826,0.17101925172823776,0.1728757554525399,0.1979409154149002,0.2155976054043892,0.025065159962360306,1.1878294010038448,0.269145413829039,0.32395189034608174,0.023405313715439465,0.2839928444342953,0.38924119911811794,0.29482986008719886,0.3114955690487728,0.32820088311312823,0.3546098849088042,0.016705314064355437,0.8817189346826929,0.7675819482401565,0.06816795794750241,0.0017836410067145361,0.06419938602140346,0.0722765181589366,0.0661789634846177,0.06685738480022138,0.06907127568527038,0.07015868239357145,0.0022138908850490024,0.05553086102162522,-0.04672424639852801,1.7724924740010946,0.09691062900991337,1.5816798941798942,2.101686507936508,1.6671792328042327,1.7256117724867726,1.822089947089947,1.8854662698412699,0.09647817460317443,1.15966897855619,2.695064290323822,0.11379310344827588,0.03448275862068965,0.1,0.2,0.1,0.1,0.1,0.2,0.0,2.1,2.41,465.5174454255696,27.153163105478804,393.3373281657538,533.6627862823689,432.1343656430353,450.28172890872173,483.36397811020976,497.21988023641256,33.082249201488025,-0.15301469052897854,0.7604915976266833,0.9467022758105705,0.7091645703038304,0.0,4.251683712005615,0.5107866823673248,0.6264458894729614,1.0280808210372925,1.4834750175476075,0.40163493156433105,3.405262299199076,13.463397186497602,0.3609994469269134,0.19008071242752528,0.0,0.9400318266253094,0.14931415371495732,0.2084717671194289,0.45916339353399804,0.5649034323784627,0.2506916264145691,0.593101486508817,1.2273708719583913
wdf_real_57,0,9.963451003900097,0.8360551249627676,0.5895473321542204,0.7018457735563353,1.550178294494706,0.36177788501266367,0.1273626747522169,0.06936569695256711,1.3455203201970445,0.12586206896551722,103.30007696736327,1.3314214132983109,0.5652786341249894,0.590296293077187,0.23562007005274097,4.135334435778287,0.0,0.0,0.0,0.0,0.005026693629169492,2.07405398168332,0.9378728215892626,0.10842333332172494,0.2734577521750951,0.5742814922134338,2.435952340260743,0.0,0.0,0.0,0.0,0.0,0.0,0.0,1.9408757038509084,21.058172973540678,0.12704628720131828,0.941935056447499,2.9434621710526314,2.384570563244552,0.8123814464092672,11.153778321315787,0.12086778940462956,0.0,0.0,0.6212072755638138,-0.17338408568723987,19.43879210132446,11.378055996176844,0.5795341094886602,0.03348997745569431,0.4362543477066632,0.05166383719622547,9.963451003900097,5.114708452816858,4.105628562408891,15.874122138834322,4.185974700491945,4.875456380116906,15.134317368567258,15.413356953895168,10.258860988450351,-0.020906764930302076,-1.9458084134417268,0.8360551249627676,0.05018431542400198,0.6034905046297095,0.9323045720341372,0.7755640450454022,0.8094022730215628,0.8720035379194019,0.8803412900120688,0.06260126489783913,-1.717792670156553,5.936315381272637,0.5895473321542204,0.008654385819772823,0.571245453869174,0.617819176525876,0.5801909193116336,0.5831535417713776,0.5943737859416027,0.6014445169570425,0.011220244170225158,0.7399389426024559,0.735813287744639,0.7018457735563353,0.0796211404540451,0.3642615319509099,0.8694843827466534,0.6022604803229086,0.6553923663842329,0.7606065113317486,0.7750185515461109,0.10521414494751569,-1.274805120287184,3.781926782680518,1.550178294494706,0.9178375898000408,0.23323538679746578,2.902497468789128,0.3020413301974656,0.7804054793545286,2.417186555758392,2.575668230447378,1.6367810764038633,-0.14321524086858603,-1.6388428637936379,0.36177788501266367,0.08590266955211699,0.25644409277109376,0.47053522588764735,0.25936830749749656,0.27658620565899217,0.4389336973133394,0.4620239792519939,0.16234749165434725,-0.04688421859973172,-1.8891907972053834,0.1273626747522169,0.09778714970634754,0.015483850238641707,0.2721828079901922,0.021731883537008025,0.0354520216813573,0.22352983990960135,0.2609306768179827,0.18807781822824404,0.17084628899374996,-1.6810162401131628,0.06936569695256711,0.0031885859548738673,0.0621344900573999,0.07538307813167644,0.06522274982301042,0.06656926940801823,0.07215423351990183,0.07320231295531564,0.005584964111883597,-0.14344896706216476,-1.1336282618731695,1.3455203201970445,0.2167021326057216,0.7953869047619048,1.7614914021164023,1.0874503968253968,1.1860739087301586,1.537078373015873,1.6597883597883598,0.3510044642857144,0.08130511262328746,-0.74970531201321,0.12586206896551722,0.047562462841840424,0.1,0.3,0.1,0.1,0.1,0.2,0.0,1.5730868130763438,1.4875475073430273,103.30007696736327,36.92409633730725,39.1907691954583,156.23894266359628,50.4794225985635,71.39874742218046,134.58515275467545,150.61390718907316,63.186405332494985,-0.22753416013126157,-1.3733769075946596,1.3314214132983109,1.1653801662889964,0.0,4.871160507202148,0.3244405806064606,0.4607158601284027,1.9712073802947998,3.1845055818557744,1.510491520166397,1.230975663743867,0.6181237450452248,0.5652786341249894,0.26572459288732625,0.0,0.9535676819883442,0.2132821930292462,0.34242359989074356,0.8140726991263052,0.8979217081793169,0.47164909923556164,-0.22044519477405145,-1.1165410549469172
wdf_real_17,0,10.96603807206743,2.58810799011684,0.4689943077887016,6.939998232664818,2.4270279282505607,0.3357873293185087,0.1865503856632042,0.0634362001282272,2.649392361111111,0.14499999999999996,277.2209145069724,1.5715496505300204,0.39537755220087456,0.4960321247960333,0.2250825754947378,4.124822340872157,3.5569284247024195,2.9947137154717614,-0.20081849753595876,11.872492204101013,0.02555306730644407,4.159283228993203,0.934392907390079,0.09763634682860267,0.29789370322372316,0.9118916982908332,3.4947396611707338,0.0,0.0,0.0,0.0,0.0,0.0,0.0,12.29316726256838,11.322556846233098,0.09364060820083009,0.9063604881936987,3.847076933262712,8.390451902441935,0.6533894641878768,14.206023315591446,0.2617949087229693,90.0,155.55555555555557,0.970776377022856,-0.16483281543151732,13.057216693591045,16.422402500729934,0.6444220550709328,0.0184723728824474,5.445084138711294,0.11911399917503718,10.96603807206743,2.085220373624787,8.19748087412541,13.865538700940181,8.394277852682563,8.87638927724372,12.98737821566646,13.369105076964843,4.110988938422741,-0.012296782278559133,-1.7800766259436391,2.58810799011684,0.46056174480425766,1.9078268619844145,3.476926818575971,2.028293998352279,2.1826330061557626,2.886300260510841,3.2965240218901073,0.7036672543550786,0.34362226977274823,-1.123675964867502,0.4689943077887016,0.02371085570418449,0.4298882805196482,0.5133424383135745,0.43711544616457276,0.4501111858475455,0.48817839974633803,0.49886662577423496,0.03806721389879253,0.05494712002020384,-1.1868308678911097,6.939998232664818,2.4794406465054926,3.641457118271345,12.152420695264702,4.117468356006901,4.764331069345879,8.339084867678967,10.919647840761758,3.574753798333088,0.5446836422697596,-0.9502320104897839,2.4270279282505607,1.2317505152027592,0.7443092234073652,4.993852562831898,0.9835069310569423,1.1590567088590609,3.4466183659653016,4.318667522957188,2.2875616571062407,0.38466614745168254,-1.0664674329838701,0.3357873293185087,0.0961497331857163,0.22681170164744374,0.4587150101699738,0.23474360280414955,0.23788569590583297,0.4336226552646304,0.44266768918542143,0.19573695935879742,0.031136884464531566,-1.9393141557170743,0.1865503856632042,0.04130457368529322,0.12812552712169686,0.2801309894653705,0.15455684466139652,0.15759071440983918,0.21098621365348913,0.26298525014105056,0.053395499243649946,1.0747835814029905,-0.28118683425793956,0.0634362001282272,0.003062473703072085,0.05721582258847227,0.0692410197629047,0.05899767044860087,0.061114829207326665,0.06577153464803885,0.06706940201250042,0.004656705440712186,-0.2538914996262741,-0.9048283241183506,2.649392361111111,0.3436235658058443,2.103091931216931,3.2571924603174605,2.2245205026455026,2.341166501322751,2.9827628968253967,3.083457341269841,0.6415963955026456,0.11182150481768413,-1.4820430557738664,0.14499999999999996,0.052993710318615495,0.1,0.3,0.1,0.1,0.2,0.2,0.1,0.5358678594501868,-1.002157278834893,277.2209145069724,196.99410553712306,55.159501049194596,556.8401925263307,71.95133492867942,85.07442965579473,485.44563076595693,510.44631747109236,400.3712011101622,0.0997550105587934,-1.8559896229468198,1.5715496505300204,1.1487867343102618,0.0,6.773422718048096,0.5225545227527618,0.7324184626340866,2.307463049888611,3.1100168228149414,1.5750445872545242,1.783624013171116,4.978334683930626,0.39537755220087456,0.17694026482698877,0.0,0.7810394756795103,0.20381043132205556,0.2688662792177975,0.5388952104053675,0.646133845119447,0.27002893118757,0.33546202201814357,-0.5776502031307484
wdf_real_163,0,17.91683035509591,0.7662070191501266,0.6131164532013709,0.5932945608451997,0.10780459359547129,0.478993832776821,0.09122204631848965,0.0698186063307819,2.521201081007116,0.13793103448275865,556.8737553351428,1.8818201484351322,0.810377494769496,0.3083215567409168,0.20972711562783572,0.0,0.0,0.0,0.0,0.0,-0.008215453781076075,-0.34345020315026853,0.8982208795077187,0.07324755359166714,0.5817807710705274,0.8947239201998559,3.5068905938700805,0.0,0.0,0.0,0.0,0.0,0.0,0.0,6.289218806292886,8.852847188603862,0.11333685992696928,0.7537161789089017,3.4674246651785716,2.6356788640011355,1.7092847457207077,11.087712198986031,0.27901300214497643,0.0,0.0,0.5231870011844645,-0.2406196020322598,21.938800050415768,12.647934382378429,0.3045422409688262,0.011426149628077573,0.5891578146095934,0.10113666899777685,17.91683035509591,5.881972118359602,6.32308326896731,26.55540203359641,10.940874850480679,12.955355699309637,22.680585754382626,25.297743566686744,9.72523005507299,-0.15050235908064702,-1.3148111300942134,0.7662070191501266,0.07781021678438124,0.6829092877972112,1.0489303275337272,0.6912872673480008,0.7142296827204389,0.7898349029869527,0.8358606731884289,0.07560522026651384,1.809570455201058,3.9397170395956254,0.6131164532013709,0.014044775267989825,0.5633043644266978,0.6320325973047711,0.59944789551586,0.6070252061905574,0.622391045152171,0.6258266201633677,0.015365838961613587,-1.5766963559134763,3.135624940123817,0.5932945608451997,0.13060896271298014,0.46656632001459586,1.1005000877346902,0.478022999322849,0.5103539781073781,0.623842143811124,0.699273293121126,0.11348816570374587,2.187405338522857,5.651370697562108,0.10780459359547129,0.01964441028616244,0.08169852400302759,0.17594224159899818,0.0868860363192959,0.09438364895950889,0.11370416951558933,0.13221497161518062,0.01932052055608044,1.363800765724269,2.722370726288551,0.478993832776821,0.07019410912403691,0.30588652710381364,0.5739501740823025,0.3972302132015225,0.4259644798894746,0.5440692816144448,0.5590692269403331,0.11810480172497018,-0.4398112144870952,-0.7213315051536959,0.09122204631848965,0.03812892193460644,0.024616577503018832,0.15943157527978186,0.0455134763048884,0.05667245578769869,0.11365567510265676,0.1398659094888676,0.05698321931495807,-0.032735902426535096,-0.9886863756036606,0.0698186063307819,0.0022132393373154777,0.06522587697670662,0.07416835163208764,0.0668538568488054,0.06866181333416638,0.07126832308836561,0.07320104727091077,0.0026065097541992377,0.012099857474694203,-0.5265026457617696,2.521201081007116,0.1895524290968886,2.206018518518518,2.938161375661376,2.25625,2.3805390211640214,2.6423611111111107,2.7387400793650793,0.26182208994708933,0.12150358720425765,-0.5782898527928464,0.13793103448275865,0.05517241379310346,0.1,0.3,0.1,0.1,0.2,0.2,0.1,1.1030273437499987,0.21099853515624556,556.8737553351428,93.96771541694955,271.32247626232765,712.7210277136448,448.9432630218478,497.4560078204868,601.7680569212499,680.5473957498816,104.31204910076315,-0.685141662238225,1.0180632777883334,1.8818201484351322,0.8186663652914351,0.5847711563110352,3.5835719108581543,0.7966244459152222,1.2196452617645264,2.5344371795654297,2.9743958473205567,1.3147919178009033,0.1315079380104289,-1.0299819247428226,0.810377494769496,0.09856503050609937,0.4938617583645745,0.9424804020541369,0.6776013815733949,0.7740632235592438,0.8756043891426397,0.9217745524943376,0.10154116558339588,-1.1896793550130207,1.6068278244569134
wdf_real_107,0,12.744159668020627,2.586801695548456,0.5102414582027422,6.9415824643557915,0.2795797210294383,0.29490925717449046,0.08452105673792848,0.05425414188004809,3.768477182539683,0.1466666666666666,584.8399831573809,3.298388467232386,0.4598830670846789,0.38664684677210426,0.2325998576803059,3.4284647180205705,0.0,0.0,0.0,0.0,0.00456557423820419,1.8738623989496421,0.8356239093036382,0.09287759137051076,0.5707272503594683,0.944473062199904,3.5068905938685537,0.0,0.0,0.0,0.0,0.0,0.0,0.0,11.879006164461686,7.591161415183502,0.07266641290670797,0.9071572460738452,6.610250538793103,1.8384279679124642,0.8198009868914302,14.598282931490289,0.2723898435329428,0.0,0.0,0.5641081568510037,-0.13438954683130047,14.110362150348344,35.252301973040545,0.3136320206487311,0.01497387861389723,5.555314938227336,0.0721824459673307,12.744159668020627,1.7425956390569377,9.751843015021722,16.756055439389222,10.819846487868707,11.775884791268131,12.93396459920336,15.650875615536851,1.1580798079352288,0.8084135085717751,0.08608937902892277,2.586801695548456,0.45853450427533327,1.973264233199374,3.726481257118692,2.106497358096851,2.2202653249328526,2.868257842107881,3.250872650455475,0.6479925171750285,0.9296925018410485,0.15793211554450126,0.5102414582027422,0.01273832634115073,0.47687908608694407,0.5329938040910487,0.4975938696628965,0.5026910199068457,0.518908017359405,0.527417037456308,0.016216997452559223,-0.44374862421705996,0.10859258845716413,6.9415824643557915,2.6021566878605715,3.9115371209480654,13.990621092121717,4.465142606126462,4.953932792292369,8.284906550600045,10.657868398182758,3.3309737583076764,1.2504802688791317,0.9094113357944624,0.2795797210294383,0.17475775324302892,0.10635388114663748,0.7600851737573073,0.11592240920563873,0.1380511984921287,0.3494205363992858,0.4906205031100474,0.21136933790715706,1.3138809022392615,1.1008398388096214,0.29490925717449046,0.02206468087266093,0.25421355122027856,0.3397628711335926,0.2692954801160538,0.28346105855577536,0.30338383021948295,0.3328781310958814,0.019922771663707595,0.4888830200339518,-0.28153907399306766,0.08452105673792848,0.04804016725979615,0.002873556476555668,0.16307815536767084,0.019077086629779205,0.03857457070116181,0.11893128800813138,0.14745474608310477,0.08035671730696957,-0.13403580648803112,-1.1524284922410672,0.05425414188004809,0.002462455351248116,0.05037453533101923,0.060028978848112695,0.05108474679060987,0.05218135205276542,0.05556980111896342,0.056996734972799785,0.003388449066198,0.31406976069995757,-0.4111061867027783,3.768477182539683,0.31359135640285724,3.1250826719576716,4.31712962962963,3.443047288359788,3.5384217923280423,4.035383597883598,4.176951058201058,0.4969618055555558,-0.037671436617770324,-0.7960439052128794,0.1466666666666666,0.0669991708074726,0.1,0.3,0.1,0.1,0.2,0.21000000000000016,0.1,1.1191705426520302,-0.0005881776296425834,584.8399831573809,92.921729122119,372.7129781132941,759.8730861475648,473.91245030056626,515.1347760467462,667.1670658030507,682.6744537147865,152.03228975630452,-0.4589790508689811,-0.5073097479328239,3.298388467232386,2.40108513096482,0.0,13.785727500915527,1.3355072975158693,1.6929261088371277,4.095170319080353,4.966797113418579,2.402244210243225,2.5984610729028605,9.437788840967585,0.4598830670846789,0.2537946585399852,0.0,0.953317258302725,0.10694327161756538,0.2727688452065036,0.5808747670978316,0.821651851757966,0.308105921891328,0.1487773288797687,-0.647713172996597
wdf_real_172,0,9.419003849623278,2.260042054053343,0.5073756153543691,5.395679573313728,0.1832985218042204,0.2666851023880658,0.09245013540407256,0.054694413115650084,3.7753995811287475,0.14999999999999997,481.6958017852176,3.3758066137631735,0.3218680474302555,0.36198513458442,0.2974113190081659,3.36301747071588,0.0,0.0,0.0,0.0,0.013975962231169706,14.710321551469692,0.7389151098079488,0.22072893323767456,0.2187592921954044,0.9678574662625298,3.3735572606792212,0.0,0.0,0.0,0.0,0.0,0.0,0.0,13.665430218363618,7.80878091060924,0.045266421335259585,0.8590918537348621,7.574454471982759,2.6406766467749496,0.9335268996585483,9.82072790453659,0.14517505907372297,0.0,0.0,-0.15367102107069733,-0.19643686863137855,11.266136594824339,41.777250730426324,0.22526334917883448,0.018569139112422643,4.1127379655838014,0.25047066226396775,9.419003849623278,3.203085715947445,4.5492072294899275,19.240818749235963,6.921409892106282,7.598164481195065,10.154297763703202,13.565883586907573,2.556133282508137,1.5955803482554372,2.1482341962517104,2.260042054053343,0.5138305460881043,1.4881927403659607,3.152749881884516,1.601537348263435,1.8304143516636993,2.7114514943716665,2.8750132825134864,0.8810371427079673,0.07056908953766133,-1.2786226696535166,0.5073756153543691,0.018653477257391245,0.4771694917702981,0.5405330654976161,0.4816797475086589,0.4911143819359347,0.5238228987604452,0.5306323098508973,0.03270851682451048,-0.07582803384928434,-1.2686400988129125,5.395679573313728,2.362550391985176,2.2257481147848637,9.97819139596137,2.578531610980554,3.3610231492232017,7.375009725894756,8.30235258345021,4.013986576671554,0.31578756865943647,-1.137965708189811,0.1832985218042204,0.1108626147478036,0.050307636501395935,0.44112936728134833,0.061777648635767596,0.09474904758410985,0.21837259646443577,0.36099778132329724,0.12362354888032592,0.8237338658090232,-0.47083914553477024,0.2666851023880658,0.04337663250235066,0.19466273179228147,0.41195578071671424,0.23540034007271593,0.2432292220009054,0.28062520919792133,0.32298875878390587,0.03739598719701592,1.5132219123249901,2.593767868143516,0.09245013540407256,0.03128911398002133,0.015036796255824969,0.16060305608099318,0.04607289252283375,0.07343517372507878,0.11160610402531475,0.12476719627211484,0.03817093030023597,-0.2732201716716312,0.07247664347546312,0.054694413115650084,0.003127574499811211,0.048795772039322095,0.06202670825980988,0.050227386214668206,0.05280518131259731,0.05652407786194717,0.05805073624662985,0.0037188965493498635,0.18945480871746034,-0.15938050457232134,3.7753995811287475,0.41488842716690055,2.8683862433862433,4.537781084656085,3.251760912698413,3.5551215277777777,3.970568783068783,4.34911541005291,0.4154472552910051,-0.2414236649134148,-0.25853758305481334,0.14999999999999997,0.07637626158259735,0.1,0.4,0.1,0.1,0.2,0.21000000000000016,0.1,1.571168809699146,1.9836734693877585,481.6958017852176,89.29875991051138,327.1551277814099,691.2902100101729,365.36636887174006,427.18630848154856,540.8404148834929,611.9840017625854,113.65410640194438,0.23896129097049068,-0.39763184210956526,3.3758066137631735,2.4861701925445745,0.0,9.335550308227539,0.7423259258270264,1.189885824918747,5.307948708534241,6.787922048568726,4.118062883615494,0.558285445196018,-0.7873930535267757,0.3218680474302555,0.22281833521394348,0.0,0.8604711886695381,0.09240548568454586,0.18136416362886204,0.40680515545358364,0.7609126608943928,0.2254409918247216,0.9499921020145589,0.21179879392929468
wdf_real_71,0,17.453411392054107,0.7590680883817713,0.6051263268562567,0.5780866260724813,0.32658765932055606,0.5500109417481189,0.12439047519912609,0.06435067734638383,1.5868483169129721,0.10000000000000003,59.097699815721036,2.1057758495725434,0.7303964821521727,0.2122316802367812,0.23058153440460843,0.0,0.0,0.0,0.0,0.0,-0.00046301145149370916,2.061839122794249,0.8917839432596867,0.08354220210657448,0.7068399452205887,0.9520462332516691,3.506890593869016,0.0,0.0,0.0,0.0,0.0,0.0,0.0,4.399306516803131,6.072852924196229,0.14249497515777987,0.9099756452905466,3.1846400669642856,1.670254378389287,0.7178534522039611,63.18755662796136,0.005127484740990042,0.0,0.0,-0.10456262540989898,-0.1920396656931006,25.882491656959154,18.69652940820371,0.25109127339552123,0.007640272073909467,0.3268787362452211,0.19851327239033068,17.453411392054107,1.21549385994295,15.738588353333231,20.81016465101593,16.01837009930491,16.453907480905038,18.40421480543007,18.90496882444648,1.9503073245250313,0.6821567097741355,0.03518674101771868,0.7590680883817713,0.03612738961253776,0.6610900967012012,0.8332326965809782,0.7270828792941059,0.735009801036864,0.7728581525419576,0.8145868087730218,0.03784835150509358,0.02032721349649206,0.7202410688357959,0.6051263268562567,0.008907118185904636,0.5863546927474953,0.6271658726333225,0.5932401768648083,0.6000763200450123,0.6087234460380929,0.6158044834181464,0.008647125993080595,0.024458328536751808,0.11897508958343472,0.5780866260724813,0.0550009671549396,0.4376279426816786,0.6955999038230344,0.528981518713865,0.5404014565590297,0.5975006961849068,0.6645165683580729,0.05709923962587704,0.21230480433056337,0.534493004617496,0.32658765932055606,0.3686397306576896,0.13009033999429248,1.4669214000595099,0.13588293389359013,0.15999850290534756,0.2748406981593677,0.7115169329778366,0.11484219525402012,2.4104359292175794,4.17557339559655,0.5500109417481189,0.03273210610839159,0.5009892253105149,0.6255459086218192,0.5117988871338266,0.5231122980375348,0.5731959035547458,0.5941663786603049,0.05008360551721103,0.4671105728740283,-0.6683406223918928,0.12439047519912609,0.030709930737023182,0.08122185212391439,0.18171353586009228,0.08586294249555836,0.09671109761855698,0.15526519951460538,0.16282140774645038,0.0585541018960484,0.2916709141753372,-1.2151670024980155,0.06435067734638383,0.004233419292799448,0.05759731309259807,0.07228874209497545,0.05977800695089597,0.06088080432418468,0.06741901935971055,0.07038996102865655,0.006538215035525867,0.3047094241266289,-1.1322378354167917,1.5868483169129721,0.27533911508624975,1.0872189153439153,1.9024470899470898,1.162119708994709,1.2992724867724867,1.8136574074074074,1.8631613756613756,0.5143849206349207,-0.5796050406720712,-1.276838218114592,0.10000000000000003,2.7755575615628914e-17,0.1,0.1,0.1,0.1,0.1,0.1,0.0,-1.0,-2.0,59.097699815721036,24.804380847319237,18.961975268469946,118.3294643105664,24.29316387314347,42.44868865737797,78.24906000924186,88.12767980026723,35.80037135186389,0.2002904889780105,-0.621075913374995,2.1057758495725434,0.8808946497830678,0.363067626953125,4.626021862030029,0.9431047677993775,1.5780301094055176,2.624755620956421,2.936502075195312,1.0467255115509033,0.3189605798944017,0.5850458615167926,0.7303964821521727,0.2384994124029058,0.13411200100341003,0.9745613907779354,0.3199808869687654,0.6216533967454089,0.901730006053436,0.935483367038286,0.28007660930802714,-1.255584892072171,0.5070839330054291
wdf_real_13,0,11.712153519310355,1.67947484614327,0.5403542689531559,3.7636225839556183,4.460040171621735,0.4035212239536752,0.12709415385845016,0.0676924713248608,1.6391417678182385,0.13137254901960782,111.39757743949089,1.976816113965184,0.5110818500568348,0.37893325533873135,0.2890504976265967,4.15297791351125,0.0,0.0,0.0,0.0,0.002572790768021476,0.8578129839605543,0.8661056907498783,0.1690851573617016,0.2978026489286893,0.0,0.0,0.0,0.0,0.0,0.0,0.0,0.0,0.0,9.297328828328387,13.831808188868354,0.07983605854191318,0.8443115685506016,3.01388671875,2.5236271332623854,1.3501789891959233,23.328720385154593,0.06494946444485944,0.0,0.0,-0.23925691540956956,-0.1947989123318481,14.986572828792873,22.29596470425563,0.3330533494341187,0.07013480753742521,2.347911904839908,0.20634644723072215,11.712153519310355,1.6782695064573234,8.450816910000071,13.571443563015256,8.872745522801063,9.52309441502581,12.890209851452127,13.261671963573315,3.3671154364263174,-0.8513720818114265,-0.9463690901946755,1.67947484614327,0.9703586325960437,0.5206034027081013,3.159348843865735,0.5350786953793641,0.5594389831624023,2.53988571888168,2.7440366491347907,1.9804467357192777,-0.1826404436434119,-1.75754360330965,0.5403542689531559,0.08503613187303442,0.4456382970898265,0.651353948219811,0.45614501961849185,0.4669159773124239,0.6393092127892072,0.6485945144341149,0.17239323547678326,0.3246641790843153,-1.8158970954349198,3.7636225839556183,3.1187097488683304,0.27120178839242765,9.984750906802873,0.28649032293287474,0.3130890906656255,6.454055092652911,7.532733047580869,6.140966001987286,0.053338153396744074,-1.5318844343432547,4.460040171621735,3.4134091770511485,0.653895764391964,11.298842247987727,0.7585953808584084,0.8818959324167626,7.460160984640559,8.638782332784226,6.578265052223797,0.26786941096041234,-1.298809593287418,0.4035212239536752,0.01999886573408874,0.35825727015665926,0.4396294692340856,0.37631726788009817,0.39016882442368017,0.4189962584402109,0.4291523746502066,0.028827434016530706,0.006009594787626672,-0.7265485151206148,0.12709415385845016,0.060949264798430165,0.02326677042755468,0.19615822057985724,0.03267017844887863,0.04703759632520908,0.1738164229078445,0.18277850238794552,0.1267788265826354,-0.7182579704722497,-1.249454866188868,0.0676924713248608,0.003845434820445398,0.06022374171327016,0.07634486483887244,0.06280242216080321,0.06530150300052087,0.07148235352075455,0.07272490577203748,0.006180850520233677,0.23567654141931638,-0.7175195797506424,1.6391417678182385,0.43124358813747027,1.1974206349206349,2.478339947089947,1.2454530423280423,1.287078373015873,2.15625,2.3172123015873014,0.869171626984127,0.7905395593112762,-0.9841327306136303,0.13137254901960782,0.05044972678536709,0.1,0.3,0.1,0.1,0.2,0.2,0.1,1.2534611999307925,0.492944569691772,111.39757743949089,17.156120587512646,80.5877435081654,147.46168104942586,91.51037013683201,100.66890678266554,125.98937429953014,135.05174569432575,25.320467516864596,0.21643254923916205,-0.7951000199647145,1.976816113965184,1.850601085928338,0.0,7.419063091278076,0.49542564153671265,0.6600350737571716,2.8551292419433594,5.1890788078308105,2.1950941681861877,1.3441222176562657,0.8567995977102143,0.5110818500568348,0.2668180726238264,0.0,0.9853015488649828,0.1954542999397402,0.31075235858488875,0.7361541222605359,0.9310299524740592,0.42540176367564714,0.20758173361013543,-0.9690716383901536
wdf_real_83,0,15.475809357706373,1.8614452721813308,0.5352459544866888,3.6620118413528666,0.12016352716888716,0.47813194212362986,0.12886773825487785,0.06395562611969345,3.100628306878306,0.12666666666666668,130.23649528687665,4.899810187021891,0.6225603100210539,0.11476828227239838,0.1921673337352988,3.4517579337544584,0.0,0.0,0.0,0.0,-0.008506116624374723,1.4971037192379917,0.8107221853968747,0.13980063201389,0.4544950131384916,0.9457449258806797,2.6565647611158294,0.0,0.0,0.0,0.0,0.0,0.0,0.0,4.625356270476949,5.430919949015486,0.06480363505555223,0.8385000413650253,7.085297683189655,2.9258672716122818,1.0212886052677828,13.115853925502563,0.2413410607032085,0.0,0.0,0.6409330010073537,-0.13036768137156043,20.17963488851052,26.15926881508436,0.14943605494548667,0.021247808319507806,1.6235659698645273,0.16427661256104265,15.475809357706373,1.0435592195987002,12.909866855706916,17.688897108789604,14.256339648706843,14.885047319973175,16.278686310893992,16.706605852986883,1.3936389909208167,-0.08873651881241809,-0.08104902479939824,1.8614452721813308,0.43925760809127745,0.8684774706782954,2.6239104651927923,1.394134697379093,1.56125152029498,2.2368487887709616,2.4355334025650928,0.6755972684759817,-0.11712357309762388,-0.6832694594752384,0.5352459544866888,0.03068628586828799,0.4891365570873686,0.6361150459189656,0.49836836962146697,0.5109049421667851,0.5507487958308268,0.5631274833446764,0.03984385366404175,0.9207715715382154,1.8022379392370906,3.6620118413528666,1.6301983856289237,0.7545345002536783,6.89517841971113,1.9480012996134415,2.441011743704802,5.01093814550828,5.938790204003951,2.5699264018034786,0.3105920793779106,-0.9365447245893064,0.12016352716888716,0.051076996268784425,0.029714555405717834,0.22593216698691782,0.0642046119875672,0.08873407705584327,0.14355338348792224,0.20271006066243247,0.05481930643207897,0.49131603224709924,-0.5419448827739601,0.47813194212362986,0.029094504953002965,0.42491180926097694,0.5506350109701897,0.4446941162788438,0.4548995590071639,0.5022387222538904,0.512273216739568,0.047339163246726546,0.2572862429404091,-0.40233321322574955,0.12886773825487785,0.03805224755004447,0.04506738146314531,0.1892964228717986,0.07885021645900145,0.10137286386904032,0.16144029174819136,0.17045485851823527,0.060067427879151036,-0.37364688217494,-0.9455313495723776,0.06395562611969345,0.004112721707507658,0.05539707368130674,0.07455202918067823,0.06020175031058272,0.06163049555390243,0.06618218568285421,0.06914184099914293,0.004551690128951777,0.4840496775463431,0.36737244433414507,3.100628306878306,0.33586793092741957,2.3935185185185186,3.7359457671957674,2.6915013227513227,2.8888682208994707,3.3497437169312168,3.55265376984127,0.46087549603174605,-0.16143563900995206,-0.4675542637014738,0.12666666666666668,0.051207638319124046,0.1,0.3,0.1,0.1,0.1,0.2,0.0,1.7718931443661288,2.273484630853207,130.23649528687665,26.009015679555727,65.30716432779992,206.3469483686978,106.91136320936519,117.19579650384824,139.5374127952142,152.8425073531586,22.341616291365966,0.34898778494155636,1.7991390393793285,4.899810187021891,2.715532529765005,0.0,11.60993766784668,1.6718754053115845,3.288813591003418,6.408387899398804,8.46468782424927,3.1195743083953857,0.415348131451693,-0.2694558001189704,0.6225603100210539,0.2326030439302353,0.0,0.9556406487414263,0.3468906324024136,0.4920959063418827,0.8247841512798806,0.919446134143259,0.33268824493799787,-0.4516248703453095,-0.1750612273075176
wdf_real_61,0,15.722567585260725,1.5342708146056405,0.5560384327420943,3.121834926271374,0.36533946484534124,0.42670345340808075,0.15232396321316255,0.06191260748606123,2.322326559934319,0.13103448275862067,347.09719456620905,3.0072943003013215,0.6245909857888988,0.16849025873756052,0.2159940615281107,4.335824201803446,0.0,0.0,0.0,0.0,0.006827153291911552,-1.3063952417718727,0.8566254821555318,0.17273565658517961,0.05107093595521826,0.0,0.0,0.0,0.0,0.0,0.0,0.0,0.0,0.0,20.362603614088172,11.286936368366487,0.08661461078847428,0.912309757686228,7.680458470394737,9.20775351980724,0.3682849680958148,9.517910052869848,0.03436286998920425,30.0,100.0,0.08140897091169254,-0.2138901191536297,16.289687001761337,38.73443953203969,0.09602274110919762,0.053981711978528864,3.8265523076828183,0.2140398461018861,15.722567585260725,4.621374287325541,7.021973736893712,34.30209150094728,11.269972842804048,12.649827952731702,16.928984618922495,18.365641886812718,4.279156666190794,1.561908704383449,4.106503580105671,1.5342708146056405,0.871800912484617,0.44765729368438995,3.449068423751588,0.7274108486988465,0.7647953383546224,2.157346371069657,2.928490699382843,1.3925510327150348,0.5432439728761371,-1.1365116512820963,0.5560384327420943,0.05147605986229387,0.46953018344746345,0.6732908307890473,0.49010044942780695,0.5084756517047658,0.6042144714964844,0.6110959530134566,0.09573881979171861,-0.0055381097653997855,-1.3909929653312072,3.121834926271374,3.147382997858247,0.20069007101701727,11.906967840735069,0.5296096033485777,0.585933313258539,4.679116776420558,8.592313594733199,4.093183463162019,1.0070579515806801,-0.08126527950990514,0.36533946484534124,0.1463265843497395,0.0887933564100397,0.6229457857433196,0.12370628234669405,0.23502308311885328,0.47050577286675216,0.5121992208481394,0.23548268974789888,-0.45575358015747547,-0.8502078477972055,0.42670345340808075,0.11208640720174363,0.24918373763807278,0.562802136353892,0.27615719607889555,0.30117612785078574,0.5266336878536673,0.5406152365997017,0.22545756000288153,-0.3417073049736281,-1.6726937946936566,0.15232396321316255,0.048841882776453995,0.03812481317965964,0.2631551937258081,0.0730829732894765,0.13032336675420322,0.17660600779680494,0.22053867536037547,0.04628264104260171,-0.28146054451275654,-0.07631895018295376,0.06191260748606123,0.008063376023138858,0.0486564354162144,0.0829135817671884,0.05287052250404005,0.05424914025518578,0.06873362721130799,0.0709305064548473,0.014484486956122214,0.17306311111232767,-1.1653273847324799,2.322326559934319,1.0855272299150058,0.5566302910052909,4.107473544973545,1.2755539021164022,1.312272652116402,3.449074074074074,3.7214368386243386,2.1368014219576716,0.2746363956601771,-1.6086131408224031,0.13103448275862067,0.06487892318009235,0.1,0.4,0.1,0.1,0.1,0.2,0.0,2.2435352806763285,4.7108110696160095,347.09719456620905,309.5178542014144,9.954846405696571,957.3493142531871,46.7980864372686,60.68818794429407,635.7602017664702,787.7468934924875,575.0720138221761,0.38388413797829146,-1.4751727581780665,3.0072943003013215,2.3680284352812886,0.0,11.300490379333496,0.8671120703220367,1.5569242238998413,3.7106637954711914,6.743726396560671,2.15373957157135,1.641844380147084,2.3438185650443506,0.6245909857888988,0.29104128632131204,0.0,0.9824837427838534,0.21481248882202245,0.4666412587835279,0.8898780079557855,0.9506638109304163,0.4232367491722576,-0.5263172090749397,-0.8897058317028952
wdf_real_136,0,8.068350405769316,1.9060750513206295,0.5161956732968711,3.8919886990617827,1.3718741457373005,0.32533874383135786,0.10358478963426994,0.07015680757119455,2.417308752204585,0.1766666666666667,299.1524136578649,3.0970987419287366,0.5171777899995488,0.2765325145661648,0.25349413156137773,3.420544901465732,0.0,0.0,0.0,0.0,0.004832456735462477,-0.3919151632926788,0.6938068884410695,0.1745511736759964,0.1182473161911033,0.8822433252867327,2.606238927638374,0.0,0.0,0.0,0.0,0.0,0.0,0.0,10.715039331194722,8.908564591801138,0.07198181134732443,0.8255518255470691,13.157596982758621,1.512642061255507,1.0462175604313873,9.185470055487734,0.19091851163888235,0.0,0.0,0.1102530080133394,-0.26693606592287494,18.3518314194303,23.967813809867227,0.1550291400778738,0.034665198152074146,2.802493965625763,0.20531656431852796,8.068350405769316,3.5049776108553607,3.5836477255057475,21.328409855977686,4.615918552072038,5.653763465225118,9.639908546021394,11.379578384373852,3.986145080796276,1.8435418473175973,4.578658454211667,1.9060750513206295,0.5060505369076783,1.0711835912869212,2.765946411508756,1.247262292294948,1.4455812198816098,2.370587248437361,2.4508935842336155,0.9250060285557511,-0.09487138502613114,-1.3265417473199461,0.5161956732968711,0.03240528365245477,0.4746070422236517,0.5834210654161263,0.4861899124136133,0.49072222919866165,0.5418359341458643,0.56680197648893,0.05111370494720263,0.6967583414411125,-0.8452690248735597,3.8919886990617827,1.9185699000272838,1.147809910366988,7.6585935978183235,1.5564708197613406,2.0907931254488075,5.620825080067631,6.010975124933651,3.5300319546188232,0.17462671352699538,-1.2391960858623996,1.3718741457373005,0.8074650373966419,0.5681628704940725,4.29672928960231,0.6531673695214261,0.9266583589192204,1.464874367502216,1.977036687710945,0.5382160085829956,2.280427462100224,5.343448561855952,0.32533874383135786,0.06303695338249704,0.2236360466191278,0.5332230663708927,0.24992771236359593,0.2847039887969867,0.3562762594408528,0.3997560922517807,0.07157227064386606,1.0924341489262175,1.9733635639507812,0.10358478963426994,0.05130408970513414,0.009217142312788792,0.23144412891352745,0.03956019256161602,0.0730113337425265,0.1440499286177972,0.16386527684924518,0.0710385948752707,0.20503342202247232,-0.25419750632295735,0.07015680757119455,0.007108784587186829,0.05998970291592003,0.0862596378411884,0.06334257297802726,0.0654434739291539,0.07499171973382077,0.08043023421656968,0.009548245804666872,0.8539905666481098,-0.2965557071475433,2.417308752204585,0.6365912748638577,1.2275958994708995,3.364996693121693,1.573090277777778,1.9031911375661374,2.991071428571429,3.1295552248677247,1.0878802910052914,-0.38830554230620307,-1.1814292954666077,0.1766666666666667,0.08825468196582484,0.1,0.4,0.1,0.1,0.2,0.3,0.1,1.0540971210759016,0.3827708938321255,299.1524136578649,101.74493109844946,155.39387728984119,496.4916517490765,188.010602900719,212.6403239225704,382.4508256205397,457.516663901746,169.81050169796933,0.5064387656038701,-1.0342180560407506,3.0970987419287366,2.338523982786583,0.0,9.835152626037598,0.7694022357463837,1.1668579578399658,3.917156219482422,6.343670988082887,2.750298261642456,1.013184803029748,0.5118113635597692,0.5171777899995488,0.2151743799578348,0.0,0.8958494564656561,0.25633249593568114,0.3698320900830694,0.6695420958292603,0.7892994976595766,0.2997100057461909,-0.2592709412766716,-0.38765437664437075
wdf_real_46,0,9.164917140316168,3.1303474692324826,0.455401485497199,10.441038745103791,1.7605971011539143,0.38208415027046055,0.05341975082610023,0.06892689541826756,2.3243398053665913,0.16071428571428573,168.2033146119937,4.298236320327435,0.62243035267851,0.09267038839982739,0.21642280549941814,3.4616408404442227,0.0,0.0,0.0,0.0,0.006144788716708779,24.310844634943532,0.7898062928553984,0.1127730875590092,0.5552274690882869,0.0,0.0,0.0,0.0,0.0,0.0,0.0,0.0,0.0,1.939006355628925,3.6124860136329655,0.06961702601993078,0.7275429465234898,11.10275607638889,0.518094204911311,1.4852616506768244,41.41305989689134,0.5589860451593536,0.0,0.0,-0.3568008127491812,-0.2539223463887828,17.649184483384094,36.224766249245825,0.18712262467634885,0.0347282938167131,3.1260756977966855,0.15754557319947426,9.164917140316168,1.1198709914273548,6.437991828206475,10.822309903839159,7.9433349302102325,8.293006794135453,9.910856782917596,10.675848009451784,1.6178499887821438,-0.22418742301333858,-0.5999071255661796,3.1303474692324826,0.7897773675489624,2.13030994531445,4.650284438591202,2.224957367744446,2.4548072565698638,3.5555297526987015,4.433322381595847,1.1007224961288378,0.6056132357671931,-0.8968287070082153,0.455401485497199,0.02398084456962452,0.41262754349800534,0.4940654833956535,0.4216612788343713,0.43328767538308255,0.4778264093491472,0.4833028538023864,0.04453873396606467,-0.2204796735964708,-1.2554536983239093,10.441038745103791,5.367078427665038,4.541835708589064,21.685627005916245,4.952415335693171,6.028089270030244,12.666549910638965,19.702989601978175,6.638460640608721,0.8546945108316615,-0.6368602074291436,1.7605971011539143,0.6293214768185296,0.6123930248963978,3.076533176461608,0.97096387028582,1.2671825698265553,2.2648842036224965,2.4852169451512554,0.9977016337959412,0.10093672779354972,-1.0190570081581298,0.38208415027046055,0.024110086765559157,0.31701111957827705,0.41495134421589525,0.3548007502979412,0.3636438468383287,0.40176127289750374,0.4109776868233468,0.038117426059175064,-0.5575144742322795,-0.17032015840002934,0.05341975082610023,0.015400626322516896,0.029803725866715515,0.08353190455973643,0.03575958181556187,0.0415092882994707,0.06058458434756906,0.07938946221734094,0.019075296048098364,0.4522734247353258,-0.7012295775711208,0.06892689541826756,0.002378550105523736,0.062441812426846495,0.07366173773481578,0.06649164053477136,0.06747107645590827,0.0703601308646312,0.07168790619751203,0.0028890544087229325,-0.35630983067313626,0.335013260445459,2.3243398053665913,0.25327211225990837,1.911871693121693,2.838789682539683,1.9818617724867724,2.191261574074074,2.536809689153439,2.6724041005291004,0.3455481150793651,0.2651157692399406,-0.767691759315428,0.16071428571428573,0.08167569018592337,0.1,0.4,0.1,0.1,0.2,0.3,0.1,1.2265283206084137,0.7270673310691014,168.2033146119937,29.98092362655924,112.23808693638392,249.90608183445616,132.79115761006395,147.7010350868145,180.70179522389128,208.4846626715567,33.00076013707678,0.6141738673963604,0.3599258907022507,4.298236320327435,2.5039832425508592,0.0,11.149316787719727,1.9063106894493103,2.7036800384521484,5.588831067085266,7.503124046325684,2.8851510286331177,0.6673411635655322,0.3970527739005316,0.62243035267851,0.2742714824587296,0.0,0.9562662380500735,0.2876968266561998,0.36616486485938304,0.8603753430587626,0.9117170983835916,0.4942104781993796,-0.5435452893157332,-0.909116931857954
wdf_real_42,0,4.615682225643692,3.1065485356946594,0.4496951314003578,9.67134346013986,0.5692978588045121,0.2263446224700704,0.09212614882250106,0.06080498118379116,2.8035631613756617,0.16333333333333336,367.62324547441386,0.5409187529430104,0.443147062280103,0.8535808347750818,0.0743968175218567,2.6213715116048504,0.0,0.0,0.0,0.0,0.009912560051039191,0.6336378710126757,0.9710568851317017,0.02184731451820271,0.9250334952545691,0.9360920623415704,3.2402239274922415,0.0,0.0,0.0,0.0,0.0,0.0,0.0,2.6737851417538665,0.6626702548856247,0.00996468488593284,0.9599322907706924,1.0586274245689655,0.15986159661872554,0.7408249677820962,66.84838807409852,0.04511184276710054,0.0,0.0,-0.025111523197399767,-0.06815478187842643,13.82452682110915,11.904956688161542,0.553765631851292,0.005717241438654121,5.66545082728068,0.034447885498886666,4.615682225643692,0.11687819674895292,4.4398350522157415,4.894932180348405,4.494219372301555,4.535694350170017,4.668910892811411,4.789894043306546,0.13321654264139404,0.7221331599408848,-0.30895973433417634,3.1065485356946594,0.14111270994777983,2.7300701872999418,3.3531866332072293,2.967782804704719,3.029739793767822,3.186517054229382,3.321416759750438,0.15677726046156026,-0.2510367455471193,0.2259676651179512,0.4496951314003578,0.009646784394456613,0.4361512448963569,0.4823978982786379,0.44158004332578077,0.44347474458259073,0.45057493085597683,0.4604743013901541,0.0071001862733861,1.5178125251713783,2.5619645672067115,9.67134346013986,0.8718952090416575,7.454077795493517,11.243936496372521,8.808594882546133,9.180757678543323,10.154454505764289,11.031813674286663,0.9736968272209658,-0.10671337469256076,0.02502052549843814,0.5692978588045121,0.04058991829243961,0.46594348721878603,0.6258497805104076,0.5122239071862743,0.5411771873970616,0.5966004307266786,0.6172342295657348,0.05542324332961701,-0.6801801384390661,-0.30969550117477906,0.2263446224700704,0.0030243229121260148,0.22215994782006945,0.23308355017894153,0.2232873537901882,0.22410834198038798,0.22760724950629185,0.23080061908340607,0.0034989075259038716,0.7861405567865254,-0.5595247776643455,0.09212614882250106,0.00596797633392716,0.07913437806774375,0.10268035664512708,0.08333829019776749,0.08872775730601784,0.09703837508452429,0.10023287162352815,0.008310617778506446,-0.29312793623781586,-0.5087969278480582,0.06080498118379116,0.0012664208536544259,0.05785199227083247,0.06309410401173123,0.059024919149841565,0.06005214639739971,0.06192085629049673,0.062135998138002024,0.0018687098930970161,-0.2878617353676337,-0.427430162057552,2.8035631613756617,0.14922228565629372,2.468088624338624,3.116732804232804,2.668039021164021,2.718150628306878,2.9288814484126986,2.9911458333333334,0.21073082010582045,0.12030436589445875,-0.3253186312504286,0.16333333333333336,0.08359957469322968,0.1,0.4,0.1,0.1,0.2,0.3,0.1,1.1149117404701658,0.28979301942922886,367.62324547441386,7.44695532755393,351.8277165381849,383.61293070122883,358.1525841303082,362.9856681359885,373.1006861390028,376.0053885096282,10.115018003014313,0.049678132714324336,-0.5452034561575547,0.5409187529430104,0.25942382141992315,0.0,1.1098865270614624,0.293235619366169,0.42571885138750076,0.6223094612360001,0.9379676759243012,0.1965906098484993,0.23816524069528297,0.14856612875954234,0.443147062280103,0.2237416336656119,0.0,0.9039437011761836,0.17063519709319078,0.2676029914523672,0.5907002608413243,0.7484159944713732,0.3230972693889571,0.11252218849913224,-0.8255755681834565
wdf_real_59,0,11.048703171900694,1.795156697399542,0.4893353371376184,3.2412127733560805,2.8822380102827627,0.3861586409193005,0.20695142754258752,0.08309815038827513,1.713095238095238,0.13333333333333336,113.2091690092724,0.3577391298698937,0.4223584448548375,0.8873849280436056,0.06743025178741084,2.8666929403054597,0.0,0.0,0.0,0.0,0.003761266494927948,0.606663155590515,0.9951972420989537,0.0046014701656556444,0.9795411642464602,0.9779872350022732,3.189898094014527,0.0,0.0,0.0,0.0,0.0,0.0,0.0,1.6146019027160103,4.822981026053764,0.02283127328104239,0.9940882601797215,0.8597790948275862,0.22713636674557444,0.8612706586033219,70.78679957390236,0.39614646302770695,0.0,0.0,0.7880551794012521,-0.0630704011195462,20.900420937239254,4.332082870487782,0.6080193394590564,0.009499000597370988,2.007835841178894,0.014224722233956988,11.048703171900694,1.2516437869343746,9.58458565056022,13.260415903862738,9.729798141522192,9.785357519696435,11.736180804780414,13.011243818286653,1.9508232850839793,0.4664461066167699,-1.1374579552578559,1.795156697399542,0.13303871707651996,1.426765906613361,1.9329472318056402,1.6000021192520486,1.7200479718377635,1.8870846283520972,1.9008986635397687,0.16703665651433375,-1.2879323500344373,0.5685706939311506,0.4893353371376184,0.01336048410354453,0.4736851976016895,0.5270274739142577,0.47510782190172796,0.47892545936685055,0.49636460336598487,0.5001758099439197,0.01743914399913432,1.2430134344697896,1.2585443009369053,3.2412127733560805,0.4545164904213142,2.039602028872415,3.7371123681148957,2.561253890496202,2.9609416626677065,3.5615773670784465,3.6146121435598655,0.60063570441074,-1.1812025725577886,0.2309918700096416,2.8822380102827627,0.5697097265428702,1.7509205389753206,4.124931266933846,2.4150996680823176,2.585035942635038,3.0966762570654516,3.8140740778248947,0.5116403144304136,0.5055962218180117,-0.021438261166514927,0.3861586409193005,0.021668484403437275,0.35943196098277835,0.4251169403073641,0.3634288287727807,0.36476869323013417,0.39698318482317246,0.4201620324023599,0.0322144915930383,0.49709246019454856,-1.0550715066086878,0.20695142754258752,0.004827413435827797,0.19841551939981475,0.21813498538210963,0.20157858023018965,0.20269795717886285,0.21029408044116116,0.2124661321350982,0.007596123262298304,0.40580452102164283,-0.5497652386597647,0.08309815038827513,0.002830878206454111,0.0779181729522953,0.0894230267371816,0.0797868700823893,0.08075019798164157,0.08483329756377131,0.08657239244978937,0.00408309958212974,0.18480241678973156,-0.5495619962777885,1.713095238095238,0.053366178180696,1.6126818783068784,1.8077050264550265,1.6303819444444445,1.6869006283068784,1.7515914351851851,1.7839947089947088,0.06469080687830675,-0.26651581156188897,-0.7885528597310549,0.13333333333333336,0.04714045207910318,0.1,0.2,0.1,0.1,0.2,0.2,0.1,0.707106781186546,-1.5000000000000022,113.2091690092724,11.942085028366003,73.32328586605762,126.11847241172855,95.56261108154794,108.80177861313966,122.99441808753456,124.26061442103993,14.192639474394895,-1.4138042510767008,2.000596447898964,0.3577391298698937,0.19722545313237377,0.0,0.9490485787391663,0.12162310481071474,0.26532626897096634,0.447220116853714,0.5857768297195435,0.18189384788274765,0.6823101106324424,1.2834379862732055,0.4223584448548375,0.20525280041139865,0.0,0.8632718395199414,0.18661911071528967,0.2655135537383762,0.5328083581553187,0.6937033386267459,0.2672948044169425,0.30762860160543504,-0.41843007567817336
wdf_real_35,0,13.641144321869673,1.9222999436713644,0.47663755005381697,3.7000625127855296,0.43161719322836356,0.41281618836635664,0.17900906291573732,0.06567859863936634,2.2171902557319223,0.16000000000000003,176.28436865396654,0.3792900457978249,0.3435954148429541,0.8788670939270024,0.07593846005200719,2.965121421021424,0.0,0.0,0.0,0.0,0.01706022228129272,0.7882158356923823,0.9932794212877764,0.010720601470539185,0.9429208261033807,0.7987565962406924,3.1898980940139725,0.0,0.0,0.0,0.0,0.0,0.0,0.0,1.0554967052246518,2.911643562917838,0.0289756568996097,0.977170994198303,1.2680495689655173,0.4135661870416043,0.609173363656804,159.4569951215802,0.01354606602780902,0.0,0.0,0.6732090797245854,-0.19534521142066408,19.39185346419829,12.250137185100948,0.6265990712760717,0.008323853289984891,1.8304071187973023,0.020540745712127495,13.641144321869673,0.17133729951219226,13.367980744557729,13.973662809948781,13.45662305550403,13.485177811708517,13.803172893535146,13.864625943599684,0.31799508182662883,0.2511134400080736,-1.1369838045791971,1.9222999436713644,0.06776251622029109,1.8131414872504243,2.1150246963059423,1.8453688383126619,1.8735018111469552,1.976300048684972,1.9926959577094765,0.10279823753801676,0.5759947649090643,0.28499351736555356,0.47663755005381697,0.007285646230954559,0.45693589886556896,0.49162491077538273,0.4667238979852891,0.4722480568721211,0.4807151645443698,0.4841946461600428,0.008467107672248675,-0.4619789492939058,0.5142737623873588,3.7000625127855296,0.2633322522738456,3.2876006174881462,4.473822575232129,3.4055948259395117,3.5100356161618342,3.9058875209204182,3.971055900982213,0.395851904758584,0.6795948076958771,0.5270518088865686,0.43161719322836356,0.146858053741328,0.21831618052039198,0.5934050551842694,0.22851528681787572,0.235498852780697,0.5510387822667492,0.576554380351256,0.3155399294860522,-0.529106386133083,-1.5159026240664966,0.41281618836635664,0.005523759097119888,0.4043225862139161,0.42362324475740676,0.40607541493435495,0.40771871566048684,0.41752785855466856,0.41918079367266997,0.009809142894181722,0.06222638810511027,-1.2660645544850937,0.17900906291573732,0.010780167190353077,0.16031688023785942,0.1931658948011802,0.1629612549885661,0.1672110750802741,0.18713290093692,0.18992905397550594,0.019921825856645897,-0.5911026145618699,-1.2888204417053928,0.06567859863936634,0.002200001090120759,0.06119596843080887,0.06931587269632525,0.06302753169671337,0.06391191820845216,0.06764124904627311,0.06841052678808857,0.0037293308378209544,-0.05801217237271221,-1.0567109638245096,2.2171902557319223,0.07632359347996928,2.0852347883597884,2.327876984126984,2.116253306878307,2.1438905423280423,2.281105324074074,2.3112929894179897,0.13721478174603163,-0.17462417607645137,-1.3145186977605567,0.16000000000000003,0.06110100926607787,0.1,0.3,0.1,0.1,0.2,0.2,0.1,0.4909902530309813,-0.6428571428571455,176.28436865396654,16.98717148482004,151.3174207794215,216.1955636329545,155.42927527056418,161.69776950127974,187.81095559473908,198.26750359587143,26.113186093459348,0.28330674315502047,-0.8854628667513822,0.3792900457978249,0.23676855822587745,0.0,1.1088447570800781,0.21516683101654055,0.258248046040535,0.4082031473517418,0.5806601643562318,0.14995510131120682,1.7387631649237503,3.3105745350778166,0.3435954148429541,0.2147446685734292,0.0,0.825379757353861,0.0828059300490361,0.17384947110284982,0.5322420811338822,0.6081407230842274,0.35839261003103234,0.38642506916582114,-0.666414909913049
wdf_real_19,0,11.080842064960057,1.3124693092812094,0.5283462171609262,1.7385421820874927,1.1466421537918399,0.4560672857373975,0.05422404977266836,0.0780432911838393,1.7633404982363312,0.1166666666666667,72.6677197664128,0.7232798193891843,0.5294586706180181,0.627283977882927,0.18344083747557374,3.2740524759770837,0.0,0.0,0.0,0.0,0.012597942465479565,18.672161779813404,0.9774006458538355,0.017269802584693246,0.9033211129624745,0.891193790043246,3.323231427202611,0.0,0.0,0.0,0.0,0.0,0.0,0.0,1.2951193322155345,3.5676767741195072,0.0675663790284501,0.9883726808615569,1.2510775862068966,0.5481060283952951,0.7991997079099638,36.17273632831079,0.585357371762986,0.0,0.0,-0.49954132798456113,-0.20365261613650718,34.77798201229885,7.370980329757126,0.4288112149778839,0.013620313319415203,0.9547586560249328,0.08953835017793521,11.080842064960057,0.7427750402561342,9.955686710229962,12.274780722645593,10.081442325580632,10.31625686321046,11.841912673287714,11.928070790210846,1.5256558100772537,-0.0786774207583805,-1.5171069792991707,1.3124693092812094,0.12579476200544254,1.067238804596436,1.5144030306747216,1.1098021371779092,1.2383541070379496,1.402543642308088,1.4330178054621383,0.16418953527013835,-0.608377989904271,-0.8009104047433304,0.5283462171609262,0.019674004844245533,0.49873930450212667,0.5701453239772791,0.5092441368519649,0.5152126560130532,0.5369403553014733,0.5611250368962661,0.02172769928842011,0.8031726134499751,-0.4074931815032623,1.7385421820874927,0.3209540882072454,1.139006271962991,2.293915670924324,1.231693370392236,1.5336239044353894,1.9671677413366249,2.0536672867733965,0.43354383690123544,-0.483465843488084,-0.869040770832433,1.1466421537918399,0.16009054006123438,0.8820029547663741,1.6246967153061094,0.9449560536725383,1.0305706785776105,1.2478672875072496,1.3257895331883536,0.2172966089296391,0.7806249504279402,0.8121355300155924,0.4560672857373975,0.00999642998535951,0.4381748560637011,0.47460978708473317,0.4423311024754174,0.44779266538158935,0.46017292130484155,0.470106821648531,0.012380255923252204,0.06869434689870213,-0.7804776571953274,0.05422404977266836,0.007719746202002124,0.039170620289834666,0.06610106754543045,0.04392041657356709,0.048179623116416354,0.05999971229961411,0.06423523213574288,0.011820089183197754,-0.24243988215683115,-1.0357884375110478,0.0780432911838393,0.0034228289423566863,0.06915004551031466,0.0859630888955901,0.07485397394246769,0.0754947924000228,0.08011380966414658,0.08231784760775404,0.0046190172641237814,-0.0439514453251575,0.21126449751175524,1.7633404982363312,0.08453716957200082,1.5596064814814814,1.9189814814814814,1.6646246693121691,1.712652943121693,1.8174189814814814,1.8619708994708994,0.10476603835978837,-0.5093825082431309,0.05944783261994768,0.1166666666666667,0.0372677996249965,0.1,0.2,0.1,0.1,0.1,0.2,0.0,1.7888543819998293,1.1999999999999922,72.6677197664128,12.048777314726891,42.745543517023435,89.85088771041349,54.25564071228154,68.25405234296915,80.58153469467263,84.9447136982729,12.32748235170348,-0.9411221705585479,0.4412377595986001,0.7232798193891843,0.3419727430140777,0.0,1.7392854690551758,0.3313504070043564,0.47600317001342773,0.9031139612197876,1.0352936267852786,0.42711079120635986,0.5040464126641326,1.0445790397913326,0.5294586706180181,0.27414740181915476,0.0,0.9449721040110051,0.19655212101829686,0.2960943970729836,0.745219112069099,0.8700606020077016,0.4491247149961154,-0.23082673056106998,-1.0322123148983366
wdf_real_24,0,10.125745593344229,2.07370899727597,0.48796448261127395,4.547883680072706,0.9227715231021291,0.3588291459645658,0.1423584712642483,0.07481391082867685,2.228212436104385,0.14406779661016947,167.2873831324621,0.8764808547231211,0.4621461738868253,0.5867975419695487,0.3269215453631314,3.991836690277824,0.0,0.0,0.0,0.0,0.003414923023825273,-0.9360814618562123,0.9457568914106574,0.10395138123710915,0.561811951484751,0.0,0.0,0.0,0.0,0.0,0.0,0.0,0.0,0.0,6.1388939250776975,9.695952360483432,0.08564543154025497,0.88552238250434,2.8396922144396552,3.0915616998213586,0.048995136584343846,9.312543503454645,0.22043162070919126,0.0,0.0,0.8390082772837033,-0.21372191901450396,14.06036931575475,23.290290157393123,0.7087590890448509,0.020808800772500854,2.1269726106676003,0.06283984782752938,10.125745593344229,3.1069433136874323,4.18517991730959,13.681105148402194,6.343950779634511,6.979542948716246,12.93983662275831,13.381781392723061,5.960293674042064,-0.2845963314304225,-1.5681198523071833,2.07370899727597,0.49706123239783284,1.4528108061225333,3.010626913289701,1.5148096859444222,1.5661253864855462,2.439118484538075,2.778818485865363,0.8729930980525289,0.3297158671239381,-1.3300934360985268,0.48796448261127395,0.038110439368680464,0.42146955603289227,0.5344150538604566,0.43714033927821483,0.4524846899443332,0.5237050760088208,0.5296183707780243,0.07122038606448755,-0.2569227694399005,-1.5904414181199134,4.547883680072706,2.1515114769261907,2.110884058341209,9.065315114167486,2.294918242950892,2.4529810634526354,5.949923776846353,7.724786742987145,3.496942713393717,0.5270732728193681,-1.1144945302249087,0.9227715231021291,0.5228112392035297,0.3556329119350754,2.1708008589589305,0.3942006652371291,0.43475736582013136,1.2988031665066317,1.5461890997238357,0.8640458006865004,0.47495680347684377,-0.9115536901583878,0.3588291459645658,0.06558770774678077,0.21880785079835613,0.43746174611872474,0.2840692501385686,0.29587793759769454,0.4155006877107038,0.42848979320467834,0.11962275011300927,-0.30879747982440153,-1.4255133815192425,0.1423584712642483,0.047447061352587735,0.05590748620315838,0.19107140206649226,0.07418232685883668,0.10832593852809971,0.18669806070593428,0.18817043181227178,0.07837212217783457,-0.37326026731783835,-1.462736510291229,0.07481391082867685,0.005122267717331341,0.06359884815487206,0.08218187465681984,0.06833624150825626,0.06999123110925981,0.07911371378196623,0.08084336520427622,0.00912248267270642,-0.33050286505445503,-1.1643004970634254,2.228212436104385,0.36355448909517873,1.7962962962962963,2.9831349206349205,1.8952876984126983,1.9378720238095237,2.5074404761904763,2.7974041005291004,0.5695684523809526,0.690335524621268,-1.0737553787049048,0.14406779661016947,0.061812144165459215,0.1,0.3,0.1,0.1,0.2,0.2,0.1,1.0872095370843942,0.11226524959014172,167.2873831324621,58.37071238664045,102.24722324797492,287.1962536290855,110.70473706863979,122.42067372243126,209.965781269324,264.4844989649177,87.54510754689274,0.8223831132604513,-0.7336624701246461,0.8764808547231211,1.0769518771460205,0.0,5.275826454162598,0.2287139326334,0.28358201682567596,0.7822708189487457,1.9388037204742437,0.49868880212306976,2.672244298198101,7.064879306180767,0.4621461738868253,0.22422640828285514,0.0,0.971685753747483,0.1648074787580313,0.2937716105989806,0.6296567759320552,0.7749039183586391,0.33588516533307455,0.08872070754792531,-0.7506440723844103
wdf_real_143,0,5.981534964352703,2.07409427589957,0.5572969604885888,5.36217139691885,2.9188452526073307,0.2778701916928541,0.08085307138080587,0.08073736123689351,1.6879592886537333,0.13333333333333336,301.3014293409565,3.3827014223055207,0.4931097976422482,0.18173489933510184,0.29721124673588983,3.548095350110904,0.0,0.0,0.0,0.0,-0.00017109290545909566,-0.044698383822088704,0.7290436463035651,0.16859164800825985,0.44342235459592444,0.0,0.0,0.0,0.0,0.0,0.0,0.0,0.0,0.0,7.012811063080404,5.131930697831193,0.0362684851088189,0.7960808670057832,2.8540900735294117,0.47014510590562303,0.6220468142692168,12.304061433232992,0.4317749299548043,0.0,200.0,0.7541375839666739,-0.19760713158526633,14.006916318817332,23.191050014799107,0.1988620332142285,0.017385405930190632,4.047979182667202,0.09935077276250859,5.981534964352703,0.5571912550469806,5.0457371673475615,7.213208262996995,5.2016409333475035,5.627851341025027,6.225958643957211,6.658054000925493,0.5981073029321848,0.20270130560706065,-0.25707004960817814,2.07409427589957,1.0293285765354183,1.2867084997340255,5.843185044705205,1.3670670686697834,1.4253304079008546,2.215762165696783,2.6962125507149155,0.7904317577959286,2.6457427209656106,7.091585709961889,0.5572969604885888,0.02252497426592872,0.5112281399925105,0.590917869450565,0.5333784031610869,0.5418238087437731,0.5799286162766217,0.5829780904764768,0.03810480753284862,-0.26094013825015083,-0.9212161518424642,5.36217139691885,7.238404796941022,1.6556888147768085,34.148780148745395,1.868937711153127,2.0322111542284564,4.911817618118905,7.276073679504442,2.879606463890448,3.4501737432970416,10.919653011234903,2.9188452526073307,1.4324031109397786,0.9873891958289384,5.126238290714415,1.1697693428316662,1.4841978054211782,4.355105060560165,4.592386415445273,2.8709072551389867,0.0446006621745441,-1.6191538333673874,0.2778701916928541,0.011690626466800582,0.2583078089806996,0.3047633703971233,0.26059057677756237,0.27143460767361055,0.28354713431064665,0.2902336786601356,0.012112526637036103,0.24787083700955942,-0.11113605968560902,0.08085307138080587,0.018665086336063293,0.04332737191526124,0.12124125896398698,0.059479852694616794,0.0690953288733138,0.08991450290871641,0.10424841670916278,0.02081917403540262,0.2182676080406568,-0.06586360871350383,0.08073736123689351,0.0094920533021571,0.0452161741590633,0.08992804263403294,0.07629435020074458,0.07859401682422586,0.08589039582766965,0.08684637893798793,0.0072963790034437925,-2.7975156931939527,7.995927441266634,1.6879592886537333,0.5659115636336327,1.359375,3.9457671957671963,1.3818039021164021,1.4253885582010581,1.669787533068783,1.8328869047619047,0.24439897486772488,3.4781444582844783,11.102863391611832,0.13333333333333336,0.04714045207910317,0.1,0.2,0.1,0.1,0.2,0.2,0.1,0.7071067811865468,-1.5000000000000004,301.3014293409565,61.17464295829229,248.94617975970883,531.531811107265,260.2850533610104,265.99730987778145,312.17566452586203,329.80316205367467,46.178354648080585,2.858171670213058,8.231278486574341,3.3827014223055207,2.391294712783685,0.0,7.975297927856445,0.3430914341119206,1.8361366391181946,5.322502493858337,6.517588424682618,3.486365854740143,0.3442547679926956,-1.0427732214875018,0.4931097976422482,0.22808606590675443,0.0,0.9247861400240861,0.24838373165039157,0.3550707626262795,0.6599395885180896,0.7535209770017407,0.30486882589181014,-0.039356542807222394,-0.17684284535896388
wdf_real_23,0,4.021119280783462,1.2585114964300899,0.5339616909370128,1.6165095969153265,1.0753637559744933,0.1861315068619355,0.09444203510667554,0.0664499773605094,2.0227317821067823,0.17090909090909087,536.2539562244073,2.1530767969109794,0.4455787714265711,0.5596119739964001,0.33029612882684883,4.075365834520349,0.0,0.0,0.0,0.0,0.020442774689273347,9.137812060708246,0.8447837410550739,0.21886615446579807,0.0757113124412768,0.0,0.0,0.0,0.0,0.0,0.0,0.0,0.0,0.0,20.934030913287003,16.578945647582735,0.04741746212365716,0.7326643814556585,8.835069444444445,10.895317670333739,0.5185649223566986,9.12958787429849,0.12458548043078763,30.0,100.0,0.4930799398531242,-0.2559580296763936,20.75682593408883,27.965682308543887,0.29206438546423436,0.010493378992467424,1.0906830652193589,0.18739224780357844,4.021119280783462,1.6868844242328092,0.8474469278590407,7.1044204727174005,2.632629560626568,2.6689836148567982,5.236330730169254,6.646708276200289,2.5673471153124554,0.4940579607387111,-1.1793833762864492,1.2585114964300899,0.15686889252876351,0.8343611037356883,1.5687517417830903,1.092630996864606,1.1767822005990158,1.3536832273583266,1.407550201542083,0.17690102675931074,-0.7667575978383374,0.9341229053997564,0.5339616909370128,0.0162125148880945,0.5060653121632408,0.5799631607977314,0.5188670873113372,0.5221692442086265,0.5427563333244978,0.5549904838112542,0.02058708911587126,0.9366042186165818,0.555959089245134,1.6165095969153265,0.3808533843475977,0.696306475398847,2.4668773870670355,1.1992037714177144,1.3852367334218498,1.8434790500979465,1.9961189166672568,0.4582423166760967,-0.32179061436756545,0.3782052442432069,1.0753637559744933,0.23151251884982352,0.4887004629696006,1.4909840860996453,0.7472814634126468,0.9091282851011424,1.2467454422998485,1.3275799817427039,0.3376171571987061,-0.380654227963011,-0.5791934547633297,0.1861315068619355,0.06983301188076636,0.06767795454177963,0.2840081685241936,0.12381310039055345,0.12489889742095722,0.2618613275221886,0.269909758479633,0.13696243010123138,0.17100738225867027,-1.8363031839063138,0.09444203510667554,0.047725399092991894,0.0006408587897675062,0.16414795443552896,0.0048346131296479085,0.09577505426275024,0.11716285866574463,0.14161919528978428,0.021387804402994398,-0.9068804944067305,-0.2687131700514658,0.0664499773605094,0.00305788875265546,0.060840844365494376,0.07849833020283178,0.06374691785382776,0.06454591053108523,0.06738346754615711,0.06946858289662122,0.0028375570150718787,1.626569782411273,3.5764025536693635,2.0227317821067823,0.20258319374858924,1.4012070105820107,2.2781911375661377,1.7681216931216932,1.9645337301587302,2.1519097222222223,2.2325562169312168,0.1873759920634921,-1.4519576157838756,1.8123815481733354,0.17090909090909087,0.08670268376411902,0.1,0.4,0.1,0.1,0.2,0.3,0.1,1.1001387761909773,0.42664118647647076,536.2539562244073,258.0502371060345,184.34212260796832,922.448802837654,210.5837575280781,259.17496544764,760.2891035989192,783.4079373441841,501.1141381512792,-0.20540104735476644,-1.8126638587591766,2.1530767969109794,2.386113328871981,0.0,7.590808868408203,0.21376192569732666,0.23786411434412003,4.421890020370483,5.664220619201661,4.184025906026363,0.8046428572927731,-0.8988947944609929,0.4455787714265711,0.22520516604795027,0.0,0.9491334149812887,0.1726855764083554,0.2805142522589646,0.5705538735902645,0.7948763909647252,0.29003962133129996,0.3620348970318249,-0.5565875421874713
wdf_real_75,0,12.922362818399593,2.665982626840451,0.4682818653445674,7.133961439907363,3.2202672043100997,0.34945018295996616,0.1776129237880557,0.06455266960926433,2.458242394179894,0.12666666666666668,313.18401216196077,0.7899027993281682,0.5129442075005349,0.7291614632928991,0.10970707596196261,3.13773490842993,0.0,0.0,0.0,0.0,0.015733683080484742,2.590357168981731,0.9797327518333634,0.01380370557290247,0.9438865444202165,0.9211612797911327,3.3735572606801756,0.0,0.0,0.0,0.0,0.0,0.0,0.0,4.213239870973713,4.917992094693797,0.014773007314120781,0.9731727392023924,1.8023302801724137,0.5100077425050221,0.49997942215979196,83.33915329269442,0.7381071961706578,0.0,0.0,-0.21503864744641,-0.17545557498249137,16.831963720228558,17.14830775336755,0.7029838235586765,0.02536759014598259,3.599531122048696,0.12669606230866248,12.922362818399593,1.2836611612022486,10.118239009121657,15.008904110006085,11.07898055274287,12.05377750525538,14.094291479136059,14.353018937433411,2.040513973880678,-0.31488500976358286,-0.845951760319652,2.665982626840451,0.13143136173902747,2.4058149176686343,2.947765440670529,2.529701336117524,2.5564229301599033,2.7689082701746397,2.829785827118757,0.2124853400147364,0.18823982849560622,-0.7914734088759174,0.4682818653445674,0.004945117313211889,0.45845117726984286,0.47633743994791533,0.46244260503629525,0.4636061956049464,0.4714107500181325,0.4749012020859425,0.00780455441318606,-0.12444884390768635,-1.0114906179675214,7.133961439907363,0.7042092912989852,5.795466883821932,8.697608648958258,6.407546568552907,6.547004543366043,7.678069374650013,8.01609983686041,1.13106483128397,0.27174747719849873,-0.7493349765607822,3.2202672043100997,0.831024186837032,1.9170050232907787,4.716796625149122,2.1309520665676045,2.7742335012947437,3.6986423573937275,4.5248680456602175,0.9244088560989838,0.21714469666325356,-0.791531352112544,0.34945018295996616,0.021176743619766424,0.29939150828410227,0.3858042473258803,0.3194641847404256,0.3358022046812434,0.36817432106296855,0.3736350289697986,0.03237211638172516,-0.4139750311575861,-0.5791691716761815,0.1776129237880557,0.0066172915080988486,0.16278630285379578,0.18748597732220942,0.16816070057920304,0.172448062668839,0.1837674804585511,0.1844451981205842,0.0113194177897121,-0.38499608611689035,-0.7864200223523796,0.06455266960926433,0.0015329271987049348,0.06104777908250494,0.06745361780996692,0.06273912012576545,0.06341822600142902,0.06558351707055164,0.06686089767570737,0.002165291069122624,-0.04739400803777877,-0.4498015944572109,2.458242394179894,0.1430867690477528,2.236276455026455,2.723544973544974,2.2856150793650793,2.3294064153439153,2.587900958994709,2.6202050264550265,0.2584945436507935,0.18719091008499147,-1.243889621684466,0.12666666666666668,0.04422166387140534,0.1,0.2,0.1,0.1,0.17500000000000002,0.2,0.07500000000000001,1.0552897060221722,-0.8863636363636376,313.18401216196077,23.94329531421683,261.7108480615119,387.50800737416694,285.6142407529061,299.608220675384,327.15044844113123,337.37959507674805,27.542227765747214,0.6435116259507563,1.6823494426749237,0.7899027993281682,0.3637978784851949,0.0,1.7704159021377563,0.374928280711174,0.5662529319524765,1.0080182552337646,1.2036494731903078,0.44176532328128815,0.40211293432875667,0.4415324100305824,0.5129442075005349,0.22174148689457232,0.0,0.8757852977333899,0.1879295270291609,0.36412021106213205,0.6848755146954476,0.7937564565511888,0.32075530363331556,-0.37639892730885216,-0.600927970575142
wdf_real_92,0,18.505179643244432,1.8103787129177136,0.5358390090214952,4.36357694435339,1.247662190590594,0.5765723683309684,0.1227481527439825,0.07070320701452103,1.9311326382404814,0.12549019607843137,179.26646340157188,2.487225950101086,0.6187563234488973,0.2241820548184008,0.2891791133389254,4.27485213261244,0.0,0.0,0.0,0.0,-0.001550142162385421,-1.3317438372283792,0.8552407525430481,0.12555535439096774,0.2134692940372977,0.0,0.0,0.0,0.0,0.0,0.0,0.0,0.0,0.0,15.813673639867412,9.618476934795058,0.16810776378604794,0.6874318588071943,13.968125,2.53992373937376,0.20782827602319276,8.538728071614997,0.263535616182043,0.0,0.0,-0.47916956208043704,-0.17241403187280005,14.033923995087747,67.25186012472277,0.15713297376516505,0.05105129058937465,7.452670585583238,0.1696350324431637,18.505179643244432,2.2082645759941917,14.411515624739458,22.650868554430755,16.055272148890296,16.890700878289834,20.161977652775153,22.317670626829646,3.271276774485319,0.4916834714785857,-0.7667378854683289,1.8103787129177136,1.0365727983845907,0.6330957315438642,3.3204828118705274,0.7350670825228673,0.7529563056169417,2.7336625446531846,3.1160186135498398,1.9807062390362429,0.0497440601014187,-1.7887049725432618,0.5358390090214952,0.06762646421072165,0.4522762830724545,0.6250309228932632,0.4616496906413249,0.471468482323727,0.6068803165005865,0.6138925447887889,0.13541183417685948,0.09924386057823681,-1.8748111179397955,4.36357694435339,3.8510544257589188,0.40128912733027133,11.076512267343485,0.5405781192828394,0.5675867802707988,7.4917348372965,9.73475637215167,6.924148057025701,0.26431716579456505,-1.5136390734438427,1.247662190590594,1.3222577582974093,0.19982087910312066,5.260773874089869,0.25463136079996007,0.33252519700187955,2.1258933558248105,2.9546768356139506,1.7933681588229309,1.5241004442753388,1.498567169139374,0.5765723683309684,0.03885127285719014,0.49833990947834533,0.6556867860026389,0.5265870495667753,0.5409643472405684,0.6077725961256214,0.6240193682008004,0.06680824888505299,-0.10575397693094973,-0.9983221311213124,0.1227481527439825,0.04271731367499779,0.004690429875440469,0.17129571008581249,0.04197595019551153,0.11062759654143363,0.15438568675318765,0.1596338958131516,0.04375809021175402,-1.4398209420697297,1.232771140555461,0.07070320701452103,0.00505449435944714,0.05677408434397265,0.07817158446802902,0.0639185519460724,0.06715483756809631,0.07487713681568794,0.07606291776762789,0.00772229924759163,-0.6464921932024796,-0.29202506714968335,1.9311326382404814,0.949240838178436,0.8391203703703703,3.8326719576719572,0.87880291005291,0.9463045634920635,2.7368551587301586,3.1653439153439153,1.7905505952380951,0.3285034332174154,-1.2529057168341995,0.12549019607843137,0.0435806093546919,0.1,0.2,0.1,0.1,0.15000000000000002,0.2,0.05000000000000002,1.1248031766646196,-0.7348178137651811,179.26646340157188,138.7627869280683,15.159825843025681,430.27341770198683,24.90430341268434,37.36684295953066,292.28544212116844,340.94758332975823,254.9185991616378,0.12712405339623395,-1.5717451232622772,2.487225950101086,1.5680962518534307,0.0,6.042125225067139,0.5265015959739685,1.388053834438324,3.711095452308655,4.780040264129639,2.323041617870331,0.3107612886727305,-0.8215564674253284,0.6187563234488973,0.23569749610252305,0.0,0.9765369969634294,0.31903262619314077,0.4200213195452935,0.8263076835794774,0.8862745527967975,0.4062863640341839,-0.6318381509387689,-0.29170739770544873
wdf_real_33,0,2.081727566528486,1.6408444728371128,0.5274231896793845,2.8934452016577237,1.2289075066605597,0.14391426134648547,0.13767091633612355,0.0801810696750573,1.5043761022927689,0.11333333333333336,381.2909589268272,3.240411162376404,0.5157343333478471,0.05380695021481854,0.1356183607062366,3.43463074282476,0.0,0.0,0.0,0.0,-0.0032118850991378583,1.1256990674339178,0.798150258149979,0.13998716145871576,0.3290510449676052,0.8446823211992468,3.3735572606810256,0.0,0.0,0.0,0.0,0.0,0.0,0.0,2.783207667599742,3.716407159145169,0.03781918445853306,0.8646386400574206,3.1396821120689653,0.6490272583907725,0.7340249965719217,14.814591059679945,0.1515732997655523,0.0,200.0,-0.012774498655595587,-0.19200920642500013,17.156890916981407,28.927708993702666,0.14407652469897034,0.036621228498431926,3.5274465084075928,0.2855615043276569,2.081727566528486,0.4916725821422778,1.2680631228235775,2.8317752952904125,1.4864709349385659,1.6752229257811295,2.6282134312741987,2.702727748072324,0.9529905054930692,0.06607505609164221,-1.3398649577726331,1.6408444728371128,0.44808227895395725,1.1068416740595515,2.428220417932972,1.1688623888831964,1.2102608685614353,2.0542746392412536,2.234509587023894,0.8440137706798183,0.35826070861560577,-1.4614420270280624,0.5274231896793845,0.02882867466049716,0.48127701792125366,0.5759111799258008,0.4908251252376523,0.49858576030733814,0.5554366479840067,0.5582433112675877,0.05685088767666857,-0.08754159145798625,-1.4650415565218056,2.8934452016577237,1.5479848203196767,1.2251953704619647,5.89854659447136,1.36650112154206,1.464857356628565,4.220874583765001,4.994461484057273,2.756017227136436,0.5230446309025558,-1.2533266483786214,1.2289075066605597,0.5771416035904491,0.2664207351396161,2.8500183586911856,0.6987437986494898,0.8474142036784167,1.5351337205233724,2.1218470199840658,0.6877195168449557,1.0111982346184907,0.6310410243008295,0.14391426134648547,0.01824129063108652,0.11134959133098478,0.1698178805425514,0.12036251414887413,0.12849614187994693,0.1631380496430955,0.1659201833049751,0.03464190776314857,-0.1723399070108348,-1.2757908526179556,0.13767091633612355,0.03975792212472359,0.02953952488792196,0.1829759656193297,0.06693042543139706,0.13407958481441745,0.16807455574221328,0.17412840108194902,0.033994970927795826,-1.3536091513858903,0.8913913558648483,0.0801810696750573,0.004833583493214557,0.07043330307009789,0.08755436933838284,0.07419235362968993,0.07603604260833932,0.08497405668442334,0.08606492803759397,0.008938014076084022,-0.09672283768972838,-1.2810054745052,1.5043761022927689,0.2157971400557238,1.1262400793650795,1.8354828042328042,1.219212962962963,1.3258101851851851,1.6929150132275133,1.75197585978836,0.36710482804232814,-0.1644741895709664,-1.3017342643143657,0.11333333333333336,0.033993463423951896,0.1,0.2,0.1,0.1,0.1,0.2,0.0,2.1572774865200226,2.6538461538461497,381.2909589268272,60.211598894972205,290.28393882696224,520.8394338685281,318.80490508016436,335.0147160950033,433.6693791578234,465.08599487737007,98.65466306282013,0.617790593995282,-0.649214309530882,3.240411162376404,1.51197385431148,0.0,7.502815246582031,1.5760594964027406,2.016750454902649,4.144033670425415,4.744659614562989,2.127283215522766,0.37893212200115106,0.48916089378840866,0.5157343333478471,0.22858632644163102,0.0,0.96792646711669,0.22954232117999357,0.364912190851741,0.6583618875325917,0.7867836827617215,0.29344969668085075,-0.21423275111654727,-0.5904289686332946
wdf_real_2,0,4.320043551046121,1.2260533499904067,0.5398858153691719,1.5199447582749182,1.223444070780911,0.16650812235459692,0.012992272567321477,0.06689790530501527,1.8312779374201784,0.15517241379310345,747.2174879234277,1.833359313036861,0.40495449268811884,0.4250936119425507,0.24787783093660165,4.340507420894984,0.0,0.0,0.0,0.0,0.012223248984213144,2.8732836449592893,0.896219651522534,0.10284540591381745,0.5628249019133337,0.0,0.0,0.0,0.0,0.0,0.0,0.0,0.0,0.0,6.809415910639458,7.736736789295468,0.04361569312843877,0.9648216136638813,2.549351283482143,2.861279192377058,0.18067240585527944,16.500797126469262,0.28153381785140535,0.0,0.0,0.3774320023077303,-0.17890938830642644,17.153299273924045,12.229892294518258,0.46715209016949155,0.009018403043986961,1.0773995354257782,0.03773414068701342,4.320043551046121,0.24714042281263376,3.603054917321417,5.1613982542642844,4.172346244473589,4.248619978204267,4.393283629041563,4.505553197112758,0.1446636508372965,0.3605212002922218,4.630052161431243,1.2260533499904067,0.09291084372037273,1.0376326330143357,1.4890735613403814,1.1166267080376377,1.164577471317016,1.2699604565602522,1.2860182711542074,0.1053829852432362,0.5263859467902234,1.1169687566050293,0.5398858153691719,0.013710970610169468,0.5185825080647054,0.5677815312266801,0.5216306662937887,0.5299696105143019,0.5520036066448478,0.5564279369919717,0.022033996130545908,0.2519440065935249,-0.7762827377237875,1.5199447582749182,0.2342286031807524,1.0816557660182904,2.227424385290491,1.253373770529544,1.360401298318088,1.6205251312828206,1.6661265460887764,0.2601238329647326,0.826365173240036,1.6493838958836076,1.223444070780911,0.2470864925131634,0.9271410196754786,1.8185978956506228,0.9667185322251094,1.0174979107869488,1.448335193223831,1.5348854410144983,0.43083728243688224,0.5766009068588793,-0.8561145874713691,0.16650812235459692,0.005480931261811268,0.15236748608888823,0.18575553234629927,0.1624481242340185,0.16429286592527723,0.16752529970477367,0.1712639058318368,0.0032324337794964464,0.8735912818823424,4.190341797813668,0.012992272567321477,0.00841054262453728,0.00029323217040408314,0.028082176386010856,0.0032152488487609578,0.005430389550949238,0.02012814364613559,0.02492977244451216,0.014697754095186352,0.20549093612520936,-1.2481334611189685,0.06689790530501527,0.0020985620097769835,0.06283434503057107,0.07290335298072259,0.06453741639378564,0.06553118291524461,0.06792141230128255,0.06897340449243247,0.0023902293860379453,0.6353380776271392,0.7256968890831446,1.8312779374201784,0.11984374260401114,1.652116402116402,2.001653439153439,1.6717261904761904,1.7242063492063493,1.9497354497354498,1.9720568783068781,0.22552910052910047,-0.1282705088159424,-1.5523811312102982,0.15517241379310345,0.049731741730537786,0.1,0.2,0.1,0.1,0.2,0.2,0.1,-0.2080125735844606,-1.9567307692307694,747.2174879234277,88.11507391787555,541.6360528785758,974.6784583461728,696.928848783796,713.496943812853,773.5840392135024,858.2802740364276,60.08709540064933,0.26210476584104975,1.4042080014605975,1.833359313036861,1.6153336193549457,0.0,6.7356367111206055,0.5086803019046784,0.756304144859314,2.540464162826538,3.9371721267700193,1.7841600179672241,1.2999095728199246,1.1475405953756095,0.40495449268811884,0.276935504007311,0.0,0.9154859380265863,0.083990174473852,0.19211212947780285,0.5256515506891254,0.8511631833540417,0.3335394212113225,0.5296121988899752,-0.9501593171212752
wdf_real_25,0,5.468783088124814,1.867082964286092,0.5161011579523254,4.082908046108516,1.588448019973706,0.18331722658365732,0.1950084237719355,0.06379954208733611,2.2960372574955907,0.14166666666666664,520.3939813192287,0.8291078614691894,0.3925170228136024,0.6454094890036971,0.22744073650966753,4.073087322200262,2.565942376972731,0.485083819913589,-0.6199022592657281,0.0,0.01566362828885311,35.14967344438218,0.945205708277077,0.12367012754061867,0.13802634763295535,0.22157985560963975,2.705587260393822,0.0,0.0,0.0,0.0,0.0,0.0,0.0,19.339844099536535,14.023438308553098,0.05877827894854568,0.9365431434217123,5.9962923728813555,11.412945983950662,0.22808305526474826,6.852810101573085,0.317695788259655,0.0,0.0,0.9476887146059969,-0.2036222984587271,10.118547937340438,13.126077508148331,0.6630220078238614,0.04686841390934121,2.691742804273963,0.07157319656130068,5.468783088124814,3.468508041164102,0.4718904194684726,9.817152534259494,1.6547997048581995,2.3469631136413853,8.967807036156126,9.258881489861908,6.620843922514741,-0.03263303900233748,-1.8772180027570327,1.867082964286092,0.7602410392467669,0.37819148806730685,3.0092460116418653,0.641517579483569,1.3455077155755404,2.5056853830804746,2.67550558925355,1.1601776675049342,-0.5474316827073891,-0.9581281036600267,0.5161011579523254,0.056459450298478535,0.47020522677870835,0.6793690824565937,0.47521364040607184,0.4843801208019881,0.5097942640438875,0.627027831671714,0.02541414324189939,1.5732947175348337,0.9720018903789276,4.082908046108516,2.580136539141845,0.1431903458067133,9.090025843174457,0.4133684015089402,1.8295630910538658,6.299042655312195,7.180570544080583,4.469479564258329,-0.06004746118015245,-1.2792939227388362,1.588448019973706,0.7637545552942155,0.18423017949875548,3.3910713730843494,0.3572619531409466,1.0940122503602097,2.0413360178526503,2.3869689042090676,0.9473237674924406,0.11266533418740446,-0.1433438040028423,0.18331722658365732,0.06818180328661747,0.09474027616261164,0.26968391438077793,0.10600218834671532,0.12165650331484729,0.24887424995260451,0.26063042625916216,0.12721774663775723,-0.004017025505556009,-1.9163797762836545,0.1950084237719355,0.04844883441034836,0.029680711012813006,0.2563449063783875,0.1329114796297954,0.19010274081491796,0.22926200251105122,0.2382439735197835,0.03915926169613326,-1.7259852827785667,2.8346787354753182,0.06379954208733611,0.007912330097930229,0.05579783483939165,0.09752921021941957,0.05698008988891557,0.059052143733277065,0.06516389106621832,0.0688922468066088,0.006111747332941259,2.472516983662805,6.930120511492545,2.2960372574955907,0.5250570516396706,0.41476521164021163,2.9146825396825395,2.021453373015873,2.1575107473544977,2.669849537037037,2.7545717592592593,0.5123387896825395,-1.9970907633939439,4.418751355856955,0.14166666666666664,0.05857094463601859,0.1,0.3,0.1,0.1,0.2,0.2,0.1,1.072554202615353,0.14388041108688965,520.3939813192287,214.62419408851449,43.737406189275156,838.6194210703356,351.5163226159863,371.19830633198876,760.2332094463188,814.4072541107228,389.03490311433006,0.008211128706443784,-0.9146104568990663,0.8291078614691894,0.7770560516779218,0.0,4.093123435974121,0.25792106688022615,0.33872976899147034,0.8798926472663879,1.8108007550239564,0.5411628782749176,2.2088067909290667,5.291938107397913,0.3925170228136024,0.18821647236236255,0.0,0.877314851999781,0.14778235891135738,0.302444840003643,0.4903884200179566,0.6123222655273267,0.1879435800143136,0.2892458237717617,-0.08285815600984447
wdf_real_270,0,16.31920521289748,1.233053457857213,0.5554028157680546,1.5314027971605455,2.8658568056104676,0.35974594512689057,0.37825342567672926,0.06856495506202423,2.1792617394179894,0.215,106.01740529521935,0.7352971065747397,0.38374543042772213,0.0,0.0,0.0,0.0,0.0,0.0,0.0,0.0,0.0,0.0,0.0,0.0,0.0,0.0,0.0,0.0,0.0,0.0,0.0,0.0,0.0,0.0,0.0,0.0,0.0,0.0,0.0,0.0,0.0,0.0,0.0,0.0,0.0,0.0,0.0,0.0,0.0,0.0036193749137428954,1.6726427793502807,0.01828137353227366,16.31920521289748,0.5894001367324787,15.299452707096744,17.516244066672392,15.64278823000474,15.98049237486438,16.51580150792288,17.403646309269206,0.5353091330585009,0.5374718601810761,-0.11931035492518127,1.233053457857213,0.10129769193160758,1.0736117154709968,1.4829022167480836,1.1397930442666302,1.163343831742589,1.2662500399488974,1.379446403361016,0.10290620820630836,0.6703196492895266,0.12572380612360812,0.5554028157680546,0.009619859526198463,0.5260839806664374,0.5706074999032515,0.5478642687102437,0.5514855122966269,0.5626278142792871,0.5660508142392294,0.011142301982660197,-1.0160138226150748,2.0234543411160058,1.5314027971605455,0.2569737908260376,1.1533878388666379,2.1997685421559616,1.3012471607914384,1.3543134493968212,1.6039457902291443,1.9036225542778913,0.2496323408323231,0.8717654790870828,0.43800147189083294,2.8658568056104676,0.19320298866560753,2.4747212196485417,3.2308323233969864,2.66928699420046,2.733699172444014,2.9750148883588956,3.1814253200233065,0.24131571591488177,0.2211425028800417,-0.4846745384116793,0.35974594512689057,0.009677515404995769,0.344935191791598,0.38132866759534173,0.34947562996647913,0.35435636907898116,0.36220458595908883,0.3769616054160481,0.007848216880107672,0.9233417559708424,0.3095211255248369,0.37825342567672926,0.010922266470519767,0.3475017284499256,0.388191750531429,0.3688139849557328,0.3787478008334978,0.3840131601585057,0.3871017188179274,0.005265359325007879,-2.0013692994301153,3.0099841335222637,0.06856495506202423,0.0013661811199661444,0.06683735217374477,0.07229726947283546,0.06704678732710168,0.06764582226259529,0.06932644823612291,0.07021145575349004,0.0016806259735276247,0.9921112613896825,0.6877684734037421,2.1792617394179894,0.03557703219674435,2.099454365079365,2.254960317460317,2.141261574074074,2.1539765211640214,2.196945271164021,2.2172453703703705,0.042968749999999556,-0.05978428166334369,0.15636707350254797,0.215,0.09096702699330127,0.1,0.4,0.1,0.1,0.3,0.3,0.19999999999999998,0.0986380446217561,-1.1113991292521976,106.01740529521935,7.8407582591204,89.30332095242798,119.17028550430868,95.62085101682413,100.43294428738199,110.14682858227928,117.15144252859348,9.713884294897298,-0.3094439707918995,-0.5840864901109395,0.7352971065747397,0.41550414730204466,0.0,1.603157639503479,0.3783769287084852,0.48501891642808914,0.9156453162431717,1.4171288251876832,0.43062639981508255,0.32320025165409655,-0.1995644942887953,0.38374543042772213,0.27894287393167144,0.0,0.9797125410570162,0.09806973073452728,0.13241876513443182,0.5616944879214553,0.8334810002103148,0.4292757227870234,0.6901464594933141,-0.49396389559083076
wdf_real_26,0,21.541260000941634,1.6860100202360042,0.5428062788500319,3.0406992816236893,1.2625715211606372,0.5223063813265906,0.21630332357548615,0.07972360826293376,1.9247189153439153,0.18666666666666668,142.0168664409618,2.5506837884585063,0.408191592259464,0.36721903839669134,0.26559285333111715,3.3523332755142037,0.0,0.0,0.0,0.0,0.013053821923499026,1.4240739036587007,0.9462256225294761,0.05513927128172601,0.7837898141317224,0.982369967303196,3.189898094013853,0.0,0.0,0.0,0.0,0.0,0.0,0.0,3.5687659021037375,7.834002950016961,0.09802262156108149,0.9338275257716453,2.812230603448276,1.4966729554951972,1.2842086087090825,22.44399509600601,1.687997519539408e-11,0.0,0.0,0.8337977008837251,-0.12177581772039711,18.63795536860998,15.501782257670754,0.3893993895935774,0.018207507016344278,1.3051948885122935,0.06854474849246661,21.541260000941634,2.095732703046591,18.519253436274855,26.002455875732778,19.421689927608682,20.218367186271493,22.77293648182812,25.148794710435432,2.5545692955566253,0.7831209635848682,-0.4647484959896202,1.6860100202360042,0.4432285921485341,0.9739724983985327,2.4317310594660078,1.0267128556528824,1.2870455264059137,2.028310153925371,2.175973649442882,0.7412646275194572,-0.27602033671296494,-1.2569251548434004,0.5428062788500319,0.04177177471301249,0.49167848195577113,0.6211287672721743,0.49898906003922644,0.5110998809337546,0.5793239902222542,0.6085016291974481,0.06822410928849965,0.6295486815688547,-0.9908389071627322,3.0406992816236893,1.4508963928207468,0.9487214317247937,5.919547346335087,1.054160658134551,1.6614634187785837,4.116605127432172,4.736675608789371,2.4551417086535885,0.006490405787327481,-1.2130944949601175,1.2625715211606372,0.3569383987934522,0.7175827134600179,2.2204231348605465,0.8997878360296964,1.0594615588960998,1.4942578274404361,1.6507790761330787,0.4347962685443363,0.9277652720099157,0.6268700474179894,0.5223063813265906,0.03698012725635996,0.471999030813825,0.5995265610563812,0.4870241748269517,0.49119731200018635,0.5439490817332211,0.5859129540119659,0.05275176973303475,0.6939376652157732,-0.6958213816927312,0.21630332357548615,0.017487810137118292,0.18376044750892537,0.24871697461867712,0.19681346602219058,0.20137456100309908,0.2301159512028285,0.23968447333673942,0.028741390199729405,0.2410206750103827,-0.9914788050620826,0.07972360826293376,0.006868282899775702,0.07089295310393218,0.09325451459910852,0.071672402356229,0.0736057315614734,0.08471333568453959,0.08997454044694285,0.01110760412306619,0.4469590610017355,-0.9963965432934407,1.9247189153439153,0.2517697284339026,1.4260085978835977,2.245618386243386,1.4853753306878308,1.80489417989418,2.095754794973545,2.145056216931217,0.2908606150793651,-0.8989573963762594,-0.671894030696913,0.18666666666666668,0.08055363982396381,0.1,0.4,0.1,0.1,0.2,0.3,0.1,0.6286403633287849,-0.21561268530681188,142.0168664409618,39.644521548695096,58.45811227638393,220.63348750153995,96.57645004079303,114.9457829102747,171.91209318551086,191.1060670972586,56.966310275236154,0.1571530648811139,-0.4764268391054398,2.5506837884585063,2.0368966082401574,0.0,8.477832794189453,0.639002013206482,1.0907368659973145,3.2797006368637085,5.611361694335938,2.188963770866394,1.1412883285878876,0.593078552145649,0.408191592259464,0.20204034507083707,0.0,0.9282862855030826,0.1810484365332364,0.2796233927761207,0.5106510680787677,0.575604048656617,0.231027675302647,0.3237461308594117,0.6270661304156881
wdf_real_18,0,20.247059559558508,2.079928426066539,0.5247397629606417,4.753690719649411,0.500457995525405,0.5004887913302465,0.1971064565599805,0.07284044747044073,2.442475627082109,0.17407407407407408,134.86203449805066,1.838145547442966,0.38334301326536085,0.4138644948459315,0.2153850634305249,0.0,0.0,0.0,0.0,0.0,0.004687855060066424,0.5589062912921621,0.9558631076688451,0.05088719172054529,0.7852496981801604,0.0,0.0,0.0,0.0,0.0,0.0,0.0,0.0,0.0,5.032223590558266,4.155919277671649,0.05470592020242427,0.9267104363341735,3.1695087139423075,0.9705589678701343,1.0118922143851838,25.369614072424156,1.607478347962241e-11,65.45454545454545,200.0,0.665301362181203,-0.11425966004793064,33.92806483712371,14.585448825889294,0.4793321023038344,0.014848421730739476,1.717499147962641,0.04781615283020835,20.247059559558508,0.8452849121692667,18.022665308635684,22.08564217544261,19.141953995313497,20.031907318437867,20.72318524419849,21.051121654328785,0.6912779257606232,-0.7183216170634973,0.9201572011205954,2.079928426066539,0.6526691094964993,0.9087099702446125,3.137202299265954,1.2022254089761888,1.4240085948653602,2.7028911033042107,2.741343642317147,1.2788825084388504,-0.1933175619124299,-1.3331702215140249,0.5247397629606417,0.04001230947082966,0.4804708517826187,0.6163393549507175,0.48388665761062527,0.4890511068649593,0.5630731600620178,0.5836421716953539,0.07402205319705851,0.6693707833791978,-0.8636179013001968,4.753690719649411,2.655062915237037,0.8261820256052732,9.844696426008325,1.4457746376782803,2.0294912188362,7.307403997223371,7.516907530704374,5.277912778387171,0.1084180668462293,-1.3259028851366712,0.500457995525405,0.19764681032162237,0.13698406692010448,0.7729639966824655,0.22688067383875532,0.3588516059012281,0.6647346035219357,0.7096315202845371,0.3058829976207076,-0.3555888179970127,-1.327461135459715,0.5004887913302465,0.015921269313188977,0.4598709155447872,0.5320636287117552,0.4766737927853359,0.49684364385360646,0.5073436610898729,0.5167860189904117,0.010500017236266479,-0.7488294830418278,0.7550888097284667,0.1971064565599805,0.03450530232485338,0.10724245948560077,0.23289904559021618,0.1498857329840495,0.1852622796495179,0.2223213496808672,0.22736457711192234,0.037059070031349284,-1.338900658855608,0.9087000646654748,0.07284044747044073,0.006961907208661136,0.06030296585340503,0.08680052006840384,0.0646527172479492,0.06827463673435341,0.0785513227915514,0.08219612600551844,0.01027668605719799,0.32123128668421724,-0.7420333773593129,2.442475627082109,0.4282475697452706,1.517443783068783,3.1059027777777777,1.8427910052910055,2.0837880291005293,2.732473544973545,2.9483630952380957,0.6486855158730158,-0.45873949503124783,-0.8724649544815697,0.17407407407407408,0.08857970920815851,0.1,0.4,0.1,0.1,0.2,0.3,0.1,0.8498382524774859,-0.4208274243239276,134.86203449805066,29.670163918571227,65.90890139016487,178.51737158836883,83.2695852220284,122.70470742691631,156.4354227747729,164.25966143109414,33.730715347856574,-0.8869016033505694,-0.1454721396823171,1.838145547442966,1.1771330280687746,0.4162972569465637,6.020303249359131,0.8195088624954223,1.0790841579437256,2.3037376403808594,3.22900881767273,1.2246534824371338,1.772085225013288,3.587727803446475,0.38334301326536085,0.21178192058873097,0.040011959624804805,0.8727941922338838,0.13221110337437028,0.21564383603556259,0.5412888798665532,0.6752679669097872,0.3256450438309906,0.3393361015380546,-0.7165951018411962
wdf_real_10,0,19.413630233075448,3.640597166840756,0.47273480583758154,13.435943228517798,1.245886475648662,0.4701528689904997,0.19405242813857912,0.06251175549441355,2.913125551146385,0.1766666666666667,249.2967058094511,8.343178200721741,0.5108992939851479,0.031033301296423788,0.07677293589677296,3.438088385696364,0.0,0.0,0.0,0.0,0.0029252149970932085,-2.6712132188457822,0.8417544754752484,0.0785841937410798,0.6726526747128819,0.5394713741370597,3.2402239273477798,0.0,0.0,0.0,0.0,0.0,0.0,0.0,3.076716983515563,4.211703296637087,0.04319324148778832,0.8299298159567363,3.8145541487068964,1.1563517041549576,0.11024325287133951,34.11571349100429,0.03758696539240463,0.0,0.0,0.7999382942737555,-0.07262199729207305,13.915032348597721,45.66294582344788,0.026133501165059015,0.03106751067358304,2.2543926080067953,0.12929790899358684,19.413630233075448,1.3365902076656526,17.725491292865488,22.72655342229735,17.99013057138375,18.233198843131294,19.973581607033225,21.221314199809363,1.7403827639019305,0.8873677532789765,0.21383338377458738,3.640597166840756,0.426083730287835,2.7593969566937306,4.465159891948616,2.967745152490891,3.5048191575638814,3.982392422881767,4.127575840660239,0.47757326531788546,-0.222141077070244,-0.4125509124705302,0.47273480583758154,0.01452739665229562,0.44558594042661703,0.5047210576424854,0.4553431696902672,0.4604142228250364,0.4841765753595634,0.4887193917336152,0.023762352534526965,-0.0912592323884144,-0.7127985484516906,13.435943228517798,3.0701792712903684,7.614623607004776,19.937818438766783,8.807823107862962,12.284406715945767,15.860387518569098,17.036961649262086,3.575980802623331,0.05288094026408018,-0.407756368932255,1.245886475648662,0.23428266115823898,0.6896608920409025,1.837618858034354,0.9669226187974534,1.1269770730789759,1.3977931380170951,1.5476189273806307,0.27081606493811927,0.30909044770568456,0.38187694848425524,0.4701528689904997,0.021958335375708175,0.4403558424038695,0.5278136993541185,0.44695097539605255,0.45100586374683616,0.48095938944953753,0.49793210775369656,0.029953525702701378,0.9820792258311292,0.7131577562502693,0.19405242813857912,0.025925411774603235,0.15655462637333936,0.2376328511500978,0.16065466149290572,0.17161543139666158,0.21573597701052052,0.23180517901446465,0.04412054561385895,0.1463417513296007,-1.2921727250778239,0.06251175549441355,0.002155536616231588,0.05787802475132327,0.06636528915655858,0.059420793090252576,0.0613887029797687,0.06364112139546346,0.06553434595089615,0.0022524184156947624,-0.04037530353647312,-0.37959100118409506,2.913125551146385,0.19821603353591138,2.5923445767195767,3.4914847883597884,2.699619708994709,2.7896412037037033,3.0073784722222223,3.094097222222222,0.21773726851851904,1.099079767583968,1.525611540989174,0.1766666666666667,0.07156970184527962,0.1,0.3,0.1,0.1,0.2,0.3,0.1,0.3762342116851801,-0.9986119018826374,249.2967058094511,25.460340174858803,195.03332337821206,314.5631130788524,214.9503870808683,232.22273921498058,265.81119463943764,274.09207837961014,33.58845542445707,0.01834739675514919,0.0441744887208797,8.343178200721741,3.108750003920939,0.0,13.02486801147461,3.2401751756668093,7.475438833236694,10.105869054794312,11.782038879394532,2.630430221557617,-0.9178456619143167,0.32256944999414694,0.5108992939851479,0.2918275456879999,0.0,0.9790025717304913,0.14498786199471167,0.24174531148918432,0.8145699809267519,0.8781197429875786,0.5728246694375676,0.09090982000202844,-1.3664112827478176
wdf_real_36,0,2.0990457500632744,1.457521632581805,0.524782770396677,2.2146402545230313,1.174903514471928,0.14723962610673905,0.12470489850331785,0.07571509830065626,1.5141191893424035,0.10000000000000002,338.5661900500605,3.172126007931573,0.4546875440604143,0.0,0.0,0.0,0.0,0.0,0.0,0.0,0.0,0.0,0.0,0.0,0.0,0.0,0.0,0.0,0.0,0.0,0.0,0.0,0.0,0.0,0.0,0.0,0.0,0.0,0.0,0.0,0.0,0.0,0.0,0.0,0.0,0.0,0.0,0.0,0.0,0.0,0.041012194111415864,4.041737845965794,0.5343559560197655,2.0990457500632744,0.3381962375165949,1.2252701235993675,2.5993275652696304,1.633845341035437,1.892226456026111,2.388260618527929,2.450008234359866,0.4960341625018181,-0.7513496288583413,-0.17429196212418407,1.457521632581805,0.30001300830661554,0.8272066650674998,2.006701078100876,1.0709143927391631,1.26956031198863,1.6357321150765174,1.854837038054634,0.3661718030878873,-0.07875060734265976,-0.6051434383546681,0.524782770396677,0.02776625313005632,0.47204773217142204,0.6031960240165603,0.49181356788259917,0.506046816688011,0.5413476344707034,0.5558199995851596,0.03530081778269245,0.47808087231851604,0.4695283274409552,2.2146402545230313,0.8739936652545822,0.6844359125812167,4.026931485185357,1.1476758745018942,1.612251433471159,2.6808331189085517,3.440872023557808,1.0685816854373926,0.3334021970853322,-0.6930561383969054,1.174903514471928,0.6802692465562168,0.42762131251745655,3.5603915642651858,0.454204448936509,0.7276227574842863,1.3388591734773232,2.2001881713676608,0.6112364159930369,1.6724363337203914,3.2256344748829813,0.14723962610673905,0.013779122479859574,0.10886829809544407,0.16637263839243463,0.12941279716947934,0.1401788012289671,0.15871028542974283,0.16070758463079046,0.018531484200775744,-0.9897846073542532,0.39931781281296796,0.12470489850331785,0.037925742251919546,0.02192215198641476,0.17732101091327507,0.053531080339865644,0.12291477454300168,0.14807973828052154,0.16596386765219154,0.025164963737519863,-1.2245471043222418,0.9054655910126757,0.07571509830065626,0.004276661813066838,0.06706454109602497,0.08715538028127007,0.07096369730788836,0.07310908428039996,0.07801776526355939,0.08001550247371401,0.0049086809831594275,0.4690530051848691,0.7225855567660306,1.5141191893424035,0.214971453351748,1.0614252645502646,1.927910052910053,1.2395585317460318,1.4346684854497354,1.6160507605820107,1.7803075396825399,0.18138227513227534,-0.1427495041329263,-0.12739643662676414,0.10000000000000002,1.3877787807814457e-17,0.1,0.1,0.1,0.1,0.1,0.1,0.0,0.0,0.0,338.5661900500605,61.241530695868086,226.33674624353836,498.0772862802436,255.20604568141724,301.98460412482643,366.9449887601119,418.3706741321016,64.9603846352855,0.24246213382307732,0.28979695203468525,3.172126007931573,1.390184849275437,0.0,6.7519049644470215,1.5140915036201479,2.2485790252685547,3.7002904415130615,4.88091926574707,1.4517114162445068,0.0873950416918369,0.40470924254027185,0.4546875440604143,0.21056491724135484,0.0,0.8512805229425501,0.2287870947628251,0.31866531707367496,0.6042103728506033,0.7298828550382186,0.28554505577692835,-0.009682901592230177,-0.5601468833822469
wdf_real_244,0,11.009558446735783,1.2934000882914587,0.5383495309605515,1.6897875446114767,1.5293134586439767,0.252834703595198,0.32058018624946255,0.06751242562920522,1.9643429487179485,0.13076923076923078,495.95823388819105,2.8047368205510654,0.3786730673407242,0.4533557469048381,0.2599789762616013,0.0,0.0,0.0,0.0,0.0,0.028861083124416296,-4.934700861839733,0.8665431338800347,0.17865904971807212,0.2859690755934502,0.0,0.0,0.0,0.0,0.0,0.0,0.0,0.0,0.0,14.887517271641187,12.116058368622713,0.03465059650401137,0.8139168497945009,11.30390625,4.706548540393808,0.8228017204744481,10.370782141900946,0.3349448761698073,0.0,0.0,0.083588491152863,-0.18464997605388106,25.88706575929706,31.234157364941577,0.1116564875578168,0.017555118843842317,1.189712669986945,0.1875940878542255,11.009558446735783,6.671309046527992,4.751010076762283,25.912141168825382,5.271379659811348,5.496788350146138,14.13888157028397,21.36696366326963,8.642093220137832,0.9388062193122585,-0.42201288738654386,1.2934000882914587,0.1006085838664747,1.1122484355477622,1.4848282376946602,1.195670258488441,1.210224101917372,1.3756308977880378,1.4262236178853782,0.16540679587066576,0.2222567793502959,-1.0016986146361835,0.5383495309605515,0.010525741768605757,0.5110426470086838,0.5631388008272675,0.5259991380787211,0.5324428825829617,0.543947357557661,0.5498877314040467,0.011504474974699308,-0.21649732633206709,0.4886878269366832,1.6897875446114767,0.2610560967426045,1.238449372413097,2.2116200919702864,1.4385803372721933,1.4758854077516255,1.8946527543186968,2.0382099957365654,0.4187673465670714,0.3324504310625588,-0.9307757931616982,1.5293134586439767,0.5920779577510158,0.6457344641405064,2.7590204242437717,0.9153157476494083,1.0871112993637202,1.9005943382564823,2.525596892333768,0.8134830388927621,0.69882257675249,-0.49882563546889136,0.252834703595198,0.08759798540320565,0.16401473411411402,0.4403274453964657,0.17352478697786555,0.17764105039158146,0.29961503160327874,0.3870608740371321,0.12197398121169728,0.8079563514725245,-0.6683042100169789,0.32058018624946255,0.08036301324012386,0.09563832194104994,0.39992725689798825,0.2005249378704482,0.27591302740219825,0.3826377089615242,0.3909382209173592,0.10672468155932596,-1.1252289521276873,0.39555838715987557,0.06751242562920522,0.0030000759458144307,0.060447516843723154,0.07207479706799483,0.06376263474532172,0.06617516477590979,0.06983531938263476,0.071147335645367,0.0036601546067249746,-0.4291055810145139,-0.45190904070248283,1.9643429487179485,0.1404727069374526,1.6751818783068784,2.158482142857143,1.7828621031746033,1.8524305555555556,2.0781043320105823,2.120866402116402,0.22567377645502673,-0.5400802951602003,-0.8666002508867869,0.13076923076923078,0.05384615384615385,0.1,0.3,0.1,0.1,0.17500000000000002,0.2,0.07500000000000001,1.548104956268221,1.4610578925447717,495.95823388819105,49.413480200731335,393.3648922942983,593.3316519226902,445.3088334291999,461.1387459995598,529.5567723612696,561.8514531163956,68.41802636170985,0.20466327295626716,-0.3813530282736153,2.8047368205510654,2.6135324910977276,0.4493022561073303,8.591208457946777,0.6794545948505402,0.9458412528038025,3.1305484771728516,7.8978400230407715,2.184707224369049,1.2802459298538658,0.15433795662591665,0.3786730673407242,0.19282919216167058,0.055473039692080554,0.80632304128214,0.18851910962711882,0.27312368476120225,0.44870150351082144,0.7059070433987432,0.1755778187496192,0.7354937413540444,-0.031102173373309228
wdf_real_21,0,8.181269638206926,0.8418119017168517,0.582101464397213,0.718591707070747,1.236820892837695,0.3297020800863665,0.058492511201296414,0.06966872621300033,1.3906979458450044,0.1647058823529412,236.08327303959322,1.3711610003465065,0.38806219103083633,0.5305096509310095,0.3147177741374048,3.3313153826380857,0.0,0.0,0.0,0.0,0.001929660583875136,0.10553181084392647,0.9187195906397072,0.0926599749346061,0.6554586925016572,0.0,0.0,0.0,0.0,0.0,0.0,0.0,0.0,0.0,2.587919040861667,3.2597295980726044,0.032718622122996865,0.9294974041141386,1.84063720703125,0.7223747628254052,0.37179687093440306,21.14544919858694,0.07189173623773419,0.0,0.0,-0.04249914216110803,-0.17578957229532433,38.821380106422225,22.37880749965454,0.3722105148869419,0.006428684159207257,0.712404819095836,0.04288361363016335,8.181269638206926,0.9368249501675446,6.341239002941837,9.1221259424089,6.6832086613159225,7.4698516124646925,8.881930386266601,9.053325766722143,1.412078773801909,-0.8422119344528582,-0.8875350368584947,0.8418119017168517,0.0987967472432097,0.583487987194064,0.9562188659098702,0.7178365081035594,0.7694018218543753,0.9071943917059252,0.9408200000149295,0.13779256985154986,-1.1016644944168086,0.5254277537007712,0.582101464397213,0.01330951809785656,0.5624360877867198,0.6149938588258981,0.5657487483731367,0.5773775088708326,0.5877844134307468,0.5969849393547416,0.01040690455991422,0.6608160097456365,0.28310954136015365,0.718591707070747,0.15611241004329426,0.34051918010666327,0.914847090309736,0.5159990732441646,0.5920460056814245,0.823268178264269,0.885587615187488,0.2312221725828445,-0.8593292005281504,-0.062065930823684834,1.236820892837695,0.5974527215718339,0.5979067844413551,2.780878458464918,0.6274667970159205,0.7807055680566032,1.4675465531495098,2.0526135206450595,0.6868409850929066,1.0414188028737403,0.37269837885541524,0.3297020800863665,0.01158921543836149,0.30527062958218754,0.3487228898619233,0.3113774132004575,0.32435894180388525,0.3385673501787203,0.3410756167598249,0.014208408374835058,-0.6791108907145433,-0.23066266445293682,0.058492511201296414,0.012405453420516,0.04502993068700934,0.07884066485929705,0.04655342419792163,0.04810037603909522,0.07002397023253114,0.07683625115927209,0.021923594193435918,0.5487666641343886,-1.400787189448179,0.06966872621300033,0.0040102993427803746,0.06558178894114097,0.0799849808046859,0.06570712735192238,0.06691429418587029,0.07150055975041981,0.07453644691712925,0.004586265564549524,1.1685142449984123,0.6233486849082377,1.3906979458450044,0.2651925100079765,0.8396990740740741,1.6760912698412698,1.050892857142857,1.146660052910053,1.6260747354497354,1.6686342592592591,0.47941468253968234,-0.5664107083243828,-1.062665862654318,0.1647058823529412,0.05882352941176471,0.1,0.3,0.1,0.1,0.2,0.2,0.1,0.28199999999999875,-0.6824000000000017,236.08327303959322,42.219813809183904,125.89294417866235,279.9565022239976,183.03851871001353,202.24372011295603,268.4489753152999,271.8233232302295,66.20525520234386,-1.087866177755915,0.3074129227534175,1.3711610003465065,1.1657888744495963,0.0,3.9662957191467285,0.21183075072813157,0.5210431218147278,1.9872709512710571,2.9748535156250004,1.4662278294563293,0.8301388018617959,-0.39439983045611937,0.38806219103083633,0.2465873693545226,0.0,0.841767096109465,0.12077019306337054,0.18940589084034928,0.49329121665091097,0.7653762957577543,0.3038853258105617,0.4021918644468698,-0.9209927649728713
wdf_real_22,0,15.336757981382096,1.6995741328182565,0.5097284350451069,3.000435056633316,0.886804833547702,0.5122505703021186,0.07291504535994503,0.07058199848779424,2.3197696208112877,0.13499999999999998,126.76314659909227,2.7544252085189025,0.458295250860964,0.2283487149677003,0.281244899048182,4.089476294894131,3.0188675063996677,1.3749100014558662,0.5130053675414407,0.0,0.0046180514670524815,0.5753143458148344,0.7271787233133297,0.38673768926128393,-0.00819497215798342,0.9908900919085799,2.5348486126356407,0.0,0.0,0.0,0.0,0.0,0.0,0.0,12.671003870190582,7.948588927632791,0.07307061661603298,0.603054410406555,6.915336996822034,6.843538396932548,0.028050926697853917,8.708818070270127,0.2642540392933372,30.0,100.0,0.9502434680994629,-0.19636227486790314,13.871218493568772,35.33413107559527,0.28846985775674294,0.015647877906038346,1.6619289179642995,0.15468865761633344,15.336757981382096,2.9002876516749714,6.802120954600024,22.936640067225916,12.995788091614562,13.293547642943595,16.432705352707547,20.0639740262772,3.1391577097639516,0.5915303663656216,0.7820812537079131,1.6995741328182565,0.32741726810151084,1.0106832742465615,2.3453565276201016,1.2532976629248522,1.5306639380413418,1.7980531633618733,2.2900807659016236,0.26738922532053144,0.17409212957814924,0.05375951501564691,0.5097284350451069,0.024713278582576645,0.4801057772952634,0.5830921029886509,0.491020339415089,0.4956164607443331,0.5147695328363318,0.5491835109982731,0.01915307209199868,1.779674678627607,2.256329978515601,3.000435056633316,1.1460376829270447,1.0235937654463374,5.518758586677,1.5743854175112368,2.3468959670842757,3.2338715191257568,5.257326654575075,0.886975552041481,0.7365400549649932,0.2874699846417319,0.886804833547702,0.663251091965294,0.13153962648579792,2.3934315618158206,0.15221823918803307,0.16933568037296426,1.306625859739314,1.6579477591512242,1.13729017936635,0.2848309989520959,-0.9609499856580088,0.5122505703021186,0.10162951610028512,0.3077218763386715,0.6784005295289399,0.4240905969536778,0.42785046072675753,0.6159459181382196,0.6390634367944618,0.1880954574114621,0.21981637908843304,-1.6604669583168374,0.07291504535994503,0.021059217981566163,0.039843056367715145,0.12069349605212,0.05381112393975008,0.06024702234402691,0.07522585286243748,0.11159632192689053,0.01497883051841057,0.9807910990346436,0.009893617640105656,0.07058199848779424,0.00932359166822959,0.05512370598874735,0.09003880999117256,0.05899516900501271,0.06434018931675275,0.07839776578249305,0.08466072857736645,0.014057576465740296,0.35871856535100877,-0.9039789090903416,2.3197696208112877,0.6319055697035949,1.2816633597883598,3.4093915343915344,1.4590939153439155,1.7378058862433865,2.7743675595238093,3.1427992724867724,1.0365616732804228,-0.09292978585530688,-1.373559895216191,0.13499999999999998,0.054237133650909944,0.1,0.3,0.1,0.1,0.2,0.2,0.1,1.2425761313116856,0.5581137799035378,126.76314659909227,79.18990358182975,46.19965656632646,303.2672718996749,50.79946344971036,56.370212452290346,153.4728500494087,280.2209625696408,97.10263759711835,0.9657982627993705,-0.13460472788443534,2.7544252085189025,2.8080600910693927,0.0,9.211222648620605,0.32808779180049896,0.6512656807899475,6.332107663154602,7.264254474639893,5.6808419823646545,0.9116397609336749,-0.8508566477575092,0.458295250860964,0.22734074601497425,0.0,0.8940383906140986,0.17293080651731152,0.27092417555325987,0.6377164101190672,0.7451070110465947,0.36679223456580734,0.031051000444900587,-1.0950393380729075
wdf_real_48,0,12.696219176252033,2.2550972666436264,0.48585134008581554,5.130818829763216,2.8283072092678943,0.41819837767802354,0.10192289039239617,0.0639626496043502,2.1112764550264553,0.1695652173913044,211.33822975419307,5.657382245532062,0.6091879934299301,0.10821310117917866,0.2324570749142877,3.4506325552443604,0.0,0.0,0.0,0.0,0.011554278630273123,2.0186260775968616,0.7451491411178293,0.1352957439845581,0.42228974892464144,0.0,0.0,0.0,0.0,0.0,0.0,0.0,0.0,0.0,2.173960775422598,6.976468946052466,0.06367463661640152,0.7220112488065072,16.237748579545453,1.6970107814166042,0.6798900606597297,28.306129496031776,0.5875335606992003,0.0,0.0,-0.2767018854849079,-0.21159616366976122,14.768554379963781,44.002705369786234,0.07023547682352277,0.029000960774837853,1.883249738942022,0.17526217953879852,12.696219176252033,1.29594414540261,10.06849208273702,14.082839741601815,10.409488032900473,12.164942321935747,13.64659304865028,13.866340515858974,1.4816507267145322,-0.980775240334012,-0.4869737233209577,2.2550972666436264,0.2016004003563228,1.9119259411037226,2.658932607879521,2.027517828493782,2.0979141849649956,2.3799654143225406,2.525972673395575,0.282051229357545,0.29559124238053935,-0.631320865413628,0.48585134008581554,0.010017289349332334,0.4681662255373765,0.504974752778559,0.47287043907999554,0.47924859171924494,0.4934247021433161,0.49705017466185963,0.014176110424071131,0.14647283985265808,-0.8375621929829631,5.130818829763216,0.9248285588849554,3.656411460779709,7.0775271698675,4.111943418030732,4.404111966173846,5.672701142116069,6.388389718512654,1.268589175942223,0.46420234687734774,-0.4765811607186121,2.8283072092678943,0.9344270702138657,1.7605393432616283,5.472243159405702,1.8418107636476821,2.0994007446528817,3.2236491034137984,4.209966524646977,1.1242483587609167,1.1249094380735223,0.771071001958183,0.41819837767802354,0.032277819057686945,0.35296601232782276,0.4504702767938094,0.36089475780342467,0.4063559047567407,0.44319079780524884,0.44908274128177433,0.03683489304850812,-0.9416936921291575,-0.5076768950491148,0.10192289039239617,0.015265853599579396,0.07881893526391263,0.1322017600115951,0.08693798263474906,0.09358789456819153,0.11015197152616926,0.1288700817154958,0.016564076957977736,0.708550100216301,-0.5503025510212725,0.0639626496043502,0.002085833971962212,0.06097560532150333,0.0694381119305759,0.06140685659039782,0.06245818780063959,0.06560950243862118,0.0664073001897893,0.0031513146379815934,0.6565130230332389,-0.07325854985217317,2.1112764550264553,0.15278406985089832,1.8016699735449735,2.3134920634920633,1.9013723544973546,2.016327711640212,2.2390459656084656,2.287962962962963,0.2227182539682535,-0.5415068764532239,-0.737131099076251,0.1695652173913044,0.06874516652539955,0.1,0.3,0.1,0.1,0.2,0.2800000000000001,0.1,0.47813638221745697,-0.8369600000000021,211.33822975419307,36.632787684539075,133.2778430695274,271.4108797296151,168.93185031982188,174.84518628507573,242.05978753067947,246.6040160035985,67.21460124560375,-0.4772922993125978,-0.7501515331823807,5.657382245532062,3.019011975802702,0.0,13.003609657287598,1.8716774940490724,4.200469374656677,6.842765808105469,9.695623779296875,2.6422964334487915,0.20504620261964515,0.2189531431630587,0.6091879934299301,0.2806439050291285,0.0,0.9894252646632032,0.2768077480470854,0.39037817280551146,0.890655204612048,0.9155866641940229,0.5002770318065365,-0.33576323082332943,-1.0252931962622713
wdf_real_231,0,9.19119365600846,1.5703697743125324,0.5309829146908457,2.5175130368008793,0.6375852772436604,0.2552644923292143,0.059192709307470275,0.060660101525733576,2.5946629859673336,0.16521739130434787,737.9477137813915,2.9582087293915125,0.5144511563073592,0.2950227202138377,0.23017840395903014,3.4362250187911814,0.0,0.0,0.0,0.0,0.0066017907033008505,3.1985359316645923,0.7922021337152622,0.20173779185146362,0.21302412508331656,0.0,0.0,0.0,0.0,0.0,0.0,0.0,0.0,0.0,3.6303990901721717,9.238547891726038,0.04601768235440843,0.9279941760918429,5.775834517045454,2.829261986013879,0.746739308961408,25.259872875861348,0.025914346816292587,0.0,0.0,-0.48270704892290756,-0.2373005898149883,22.86972945375245,56.56444864611559,0.20176135789203134,0.01770925653198776,2.504932273989138,0.23664981291415443,9.19119365600846,2.7962340812016793,2.7679136611895867,13.134596834538865,4.5330322651444765,8.020746909697797,10.958709060955496,11.760913486417193,2.9379621512576986,-1.0348012578891244,0.27655448676509975,1.5703697743125324,0.20267624141492782,1.2388772042569034,1.8781585941402925,1.280458858708838,1.3650890457069904,1.718725580908874,1.8278220182902025,0.35363653520188354,-0.24697791876365485,-1.2607039267404967,0.5309829146908457,0.0122191347149776,0.5111533829311234,0.557661741751114,0.5165366200194852,0.5227163497438663,0.5410121224957445,0.5481532406408044,0.018295772751878214,0.40332787591959546,-0.8174558404829693,2.5175130368008793,0.6303293918106285,1.538956783222175,3.531582054309327,1.6505439925191039,1.8711187706416899,2.968747163020132,3.369011008685272,1.0976283923784422,-0.11129152220199869,-1.265135275884751,0.6375852772436604,0.21091563196623503,0.3426572355284081,1.041066981791078,0.38759394177710293,0.466572685460488,0.8084421299502815,0.9563238995046878,0.3418694444897935,0.3508324301958055,-1.0957018342132134,0.2552644923292143,0.051990085199758625,0.13343892996819756,0.32021202534366183,0.1657122537879471,0.24319746718932772,0.2899691799284516,0.30148752460637135,0.046771712739123894,-1.1930340370480381,0.42107704107711585,0.059192709307470275,0.024181071734345652,0.03242712326294524,0.1138776731136429,0.03450372000272272,0.03679031084206185,0.06741809707813007,0.09414550927676084,0.030627786236068218,0.8258866782475531,-0.48453566295157646,0.060660101525733576,0.0036899759968656042,0.05466484050643397,0.06648194194912524,0.055311738690918794,0.05832190253456769,0.0634513213550369,0.06612995211410291,0.005129418820469203,0.0635198216424211,-1.0616596400867329,2.5946629859673336,0.38811530376660053,2.054232804232804,3.1959325396825395,2.092096560846561,2.261904761904762,2.9535796957671954,3.145469576719577,0.6916749338624335,0.11930757213752592,-1.4231891115305102,0.16521739130434787,0.047628048478710105,0.1,0.2,0.1,0.1,0.2,0.2,0.1,-0.6390096504226961,-1.5916666666666652,737.9477137813915,282.0428885840986,476.40230304977985,1398.9995292666704,515.4003772163711,547.1874187753108,798.2859344677099,1196.994253039005,251.09851569239913,1.289706030001739,0.31758397824006,2.9582087293915125,1.7880610221223887,0.0,7.143228530883789,0.9967239856719972,1.5861930847167969,4.161720037460327,5.298394298553467,2.5755269527435303,0.49817080349000603,-0.4876140531611357,0.5144511563073592,0.206425394949247,0.0,0.8496866029431178,0.31393828814825875,0.3522254621362001,0.706051896907294,0.7543618088994953,0.3538264347710939,-0.4209547141570917,-0.2822911639383143
wdf_real_65,0,18.13918829951046,0.6897390554308637,0.6174270537731162,0.4775166756031849,0.7058103205641284,0.5608716406514128,0.16304738227948434,0.06721942682949802,1.2829668209876544,0.12000000000000002,62.72691964748956,1.719077742099762,0.7142261039288954,0.2675293600252274,0.2321711107188444,3.2513021602539065,0.0,0.0,0.0,0.0,0.013186271288373661,1.3639128160801763,0.926381217452678,0.04414953317948263,0.8358504097903412,0.857618926631841,3.1898980940145454,0.0,0.0,0.0,0.0,0.0,0.0,0.0,1.678461302245563,4.8772604911136,0.06805771984643058,0.9190102723764814,3.8279566271551726,1.9001334433548953,0.7826855331764861,103.55351716237972,0.0036577101167758917,0.0,0.0,0.05885082300430766,-0.16658903067190958,28.275604223964514,17.68104034909929,0.26405078128475823,0.004489942667076896,0.3310662860671679,0.12744886387534615,18.13918829951046,0.8681624678362083,16.276069195400463,19.460081298413115,16.9082266594837,17.834379661842167,18.789475137602892,19.2312657782075,0.9550954757607251,-0.4613603944596588,-0.6072706044311058,0.6897390554308637,0.036797010266540725,0.6233232736044184,0.8001649504791662,0.6422709959517994,0.6653005284539636,0.7056974046816102,0.72772207523124,0.04039687622764665,0.5904351709273975,0.9214633800688796,0.6174270537731162,0.011275363105468936,0.5847665352244988,0.6353296266407344,0.6025949178358373,0.6115760434125452,0.6246810716517561,0.6311771926752144,0.013105028239210892,-0.7672640930627173,0.5935991501426048,0.4775166756031849,0.0516874804983477,0.38875700313360556,0.6408401400233372,0.41287000869898666,0.4429450128461946,0.49834595563246437,0.5301152376593146,0.05540094278626978,0.7982123784130248,1.417684837545516,0.7058103205641284,0.6944417107238362,0.16732845023357673,3.159070677919433,0.22923121932818702,0.26541374133175777,0.9493707404374125,1.6073799506125137,0.6839569991056548,1.9378403518851812,3.4955748026676963,0.5608716406514128,0.024291451519944794,0.5122512696396849,0.6207921286356626,0.5313461431353684,0.5433392204326017,0.5800796237557493,0.5877862717783233,0.03674040332314754,0.3500748694258697,-0.2684825493280778,0.16304738227948434,0.024386901522383975,0.11714542082046348,0.22042420158675607,0.13152280364558278,0.14772861321155256,0.17920662606993779,0.19248284850772812,0.031478012858385224,0.22794659994101538,-0.424977275140487,0.06721942682949802,0.0035828650861874,0.061297216706518325,0.07500196513874978,0.06380666196123352,0.06411046173053228,0.06960930738410843,0.07248101022557608,0.005498845653576154,0.5708269771995874,-0.6443404906832924,1.2829668209876544,0.13803718672700444,1.1083002645502646,1.60135582010582,1.138045634920635,1.1495329034391533,1.3977554563492065,1.4644097222222223,0.24822255291005324,0.48139694036956576,-0.9087607048913826,0.12000000000000002,0.06,0.1,0.4,0.1,0.1,0.1,0.2,0.0,3.592592592592593,13.135802469135811,62.72691964748956,13.929696794868665,28.735329162628393,85.57546862164618,38.60522550049877,55.772622635366794,71.97444929490007,76.49064167427795,16.201826659533275,-0.7731635549440893,0.07242588258969729,1.719077742099762,0.804801200242781,0.0,3.428227186203003,0.9219598650932312,1.1802799105644226,2.454410672187805,2.8376508474349977,1.2741307616233826,0.24599650554956418,-0.6075624818256875,0.7142261039288954,0.2365288896665962,0.0,0.956659461922001,0.41470985437591773,0.6386840465686242,0.8749099370372222,0.9387908387507431,0.236225890468598,-1.3618064682405113,1.201901809904208
wdf_real_79,0,5.43151290807018,5.029864990352321,0.5460636413826268,25.69485014135828,1.1963052755747943,0.26272984641467134,0.08188262171634526,0.05174349596910788,3.237001212522046,0.17,433.4422473620462,2.6637566149234773,0.3776444305715206,0.22831432373507507,0.2025337076828787,3.4326904155026305,0.0,0.0,0.0,0.0,0.005644521633087502,-8.729250342087457,0.7407408771658881,0.16489623562947547,0.3622039184341647,0.9646551598549875,3.0062389273489996,0.0,0.0,0.0,0.0,0.0,0.0,0.0,6.928501811835952,2.9068720138816593,0.02867860587791901,0.8718824658779755,3.2021147629310347,0.7889795919721622,0.7758716392012845,24.464623096102216,0.17998862421461218,0.0,0.0,0.010683382459255623,-0.085036369245157,13.07225874019629,22.37573158496648,0.3867201964500986,0.03327442588845589,9.097958839933078,0.2912515265671597,5.43151290807018,0.9012373555898621,3.1110844928108414,7.200736617213825,4.5351715584493855,4.897287884318629,6.13207872379868,6.469763223107569,1.2347908394800502,-0.0817711695110649,0.06954267920484591,5.029864990352321,0.626990771958044,2.914957387959401,5.978390394266035,4.221736931427744,4.8114365633689635,5.306506486386966,5.708705424589299,0.49506992301800246,-1.3372767423015637,2.419227896328067,0.5460636413826268,0.012662878725239165,0.518414982314091,0.5665418147818311,0.5319029423220759,0.5410139839618171,0.551552953293925,0.5644891682877388,0.01053896933210785,-0.3649196704016105,0.10513194589090746,25.69485014135828,5.8172415651581915,8.500438354385167,35.74430303837953,17.827766655941968,23.154952464720175,28.16067170736101,32.59055148313599,5.005719242640836,-0.8220586359199453,0.9789697121742824,1.1963052755747943,0.5306646025047498,0.2877867425814679,2.924625862855962,0.6556945392547869,0.8720579319168764,1.3353493787270023,1.8942135008183465,0.4632914468101259,1.2322909827190613,2.0557351078309223,0.26272984641467134,0.021300775411272867,0.20148332567708244,0.2978528352537223,0.24156902629426458,0.24991955229663076,0.27824499268970365,0.2917816844409161,0.028325440393072887,-0.39552930182230983,0.5197347351645973,0.08188262171634526,0.034637670288054624,0.009019795828234962,0.14165092432035783,0.03769088229259027,0.05553460745788019,0.10955093952940051,0.12048130899629926,0.05401633207152032,-0.27443814096493685,-0.8569405395892327,0.05174349596910788,0.004398971697393646,0.044238825161578066,0.06228600416872189,0.04699364548220487,0.04849607186822729,0.05374334174992621,0.05838781683895432,0.005247269881698921,0.6074661385317043,-0.06460417979429112,3.237001212522046,0.44136876325193625,2.5923445767195767,4.302579365079366,2.7319113756613755,2.947647982804233,3.389963624338624,3.7384837962962965,0.4423156415343912,0.8222078464618527,0.19479351123377375,0.17,0.06403124237432849,0.1,0.3,0.1,0.1,0.2,0.21000000000000016,0.1,0.36567514978795534,-0.7055324211778706,433.4422473620462,55.208170410740635,300.7845779357198,543.1216037835969,355.31222551441505,397.33323152546507,468.21561079840274,491.7677119049996,70.88237927293767,-0.31361589388712435,-0.02724430337151773,2.6637566149234773,1.5741417254119279,0.0,6.367081165313721,0.8717515110969544,1.66957226395607,3.502723276615143,4.873626518249512,1.8331510126590729,0.6862890496899932,-0.30938640392911987,0.3776444305715206,0.18725011529627095,0.0,0.8709096679788096,0.189833220281374,0.2683876670448746,0.49970122956557517,0.5983221060366474,0.23131356252070057,0.40077095417197844,0.24069411490824422
wdf_real_148,0,12.095336868691033,2.7933566644233614,0.47165154068907206,8.04463692220034,1.0072959800240122,0.44535217298730595,0.10963897208446947,0.07638545324746615,2.0283564814814814,0.10000000000000002,234.26982148709374,3.7732875819007554,0.4693965107141638,0.0,0.0,0.0,0.0,0.0,0.0,0.0,0.0,0.0,0.0,0.0,0.0,0.0,0.0,0.0,0.0,0.0,0.0,0.0,0.0,0.0,0.0,0.0,0.0,0.0,0.0,0.0,0.0,0.0,0.0,0.0,0.0,0.0,0.0,0.0,0.0,0.0,0.013104093664331719,16.302387078603108,0.31778057664492865,12.095336868691033,1.28617091833947,8.548321987499735,13.870114849946502,11.186198431983566,11.934060357984277,12.659427436670244,13.406863771643556,0.7253670786859665,-1.4476908162446727,2.271917329342047,2.7933566644233614,0.4802278256668437,2.236937061134186,3.6790631612498785,2.2548648131688127,2.374589018514735,3.2042712376889053,3.3516218462707847,0.8296822191741704,0.38582555907153265,-1.256104428774206,0.47165154068907206,0.01697095243785496,0.44198189381955044,0.5002274038488335,0.44659524788869565,0.45976068753895694,0.479933118177629,0.49310538805932863,0.02017243063867208,-0.19140025078569195,-0.7304925334970993,8.04463692220034,2.782479349733226,5.008617152236356,13.557052752293577,5.0912890995189946,5.650146150779079,10.282329149388428,11.255551679242721,4.632182998609348,0.539478170623636,-1.0329167190110502,1.0072959800240122,0.5200827059147123,0.4913738693915326,1.8926629738404237,0.5308536494400543,0.5379188995192457,1.4209420521494243,1.8500938992292588,0.8830231526301786,0.5873650762753656,-1.2144000981857763,0.44535217298730595,0.02517389819152775,0.372322570814981,0.47345027544496726,0.43075268027101166,0.4395822490630078,0.4582696129097181,0.46553605535868586,0.018687363846710325,-1.844589330246709,3.1163201791194464,0.10963897208446947,0.014588851160323671,0.08097073191177762,0.13255876487348714,0.08928821696130548,0.10360715729751058,0.11717594342160474,0.12894568491121797,0.013568786124094165,-0.32759673733476874,-0.490738807621911,0.07638545324746615,0.0031244164801680057,0.07043780255710322,0.08083492263751793,0.07161703724507519,0.07527044860503807,0.07837543149111781,0.0796937479764636,0.0031049828860797435,-0.6257870504113578,-0.7330740364384964,2.0283564814814814,0.14404296693514881,1.89823082010582,2.362103174603175,1.9037037037037037,1.929956183862434,2.0392278439153437,2.270998677248677,0.10927166005290978,1.3526043158575742,0.4886556314974637,0.10000000000000002,1.3877787807814457e-17,0.1,0.1,0.1,0.1,0.1,0.1,0.0,0.0,0.0,234.26982148709374,51.287777719188234,184.52193871708025,370.20436438902317,185.22002661688774,202.24033890222665,247.97693676032776,289.291814148607,45.736597858101106,1.4508641630219643,1.4624900581550362,3.7732875819007554,2.0429616042998533,0.0,6.332669734954834,0.5926502317190172,2.538093864917755,5.527539610862732,5.993111658096313,2.989445745944977,-0.5298834052729947,-0.9326554442888257,0.4693965107141638,0.27843022335215883,0.0,0.9064430877496814,0.16337267474930797,0.2544121069488384,0.719952961701356,0.7959606213535021,0.4655408547525176,-0.003133027147504388,-1.2766768347948743
wdf_real_37,0,5.259157696918769,1.091826888004528,0.5687950569336655,1.3101278716718214,1.2357805958181067,0.23054412785028927,0.1233968749324268,0.07602364633920405,1.3157645341334365,0.1170731707317073,209.87462535767702,2.6067768771473956,0.5224461109474996,0.07043268051347254,0.14290716855279867,4.349357583217457,0.0,0.0,0.0,0.0,-0.0018466375084723757,-0.10570253872680102,0.7410766366041586,0.22586150233924523,0.19776108994044145,0.0,0.0,0.0,0.0,0.0,0.0,0.0,0.0,0.0,3.441343925744846,13.602888184385405,0.10884207036002264,0.8048376035227858,3.88388671875,4.214747759099237,0.23755511707057542,11.360808623203047,0.23002244167785899,0.0,0.0,-0.10709285131232656,-0.16686732396186738,13.06450513119097,26.508427742450067,0.2696105664704945,0.052020290400695,1.71890324753959,0.2877275329641671,5.259157696918769,5.882779324707642,0.9167798339192238,18.403653530339582,1.2367070130383024,1.6205635637686933,11.434895176857529,15.71300994954234,9.814331613088836,1.1475293871813925,-0.5036307317619335,1.091826888004528,0.3432184365847592,0.5917835225796281,1.978114885757774,0.693587345130735,0.8612662255652441,1.1646060979376598,1.6341771448310267,0.30333987237241566,0.849018612380383,0.2025520910536871,0.5687950569336655,0.035711936234366054,0.49490176796419416,0.6375354328950344,0.5170137104454109,0.557307842123203,0.5999103603793254,0.6195787665183766,0.04260251825612249,0.007279792701002962,-0.438232360745312,1.3101278716718214,0.8614920015525765,0.3504090319075075,3.9129685043363596,0.48241274144357843,0.7419329388560157,1.3563136697465055,2.6708825182686904,0.6143807308904897,1.4336819562344756,1.3554766877804898,1.2357805958181067,0.836510337654012,0.6343134115922799,4.706506239689575,0.6510644280583278,0.7639049987583201,1.2311990818936218,1.917014619560135,0.46729408313530174,2.7802856416516013,7.860227240288545,0.23054412785028927,0.14219273852757508,0.10436172315492985,0.5377344508696266,0.12301142025179351,0.14064133058145026,0.3794375122041794,0.48100168980279867,0.23879618162272911,1.118355460472648,-0.5146516976896693,0.1233968749324268,0.0537506307551319,0.04173361483057305,0.25604022977443625,0.06956124664601712,0.09518030723292144,0.16226904507498172,0.20626258784625173,0.06708873784206028,0.9267059932603071,-0.05952208397522041,0.07602364633920405,0.005859084784697781,0.06338503395408274,0.08871887055596214,0.06847878342959719,0.07235202150975714,0.07879076374075657,0.08425178895606707,0.006438742230999425,0.11422772800252698,-0.17491261727596052,1.3157645341334365,0.25024907344057784,0.8043154761904762,1.845734126984127,0.9193121693121693,1.1901455026455028,1.4412202380952381,1.7030423280423281,0.25107473544973535,0.06589662528282993,-0.2114681695151397,0.1170731707317073,0.04363059468292273,0.1,0.3,0.1,0.1,0.1,0.2,0.0,2.5837066708767114,6.147851562500003,209.87462535767702,82.672364802418,53.597915806816886,360.472482088017,70.45752969557655,137.4712217106342,249.9264486679567,318.86614369884546,112.45522695732248,-0.4577562201217971,-0.5788052356008464,2.6067768771473956,1.4685736767249928,0.0,6.915587425231934,1.0119229555130005,1.5692999362945557,3.3372628688812256,4.3226447105407715,1.76796293258667,1.0240329605867036,1.3379873539533262,0.5224461109474996,0.2749025586749684,0.0,0.9782244423711919,0.20237312681045344,0.2596344047574022,0.6810299095094605,0.9211218887017413,0.42139550475205834,0.05465760095352076,-1.1477506144871947
wdf_real_12,0,5.134856380639788,2.4774093550273433,0.47900447875596586,6.149622175042447,0.4449390943964885,0.24581664747982088,0.028117846821462903,0.06468691716156083,2.6104635141093473,0.16333333333333327,328.51836539220574,0.6847400854031245,0.42084624751761884,0.7898858523025521,0.09797329907383802,2.7791557359954284,0.0,0.0,0.0,0.0,0.02884243394112494,1.5879696789187019,0.9745851126426751,0.01655157047094685,0.917895200976697,0.9277158543965179,3.0062389273490147,0.0,0.0,0.0,0.0,0.0,0.0,0.0,2.5354790181400104,2.551614370492094,0.008242979237195842,0.9803837599265279,1.3947332974137931,0.22339618994795277,0.4991926072686538,81.90979843975614,0.025291273746916396,0.0,0.0,0.7286502988409699,-0.1502312434085109,14.779100755750296,11.905986083903807,0.5042470278452585,0.021867967394704025,2.75801553328832,0.04930262430306309,5.134856380639788,0.6495247922994137,4.192078302759112,5.862370487717685,4.197658959398888,4.365219868895549,5.644009201346821,5.749603996298833,1.2787893324512716,-0.4948020360139481,-1.580523872233728,2.4774093550273433,0.10703815976111244,2.2288946110062384,2.6675524023881803,2.312846750131,2.4141282508839494,2.5441927515911056,2.598466100536876,0.13006450070715614,-0.5123928220029719,-0.4902516008920603,0.47900447875596586,0.01094063190197811,0.46318300275519675,0.5023399164054589,0.4652250524171003,0.47121879550500445,0.48659261467414017,0.49350757004021767,0.015373819169135716,0.4854110308030844,-0.6741843533574858,6.149622175042447,0.5241462020582104,4.969947388000213,7.115898835719459,5.349595292805512,5.828883438190396,6.473308819615377,6.752046424124562,0.6444253814249805,-0.43003894484149957,-0.5625859596804861,0.4449390943964885,0.04607289559215092,0.39017167171306655,0.601133536000784,0.4032826573748759,0.41471319429841896,0.45757994824296244,0.49869928961257637,0.04286675394454348,1.6915394965456163,2.9777721809884543,0.24581664747982088,0.01684821800139076,0.22063485561045917,0.26470839883815583,0.22090675454956146,0.22629350166843532,0.2588954603453205,0.26157174189948756,0.0326019586768852,-0.5165425204455714,-1.5502196016058445,0.028117846821462903,0.004558800287521867,0.01793477727268469,0.035698751754346655,0.02227064883275888,0.02566557037778991,0.03139833394528836,0.03263691733741162,0.005732763567498453,-0.5093700168903565,-0.48510144737193617,0.06468691716156083,0.0017015348467440043,0.06137830155878921,0.06952522379890835,0.06280217922327241,0.06357195684583311,0.06547009906983207,0.06671891773479878,0.0018981422239989637,0.5954087180818805,0.6719845882210649,2.6104635141093473,0.11520564587078008,2.337797619047619,2.846230158730159,2.4883184523809523,2.5338128306878307,2.6960152116402116,2.7489666005291005,0.16220238095238093,-0.2089138758461188,-0.2453779977321484,0.16333333333333327,0.07951240294584375,0.1,0.3,0.1,0.1,0.2,0.3,0.1,0.7520942385937546,-1.0157678040282776,328.51836539220574,17.823448168759576,294.52176177027866,351.28243193771317,301.1422953256178,310.10483909078704,342.9123652970434,345.74586265159735,32.80752620625634,-0.5365393046934921,-1.2982076639553606,0.6847400854031245,0.26630770149479643,0.0,1.2386023998260498,0.33804440796375274,0.5526154190301895,0.879637748003006,0.9767691433429719,0.32702232897281647,-0.2934029595926316,0.15881854887668378,0.42084624751761884,0.21474772769568073,0.0,0.8672286806500357,0.1872812442514436,0.258067952620689,0.5955358899830862,0.7006150595316634,0.33746793736239716,0.007472213597948414,-0.6933620125365496
wdf_real_0,0,5.291545290042847,1.5336571296140729,0.5141584477346588,2.4105030586067415,2.0434686124614356,0.20592354098597024,0.13385898002928395,0.0742580341127225,1.5583112874779539,0.12000000000000002,453.50638820863236,2.245601503054301,0.6492872818551942,0.24572138893472742,0.2184724318318461,3.393355944445198,0.0,0.0,0.0,0.0,0.01208272218062738,-6.904457111706616,0.8801158237901076,0.21964130301149853,-0.2007618897819842,0.9473086042114072,3.373557260679978,0.0,0.0,0.0,0.0,0.0,0.0,0.0,4.77376150027801,16.131972532204863,0.10531007355292321,0.9214325530160707,2.3968884698275863,2.9000927909115575,0.5136510134639125,5.732384685128123,0.5674703488098076,0.0,0.0,0.56106720749701,-0.25778491749040794,18.938975490270693,21.22515497781816,0.27594137614766345,0.020357878413109088,2.12276961406072,0.10208083429835846,5.291545290042847,1.5069879062520566,4.113824179739461,8.445403599030751,4.158253667015614,4.32960420263378,6.243817421279821,7.878653159932645,1.914213218646041,1.134023092531862,-0.5038694388385538,1.5336571296140729,0.20769493881155374,1.162247485915555,2.1627098555421944,1.232869860276427,1.480859484935018,1.591018214627368,1.729328361004604,0.11015872969234985,0.556150880223867,1.4441157082154525,0.5141584477346588,0.010091911172697922,0.49220706361958233,0.5443620071846398,0.5054536726274887,0.5100715880164393,0.517610491976447,0.5225451337052368,0.007538903960007781,0.5649156088100503,1.7455129488767476,2.4105030586067415,0.670309644645579,1.3565231311029293,4.701541385135135,1.5258291291198454,2.2013744579183396,2.5504700117406593,3.0148923007519395,0.3490955538223197,1.167530987734415,2.8318628003342745,2.0434686124614356,1.0117722535960045,1.1359962930837892,4.620694116790519,1.291020341980806,1.3511783531652954,2.6880528529146046,3.5079285871087422,1.3368744997493092,1.3342614292724322,0.5097571805408379,0.20592354098597024,0.024449325792626493,0.17959401499113947,0.25716177287036174,0.18629092030728153,0.18971539093445133,0.22148239460781205,0.2492040363815184,0.031767003673360716,1.0633158760960804,-0.5133432778293443,0.13385898002928395,0.028885792162699583,0.09472085515074788,0.1871982847066617,0.09939048824564058,0.1090737852436262,0.16106072126278093,0.17946763747402922,0.05198693601915473,0.43054789075736144,-1.1014729297039143,0.0742580341127225,0.002888608283957053,0.06671820996063074,0.07936147701652137,0.07028102154214588,0.07297581666882466,0.07559927981013657,0.07714902642718038,0.002623463141311913,-0.7716428210300482,0.5625663540803658,1.5583112874779539,0.15179796949343427,1.2570271164021163,1.7545469576719577,1.2863839285714285,1.4696800595238095,1.669870205026455,1.7051339285714286,0.20019014550264536,-0.8265501510496609,-0.5840713598671989,0.12000000000000002,0.04760952285695232,0.1,0.3,0.1,0.1,0.1,0.2,0.0,2.372239201176863,4.899653979238753,453.50638820863236,112.90800660473882,241.38541482918325,588.9632386093518,278.8830860976578,398.9349603008912,557.4584903473324,575.8666269072326,158.52353004644118,-0.49323293105491656,-1.1139851065071462,2.245601503054301,1.6207151943508673,0.0,8.086894035339355,0.8195570051670075,0.9740189909934998,3.1361470222473145,3.9235226154327396,2.1621280312538147,1.6370943271021763,3.4393788412080077,0.6492872818551942,0.22960723101711306,0.0,0.9630188339966668,0.327589981667701,0.5787333260054142,0.8038689931802654,0.8669797990588364,0.22513566717485123,-1.0186714561314743,0.3417291495472137
wdf_real_81,0,13.617077017249574,2.6227730411805164,0.458027079468768,6.919781843501122,4.987767031318792,0.4422446093171174,0.13035043561011564,0.06532401270699423,2.337797619047619,0.12333333333333335,95.67015960405804,1.0226777516270582,0.49845415514286046,0.7236019909168779,0.21383087759124866,3.001676438831052,0.0,0.0,0.0,0.0,0.006212685733605095,0.6076298252570136,0.9649507984161493,0.04462633248200206,0.7711088907831164,0.9922674845986242,2.9995812291955852,0.0,0.0,0.0,0.0,0.0,0.0,0.0,2.6568398862909754,7.042557181029496,0.036792213957674645,0.9629611064758581,2.105401400862069,0.7506590416243943,1.194482404896112,57.44968362043233,0.11017069600971115,0.0,0.0,0.5922527839892019,-0.13572906467768936,16.592225851427408,9.788467978998964,0.5900633042770791,0.011769578481676705,4.004364864031474,0.034974322921020984,13.617077017249574,1.0924706016714099,11.487133125542487,14.668431678391915,11.763906173150064,12.753256064983582,14.492783506222668,14.570373484014272,1.7395274412390869,-0.7789549338713256,-0.9356081654950943,2.6227730411805164,0.19176504037659461,2.1207147734948597,2.9266803884240926,2.3692589589140667,2.5114701853479158,2.7784175599104572,2.8051110106079746,0.2669473745625415,-0.6505575903633545,-0.06409041641186741,0.458027079468768,0.016413586048184832,0.43238101706872023,0.48887508657468626,0.4375170028514402,0.4470289370410455,0.47100719582443873,0.47991987642096096,0.023978258783393214,0.12818067936942348,-1.2966567363348522,6.919781843501122,0.9834579623830332,4.497485699918285,8.569035670690356,5.614278765099177,6.314070476050375,7.723617788653892,7.872839472566807,1.4095473126035172,-0.4873560186972917,-0.33766162182956716,4.987767031318792,2.5005862358612916,2.5778956539855686,10.867549419323142,3.0987904453147803,3.299248727168449,6.943889084177359,8.057133218668747,3.64464035700891,1.1705696702787705,0.13479511932447563,0.4422446093171174,0.01499829082597268,0.41451405255001317,0.45896452766704804,0.4197415975598802,0.42825894482581917,0.45516271519377016,0.4568578389292975,0.026903770367950997,-0.5442974237549455,-1.2707947697397457,0.13035043561011564,0.019376423206561,0.09140125356815706,0.16322399587700195,0.09332749789001846,0.1307958966559861,0.1398813437420536,0.14272069333595444,0.00908544708606751,-0.9533712993308665,-0.08255776175406604,0.06532401270699423,0.0019015398918469692,0.061944254037674916,0.06980605938821519,0.06296719606466243,0.06411901884926152,0.06661217431571693,0.06723065117954677,0.002493155466455413,0.46459049811641784,0.07059483973695269,2.337797619047619,0.2398499157183508,1.9324570105820107,2.5890376984126986,1.9993386243386246,2.075086805555556,2.5441674933862433,2.5793981481481483,0.46908068783068746,-0.47599703897422413,-1.5236364598015228,0.12333333333333335,0.04955356249106169,0.1,0.3,0.1,0.1,0.1,0.2,0.0,2.0441947893571184,3.379414835896066,95.67015960405804,17.61582318925072,73.73794455814229,137.1937788585213,82.2585336219347,84.75611253961017,97.3230930381677,127.58389111541454,12.566980498557527,1.1875584656267926,0.0736278732915463,1.0226777516270582,0.7441137192977125,0.0,3.1036195755004883,0.3786924093961717,0.5593341588973999,1.3509005308151245,2.096096277236939,0.7915663719177246,1.02956708274826,0.6414852144509426,0.49845415514286046,0.22665549050639158,0.0,0.9554999104197167,0.26230400586111935,0.33765381285738894,0.6121536514278778,0.8345667854790743,0.2744998385704889,0.16478691088641567,-0.2961300271391485
wdf_real_290,0,2.5177477736415415,1.4591429485903689,0.5205370280925735,2.1547947650277086,1.3437611505417735,0.18739759813562545,0.042918136430830034,0.08099634765406559,1.2615349136730714,0.13157894736842107,192.23955675834765,2.989561162496868,0.5455346837222931,0.06666072466841061,0.22549266517960287,0.0,0.0,0.0,0.0,0.0,-0.0029047034779785892,-8.89174821953291,0.7435538311665191,0.1296751900519369,0.402042227501214,0.0,0.0,0.0,0.0,0.0,0.0,0.0,0.0,0.0,1.9206118588462233,3.573186255500173,0.0740160100550934,0.820403466394545,2.1059027777777777,0.5541967077262661,0.8348874374380352,15.27044847071664,0.0816176720403448,0.0,0.0,-0.07537879765969688,-0.23373648401666042,17.270875072423493,15.827758848760089,0.03584459704392035,0.021234161117810214,1.8884863100553815,0.3985677960231866,2.5177477736415415,0.37921425067539216,1.995772217618269,3.4241506310279406,2.1078430393174394,2.2350355119579,2.782365703064591,2.940783116433402,0.547330191106691,0.7326542648384178,-0.17073182554919342,1.4591429485903689,0.15760258856912618,1.1520081192129572,1.8015001057944222,1.2543362223756425,1.3557519967601543,1.5480554693736996,1.6411434603511186,0.1923034726135453,0.008043324310540955,-0.26950046514133685,0.5205370280925735,0.015817962887174523,0.4863061371388715,0.5494564295751927,0.5009168281609082,0.5100919177273743,0.5279497741676886,0.5426607984126369,0.017857856440314346,-0.13822094487920702,-0.38438866721558584,2.1547947650277086,0.46112384413367047,1.3271400429799427,3.245414364640884,1.574856658048898,1.8392721460856718,2.397219731305081,2.6937294250091672,0.5579475852194093,0.28895807567427323,-0.08095038446522018,1.3437611505417735,1.0216289081482726,0.36089296693356027,3.7896265867996894,0.48749741868975954,0.5869012972909772,2.1667590934482104,2.720931225623854,1.579857796157233,0.9924015142977408,-0.3630945560834098,0.18739759813562545,0.014277997399335505,0.16645445736406808,0.21824387839638873,0.17057475475754139,0.17640412524077237,0.19645711942064698,0.20550053061440524,0.020052994179874606,0.4955304676842697,-0.5771076859154061,0.042918136430830034,0.01764410648568901,0.0007725026779473418,0.0732832448392596,0.026498346892812726,0.03987606496037853,0.04922214793172279,0.0646355677809019,0.00934608297134426,-0.8191306774034337,1.0447073333599635,0.08099634765406559,0.004261062399703679,0.07449123315849446,0.08732791810471328,0.0759334186898423,0.07675644819527244,0.08449733737882313,0.08692390919925874,0.007740889183550689,-0.028996314988303497,-1.430243257963923,1.2615349136730714,0.2093494167967719,0.9049272486772486,1.5854828042328042,1.0286541005291003,1.0524140211640212,1.441344246031746,1.5231812169312169,0.3889302248677249,-0.060347199123108645,-1.398098273191748,0.13157894736842107,0.046482951928041305,0.1,0.2,0.1,0.1,0.2,0.2,0.1,0.7925939239012162,-1.371794871794873,192.23955675834765,45.49189797183455,130.7853929779997,295.69990207248264,137.13343074475551,151.0122613850437,224.41316892686055,251.90909749746007,73.40090754181685,0.45095964762310736,-0.5556432636682502,2.989561162496868,1.293910659785604,0.5988585948944092,5.7542643547058105,1.2643738985061646,2.2213680744171143,3.7467949390411377,4.561392116546631,1.5254268646240234,0.15671093834449204,-0.35031340024874913,0.5455346837222931,0.21121367753236775,0.16688149872795788,0.8916952007655692,0.21860949421757342,0.43756015003763205,0.7065536460239052,0.7768680772021681,0.2689934959862732,-0.42628510885630344,-0.8904576817498415
wdf_real_153,0,7.246485051270184,0.9148445843133328,0.5685311791768173,0.8404596632970163,1.7887372819550371,0.23358247162926576,0.2990906369072423,0.06951727791293624,1.6239032186948852,0.13000000000000003,270.04335482566853,1.2926671842734019,0.25218900118850024,0.47192048677131737,0.13707889150749275,3.313075648989624,0.0,0.0,0.0,0.0,0.012370056551878207,0.8008662680679018,0.9532343820648373,0.039964631712997745,0.8424301828542694,0.9751957668261098,2.5232314277834,0.0,0.0,0.0,0.0,0.0,0.0,0.0,4.535761874787254,14.776230367303375,0.04392222185527136,0.6238860190834946,7.643723060344827,1.5509141716343657,0.6750677884945173,13.90270501729799,0.544677983285717,0.0,100.0,0.5945004309762492,-0.17118227008378545,23.463563652923877,9.506866000189142,0.463150921918429,0.005252842722180385,0.4079283207654953,0.040532532637115426,7.246485051270184,1.9481428841020993,3.7383167356243185,10.644613049242928,4.472752685611716,5.801654898999454,8.920716159681266,9.916506295085918,3.1190612606818124,-0.069345894192241,-1.0033019606421962,0.9148445843133328,0.05349827608821711,0.8223087844890705,1.0100724256485485,0.8356512844292614,0.8754993585019096,0.9547199376009817,0.9857118311221916,0.0792205790990721,0.009190230325866829,-0.9563196864637917,0.5685311791768173,0.008535897347713428,0.5512145860487827,0.5803706400755272,0.5579961767513448,0.5632567686222583,0.5772646221812519,0.5784709927791013,0.014007853558993588,-0.3333773465161797,-0.9335326579164995,0.8404596632970163,0.09791691344161517,0.6767615863184148,1.0215754243366004,0.6991637832116727,0.7677740748508751,0.9117507611518338,0.9719967764153343,0.14397668630095872,0.10139557262324433,-0.9358809187275061,1.7887372819550371,0.5757940648254912,0.6240883047252285,2.9051298715472207,1.0787577473946712,1.4074252992206149,2.1111949201662434,2.5607381170118115,0.7037696209456286,-0.1268479523872738,-0.47922028935567873,0.23358247162926576,0.03816112247861015,0.16019517162789212,0.29431372265818356,0.1767545570388673,0.20762118909338978,0.2654621124769129,0.2817944161232968,0.057840923383523146,-0.28608766716322,-0.9327262936137961,0.2990906369072423,0.02281130691269969,0.2552659958388117,0.3394325675903463,0.27392390211816214,0.2818024166950977,0.3192697331649937,0.33103570562352913,0.037467316469895984,0.008963225933290412,-0.900926133849532,0.06951727791293624,0.0019539971360654535,0.06491711493034394,0.07323201306309937,0.06736951211159468,0.06813677433898108,0.07063692600247669,0.07217001128335154,0.0025001516634956117,-0.20800764675568037,-0.3783192057311582,1.6239032186948852,0.09666081969751106,1.4577546296296298,1.865327380952381,1.5285962301587301,1.5466889880952381,1.6878513558201056,1.7302910052910052,0.14116236772486745,0.5088121275444237,-0.20155343286149296,0.13000000000000003,0.045825756949558406,0.1,0.2,0.1,0.1,0.2,0.2,0.1,0.8728715609439678,-1.2380952380952392,270.04335482566853,74.10682347800227,197.8349875389298,483.8244831430681,208.07541759574843,216.13682150672275,288.29001721485474,390.5064382241413,72.15319570813199,1.5830470270941783,1.5660264335477887,1.2926671842734019,0.5318865255778774,0.0,2.524913787841797,0.6937035918235779,0.963907465338707,1.47597736120224,2.1229108572006226,0.512069895863533,0.22456631160073634,0.3661153450747592,0.25218900118850024,0.10773208030264426,0.0,0.48450298623085886,0.08349249585291559,0.19422637970377366,0.33509293015274777,0.367716807646251,0.14086655044897411,-0.3182484357035493,-0.22062413565547834
wdf_real_7,0,5.946392682427946,2.007348932957644,0.53600326411867,5.763266281386462,1.223893778781481,0.33416645482198626,0.07350205309402853,0.07480100703925839,1.7872778640441687,0.16086956521739126,209.47047988193066,1.2916689506126244,0.4755310929329259,0.36820977466207994,0.3239420296842932,0.0,0.0,0.0,0.0,0.0,0.0025912954723845963,0.8546674142881907,0.8342895901261655,0.1690230578702495,-0.029053293897433677,0.0,0.0,0.0,0.0,0.0,0.0,0.0,0.0,0.0,14.36761094972131,7.077118961363115,0.07940051467828578,0.9103093612205798,2.9476996527777777,5.040391600517984,0.3113285615038247,10.704279049806647,0.2864633126465059,36.734693877551024,333.3333333333333,0.8483787165427961,-0.14477987316012988,12.67493872090761,26.74091571079635,0.4090380876671077,0.033192392460035074,2.322711370885372,0.1761689329851871,5.946392682427946,1.7052386816620289,3.693037668046403,10.462829968972288,4.443267692338871,4.713209009714248,7.145168852874962,8.084893272040814,2.4319598431607137,1.057666385086333,0.17679250021702497,2.007348932957644,1.3164974442631694,0.4662309917011595,3.6347037173288763,0.5400347808700908,0.6311443793122683,3.2608745268967017,3.486189813117675,2.6297301475844335,-0.0012294553283735612,-1.9286892087910856,0.53600326411867,0.09649023331323757,0.42696347606028406,0.6866203413629612,0.4353008138399985,0.44142979292096585,0.6389685102288463,0.6609800721715836,0.19753871730788042,0.18027667577694462,-1.743554214260688,5.763266281386462,5.303893957721945,0.21768841579604442,13.211209239130435,0.2919471869715005,0.39857090003664103,10.633440524895809,12.156052957799975,10.234869624859169,0.0700121079328223,-1.8898677471479195,1.223893778781481,0.7726265891918488,0.18194860802207305,3.058334940894227,0.5274441487489041,0.6487158838225624,1.9198018359638296,2.4352820843944754,1.2710859521412672,0.887266381534603,-0.6585582236426144,0.33416645482198626,0.09742661797112383,0.22455847888709354,0.5038101733862765,0.2332629096941332,0.24058942213053303,0.4363702047670463,0.4464856097024503,0.19578078263651327,0.174730910817978,-1.7378908931205939,0.07350205309402853,0.03376152455245619,0.03131260541075867,0.13251111774456625,0.03876196528209408,0.048028042991234504,0.11526283748139254,0.12547997416715606,0.06723479449015804,0.6308867058740101,-1.241466064605868,0.07480100703925839,0.012380867764522522,0.0571208207860205,0.09493795005929456,0.06032394799384121,0.06382512038604986,0.0861835015436573,0.09042340889694525,0.022358381157607438,0.06898244013507454,-1.6354385460571557,1.7872778640441687,0.7981720798134935,0.5319940476190477,3.037450396825397,0.7568617724867724,0.998015873015873,2.421812996031746,2.882357804232804,1.423797123015873,-0.004590795213662239,-1.3802827926172883,0.16086956521739126,0.08203461853962266,0.1,0.4,0.1,0.1,0.2,0.3,0.1,1.3032614384235512,1.0457644236838775,209.47047988193066,162.4794656508576,13.299722428090757,429.4809342862251,26.83837483895156,48.702604527523974,364.9655461406752,391.2181775388784,316.2629416131512,-0.003113745056119275,-1.9169570825229396,1.2916689506126244,1.290351285068048,5.509904440259561e-06,6.381134033203125,0.2326425090432167,0.5421512424945831,1.443922072649002,2.4321584701538086,0.901770830154419,2.414509052454955,6.4517476550594175,0.4755310929329259,0.1558125454689906,0.05514942942029966,0.7190846736849087,0.2842445447590847,0.36910200892315215,0.5708010761753849,0.671281082448073,0.20169906725223274,-0.49495950585929854,-0.284054888536188
wdf_real_187,0,21.131666646216132,1.0576182922225374,0.565961820527287,1.137916363549891,0.6082431316558717,0.5444952360497497,0.08956837178336387,0.0721725530852823,1.8083607006020799,0.11724137931034485,198.56328664548613,3.836689772277043,0.5025900897303844,0.14576513923215725,0.15934984208959857,3.5101467409091747,0.0,0.0,0.0,0.0,-0.003485147848679384,-0.6886918460170228,0.6695972475712225,0.22581670854831332,0.059288113236013275,0.0,0.0,0.0,0.0,0.0,0.0,0.0,0.0,0.0,4.390768513814066,7.215138614492654,0.0930928496187539,0.8633583228059182,15.003487723214286,2.23589116168412,1.0998913324777764,9.452095648143674,1.6643165772748114e-11,0.0,100.0,0.7283297562972806,-0.17655489914316042,11.25448486163728,47.70777370764473,0.15867773640012983,0.035411297629664495,1.4161316839785412,0.5167671366566762,21.131666646216132,3.166244131654471,17.122031194389606,30.785168669027822,19.111542036357204,19.503894490206058,20.74514759224015,25.57991700761656,1.2412531020340936,1.7380894390686519,2.236850718566358,1.0576182922225374,0.1300963975824526,0.8005245652161936,1.297088232445527,0.9152304377904122,0.9676936912178898,1.1341254527177635,1.2395754632212501,0.1664317614998737,0.07251487358142203,-0.6891400596544677,0.565961820527287,0.01696013395668352,0.5317893445485447,0.6060208901546416,0.5417515456975266,0.5550366515557417,0.5755581355599885,0.5855365472789876,0.020521484004246804,0.03192799158276293,-0.10893178620175181,1.137916363549891,0.2787893582323496,0.6416999862126017,1.689720946661957,0.840076573346576,0.9380691532047033,1.2902463612878836,1.541607346029254,0.3521772080831803,0.31340696709855703,-0.6967216513969632,0.6082431316558717,0.17070559651199113,0.2846941979962882,1.1145455116459948,0.3922852449953456,0.5340759880861202,0.6647059972546939,0.7852513759527338,0.1306300091685737,0.6121555273426467,1.1141119464059228,0.5444952360497497,0.0399234170391823,0.5014344484339506,0.6781500795796246,0.5111742807351484,0.5264561090372997,0.54268659049267,0.5751563552049976,0.016230481455370316,2.1361310821391193,3.9563223798539697,0.08956837178336387,0.037688205198185526,0.01997826733628249,0.14954854170227355,0.040738411757810254,0.06218096571381357,0.1284387968338614,0.13436937308596925,0.06625783112004782,-0.13164967250014067,-1.0924013313599825,0.0721725530852823,0.002909996599219734,0.06679123391004835,0.0800369951779802,0.06802635066938181,0.07012306526813916,0.07377054828139593,0.07477445284138555,0.0036474830132567637,0.20918512233114375,0.3144473249674622,1.8083607006020799,0.17803300354946192,1.4894179894179893,2.085896164021164,1.5491732804232805,1.6930390211640212,1.9633763227513228,2.032308201058201,0.2703373015873016,-0.13918302398119867,-1.1299361762332685,0.11724137931034485,0.05297341895081798,0.1,0.3,0.1,0.1,0.1,0.11999999999999994,0.0,2.9325603846358446,6.985851766733697,198.56328664548613,83.16108405901178,62.72403594354101,368.21929428694625,89.29920755572549,141.60936602010483,262.8000479440555,321.2675546313613,121.19068192395068,0.28595321415217045,-0.8754681250534344,3.836689772277043,2.1843719646621826,0.0,9.733785629272461,1.474276852607727,2.270798921585083,4.725183010101318,6.4944487571716305,2.4543840885162354,0.8694684688029259,0.5972246682006683,0.5025900897303844,0.25996620578668617,0.0,0.9347997380507286,0.1573204284901666,0.33500901526331833,0.7451107624124305,0.7872402877523996,0.41010174714911213,-0.21782823270856097,-1.0029864753648308
wdf_real_45,0,5.462362138353261,4.403121261475259,0.5287834615882282,20.14574671312687,1.0408380497920435,0.25053777814315265,0.10774410067928515,0.05592369129731843,3.001182208994709,0.13333333333333336,413.3713023853847,1.6637995103995005,0.46403714975552035,0.5423974558714914,0.3090606912143622,3.1303547775913323,0.0,0.0,0.0,0.0,0.004211218974266887,-3.442326360417666,0.8771527084812173,0.1484322595577494,0.35415115718893314,0.9811506541187414,2.815922062530522,0.0,0.0,0.0,0.0,0.0,0.0,0.0,5.822842076670374,5.750981240143307,0.019090018399200007,0.9444850220080074,1.858263739224138,0.5312007405482471,1.1093865798998828,24.32399872544695,0.09527400281084306,0.0,0.0,0.9742145692368804,-0.03326923552522552,14.495352871554015,19.321792652584083,0.3954970427246567,0.01454160600275361,13.883215165138244,0.08121817026563416,5.462362138353261,1.18017613324974,4.4575693722855885,8.257823646347855,4.606928226412309,4.687976283073549,6.406248756507344,7.3542861078655,1.7182724734337942,1.1849566829573797,-0.20346318943277986,4.403121261475259,0.8682223368173833,2.57316738580519,5.448952736015309,2.6939718759584066,4.345415437913249,4.89553564140784,5.070603531174336,0.5501202034945916,-1.2119701819806517,0.005237407813839745,0.5287834615882282,0.014505032504803752,0.4954396831737353,0.5516392318112588,0.5071760497350989,0.5210005062830709,0.5380804408457257,0.5480668075474393,0.017079934562654775,-0.3447159138038208,-0.6092482287995149,20.14574671312687,6.757391213836365,6.621345363179534,29.698501929563342,7.2587232087532385,18.883454864318672,23.97433232139041,25.714258999950484,5.090877457071738,-1.0169469904715884,-0.2240568980356099,1.0408380497920435,0.23447327853449268,0.6545300666645131,1.5041357141622995,0.7904737559072691,0.8275349014745687,1.1970750470586853,1.3595943831825696,0.36954014558411663,0.3760388210488,-0.8326859485279758,0.25053777814315265,0.028545342140812384,0.22732741081838767,0.3113982745156624,0.2296961770440854,0.23132751013343217,0.2776906874930194,0.29724897009214046,0.046363177359587227,1.0525627685463583,-0.6586725519765477,0.10774410067928515,0.019457169393872726,0.05887021371649031,0.1333772528013306,0.08023118408633476,0.09353028260439442,0.12526005999224626,0.1279059922939996,0.03172977738785185,-0.6765260465189074,-0.5366184162422072,0.05592369129731843,0.005665948711814772,0.04816943280476372,0.06921783989366798,0.049700776708833036,0.051725443762330105,0.057578252301230995,0.06485534321281355,0.00585280853890089,0.7825762461171613,-0.2625906161282199,3.001182208994709,0.38081771449846374,2.2409887566137567,3.9104662698412698,2.4139550264550262,2.7966683201058204,3.2084366732804233,3.2955026455026455,0.4117683531746028,-0.17773660486513562,0.011768817838530232,0.13333333333333336,0.047140452079103175,0.1,0.2,0.1,0.1,0.2,0.2,0.1,0.7071067811865462,-1.500000000000001,413.3713023853847,38.02994149204875,339.72871266378326,469.42324185372604,349.51183814974587,413.700592900003,437.3798973122773,449.87766659511743,23.67930441227429,-0.8587759296432397,-0.595576935961724,1.6637995103995005,2.152394181307599,0.0,8.801830291748047,0.4306471884250641,0.5589420795440674,1.8738804161548615,3.000468969345097,1.314938336610794,2.468765647378332,5.067231025437621,0.46403714975552035,0.22301787588954788,0.0,0.8699650887469346,0.1881763812486594,0.30844617093996896,0.5689930727643938,0.8040417517389552,0.26054690182442486,-0.019210205276435764,-0.5225182300356761
wdf_real_51,0,10.029470496214397,0.8633244820192557,0.5874806508093913,0.7979455393044703,0.8274688255036281,0.311551879743922,0.22937878072404969,0.06978805113098784,1.6665974921714717,0.14081632653061224,324.8986454821171,2.3194426541425743,0.5388311009175395,0.16274360069787544,0.16441882239618247,0.0,0.0,0.0,0.0,0.0,0.003305433743465411,0.8886124506099924,0.8518371576909907,0.14123603117914954,0.3277857144406134,0.0,0.0,0.0,0.0,0.0,0.0,0.0,0.0,0.0,8.035385446459832,7.380827528830128,0.12578166814519479,0.866388513653436,6.08526611328125,5.829539308326951,0.39564987994415846,21.1682902978174,0.04097319001182903,30.0,100.0,-0.33982091609705867,-0.18647598065739718,14.07071194481043,31.923930128316513,0.1634398720074723,0.012414236190933601,1.3310924877925796,0.2992079217738173,10.029470496214397,3.7656273073853295,4.632238830924927,16.65376854903828,5.654640623216194,6.538296025431028,13.437769441106372,14.469731216351803,6.899473415675344,0.10504798713716103,-1.5874169645749379,0.8633244820192557,0.2285067673833863,0.587701526767852,1.49915716950049,0.6416781630898282,0.7081434498766418,0.9372211455807283,1.0561017424946162,0.22907769570408654,1.4578412810610768,1.7579737548803944,0.5874806508093913,0.026366233451399372,0.5231665521348496,0.6265407353442343,0.5502968848428604,0.5731610399011255,0.6066770679302935,0.620386222911846,0.03351602802916798,-0.5834726800377761,-0.3481044993898692,0.7979455393044703,0.47600614929207963,0.3455185346931436,2.2505287820116493,0.41206955599608813,0.5016140392064796,0.878392325906138,1.1237502911001032,0.3767782866996584,1.9819042942160712,3.3190389240335403,0.8274688255036281,0.5764379516385152,0.14687510894047262,2.0452952826351463,0.20924011021096892,0.269353120372753,1.3265084727769605,1.5230053039277307,1.0571553524042074,0.4472438568817248,-1.139610930640556,0.311551879743922,0.10563231207758633,0.17235030831323786,0.4742145674265964,0.1950745436418111,0.21683515701017997,0.41473510043019374,0.43342153969858804,0.19789994342001377,0.12182474994766529,-1.8050239422502568,0.22937878072404969,0.031086578953643397,0.17177720694081727,0.30104491964226926,0.19648960167592783,0.2043337162651783,0.2577936497291274,0.2688299843140498,0.05345993346394909,0.5016033858360831,-0.62001353577012,0.06978805113098784,0.0028763544479824574,0.062372447419603474,0.07478498778753553,0.06468912180474096,0.06942104082205812,0.07132838274778887,0.07270710056639913,0.001907341925730749,-1.1193440320698433,0.9465520934723219,1.6665974921714717,0.4676140184723228,1.177827380952381,3.083746693121693,1.2468419312169312,1.2814980158730158,1.8493716931216932,2.103951719576721,0.5678736772486774,1.310252666726681,1.32421132449345,0.14081632653061224,0.06675684585222909,0.1,0.4,0.1,0.1,0.2,0.2,0.1,1.778711639212528,3.2147733426500134,324.8986454821171,261.50771391377197,49.33992646460856,952.8408168778367,62.498389202460366,71.09323466013052,544.3264114310266,718.8487293583723,473.2331767708961,0.47352513313787126,-1.0090430459149393,2.3194426541425743,1.1961834011878374,0.6160058975219727,5.975520610809326,1.1315609693527222,1.5133466720581055,2.8774335384368896,4.089703941345215,1.3640868663787842,1.179633353477114,1.2249946824509674,0.5388311009175395,0.24142948184010435,0.059512894343815105,0.9645822556670872,0.24434594080640817,0.3914213845888659,0.6964906062652888,0.8852087271851368,0.3050692216764229,0.14450617573762126,-0.7941673172659778
wdf_real_433,0,5.620042698277077,2.060041597395545,0.5012912159644417,4.329640357750613,0.5855272954319252,0.2953715461972497,0.03903949783452165,0.06510913790679027,2.8009800903119864,0.13448275862068967,327.93832650199505,4.994958055430446,0.7118624210638355,0.0748119835232612,0.1599854920103485,3.4991564834869724,0.0,0.0,0.0,0.0,0.00619312158150328,2.3517343877626025,0.5802192056792633,0.24989903341472705,0.007996882158342346,0.8242253919605501,3.139572260536596,0.0,0.0,0.0,0.0,0.0,0.0,0.0,7.989210249617856,2.0103586379705294,0.12843251396808475,0.5116660841041493,22.42333984375,0.9775191307933574,0.5975527676992953,11.22302843123371,0.21987907094459844,0.0,166.66666666666666,0.3604647668201154,-0.20416946199945643,13.241534605179114,86.70936228482613,0.20032404021555594,0.02643655163959585,10.88399731701818,0.49825509161967396,5.620042698277077,1.0024914342864026,4.3207384752908995,9.146977920530773,4.400009349748305,4.971974406176149,6.039045093696108,6.697197182633076,1.0670706875199594,1.3685561944380986,2.9833432051329387,2.060041597395545,0.2911877500319239,1.3369716314039843,2.6021395106568623,1.6845206596618014,1.8710636943029348,2.3149179025636335,2.38501405163704,0.44385420826069866,-0.36656267811569665,-0.4290422912081624,0.5012912159644417,0.015308416058588481,0.4705117751694824,0.5277085249341507,0.48237121936343663,0.4885829288650626,0.5139952768888045,0.5222940468647483,0.025412348023741926,-0.05640116766819594,-1.011210951500819,4.329640357750613,1.1730020835808734,1.789018728989915,6.7720247845595045,2.839134012933301,3.5019635484845435,5.3625982905982905,5.689850022862179,1.860634742113747,-0.06523138638337304,-0.7139397401656606,0.5855272954319252,0.14906488228943013,0.2988597935593458,0.9070249930503497,0.41200703105880193,0.44491064563960536,0.6963241059926981,0.7475078173472414,0.25141346035309275,0.11662005356410184,-0.8326628919744219,0.2953715461972497,0.0272461089398247,0.25403915653916653,0.3754789192246768,0.2586764559561953,0.27878752175018956,0.3139746867548846,0.32324582238478955,0.03518716500469504,0.6665740164704004,0.5881558803001865,0.03903949783452165,0.027834032344499462,0.0026224423695416534,0.12155997316526072,0.008466049980349414,0.02298586956887764,0.046803890645089066,0.07648130067730667,0.023818021076211428,1.2093635249395114,1.2199782588895998,0.06510913790679027,0.003433615830174721,0.05922278384037389,0.07436800393342569,0.06250395351476946,0.06300053894447119,0.06566284712043767,0.0707163975852888,0.0026623081759664796,1.3121477486602628,1.4516149124037758,2.8009800903119864,0.2971353548390719,2.191054894179894,3.4440310846560847,2.402959656084656,2.5407572751322753,2.9443617724867726,3.214649470899471,0.4036044973544972,0.08227514375142671,-0.46214696917941245,0.13448275862068967,0.054303502579391795,0.1,0.3,0.1,0.1,0.2,0.2,0.1,1.2843399940180547,0.672866805411029,327.93832650199505,116.73785636442547,137.06764537947342,593.0907162254235,154.05077203379562,256.1353868681998,391.18156810778913,452.89014477014496,135.04618123958932,0.12191282746247181,-0.4209134740187852,4.994958055430446,2.447397800706667,0.0,10.763223648071289,1.5518310308456422,3.350222110748291,6.328120708465576,7.450239276885986,2.977898597717285,0.27553101055134893,0.19831430685106932,0.7118624210638355,0.23007997027618468,0.0,0.9867933726886021,0.4495374914892377,0.5985132958743554,0.8911088211702445,0.9380617444831663,0.29259552529588906,-1.241578740651796,1.3465960840286995
wdf_real_137,0,4.3176463937060845,1.5447723740529276,0.538848027476267,2.7202906843772356,0.4372630473677431,0.2547960815704931,0.04637776038614391,0.07078417842882898,2.338263337742504,0.14666666666666667,178.55478571699658,2.165849377711614,0.5905367366472429,0.28877988534307947,0.26274598287348394,3.2686693795551065,0.0,0.0,0.0,0.0,0.014324281747761387,1.5383061042522606,0.7612328543606275,0.18453770384149457,0.28269404081512517,0.7420055857580315,3.056564760825435,0.0,0.0,0.0,0.0,0.0,0.0,0.0,12.783520050073262,3.186798133643969,0.0826796387188471,0.9457533964400567,3.2309065193965516,0.9768209719675696,1.044131285417852,21.75294158822312,0.5524932983480596,0.0,0.0,-0.3544052764040457,-0.16798011579286615,18.89457591106694,20.10987071704222,0.18470372671744376,0.02694164932969721,1.576349025964737,0.10798265636477633,4.3176463937060845,0.8824139366267119,2.943435554440425,7.450854558680447,3.206743516851909,3.5712761419544887,4.677556237744825,4.833720184693383,1.106280095790336,1.0821880707915852,3.1376498216054136,1.5447723740529276,0.577598992371135,0.6332514510637716,2.3239612007978896,0.7626931854520125,0.945548366284409,2.0421032292090895,2.158043134977906,1.0965548629246804,-0.32172773691605416,-1.5861142563062278,0.538848027476267,0.060872849110702475,0.46957459718041794,0.6568535390283308,0.4803326516363424,0.4883993568392809,0.585932519204562,0.6296964846245442,0.09753316236528115,0.6175511235444923,-1.1223668615201243,2.7202906843772356,1.6874546399916206,0.4011782147315855,5.400808128359029,0.5824944897092365,0.895770159818469,4.170652076450306,4.657649421018673,3.2748819166318373,-0.13786499111623515,-1.6406107306876447,0.4372630473677431,0.3077555851536601,0.11034447237633713,1.332771761675221,0.18789540884422207,0.19990192172391877,0.583453854119827,0.8622625730423207,0.38355193239590823,1.1680701773938231,0.4838843973074902,0.2547960815704931,0.028417362445126187,0.2089316224547674,0.350665382950756,0.2183908263560027,0.2339266878389738,0.267182312791041,0.2706836588900993,0.033255624952067186,0.7895607847241722,2.288748392365382,0.04637776038614391,0.039534595424590445,0.010404782246454433,0.1489030497243329,0.014409127482719301,0.017875150428229042,0.04840866788414121,0.1155041472510069,0.030533517455912165,1.2963009095818707,0.3125861664333134,0.07078417842882898,0.012909208747741341,0.05669264656002943,0.09496676447053165,0.057533403927236916,0.058933249820041285,0.08230260294226296,0.09057053599241548,0.02336935312222168,0.464722344085999,-1.2953046363272347,2.338263337742504,1.000501494803046,0.8354828042328042,3.621445105820106,1.0244791666666666,1.46463707010582,3.344762731481481,3.440492724867725,1.880125661375661,-0.10591260512840385,-1.6880839562642362,0.14666666666666667,0.05617433182117572,0.1,0.3,0.1,0.1,0.2,0.2,0.1,0.6953537602938636,-0.5546518547907149,178.55478571699658,30.043433949823452,134.293937887836,260.68277884068704,140.77890121990563,157.70731386187418,194.1302810689366,207.89882381346376,36.42296720706241,0.8299589319175104,0.5625002630609082,2.165849377711614,1.292229569737298,0.0,6.613152503967285,0.7978150486946106,1.3579410016536713,2.697200059890747,3.418906402587891,1.3392590582370758,1.3400024853069392,2.7040137835568068,0.5905367366472429,0.26754738667955136,0.0,0.9381254003821031,0.1355930874697504,0.42642507478001485,0.8069870434035803,0.8638132548595396,0.38056196862356545,-0.7367483050898669,-0.6134463505739047
wdf_real_175,0,7.904116140037619,2.765485326798151,0.48465798070567284,7.808900071450631,2.441876921345577,0.33461342663211086,0.030564472209595083,0.07772393650183336,2.298307980599647,0.15,249.76552742817688,3.9390679319699604,0.49544352486744675,0.12137726917930704,0.14833409156605942,3.420926727731877,0.0,0.0,0.0,0.0,0.004235087957131418,0.4350201482645613,0.7715994597492608,0.12055930994869221,0.5131581286947885,0.9760305616161066,3.3232314272034467,0.0,0.0,0.0,0.0,0.0,0.0,0.0,4.137662058628135,3.4346147704354157,0.06111081290707218,0.7023974453061128,9.750404094827585,1.3540006277332235,0.7818812628916643,21.75111954722119,0.5104377527198071,0.0,0.0,0.3702412523309119,-0.17000483551813322,18.150140071398255,39.13223341180837,0.11626896324061935,0.030547388894955105,5.763390421867371,0.24974095413781772,7.904116140037619,0.5385728045495011,7.004545682750061,8.950406710806591,7.280086823752404,7.5731069524236805,8.397421044250663,8.62402207551893,0.8243140918269827,0.3003884155510162,-1.0262875247598282,2.765485326798151,0.39411582083589125,1.961400304645132,3.5716304055972605,2.100472885643178,2.636813789202168,3.0074385091869873,3.155695706014624,0.37062471998481916,-0.34909774031190577,-0.24598885258921444,0.48465798070567284,0.021200721813259917,0.455752136682235,0.5293399807653998,0.46107334052719084,0.4712526843925794,0.49885211708651367,0.5177824957031549,0.027599432693934278,0.770584484952492,-0.47985554470700853,7.808900071450631,2.1367977768581885,3.848164995804443,12.765129411764706,4.413201024820688,6.960770877012042,9.045991870028274,9.96555146235131,2.0852209930162324,0.01679239260519033,-0.1426561737460137,2.441876921345577,1.530058229427029,0.9646407233837457,7.6643649650235295,1.2673214689856531,1.4728541399955886,2.709238575511143,3.7896348262881174,1.2363844355155547,2.169042907294222,4.382358265700959,0.33461342663211086,0.020583080043130073,0.3030483157435874,0.3697219496829277,0.30879331780779923,0.3165552237636387,0.35294100909651865,0.36195934000419544,0.03638578533287995,0.10222233631308217,-1.483021739877485,0.030564472209595083,0.01773594156939735,0.000635071113356005,0.06444609445126674,0.008723832193826159,0.014606707971905018,0.04360081936158691,0.055437385859267524,0.028994111389681894,0.24013817546379812,-0.9963363005093782,0.07772393650183336,0.003528843737349953,0.06973781993298775,0.08382721739133103,0.07330943447318951,0.0757069334938305,0.0802965741066457,0.08221769337492338,0.004589640612815207,-0.44787213861411584,-0.23466920690043658,2.298307980599647,0.29154357658970564,1.7685185185185186,2.923859126984127,1.8980737433862434,2.1847304894179893,2.4757151124338623,2.5900132275132277,0.290984623015873,0.1531549261263317,-0.21912066531715002,0.15,0.056273143387113776,0.1,0.3,0.1,0.1,0.2,0.2,0.1,0.56117262103493,-0.7146814404432149,249.76552742817688,56.541875332469566,181.47967429623327,387.0049345673806,197.79810638060925,205.12647267810743,290.9057030850332,332.03908283551095,85.77923040692579,0.9227663091166876,-0.27640817164151654,3.9390679319699604,1.8100680019576112,0.0,7.597186088562012,1.9329854011535645,2.51488596200943,5.273500204086304,5.961415243148805,2.758614242076874,-0.009649705874160476,-0.6135770153485911,0.49544352486744675,0.21410788991979499,0.0,0.9202536806894244,0.26390349197243307,0.34804466828127417,0.6366786003914776,0.7600342735451415,0.28863393211020344,-0.14159050789293906,-0.17658790168137894
wdf_real_234,0,3.716504566547767,1.227343655976205,0.544562307274232,1.6043030306894306,0.45976009681668123,0.2335042650386136,0.04667791715194327,0.07021207406882367,1.7813932980599645,0.12333333333333335,176.7007416432201,2.3978280127048492,0.582850080541829,0.26263805034513193,0.24943907365696025,3.386404707138758,0.0,0.0,0.0,0.0,0.0014101739993654485,0.14811773705782225,0.7557292621342196,0.14029423891545637,0.5043696957174306,0.9523592862676733,3.0062389273482593,0.0,0.0,0.0,0.0,0.0,0.0,0.0,6.124952125506408,4.526267862846295,0.05343438367549022,0.726348613237504,9.684469288793103,0.8993011402795288,0.7170756881824045,18.035643478012943,0.37326737858245246,0.0,166.66666666666666,0.10829629556313834,-0.18367758022343145,35.86720879470267,9.907911074987247,0.2609973746802056,0.03923682447662156,0.9187857915957769,0.16248607339516175,3.716504566547767,1.1362850737233678,2.1816614986576544,8.007394332265099,2.35515015158691,2.7651495153580257,4.078021992451228,4.632566871040441,1.3128724770932028,1.4578840108591304,4.449329716007535,1.227343655976205,0.3111164678000722,0.7928022341684612,2.0567923901718124,0.8245900903560659,0.9818664261194472,1.4626171222313642,1.5809812258520157,0.480750696111917,0.546570965027043,-0.2270933449060748,0.544562307274232,0.026382728110839682,0.49984431451902744,0.5918667672766462,0.5143830720291446,0.5214299148001271,0.5657048651653259,0.5835192263925276,0.044274950365198795,0.23436703399985045,-1.1315688083864794,1.6043030306894306,0.8266200801772948,0.6290293855743544,4.242109038737446,0.6800239962417899,0.964446213449529,2.1419239532039063,2.504026950456112,1.1774777397543774,1.1153777670036926,1.3103166658585321,0.45976009681668123,0.28183652730807085,0.12808764869121364,1.2350837536827206,0.2168492478203126,0.2711061604081342,0.4767664678653065,0.9089448320472323,0.20566030745717234,1.2146883073422767,0.4575190082274796,0.2335042650386136,0.0405044068540991,0.17200775002186033,0.3639962194046683,0.17909123281301287,0.19964390770315116,0.24896018464666586,0.2651440140342007,0.0493162769435147,0.6561163252916037,1.6587876745014842,0.04667791715194327,0.031613387557753066,0.0034204055134239913,0.09580123008487955,0.005919637757707507,0.01646965425146963,0.07538531705573544,0.09030898890785465,0.05891566280426581,0.12749685509890946,-1.4531794229453943,0.07021207406882367,0.005382145018817984,0.06210076127145307,0.07981720146018619,0.06376074230927561,0.06459670227471263,0.07369684118695354,0.07827255154244456,0.009100138912240902,0.2137677821138661,-1.1261992400988776,1.7813932980599645,0.48239254720079117,1.1843584656084656,2.9069940476190474,1.2251818783068784,1.3954819775132274,2.0239955357142856,2.4924851190476196,0.6285135582010581,0.7770752213378906,-0.31745678121545984,0.12333333333333335,0.04955356249106169,0.1,0.3,0.1,0.1,0.1,0.2,0.0,2.044194789357119,3.379414835896066,176.7007416432201,29.424542672564236,119.43603193220027,238.57084494024693,135.981508080748,160.23038465353886,194.07684826800133,210.3696341582214,33.846463614462465,0.024258888719946175,-0.14160464270209427,2.3978280127048492,1.3312796303063388,0.0,6.6363606452941895,0.9701610147953034,1.304064780473709,3.098564088344574,3.839081454277039,1.7944993078708649,0.836881103247741,1.4105633655450776,0.582850080541829,0.24617008494177642,0.0,0.9704629769316989,0.29673366353137287,0.3724475731121337,0.7431690165240026,0.929693996149072,0.37072144341186886,-0.28837253177945127,-0.6020233767699548
wdf_real_259,0,12.328157518845995,1.5330194573847744,0.5246538192294475,2.4029389247606443,0.8197936728402847,0.33957611951923533,0.08900906537401974,0.059912417944933495,2.601931768077601,0.1166666666666667,365.09693240564064,1.9655803819497426,0.3756418298044004,0.49886558257758684,0.2830469819067083,3.307145904037126,0.0,0.0,0.0,0.0,0.01395266736507784,8.220726224991209,0.8390393196246312,0.14559832476662438,0.4560680818695309,0.7644500426221513,3.373557260679428,0.0,0.0,0.0,0.0,0.0,0.0,0.0,8.367981514189058,8.325899961219964,0.09676733364280399,0.9677862911587086,8.499124461206897,4.659976216690494,0.5820294934915502,13.396231094179813,0.15858454696222443,0.0,0.0,0.8253793630614765,-0.19848619309390184,15.753275567089707,21.826258209045083,0.4212974795317344,0.014017278165461512,2.593296895424525,0.1656124431245315,12.328157518845995,1.3058024786503297,10.012071766339021,15.008328672347911,10.313575106358481,11.203114000860834,13.153311471097574,13.909914426273104,1.9501974702367395,-0.1537373188022172,-0.6645856502712295,1.5330194573847744,0.2226266343453008,1.0767365951799106,2.1758841289979998,1.3355496287397872,1.4193663240666836,1.6630164426826808,1.742377107700511,0.24365011861599717,0.48693901468409906,1.135278156700875,0.5246538192294475,0.01972291294911242,0.4973283009324465,0.5795185440404975,0.5081824193931095,0.5127467658868383,0.5261505233250908,0.5605373617565472,0.013403757438252506,1.506512934665129,1.4552325648089486,2.4029389247606443,0.712670467507759,1.159598993991896,4.740872602693716,1.7883388312344997,2.0172821039248046,2.7680538013156286,3.0419253652562444,0.750771697390824,1.0954094498692344,2.208609535703249,0.8197936728402847,0.6725300993811478,0.01562104377396433,2.037333413536495,0.036184138819600045,0.2336553090817974,1.4582476572773047,1.9371060975796321,1.2245923481955072,0.5123179425004092,-1.0599606613121115,0.33957611951923533,0.03002787678755797,0.2972206566316723,0.4414423989443218,0.3096174899097048,0.32179179614507913,0.345545648080863,0.36897854661090684,0.023753851935783887,1.786013791747614,3.5063893324501008,0.08900906537401974,0.038557077185939426,0.00501987435910592,0.1744859708895048,0.03753918447902626,0.07101542087948319,0.10606707703252607,0.14029184159464436,0.035051656153042884,-0.04593042462963912,-0.11079031576112275,0.059912417944933495,0.0067499866585639815,0.04012811555158536,0.06808391446320171,0.051503215927119296,0.05846278922993411,0.06522964636375664,0.06643167376476904,0.006766857133822531,-1.4546617452025674,1.7693874558062639,2.601931768077601,0.8452199023285287,1.8978174603174605,5.139302248677248,1.9306464947089945,1.9837962962962963,2.8627025462962963,3.4013640873015882,0.87890625,1.7201136123006446,2.4045307693246167,0.1166666666666667,0.0372677996249965,0.1,0.2,0.1,0.1,0.1,0.2,0.0,1.7888543819998297,1.1999999999999922,365.09693240564064,88.91028280419799,259.9981286919054,605.7795819639326,278.60322089454223,284.99507272845244,420.4890736147146,462.9691211859179,135.49400088626214,0.9904174121713274,0.4565209981146836,1.9655803819497426,1.6150533671556735,0.0,8.023173332214355,0.4269284576177597,0.762015238404274,2.841976583003998,3.785108256340027,2.079961344599724,1.7226625522574017,4.091690538863657,0.3756418298044004,0.2178282119501368,0.0,0.794340305762674,0.13628224849799292,0.20024032475603387,0.5451395427593315,0.6937975829258898,0.34489921800329765,0.385995518926255,-0.9891073003785755
wdf_real_170,0,6.754208668872327,2.023182062137207,0.5014430991566915,4.179342553832545,0.3653914398766489,0.21491154134171042,0.09681591922683659,0.06190131468641124,2.8947448192239857,0.1833333333333333,587.7175090070109,1.8303392420212428,0.4962202173398077,0.5340162934001049,0.22300986390434974,3.3001381503078666,0.0,0.0,0.0,0.0,0.020637547510828122,-7.6839623777697845,0.9119596519565818,0.09092592566061175,0.5430546840054219,0.9774998299001205,2.999581229196173,0.0,0.0,0.0,0.0,0.0,0.0,0.0,8.384865175181913,5.851814360197172,0.049886336147888566,0.9639207103949736,1.7306707974137931,1.4393701471425517,0.6634740146078812,16.26990109688467,0.3904136352204619,0.0,0.0,-0.03128064196272674,-0.18838917535770117,13.256948407649709,14.719315666043324,0.47647481759479354,0.022083411660062214,4.0703741908073425,0.08410285792697747,6.754208668872327,2.63497062963924,4.6209096118726105,17.522083802922637,5.291889522862126,5.496883624332945,6.641602271882054,7.3092727823361345,1.1447186475491096,2.9085936603954807,8.054945489198202,2.023182062137207,0.24881785644552754,1.622714023205761,2.6715373765516857,1.7528156601304663,1.85281058544808,2.241063258984973,2.3334268575349477,0.38825267353689297,0.47752301355275556,-0.23303359604903662,0.5014430991566915,0.012376156443281806,0.4747418028088224,0.5242593860216747,0.4902215408043095,0.49367099957920274,0.5085443887208806,0.5206618077278818,0.01487338914167785,0.06891026235808563,-0.44868005096339925,4.179342553832545,1.037935070537907,2.6557919138201402,7.144126490759823,3.0910889394997483,3.4595219397387282,5.041490567796383,5.475597498317584,1.5819686280576546,0.747891676936364,0.26544385460004527,0.3653914398766489,0.07998676006666561,0.20244496848847088,0.5154154772653098,0.24853331361598494,0.3188930188355115,0.4276514609798077,0.45878244225258474,0.1087584421442962,-0.07991942413448387,-0.5962895943307029,0.21491154134171042,0.040373374432116735,0.17799387191281932,0.37240515558848536,0.19010589147783755,0.19527926440964288,0.2156314162324045,0.22734224821411106,0.02035215182276162,2.6712150781953343,6.732293023319961,0.09681591922683659,0.023744440998374278,0.0519254889868497,0.13548264421687964,0.05820617650713885,0.08282284723431786,0.11889520514498694,0.12428726396349292,0.03607235791066908,-0.23408265081123997,-0.774064602739494,0.06190131468641124,0.0016364689535432692,0.05857359332309953,0.06550161051698077,0.0600782425238945,0.06098792247206709,0.0627872962808784,0.06466307876265041,0.0017993738088113095,0.36785960449077043,-0.0746002795185352,2.8947448192239857,0.20522083542172243,2.3032407407407405,3.1688988095238093,2.607556216931217,2.8100405092592595,3.070849867724868,3.1107473544973545,0.2608093584656084,-1.0497370794600056,0.8912304332243202,0.1833333333333333,0.07340905181848413,0.1,0.3,0.1,0.1,0.2,0.3,0.1,0.27150972508058885,-1.11403974917632,587.7175090070109,72.69773917102897,462.68647295310575,762.8084163254476,505.3526028545046,524.174960356081,630.0865283983585,685.5624458157924,105.91156804227751,0.4475384749023343,-0.32481411857592146,1.8303392420212428,1.8599920546518973,0.0,7.903615951538086,0.5040074467658997,0.8935139328241348,1.8192315101623535,3.452361273765566,0.9257175773382187,2.29023020677884,4.6180723419777765,0.4962202173398077,0.24279752932299842,0.0,0.968933605682359,0.2524048910109433,0.30731759224458977,0.6246018533450337,0.8774256352351574,0.31728426110044394,0.3147504055528947,-0.5810486569591187
wdf_real_232,0,6.2293930929631385,1.2882679057746602,0.5487525151535361,1.8273208989175342,0.9970021710597674,0.29113834464215826,0.021758809510202013,0.07231536619794715,1.7877209595959593,0.15909090909090914,247.51657537834498,3.390754479569957,0.5658769150806985,0.23577739692727984,0.3320167632198547,0.0,0.0,0.0,0.0,0.0,-0.0019009913702466449,-0.2606882852134326,0.7990894349648139,0.13558229138429054,0.47427662082667443,0.0,0.0,0.0,0.0,0.0,0.0,0.0,0.0,0.0,10.232020744916351,3.479046903616655,0.0487159575796222,0.7982109590554464,4.549386160714286,0.7418818380998505,0.9868277828010665,15.818926237549016,0.6742625064870685,0.0,0.0,0.7495070690772966,-0.20512329841048066,11.625759203787062,11.43697247266916,0.3776306873356038,0.04039222328040084,1.1015480675480582,0.2444995156507661,6.2293930929631385,1.6025098082382487,3.170105161339254,8.310073082453203,3.9736552990817158,4.722172187022765,7.714205262347118,7.997477667734335,2.992033075324353,-0.4564936071658279,-1.1876250103173815,1.2882679057746602,0.4087719885894027,0.6645456757756153,1.9509813415952992,0.8156229790415346,0.8992019430606555,1.7106594158113002,1.7876179503976473,0.8114574727506447,0.04630746355632308,-1.460471150230928,0.5487525151535361,0.034162832505191136,0.508321048394293,0.6141076503786771,0.5109793063534455,0.5145603266263049,0.5761588582617655,0.5934027680712625,0.061598531635460585,0.41240692021056075,-1.1183432155395716,1.8273208989175342,1.0684711418049306,0.44171801778532155,3.807911090652024,0.6655701813572166,0.8088869453192012,2.9286907227527035,3.1964887715543666,2.119803777433502,0.2907467913998696,-1.41856597525146,0.9970021710597674,0.8249033973468034,0.23855403666962977,2.842188017699964,0.30325682232088885,0.4658743249561956,1.575175450571427,2.29071684216053,1.1093011256152314,1.0085473961091636,-0.581309494297158,0.29113834464215826,0.040249540438766045,0.20492429402559856,0.34065936886826725,0.23359843149200893,0.2580808481387584,0.32569664899754747,0.3309944618870594,0.06761580085878904,-0.6968957927814452,-0.7988666222763605,0.021758809510202013,0.01732298434083877,0.003415488088247894,0.062005921453729185,0.007750890939700068,0.009386121534809545,0.03256248848155392,0.04820542607895617,0.023176366946744378,0.9708532423234026,-0.4912636373960648,0.07231536619794715,0.007037746462859793,0.062153551979203484,0.0843799549481914,0.06349031005217486,0.0667324861606626,0.08003906653239487,0.08123614311511651,0.013306580371732268,0.2536967320896437,-1.425043329482469,1.7877209595959593,0.6265281273382814,0.8390376984126984,2.488260582010582,0.9251901455026454,1.0616112764550265,2.287553736772487,2.4557126322751324,1.2259424603174605,-0.4111555711637078,-1.586934483866123,0.15909090909090914,0.07172606290027046,0.1,0.4,0.1,0.1,0.2,0.2,0.1,1.5270463868059685,3.0631441428364,247.51657537834498,33.75517115710939,169.58912913904703,301.63475310467555,213.68953816549697,220.17941957966778,271.04405652108926,289.8729442520815,50.86463694142148,-0.20666073454058162,-0.6214879551038024,3.390754479569957,2.322346514289909,6.763623241567984e-05,7.9721879959106445,0.8846032738685609,1.3705466091632843,5.030889511108398,6.471528434753418,3.660342901945114,0.289209394385848,-1.2113640743842633,0.5658769150806985,0.25298246342008057,0.10596296341814043,0.9416141350129172,0.22654960549794062,0.3599488463649853,0.7541144193971236,0.8887442048889337,0.39416557303213834,-0.21719585197343688,-1.2191924501196854
wdf_real_56,0,6.7447906042159875,1.6096355271962868,0.5238140615448287,2.643049182879035,0.6629498717056638,0.2876921704767812,0.03210279381993976,0.06031771325546399,2.672405840991367,0.2473684210526316,285.78554749171553,1.812588224990242,0.4195932790816962,0.598415949120488,0.31431060560144686,3.132599354335834,0.0,0.0,0.0,0.0,-0.008944998018122024,-0.408277261292979,0.8164164187895975,0.20815660527200092,0.2778336023502901,0.0,0.0,0.0,0.0,0.0,0.0,0.0,0.0,0.0,3.9574959804375376,1.7830874175234592,0.043321099920104716,0.8585796569594323,7.022026909722222,0.7174248628912004,1.1541464590524997,22.73321044851779,0.4380522668939481,0.0,0.0,0.07508021591221839,-0.08149010188954332,16.077762893295617,21.6696438149583,0.2837689317197164,0.01091103716952379,1.8962001047636334,0.13642455436361822,6.7447906042159875,0.867271222943437,4.8178818521005855,7.39756248478754,5.112212549393025,6.246011460564752,7.292063081082085,7.329319528440541,1.046051620517333,-1.2189966497388882,-0.1059148438350741,1.6096355271962868,0.2266265543658826,1.1473173455852579,1.839096847694352,1.273479282231665,1.3805981397303502,1.7587037421724108,1.8346718878790838,0.3781056024420606,-0.8456564031168703,-0.879937956660211,0.5238140615448287,0.008089250308099698,0.5052779587446613,0.5413854351582121,0.5157412431964284,0.5205091528943877,0.5278711156887875,0.5323355023006959,0.007361962794399823,-0.2764539492348925,0.5987183155236817,2.643049182879035,0.6871654552802503,1.3164425427872861,3.383235793845573,1.6237872683957615,1.906720626340917,3.094241197277128,3.366521363282483,1.187520570936211,-0.7564868863808036,-1.036852521415488,0.6629498717056638,0.21617395841740086,0.39044806658292847,1.3072137783262832,0.4441063613164494,0.5945678161540431,0.6527360765048411,0.7847133366031254,0.05816826035079803,1.9201400522281347,3.229646703197745,0.2876921704767812,0.015415221653615413,0.2524124803903734,0.29910568536703824,0.25701687620252595,0.2843930767004606,0.29700236420506243,0.29784175842145005,0.01260928750460183,-1.4067819796692917,0.36515279835141135,0.03210279381993976,0.01349190040884322,0.004809274233200828,0.07401666382290102,0.02477119190540273,0.02917721069155737,0.030966918445496632,0.03982306314949762,0.0017897077539392632,1.5431543171830766,3.6598826491764864,0.06031771325546399,0.0028948547204778693,0.057137543292567296,0.06826432823516475,0.05805079567557549,0.058467792166972773,0.060687229525154845,0.06447142035579174,0.002219437358182072,1.5433535616550285,1.4557151842143412,2.672405840991367,0.4433309662084523,1.674272486772487,2.9928075396825395,1.890244708994709,2.5412119708994707,2.9744543650793647,2.985648148148148,0.43324239417989396,-1.305776447097067,0.11940174481217536,0.2473684210526316,0.08187552203212656,0.1,0.4,0.2,0.2,0.3,0.4,0.09999999999999998,0.6598246598299713,-0.4398948159278744,285.78554749171553,36.3944927270337,193.5321194427341,360.42075231694383,242.56030821064994,278.68437587625874,300.7959837272349,313.14405225615235,22.111607850976156,-0.7114426690937795,1.00488630412522,1.812588224990242,1.4391374604231186,0.0,4.183007717132568,0.3341956165390002,0.5937361717224121,2.867463231086731,3.942841148376465,2.273727059364319,0.3926768711229017,-1.3122743479986645,0.4195932790816962,0.18510228306555931,0.0,0.7449281713026105,0.1799835393996071,0.31749359149112744,0.5435945233780789,0.6162077975977831,0.22610093188695146,-0.45886720471302767,-0.35822486546206056
wdf_real_1,0,5.004823506901696,2.970938993913705,0.46879790162073004,9.50273821965855,0.4740739860642056,0.25221157895071505,0.03282044339422954,0.06256550422819028,2.848949475623583,0.1678571428571428,322.3173625768285,1.0392344295978546,0.3773132631208815,0.0,0.0,0.0,0.0,0.0,0.0,0.0,0.0,0.0,0.0,0.0,0.0,0.0,0.0,0.0,0.0,0.0,0.0,0.0,0.0,0.0,0.0,0.0,0.0,0.0,0.0,0.0,0.0,0.0,0.0,0.0,0.0,0.0,0.0,0.0,0.0,0.0,0.02455159421144247,3.6572234806205546,0.08081505457759464,5.004823506901696,1.2130951249895319,1.4719082898541835,5.938902257367172,2.8667941688295877,5.060151737019425,5.668440621615982,5.835093534361709,0.6082888845965568,-1.836284563744756,2.074997921659511,2.970938993913705,0.821873310915614,0.6424205316979228,3.5272728577093675,1.4837347298830885,3.143629152775782,3.4152721427853683,3.4572332610297742,0.27164299000958625,-1.8399247632158118,1.9046343675295168,0.46879790162073004,0.038737508774765055,0.44155852150349717,0.5964382523584368,0.44525583954102554,0.4496980623310532,0.4603761125345748,0.5186907105371227,0.010678050203521583,2.267328814677488,4.013897874044428,9.50273821965855,3.673408383186823,0.4127304624143524,12.44333595869432,2.211770037658777,9.882994704858326,11.664330145724891,11.952972534614108,1.781335440866565,-1.5748941889052623,0.8942378572759688,0.4740739860642056,0.04280507048305619,0.39586766613154967,0.566669372255259,0.4235387476621241,0.43413593512164805,0.49235430377475853,0.5316285750740535,0.058218368653110475,0.1705459186331392,-0.5182430451099296,0.25221157895071505,0.005521043870825972,0.24173011210342443,0.2626716666159517,0.24556159971932434,0.24894956061845985,0.2555245567041392,0.26031082303108927,0.006574996085679352,-0.02739357814526179,-0.5283202351257801,0.03282044339422954,0.009551159584393282,0.016428293143036822,0.053602796185441455,0.022805998162294817,0.0252580081639616,0.03861504264291472,0.04451687280643223,0.013357034478953117,0.5949141989998027,-0.3842784716379528,0.06256550422819028,0.007668605886362186,0.056901851717401836,0.08941721103685064,0.05782425860751923,0.05865387580114473,0.06141148804074655,0.07326957781625697,0.002757612239601824,2.328149977582965,4.476897640660839,2.848949475623583,0.7897833630573324,0.6130952380952381,3.5166997354497354,1.388806216931217,2.992332175925926,3.2744295634920637,3.3301008597883595,0.28209738756613767,-1.7863217729745935,1.8016575242093928,0.1678571428571428,0.0758455735056975,0.1,0.3,0.1,0.1,0.2,0.3,0.1,0.610788783744097,-1.0238986042349818,322.3173625768285,108.658949319707,28.145049376828936,388.3596149157751,111.01193389741705,358.02994434145666,379.4387467792212,384.0213154027511,21.408802437764564,-1.823424962135984,1.7145028237349944,1.0392344295978546,0.5247593214728815,0.0,2.1038224697113037,0.429511034488678,0.6248108446598053,1.4985316693782806,1.700216817855835,0.8737208247184753,0.08775478621389238,-0.7783581098366308,0.3773132631208815,0.20887338772242195,0.0,0.8645859239657475,0.1629206299144793,0.20268107611732333,0.4886216318593511,0.6523443555736832,0.28594055574202776,0.5758437720464135,-0.24603815374499316
wdf_real_15,0,4.816655961467614,3.008870883042146,0.44305474242996123,9.074410454032385,0.5174377823453968,0.23513606964078937,0.030234350025368017,0.059849706758325204,2.9403935185185186,0.16000000000000003,326.81661933306754,0.890329834073782,0.4436626198163703,0.0,0.0,0.0,0.0,0.0,0.0,0.0,0.0,0.0,0.0,0.0,0.0,0.0,0.0,0.0,0.0,0.0,0.0,0.0,0.0,0.0,0.0,0.0,0.0,0.0,0.0,0.0,0.0,0.0,0.0,0.0,0.0,0.0,0.0,0.0,0.0,0.0,0.020396838187275952,3.4288663387298586,0.05263834497430808,4.816655961467614,0.19641115540388837,4.491473504253483,5.074748426458371,4.532333915060828,4.592534309003334,4.984913077035412,5.007913908767165,0.3923787680320787,-0.5026513566719688,-1.3514134232464898,3.008870883042146,0.14342920510012,2.7099412686419613,3.2467206981036947,2.7988062460557246,2.920476931493754,3.141102178311142,3.155796370402993,0.22062524681738793,-0.4466577053960169,-0.6949655276742526,0.44305474242996123,0.011874458072767189,0.4293891655985952,0.4772876439770245,0.430447256088458,0.4340542901039397,0.4451435803377396,0.460895480685653,0.011089290233799898,1.2721340532858938,1.4062119178894648,9.074410454032385,0.8537124397527444,7.345924169261979,10.541503239489817,7.834822295179927,8.529583044287179,9.86692696913007,9.959235780972477,1.3373439248428909,-0.36529031701955894,-0.7614973764985669,0.5174377823453968,0.03656909190547612,0.458901795072169,0.5827216501129627,0.4721981824301843,0.48848600059712083,0.5413131222688672,0.5635940992521705,0.05282712167174636,0.04225783925754862,-1.074407285364819,0.23513606964078937,0.005648199706353616,0.22615153019689532,0.24174632111944996,0.22657220735056438,0.22859404600105482,0.2400867652346143,0.24106185198916322,0.01149271923355949,-0.49218474373511784,-1.3945152090008897,0.030234350025368017,0.00856214537746887,0.012123791308458807,0.041787022918334554,0.019555230096681305,0.023286767986070923,0.03878433744279991,0.03930349644524751,0.015497569456728987,-0.42557348284499347,-1.0138106349583167,0.059849706758325204,0.0010840475330504665,0.05793819102239938,0.06178085407906955,0.058536413558215546,0.059039575894816586,0.060835268364269376,0.061316056308235424,0.0017956924694527907,0.10076030649996061,-1.031800029764234,2.9403935185185186,0.1614564940517045,2.5693617724867726,3.2687665343915344,2.749065806878307,2.8486483134920637,3.0411706349206353,3.1202463624338628,0.19252232142857162,-0.19078158843643578,-0.10538526247206459,0.16000000000000003,0.066332495807108,0.1,0.3,0.1,0.1,0.2,0.21000000000000016,0.1,0.6578429336242101,-0.6280991735537214,326.81661933306754,11.332182394624839,310.4695448801579,343.16807939308717,312.2365371403576,318.0194660287318,338.9163856300076,341.9042206722062,20.896919601275783,0.09682868436599748,-1.499661535125775,0.890329834073782,0.8448800286611513,0.0,3.9982285499572754,0.43860657364130023,0.5195181965827942,0.8723327219486237,1.3013777494430558,0.35281452536582947,2.6054690901588633,6.646156168348771,0.4436626198163703,0.219709382918663,0.0,0.8781620469070223,0.17904332123574282,0.3047235143468052,0.5674354000773427,0.6508556879046602,0.2627118857305375,-0.19225561675077507,-0.26870433047305387
wdf_real_167,0,8.821471084387674,2.5169882718194545,0.5063649184471811,6.482521717235901,0.42814320419459306,0.2568447399143795,0.08904357291904753,0.05847138276605206,3.486750440917107,0.14,544.3197210784053,3.7797484159469605,0.3933357636134501,0.2936079668303792,0.19027311754512255,3.351123245939857,0.0,0.0,0.0,0.0,0.017432478022827623,-5.82624212976076,0.6880098372548871,0.17312149921040318,0.2375534376088104,0.86214024222357,3.2402239274910305,0.0,0.0,0.0,0.0,0.0,0.0,0.0,5.900031964228422,9.091512396257386,0.031251440322559394,0.87225890550674,5.7112405711206895,2.3670053207504105,0.9470561176743244,20.186349999636562,0.1981331690983853,0.0,166.66666666666666,0.9505358975659525,-0.18997959808540582,9.490066959980341,15.198100115106966,0.18905340877073604,0.019117894739772674,4.614339697360992,0.21530034204416526,8.821471084387674,2.6265630493340524,4.4791318809866345,15.402177635205945,5.947221611502257,6.886388244490211,10.607263268163866,12.182058704916038,3.7208750236736545,0.4362140246679221,-0.4822996404476112,2.5169882718194545,0.33131744776010275,1.6951561228304828,3.0592703279350077,2.0467139874965667,2.348296491541622,2.7278603495567135,2.911204044716035,0.3795638580150915,-0.6348099848573779,0.024157795896743828,0.5063649184471811,0.014672800008011548,0.48009535252174806,0.5419156703318758,0.4875310909136365,0.49757076515996723,0.5134933112729121,0.5275008838992107,0.015922546112944858,0.37618980786510303,-0.05777865476916322,6.482521717235901,1.6158334479249103,2.889230661679891,9.428923846978906,4.223526380046833,5.546371339111408,7.466119880020564,8.538448975491267,1.919748540909156,-0.29282522258132593,-0.3078012501019489,0.42814320419459306,0.1502340464404619,0.13336493480745043,0.8051425836897532,0.28565250968432854,0.3269791606539827,0.5425756763374698,0.5752372969779926,0.21559651568348714,0.44715089229576205,0.01643968712868249,0.2568447399143795,0.039576937474385405,0.2020068725183196,0.35289424064690356,0.21174057567598037,0.22551158853614472,0.2866284091711437,0.3110766474255824,0.06111682063499896,0.47001893156043234,-0.6970103306299591,0.08904357291904753,0.033787398515983065,0.026811160411513345,0.15548747891033185,0.04846493993231614,0.06576845941563464,0.10955022354091302,0.14051708885205016,0.043781764125278386,0.1825121858150309,-0.8059636276299726,0.05847138276605206,0.0037822544992051096,0.05042656629721093,0.06767289235342873,0.05290236119241685,0.05640113906631697,0.06077933834444931,0.06203599376498931,0.004378199278132343,0.07094529687321423,0.2892108952414807,3.486750440917107,0.45850761263644607,2.611855158730159,4.625496031746032,3.0077546296296296,3.2336309523809526,3.780650628306878,4.075537367724868,0.5470196759259256,0.48101338857251774,-0.09302572734543535,0.14,0.05537749241945384,0.1,0.3,0.1,0.1,0.2,0.2,0.1,0.9892576623134939,-0.04536862003780939,544.3197210784053,53.586172156952834,377.9656949699713,627.5167785600274,509.18152805059606,524.5392977755073,570.2458866779909,595.8487519279478,45.706588902483645,-1.643263893672102,3.497427637791085,3.7797484159469605,1.913605106116724,0.0,7.288054943084717,1.8039466857910158,2.442912518978119,5.421345829963684,6.355892181396484,2.978433310985565,0.13477306865708163,-0.92059982804208,0.3933357636134501,0.1686464520392176,0.0,0.8442329256686789,0.22892654764902798,0.28476895010173797,0.4879595400903339,0.5561344908318193,0.2031905899885959,0.2618828574042924,0.8105479613068969
wdf_real_216,0,8.606359424997521,2.0807896181644194,0.5469236950426832,6.491426155138873,2.242897382889022,0.28588863823936084,0.06038150665246914,0.06296466114000852,1.9718061067019397,0.17499999999999996,352.18910482077115,1.7287040594209733,0.40196687671713893,0.412840638938462,0.3465912227124524,4.070186298771693,4.498591148699702,2.8775772201494605,-0.5127081299288186,3.5508978553008537,0.020045688235580394,0.4282857865520456,0.837588441644418,0.24019438761298326,-0.019414118307925853,0.7434877620177576,2.6300985103218206,0.0,0.0,0.0,0.0,0.0,0.0,0.0,6.842646461508816,15.108182287240957,0.05188699113169883,0.8883050555771042,6.081369173728813,8.66932429679073,0.11423253391818011,7.231552208266933,0.386993763496451,30.0,100.0,0.4044607172575388,-0.15652988337197477,15.085017654830299,18.60034608692663,0.45360090122992996,0.07270336337768034,4.8943660696347555,0.11761543013722897,8.606359424997521,2.9747252694500737,3.873180704610932,22.0404241083015,5.213370308537256,6.207057733135569,10.493690363378331,11.160643708155844,4.286632630242762,1.2476455909422188,4.698269782135805,2.0807896181644194,1.469889830073747,0.6284268157650397,4.7517987072281604,0.6874809684292931,0.7153147632430163,3.570001857811675,4.216001686111756,2.854687094568659,0.4077746932111682,-1.4945279348500384,0.5469236950426832,0.04899918548082651,0.4722464152586606,0.6159873280369503,0.47857737434712094,0.49790173183971564,0.594051980835247,0.6013291751698908,0.09615024899553137,-0.1542907663774724,-1.5724477807969826,6.491426155138873,7.111471463210431,0.3949236061610934,22.57996007059981,0.4726332770569092,0.5117223020607407,12.751547280815164,17.775754179779884,12.239824978754424,0.7604414876143747,-0.8466129598803338,2.242897382889022,2.049785756949215,0.23541831400641033,11.314674049379068,0.8055633830889669,0.8771080143935074,3.2316069299179393,4.4425815043206605,2.354498915524432,1.9886254362766471,4.915505627865626,0.28588863823936084,0.03003769015892573,0.2299018836503553,0.43390866245169446,0.2630298487550883,0.26883094481883896,0.2995862464792205,0.3212586882334964,0.03075530166038154,2.033219541778841,7.69325674978705,0.06038150665246914,0.03734448271098019,0.012594124668856902,0.12961440533523613,0.02012364428409878,0.026728867864448873,0.09777421365586914,0.11019136803453344,0.07104534579142026,0.3300697798440091,-1.5246756829216541,0.06296466114000852,0.00702995533236654,0.05145179014445266,0.07901443049679963,0.05573998829778753,0.05758867941316327,0.0694750288208169,0.07340577699005948,0.011886349407653624,0.5289612339702585,-0.9477000933025543,1.9718061067019397,0.3406304890025154,1.2408234126984126,2.9163359788359786,1.6968750000000001,1.7676504629629628,2.212900958994709,2.4600694444444446,0.44525049603174605,0.6108688012992018,0.24823427042395663,0.17499999999999996,0.11049132695978148,0.1,0.5,0.1,0.1,0.2,0.3,0.1,1.765307738681131,2.503675057368172,352.18910482077115,68.94542659173257,213.45091040023263,461.53765846429684,262.754334114434,277.7191402503256,413.1997783010389,435.30342161585133,135.4806380507133,-0.26259948078102596,-1.3082236091791086,1.7287040594209733,1.7561058399144347,0.0,7.518372058868408,0.2460494041442871,0.512429878115654,2.759054958820343,4.436780977249145,2.246625080704689,1.3348203451410658,1.1557182662018857,0.40196687671713893,0.2213242011922651,0.0,0.9159078729339332,0.093208637781213,0.2521055215654139,0.5501732282021493,0.7075591446438106,0.29806770663673543,0.23961272205463613,-0.6049144458399254
wdf_fake_187,1,5.655356066738237,1.2789976274568233,0.5400233524853995,1.662004000160345,0.4184595926274225,0.21960328530361625,0.24819761889994163,0.0751027448950283,2.094827491181658,0.12333333333333336,344.06749152472486,2.305365525186062,0.4190691029863894,0.5310522450855163,0.2979803561824423,3.297035425325464,0.0,0.0,0.0,0.0,0.03030941613425015,6.262431078879958,0.8439179438871077,0.15513170464577963,0.45760498365186286,0.8987196145703537,2.9735572609695615,0.0,0.0,0.0,0.0,0.0,0.0,0.0,4.026031443169521,5.91742982954416,0.05217623291383444,0.812994706121673,4.742120150862069,1.3518789456624802,1.2815140610936702,11.748566881448133,0.24001752231972076,0.0,0.0,0.6843853827059405,-0.162274800552611,17.358601756115682,19.347668270007144,0.2809348781116015,0.014081411429299577,1.0959390421708426,0.12359583470871172,5.655356066738237,0.8607896901350531,2.93539025015568,7.096527630982116,4.87511705484313,5.099393634441664,6.426889887800602,6.650658630823283,1.3274962533589383,-0.751771126354741,1.2095733516054228,1.2789976274568233,0.14655024298392397,1.0058781071964171,1.524292095303789,1.1043569621403229,1.1981194565184399,1.3917487208963797,1.495802822554651,0.1936292643779398,0.10518397792246029,-0.8551364309402061,0.5400233524853995,0.01601750423138349,0.5182413078209298,0.5823438252644577,0.5235921492779219,0.5286127535682947,0.545901254194995,0.5596411787771192,0.017288500626700287,1.1509138751385894,0.9872077083957906,1.662004000160345,0.3797033272732231,1.0142934881189916,2.330609871783102,1.220550653354247,1.4389268539143418,1.9458038800396324,2.249996916062322,0.5068770261252906,0.2960519182174769,-0.9104103611910248,0.4184595926274225,0.16986884409618547,0.2024557751097129,0.7617801713115667,0.23888607812147838,0.2642218946349618,0.5687794575786009,0.6647622805237197,0.3045575629436391,0.5057134540842065,-1.1385472875185652,0.21960328530361625,0.02060036491659041,0.15308390913485762,0.2504008770454244,0.20140349085335585,0.20654469887527863,0.2376717365330463,0.2446903899145588,0.03112703765776767,-0.8209593757304459,1.466871261082443,0.24819761889994163,0.0202126678936705,0.2061786918615176,0.2799429755178332,0.22059475131660292,0.23564493730079047,0.2636482146473289,0.27352776957941666,0.02800327734653843,-0.38411085896434904,-0.7877952693752635,0.0751027448950283,0.0027099341265814946,0.06897360056248059,0.07959237376328548,0.0714977128223607,0.07387265377061086,0.0766806251928603,0.07897010587753907,0.002807971422249436,-0.40600902714245535,-0.22335391017884687,2.094827491181658,0.2117128810375075,1.7901785714285714,2.5513392857142856,1.8628224206349209,1.9303282076719575,2.229166666666667,2.4281250000000005,0.2988384589947095,0.5607515133941756,-0.8420410265113167,0.12333333333333336,0.04955356249106169,0.1,0.3,0.1,0.1,0.1,0.2,0.0,2.0441947893571175,3.3794148358960667,344.06749152472486,45.54712559441519,257.4009027359922,474.6445824453226,308.8050737029116,317.9663004646444,368.6196239807934,420.81067864478945,50.65332351614899,0.8835053198049418,0.8660566689410829,2.305365525186062,2.1221716744051413,0.0,9.103663444519043,0.5016954630613327,0.9606207758188248,4.08533900976181,4.666083669662477,3.1247182339429855,1.359053524357541,1.3973589604410375,0.4190691029863894,0.2157512515481214,0.0,0.9569531079759652,0.17228975367137042,0.3067579464483222,0.5073158857587968,0.7179285410339555,0.2005579393104746,0.3379734527513643,0.27697247283225845
wdf_fake_62,1,9.117819691786154,1.192481456129495,0.575336008332673,1.4625552437824905,0.587363283208565,0.3417716273483603,0.038365605432329766,0.08361982382845223,1.6650756532771842,0.11224489795918366,278.23087881036537,2.057345270502324,0.4631234984426538,0.34943877971684495,0.2626340162474933,4.314244252530518,0.0,0.0,0.0,0.0,0.010981072469184845,7.801801198094811,0.7429532940581289,0.29377394312142224,-0.029626896276474173,0.0,0.0,0.0,0.0,0.0,0.0,0.0,0.0,0.0,3.412362998481446,4.283243096133343,0.0438491806429101,0.8222888523526266,6.372151692708333,8.288554015079768,0.049759418971976666,6.93036580187323,0.0858023237787574,30.0,266.6666666666667,0.23500851410139492,-0.19268110498932017,9.501019143171066,19.759320629533736,0.2925885572947088,0.0221967063852959,3.18231376944756,0.1966923394209833,9.117819691786154,6.72967576972363,3.1609227767011303,19.402632515865747,3.4438129110191364,3.6613964314089213,17.14291031387883,18.171512421540918,13.481513882469908,0.4926033028816696,-1.7021558085866235,1.192481456129495,0.19865037799256105,0.8854867273105651,1.6825615420096154,1.0020526308878592,1.0375428383080465,1.3772837423787592,1.4742194075488662,0.33974090407071267,0.7566570332818957,-0.5225560672422711,0.575336008332673,0.012515612190021841,0.5481214501739933,0.6000770102658448,0.5600847684707715,0.5648393537235912,0.5860181957491755,0.5897755397278681,0.021178842025584288,-0.049730326299731537,-0.7966169749642784,1.4625552437824905,0.504732056391431,0.7859131025118805,2.8311831442463533,1.004464869720108,1.0790603033666297,1.8971976928181307,2.1741900470329987,0.8181373894515009,0.9688330656505377,-0.11203484512181028,0.587363283208565,0.20211759882180436,0.05298347507860715,1.0989113740860807,0.38537925394215794,0.4659880776338839,0.705874231942629,0.8497401526229957,0.2398861543087451,-0.12394016174233997,0.6751931472221018,0.3417716273483603,0.19047223750503242,0.1726183382156972,0.6013988910462458,0.18106316032516898,0.1879773250645067,0.5758868595150789,0.5963413399952185,0.3879095344505722,0.4652484325329627,-1.7672323649033508,0.038365605432329766,0.027626889866965095,0.00012709539694526843,0.08278729013478894,0.0021867080550656112,0.005799595588933669,0.06080441890197777,0.06561073417321536,0.0550048233130441,-0.3069067343040151,-1.6340649778072145,0.08361982382845223,0.0037309133300936015,0.07489131267496044,0.09249691589611105,0.07941932036629222,0.08108401327392625,0.08535155029806024,0.08911045320446706,0.004267537024133988,0.2929519167870942,-0.03572910247533345,1.6650756532771842,0.22478595143431696,1.2054398148148149,1.95692791005291,1.3870535714285714,1.4207175925925926,1.8843419312169312,1.9303736772486773,0.4636243386243386,-0.273185238100399,-1.3198895251965543,0.11224489795918366,0.032780364090222475,0.1,0.2,0.1,0.1,0.1,0.2,0.0,2.3035193835493555,3.306201550387601,278.23087881036537,97.60922451712307,66.04863988676266,402.05173295247005,159.98138416855187,187.3515485332171,348.672328296712,375.65331420490855,161.3207797634949,-0.6419113702675827,-0.9897764626584382,2.057345270502324,1.5372928651606188,0.0,7.010657787322998,0.41948371529579165,0.7958484292030334,2.844365119934082,4.237546348571778,2.0485166907310486,1.076929397654242,0.9071093039238778,0.4631234984426538,0.2920344827263289,0.0,0.970952931515265,0.09583233003434125,0.22732291839069516,0.7534065543089183,0.8569933980803319,0.5260836359182232,0.16282338125681353,-1.3229112028024317
wdf_fake_52,1,4.1880440226608595,1.288704547694942,0.5311494929279292,1.796293773213306,0.6158209209821757,0.1873074186756597,0.1997111719708093,0.07576619069869409,1.7162632275132277,0.128,436.72859692408235,1.2207321050863538,0.5195097546795279,0.5510111689951217,0.3571249878212179,4.25939314352987,0.0,0.0,0.0,0.0,0.014137779543561742,-4.241814079283104,0.8209630256022302,0.26031677617860804,0.15709152671059054,0.0,0.0,0.0,0.0,0.0,0.0,0.0,0.0,0.0,13.885554268550816,5.110687548013492,0.06520152213351213,0.8863822953116326,3.3870376275510203,8.532107294124975,0.583808342692181,8.467609538449194,0.011731782981530922,0.0,0.0,-0.27183757073573256,-0.2902101612708555,13.523997191348037,18.25135225570437,0.16239585934781056,0.021474548203796247,1.4852041870355606,0.13339791617450547,4.1880440226608595,0.7281072066947534,2.8626685746581315,6.682106809358705,3.6671585297198575,3.89902544849068,4.269529382026499,5.2515988611480395,0.3705039335358187,1.6269886603859507,2.700737880772164,1.288704547694942,0.35850276449570184,0.7086393825024063,1.6403691716309323,0.7493001931277348,0.889828486085387,1.5775367434634666,1.612600395561684,0.6877082573780796,-0.5185752386771563,-1.5776503572512297,0.5311494929279292,0.05048046339910681,0.48520033937143636,0.6207198746110639,0.488414942301528,0.490638368200651,0.582086997159739,0.6116837222145463,0.09144862895908801,0.564272579601612,-1.4701081888865088,1.796293773213306,0.8642656386207528,0.5026978766352238,2.6997312484730025,0.5615459252193555,0.7918627710110675,2.4986626232325375,2.61122365121154,1.70679985222147,-0.4544546951253786,-1.677629086530884,0.6158209209821757,0.4467465210566086,0.2812036568368252,1.9294818182394229,0.2931748743571377,0.30856047857973873,0.7945744666725186,1.2318840151111516,0.4860139880927799,1.4381318558450251,1.1288041324067102,0.1873074186756597,0.02887377497748948,0.16715388551756508,0.2726216711691825,0.16812154749554828,0.16889608880232246,0.19948425948720494,0.23827325820320366,0.030588170684882482,1.4373201889930374,0.7716270305981707,0.1997111719708093,0.0642291193751687,0.06290463479399531,0.2596744528749784,0.10671690406357512,0.13129520137390557,0.2513362116435136,0.2544558662487084,0.12004101026960803,-0.7001222242230606,-1.1566507774162615,0.07576619069869409,0.007540985144909544,0.06630342658932345,0.08953485133733721,0.06795162356213309,0.07000180950295375,0.08352811096095064,0.08792614911329714,0.013526301457996895,0.5776284928868093,-1.2321026096445529,1.7162632275132277,0.3654944777259423,1.0421626984126984,2.095238095238095,1.1419560185185185,1.3351521164021165,2.0047329695767195,2.047726521164021,0.669580853174603,-0.6788295464638651,-1.2540489095481153,0.128,0.04915282290977803,0.1,0.3,0.1,0.1,0.17500000000000002,0.2,0.07500000000000001,1.474520015362843,1.1817025569053996,436.72859692408235,131.71061098460672,174.92510237768585,560.4094694677184,234.3298992108381,300.60050560176944,540.0192016217871,554.1004044465355,239.4186960200177,-0.7425591759309645,-1.1069589530575845,1.2207321050863538,1.1898559469209122,0.0,4.6862311363220215,0.2466244399547577,0.33852647989988327,1.9751715660095215,2.793824648857117,1.6366450861096382,1.23413265169521,0.6504316998089874,0.5195097546795279,0.2698284279927936,0.0,0.9488045606853074,0.16991890831322545,0.2742669141198678,0.7845514515323087,0.8584784453702311,0.5102845374124408,-0.08192264806770767,-1.2801020346428758
wdf_fake_6,1,5.880139897399641,2.2224285388143628,0.5083115543763721,6.220549093757695,5.2062201795221235,0.21785753959687995,0.22882559145296488,0.07030728906081,1.9346230158730158,0.1383333333333333,380.21022289400537,1.766252409418424,0.3696340721783935,0.3743247188314537,0.26565974008582083,4.300925348462879,3.461192856910171,1.032646800691762,-0.8190345972405678,0.0,0.011218825338893465,7.251593427055116,0.8785861045270789,0.14741658572796615,0.1918819578699249,0.9534555938940235,3.348394343507545,0.0,0.0,0.0,0.0,0.0,0.0,0.0,9.557642282161533,10.774586982124339,0.07147733713415312,0.876588354926595,4.619786149364407,8.034137193247949,0.37059674553011257,15.562327739668493,0.34748597438399803,60.0,250.0,0.8512281546670131,-0.15957572783946355,12.93033822830752,11.817945666407697,0.4938609424390521,0.03849580148859983,3.218685674170653,0.22930829250992335,5.880139897399641,1.152253015728363,3.913950107130213,8.366298102401549,4.700108029042591,4.908356585539136,6.7546113606226985,7.698308812106049,1.8462547750835627,0.4321893710366897,-0.9258970235450947,2.2224285388143628,1.1290474035495512,0.6997789690181657,4.038733088882143,0.8780138101624437,1.5705048201473575,3.6229921405596595,3.907652112272426,2.052487320412302,0.4704782601706378,-1.3000703520893548,0.5083115543763721,0.044171190526544356,0.4403898527351634,0.6035512210635194,0.4514153703704336,0.4668751141923918,0.5240406465018057,0.5784152803687558,0.0571655323094139,0.3749171450764304,-0.6640953344120062,6.220549093757695,5.685759755865078,0.4903819938808276,16.311770457740025,0.7724731218771208,2.48008388344697,13.129709863457538,15.276452585085023,10.649625980010569,0.7298921337097244,-1.2705579185072688,5.2062201795221235,3.420394618378764,1.2488255834815776,12.939993145302005,1.7872380941184716,2.4134348354676445,7.837158039751859,10.726676364987679,5.423723204284215,0.6825148049622658,-0.9177047026000711,0.21785753959687995,0.01879880373633668,0.17901234771518132,0.2883343116409243,0.19505357541787752,0.20273862813057722,0.22922741025012466,0.2356199678839131,0.026488782119547444,0.48707434497133667,1.7164948375495976,0.22882559145296488,0.04034845811811905,0.11499265018296845,0.2957112193125984,0.16969819270655712,0.2107754060662574,0.25265617070739643,0.2778455909930336,0.041880764641139046,-0.6710997513620719,-0.19384849293232564,0.07030728906081,0.004564072801250357,0.0596743957101629,0.07861289820618576,0.06375258327931622,0.06652934690046614,0.07364534485560896,0.07552130063297245,0.007115997955142825,-0.4507865523376467,-0.6025364380490155,1.9346230158730158,0.37601692388018343,1.0399305555555556,2.371279761904762,1.2055968915343915,1.9653191137566135,2.1549685846560847,2.2411044973544976,0.18964947089947115,-1.343227055218071,0.28603744114887864,0.1383333333333333,0.06080478782318233,0.1,0.3,0.1,0.1,0.2,0.2,0.1,1.342581148719537,0.7039181828906846,380.21022289400537,166.33491106388684,105.8413683723106,734.4546117008953,170.16631725118262,268.01591611882486,510.42299476573214,613.5878578874853,242.40707864690728,0.32767524947488497,-1.0426766260553944,1.766252409418424,1.359934282394613,0.0,6.476990222930908,0.3863300085067749,0.5694023370742798,2.1530473828315735,3.738968849182129,1.5836450457572937,1.1550336452642316,1.2259075074467027,0.3696340721783935,0.19903509048525636,0.0,0.833289420260808,0.11938405241971961,0.21355448334314536,0.4961290807114259,0.6624503902373013,0.28257459736828056,0.35328417471249407,-0.6857042200391654
wdf_fake_50,1,2.7243377893159093,1.202688391748846,0.5417675919819364,1.5830493680151299,0.41273798728058053,0.13943264062423008,0.2603494215711021,0.07588400895301002,1.732896549823633,0.14999999999999997,487.16788442172486,0.7378730745648985,0.3752053988054308,0.6474274651226847,0.2764744862422904,4.057681724463284,2.868538952897466,1.3028844831287165,0.6070985263673908,0.0,0.023380502531706475,-17.640704563419682,0.9051603671116047,0.1933317969172332,0.22495094862371315,0.9238463181173977,2.707751645791811,0.0,0.0,0.0,0.0,0.0,0.0,0.0,20.149730148577312,9.636333228403645,0.07529644730310213,0.9113663211846098,1.9453621557203389,5.9216038421888655,0.4892030164312837,8.806380701169937,0.15304480679025814,60.0,250.0,0.9646371459019494,-0.22074156253985774,11.363767412626498,7.966413744350031,0.5689683559288138,0.01592805564900754,1.4810470114151637,0.1011760800202608,2.7243377893159093,1.275378353776336,1.2019084926190116,4.291326749215613,1.3125177634965028,1.4785327090822786,3.973675557121439,4.073775435089458,2.49514284803916,-0.0072646504747780815,-1.9637532933646171,1.202688391748846,0.3623539430540365,0.6714790016832825,1.6108776657224813,0.7767904995043382,0.8433015660152569,1.5590292429384613,1.582736745307496,0.7157276769232045,-0.06515897433391753,-1.8965967733521365,0.5417675919819364,0.052108731305111976,0.48681887286948167,0.626726803685284,0.48826443411806586,0.49027092204232336,0.5925525233434764,0.6057813715434964,0.10228160130115305,0.1147922528091298,-1.8292553208506661,1.5830493680151299,0.8667027276128384,0.45180404810794955,2.6038863477012453,0.6048446482651544,0.7135809228483363,2.4385021647285474,2.512611024282933,1.7249212418802111,-0.024597533305066272,-1.9310090863724356,0.41273798728058053,0.3256742711669835,0.19465647871038447,1.640424212976654,0.2330099249190192,0.24530867123664796,0.3749993200939923,0.8670164154411147,0.12969064885734433,2.2451029549581403,4.371220660245562,0.13943264062423008,0.027693340822845927,0.10167239626049418,0.17312566632313658,0.1067718694854798,0.11252310627810781,0.1664738891064734,0.16846397352342116,0.05395078282836559,-0.047023625280300144,-1.9113078052180172,0.2603494215711021,0.07498333831214157,0.05579087386502729,0.322498213167306,0.14769214143850007,0.23060655040345607,0.3158732955131884,0.31867419516385564,0.08526674510973231,-1.5035152698899223,1.4701749684522598,0.07588400895301002,0.010122065042823617,0.06286130171342308,0.08928898595973957,0.06471047570013906,0.06596186067099921,0.08602164750146007,0.0879283673984611,0.020059786830460863,0.035760534230539286,-1.8689113133595607,1.732896549823633,0.53053104326821,1.0330687830687832,2.3516038359788363,1.1419890873015874,1.1848338293650795,2.269593253968254,2.311970899470899,1.0847594246031744,-0.03344939381701797,-1.9139172339087938,0.14999999999999997,0.07187952884282607,0.1,0.3,0.1,0.1,0.2,0.3,0.1,1.0770709837010373,-0.2684703433922975,487.16788442172486,90.7115765768817,329.3838901179797,630.792785015779,365.4766434024504,399.49071277448525,571.9920370024317,588.1546510656356,172.5013242279465,-0.17636427666084006,-1.6038791273986468,0.7378730745648985,0.8607602949194082,0.0,4.139456272125244,0.1456247016787529,0.22984232753515244,0.8041977286338806,1.8655294299125675,0.5743554010987282,2.1853748596937805,4.367801472666794,0.3752053988054308,0.21547131611945483,0.0,0.9596007531791938,0.16772623551797655,0.25006471653546897,0.5074967178922817,0.7327631241018854,0.2574320013568127,0.9580487879312212,0.5785797322838508
wdf_fake_15,1,6.849089269942076,1.053922595113039,0.5725017784452592,1.149044689219249,1.3439629253836354,0.2518662202822862,0.18518458197539886,0.07929939038150026,1.5726920745149913,0.14666666666666667,260.463299994428,2.0507532584170503,0.37271357955175516,0.33620734054216234,0.295939339777952,4.289503395025935,2.951086576307708,0.6919266537781465,0.023681019557703565,8.338400666629306,0.020945348401545348,58.69585436021812,0.860125751533765,0.17019895497595858,0.2740766086970971,0.8794992042127278,3.606238926478809,0.0,0.0,0.0,0.0,0.0,0.0,0.0,6.522350673093697,8.107735987922736,0.0929707237415362,0.9231834749150583,3.3503211069915255,5.772642487276581,0.4880866718976542,11.333600087661305,0.19280114713033694,30.0,300.0,0.5344078777549746,-0.21794627131129313,18.222189245128448,22.16182062245759,0.23961621550641857,0.0235687919609795,1.0865690315763155,0.3022279959817201,6.849089269942076,1.7326226473860606,4.127665661125735,11.151744844892116,4.89593772146286,5.290143351730485,7.815920324268018,9.369845544024617,2.5257769725375327,0.4825018983898252,-0.28115843607588964,1.053922595113039,0.19369302169089214,0.7695838012063583,1.7650308856562291,0.8591694622181961,0.9342095829082657,1.137662052469745,1.2790160704488172,0.20345246956147922,1.5744022378451914,3.0301229898935373,0.5725017784452592,0.03155116190637692,0.4951196428614614,0.617833320257276,0.5344106779683835,0.5510274180626236,0.599940898419318,0.6069848425768931,0.048913480356694405,-0.53926287802478,-0.5258784527931426,1.149044689219249,0.47111408527227233,0.592708118765265,3.1164999275047123,0.7387591982703824,0.8736797588324943,1.2962368632824899,1.6359397154846431,0.4225571044499956,2.210271903326045,5.8904099588031436,1.3439629253836354,0.937841391561723,0.09604615781721895,4.6365675100012576,0.19414988521478446,0.686804706506666,1.8554049389395524,2.5815016440829948,1.1686002324328864,1.1471728565154802,1.4098677841576235,0.2518662202822862,0.03717489131679172,0.1950171426553311,0.3361310391687156,0.2065455043285735,0.21487988983940634,0.2768976391182398,0.3043952124140058,0.06201774927883344,0.29924160626355734,-0.821553287842077,0.18518458197539886,0.060255693605501585,0.11147725233210534,0.29840237745420517,0.11615809034467345,0.13008542712415774,0.2449894103113658,0.2688534601521053,0.11490398318720807,0.34492321911545004,-1.4303693700571942,0.07929939038150026,0.006872809457357201,0.06485449569365159,0.09114613595354652,0.0703157536722672,0.07468833593261044,0.08472403603521537,0.08757071660406625,0.010035700102604933,-0.21322424461945994,-0.9657123345971463,1.5726920745149913,0.25112206755369587,1.1247519841269842,2.111111111111111,1.3179150132275133,1.3874421296296298,1.75369957010582,1.9834986772486771,0.36625744047619024,0.5554954581200342,-0.5030782275133552,0.14666666666666667,0.0669991708074726,0.1,0.4,0.1,0.1,0.2,0.2,0.1,1.4516705938360586,2.050681305754339,260.463299994428,85.85283993880476,124.93886111784737,403.90329944357194,146.85351492461652,182.03797708879716,333.15550397728066,377.872508414722,151.1175268884835,0.13138423357471452,-1.3542568495418266,2.0507532584170503,1.6097769480123887,0.0,6.558928489685059,0.3471991091966629,0.6839745044708252,3.32885479927063,4.245818424224853,2.6448802947998047,0.6902085117274587,-0.5570327348484874,0.37271357955175516,0.20267638838641971,0.0,0.9539269568731594,0.11295713952961652,0.2249545341533545,0.49031656140676677,0.65392839336972,0.2653620272534123,0.4693966411889045,0.08570688872653465
wdf_fake_41,1,6.561678801127411,0.8775465508671022,0.5765284331713095,0.7762051988241658,3.1226287441075526,0.25107121624910045,0.17763370531106498,0.0702376417094856,1.3429916985951469,0.1482758620689655,144.5669014004933,0.9243307421947348,0.4623962269847167,0.6584670718278585,0.15444785136544073,0.0,0.0,0.0,0.0,0.0,0.05142749412234985,35.17694475539528,0.962033313119996,0.07158170066783534,0.6078124259800541,0.9392593440279433,1.9301249645912564,0.0,0.0,0.0,0.0,0.0,0.0,0.0,1.9765598712375818,6.3983260549926015,0.03687042404648761,0.974668735854876,1.7821568080357142,1.7726610375698717,0.6341484428029367,28.6879919623521,0.005927213262760811,0.0,133.33333333333334,0.6721923633007298,-0.19505848246737453,29.314641740827064,11.376751824206014,0.5044587011116259,0.013230562636229985,0.8644603624426085,0.16096814312539443,6.561678801127411,0.8963672950670791,4.526410617389417,7.89653301094,4.981460789392643,6.053905855489415,7.090813875269012,7.519027793614291,1.036908019779597,-0.7123274704202496,-0.4135161528715834,0.8775465508671022,0.0735575905588604,0.7682553231586455,1.0578456333642998,0.7909862701262605,0.8321016398015453,0.9105870878112218,0.9859058011169444,0.0784854480096765,0.7571673688859306,-0.02090231853335922,0.5765284331713095,0.010894792792316536,0.5549234743964557,0.5958311133544008,0.5614887657946672,0.5697582777865815,0.584882341051497,0.5909250339739989,0.015124063264915444,-0.14488619054311722,-0.8005074850532576,0.7762051988241658,0.13333861693356439,0.5904908851934396,1.1203695290019688,0.6264308264473035,0.6933256963704328,0.8297116523186225,0.9727416001527438,0.1363859559481897,0.9300159248829083,0.2584977053222568,3.1226287441075526,0.6061618766796552,2.4003254127190083,4.6542388497915415,2.535882553988388,2.674500844759987,3.1831026636728352,4.114710245486537,0.5086018189128483,1.0239912014636479,0.038966759591811506,0.25107121624910045,0.02135084209123608,0.20216276862798865,0.2803678611890873,0.2109889473445596,0.23872672954583757,0.26389963147368684,0.27272461135573206,0.025172901927849267,-0.8864774454924631,-0.20496609404306998,0.17763370531106498,0.004822824090324367,0.16500291774139406,0.18521612019591294,0.17331656317707056,0.1751243764754424,0.18206793447557046,0.18414804034020796,0.006943558000128053,-0.5692073997188927,0.402214795615647,0.0702376417094856,0.002438454750476661,0.06609382874072951,0.07750855275427032,0.06770182716653152,0.06887868359292101,0.07072069846197643,0.07321636478420222,0.001842014869055414,1.018352951431964,1.0895207146273176,1.3429916985951469,0.10360660967069407,1.095403439153439,1.5481150793650795,1.1861772486772488,1.3197751322751323,1.3951719576719577,1.473313492063492,0.07539682539682535,-0.29626465567166504,0.15943313054526875,0.1482758620689655,0.04997026464203255,0.1,0.2,0.1,0.1,0.2,0.2,0.1,0.0690065559342365,-1.9952380952380957,144.5669014004933,26.411123621932752,111.56760252780693,240.53905897291284,123.07201220410057,126.32098106847084,149.91581798046525,173.11893802970647,23.594836911994406,1.8445431481792665,3.9967577475213565,0.9243307421947348,0.8410040926022186,0.2896774113178253,3.9718449115753174,0.3476666510105133,0.4524494409561157,1.068584680557251,1.3135676860809327,0.6161352396011353,2.657775401858768,6.534349194079386,0.4623962269847167,0.23692665558177503,0.03479695063551899,0.9377441049133326,0.21619021945705588,0.3102314214176828,0.6782539208843827,0.7772883955887888,0.36802249946669996,0.48734369147874246,-0.7138681450501267
wdf_fake_133,1,6.402506736588367,1.771277249146107,0.5088092506476152,3.188408009649226,1.2025574234006833,0.2172947520948394,0.028174736064915117,0.06909133724587038,2.2316439746396637,0.1413793103448276,688.5101265758562,4.48685408974516,0.6459649959991849,0.18045936271035426,0.2446059077251003,3.441840087252818,0.0,0.0,0.0,0.0,-0.00219040851873078,-0.09231852887528531,0.7940825905743124,0.17102938435583903,0.3000196395137648,0.8459314330111535,3.3735572606794713,0.0,0.0,0.0,0.0,0.0,0.0,0.0,2.3325268160079773,4.714334004621132,0.03281427573093788,0.748553971971803,10.242013113839286,1.8903204186981168,0.9125367362898081,13.413108034718197,0.07334942741894454,0.0,166.66666666666666,0.23390354473211897,-0.22360273853858606,15.860106669849136,27.32898658802514,0.14707141629924345,0.019680523565748096,3.8345609245629144,0.20051607381100178,6.402506736588367,1.1440298295237312,4.1942027658748655,9.05849978837749,5.218846284558349,5.606617415243306,6.744064652105837,7.9647615704490455,1.1374472368625304,0.5720316705878571,-0.1207339877464535,1.771277249146107,0.18999933013409595,1.243268476760399,2.0967282530710682,1.5546850153004848,1.6719974602788152,1.9171203666328314,1.9762204465216333,0.24512290635401612,-0.6857624124902001,0.2782828246637341,0.5088092506476152,0.012606266780526188,0.49108078303232394,0.5416550659479922,0.4946634036347389,0.4978654343727369,0.5169927476228421,0.5241712991680018,0.019127313250105193,0.638213165514823,-0.3052747442414345,3.188408009649226,0.6553848870524045,1.5492857142857144,4.420792079207921,2.4284375636898625,2.7973865343628805,3.6967652209745543,3.918367672760579,0.8993786866116737,-0.39275281563456027,-0.25349815193257097,1.2025574234006833,0.4287245742606242,0.6039429866724407,2.417763327662896,0.8485668342955478,0.9447807318217962,1.2051459895776664,1.940529800388128,0.26036525775587016,1.3442188127586108,0.9162569761783552,0.2172947520948394,0.01948676484607515,0.18384618360600133,0.2603124562507192,0.19166696993149973,0.2062204519503301,0.2258107925738011,0.24193951769432626,0.01959034062347101,0.4186343355139659,-0.38569057419055763,0.028174736064915117,0.0275893623751519,0.0016612989274919093,0.10950378379457856,0.006700834755415773,0.011842898514362349,0.0326548505746847,0.06341420074777761,0.020811952060322353,1.7735173372226778,2.188285755028044,0.06909133724587038,0.0033615921056911707,0.06423042579046956,0.07666810700882705,0.06578785561105453,0.06617765156735388,0.07032021105716321,0.07486023754139413,0.004142559489809336,0.8329191418826383,-0.22121636379535436,2.2316439746396637,0.18700472881068675,1.6227678571428572,2.4957837301587302,2.0154596560846563,2.1580687830687832,2.367228835978836,2.399074074074074,0.20916005291005257,-1.3311692142312954,1.9411372384647327,0.1413793103448276,0.061684633862063167,0.1,0.3,0.1,0.1,0.2,0.2,0.1,1.2116693353076984,0.37320312499999897,688.5101265758562,115.36129996492879,421.22378545632654,866.3066850399347,466.65749783728336,653.5528944103363,753.1401767653998,804.7184538212648,99.58728235506351,-0.9243398698426514,0.17895658808314785,4.48685408974516,2.5791187652382246,0.0,9.991745948791504,1.0833163022994996,2.839362621307373,5.76319694519043,8.36684513092041,2.9238343238830566,0.3873918683370521,-0.4483552659268413,0.6459649959991849,0.2776549541184403,0.0,0.9609920936486634,0.2594440638663069,0.41053107361401253,0.8809557127988928,0.9362929954824287,0.4704246391848803,-0.7721962555822859,-0.5731811484424569
wdf_fake_433,1,16.250746777682455,2.0550419078924786,0.5516197176166038,4.485832685802531,0.40818099644308276,0.3251822301883442,0.13777120090297912,0.06983279560524955,2.7353312389770728,0.13000000000000003,804.1053050108175,3.7753360589345295,0.39662012491679904,0.24601200594091227,0.1848198906538603,3.4186782938354754,0.0,0.0,0.0,0.0,-0.006188006848338829,-14.82532930029752,0.830280958126171,0.13889005943764526,0.3299675287510738,0.9117664575990081,3.506890593868694,0.0,0.0,0.0,0.0,0.0,0.0,0.0,5.195583305690378,10.562260674312862,0.062061195282043506,0.7868060915543813,14.52606411637931,1.8403897710888522,1.1708600817121033,6.78111121711169,0.06044446409187255,0.0,0.0,-0.7069871855376009,-0.20574778705023675,16.443518435080122,29.79124848923145,0.2055155480180284,0.02272097669000799,5.532095539569855,0.3037439913266313,16.250746777682455,2.617398576498292,12.247951236020358,22.978197979225893,13.650191117608886,14.841183233111247,16.995324832327,20.100914292727357,2.1541415992157535,1.1644007740350855,1.0196863587993104,2.0550419078924786,0.5056113621438468,1.3762234183823938,3.2581325775383037,1.5244505772335286,1.6559058859947453,2.4381105883905567,2.7879193508613285,0.7822047023958114,0.68442168950799,-0.6326941457934954,0.5516197176166038,0.02540366401061857,0.47643343790486625,0.5831164959268895,0.5156220102292715,0.5333959534304277,0.5712110463738672,0.5745269917013582,0.03781509294343954,-1.0546725585439014,0.4954280790186161,4.485832685802531,2.265168189570771,1.8997963711515666,10.615903334017936,2.3307374171292716,2.7461317050169547,5.956786161558614,7.7797453510865395,3.210654456541659,0.9924312557853958,-0.00881986873704843,0.40818099644308276,0.20558534190120975,0.03209365385988943,0.7812019081596666,0.06740342392496648,0.31294075963481194,0.5677457226654534,0.6156507459480521,0.2548049630306415,-0.26053602413360827,-0.5667338148527881,0.3251822301883442,0.029136253049173947,0.2795274276367499,0.3949903959854867,0.29275801269813284,0.3044327171235191,0.33904697625376745,0.37123487510270553,0.03461425913024835,0.8282843336215449,0.15632112678934318,0.13777120090297912,0.0397431324323523,0.04067953778934153,0.20230282946935632,0.08403630927291916,0.11308727345730336,0.1686299043810984,0.1788016953468724,0.055542630923795036,-0.5689917037062872,-0.510479077303049,0.06983279560524955,0.006227843602817606,0.055652465666402015,0.08123987586011652,0.06298402137800911,0.06511052281347882,0.07460503210766059,0.0776216014967471,0.009494509294181774,-0.09711515927048431,-0.7398961816434344,2.7353312389770728,0.47656514693582525,1.9231150793650793,3.391286375661376,2.12063492063492,2.314463458994709,3.2270791997354498,3.3308531746031744,0.9126157407407409,-0.06478252744007572,-1.5436999215620673,0.13000000000000003,0.05859465277082315,0.1,0.3,0.1,0.1,0.1,0.2,0.0,1.809370180763658,2.1157507776416207,804.1053050108175,118.35463650880644,455.0195009001772,1038.5148315231665,694.0645233367405,769.6153168608668,878.430013900732,939.4947060785379,108.81469703986522,-0.8680309158091816,1.3671851339991425,3.7753360589345295,2.5466751838004456,0.0,9.281007766723633,1.127522611618042,1.8380510807037354,5.611882567405701,7.49139451980591,3.7738314867019653,0.7477723109938017,-0.5890032243305039,0.39662012491679904,0.21420415555785893,0.0,0.8229038194801985,0.1157068383742966,0.1948748025058995,0.5723923909374754,0.681913792471861,0.3775175884315759,0.10241480170447993,-0.8976002694041743
wdf_fake_28,1,10.241455019543062,2.3993498877387838,0.5793936198939734,7.0792500601841,0.7408178124824147,0.2890808932603697,0.16748255291975928,0.06523450926765256,3.2309454916225753,0.13999999999999999,389.97608282292066,3.6414162119229636,0.44260297145364896,0.16414343634569817,0.16871035767391723,4.285317975562129,3.922099152473388,1.2056169108200352,0.9425278080322151,3.9447189959370546,0.0025886304539041167,1.7391854573547483,0.8267214954888343,0.1674068580797841,0.20768533015472662,0.9032128847960498,3.5995812284725734,0.0,0.0,0.0,0.0,0.0,0.0,0.0,21.459125271723014,14.29181147740265,0.07020760598524194,0.8741657004841416,6.588718220338983,15.00569259894948,0.4595195810177727,8.447038132210945,0.17131001251996814,30.0,266.6666666666667,0.7152215437868593,-0.19097113678467675,12.462894541989051,21.37469361104538,0.35155726897491274,0.03626858015785227,2.2098089158535004,0.17216454157645678,10.241455019543062,3.115023942246518,4.120205368573011,14.052821183888366,5.3266631374867375,9.052267058180338,12.958315130958574,13.557589716317514,3.906048072778237,-0.7139278534520151,-0.8421608806816128,2.3993498877387838,1.1466849372928032,0.9192648233818649,4.373571542087138,1.027476272131267,1.497629262665257,3.6651862794814836,3.9158350449924217,2.1675570168162266,0.292525604870253,-1.531710079296931,0.5793936198939734,0.04972284512319571,0.4907697389782125,0.6503870832475667,0.5079198223561058,0.5336246652472828,0.622359947286956,0.6361731696045548,0.08873528203967318,-0.3314398918049909,-1.3974167590824462,7.0792500601841,5.948280958942773,0.8456764148958552,19.14887540164227,1.058086744823291,2.243520221108961,13.443863888792647,15.350438667502676,11.200343667683686,0.5300744538895586,-1.3745281388943458,0.7408178124824147,1.242207530126374,0.12684447415867403,8.297480921237398,0.1604055737172128,0.19796590429763317,0.49397598911208074,1.757796514959675,0.29601008481444757,4.250929416679311,21.26293272124662,0.2890808932603697,0.06109639086115729,0.20392773885173943,0.3795414448395061,0.22672192161812715,0.24329103280182698,0.36285154903578043,0.3710194112738287,0.11956051623395345,0.3675262083203901,-1.535338219967266,0.16748255291975928,0.10151177432338186,0.0054916047645526414,0.32169372351737563,0.035611322252738074,0.06938220994088258,0.2583558968520195,0.29869149834739583,0.18897368691113692,-0.02883874141588095,-1.5511082097337054,0.06523450926765256,0.015108861148996884,0.045224164540342046,0.09090776858186689,0.04803355200264795,0.05007198459846506,0.07287929799079197,0.08925735652471266,0.02280731339232691,0.3785979796629538,-1.1701219843010353,3.2309454916225753,1.2998026266504732,1.2003141534391535,5.071180555555555,1.3714616402116404,2.533771494708995,4.635354662698413,4.868625992063492,2.101583167989418,-0.07744614507083171,-1.3805169381974611,0.13999999999999999,0.058309518948453,0.1,0.3,0.1,0.1,0.2,0.2,0.1,1.1500493356615313,0.3148788927335655,389.97608282292066,225.5600311326345,134.0968183574457,825.3258124542104,173.14141172331216,206.82761964375686,610.9367786661855,657.1525312204458,404.1091590224287,0.5469047551269082,-1.3069174026799546,3.6414162119229636,2.734466353949459,0.0,10.99032974243164,0.9149689912796021,1.2032896280288696,5.025322437286377,7.561736392974853,3.8220328092575073,0.9027873984788016,-0.06475185685266904,0.44260297145364896,0.2220032904007955,0.0,0.904964261193282,0.14200660761407444,0.2949310845498764,0.6237633332998842,0.7462643987074856,0.3288322487500078,-0.05556084222358794,-0.8500326510173024
wdf_fake_34,1,8.579235077233617,1.9001936786366995,0.5337459108907415,3.8636459152721163,0.7049699500588286,0.3099481694086662,0.13403843346468217,0.08011729109771767,2.1720293209876544,0.12333333333333331,310.8801000798902,2.0792975071159163,0.4203830179705631,0.38367574055809983,0.3137315865873594,4.1310402571312945,3.3552064080366804,0.533525670663323,0.31329014505923536,6.8611799541808205,0.014855235603640996,2.2824823960859044,0.7350960359700079,0.40786805385530556,-0.22067086771154515,0.8820833607468738,2.326026529086863,0.0,0.0,0.0,0.0,0.0,0.0,0.0,8.367468364422937,10.24581266184698,0.04174309073698474,0.7660856639726173,9.74505097987288,9.599135279624079,0.7738215803569909,7.608146593447523,0.08859682003143395,30.0,100.0,-0.10900151407568735,-0.18909910994287693,11.049844875343975,21.98059218354105,0.29432588508442425,0.014839573538910739,2.910102059443792,0.17756296730336363,8.579235077233617,4.9593207171777705,5.1783953564126906,21.793788174383884,5.761628097975611,6.344766239378475,7.457657865389683,20.06132718575896,1.1128916260112076,2.0825739930491576,2.52077812419613,1.9001936786366995,0.49708929669764623,0.9187739712565814,2.6840295207656504,1.1119973579391704,1.6915147344646833,2.2837322210835573,2.5618655781922306,0.5922174866188741,-0.18122907918116987,-0.7339507354740227,0.5337459108907415,0.016124676551356784,0.498948508199345,0.5684079750290398,0.5157704828482197,0.522820227569283,0.5428225820761327,0.5558170668379415,0.020002354506849618,0.20342750813312532,-0.45788547253745415,3.8636459152721163,1.8630704498423971,0.8441489361702128,7.205782041883148,1.2366159168007071,2.8689391470161936,5.226232417622838,6.563229324520825,2.3572932706066445,0.27342682532793083,-0.9744423624784964,0.7049699500588286,0.6563784525988918,0.1538452431663544,3.6925402094503075,0.22708170048695692,0.2939409530033461,1.0462403356231178,1.27213012674391,0.7522993826197717,2.569574970378828,8.370282620346014,0.3099481694086662,0.1362137200930848,0.2333389482243626,0.6630613453293512,0.24458550995287978,0.2523567731203875,0.26649113727360096,0.6519286154948166,0.014134364153213452,2.133797576638432,2.6016129206195826,0.13403843346468217,0.1050284819328867,0.007612396302607986,0.29567871136845464,0.042617917557442445,0.056508373853541696,0.2638526333589027,0.27976569284882896,0.207344259505361,0.5258924957069359,-1.628255134462348,0.08011729109771767,0.004694177830522241,0.06292596173149824,0.08924194539557627,0.07493760853815971,0.07748328821110792,0.08312151375895772,0.08508513881770546,0.005638225547849804,-0.8706806953951748,1.5698429675710015,2.1720293209876544,0.4850273313716622,1.085896164021164,3.1197089947089944,1.1608713624338625,2.0867848875661377,2.4598007605820107,2.63859126984127,0.373015873015873,-0.9281270262860267,0.47706856009762166,0.12333333333333331,0.0460675832036175,0.1,0.3,0.1,0.1,0.1,0.2,0.0,1.7600668147584273,2.1905649516186587,310.8801000798902,84.32081524971768,96.2656220133198,415.59958957921015,129.44621047920958,309.97912842508924,358.61485204580896,399.8842178701553,48.635723620719716,-1.500662349439078,1.3337551982368172,2.0792975071159163,1.8514228372136825,0.0,7.139705181121826,0.40438054502010345,0.5681600868701935,3.7761999368667603,4.632371854782105,3.2080398499965668,0.8248370779552093,-0.5655397067483148,0.4203830179705631,0.20095950918884806,0.0,0.8478216973562546,0.1668408955244921,0.25970501316839323,0.5291524512602217,0.736667393314382,0.2694474380918285,0.16227185628367735,-0.5950535362756155
wdf_fake_313,1,17.451404287086756,1.0661626933531914,0.5689029274854757,1.1530557165626973,1.0905580882406016,0.4371315197479481,0.21075430907911744,0.08040108250948198,1.6192984856777959,0.12758620689655176,192.39081151841376,1.8329994267430798,0.3331889238898129,0.4581292835848752,0.22673507550102026,3.3657025327852472,0.0,0.0,0.0,0.0,0.007842916455769055,-5.8032651704946785,0.9298328992463238,0.07843927950525298,0.6873094037308438,0.0,0.0,0.0,0.0,0.0,0.0,0.0,0.0,0.0,4.8559476799876675,23.22108937958598,0.08940722838906386,0.7995804069415359,9.475690569196429,2.972311557139856,0.850745584032886,8.629685061744201,0.4342740458092121,0.0,0.0,0.4065115580086458,-0.17342671222932524,24.043599591711477,16.978028196296247,0.27111983279354546,0.00851438287261582,1.1612838239505374,0.13267303965768806,17.451404287086756,1.7822495302047492,14.522332397641312,21.249380009918415,14.654686928648427,16.138956546093194,18.662781196675986,19.667048670276376,2.5238246505827924,-0.08618375304750651,-0.7155401429229249,1.0661626933531914,0.12498650247676964,0.8298224791586462,1.295301272692576,0.9342458274677659,0.9624556928870565,1.15877378272434,1.2431252915185333,0.1963180898372836,0.09203006577290787,-0.9388563354011188,0.5689029274854757,0.017554919311865678,0.5386566441277749,0.6181526720945995,0.5481315540508844,0.5576443959891524,0.5786077869563504,0.5898803343309411,0.020963390967198015,0.7883003870231112,0.4899320486180865,1.1530557165626973,0.26833262352466924,0.6899029982363316,1.6781128823782852,0.8739582752424946,0.9265750113310167,1.343602055998918,1.5459477165870263,0.4170270446679012,0.2746869133407229,-0.8959147401114222,1.0905580882406016,0.3349037121531799,0.5447215173264512,1.655156969271515,0.6345997186087791,0.8190549375533249,1.3177335796497864,1.5559225117020192,0.4986786420964615,0.03977594652577482,-1.1499962278464098,0.4371315197479481,0.0533003611569533,0.3467938066855216,0.5337007988759777,0.36391032561633363,0.3874623709133995,0.4726578279122143,0.5040003189885727,0.08519545699881476,-0.084207953607585,-0.9964145220031173,0.21075430907911744,0.07305947283746922,0.06599521305109966,0.31064332544079276,0.11480988054534595,0.1472489648037101,0.28749965848177583,0.3048442988218,0.14025069367806572,-0.11160455956991161,-1.1239782691277955,0.08040108250948198,0.0033422813399815532,0.07159318113675253,0.08494024965433515,0.07533855404867372,0.07929884431891995,0.08322913187673246,0.0837666903947543,0.003930287557812509,-0.946007305125447,0.2134878504323603,1.6192984856777959,0.1541553008297833,1.3283730158730158,1.9050099206349207,1.4482308201058203,1.5074404761904763,1.7294146825396823,1.8018187830687828,0.22197420634920606,0.014849566207451767,-0.48573917054804827,0.12758620689655176,0.05183895302887209,0.1,0.3,0.1,0.1,0.1,0.2,0.0,1.7183096612291682,2.0681729187876847,192.39081151841376,51.42721904543089,103.02297269935339,265.49654365807777,118.3944913604804,150.19800535079517,237.3597953937036,253.3862587247813,87.16179004290842,-0.1972285717707068,-1.3170097021745233,1.8329994267430798,1.3236261248272385,0.0,5.500880718231201,0.7218390941619873,1.0767782926559448,2.326702117919922,3.2854484558105455,1.249923825263977,1.493256462391433,1.6200446895484664,0.3331889238898129,0.16014590192161332,0.0,0.6477442215148137,0.16693665718521214,0.21161590501787683,0.4156329206674573,0.6153980499117878,0.20401701564958044,0.3572719962594158,-0.3951521509731388
wdf_fake_4,1,5.351868543756872,1.1942731371981499,0.5929294390283715,1.441793576981301,0.3544746713225612,0.247646650631392,0.14714031068620825,0.08775504490976849,1.9594707854406133,0.12068965517241383,210.76791244028564,2.807084630275595,0.5884814383958046,0.0,0.0,0.0,0.0,0.0,0.0,0.0,0.0,0.0,0.0,0.0,0.0,0.0,0.0,0.0,0.0,0.0,0.0,0.0,0.0,0.0,0.0,0.0,0.0,0.0,0.0,0.0,0.0,0.0,0.0,0.0,0.0,0.0,0.0,0.0,0.0,0.0,0.016932796953877713,1.8549391730078335,0.09329621852282288,5.351868543756872,0.4480847183176248,4.134676434868084,5.980036921459663,4.727096864375261,5.240971445386368,5.655360067647112,5.784862176635359,0.414388622260744,-1.154375972573214,1.0095064912743528,1.1942731371981499,0.11150474183188384,0.9333422696182017,1.3470440731313766,0.9694986490773281,1.1784407834817747,1.2477536349596459,1.2970664622189747,0.06931285147787114,-1.213858439014623,0.6698086307290887,0.5929294390283715,0.012881736863308636,0.5752532284075595,0.6231760658600154,0.5803903954052816,0.5845736213235255,0.6043783253126647,0.6123497386201822,0.01980470398913914,0.8741801370252704,-0.46023478047968736,1.441793576981301,0.2529534603498028,0.8721338466380959,1.820673923483272,0.9410038184374714,1.3913195117225343,1.560418073873938,1.6878043069435138,0.16909856215140362,-1.0202521127449962,0.43398860172561093,0.3544746713225612,0.26844373759295764,0.024142381451087533,0.8658034065777235,0.050557521724163224,0.13670407437329207,0.5977543782293315,0.7363633847322358,0.46105030385603946,0.5199201901635387,-1.1925609450120724,0.247646650631392,0.011603652526633992,0.21461484372619433,0.26360695067632856,0.2332360142955587,0.2454715932041651,0.25470163918291083,0.25740451825866745,0.009230045978745743,-1.402120047936796,1.5987479084350014,0.14714031068620825,0.024837351666478366,0.08813193109063784,0.1820058011194023,0.1156327324503148,0.12449074564791003,0.1663767442447071,0.17593228591563945,0.04188599859679708,-0.5417443920428292,-0.7129044061953009,0.08775504490976849,0.004828809310886725,0.08099507213553808,0.10035116980171326,0.08221619570938583,0.08536093680076845,0.08955641600504881,0.09473641958593483,0.0041954792042803585,1.0158865916595285,0.6399864265510806,1.9594707854406133,0.2529576725983198,1.4123677248677249,2.570353835978836,1.6629133597883596,1.8306051587301586,2.099785052910053,2.2676421957671957,0.2691798941798944,-0.12205071960023908,0.16000031154145145,0.12068965517241383,0.04050806939472666,0.1,0.2,0.1,0.1,0.1,0.2,0.0,1.447136102289871,0.09420289855072106,210.76791244028564,49.93158581562567,94.17573470920114,275.8793131418944,134.51925884177948,178.93179433900937,245.2986592412225,258.25071073740514,66.36686490221314,-0.8902388623817423,-0.25395842727079243,2.807084630275595,2.416353254270767,0.0,9.037806510925293,0.6292586207389832,0.8071867227554321,4.295298099517822,5.962702751159668,3.48811137676239,0.9475860055866958,-0.02954871246610935,0.5884814383958046,0.2922113958610773,0.0,0.9768495665305507,0.21530049762969242,0.34670981894262326,0.8367937457265952,0.9592654362845526,0.4900839267839719,-0.3454576786544258,-1.1019956079509992
wdf_fake_432,1,14.88410211021734,1.2124198446883057,0.5662017544400861,1.5065571319781352,0.9727768361137507,0.3900538280340873,0.2310048375273902,0.08340944186934915,1.7060350529100528,0.13333333333333336,117.32951526229412,0.818760122358799,0.35461093209961514,0.618637433981959,0.14980161755155585,3.16756618752266,0.0,0.0,0.0,0.0,0.025333778549194066,33.06874946569932,0.9816659972610146,0.02815311246528039,0.8413358609063772,0.9104031443006663,2.8402239277826835,0.0,0.0,0.0,0.0,0.0,0.0,0.0,4.6282899033319,9.115061616706154,0.06183743224123329,0.9805646651728092,3.8316271551724137,1.9747526303520175,0.6387925655560662,52.39426928078946,0.3385335196528051,0.0,166.66666666666666,0.7505973658509233,-0.16657007969445164,18.341077739950105,7.009442967361737,0.4942582632811873,0.004416417008648583,1.107462857166926,0.024066252922141484,14.88410211021734,2.4531273176242356,8.060291458825665,16.83122196329591,9.594294062376957,15.176692553427827,16.37329007234556,16.580506346733557,1.1965975189177342,-1.8944605957562974,2.1384102542109407,1.2124198446883057,0.18920582361837687,0.916461070960411,1.5100579286005542,0.9492270189147501,1.021088365108249,1.382635819232924,1.4363106337447933,0.36154745412467504,-0.12430185818748628,-1.4621277567936175,0.5662017544400861,0.012582526778581082,0.542950422675561,0.5879972155125104,0.5484235808453818,0.5578248236371139,0.5763903498176031,0.5813508848145207,0.018565526180489123,-0.16703662595787738,-1.1156162626081745,1.5065571319781352,0.4542677993512907,0.8417537468443422,2.280284865619296,0.90239399784088,1.0449094922626458,1.9117394922259825,2.0632167597192193,0.8668299999633367,0.0022252883119453547,-1.4438059598736896,0.9727768361137507,0.5700118412205109,0.2568299879032576,2.00201761119753,0.336629601229036,0.41913645298495417,1.5837475615772434,1.8151268797484192,1.1646111085922892,0.43663907541658786,-1.2109556411900013,0.3900538280340873,0.05096444207847476,0.2547552280407545,0.43191136511210854,0.2847855777596409,0.3794654785523485,0.42541135991762713,0.4279027178375558,0.04594588136527861,-1.5950928101855517,1.3346186799866144,0.2310048375273902,0.021716857882630444,0.19978086097227812,0.28364029091089976,0.20786225209731132,0.2190668884648625,0.23595489017157187,0.2745622880608416,0.01688800170670937,1.1427233404216275,0.86318011583879,0.08340944186934915,0.003435608176161058,0.07489411539488738,0.09083848946723362,0.0795721033672815,0.08088675264432152,0.08552283723701071,0.08724488838696348,0.004636084592689188,-0.17149722714871787,0.01388511736506759,1.7060350529100528,0.10425478088892895,1.5373677248677249,1.8754133597883598,1.5753389550264552,1.6204530423280423,1.7696759259259258,1.8651951058201057,0.1492228835978835,0.23379739899667262,-1.0802248388368922,0.13333333333333336,0.047140452079103175,0.1,0.2,0.1,0.1,0.2,0.2,0.1,0.7071067811865462,-1.500000000000001,117.32951526229412,17.765827521261535,78.9208920953094,157.6264148063086,93.39619164644768,107.83314833539788,127.06947331730659,134.581895278896,19.23632498190871,-0.38795931364680003,-0.10038508671166158,0.818760122358799,0.3322904869748572,0.0,1.458910584449768,0.4924656361341476,0.5487480312585831,1.075547844171524,1.1969575047492982,0.526799812912941,-0.1879452419280711,-0.2178360308966507,0.35461093209961514,0.19457071753617525,0.0,0.8830943437893342,0.1568288242455941,0.2212069069201999,0.4885102039864566,0.6356283550508708,0.2673032970662567,0.63679839866353,0.1510782483562112
wdf_fake_435,1,16.85243645062901,2.508818584218032,0.5356910731881642,6.417428986439543,0.4475670379228738,0.32872777903795053,0.1464919691840546,0.0678566931236242,3.07145061728395,0.13666666666666666,871.3098482190164,2.9353967825571696,0.2871031502851112,0.29557478485200295,0.1572020596226545,3.3273061208724086,0.0,0.0,0.0,0.0,0.0011764237941600372,0.10131074795989851,0.8661353629559957,0.11539444152295868,0.4769775551689678,0.8531550785817045,3.240223927493403,0.0,0.0,0.0,0.0,0.0,0.0,0.0,6.1163688116325075,5.317790706534356,0.024222234394845277,0.8705298512934931,13.681371228448276,2.5573352628101733,1.2342489261265732,10.954373890454303,0.047908219475506254,0.0,0.0,-0.2234878388817848,-0.1490182743769764,10.822137581697545,23.017197877336052,0.1916625885146306,0.027995031116675142,6.49246019522349,0.2964732842170107,16.85243645062901,2.3381609365156835,12.58236828817118,22.34682535656644,13.291315824093118,16.240020624394283,18.593897283765436,19.478589297964827,2.353876659371153,-0.21999201048807665,-0.2875296452109324,2.508818584218032,0.34455050133177795,1.9882296999552722,3.068060712662467,2.1327293083090844,2.158866846243723,2.7521047517577006,3.040711601583045,0.5932379055139778,0.15735213792528016,-1.3354349288204648,0.5356910731881642,0.01707103383458639,0.5097869104240305,0.5697098796781919,0.5113154717389146,0.5219517392340276,0.5484552067372426,0.5568708469052157,0.026503467503214972,0.03263204262868215,-1.1644246100089852,6.417428986439543,1.748682601802933,3.967588040351069,9.417351997666959,4.5517368708627295,4.675008248488193,7.577888753531649,9.248520489963797,2.9028805050434565,0.29100139756992355,-1.2268742524523264,0.4475670379228738,0.45005624202140704,0.2512197628801906,2.841030634113737,0.29216887103263933,0.310406045578025,0.39368715118887676,0.46170298735460896,0.08328110561085178,4.997647022538792,23.66971342009064,0.32872777903795053,0.03022078861355354,0.27543847101441027,0.3977592348226764,0.2792203502572469,0.3184756505641372,0.3495140506228442,0.36157632931230504,0.031038400058707005,-0.2453355498838083,-0.3815881433690751,0.1464919691840546,0.036966391484190744,0.08236814639387806,0.2252998220086072,0.11029305352158107,0.11928899890892718,0.1580699276760325,0.21520424561977983,0.03878092876710533,0.8469118590849606,-0.0195313138060067,0.0678566931236242,0.003479611186697979,0.061737521044323375,0.0810024201399357,0.0633199145622261,0.06655934071456472,0.06904909130915482,0.07079545705603098,0.0024897505945900983,1.4088389836627002,4.604041059394425,3.07145061728395,0.3731857802423517,2.0343088624338623,3.57853835978836,2.76515376984127,2.8801876653439153,3.420820932539683,3.503885582010582,0.5406332671957674,-0.8258516080353473,0.5136298473179415,0.13666666666666666,0.05467073155618909,0.1,0.3,0.1,0.1,0.2,0.2,0.1,1.1541439383816485,0.3307582813946732,871.3098482190164,58.848978053380755,776.4936283247703,1098.4835783063613,817.6652019877273,841.8126399975205,897.2948856347219,924.6665334938338,55.48224563720146,1.8400032360260046,5.21870709804484,2.9353967825571696,1.2257353489879899,0.0,6.615271091461182,1.8118560314178467,2.290154218673706,3.411555528640747,3.984624981880189,1.121401309967041,0.6287542747149764,1.7976775159516931,0.2871031502851112,0.16142780455859868,0.0,0.6031007459235747,0.07008371280511733,0.16306325913186923,0.4126955414947189,0.47051668079651054,0.24963228236284965,0.0313541885034024,-1.0086234748684983
wdf_fake_140,1,11.174480106432098,1.555797526664543,0.4967841359570926,2.46516074914635,0.7927703663029071,0.3036730270356976,0.0506749638731175,0.07233174506628079,1.757106937602627,0.10689655172413796,444.4804377762696,1.5188873389671589,0.4683964844307576,0.0,0.0,0.0,0.0,0.0,0.0,0.0,0.0,0.0,0.0,0.0,0.0,0.0,0.0,0.0,0.0,0.0,0.0,0.0,0.0,0.0,0.0,0.0,0.0,0.0,0.0,0.0,0.0,0.0,0.0,0.0,0.0,0.0,0.0,0.0,0.0,0.0,0.015673489824585832,2.8188206368479234,0.13744096256637295,11.174480106432098,1.038867559402453,9.208612485133864,13.078904343080008,9.79418187872741,10.449459426054508,12.0124564709177,12.331993527296865,1.5629970448631916,-0.16127753678989998,-1.0627242180202172,1.555797526664543,0.20997628192842716,1.201109214753841,2.200903086303341,1.3343989792488236,1.399035385383273,1.6658793057311603,1.7877020653169007,0.2668439203478872,0.8358678837176767,1.0709515819224542,0.4967841359570926,0.014362195072478583,0.4640981950371996,0.5324458182350182,0.481380527367154,0.486376109540098,0.5071589874417513,0.515767930095237,0.02078287790165323,0.21956692112911014,0.17880411860466028,2.46516074914635,0.6936627700081366,1.4431548688465685,4.8446330537873425,1.781166442324026,1.9575889765960393,2.77640809098958,3.196831768908401,0.8188191143935406,1.3082608378494778,2.541102343795977,0.7927703663029071,0.17513614864774224,0.42693204040249927,1.1821456309593834,0.545950691516942,0.7186376609770783,0.8754442687766532,1.0061551074203743,0.1568066077995749,0.33009610700747605,0.27314102257541295,0.3036730270356976,0.011726343541278043,0.2794038689505621,0.3275159782852485,0.28877862446237956,0.2931158425707371,0.31196387872847325,0.3162952407468302,0.01884803615773617,-0.19961437750029135,-0.7535313125814067,0.0506749638731175,0.024377674730690413,0.01187203187933415,0.10280271153609263,0.022251107967454227,0.02901041448393425,0.06705359692188943,0.07949634784293243,0.03804318243795518,0.3135779462714512,-0.7914692334929723,0.07233174506628079,0.002848786510795641,0.06501380259171363,0.07708803715167456,0.06801770741065703,0.07088653908297156,0.07415548677956399,0.07509170556018199,0.003268947696592431,-0.707908707830272,0.06238316196475857,1.757106937602627,0.12914158866778364,1.5050429894179893,1.9945436507936507,1.621031746031746,1.6664186507936507,1.8384589947089947,1.9406580687830688,0.17204034391534395,0.32743280300331373,-0.8575864932989155,0.10689655172413796,0.02533954906327426,0.1,0.2,0.1,0.1,0.1,0.1,0.0,3.402069087198855,9.574074074074055,444.4804377762696,53.62009364776723,308.75350494019057,555.8706386762287,380.7689923412471,417.1048454880918,479.9023667259367,507.60463007160826,62.797521237844876,-0.41928317299035367,0.14037830248415428,1.5188873389671589,1.3186751448806042,0.0,6.865689754486084,0.3991116046905518,0.6655638813972473,1.9672715663909912,2.4574754238128653,1.301707684993744,2.334553130393384,6.841062766764377,0.4683964844307576,0.17905828814826566,0.0,0.7285599701844047,0.28628575298542475,0.3824882914346585,0.6100034862051185,0.6622478605500638,0.22751519477045995,-0.749479845665299,0.26595507908556426
wdf_fake_5,1,6.709168232609357,1.05150982240295,0.5503116549221685,1.2084499499921457,0.7746921565899147,0.2820749846265178,0.06422545657941317,0.06965797312074286,1.5414883546010996,0.13137254901960782,211.16815393727262,1.2283645871223188,0.4780488254200572,0.5973992935737225,0.30057449570580885,3.894888613349232,0.0,0.0,0.0,0.0,0.008189724823927979,0.9729777252948101,0.9332509255920801,0.13773120854220566,0.0975381390018549,0.9338763191985244,3.143465187862548,0.0,0.0,0.0,0.0,0.0,0.0,0.0,8.714716586274704,6.588779149925182,0.023978688783893948,0.8995079742767293,1.98150390625,3.386575690690498,0.6556703175210192,16.841396474222513,0.34726197475880927,0.0,0.0,0.13016036153143404,-0.24100781163211818,24.771657848007127,10.23738247151825,0.5768102579375636,0.0443756711171988,0.8256548023691365,0.0618199450203093,6.709168232609357,3.0025672861088215,3.092120705074421,11.391613383958756,3.3684720303136824,3.5366673603950005,9.288891976406205,10.291881811344371,5.752224616011205,-0.026096642369714033,-1.7729965772758978,1.05150982240295,0.3190574763017658,0.6198981735933285,1.5208601435741018,0.6809744123910791,0.7881419603451812,1.3927854941203872,1.4190099766757862,0.604643533775206,0.14616496242806248,-1.8126449055135023,0.5503116549221685,0.04383208378388283,0.4910836732455425,0.622311016761425,0.4979915321952514,0.5058296177460011,0.5872022652749916,0.6038585498681339,0.08137264752899054,0.0004925010453861127,-1.6534861416503381,1.2084499499921457,0.6872803134237324,0.38444709626093876,2.3142660685635703,0.46411407862601434,0.6217825548776952,1.9405372655899173,2.014583525221823,1.3187547107122222,0.21485736927007693,-1.8159203376279507,0.7746921565899147,0.508636041046831,0.159925015836883,1.48316679343369,0.21454006060362252,0.25964803035045225,1.2800974293415661,1.418558688076287,1.0204493989911139,0.04027333662630847,-1.7726310824623857,0.2820749846265178,0.07623193990583656,0.18867749785150903,0.4030887367063249,0.19660559713434228,0.20198004663958252,0.3508526347635542,0.3741970267933562,0.1488725881239717,-0.02163326694370864,-1.773543133352368,0.06422545657941317,0.02876379584763924,0.018645068053536558,0.10339188308836218,0.032547207871515264,0.04086309130171571,0.09770499431194002,0.10044120783244735,0.05684190301022431,0.06913979059496775,-1.5761046732466697,0.06965797312074286,0.0023326268373876457,0.06316258227971253,0.07377124366496371,0.06676165394994854,0.06813190750871848,0.07142241618309506,0.0726332626739877,0.00329050867437658,-0.49214646306648885,-0.10787183053033056,1.5414883546010996,0.3840257620910356,1.0170304232804233,2.294642857142857,1.1096230158730158,1.2234623015873016,1.8577628968253967,2.000330687830688,0.6343005952380951,0.3487803185562874,-1.3329810019084989,0.13137254901960782,0.05419715671013824,0.1,0.3,0.1,0.1,0.2,0.2,0.1,1.5181807490625046,1.3614552780899691,211.16815393727262,45.61551297597992,145.0266242698497,273.84105715563516,158.9301588968706,175.01556028751378,260.6699785479043,265.1262543579786,85.65441826039051,0.11579661165332002,-1.7871501311687203,1.2283645871223188,1.2048740241639895,0.0,6.055270195007324,0.34385719895362854,0.4112475961446762,1.4241206049919128,3.0138862133026123,1.0128730088472366,1.8482357613737548,3.533030798109892,0.4780488254200572,0.26323404203699535,0.0,0.9936984464001481,0.17199417767398176,0.2793131621461737,0.7227181837118475,0.8688216425833785,0.4434050215656738,0.368291439615633,-0.9672329593433475
wdf_fake_170,1,5.946667412038013,1.7291976204390296,0.4591063217468671,2.9942185684105,1.2236621993356402,0.21263572653111257,0.27194719762464004,0.06684879689880203,2.186642967372134,0.15333333333333338,443.1058552967104,0.004460153590965395,0.3390640579981084,0.9984252043543027,0.008287988275259594,0.3437524672642529,0.0,0.0,0.0,0.0,0.13141505706981796,1.3085433057552387,0.9996691865516023,0.0011953261717543304,0.9937713891331708,0.9754203242598443,0.699842839457144,0.0,0.0,0.0,0.0,0.0,0.0,0.0,0.34511454567271416,0.6241566327888163,0.005673280770856056,0.9990542362712344,0.22609105603448276,0.05736180393164638,1.5349428012091146,199.4689924244052,0.9333232229683763,0.0,0.0,0.20203499614296438,-0.019308799445807226,26.757518888259156,2.433239343661963,0.3101801269057823,0.001130783710319265,1.6747318704922993,0.0008446458205162433,5.946667412038013,0.02967974117198904,5.891731660487724,6.024794841985368,5.902722079871848,5.922288234651976,5.961572461066133,5.961882973949789,0.039284226414157075,-0.11577516235283754,0.25974630910057117,1.7291976204390296,0.030103907557922638,1.6950215697212387,1.7581385914084713,1.695629500464303,1.6973770767229903,1.7574088893795616,1.757414847135639,0.060031812656571315,-0.13936354557059213,-1.973254737010744,0.4591063217468671,0.0013369270611675275,0.4578285774981373,0.4606272897529309,0.4578285774981373,0.4578395994627862,0.4605586221910837,0.46060776768613076,0.0027190227282974933,0.14674508803381536,-1.9559232437125416,2.9942185684105,0.10392010547636014,2.876199272987307,3.0941525372955483,2.878272151255917,2.884366607595422,3.091621548861835,3.0916365618046795,0.20725494126641308,-0.13928183539474412,-1.9733478767049564,1.2236621993356402,0.054551447916187434,1.1675542296684527,1.3163008977319623,1.1700553323443563,1.1723202992142474,1.280118006171065,1.2835355467868743,0.10779770695681767,0.1905389043316733,-1.8453525144858198,0.21263572653111257,0.0006349558072401446,0.21152640749298285,0.21452746844555604,0.21174703472568826,0.21212066460252565,0.21292896673509898,0.21293075723030222,0.0008083021325733242,0.2851539123634211,1.060943844219576,0.27194719762464004,0.0023743936534340263,0.2614585530346923,0.27510334049605484,0.2709462350453449,0.271195638820445,0.273755267846718,0.2739716680030955,0.0025596290262729915,-2.634375706957118,9.952017535185718,0.06684879689880203,0.00044224114944112013,0.06614706364218088,0.06775765409839143,0.06634710693724959,0.06651643379964495,0.06698639754399507,0.06757067093168778,0.000469963744350127,0.6126569770043463,-0.4483661678889037,2.186642967372134,0.032237304085967124,2.151289682539683,2.2174272486772484,2.1514550264550265,2.1519717261904763,2.216972552910053,2.2171792328042326,0.06500082671957674,-0.13419679049976646,-1.9803018569527626,0.15333333333333338,0.04988876515698589,0.1,0.2,0.1,0.1,0.2,0.2,0.1,-0.13363062095621417,-1.982142857142857,443.1058552967104,3.061611248463705,432.27953571262157,447.3865888267409,441.50581215938325,442.18432346717384,444.73566261569937,446.22362824446327,2.5513391485255283,-1.7464101802746785,4.15585972654264,0.004460153590965395,0.022566401891863225,0.0,0.12598326802253723,0.0002507374301785603,0.00026669943326851353,0.00026777021412272006,0.000301484705414623,1.0707808542065322e-06,5.199376136260476,25.033858628521287,0.3390640579981084,0.11510612145365495,0.0,0.5151502756901413,0.193992576907944,0.27424677603317016,0.43797509161935017,0.46069975654225737,0.16372831558618,-0.9150784185162933,0.7720398713927663
wdf_fake_1,1,5.575039939994379,1.6667093441981755,0.5449966491224011,3.4232914575387317,0.49549019393143645,0.23654933110775245,0.10187469798919763,0.07724036219082671,2.093223655202822,0.13333333333333328,459.32174972606,2.6611455783247946,0.29677155598423177,0.28871703456409853,0.2018504849123565,4.269631416919663,4.625447474781778,0.3863352825532385,-0.37106277447591873,4.90744339528445,0.015460774865570237,11.664774352577405,0.6216975655639141,0.2987377369679921,-0.0801527018658231,0.7491507370719465,3.231401843507817,0.0,0.0,0.0,0.0,0.0,0.0,0.0,11.543179688030328,4.117557898142599,0.06112494446006282,0.7754256884115165,31.92821438029661,12.778660652996052,0.1750781382080281,8.152475967173112,0.10366829334215409,30.0,100.0,0.8897770778104107,-0.13302128982194186,12.871962775759101,14.72743522946098,0.1913120383149253,0.026290508375548225,3.2534187068541844,0.26184664870186347,5.575039939994379,0.9392243522052286,3.6369340672282577,7.45527812797584,4.112374142852268,4.955383109049359,6.299755503064744,6.669867855665127,1.3443723940153847,-0.23507098700878393,-0.6366103775717273,1.6667093441981755,0.7998244018829346,0.8414470102279867,4.338061196667803,1.0323564127126001,1.155236404941268,1.7559210338160671,2.9446452094333337,0.6006846288747991,1.9868745858329733,3.2472877715398036,0.5449966491224011,0.028338376395829593,0.4856585563689352,0.6239650523863404,0.5056710802303419,0.5265614113325257,0.5580379242003587,0.5711641257494496,0.03147651286783304,0.35183536865307474,0.3715666461459173,3.4232914575387317,4.01123051118251,0.7085778334542098,18.862659343639816,1.0673065573749636,1.3407899821026588,3.088203513171252,8.696714211272603,1.7474135310685934,2.5768261291105814,5.760077660323434,0.49549019393143645,0.3124913914145417,0.16675703872629646,1.676954735265924,0.24342119168685739,0.296469700356334,0.5738956228731079,0.8904346337335917,0.2774259225167739,1.9397198065150467,3.7549899559723627,0.23654933110775245,0.037383261763889085,0.17690265659146498,0.30422280935797874,0.1914414266772281,0.20511997710518826,0.27385183798548324,0.2874705563500953,0.06873186088029498,0.24706175642403289,-1.345139964855295,0.10187469798919763,0.056976229391063726,0.04229423793422531,0.2605339968145143,0.055708679884591245,0.06590166739783179,0.10664966491066429,0.18476015893063566,0.04074799751283249,1.6751735195281339,1.813537804663964,0.07724036219082671,0.01224292408031827,0.06353929076287779,0.10734277277684814,0.0661967742080259,0.06821793526490469,0.08962428389137658,0.09558401927677553,0.021406348626471894,0.990411633165183,-0.3944794922655954,2.093223655202822,0.2834335207800295,1.142774470899471,2.6803075396825395,1.775586970899471,1.9132357804232805,2.2219948743386246,2.5629629629629633,0.3087590939153442,-0.13560011699228872,1.0679446941262167,0.13333333333333328,0.05374838498865701,0.1,0.3,0.1,0.1,0.2,0.2,0.1,1.335758680191478,0.8165680473372805,459.32174972606,189.98547590604696,105.20735918964202,929.0105859524451,320.48151836540245,342.39929121316464,439.8305145817692,843.7585174165945,97.43122336860455,1.3403466524510994,0.7969679330695558,2.6611455783247946,1.4026661666931621,0.0,5.598636150360107,0.43673920929431914,1.5916522145271301,3.6001051664352417,4.1779372215271,2.0084529519081116,-0.2565672341089741,-0.8314656396087017,0.29677155598423177,0.17648989027494727,0.0,0.7486688254458785,0.09042448531293941,0.16431739972709458,0.3852461953544005,0.5468541245466342,0.22092879562730594,0.5087425802068034,-0.38787757396932765
wdf_fake_3,1,6.710510805460385,1.4704414753391433,0.5205554933803861,2.286017388131636,1.3405275640093914,0.22329389040910158,0.1554360897782602,0.06773988043490324,1.986654784324276,0.12881355932203387,466.3305180399927,2.6052957227674582,0.3297013281070497,0.3252911052953642,0.26340709710497406,4.226065549539183,0.0,0.0,0.0,0.0,0.0066019403805377816,0.9751420355534212,0.7344313498577748,0.2768759012732998,-0.05110411402794128,0.6704950654453906,2.922697679791842,0.0,0.0,0.0,0.0,0.0,0.0,0.0,10.4132398116455,17.59002334211072,0.06646228920226951,0.7402620536662003,11.665880926724139,8.73455229534293,0.34157229997717764,12.30411070230903,0.28217791265195385,0.0,0.0,0.28506471437254777,-0.1176468327267024,12.975251399395411,17.05395436818605,0.3748638354648702,0.017459947260459144,1.5553252318147885,0.22252901120615098,6.710510805460385,2.8451925398916833,3.8588134082636874,15.02526995653005,4.395419551361803,4.763409692432653,7.874264955168018,11.31131544351492,3.110855262735365,1.4029690014978473,0.9419754087251033,1.4704414753391433,0.34540652667399213,0.8066992833472311,2.349080155645779,1.087939856087408,1.2572103468200968,1.5748622845317541,1.9825077538744227,0.31765193771165734,0.6738240544191257,0.6357484168633842,0.5205554933803861,0.026272200550273427,0.45577475517595567,0.5890805032398212,0.48735284176282423,0.5073447798570332,0.5338250516822094,0.5533892655401402,0.026480271825176205,-0.26090402648236416,0.48624018364590516,2.286017388131636,1.1154178052894583,0.6515398381367024,5.538534567524497,1.1839382311717639,1.5806898895814716,2.4812993827238525,3.95151705230282,0.9006094931423809,1.354871551978835,1.6422908780104146,1.3405275640093914,1.0467531711820062,0.1220659390241686,3.9715042002093384,0.28732913416691847,0.37544009943694157,2.1649055826720933,2.810826441700367,1.7894654832351518,0.7365708628012043,-0.5863960295131059,0.22329389040910158,0.04485877526810885,0.17803009741864215,0.3523038875136718,0.18407688917024,0.1953930853462126,0.22700228579423806,0.305362258583899,0.031609200448025454,1.4644322815110147,0.9498475974776586,0.1554360897782602,0.10311454622274854,0.01548541334227722,0.3729621505597876,0.04174153433846966,0.08085034911680025,0.19469366969721769,0.3340918354677207,0.11384332058041743,0.7061216171513554,-0.5582108953605087,0.06773988043490324,0.004274809831996055,0.06026881331868514,0.07830705225783194,0.06340863814699413,0.06444191750368061,0.0709516230603025,0.07364828615469815,0.006509705556621892,0.589365768568842,-0.3431700430358804,1.986654784324276,0.2531497595376174,1.3113425925925926,2.4483300264550265,1.711491402116402,1.8129960317460319,2.146660052910053,2.3516203703703704,0.33366402116402116,-0.1688646632091343,-0.3692374367778144,0.12881355932203387,0.05224079663533031,0.1,0.3,0.1,0.1,0.15000000000000002,0.2,0.05000000000000002,1.6251512728270467,1.7372698060941856,466.3305180399927,206.1647428937626,175.15690144030688,825.411445515469,283.85159001548925,324.3369045516261,630.7017980420802,798.6649796704066,306.3648934904541,0.7336539663551799,-1.0859106779730743,2.6052957227674582,1.5869070363066102,0.0,6.635589599609375,0.4998722851276398,1.0012878775596619,3.668175220489502,4.508602333068848,2.66688734292984,0.2437212528500834,-0.5114726816228359,0.3297013281070497,0.2081877641245099,0.0,0.9439461948617772,0.11516329473966719,0.16433165461198623,0.4292460277230448,0.6188827004045386,0.2649143731110586,1.0959138533514088,0.9071279626141373
wdf_fake_207,1,7.246548439031201,1.195211857052798,0.5782486078169987,1.4548727039916722,0.38091854312186046,0.27223517239328465,0.0914131912994743,0.08843814513513842,1.4139136904761904,0.12000000000000004,308.84781375069304,0.8063272714614869,0.4336043998059499,0.6722678393727692,0.2400696464134687,3.2414902782683845,0.0,0.0,0.0,0.0,0.028154178031906802,11.151306732062512,0.9516543076833592,0.08374742384082667,0.5821262817361207,0.9584493536269644,2.8662478960078035,0.0,0.0,0.0,0.0,0.0,0.0,0.0,2.8432846742136233,7.570038084292233,0.048261914555571016,0.9471490323727663,3.6754108297413794,1.0089730659832805,1.1470302033902104,15.952608076759624,0.022817161344779527,0.0,133.33333333333334,-0.20363145518303438,-0.2116511438949716,11.947521658312644,23.142819760757142,0.5310673261907406,0.007044483911062602,0.8129730919996897,0.020156053579607036,7.246548439031201,1.340721432721876,4.566267686474032,8.582750094097928,4.7605269386554445,7.047100946151389,8.14942832494422,8.382609426196247,1.1023273787928307,-1.1805967217314006,-0.17701253884932155,1.195211857052798,0.14915912955871818,1.0076161794468834,1.5731849846765564,1.0515863127185436,1.0889940023516544,1.2225805225308715,1.4311189714000254,0.13358652017921702,1.1081268556617168,0.30368789683646735,0.5782486078169987,0.016209928177365798,0.5449639937837525,0.6028103805998983,0.5530378231394649,0.5697174742745392,0.5917057294078351,0.5965002808482692,0.02198825513329583,-0.45408977119592703,-0.6769800781498856,1.4548727039916722,0.38317270146429844,1.0171774122871082,2.479153045315093,1.1085405508680952,1.1888491298061332,1.4999657734218812,2.0542252084503185,0.311116643615748,1.2898457464494957,0.7421667619640426,0.38091854312186046,0.2946404626074375,0.1292367921292596,1.2347016058349578,0.13721847359310158,0.1702445676567169,0.6093774334665624,0.7998842876521235,0.43913286580984545,1.2939430015515838,0.6557701003906726,0.27223517239328465,0.030258411182416414,0.2091525969900748,0.30104841653816133,0.21493724287953173,0.2694301062830776,0.2898125595589831,0.2978158842912995,0.020382453275905488,-1.2632197343455491,-0.04364977044554319,0.0914131912994743,0.058843080801746175,0.003118425573760109,0.20108620258935272,0.029472661899215206,0.04351183839764412,0.13320942462940394,0.18816643456240245,0.08969758623175982,0.580075536187677,-0.9408598038825753,0.08843814513513842,0.0035084665908266623,0.08126229026044678,0.09652945863647715,0.08505528014031852,0.0863039575370662,0.09098356280776583,0.09263216878135018,0.004679605270699633,0.5056469494897711,-0.08447207308563609,1.4139136904761904,0.0990893801501533,1.2546296296296298,1.622850529100529,1.312152777777778,1.3165095899470902,1.5063864087301586,1.5306795634920634,0.1898768187830684,0.3274887425740415,-1.0562062250269149,0.12000000000000004,0.04000000000000001,0.1,0.2,0.1,0.1,0.1,0.2,0.0,1.4999999999999971,0.24999999999999467,308.84781375069304,74.8073324112677,227.2708660105133,479.48086870471406,245.64554972963492,253.69190063824382,314.85213149658074,452.2154829593081,61.16023085833692,1.2452770788476601,0.2701960128037415,0.8063272714614869,0.8862390457401217,0.0,4.3956451416015625,0.22536661922931672,0.2793462723493576,0.8271168023347855,1.412977433204652,0.5477705299854279,2.6099443867900285,7.081561776764561,0.4336043998059499,0.2688079319674178,0.0,0.8667637529542443,0.12359473295184088,0.19197683520720552,0.6974904344363629,0.8138208474343912,0.5055135992291574,0.2164488534453954,-1.3377395818574462
wdf_fake_43,1,5.124393026346882,1.4221151849631077,0.5352722069626228,2.072701882158569,0.8950677449155601,0.21066670618476768,0.24892932175358648,0.07476035516533625,2.1141341490299825,0.13999999999999999,350.1735438105269,1.888052630300323,0.4274077546563519,0.4300005020817631,0.3457648035841954,4.1931648124504735,6.561813265450195,0.05265164471031066,0.9979534265144088,0.0,0.018543425126638882,-11.545730019380212,0.8507004148379311,0.19821852325424208,0.24870769984328597,0.9074521649291699,3.401515278432479,0.0,0.0,0.0,0.0,0.0,0.0,0.0,17.315767431775136,8.058082137720888,0.06515537747379607,0.9130680183798267,3.8353747351694913,7.406776338851778,0.5744575951507447,9.562966504147312,0.10322562600366621,30.0,133.33333333333334,0.6560535686792323,-0.24628835374400387,12.957227781273959,21.716909939416496,0.2585529666705246,0.029734019642900043,1.9213248819112778,0.2381367172037111,5.124393026346882,1.2715765897246845,3.789498413580535,7.84460933711952,3.926717585597333,4.069126627517455,6.1601656808209455,7.04048861011725,2.091039053303491,0.7422832411845935,-0.8617894635196421,1.4221151849631077,0.2109660573398451,0.7428069707961,1.8618000507170283,1.1489885933223383,1.2139961464713833,1.5709647917771956,1.6180793995809746,0.3569686453058123,-0.7270375953436625,0.2231283926327725,0.5352722069626228,0.03761532143366278,0.4863760582813609,0.6280498471418536,0.49796174125382214,0.5009201747582437,0.5716776291248161,0.5858872264582297,0.07075745436657244,0.4140395445773652,-1.2265198275887863,2.072701882158569,0.5732288416024807,0.5518876026244375,3.466496767777225,1.321606191865444,1.4746593200145777,2.470368812535883,2.6287363175971494,0.9957094925213055,-0.3566127995955677,-0.37917959076989627,0.8950677449155601,0.9555759858304712,0.20095121291740461,4.305055849047433,0.22631443587535024,0.23733113591905447,1.3998764852357537,2.0704512171166547,1.1625453493166993,1.6262524472806326,2.2061793580590496,0.21066670618476768,0.0463617477551339,0.16201838259494863,0.30562736105343635,0.16538753993809638,0.16843230864518555,0.25185411764301285,0.2738899884354827,0.08342180899782731,0.4714149863159448,-1.2988764341591519,0.24892932175358648,0.14189745222434777,0.0027982397939408095,0.4090313662467649,0.035260913733270755,0.138791268937266,0.3769537659949811,0.4043434248252598,0.23816249705771508,-0.3194729154045004,-1.487052015437251,0.07476035516533625,0.011105115947558118,0.05931120250519808,0.09502812652372267,0.06312945969247656,0.06430358464079325,0.08531148515002693,0.08777815444604888,0.02100790050923368,0.16297480468915976,-1.6326569298361244,2.1141341490299825,0.3742077161619111,0.9669312169312169,2.5849867724867726,1.5415839947089947,1.8695643187830688,2.424024470899471,2.4746362433862434,0.5544601521164023,-0.8120855982837539,-0.16356550322548236,0.13999999999999999,0.055377492419453826,0.1,0.3,0.1,0.1,0.2,0.2,0.1,0.989257662313496,-0.045368620037806284,350.1735438105269,188.2115105127938,87.4188891735018,609.1031505443688,125.39051271809797,160.43268150252226,523.7818825602112,556.8158209209887,363.34920105768896,-0.07904502882188234,-1.829737217468556,1.888052630300323,1.860642510421034,0.0,8.915095329284668,0.25712821483612064,0.472722165286541,2.7292059659957886,4.360182905197144,2.2564838007092476,1.459125556019447,2.08390375358407,0.4274077546563519,0.2173059209799494,0.0,0.8665368165567101,0.16526755681094935,0.2825350822676672,0.582428818834963,0.7634603370728521,0.2998937365672958,0.3746447765416161,-0.6884979349429767
wdf_fake_183,1,12.787179830786933,1.22585555985496,0.5385245465504787,1.520893497602871,0.611822815960887,0.29147451598552765,0.2952448207115814,0.06532325698040252,2.3125925925925923,0.14400000000000002,304.2635071972443,2.2009148812294006,0.368163486977398,0.0,0.0,0.0,0.0,0.0,0.0,0.0,0.0,0.0,0.0,0.0,0.0,0.0,0.0,0.0,0.0,0.0,0.0,0.0,0.0,0.0,0.0,0.0,0.0,0.0,0.0,0.0,0.0,0.0,0.0,0.0,0.0,0.0,0.0,0.0,0.0,0.0,0.029784241671058056,1.3785912847518922,0.23949319523151635,12.787179830786933,2.951394752820283,7.247376926074126,16.99567183987356,8.489941422182419,11.157113775289064,15.190361216615134,16.165502157510538,4.03324744132607,-0.4102664547261807,-1.097749223730367,1.22585555985496,0.12786555075272857,0.9422834744555674,1.4750726212471088,1.0712005800663025,1.1344432128423407,1.300607942947794,1.3848281876164226,0.16616473010545318,-0.11539249526275266,-0.43842903097746744,0.5385245465504787,0.010691971793905374,0.5236603928184835,0.5640374420126295,0.5256480145746943,0.5315791438080264,0.5429154252524482,0.5547155051435493,0.01133628144442178,0.6492647310659178,-0.26244219654546086,1.520893497602871,0.3126691294837994,0.8899302461358818,2.1772065655001547,1.1496644158666576,1.2890444367022456,1.693267853488848,1.9203670227959027,0.40422341678660234,0.1318529987363614,-0.4901776392097883,0.611822815960887,0.2474150978585559,0.3836053194549561,1.249603560719621,0.39726180070005507,0.42101732867579866,0.6654160964166125,1.0131661609879838,0.24439876774081382,1.3535945331389638,0.78853062200518,0.29147451598552765,0.04053201223881668,0.2123424102259519,0.346587964079234,0.23279754675580835,0.2681682690811943,0.32267296241967625,0.33847301107677547,0.05450469333848196,-0.465992330125391,-1.020740277652978,0.2952448207115814,0.05122596055181931,0.18236837199938863,0.363325265325758,0.21031208912216232,0.2855381945434802,0.33138229330161,0.352115493586353,0.045844098758129836,-0.8170922474596846,-0.425094367151595,0.06532325698040252,0.004457533997381085,0.05736255340218613,0.07220033986074167,0.058503918232630896,0.06262601428399489,0.06885166977297918,0.07067758287085628,0.006225655488984294,-0.37988153116933443,-1.007650943442351,2.3125925925925923,0.15472788066333984,1.9546957671957672,2.638227513227513,2.177397486772487,2.2433862433862437,2.3511904761904763,2.5677579365079364,0.10780423280423257,0.29260082688274913,0.3540686936151354,0.14400000000000002,0.057131427428342804,0.1,0.3,0.1,0.1,0.2,0.2,0.1,0.8792935233528817,-0.23298731257209093,304.2635071972443,157.97788524574506,175.43379037501026,667.2674683222211,186.0285525948254,197.03168568581245,308.9251750390101,583.3853275364097,111.89348935319768,1.2769961882011598,0.007390227202800581,2.2009148812294006,1.659034593623491,0.0,6.848723888397217,0.7940188050270081,1.0238325595855713,2.970830202102661,4.603958702087405,1.9469976425170898,1.2781337490455056,0.9489212828145654,0.368163486977398,0.18439994968382037,0.0,0.6822443347699212,0.11682627234369466,0.28517734148851304,0.4927706949178539,0.6408067649541102,0.20759335342934088,-0.046370247636681704,-0.652475623265663
wdf_fake_45,1,5.057752799617867,2.630312943951765,0.4958208761414564,7.277973574137068,2.98766897140924,0.23252204406103083,0.2169152897209697,0.07396248308514955,2.025467826019297,0.12352941176470589,221.98841113125786,2.6806554706657635,0.3354968501603985,0.0,0.0,0.0,0.0,0.0,0.0,0.0,0.0,0.0,0.0,0.0,0.0,0.0,0.0,0.0,0.0,0.0,0.0,0.0,0.0,0.0,0.0,0.0,0.0,0.0,0.0,0.0,0.0,0.0,0.0,0.0,0.0,0.0,0.0,0.0,0.0,0.0,0.024147815464541148,5.30759065992692,0.36715030089838874,5.057752799617867,0.3756394921429648,4.519781619980051,6.158725620121534,4.665513586978651,4.809624854770229,5.231146537058399,5.396478473795679,0.4215216822881702,1.1850341653139207,1.9698180699765198,2.630312943951765,0.5947663031068606,1.9809296819466318,3.7710977856760195,2.081484920741686,2.1322921965630433,3.0286594726986364,3.5188895479794557,0.8963672761355932,0.6965611796774566,-1.0935357613638172,0.4958208761414564,0.035541393614306756,0.4170661647447895,0.5352867548244518,0.4417148888611063,0.4770076904588947,0.5253772148100659,0.5303977727891692,0.048369524351171256,-0.8893965822766714,-0.38148885047245873,7.277973574137068,3.380595588247964,3.9294383527245333,14.223455911916618,4.3373562136848,4.550094239604194,9.175755020926802,12.385504831833087,4.625660781322608,0.8287682448508442,-0.8798040669401352,2.98766897140924,3.1695543938101403,0.42906027831889865,13.703052958213052,0.5279151117727943,0.6757374427352446,3.7239968714663934,5.1387384516734675,3.0482594287311486,2.2076670069207838,4.91549383442305,0.23252204406103083,0.009461840063446927,0.21685660311805335,0.2507685936127348,0.22209213927351842,0.22673235759029337,0.2356913966644025,0.2462810006421402,0.008959039074109137,0.39531646140890014,-0.37444845411403804,0.2169152897209697,0.024988405866827483,0.17745254477216718,0.27430362787964835,0.18043725940152525,0.20872231196189267,0.2268635801490991,0.24370275057768756,0.018141268187206433,0.23165258013379353,-0.1100125406662329,0.07396248308514955,0.0024494881036249082,0.06933949856471411,0.07854622449213697,0.07068433056565271,0.07282948503195766,0.07592687598289072,0.07662936446569078,0.00309739095093306,-0.08951376631884132,-0.6942074870081321,2.025467826019297,0.13319656459899684,1.7594246031746033,2.253968253968254,1.8603339947089947,1.9736276455026456,2.1318617724867726,2.2068617724867723,0.15823412698412698,-0.05169592318564402,-0.5635986153419719,0.12352941176470589,0.04241825029957635,0.1,0.2,0.1,0.1,0.1,0.2,0.0,1.2480754415067654,-0.44230769230769296,221.98841113125786,35.35686658368282,177.60698647626512,286.7592546732541,186.22776827767592,199.85308367693645,236.40331501231213,279.7783752208936,36.550231335375685,0.6917839721919954,-0.9496743611095853,2.6806554706657635,2.102020267086638,0.0,7.665035724639893,0.47181663513183597,0.8601644039154053,3.8475117683410645,5.215517234802246,2.987347364425659,0.7111696447969215,-0.36631473096618494,0.3354968501603985,0.16230147456693686,0.0,0.7328513781228944,0.1783669338528525,0.2588014800046413,0.4170137444067605,0.4974553204804835,0.15821226440211916,0.35790500843930384,0.5269406850761214
wdf_fake_90,1,8.832151879713384,1.6729596332488972,0.5212931722173831,2.8579835865837366,1.497354548075143,0.2663339350157992,0.1027865768622797,0.0713281097411312,2.2182181437389774,0.21000000000000002,406.96280879359466,4.439786565303803,0.43549660744436025,0.28603753086242384,0.2559717364159476,3.425199292487915,0.0,0.0,0.0,0.0,0.008712261555040715,1.3620540002103854,0.8410531780078807,0.1253773750038312,0.46749851927067076,0.9382664020538142,3.506890593868649,0.0,0.0,0.0,0.0,0.0,0.0,0.0,1.832774665981951,5.467269119986187,0.03155805650067319,0.9357188998586812,5.664837015086207,1.4641348356633561,1.1220300410625166,13.961260113608292,0.2032186788358512,0.0,133.33333333333334,0.9402620819154343,-0.154331114983819,26.264808932168837,19.216188659432,0.256231657148997,0.023288516847666633,3.3442785859107973,0.18531571506313083,8.832151879713384,3.0766892468340545,4.532610925924612,14.603510198107882,5.232271700666929,6.220139395791285,11.178231429290262,14.067155478892975,4.9580920334989775,0.4483078998245762,-1.0553710337417828,1.6729596332488972,0.23763872806777697,1.2213323643456167,2.217151181459414,1.393794567769123,1.5054139922669707,1.736457167951525,1.9524611770314526,0.23104317568455435,0.2887279400557138,-0.13252124352101324,0.5212931722173831,0.011731142970888949,0.5025806317880086,0.5430871817167846,0.5044126329978613,0.5128790712540774,0.5305444342348327,0.5369991325957623,0.017665362980755273,0.17435537761550968,-0.9629179094855362,2.8579835865837366,0.8150095319160942,1.4943878643300608,4.918777257632137,1.9469673850455624,2.2691656812933343,3.018136687692209,3.814845620537912,0.7489710063988748,0.6595382950813408,0.19400314249415151,1.497354548075143,0.31050743951959014,0.9850453291896878,2.1587816325763427,1.188998698898635,1.297658718858661,1.693052925882405,2.034420608513667,0.39539420702374395,0.5818642137455,-0.5530632541605889,0.2663339350157992,0.051415726494489555,0.18974629002353377,0.35741261535098456,0.20482462359541273,0.22219387760258835,0.30729267742019234,0.3502000495978202,0.08509879981760399,0.34043869673776156,-1.16844765408394,0.1027865768622797,0.0341832864802129,0.03862541807534944,0.15826338122062222,0.0574126680336684,0.07556480803174455,0.13813639174720432,0.1428923769008151,0.06257158371545977,-0.11890415336640062,-1.2711372097218683,0.0713281097411312,0.0028229189376496235,0.06539089651076749,0.07648798893163963,0.06767006533055063,0.06939228219711452,0.07360374771913131,0.07446568798593137,0.0042114655220167885,-0.3094571415338061,-0.6260219505613245,2.2182181437389774,0.16040345309988346,1.921709656084656,2.589368386243386,2.014194775132275,2.094225363756614,2.2669684193121693,2.4568865740740744,0.17274305555555536,0.27968991714551644,-0.3043362163957557,0.21000000000000002,0.08698658900466591,0.1,0.4,0.1,0.125,0.3,0.3,0.175,0.4132491798471192,-0.5331754934114761,406.96280879359466,56.92605121983459,310.9713209188639,565.0321751025261,355.21949660311054,364.8640455454786,430.58704506994064,484.2710746188858,65.72299952446207,1.016104825600537,0.6414585907884542,4.439786565303803,2.7956491398331393,0.0,10.231768608093262,1.026367473602295,2.364819645881653,6.3475329875946045,9.39073133468628,3.9827133417129517,0.4979665481617019,-0.6549831573918605,0.43549660744436025,0.23378784822203286,0.0,0.871712382752586,0.13281588366708277,0.2509388019077684,0.6415627309368335,0.7492335117683762,0.39062392902906506,0.09007563044090423,-0.955530577603847
wdf_fake_48,1,10.689620490143586,1.6826778912784581,0.5324634829145617,2.948949010328147,0.3791707282828251,0.30272059440018706,0.25680592809411595,0.06669929764327477,2.6404376102292764,0.15666666666666662,225.12017729428413,1.619452603161335,0.3779321359087468,0.46716685017708265,0.19923725391589114,4.225723365159773,3.518450998236553,2.888260931752779,-0.1552577667448957,9.406607328285396,0.01306703162460713,-10.685666914099317,0.9270474970251076,0.08045049789894274,0.5762126958321186,0.9633640146149695,2.9492553957185974,0.0,0.0,0.0,0.0,0.0,0.0,0.0,6.725098177920914,28.80710060909739,0.12054077587640365,0.9618446955176524,4.0400390625,3.647252821502169,0.5251579679512035,9.990303658793604,0.02733512097925973,30.0,433.33333333333337,0.9009917440721756,-0.13859161440155457,14.811345431456813,13.634047421240536,0.6111751975901025,0.013303615761487135,2.0415738115708035,0.06871125146631996,10.689620490143586,2.7573658159188095,7.08284158969637,18.02137436872889,7.662585425402728,8.660109025438299,13.19359790822734,14.403115331317103,4.53348888278904,0.5933908976211294,-0.6810572857634054,1.6826778912784581,0.3342371920940159,1.162034436927081,2.532833489133309,1.3400416688059942,1.4078674340742714,1.8869719500055,2.1492196380884567,0.4791045159312286,0.8062358119295715,-0.07230242834466782,0.5324634829145617,0.0180916988967635,0.49218178611898744,0.5957904209891818,0.5132754090105822,0.5193696274752087,0.540591874482423,0.5538521302800847,0.021222247007214312,0.8373551687948886,1.5298780064766069,2.948949010328147,1.2233110621533276,1.3559684456901784,6.420385908779261,1.7972375805254903,1.9874073599643596,3.5690359519716135,4.634307922020035,1.581628592007254,1.158063376902856,0.6801079013842988,0.3791707282828251,0.3126055184287438,0.06905805376102363,1.287998760709421,0.08595041149022004,0.13023654593547362,0.5739111486686813,0.8399232230314335,0.4436746027332077,1.0124276506159855,0.12212568260237644,0.30272059440018706,0.02982046541634348,0.21896039842178594,0.3845795120629846,0.27102177094326785,0.28302688161714096,0.3195552429797248,0.33252083767312557,0.03652836136258386,-0.3014165345480344,1.2777913502569387,0.25680592809411595,0.06047664294449238,0.17857658123601552,0.3750645233848826,0.1918557558955525,0.20350690587980397,0.31727143680731323,0.3332111633305497,0.11376453092750927,0.3223898110256358,-1.3891289572025376,0.06669929764327477,0.0035888761623480256,0.057343742566809894,0.07485998690654079,0.06264490783835101,0.06460834884016783,0.06839871035618562,0.07195603526598374,0.00379036151601779,0.06527911827714358,0.18612108959826035,2.6404376102292764,0.3531362065771558,1.9781746031746033,3.183366402116402,2.1349950396825395,2.2857142857142856,2.935495205026455,3.1079199735449734,0.6497809193121693,-0.22699003948006022,-1.1072480457519187,0.15666666666666662,0.06674994798166928,0.1,0.3,0.1,0.1,0.2,0.21000000000000016,0.1,0.7641327121389617,-0.5317504244376563,225.12017729428413,63.76116968104827,96.34616563800978,330.1008606578256,125.17486672049665,169.1154971237484,275.17932243271053,283.33212948891537,106.06382530896212,-0.5249832486953496,-0.9402633641852889,1.619452603161335,1.1504146969468005,0.0,5.495558738708496,0.5141410976648331,0.8764091730117798,2.0717379450798035,3.0505744934082033,1.1953287720680237,1.4986761744152828,2.3558520153283666,0.3779321359087468,0.17101258483875384,0.0,0.7979768957240143,0.1669556299943381,0.27357354235647247,0.5056318748020953,0.5913159510405432,0.2320583324456228,0.3228554686296267,-0.11725099990500176
wdf_fake_349,1,12.53722592490647,1.185819514955161,0.5534405991328455,1.4368387745284246,0.33901124744322303,0.3387719565514595,0.20626056867699646,0.06494675860200463,2.3236469356261025,0.14666666666666664,302.54535025657094,1.4245223492383956,0.38246924834897744,0.5634333728782935,0.12565059556350547,3.300635307656894,0.0,0.0,0.0,0.0,0.0038831819267544096,1.3488252587981409,0.9216543818996127,0.07225094833928201,0.6500131001843046,0.975181810480575,2.9735572609709795,0.0,0.0,0.0,0.0,0.0,0.0,0.0,7.887102878648893,4.430013451799136,0.0398648987119482,0.9630408195241356,3.3193359375,0.7877948540566605,0.8320175296814459,23.705667909199363,0.03303217363824636,0.0,333.3333333333333,0.7750205304489808,-0.15375161128888443,22.2902506589853,9.97903520151194,0.29277381844271677,0.02210430640624295,0.9155770421028138,0.06699998494121095,12.53722592490647,1.7522789378324175,9.569268163258725,16.62377679573623,10.782377979403085,11.556814047012288,13.248916897821434,15.33003798142887,1.692102850809146,0.8839177137933928,0.1813396378923855,1.185819514955161,0.17441209839888963,0.9098640878805213,1.629783114112923,0.9597647211217609,1.0424606038252813,1.3239840252712405,1.3699304963137529,0.2815234214459592,0.3488112225409867,-0.36683886842613234,0.5534405991328455,0.01424521614369138,0.5216494303767485,0.5767013620698858,0.5377692361502404,0.5435576703339235,0.5668614115478419,0.5711263097771527,0.023303741213918316,-0.14175701179576683,-0.8352629738878821,1.4368387745284246,0.42586226439853153,0.8280883971663233,2.6561999560398153,0.9213647502359038,1.0870191915671479,1.7530428790693287,1.8777102315657526,0.6660236875021808,0.6885838534054871,0.31800890241596846,0.33901124744322303,0.20067877532080358,0.1302692244887617,0.8844739794133828,0.16051598432596356,0.19253345076102635,0.4877851446119006,0.6267524745138222,0.29525169385087424,1.0727214410246737,0.10192626893371459,0.3387719565514595,0.023192027710419852,0.29521755482914236,0.38937607059824353,0.31330651718490915,0.32340113686746863,0.3503710125860956,0.37171533203208607,0.026969875718626968,0.5407017308464779,-0.24444585788615347,0.20626056867699646,0.012044345088080867,0.18254046696692044,0.2383100531650945,0.19497503766294913,0.19723429639069312,0.21328653696954836,0.22470091157743857,0.016052240578855237,0.5824658114401914,0.11845858587213964,0.06494675860200463,0.00499821852493848,0.057534118830205344,0.07463890289771333,0.06002479897469991,0.06052678299613311,0.07003302410124881,0.07241192515918783,0.009506241105115706,0.45404137043597836,-1.0427487202279568,2.3236469356261025,0.25228693910375244,1.871362433862434,2.6723710317460316,1.9834242724867723,2.0970362103174605,2.5438368055555554,2.608258928571429,0.4468005952380949,-0.33271979190595835,-1.3052770026233504,0.14666666666666664,0.061824123303304696,0.1,0.3,0.1,0.1,0.2,0.2,0.1,0.9730026977426547,-0.09816116819902687,302.54535025657094,39.333272239283005,232.04502876925363,385.2319389179764,258.017225713477,269.09365141680837,328.5399884009712,366.3539204445376,59.446336984162826,0.3066072508816082,-0.7356714464278196,1.4245223492383956,0.7483507124262035,0.0,3.521627187728882,0.7941818356513978,0.9298620373010635,1.8838969469070435,2.400008296966553,0.9540349096059799,0.7616544079588755,0.34184928390986746,0.38246924834897744,0.18061628449300016,0.0,0.6727844746745922,0.1457989282858345,0.2289204062956717,0.5329298562690106,0.5989531930709125,0.3040094499733389,-0.2082898845036414,-1.1241372996081842
wdf_fake_96,1,2.6550996462440906,0.7574505040929538,0.6178812188064149,0.5851357517980375,0.5175546116162214,0.1441893153358073,0.05688495656257617,0.08210804795683498,1.4558779761904763,0.1066666666666667,505.8356948575386,1.213219901919365,0.2527603889273081,0.34255432893479343,0.20425642869418345,3.272296178603185,0.0,0.0,0.0,0.0,0.01136596707906865,0.5432141733755946,0.7300944080849361,0.13693253284458912,0.4295487074301992,0.33184480326679333,3.0062389273484835,0.0,0.0,0.0,0.0,0.0,0.0,0.0,3.1329077603795232,4.674161455354065,0.018943493381848333,0.8890645279312166,5.390759698275862,3.5286787588268482,0.826003419055789,22.24210409184834,0.3368184351514903,0.0,133.33333333333334,-0.026252655411082727,-0.1819563214521165,13.539546259782426,7.849701630915702,0.2221778252545901,0.009312859516074164,0.7034733965992928,0.23119779024266018,2.6550996462440906,0.5051351330424507,1.4867996785762725,3.4935652908125014,2.0682661205187185,2.363325009303786,3.029744636808473,3.372349537766873,0.6664196275046872,-0.32348381335878096,-0.39324492874466843,0.7574505040929538,0.10156706483129274,0.5166127814662195,0.9545022448873177,0.6272779270822904,0.7137195390579538,0.8037258333101006,0.9003926974633024,0.09000629425214679,-0.4033508780781622,0.25106838092840444,0.6178812188064149,0.02704196230935918,0.5751991791672388,0.691742296440929,0.5919603416194792,0.6020310263350526,0.6269180701758618,0.6505254608321224,0.024887043840809198,1.0805126978164874,0.9617105913776571,0.5851357517980375,0.15119142610325972,0.26723227615337,0.9130926236920295,0.39421135305941124,0.5096273542840519,0.646939262675957,0.8141834531769401,0.1373119083919051,0.030534679333590338,0.021107710687314984,0.5175546116162214,0.38405894760268405,0.20973565751129544,1.826493293062599,0.2701039795780683,0.3011429421752175,0.567790708684955,1.1377751488648735,0.2666477665097375,1.953145418417259,3.0756074447688357,0.1441893153358073,0.013126181087481141,0.10747154336374697,0.16537688481785032,0.13005354952879877,0.1370053355235739,0.15321046786725245,0.16143290447853917,0.01620513234367854,-0.7341253976669043,0.4720230325450707,0.05688495656257617,0.02812037822816468,0.011957884148756391,0.14055971318172686,0.029632278613977065,0.03649593463627699,0.0720316162356266,0.08027356856065908,0.035535681599349604,1.129910325759329,1.382091293933568,0.08210804795683498,0.004582437014527688,0.07300959587251499,0.0922053224284451,0.07703013096711417,0.07892187930283177,0.08523695844438646,0.08794324997546007,0.006315079141554686,0.10588552374942717,-0.4686593460303441,1.4558779761904763,0.25190072439919475,0.9139384920634921,1.9007109788359788,1.1172205687830687,1.2409474206349205,1.6538938492063493,1.6928240740740743,0.4129464285714288,-0.45177132394554953,-0.7892568799453068,0.1066666666666667,0.024944382578492942,0.1,0.2,0.1,0.1,0.1,0.1,0.0,3.474396144861516,10.071428571428562,505.8356948575386,56.05078663794631,288.51797859613947,617.3726678840736,474.7356134612328,491.58479028377747,535.9394233721241,552.3194153395701,44.354633088346645,-1.8880888492134176,5.78708911896711,1.213219901919365,0.6199118009838386,0.0,2.9195926189422607,0.6077220886945724,0.7339296042919159,1.6366832852363586,2.1212103843688963,0.9027536809444427,0.6325663150061246,0.25765534072750107,0.2527603889273081,0.13352920760500697,0.0,0.584768949428349,0.1142372888191943,0.15906698659662616,0.33033177747161485,0.4141194546605168,0.1712647908749887,0.49614585055115773,-0.011176398238291974
wdf_fake_0,1,6.91861336237832,1.2739007745320297,0.5557615528325118,1.7103276867181063,0.4607884382296706,0.2520414869536151,0.11662286837794865,0.07450888460030253,2.1261946097883597,0.11833333333333332,320.52297062085665,3.89211190144221,0.21611929570298125,0.13631679003193964,0.11396689141529721,4.329269231010126,4.062848593077432,0.667482075807054,0.796139246415402,2.574726039953813,0.005272966719289642,1.4786083200615578,0.2947451705894969,0.24729019881067787,-0.12176364751059317,0.5796547731808634,3.4695767444315426,0.0,0.0,0.0,0.0,0.0,0.0,0.0,10.440220720645621,13.866354444185392,0.09920949470566365,0.30333028472794377,34.396682997881356,12.637324910209239,0.2654581363666614,8.095257486497383,0.26097791054686736,0.0,0.0,0.7602367858241433,-0.08815482051871193,17.133166490568577,20.357458665394255,-0.02124329662631352,0.02796023673120578,1.294958309829235,0.602271085395327,6.91861336237832,4.971980703672145,2.125025450834484,25.921824463775117,3.512182662390938,4.2493181099795985,6.533040159078851,13.234477523367813,2.2837220490992527,2.2705864703944103,4.968247998911566,1.2739007745320297,0.2909942904639413,0.7734081600193605,1.9270920612213331,0.9794415055567498,1.0094511579729686,1.5827746180193787,1.6629718319127735,0.5733234600464101,0.3694828120563676,-1.2773421068268858,0.5557615528325118,0.02885195370039951,0.5009838445096351,0.6049788011491388,0.5138249278421947,0.5257801775166049,0.5783674774184939,0.591913855860987,0.05258729990188904,-0.2641641070920855,-1.1139369016168326,1.7103276867181063,0.7760819007751767,0.5982210759514598,3.725553419730886,0.9601751109843096,1.0226357916548505,2.5098861706053497,2.766233768628761,1.4872503789504992,0.5654201967326011,-1.0125305454833806,0.4607884382296706,0.3519176857576883,0.04139697318722198,1.510047828128362,0.06751288628828936,0.21413015597505508,0.6862705404277376,1.0074946008019778,0.4721403844526825,1.0379556904123366,0.4962469095454476,0.2520414869536151,0.0862164961295471,0.13945538461923815,0.4787799244718648,0.16039097215384765,0.18250053198287539,0.2845271672684853,0.3945242058600189,0.10202663528560993,0.9375323091900482,0.006575577810626676,0.11662286837794865,0.06269311034240652,0.011050197051246772,0.26314993045935725,0.03464444699096705,0.05210762061998398,0.16176634020552078,0.19511091010407955,0.1096587195855368,0.11965699473760662,-0.823752469883579,0.07450888460030253,0.009330289835274548,0.059659092354916725,0.09323720851158315,0.06559387279617536,0.06742628339615878,0.0826208327401377,0.0894266027524479,0.01519454934397893,0.6559011351935286,-0.8158964217137115,2.1261946097883597,0.6584473306983398,1.3226686507936507,3.835482804232804,1.3600363756613756,1.7263558201058202,2.3933531746031744,3.1996527777777777,0.6669973544973542,1.0580109632596209,0.4755444662690227,0.11833333333333332,0.04278499217664478,0.1,0.3,0.1,0.1,0.1,0.2,0.0,2.2534480740691674,4.43656066003348,320.52297062085665,181.77984487023795,31.076413536245706,776.4441288168981,90.50503524230199,204.90757129768238,446.40944061708154,589.7602268039926,241.50186931939916,0.603176004435934,-0.05165091728917659,3.89211190144221,1.55140807998137,0.0,7.762007713317871,1.7509202837944031,3.0326568484306335,4.864124774932861,5.437747192382813,1.8314679265022278,-0.3419757348420489,0.2607972257263347,0.21611929570298125,0.11792075891521381,0.0,0.5845416366994785,0.07552829121118476,0.12387739760231298,0.2711811490921942,0.36305237326012846,0.14730375148988123,0.6922951609878094,0.6946289496704674
wdf_fake_30,1,10.330943270871463,1.3339731185683634,0.5502789286269265,2.0237635623485604,0.26509371449712776,0.27300063911468886,0.15783765137164726,0.06288693755316636,2.5446704144620806,0.13333333333333333,508.6603572132459,1.67674898331364,0.499088819528392,0.41897511717816677,0.2905133408855754,4.093046919625203,4.607738323512378,0.02866653603730044,-0.7526819201240078,0.0,0.007728572603256244,1.0841768668931326,0.900638600308182,0.16648179536213503,-0.03285426264892502,0.9209646216500963,3.2947396614592925,0.0,0.0,0.0,0.0,0.0,0.0,0.0,6.507021123247664,6.085692928106526,0.057658271220803754,0.938727300544181,7.94287936970339,4.221864757254704,0.6450507369433409,5.666172337958282,6.23053248707206e-05,30.0,233.33333333333334,0.2872470049235085,-0.18910335363258213,18.983760716814327,34.07610963688515,0.5841561957661202,0.014789912644478025,1.971184895435969,0.12588142577569217,10.330943270871463,5.469367916186001,4.0884813980112895,18.067820761471857,4.605723959166942,4.90334874061313,15.675178943869668,16.884865676754526,10.771830203256538,0.06960134180521475,-1.8786271605384322,1.3339731185683634,0.4904724637273258,0.6718398426101588,2.025663128191867,0.7992408138161399,0.8499755050511427,1.7793841158797252,1.9026150357249367,0.9294086108285825,0.044628226197801914,-1.8398272144103711,0.5502789286269265,0.03970487889020227,0.49667743897321914,0.6125631116826799,0.5071793294871142,0.510923911881668,0.5893383856456129,0.5956943697306367,0.07841447376394495,0.05772894871205339,-1.8161681140875627,2.0237635623485604,1.3253922952787,0.45252233753260446,4.106364982025799,0.6397571649832187,0.7229134581124516,3.172709734244785,3.6303595244331994,2.4497962761323335,0.1364086842529986,-1.7567710090122486,0.26509371449712776,0.2160230342698728,0.060197271035040516,0.8321981149991707,0.06578322760777848,0.07343866948877348,0.3648994380477648,0.5333499307983296,0.29146076855899133,0.9259460622443921,0.052106053125652085,0.27300063911468886,0.051410896608736954,0.20148345436677131,0.35487673371196765,0.21700146850738672,0.22206261869219093,0.3241338517936162,0.33754047733050707,0.10207123310142527,0.11187891801424739,-1.6833636146333912,0.15783765137164726,0.026529405647198766,0.10728557808117313,0.22634191463121067,0.12114322225425306,0.1338099845850416,0.17599802645069904,0.18385719262627387,0.042188041865657444,0.01939179348231552,-0.40106331173259946,0.06288693755316636,0.006738934210154689,0.05162209703298307,0.07555183063273502,0.055405849197002435,0.05651446158919331,0.0694922898693653,0.07125185651006141,0.012977828280171994,0.048609499472285864,-1.5032831138479543,2.5446704144620806,0.9573020981033267,1.2895171957671958,3.8956679894179893,1.4431547619047618,1.6712756283068784,3.4792906746031744,3.682225529100529,1.808015046296296,0.059848107118219515,-1.8324050658280047,0.13333333333333333,0.056764621219754674,0.1,0.3,0.1,0.1,0.2,0.2,0.1,1.4984240084168297,1.2449464922711044,508.6603572132459,257.48358697818446,161.94313593243942,854.4455534051415,233.5003736281165,271.64791012228403,793.7326910930266,817.9767624060634,522.0847809707425,0.11303758423916185,-1.8081402541224358,1.67674898331364,1.2984444140588285,0.0,6.2584662437438965,0.4092726588249207,0.7542803734540939,2.38114333152771,3.543497824668884,1.626862958073616,1.4603058076790223,2.2399459026578628,0.499088819528392,0.23805813619095398,0.0,0.906997289693998,0.1681455248903541,0.2630175200923339,0.6859359922450731,0.775433417767332,0.42291847215273914,-0.2694374367884071,-1.0724162954360443
wdf_fake_138,1,13.29681758168629,1.3378296163761212,0.529439431122151,1.817395692599604,0.3802755967224104,0.32991544112136517,0.04161854577465758,0.070656618051654,1.8917272927689595,0.11000000000000004,448.7920118951193,3.4725242892901105,0.5543509482854991,0.2065826570544391,0.22405736578218147,3.422212049992731,0.0,0.0,0.0,0.0,-0.002036536952618253,-0.2518682398566252,0.8857065682560885,0.10426952689801632,0.621167203338554,0.9667759634570336,3.139572260537024,0.0,0.0,0.0,0.0,0.0,0.0,0.0,7.4244863919621435,8.505891593006364,0.06731187176210982,0.9828916308943967,3.6587419181034484,1.56201165277315,0.9789681333357473,28.98324958250921,2.1722838342933906e-11,0.0,0.0,-0.10394367095740302,-0.16242540246117568,21.710149659748176,11.31627921008148,0.18612497828481386,0.030410205179551182,1.9845862984657288,0.2088372125508522,13.29681758168629,1.971115971142433,9.950801016757442,16.734164378799,10.39843144906288,12.106001407103758,14.600218482881509,15.766625465559981,2.494217075777751,-0.11930681453709298,-0.9960539688695573,1.3378296163761212,0.16536307111662574,1.06159979841383,1.6043295784110365,1.091001171349252,1.1839924429362711,1.4555101539007127,1.5526005551158368,0.27151771096444155,-0.14931599684333724,-1.1896742081331595,0.529439431122151,0.017347289176913278,0.5030562573112277,0.5646692069918373,0.5074244823374051,0.5164996756641564,0.5421753128231789,0.5528232262437002,0.025675637159022435,0.3590547551153512,-0.921414558817625,1.817395692599604,0.4389517222266642,1.1273557577616466,2.5742835218363194,1.1908107164648896,1.4030486395016237,2.119067889150538,2.4107073939136656,0.7160192496489142,-0.00043902406235400205,-1.18223029692881,0.3802755967224104,0.08775927533342487,0.23122994024000681,0.5667643299350619,0.2525285867611025,0.30116426777231026,0.4334613070762557,0.48663506717116833,0.13229703930394543,-0.047999084535596204,-0.8584238864293705,0.32991544112136517,0.020537758015587732,0.29177719347260306,0.3627454778793497,0.29832076833458565,0.3171054555867534,0.3422930411846227,0.3555815733271696,0.025187585597869322,-0.3272644006669694,-0.8802440267081288,0.04161854577465758,0.030353933279227092,0.0018757772804989103,0.11818874849308358,0.00703145337067403,0.01731531906624508,0.06567461165782845,0.08172132991523061,0.04835929259158337,0.6341594803325421,-0.5212205141431685,0.070656618051654,0.0021963002900850376,0.06683249968964945,0.07607501291956807,0.06807611995353358,0.06910813356367722,0.07235677148878038,0.07376745751371871,0.0032486379251031594,0.47878733900115367,-0.4371741569324983,1.8917272927689595,0.14125103423331595,1.558862433862434,2.120039682539683,1.7006613756613758,1.8000165343915344,2.0220940806878307,2.0557622354497354,0.22207754629629628,-0.42948653617564864,-0.48288356676199484,0.11000000000000004,0.03,0.1,0.2,0.1,0.1,0.1,0.11000000000000015,0.0,2.666666666666664,5.111111111111098,448.7920118951193,59.000240806905865,345.6444411210627,560.9007720772153,378.45305945089643,407.3837271690886,507.5311005762733,529.2082896834623,100.14737340718466,0.1941129750669543,-1.2155539313537744,3.4725242892901105,2.7789639919786153,0.0,10.803956031799316,1.0274826526641847,1.3468555212020874,5.515331506729126,7.116296100616455,4.168475985527039,0.9515294046022684,-0.1578242662248419,0.5543509482854991,0.2546262827723939,0.0,0.9344685471084337,0.1809150838929112,0.4326434012042587,0.7455456315571578,0.8566783185310246,0.3129022303528991,-0.4509991646917199,-0.6603796266427318
wdf_fake_128,1,11.040377513543259,1.15126091532864,0.5537899548645769,1.3475926871928605,0.501520023363095,0.3258352970796052,0.12133750938609393,0.07146306147359796,2.315090388007055,0.14333333333333337,190.16534780095688,2.6379100382328033,0.5006237085428652,0.4026920029560424,0.23363991674968942,3.3542707457742824,0.0,0.0,0.0,0.0,0.011956755362166113,3.892072924168198,0.9154511099624766,0.09551399040202532,0.576813896331276,0.9728630478665009,3.18989809401422,0.0,0.0,0.0,0.0,0.0,0.0,0.0,4.278122024766355,7.8286803963222376,0.03734932454792264,0.9197696375098838,7.107253502155173,1.2532142147236924,0.9960531849762024,16.554376402610913,0.6331207263912196,0.0,0.0,0.7247270958066944,-0.16014777231554,17.21929173635061,9.758049900887789,0.4078456901437301,0.008369635995982077,0.9551765104134877,0.11577262606462557,11.040377513543259,1.3073529465727014,8.803204206405587,13.561422521020377,9.322712884329311,10.239592037109235,12.15036188634884,12.646750211361292,1.910769849239605,0.06133219125569743,-0.9355449203693955,1.15126091532864,0.14833737946892137,0.9116947546992684,1.4403212083062666,0.979867498952208,1.0496363612935364,1.2487933530918707,1.3757000784640117,0.19915699179833424,0.37941726752271776,-0.9460652037519242,0.5537899548645769,0.012761936514192164,0.5258437325061219,0.5793416289793103,0.533765352236248,0.5478013313425417,0.5639359870407169,0.568343874383462,0.016134655698175182,-0.4053707518931763,-0.4149445415609274,1.3475926871928605,0.3506810503823544,0.8317130307467057,2.074999198383942,0.9601406930268909,1.1017543084600452,1.5599183328743362,1.8931345326537923,0.45816402441429105,0.5490675220344924,-0.8320926597472429,0.501520023363095,0.12952051519628305,0.2711564429765085,0.7105042477683621,0.33305634746339213,0.3746418781218734,0.5918216883576981,0.6603220506899674,0.21717981023582472,-0.11467549108769237,-1.2492355595680795,0.3258352970796052,0.0222220287535435,0.28931490067081433,0.36660817440728527,0.29711043351601657,0.3114188280046171,0.34452894551255264,0.3546678330827243,0.03311011750793552,0.15119842468431932,-0.9502574042265941,0.12133750938609393,0.03662673891546657,0.06855722700611563,0.19593599865686157,0.07800944520559255,0.08621895132849794,0.14640772774461294,0.1822215274858949,0.060188776416115,0.4654928597666395,-0.8234172613229624,0.07146306147359796,0.0019405699066580354,0.06762476795119018,0.07483399110693491,0.06862561936098395,0.0700324705486392,0.07313140657397997,0.07406662340158787,0.0030989360253407677,-0.08307387691621843,-0.9889029910546232,2.315090388007055,0.16899609045355182,1.879381613756614,2.5482804232804233,2.0678488756613755,2.202380952380952,2.4591807208994707,2.5011987433862433,0.2567997685185186,-0.8415826219659995,-0.021832452938476354,0.14333333333333337,0.055876848714134036,0.1,0.3,0.1,0.1,0.2,0.2,0.1,0.8372929344684495,-0.33517812591026264,190.16534780095688,33.79186082359882,138.59123820408504,284.84283674941963,155.9603627395689,166.43980160957958,219.95273199768346,231.81136783987483,53.51293038810388,0.9183443179069941,0.1890993025132386,2.6379100382328033,1.9397407646633624,0.0,8.410911560058594,1.0362895607948304,1.327961802482605,3.223985016345978,6.081436920166016,1.8960232138633728,1.5268468736330134,1.681125186244449,0.5006237085428652,0.22537842088907264,0.0,0.9108457883720122,0.2465671757977042,0.37008704833745626,0.6889765669748249,0.7826313624302407,0.31888951863736864,-0.09380512791016477,-0.5457776333968543
wdf_fake_80,1,6.134880076693952,1.6769917987413627,0.5159488622215618,2.8614561288466924,2.372878307048585,0.19849683759484907,0.2354042599896938,0.06582899471573408,2.063106261022928,0.14666666666666667,579.2204494786488,2.3010735273361207,0.3008746362821878,0.427345442393634,0.2542593845275946,3.309958173250731,0.0,0.0,0.0,0.0,0.001158343558648844,-2.637735110754451,0.8281890777574167,0.17691033342169682,0.315294804710018,0.9239755224966708,2.7898980943037484,0.0,0.0,0.0,0.0,0.0,0.0,0.0,5.793858484663455,8.270364383061652,0.029742457659531873,0.8522538542368624,6.476730872844827,3.7776775759505874,0.8839592223127455,17.529139749530234,0.6853740737247416,0.0,100.0,0.6990272880020686,-0.13135610828195915,18.161026875416447,14.69140360254931,0.3517394374862457,0.023775189350626568,2.6143284598986307,0.2125464492314767,6.134880076693952,1.6123377265814298,3.147000270628888,10.47042254711218,4.058185483098838,5.3989590762454815,6.908560743172288,7.967052536749434,1.5096016669268062,0.8127747267358653,1.1187011689476831,1.6769917987413627,0.19392218752858736,1.147452856362719,1.974706225432073,1.4152343545424786,1.5592805499923703,1.813181877272224,1.8884585310239579,0.2539013272798536,-0.7402835801421361,0.1901688657274132,0.5159488622215618,0.013022769311826998,0.49676394409481095,0.5422741828249238,0.49993202406581333,0.5061971556396937,0.5255063270241667,0.5347373306389236,0.019309171384472967,0.49460260616669094,-0.9249514972361732,2.8614561288466924,0.6266584695319136,1.3209903593339176,3.9157349154089385,2.0086737780372177,2.4392929893082447,3.3029737382991353,3.5772748917962094,0.8636807489908906,-0.4582486407784574,-0.2935139222104257,2.372878307048585,1.1301309701608395,0.7427988546684203,4.530981303886481,0.9179225995528407,1.2551644436132547,3.2339520840845317,3.8216868533983077,1.978787640471277,0.04075039806408802,-1.3169080069022765,0.19849683759484907,0.03356939804554931,0.1363026432169682,0.2890777392212405,0.15422187264553655,0.18288962885323057,0.2131864068183799,0.23687154347664116,0.03029677796514932,0.803225692814451,1.1580783285686085,0.2354042599896938,0.03746543095248858,0.15866701386751067,0.29844540921394663,0.19227870174530837,0.20945647325142086,0.25260406318705064,0.28668737560943514,0.04314758993562978,-0.13517301211001864,-0.6300011384803268,0.06582899471573408,0.004418045315397137,0.058996533402123935,0.0728201234730454,0.059356793685655454,0.06114021530041899,0.06957524815682996,0.07117354865244419,0.008435032856410965,-0.2218052310433502,-1.2613102738257136,2.063106261022928,0.151658937197649,1.812169312169312,2.384259259259259,1.8815145502645503,1.9436177248677249,2.204592427248677,2.2523561507936507,0.26097470238095233,0.3145125425169804,-1.0040804822153704,0.14666666666666667,0.06182412330330469,0.1,0.3,0.1,0.1,0.2,0.2,0.1,0.9730026977426538,-0.09816116819902643,579.2204494786488,54.137912655251604,485.33685333355373,678.0755173329634,522.4118306620209,540.5657227463291,617.0571705719659,664.8272379833476,76.49144782563678,0.3908805006548106,-0.9084645927702089,2.3010735273361207,1.846493295914555,0.0,7.065082550048828,0.6531618595123292,0.8691287040710449,2.8637129068374634,5.794248485565186,1.9945842027664185,1.2833230893549028,0.7167764020994767,0.3008746362821878,0.16566324546703262,0.0,0.6954910266078024,0.12070179327275594,0.19337807068727342,0.3955192734233818,0.5036604358608279,0.20214120273610836,0.5959573456713155,-0.010290481391285411
wdf_fake_14,1,2.8055375121177044,1.1738549038203945,0.5387628278856165,1.3914555859594124,0.9348608746763368,0.17747440517171237,0.09976076023826771,0.07991267807973494,1.315327380952381,0.12000000000000004,266.4845169279796,2.248305704196294,0.5064522282701376,0.2936702933601884,0.2959248800749337,3.3763307458752565,0.0,0.0,0.0,0.0,0.0003916806996609868,0.15403016313929252,0.834700902905781,0.1195650234700812,0.5497219623964207,0.9636696692255745,2.8402239277818233,0.0,0.0,0.0,0.0,0.0,0.0,0.0,5.648182018953561,3.3387112853886625,0.049054480820476115,0.802498434078373,4.946423760775862,0.5242392336169003,0.7930994338268648,8.62270254979553,0.43932021285231476,0.0,0.0,0.5174829015166126,-0.2261350795266615,12.59076224666415,19.063221815750946,0.3662715811744828,0.016703904498300493,1.0688756863276163,0.15595214599636553,2.8055375121177044,0.30099630731035387,2.237959331329946,3.2981678121592006,2.3210115694135744,2.638173127460653,3.0478682152083647,3.1689684884241758,0.4096950877477119,-0.28308658270683257,-1.0239334031232876,1.1738549038203945,0.11175456007001193,0.9511318914762629,1.3206887572069064,1.0122224495855778,1.0713116656797799,1.25840717435621,1.2887585126293475,0.1870955086764301,-0.49397968398376496,-1.241986876282773,0.5387628278856165,0.010449870600830073,0.5236062108416051,0.5651619302116738,0.5267723795830151,0.5309716281271896,0.5445093693915262,0.5535387077270492,0.0135377412643366,0.7691930346600047,-0.08087702349894954,1.3914555859594124,0.2566819431225964,0.9050002050945486,1.7454998199927998,1.0251962924178115,1.1481862463417003,1.5847498749001536,1.6616169945555692,0.4365636285584533,-0.41890904397132867,-1.3147886044712878,0.9348608746763368,0.551421891540735,0.1384100392364452,1.9726191984385226,0.24875527419633903,0.45212747262485276,1.2905650943595288,1.7423760192525612,0.8384376217346761,0.35770643478519526,-1.0362989590328593,0.17747440517171237,0.00990517825498646,0.15896026664410895,0.1934605932251262,0.16103599051442916,0.17222771259060438,0.18578179057006708,0.18898625080404383,0.013554077979462703,-0.3884523012236398,-0.8674111938470026,0.09976076023826771,0.009152469106354984,0.0676386081545885,0.11320037235779624,0.09070377347168414,0.09430319800955414,0.10659848434939402,0.10797505556407277,0.012295286339839881,-1.3788533389611766,2.702757947465633,0.07991267807973494,0.0036887412187588354,0.07274415411331536,0.08636445309435127,0.07360204186605436,0.0782193129312136,0.08265895626539055,0.08376599132684451,0.004439643334176943,-0.5202126786995251,-0.518620070894539,1.315327380952381,0.2472240468373477,1.0247189153439153,2.0582837301587302,1.1092592592592594,1.1845031415343916,1.3174809854497354,1.6771329365079368,0.13297784391534373,1.67906158692666,2.1121062819540937,0.12000000000000004,0.04000000000000001,0.1,0.2,0.1,0.1,0.1,0.2,0.0,1.4999999999999971,0.24999999999999467,266.4845169279796,35.890460609343535,208.52561676161375,343.8852351023794,220.9731463382505,242.04091315492647,296.07379592495477,314.3907920723613,54.032882770028294,0.4754164458572078,-0.6024078213153494,2.248305704196294,1.4727996478241219,0.0,5.721867084503174,0.6251718103885651,0.9104551076889038,3.2252979278564453,3.9902521610260018,2.3148428201675415,0.548508063445052,-0.4396110875425321,0.5064522282701376,0.21557877352732732,0.0,0.8706234587632325,0.25836907974125106,0.31760266884065586,0.6567897141433965,0.7653600843071208,0.33918704530274063,-0.3770538642986236,-0.5803479329090089
wdf_fake_323,1,9.567189448152108,1.1133483196909433,0.5551057912135274,1.2561438460310914,0.7871878281586904,0.2858714748804654,0.14217607211156483,0.06643200797362522,1.9545518567509306,0.17407407407407405,367.0367289042283,2.411833153830634,0.37527091204817037,0.468993807358024,0.23215115899239636,0.0,0.0,0.0,0.0,0.0,0.002630890808266697,-1.8188246724430153,0.8784654471928577,0.14010047416885865,0.411212972255508,0.0,0.0,0.0,0.0,0.0,0.0,0.0,0.0,0.0,11.435951453098587,4.638051186219788,0.0494440054433222,0.8626867800178402,4.995905949519231,2.6789994931709202,0.5078156106745275,13.040897502228512,0.012476582780498872,0.0,0.0,0.4970625726401073,-0.15770414547033088,26.43872849361471,13.21346403418,0.3817321549758029,0.011016170347940205,0.6249078451483338,0.07203955785066174,9.567189448152108,1.223588743747749,6.702493441961803,11.838453880547947,7.800300886319566,9.01612091836294,10.166150457746525,11.026956393086328,1.1500295393835849,-0.40208427362113286,-0.2343438636340225,1.1133483196909433,0.12691864005119247,0.8397819131428986,1.4411477716815497,0.9754365628368398,1.0504116803530208,1.1601710639429903,1.2421897022746775,0.1097593835899695,0.5871119525303575,0.9714439395780401,0.5551057912135274,0.011490228131764691,0.5388907913203664,0.5981605505756673,0.5463683582050282,0.5476317610054275,0.5595181786742544,0.5670952820326332,0.01188641766882681,1.9486941123262134,4.816914450249439,1.2561438460310914,0.29319026632994905,0.7052357535435348,2.076946679394518,0.9516443838992616,1.1037912153128548,1.3466556051154952,1.5490371046956524,0.24286438980264036,1.0081903462749136,1.431353869416152,0.7871878281586904,0.44923736122598157,0.15718782176398846,1.480874712250565,0.17562436527973557,0.3724903002891672,1.159307414432311,1.3820934501626636,0.7868171141431438,-0.05041075965502129,-1.434407027805357,0.2858714748804654,0.019987659141583045,0.24793897568040027,0.32138754272892256,0.2526312720363538,0.2754948237489691,0.3009304733811399,0.30923437474905535,0.025435649632170765,-0.32083772058836435,-0.6354961740736638,0.14217607211156483,0.03126273246936971,0.09886372904451061,0.20076291349980321,0.1146162637236052,0.1165149590922942,0.15842754134550335,0.1923155625267135,0.04191258225320915,0.7353788238522999,-0.8656133488327735,0.06643200797362522,0.0032364137655925425,0.06195914170001497,0.07762541425757717,0.06288409530832281,0.06458032147218122,0.06818298219326085,0.06983990572301234,0.003602660721079634,1.418704365860548,3.015157147433028,1.9545518567509306,0.2937087822488015,1.606977513227513,2.6187996031746033,1.6560185185185186,1.7128389550264551,2.158482142857143,2.4342261904761906,0.4456431878306877,0.7737043470079372,-0.5867058081538601,0.17407407407407405,0.09658077637337259,0.1,0.4,0.1,0.1,0.2,0.3,0.1,1.030214442372336,-0.16043252595155666,367.0367289042283,43.54445645451159,281.1833265113469,452.3028322266758,301.1963381426722,342.10484428989844,398.92652853709296,410.93394620960754,56.821684247194526,-0.3196574349999341,-0.48575147675762675,2.411833153830634,2.151080142584032,0.4603102207183838,8.188815116882324,0.7182640194892883,0.9327813684940338,2.3509793281555176,6.1820050239562985,1.4181979596614838,1.5242181804531472,0.9788650150731675,0.37527091204817037,0.1781935077748286,0.043682310188640334,0.7604143313106253,0.1123511655143309,0.2714824208828431,0.4929746869965451,0.5602710802950863,0.22149226611370204,-0.17255214371628042,-0.6240440303493435
wdf_fake_91,1,9.93005134589082,1.1483012061798024,0.5427634610680232,1.3452499141820409,2.4489432612980386,0.28067411945632764,0.2509737657877066,0.07297014998726772,1.7438299162257496,0.15000000000000002,279.90053848470086,1.9949357350667318,0.28253803010963413,0.47264097874453465,0.21586602114878023,3.29464747504969,0.0,0.0,0.0,0.0,0.00745867516909794,2.279292385933785,0.9095893309102694,0.09723295585271875,0.567149703793642,0.9491988724080176,3.0062389273476726,0.0,0.0,0.0,0.0,0.0,0.0,0.0,4.055612447215994,12.808407420444025,0.04481003392373609,0.8351757047207277,6.693089978448276,3.2487082467718196,0.6903252418367487,12.429007196790701,0.2950887694988448,0.0,0.0,0.8785099729126893,-0.13928724313353946,40.85559822656647,11.176475448800918,0.37072043138339783,0.02600764352089416,0.9491414646307628,0.17849612939572734,9.93005134589082,1.003688340675276,7.07342143904558,11.44789554666891,8.944220504284544,9.684750516273695,10.31676386046419,11.337210875834959,0.6320133441904954,-1.0809833069732786,1.971329450926711,1.1483012061798024,0.16178702300221542,0.8600313979318487,1.4772192499185641,0.9122691337383904,1.0603683547026095,1.2639266947983019,1.3814483503289898,0.2035583400956924,0.11108355929142838,-0.6431062167220749,0.5427634610680232,0.015899873053024444,0.5210460916886357,0.5839279711419954,0.5253501429605891,0.5309891189021776,0.5470027555114712,0.5627145418494774,0.016013636609293558,1.0525662588486202,0.6487291503112886,1.3452499141820409,0.37560471479370244,0.7407772181107015,2.182393765980762,0.8324474063600563,1.1249277651243372,1.597835201097788,1.9086451970220966,0.47290743597345086,0.3896844397934578,-0.5461001354551169,2.4489432612980386,0.9268192946060899,0.923323855527797,4.083945641223551,1.1029364173416523,1.5391951376986652,3.152750990870069,3.7125709512130203,1.6135558531714036,-0.07463390884590808,-1.1444981559318135,0.28067411945632764,0.023456764185550705,0.21973647272049726,0.32489115312481986,0.26330387842872227,0.2705568169280202,0.2919100578642996,0.3101408130829077,0.021353240936279383,-0.5648406132175257,1.0941977437375607,0.2509737657877066,0.03636688434479631,0.17215970275397174,0.3208782109796429,0.19079739073071347,0.2384889097763762,0.2746451309330318,0.2832114993509842,0.036156221156655566,-0.47542999863119506,0.04247727334610252,0.07297014998726772,0.0028041737164617893,0.06587924735397722,0.0794568750760945,0.07021192021361418,0.0717747986451598,0.07417409399045466,0.07648491619762865,0.002399295345294858,-0.15718580936314705,0.6166070925464893,1.7438299162257496,0.1854945940615148,1.5297619047619047,2.177083333333333,1.5688409391534393,1.6111111111111112,1.8594163359788358,2.0094328703703708,0.24830522486772466,1.0569314672414118,0.016403706029579634,0.15000000000000002,0.06191391873668904,0.1,0.3,0.1,0.1,0.2,0.2,0.1,0.8426847162649533,-0.3062381852552023,279.90053848470086,87.82559985102162,158.75811833830883,503.4091253473294,187.82234408373216,208.00552407539064,315.48345100257103,416.67492229188184,107.47792692718039,0.835203066054136,-0.1490613297564245,1.9949357350667318,1.0595029296063514,0.0,5.023293972015381,0.9587424576282503,1.3190260529518127,2.7498612999916077,3.406122732162476,1.430835247039795,0.6829460545011788,0.4398478285766969,0.28253803010963413,0.12929333219347297,0.0,0.5008019008500958,0.10386780504922753,0.1776792952039427,0.3883889891026338,0.4530900186149902,0.2107096938986911,-0.3535325281305466,-0.7622937907212624
wdf_fake_437,1,14.745311897648628,2.579251314410721,0.5206224801876218,6.8671022808955415,0.301813238655068,0.30156569692892365,0.1684143858969066,0.06769456302102413,3.3385692239858904,0.1466666666666666,913.4008297390836,1.7358092983563742,0.4304676092661224,0.5866867045933023,0.2805974067901557,3.1636742746452318,0.0,0.0,0.0,0.0,0.010629293196595925,-1.8324828932109523,0.9236898748630249,0.09924397758536813,0.6311563518955529,0.9787971894017565,2.8729055941592074,0.0,0.0,0.0,0.0,0.0,0.0,0.0,3.088141235970559,4.0916457775062325,0.025262740069437843,0.8964703781372714,6.201171875,1.2466284422948612,0.9025830304632627,19.19198194097578,0.05392708567198035,0.0,0.0,0.8867841511764938,-0.17934951786779912,14.978123548280017,20.132453485915285,0.3236188709488849,0.0223407380361645,8.770238733291626,0.09846637934890456,14.745311897648628,1.193163149315971,12.777193341211289,18.278691434652956,13.218878520266342,13.798853965136987,15.23939075184537,15.844777791418625,1.4405367867083836,0.6695712508654236,1.048307514580113,2.579251314410721,0.4527225102998876,1.150506217514727,3.0412670214488062,2.0533076248070685,2.3170994762542385,2.873408476352438,2.942542354150108,0.5563090000981994,-1.5916695063036443,2.038488622581366,0.5206224801876218,0.02926820530957118,0.489000799680812,0.6061219538390595,0.5004264516504717,0.5010167190097703,0.5409220237395987,0.5620524904049269,0.03990530472982845,1.289980297777906,0.6660820945581825,6.8671022808955415,2.0272330434598356,1.3252100301417302,9.257278826134373,4.219684137303575,5.3858353660528415,8.268167162490318,8.667724825735759,2.8823317964374766,-1.1653638907328132,0.5074704110314605,0.301813238655068,0.13484401797273293,0.09736923107821574,0.8104389977827923,0.1742583979291959,0.23491461650686754,0.37515780568796003,0.41792328899847014,0.1402431891810925,1.5900267394441354,4.471833498689485,0.30156569692892365,0.013530244056490951,0.2793828456712808,0.3367914799491721,0.28178363826963815,0.2898423755362012,0.30971755789024397,0.3169976047491324,0.019875182354042786,0.2749650957732391,-0.13346300883046336,0.1684143858969066,0.0173374362050591,0.11420070291434242,0.20215725793257047,0.1543868646816007,0.16215314167314,0.17832567950201245,0.19356359894458938,0.016172537828872457,-0.6325790025649748,1.7539691193527762,0.06769456302102413,0.003830134540781277,0.061974463339977734,0.07984992738686536,0.06256234043996288,0.06554465192394508,0.07030388009701591,0.07180384082210427,0.004759228173070826,0.970861937174339,1.4474177109040252,3.3385692239858904,0.39922395720387904,1.9948743386243386,3.8878141534391535,2.9346064814814814,3.1697875330687832,3.573040674603175,3.731473214285714,0.4032531415343916,-1.4689212456097935,2.4676268895069464,0.1466666666666666,0.05617433182117573,0.1,0.3,0.1,0.1,0.2,0.2,0.1,0.6953537602938661,-0.5546518547907153,913.4008297390836,59.6717435044921,776.4943271039297,1018.4547919200014,839.8699041114136,873.4550209679062,947.0542188409809,978.9126691841664,73.59919787307467,-0.3538329647248842,-0.4016571447291031,1.7358092983563742,1.7563793681541895,0.0,6.575014591217041,0.39670972824096684,0.7759419232606888,1.7622593343257904,5.2105481147766115,0.9863174110651016,1.58074643539596,1.2136944897700914,0.4304676092661224,0.218543468959064,0.0,0.9439946738600867,0.15607236566438126,0.2950627123840438,0.5808709376330067,0.6498654714800687,0.2858082252489629,0.3068692713857554,-0.05260868360241622
wdf_fake_561,1,12.144003909635895,1.6184277017655826,0.5350133276778205,2.6423507086048024,0.7005553936347927,0.3382170168701849,0.19482118586907904,0.07593245157678764,1.857523148148148,0.13333333333333333,413.71256938407953,1.1401122093200684,0.3324735856413975,0.6833795349767603,0.18545774467896403,3.193013076635692,0.0,0.0,0.0,0.0,0.015007696792617879,1.6368953166370575,0.9596872412427343,0.036792438191428106,0.8629831805000154,0.9327933085927536,3.1395722605367142,0.0,0.0,0.0,0.0,0.0,0.0,0.0,3.4312684725142995,9.142558588558753,0.010752205521612827,0.9682565557846229,4.989022090517241,1.313201002306515,1.1816521366686896,15.699170921248182,2.1698143282122828e-11,0.0,0.0,0.678135407948528,-0.1365606826559962,21.558868876549848,16.566552265717338,0.4826109925537222,0.036540740676785165,5.409826191266378,0.0475240312337708,12.144003909635895,1.1682756783214412,8.605023423806587,14.21828536105907,10.700589324384005,11.68814538216113,12.998883500678406,13.354846935092736,1.3107381185172766,-0.8875861674776991,0.9253239535906421,1.6184277017655826,0.11908852545548852,1.3530714866026323,1.8746574949349277,1.4952447619358602,1.545048071162056,1.6950360661948498,1.7755849391044594,0.1499879950327938,-0.07495419160542971,-0.14058849896777126,0.5350133276778205,0.011614565063329696,0.5116446291495381,0.563708622496038,0.5200357040941463,0.5289250694603863,0.5396549326524236,0.5467722064032913,0.010729863192037281,0.4989762344416062,0.5524558560484238,2.6423507086048024,0.38671920929717873,1.8372441975545126,3.528210801568943,2.2445515655625563,2.392948063861333,2.8844255244216876,3.165522814306594,0.49147746056035446,0.13177206279903964,-0.20483610908477656,0.7005553936347927,0.24937410226027,0.3690314812614261,1.225022460476108,0.416573623701814,0.4784687105277625,0.8459952765980494,1.1080096514892788,0.3675265660702869,0.5334928885147843,-0.798489535514519,0.3382170168701849,0.022974107432662903,0.2724079181455065,0.37683708547612166,0.30195727442515946,0.33031558190468696,0.3532095833700117,0.361355855421336,0.02289400146532472,-0.9862678277813351,0.6002500803332049,0.19482118586907904,0.04724694787008072,0.11371241879160403,0.25729865182140915,0.12196027621887608,0.1409185634271016,0.23117823588349784,0.24673679617812097,0.09025967245639624,-0.5128868496163903,-1.1945451217624492,0.07593245157678764,0.002681895274424851,0.07009168030990034,0.08064459188168241,0.07250734070459332,0.07420015339502282,0.07752506778503956,0.07911245354184193,0.0033249143900167394,-0.40705282143850857,-0.32444192720559695,1.857523148148148,0.1650049788878257,1.5733300264550265,2.1184689153439153,1.6422949735449734,1.716724537037037,1.9750950727513228,2.086524470899471,0.2583705357142858,-0.06344881434397734,-1.170925023099924,0.13333333333333333,0.053748384988656986,0.1,0.3,0.1,0.1,0.2,0.2,0.1,1.3357586801914771,0.8165680473372809,413.71256938407953,36.23971189511933,365.245983140086,482.82094971876853,372.18301201830917,380.6722379617741,444.7227807824978,459.0491130965482,64.0505428207237,0.3977864428694547,-1.0481857063598217,1.1401122093200684,0.83053834916916,0.0,3.4597973823547363,0.3155758142471314,0.5769401043653488,1.5521763563156128,2.4587508916854866,0.975236251950264,1.1686907895937346,0.7327012375564008,0.3324735856413975,0.18391099174085587,0.0,0.7161875374657486,0.1195885117778579,0.19990182710235477,0.45572819925982455,0.5469637419630011,0.2558263721574698,0.4535452302961389,-0.43252352659079474
wdf_fake_22,1,7.2726068087748645,1.7636097311038328,0.517797554526328,3.953276852892109,0.7183118225684815,0.22574017957240952,0.18111451684458033,0.06815499944346165,2.2999696869488537,0.15833333333333333,595.7788954311015,2.6643487264712653,0.41002373414739174,0.17877823139542337,0.19497206357647517,4.316768524338794,3.8048360269925556,1.464376088418219,0.6827396757352223,0.0,0.008300459175650862,2.2423747235863147,0.8868224405120446,0.1307239808153327,0.09928219372883143,0.8951546903924729,3.7647351765517687,0.0,0.0,0.0,0.0,0.0,0.0,0.0,3.7467522645144915,8.080429055238607,0.06232946894523149,0.8737728153218024,5.373907574152542,4.257154915084362,0.7721072253206649,9.614234537085771,0.5012052800241531,30.0,166.66666666666666,0.6195579916378431,-0.15142286414845252,15.586225909184861,12.332511196634282,0.5089340808465207,0.019369956029947646,1.3012864862879117,0.21820067679053556,7.2726068087748645,1.0046245558892877,5.09424346432416,8.727083135026048,6.096711176189667,6.318666135046437,8.08946538958781,8.51604772368865,1.770799254541373,-0.31062809660724405,-1.1012722251891207,1.7636097311038328,0.9172295522815562,0.6844781486890155,3.0259730022532625,0.8344987746905551,0.8766404671688434,2.784922493462862,2.9284284433460352,1.9082820262940188,0.20490218101127772,-1.7765763318034447,0.517797554526328,0.04862471794479244,0.4433283535867657,0.5983623175341665,0.45352022386925733,0.46533059736399873,0.561740787589206,0.5738105244118595,0.09641019022520725,-0.14446102938178373,-1.567781935442649,3.953276852892109,3.42591513026271,0.4693180797220808,9.156589695761241,0.6971921954077802,0.7709300427190184,7.758085764656833,8.57572251883956,6.987155721937815,0.34038194334007393,-1.6850956719159143,0.7183118225684815,0.3902581119448681,0.18070313110894856,1.4762367495424409,0.3518954681069937,0.4218306546775279,1.0608580584108613,1.3433982554889927,0.6390274037333334,0.548732786295109,-1.1209469351707941,0.22574017957240952,0.021366337834931734,0.18004038780710327,0.25765899729690367,0.20050533237403872,0.20459686566178942,0.24570052844021745,0.2507865523736732,0.04110366277842803,-0.26356516705048366,-1.1643440816709125,0.18111451684458033,0.04518863149136957,0.11812747874941967,0.26193347036129255,0.12583270397391183,0.13597816887512182,0.22169006994996213,0.23981267145081933,0.08571190107484031,0.06440959240209723,-1.5442466175313827,0.06815499944346165,0.003540515482749362,0.057488884302235595,0.07624059945465386,0.0638618409437915,0.06620865367710825,0.07060921367707534,0.07249236255333276,0.004400559999967094,-0.19113584962749894,0.3735239808532169,2.2999696869488537,0.6586256033597834,1.3400297619047619,3.2586805555555554,1.605877976190476,1.6584201388888888,2.9173900462962963,3.150008267195767,1.2589699074074074,0.12497523865049721,-1.7614016842364224,0.15833333333333333,0.07139483330201297,0.1,0.4,0.1,0.1,0.2,0.2,0.1,1.3542272948791876,2.171357720378059,595.7788954311015,65.24166585374223,418.9726230853538,789.7863593918248,522.3522718353421,546.8524684167463,629.5681725199313,689.7790618894961,82.71570410318498,-0.0006599174492530448,0.759095110690235,2.6643487264712653,1.424233761708388,0.0,7.162094593048096,1.167593562602997,1.6881182491779327,3.449838399887085,5.018948364257812,1.7617201507091522,0.8846209546040577,0.41346285088433543,0.41002373414739174,0.2488853559310502,0.0,0.9272685906607133,0.14667809089148132,0.19867661154639288,0.5850449617317564,0.8252901309313618,0.3863683501853635,0.626184620255458,-0.6439430927985406
wdf_fake_79,1,3.2629931081814934,1.3123925839575725,0.5284432075651392,1.816002501895706,0.2606406790959567,0.15904033269824144,0.23873328112387024,0.07380133069350127,1.9179287918871253,0.11833333333333332,446.7469947302929,1.6284889688094457,0.42603347576562595,0.45339637032333613,0.32262962387696703,4.20687419246453,3.063747993607274,0.5025196632836129,-0.5118433514195176,0.0,0.0052388296150506115,3.8967329179477606,0.7975690014502387,0.2548270643659337,0.010510376907500013,0.9151010720099284,3.1185992441443298,0.0,0.0,0.0,0.0,0.0,0.0,0.0,13.277894136840633,7.274601274421499,0.05386310165884654,0.8285310455263424,3.2471365201271185,3.5592150201191113,1.1730442947835342,6.322406948386926,0.14673594826510225,60.0,166.66666666666669,0.8894465447506219,-0.23582207488022497,12.742913189595443,9.417070852767436,0.4169545988383538,0.01970855670814544,1.2401538357138633,0.18262482298777427,3.2629931081814934,0.7843653703271302,1.709982653025233,4.314924066973592,2.157286303432254,2.51780092218526,3.9907736219111967,4.167840995740472,1.4729726997259367,-0.27789801721862784,-1.3669584778290038,1.3123925839575725,0.2919399173196737,0.7991047513196384,1.697181370036043,0.9776309375989781,1.0469962561199133,1.5968715813531587,1.656962763139909,0.5498753252332453,-0.09407079258180936,-1.6447845209156327,0.5284432075651392,0.04302985999893655,0.47699986166391983,0.6173227676782584,0.48015419782444535,0.4849558801851414,0.5646276731791267,0.580146577203614,0.07967179299398525,0.19746295671121153,-1.5053402205216146,1.816002501895706,0.765799265327352,0.6397846015770242,2.895785646963781,0.9582180406512065,1.0980719374160954,2.5637361963693834,2.7602737211409645,1.465664258953288,0.014083559588782367,-1.7298996800890691,0.2606406790959567,0.15150361490232078,0.06503992652177809,0.868425886110975,0.11017892742975688,0.19255844383064807,0.2770072048269561,0.3650251313712209,0.08444876099630805,2.3288063128505136,6.731879241227052,0.15904033269824144,0.015149309661891387,0.12289156377802928,0.1862856107751706,0.13773757039360404,0.14680538198527512,0.1722128495239943,0.17514378192868343,0.02540746753871917,-0.5394268930176814,-0.5817070123592916,0.23873328112387024,0.10101199707186209,0.08629891586672449,0.36720638854124965,0.10775883520760775,0.14519613736056228,0.3312077433037898,0.35136383812496774,0.18601160594322755,-0.1102317327772458,-1.7695670294735018,0.07380133069350127,0.005849857473353948,0.06506633593369288,0.08653039359271888,0.06730544931221112,0.06841494050067373,0.0788587592772845,0.08198032223068548,0.01044381877661077,0.30316060774628084,-1.274788658745958,1.9179287918871253,0.3409671676264858,1.324487433862434,2.373015873015873,1.4525297619047621,1.631035052910053,2.254774305555556,2.3056051587301587,0.6237392526455028,-0.23966248603190293,-1.4209939188753595,0.11833333333333332,0.04278499217664478,0.1,0.3,0.1,0.1,0.1,0.2,0.0,2.253448074069168,4.43656066003348,446.7469947302929,128.23298597476324,234.84273261496904,720.7735616172286,303.75622050820067,323.4495753284808,544.5912944600617,570.8490536445515,221.14171913158089,0.23548610418495447,-1.114448989846326,1.6284889688094457,1.5175738789757942,0.0,6.591678619384766,0.1745425432920456,0.2750381529331207,2.3432586789131165,3.599080348014832,2.0682205259799957,1.1020804605373735,0.811750657833219,0.42603347576562595,0.23179976893084975,0.0,0.8920590289377496,0.1350382457949175,0.24681120348459487,0.6007714109612503,0.7646636541736007,0.35396020747665546,0.3160709748018152,-0.9405682741031245
wdf_fake_189,1,10.159706581562368,2.6069230522541256,0.4963721189335982,6.911103117248958,0.34568199644360775,0.27482100538240173,0.24976282803311683,0.06041403628649222,3.487976741622575,0.14999999999999997,352.8474357166147,2.4311878393093744,0.3294938531310833,0.4668432863687114,0.24439593671474488,3.271451692321806,0.0,0.0,0.0,0.0,0.007323195657790055,-8.377282984199791,0.8944509906902441,0.07983026129695224,0.7091139556806383,0.8010502662588974,3.323231427202784,0.0,0.0,0.0,0.0,0.0,0.0,0.0,8.145906779721921,7.882602134607363,0.031836454586306906,0.9398200542564119,7.526939655172414,7.022565683121555,0.23099906409916782,17.826168931492994,0.024962705281669186,0.0,0.0,-0.14577943940780047,-0.18986156290544354,21.215062227650417,7.230934406441343,0.3352154822361928,0.03892632558466089,2.944519885381063,0.2456835095039277,10.159706581562368,1.7310434891331816,4.66912232822374,12.873398788848545,8.315590415767629,9.135892752049637,11.050894114726793,12.033408511947762,1.915001362677156,-1.1254892894437856,1.6721385638231192,2.6069230522541256,0.3306232744224574,1.4671866552239836,3.1719262988186436,2.2902588265349477,2.514525239142797,2.7693374095093803,3.0536211713346226,0.2548121703665833,-1.0693509136252144,2.8040877032125984,0.4963721189335982,0.010602227014933732,0.48020590445672984,0.5279526656788357,0.4836516803544755,0.49043545474732864,0.5017261809806196,0.5052777900475045,0.01129072623329097,1.111817728699935,1.4027639695299712,6.911103117248958,1.6220103242951713,2.152880448636248,10.065411900044737,5.247540156247187,6.324700141478464,7.673298774365292,9.331537040398773,1.3485986328868282,-0.37100913304004035,1.030642657887415,0.34568199644360775,0.0682334912843088,0.22565083111808806,0.539124483958723,0.2682306377557072,0.29462648249532447,0.3825442589631817,0.4148996437282738,0.08791777646785726,0.523119432815519,0.3646107403787324,0.27482100538240173,0.017023266795048297,0.2441573442224348,0.3098937559440614,0.24846832731630483,0.2675676712307168,0.28336778834824106,0.29352790789057237,0.01580011711752427,0.08551368879836145,-0.18384743962470784,0.24976282803311683,0.04516157876360571,0.1304933903948281,0.31642693503517744,0.18390083998173531,0.24235530459633786,0.28025421047606747,0.2930925731711317,0.037898905879729605,-0.934513406073076,0.2028900840854706,0.06041403628649222,0.0031154702201272363,0.05474794665668469,0.07039117423017348,0.056102661180209595,0.05851979648073584,0.06179215023978986,0.06336331863055314,0.0032723537590540197,0.6124804705515411,1.6842173682341341,3.487976741622575,0.4570222950588045,1.7949735449735449,4.061011904761905,3.1246941137566138,3.388372189153439,3.693018353174603,3.9966104497354498,0.30464616402116373,-1.8088757227961871,4.451721562699528,0.14999999999999997,0.0670820393249937,0.1,0.3,0.1,0.1,0.2,0.21000000000000016,0.1,0.9938079899999072,-0.22222222222222232,352.8474357166147,83.77195851502404,89.12365584885902,416.37151829475783,206.45508543487315,361.21741026598187,402.4382369501721,408.96880191936293,41.22082668419023,-2.0334295664920363,2.9001534871654107,2.4311878393093744,1.550214487401485,0.0,5.860782623291016,0.581007206439972,1.0174880623817444,3.6175829768180847,4.148257780075073,2.6000949144363403,0.30953723086035684,-0.818166427946244,0.3294938531310833,0.16187858935659405,0.0,0.7113315725318388,0.1430161296348142,0.23640074390771693,0.41971384991109284,0.51892959276326,0.18331310600337591,0.051792106573206785,-0.20962358159692984
wdf_fake_165,1,16.640505276128003,3.482342938686976,0.6419939528955642,12.272464372379675,0.25842473022671436,0.3809025261901563,0.08780229794199128,0.05709333356968538,3.5478629298941797,0.14000000000000004,582.5038916959575,2.4275383830070494,0.6573402312912051,0.13332298330518932,0.1601454638528108,3.4699069726732796,0.0,0.0,0.0,0.0,0.006043894829969898,1.6544253490978027,0.8318386607020608,0.09818728772641805,0.6551600986484443,0.0,0.0,0.0,0.0,0.0,0.0,0.0,0.0,0.0,7.462038645411181,9.817875693793935,0.13039628668261408,0.9877129263720537,3.224198190789474,1.0854808393801765,1.249032731454652,9.874558498950485,0.5078331374435942,0.0,0.0,-0.290369287500214,-0.24511432533796715,26.949873258323148,40.30503885910901,0.02964695962690706,0.016136796587627518,6.884684079885483,0.1710501525577245,16.640505276128003,2.6693753929472694,10.736921813178368,20.38787724821005,12.627750930363716,15.000023208013474,18.80357588935457,19.249902456245078,3.8035526813410954,-0.6087140992143018,-0.7656905622774257,3.482342938686976,0.38125914975194625,2.777406076765884,4.27825746177307,2.9249680961688607,3.2303978631623225,3.7521620327607854,3.8661862723362956,0.521764169598463,-0.06474599145447352,-0.5827539319654149,0.6419939528955642,0.012308055775404479,0.6237384090739543,0.6731869559926078,0.6296801975465111,0.6334586379772791,0.6512175274798367,0.6589238266755124,0.017758889502557662,0.8860434390190572,0.045870946431669335,12.272464372379675,2.6513818602573838,7.7140545863815415,18.303508446259514,8.555669003135227,10.437892364479517,14.07924148774607,14.950431773660988,3.6413491232665542,0.17353127612387143,-0.40406332375933207,0.25842473022671436,0.05144783969450761,0.16935304143289698,0.4143683719377775,0.20774620810664107,0.2271416418506976,0.276679981527213,0.31564557048995934,0.049538339676515414,1.222151768592941,2.164050683529534,0.3809025261901563,0.02595161253902903,0.3106800492651642,0.41595582787251495,0.3405406681142807,0.37582070644771115,0.3975490087268005,0.4073533869858772,0.02172830227908934,-1.093658599981014,0.6979507524844548,0.08780229794199128,0.06951015648914098,0.004312176267595167,0.18592438193208016,0.0075031544387907986,0.021538710052423044,0.16125673504604876,0.16938393529091397,0.1397180249936257,0.0958647402821403,-1.7723489615620756,0.05709333356968538,0.004827835807899092,0.048361551505664103,0.06511165670722625,0.05129778897429182,0.05262323976629303,0.06080682147802074,0.06310407057485556,0.008183581711727707,-0.05853122673694785,-1.2048567693692782,3.5478629298941797,0.29544432238168294,3.0067791005291005,4.145916005291006,3.214136904761905,3.392650462962963,3.7549396494708995,3.9352513227513226,0.36228918650793673,0.4198966013664996,-0.45533190945200674,0.14000000000000004,0.04898979485566357,0.1,0.2,0.1,0.1,0.2,0.2,0.1,0.4082482904638609,-1.8333333333333348,582.5038916959575,181.0450038382789,358.6445649687252,922.7784974701214,385.7998571047732,399.96384651035373,691.5654808878342,855.8708764627979,291.6016343774804,0.3178265598618044,-1.1977179244277678,2.4275383830070494,1.7740254556562642,0.0,7.956455230712891,0.9291657209396362,1.2647811472415924,3.3257380723953247,4.205933475494386,2.0609569251537323,1.4857961815051224,2.2949686020812594,0.6573402312912051,0.30983074406559546,0.0,0.9704082834828446,0.11164032988817574,0.5127969110473324,0.924431045756717,0.9647633321655277,0.4116341347093846,-0.8142492333128502,-0.5985100007407107
wdf_fake_19,1,11.490450427315398,8.742704577708901,0.5586515590663065,95.65248730071804,0.5704449200716785,0.2906738462201588,0.2320734789284911,0.05956471554537235,6.0027169011544,0.10454545454545458,1340.0832620472358,2.5172152654691176,0.5361317341291351,0.0,0.0,0.0,0.0,0.0,0.0,0.0,0.0,0.0,0.0,0.0,0.0,0.0,0.0,0.0,0.0,0.0,0.0,0.0,0.0,0.0,0.0,0.0,0.0,0.0,0.0,0.0,0.0,0.0,0.0,0.0,0.0,0.0,0.0,0.0,0.0,0.0,0.049545098672277195,8.525111973285675,0.16540703308219473,11.490450427315398,1.5464712893761992,8.751051239620061,13.88289395239736,9.633429661581202,10.00970927185849,12.851480816351614,13.502784690076755,2.841771544493124,-0.007113254209201535,-1.2700225064605657,8.742704577708901,4.374635221710738,1.4735497049226796,14.646526567044159,2.147652584989317,5.383774258688205,12.53578347803618,13.669523397406927,7.152009219347975,-0.3615979798519647,-1.246016114144274,0.5586515590663065,0.0701237890987911,0.4770164645898346,0.6571226187670532,0.4851146633347905,0.5005163751276231,0.6444194391991152,0.6521205083453886,0.143903064071492,0.3699044485680496,-1.6598039891078553,95.65248730071804,71.27567161315955,2.172891460634754,214.80047901274662,4.630933413112478,29.84840280854469,157.43170209911614,187.10380836573486,127.58329929057145,0.1340260872436543,-1.3984036581223456,0.5704449200716785,0.31779815034641934,0.08996732722074173,1.2426141861276732,0.23686539410370125,0.3087075377982094,0.7631730505640741,1.0168978407904172,0.4544655127658647,0.45664695685636886,-0.806301448314148,0.2906738462201588,0.018464329764604114,0.25285556195680436,0.3169705316313258,0.267481378182426,0.27414728398720933,0.30812983078278994,0.31269251891000044,0.033982546795580604,-0.293213077997009,-1.0779116927442776,0.2320734789284911,0.01441254339550602,0.2160861252716398,0.2611872358162435,0.2195853281815251,0.2226256298707856,0.24092123114428998,0.25606537319714806,0.01829560127350438,0.9613363720225865,-0.5776224182018836,0.05956471554537235,0.014793831310527163,0.037716395310467644,0.09375073161998336,0.04365500558337495,0.04793894254217998,0.06955852190283998,0.08085198228179392,0.021619579360660002,0.5700750666900872,-0.6120278851391148,6.0027169011544,2.094491744321219,2.5550595238095237,10.389302248677248,3.1436425264550265,4.6526124338624335,7.389446924603174,8.456861772486775,2.7368344907407405,0.15295481430228938,-0.7118863912799429,0.10454545454545458,0.02082988952252655,0.1,0.2,0.1,0.1,0.1,0.1,0.0,4.36435780471984,17.047619047619005,1340.0832620472358,871.9807290267514,346.0412255818427,3209.144415148714,464.53376274778725,690.4179363385746,1603.4709683056833,2835.0043405037236,913.0530319671087,0.8658512340512023,-0.5164271068154807,2.5172152654691176,1.8079687382549054,0.0,6.800338268280029,0.9362635314464569,1.2414095401763916,3.0174421668052673,5.288293838500979,1.7760326266288757,0.9992643330927775,0.218965505305166,0.5361317341291351,0.18386579860741137,0.0,0.8071756494050015,0.3373187407806347,0.4817098620254882,0.6356089272311415,0.7812681049621418,0.15389906520565327,-0.950397017370215,1.2743010985262897
wdf_fake_25,1,6.3170015451073915,1.4059318157943745,0.5483852722251024,2.187995720102964,1.0288731989501296,0.2353385703165751,0.0995622203325893,0.07796973586506356,1.9510747354497355,0.13666666666666666,310.4984791850344,1.448771854241689,0.3021738960850277,0.4372763457160609,0.2327401479378495,4.193944009431051,5.174803029858411,0.22674232107169787,0.7398930059098308,2.599946310052697,0.010625419543687748,3.887396371058154,0.8179395392680336,0.23807748704175602,-0.06169067806329046,0.9457667840532472,3.3362434110984474,0.0,0.0,0.0,0.0,0.0,0.0,0.0,13.671002313359502,13.185247614067586,0.08581662910836188,0.8741812552731626,7.733001191737288,3.674834358207122,0.6606155410205872,8.696951597171742,0.2210109623972477,30.0,100.0,0.9376956661292127,-0.12397551769921226,15.512885939494826,21.048514486243732,0.5346313042854428,0.03148158862648919,2.0960604548454285,0.14900212168030202,6.3170015451073915,2.930863227740337,2.663079326707064,15.684177385941537,3.2202669439642038,3.731758415171858,8.606183909930042,9.056463279975818,4.874425494758184,0.74479948126003,0.13586765461366745,1.4059318157943745,0.45869042295218204,0.8623669252494538,2.263037406206675,0.9260972765840891,0.9682428659079862,1.8436657050915064,2.062163473080223,0.8754228391835202,0.39547080642104576,-1.370338753338475,0.5483852722251024,0.04983751294589764,0.45177416370195433,0.6100476856275052,0.47319288563059125,0.503945273167528,0.5961342287740663,0.6024570736092543,0.09218895560653828,-0.39893570656726385,-1.3072540667232682,2.187995720102964,1.3805518020990608,0.7440697674418605,5.124045096106457,0.8582386119351734,0.9386990082203912,3.399821090406206,4.252790481992274,2.4611220821858146,0.6169746638496596,-1.0866044271937796,1.0288731989501296,0.8168640240095512,0.342001186355093,3.5928381939189125,0.3987039927435738,0.5260883270882987,1.0928432951329563,2.5724329371366883,0.5667549680446576,1.922332563632856,2.766987342849956,0.2353385703165751,0.05184423644928071,0.15869607738745148,0.380427695486435,0.1769717672747354,0.19078626051390454,0.27163237178108945,0.2897849817716378,0.08084611126718491,0.5061845550040339,-0.4587449067429441,0.0995622203325893,0.08074330026606168,0.0007251373787097068,0.20353694913131448,0.0033483607473307948,0.011607099501835434,0.18067262578227355,0.19698617316790873,0.1690655262804381,-0.021876387967305854,-1.7856195141512596,0.07796973586506356,0.009335863114820075,0.06439654365070806,0.10376758150888302,0.06648287495494037,0.06934271163297975,0.08686941355257417,0.08836615141201899,0.01752670191959442,0.2634336678427073,-0.9412442482274317,1.9510747354497355,0.5053850284105978,1.1772486772486772,2.8246527777777777,1.3376488095238095,1.4238797949735449,2.4468625992063493,2.661987433862434,1.0229828042328044,0.1445368181064855,-1.378222546608468,0.13666666666666666,0.06574360974438674,0.1,0.4,0.1,0.1,0.2,0.2,0.1,1.9071255763176294,3.4507702169560064,310.4984791850344,43.72003745902215,218.21809261034608,390.4921836424405,246.61847529452717,279.7605681348189,341.6263657745907,363.6806054278112,61.865797639771756,-0.29263027381240564,-0.6873077122797935,1.448771854241689,1.1182946053585323,0.0,4.856818199157715,0.4300739914178848,0.5500923544168472,2.0565730333328247,3.191484212875366,1.5064806789159775,1.1276454025961078,0.547991986678332,0.3021738960850277,0.14870278580779944,0.0,0.6593042247354084,0.0962792468319059,0.20512080541367084,0.40535217714760685,0.48108067974067553,0.20023137173393601,0.210688835070474,-0.27776744488299876
wdf_fake_101,1,4.180571028647305,1.1220710309219577,0.5799572671017192,1.2673795778356463,0.5023491579588603,0.19977579320015984,0.09939958771755747,0.07915860118211976,1.8622492283950618,0.1066666666666667,356.26615535806485,0.6740544339021047,0.2750167528304841,0.7394821061848088,0.12933185028723815,3.171396002367766,0.0,0.0,0.0,0.0,0.013843414566195799,0.9924410479458177,0.944805387076714,0.10437991574318489,0.4394300450394304,0.9880161665799218,2.599581229631067,0.0,0.0,0.0,0.0,0.0,0.0,0.0,10.352857384070091,3.839945897983145,0.0929014637743912,0.9816480296436221,2.014513739224138,0.8429414647411594,0.6691690664806302,35.84575062940679,0.4814023592760612,0.0,0.0,0.939830171453848,-0.1704744746062117,20.623934223060328,12.775659854283699,0.6300516439480279,0.026931195773134284,1.2985401252905528,0.051633745957581634,4.180571028647305,0.4738288389556396,3.5264102967133644,5.305413400005604,3.7015534643765746,3.8337408070413055,4.357318177190658,4.801464201175057,0.5235773701493525,0.9334814909531609,0.22272515447423924,1.1220710309219577,0.08219372144261539,0.9714690292643271,1.2592596622665402,1.0056655008009536,1.0607331608606976,1.1890324782553372,1.2056597747155176,0.12829931739463962,-0.31187217196711736,-1.0027820841500452,0.5799572671017192,0.011921766749928394,0.563662737705902,0.6000112901268628,0.5678748253527729,0.5700082882818562,0.590909982786362,0.5971324091824217,0.02090169450450574,0.41810348128355873,-1.3800078176120776,1.2673795778356463,0.18261667239143353,0.9443327300757424,1.5882772744197593,1.0131039547991552,1.126836487504719,1.4151719761445842,1.4553168472942686,0.28833548863986525,-0.2115474808944747,-1.0450792002606706,0.5023491579588603,0.07087354541491171,0.35296036717844226,0.6246348626680718,0.39738498591457305,0.4723123730536276,0.5491025436215786,0.5829019660402996,0.07679017056795101,-0.535396613426888,-0.6749346239935909,0.19977579320015984,0.013316561968475946,0.18100311885315437,0.22978551577150058,0.18567488161058673,0.1887085315641017,0.20432651465429652,0.21790916197352114,0.015617983090194826,0.7306395131402076,-0.21402651939338613,0.09939958771755747,0.008526906018892888,0.08068541793072563,0.11248894731289805,0.08861637146371965,0.09067862833658549,0.10505266354073418,0.11022955654269115,0.014374035204148691,-0.2840648773526581,-1.0286933770646731,0.07915860118211976,0.0020583884953138034,0.07350497122985034,0.08179280103654264,0.07720350156256671,0.07844929952333105,0.08067290284839815,0.08125749499526143,0.002223603325067103,-1.2370319449592528,1.388862440734214,1.8622492283950618,0.05288390869232313,1.7157738095238095,1.9577546296296298,1.8016782407407406,1.835999503968254,1.904307208994709,1.9215360449735448,0.06830770502645511,-0.5825292899233762,0.25689076709201775,0.1066666666666667,0.024944382578492942,0.1,0.2,0.1,0.1,0.1,0.1,0.0,3.474396144861516,10.071428571428559,356.26615535806485,30.866016954290448,322.13481269196177,418.9022203970927,325.72528737784467,332.4984195896619,374.9309303227677,412.8248360491728,42.4325107331058,0.9097227901321348,-0.5425867111105527,0.6740544339021047,0.46153199997107663,0.0,2.452545166015625,0.32165257930755614,0.38037294894456863,0.8483896404504776,1.1465421438217165,0.46801669150590897,1.9565708686197931,4.997420368443054,0.2750167528304841,0.1814047909195086,0.0,0.7978479493031944,0.08834126201484077,0.15621505471028194,0.3586412410768131,0.4775268018085394,0.20242618636653117,0.9994658322627278,0.7777278724826937
wdf_fake_66,1,13.786500819452419,1.87446863570689,0.5238980750425232,4.094543427523587,0.9252641771285038,0.31149527119345966,0.16355299031537315,0.0710912862755599,2.3709945436507933,0.12833333333333333,468.9095467346227,3.272589006523291,0.4367497486637745,0.22433840044820116,0.20408961343828427,4.344331601796715,2.8038746935072862,0.8971994270309057,0.8790681261331877,0.0,0.0031212189178564547,0.7569679739863743,0.8543428376380078,0.16542523750093424,0.013234831442899766,0.866305587347153,3.711080493925153,0.0,0.0,0.0,0.0,0.0,0.0,0.0,19.40802482492105,18.937230063573196,0.052545310569284825,0.852899817373411,5.882994570974576,9.807442612010737,0.5675631655248463,8.464108026374298,0.22190320742346703,0.0,0.0,0.8877436610739778,-0.1401711987875947,14.72451156378746,12.857898867873454,0.36987743481108853,0.032670851315342475,1.946496771275997,0.23390360996676351,13.786500819452419,7.746327682194553,1.4745577866103443,25.1494820677956,6.132983593987584,7.478192139240191,22.479536940017017,24.16779606675526,15.001344800776826,0.30010594910206617,-1.6163731808926247,1.87446863570689,0.7595711520903655,0.91996972044937,3.1169212836918283,1.0334876513057405,1.1349944183001814,2.650721113624811,2.865210399248959,1.5157266953246298,0.14174558710648685,-1.7138111125110818,0.5238980750425232,0.03232119558698594,0.47943357243005347,0.5875156123018062,0.4868712815143209,0.4921580822057866,0.5565648511157442,0.5625425761480283,0.06440676890995756,0.17399601773169754,-1.498948579561595,4.094543427523587,2.946540512934107,0.847004856988667,9.715218635338472,1.0682152543581933,1.288373886222242,7.035318234161823,8.209572788094981,5.74694434793958,0.3071089707447438,-1.5459046952650937,0.9252641771285038,0.41371454153956644,0.282502475454977,2.097971255679458,0.41002814354805434,0.6687868489934373,1.2421003145872203,1.4979010107127333,0.5733134655937829,0.5794027224167492,-0.08430162461760071,0.31149527119345966,0.078142182410659,0.15518714663484445,0.4432162742384399,0.23120539967178194,0.25321634372294066,0.3909614063516787,0.420821866515811,0.13774506262873804,0.28352833952600437,-1.2825241743077171,0.16355299031537315,0.13520591812461252,0.00773619863004629,0.4237636296030134,0.029419121233089405,0.04874085007373194,0.2726702754914259,0.3839972805371586,0.22392942541769398,0.6830531907769498,-0.980878445215962,0.0710912862755599,0.006760617275102173,0.06187153343300392,0.08775091469701957,0.06354686182382394,0.06483511461245574,0.0768351840432816,0.08017558391578353,0.012000069430825863,0.37840352699080276,-1.0784789103852526,2.3709945436507933,0.6759117086845966,1.0221560846560847,3.6567460317460316,1.6239169973544973,1.781580687830688,3.0042782738095237,3.2198908730158724,1.2226975859788358,0.08105311607288591,-1.3714939517660671,0.12833333333333333,0.05799904213768439,0.1,0.4,0.1,0.1,0.1,0.2,0.0,2.4328638161505625,6.811545146642979,468.9095467346227,153.95747066131284,147.76458159730404,882.1131972762888,279.05305773656585,345.479759585473,566.8331544091103,639.1794327475478,221.3533948236373,0.318832926306071,-0.21554284554524905,3.272589006523291,1.953516114263444,0.0,9.428187370300293,1.2633230686187744,1.795245885848999,4.51305091381073,6.1746196269989015,2.717805027961731,0.8021547436386197,0.18759664068747917,0.4367497486637745,0.20968628793015254,0.0,0.8819187841764131,0.16849167565405682,0.28954835046961924,0.5874653843077802,0.7090315289679927,0.2979170338381609,-0.023916121870075222,-0.7322436813566751
wdf_fake_16,1,6.3152388885115505,1.2572609789222924,0.5420336528642755,1.6093389428914642,0.4486827143032209,0.2449896226324043,0.08918332170584134,0.0763190416299104,1.6899065055315057,0.12363636363636359,284.8872014661911,2.1215004861354827,0.2709859048817712,0.36291074591206457,0.26104131165559036,4.272812920448169,0.0,0.0,0.0,0.0,0.013348067245216332,-99.79668018418046,0.8169816005981297,0.1658068405668236,0.22034548719837102,0.0,0.0,0.0,0.0,0.0,0.0,0.0,0.0,0.0,5.273341319117664,6.40039446068761,0.04931606126994505,0.8097766858435941,6.423882378472222,2.633078362595997,0.4134275086658771,7.0882135696520026,0.17593097235457028,96.42857142857143,177.77777777777774,0.6179469121282448,-0.18801019867370972,22.175621083459983,17.68841844239588,0.19890368576953338,0.02743215015576312,1.2989615147764033,0.31775747790231224,6.3152388885115505,4.386603018251897,2.8447624946355368,18.0321120360475,3.1358295993322565,3.3450318066540614,8.1117077417773,13.602776392715697,4.766675935123239,1.4172876167656743,0.7573471325192869,1.2572609789222924,0.16124953061374994,0.927656981020296,1.5477233418158143,1.0575437332040822,1.1310096726910723,1.3880026600104105,1.4641938712090468,0.2569929873193382,-0.13504878909504697,-1.0250031198044356,0.5420336528642755,0.023473269171339108,0.49393878874922814,0.5844988484161932,0.5127923390433853,0.5218869320128189,0.5643318262436782,0.57112380063214,0.04244489423085929,-0.023577184035778513,-1.2285694642900788,1.6093389428914642,0.40198503264627355,0.864482470784641,2.3955474037062805,1.1231649388848264,1.2836981442770923,1.9308446704176476,2.144413796527986,0.6471465261405553,0.0465899435546134,-1.0786782533033994,0.4486827143032209,0.29909731185608046,0.19527634734349444,1.6781393568418461,0.22712370602921406,0.2652578514813458,0.4976841681734919,0.5992690726762203,0.23242631669214614,2.6753156508204614,7.197633135075213,0.2449896226324043,0.076541556563169,0.1773512791993927,0.4424928962027416,0.18825558379565863,0.19492636994681473,0.27488052882480385,0.3802408921988547,0.07995415887798912,1.3813168618155425,0.5956864506047754,0.08918332170584134,0.02127335732931509,0.03926864844997463,0.11741443578791198,0.052357078641157885,0.07801794430216151,0.10445428470178685,0.10831715439861953,0.026436340399625335,-0.9913963840910693,-0.35127109494974995,0.0763190416299104,0.00413985024677685,0.06851224354920689,0.09056998240979539,0.07212303550574199,0.07304775864372416,0.07911350431953953,0.08213479936934542,0.006065745675815373,0.9333501062900329,1.0010112868833954,1.6899065055315057,0.21503677532474783,1.0243882275132274,2.2830687830687832,1.4009093915343915,1.5733300264550265,1.788731812169312,1.8949404761904762,0.2154017857142856,-0.26485089847248594,1.248426462226699,0.12363636363636359,0.05032128182944745,0.1,0.3,0.1,0.1,0.1,0.2,0.0,2.054399460491016,3.3932571631138018,284.8872014661911,41.74245591154365,228.3079270152491,478.67998888905026,253.53196918757487,264.1637546778749,285.28830273841436,325.80764468821434,21.12454806053944,2.7971240976332075,9.149807118941787,2.1215004861354827,1.508882621776377,0.0,6.2815470695495605,0.6293735861778259,1.1377079486846924,2.5668076276779175,4.200134944915772,1.429099678993225,1.1334885642994812,0.5472687222359349,0.2709859048817712,0.16016767213806057,0.0,0.752328895790446,0.057768608448802106,0.14614956209907284,0.37431673249243114,0.45817453251426093,0.2281671703933583,0.4706753901678822,0.10458759059680389
wdf_fake_46,1,7.924886495715132,1.6249742287702609,0.5476602220722209,2.805945301530507,0.12049731641980961,0.2840695333207754,0.23739759385569192,0.06680517686135465,2.700664131393298,0.16,285.3958790846753,1.5166501422723135,0.4602466129517861,0.5178939898239163,0.2754858110876304,3.283725951839739,0.0,0.0,0.0,0.0,-0.00325049522118066,-1.716963837475132,0.9256671172570584,0.09909034808053022,0.4864977821806341,0.9768570004061444,3.189898094013681,0.0,0.0,0.0,0.0,0.0,0.0,0.0,5.431882846892755,5.858967727113678,0.043101858750072074,0.9594306311672133,4.114022090517241,0.8859843820820835,1.2579998042756255,10.017762443804635,0.1366157949800272,0.0,100.0,0.5211560528098214,-0.21538536333938335,21.29150968190301,15.719464922105267,0.5431104426049291,0.01630374235022266,1.764581310749054,0.05729324490887777,7.924886495715132,0.7820703155981179,6.559001333559736,9.09084145051014,6.773122143151437,7.311921644266931,8.695261372470402,9.015933881613675,1.3833397282034703,-0.05071056547615612,-1.0684149280721837,1.6249742287702609,0.4009864948637854,0.9474862950082694,2.429740904735635,1.1054971779639724,1.369107203640839,1.9917769369863627,2.154070570766123,0.6226697333455238,0.25989058844633584,-0.8773847501951835,0.5476602220722209,0.033995011393271705,0.5054137801622869,0.6153079748179291,0.5093907562827115,0.5187547067446809,0.5696739390985686,0.595520653742767,0.05091923235388762,0.49572490031544564,-0.9731173623728773,2.805945301530507,1.3573794865106528,0.8988032163560431,5.915996171977457,1.224932680283979,1.8785720539059843,3.977780566927374,4.646760618658493,2.0992085130213898,0.6199147146965301,-0.7119715287609099,0.12049731641980961,0.08028324307605675,0.029918374735201838,0.291531630347285,0.04199972525012567,0.06212883974388476,0.17634410919889237,0.2451031991143262,0.11421526945500762,0.9053279198277467,-0.6688715528343616,0.2840695333207754,0.015526577315473137,0.25827721226025757,0.306306374074869,0.2630760986269315,0.2702867157959392,0.3008796907448644,0.30461354686164,0.03059297494892521,-0.019844602109139298,-1.2490978811318556,0.23739759385569192,0.02235965986625414,0.19303513806533637,0.26749055171324787,0.20197205094376808,0.2250883520294679,0.26207763718946553,0.2642081485579058,0.03698928515999764,-0.31567111495271816,-0.9216081380199164,0.06680517686135465,0.00175573943202488,0.06288660900360078,0.06957758472234513,0.06461023159751844,0.0655397429383057,0.0679959124207713,0.06915006725216165,0.0024561694824656033,-0.22460718852290656,-0.7847192073039415,2.700664131393298,0.15299442732360335,2.488673941798942,2.9817294973544977,2.535639880952381,2.5764302248677247,2.8315972222222223,2.9545386904761903,0.25516699735449766,0.5578243948841934,-1.0409312941170048,0.16,0.07118052168020873,0.1,0.3,0.1,0.1,0.2,0.3,0.1,0.7541980482736801,-0.7022160664819932,285.3958790846753,32.652178978343365,236.186560802219,348.012105220662,256.37901075207213,261.2126701118633,302.4749683582861,338.7405606269097,41.2622982464228,0.45686258433475196,-0.8498026268141636,1.5166501422723135,1.267247520699462,0.0,5.934887409210205,0.25229653567075727,0.5848974287509918,1.854090005159378,2.7207587480545055,1.2691925764083862,1.6514789274101676,3.1316427352072314,0.4602466129517861,0.21377795327169336,0.0,0.881336568848683,0.18725462283425004,0.3458061618669327,0.5630919194483497,0.7505435290738329,0.217285757581417,0.14265970102022832,-0.23987511269118578
wdf_fake_350,1,10.382439609798395,1.1501902762133658,0.546805739494369,1.3328532469946122,2.5552540003997057,0.2646007380490265,0.27981754940239667,0.07161019401200854,1.847416073709177,0.1413793103448276,354.9665370921886,2.208401449795427,0.33246089070518914,0.4551629521110017,0.20620448367192026,3.312279922645913,0.0,0.0,0.0,0.0,0.01518716419460652,-1.4749195326453535,0.9008606869935469,0.08818567129917032,0.7184754395566793,0.0,0.0,0.0,0.0,0.0,0.0,0.0,0.0,0.0,7.209332108599908,16.047170288605514,0.06720158363363968,0.8675984133683666,4.60888671875,1.896207767983255,0.49988829482919384,48.96007628003983,0.5841404940030374,0.0,0.0,0.4935518819148257,-0.1560348800684493,22.654096504590406,21.332057002286245,0.06919325017556943,0.016298197815206417,1.0821704371222134,0.06964867618741266,10.382439609798395,1.1293854597251065,8.08434972522805,13.01056307443891,8.96920703916974,9.73920783760375,10.959833599124481,11.605398569466503,1.220625761520731,0.16048068555548725,-0.0019748983236618223,1.1501902762133658,0.08307240564306313,0.9693534830478776,1.3235482384465167,1.044738768314717,1.0907314624165338,1.2159317287590883,1.2286794537167873,0.12520026634255443,-0.3880455476131791,-0.3808221367441207,0.546805739494369,0.00903559279712318,0.5261371860517735,0.5671437550918348,0.5367308561966214,0.5403337142833038,0.553473121965316,0.5564321527721054,0.01313940768201216,0.08464055974588476,-0.21074380155009287,1.3328532469946122,0.1897128007721426,0.9405088550760788,1.7550413857019591,1.092852971316217,1.1907395898073339,1.483465366073694,1.5144397291026284,0.2927257762663602,-0.2294311339898843,-0.42146495044104704,2.5552540003997057,0.8433522031859709,1.2084332521928318,4.253709936864682,1.5029127504862938,1.9251414702937197,3.1301213414303173,3.6085283756941187,1.2049798711365975,0.34929656227625105,-0.9051165305326303,0.2646007380490265,0.016431788638583217,0.23586212659507394,0.30501908992698634,0.24042675469956087,0.25589107974097464,0.272974497206794,0.28401163588425826,0.017083417465819373,0.35490211689531986,0.04331341612509343,0.27981754940239667,0.04315797470015815,0.13691097469284344,0.34937907160939957,0.23791656194380026,0.27592789439982224,0.29937474111929663,0.3104450732301126,0.02344684671947439,-1.5861046574964404,3.086551848541201,0.07161019401200854,0.004193150323981358,0.062269700960616084,0.07965536819326062,0.06483112789092385,0.07002898762420169,0.07453151605466725,0.07598164338073604,0.004502528430465558,-0.6005486001499766,-0.18533966589678208,1.847416073709177,0.16154416717264244,1.5723379629629628,2.142691798941799,1.6377314814814814,1.7392526455026456,2.002314814814815,2.066005291005291,0.2630621693121693,0.15122708928755701,-1.1984678067925638,0.1413793103448276,0.07200211385455553,0.1,0.4,0.1,0.1,0.2,0.2,0.1,1.9659604189091933,3.7329770221361853,354.9665370921886,78.73265686240578,202.19113327898762,454.67077215062847,240.90931802907016,284.7110787180611,421.328319983443,442.9752870336475,136.6172412653819,-0.44384160196254785,-1.2047868902386702,2.208401449795427,1.5500531781686182,0.0,6.512633323669434,0.7160149097442627,1.192671775817871,2.9874632358551025,4.386626625061035,1.7947914600372314,1.137697334819357,0.635856397828074,0.33246089070518914,0.17039254823650354,0.0,0.71562090285381,0.15308572814250745,0.1918053888558185,0.4380363614207611,0.5897663511773814,0.24623097256494259,0.367767350462064,-0.5814217207655519
wdf_fake_8,1,8.866249696396373,2.1168111813457595,0.5221410917482416,4.5507052620729915,0.1742985573586101,0.3011199818850574,0.20746594870908971,0.06528330354928531,2.89437003968254,0.19666666666666666,259.3263204532457,1.0888369530439377,0.4572988564166086,0.6497789254242465,0.2623611530597428,3.148247060673323,0.0,0.0,0.0,0.0,-0.004227575049318212,-0.30290219850859856,0.9502072257532259,0.06353170417863611,0.7404014307729221,0.6487513351878194,2.498929562675948,0.0,0.0,0.0,0.0,0.0,0.0,0.0,6.912236921263113,3.593456536500058,0.030983071073563302,0.9603264272048556,3.165173760775862,2.139484450595769,0.3317947673142624,35.04736556923115,0.02527041209249589,0.0,0.0,-0.3039656869782037,-0.16629347052542878,15.314809314842622,10.53570278609667,0.582214860481916,0.015561373283671595,2.0369028131167095,0.06784610481213382,8.866249696396373,0.5560709795643789,6.438599010475167,9.450323863748933,8.474607706730968,8.732660998242578,9.201702470023761,9.292981226252833,0.4690414717811837,-2.8052758988251743,9.499786891159637,2.1168111813457595,0.25385319051086425,1.4679775206557997,2.451601358515652,1.664205943203992,2.0475823909177278,2.2900778578617125,2.324751736401224,0.24249546694398472,-1.1092041155740635,0.21267294200087283,0.5221410917482416,0.01796710077802399,0.49922066732747616,0.5642854795196894,0.5054173750645607,0.5103954951903,0.5255467978102277,0.5470413251966397,0.015151302619927698,0.9882056932413619,-0.049482781571783985,4.5507052620729915,1.0065146683928297,2.1574213899795294,6.020325487183069,2.772541722125377,4.198429886050718,5.251565493305268,5.410686834739477,1.05313560725455,-0.9160951789924824,-0.11995230076023589,0.1742985573586101,0.0437050308334136,0.08618566100008927,0.22661461540289968,0.11235699512763699,0.12742530665022583,0.2116599843468203,0.22059393667122806,0.08423467769659446,-0.6167788621943419,-1.0934585928446943,0.3011199818850574,0.008376631882956719,0.2780281904787585,0.31562400800234736,0.2900691403721121,0.29721266596805407,0.3063362112366571,0.30795733579910306,0.00912354526860304,-1.034333507092007,0.4823236074034267,0.20746594870908971,0.02232266601104383,0.13796495231022177,0.25653770615049376,0.19568574478803286,0.19934873474215858,0.20853323513575295,0.24620678893268827,0.009184500393594364,0.0806450328281006,2.371589964758382,0.06528330354928531,0.0028823102310565583,0.057798317769736686,0.0691885354344873,0.0615045858262728,0.06429911997320506,0.06705012744990504,0.06788131569468213,0.002751007476699985,-1.2691951218204354,1.0159052825468535,2.89437003968254,0.14107856117297696,2.3625992063492065,3.0676256613756614,2.7335152116402117,2.8753100198412698,2.965029761904762,3.0188657407407407,0.08971974206349209,-1.9544156143181015,4.603782981626969,0.19666666666666666,0.0706320670013903,0.1,0.3,0.1,0.125,0.2,0.3,0.07500000000000001,0.04708781109710229,-0.9955605378941565,259.3263204532457,28.01733653834052,137.7312414759028,311.8447469080484,248.87938682738258,253.00247722110822,266.19265051947184,286.3754854209928,13.190173298363618,-2.209809448770221,9.729684612004336,1.0888369530439377,0.9490842195684075,0.0,3.9178223609924316,0.2585822343826294,0.38842011988162994,1.6068982481956482,2.212425374984741,1.2184781283140182,1.4007469897627123,1.5660229120817641,0.4572988564166086,0.23155661073415856,0.0,0.9398429136767271,0.1672904859135215,0.35016631464567965,0.6125400871045612,0.7945790149186008,0.26237377245888155,0.27418480624021624,-0.47722648513988775
wdf_fake_394,1,13.865774433049882,0.9429330526954863,0.5711234967535913,0.8956584215789214,1.4461065572907494,0.3176611126142626,0.33292197329360973,0.06646343996926589,1.9777667548500881,0.19666666666666663,191.92844469127974,1.7215404957532883,0.4993395130222782,0.602464073899904,0.20253695703183197,3.2378715962462836,0.0,0.0,0.0,0.0,0.04657414547830337,14.862963601721956,0.9514495090370015,0.058055338172638485,0.7784243252256898,0.9662066711917429,2.599581229486861,0.0,0.0,0.0,0.0,0.0,0.0,0.0,5.815953347375523,5.704905547001734,0.04453241376138942,0.9744317731285107,6.725754310344827,2.4149745312493742,0.8164009284517989,17.881837393071404,0.0743401394789064,0.0,200.0,0.6508635558385029,-0.14212208708011678,28.208915645403586,9.767234986086315,0.4206408547858294,0.007902558680466657,0.9116746544837951,0.03930452689746711,13.865774433049882,2.345797611048442,10.646156720261914,19.27731392792484,11.42504573001016,12.344315762785838,15.072893899034911,17.91728444880556,2.728578136249073,0.7970510417486939,-0.3282220096161752,0.9429330526954863,0.07409611515509343,0.8047692886810719,1.104831235334432,0.8621695604922861,0.8917873236874143,0.9810807041069834,1.0439084765472741,0.08929338041956913,0.46490545865204924,-0.25812606706856034,0.5711234967535913,0.014121978171776023,0.5419334748647339,0.5932339518969372,0.548785786787302,0.5610206080416716,0.5828330165086705,0.5838970676981317,0.021812408466998834,-0.7121740415590526,-0.7240558108723718,0.8956584215789214,0.14264110177532552,0.6483459860533819,1.2219998619833,0.743579001682641,0.795931465918177,0.9643093069703974,1.0901098000217087,0.16837784105222042,0.6358822958472702,-0.09481068338754906,1.4461065572907494,0.9939834280003298,0.5833460118812654,3.899800786660101,0.708700789391917,0.8795964433487791,1.6200978613691384,3.168107941162128,0.7405014180203593,1.562669868764457,1.0221889678406901,0.3176611126142626,0.03454067184712948,0.27032752154678613,0.3926098595893467,0.2815926458756074,0.2955138140987806,0.3384230666687428,0.3751747365328303,0.0429092525699622,0.7523196267998445,-0.4625347840205949,0.33292197329360973,0.03384675752323071,0.26706227477280975,0.40853889274736954,0.2968838105939452,0.3048059534998739,0.3470428058941673,0.3823134420511682,0.04223685239429342,0.43976484456805154,-0.12608330259672273,0.06646343996926589,0.002533415171722912,0.06176064288068822,0.0745241385073946,0.06364932523796404,0.06452076729996545,0.06770914454687642,0.06908455703409903,0.00318837724691097,0.816766675566935,1.4659540509336129,1.9777667548500881,0.17273959906337633,1.6703869047619047,2.407903439153439,1.7112929894179894,1.884837962962963,2.0983382936507935,2.15645667989418,0.21350033068783048,0.22760379086546503,-0.08955888705332615,0.19666666666666663,0.08359957469322968,0.1,0.4,0.1,0.1,0.275,0.3,0.17500000000000002,0.4049383783331503,-0.6929160526841245,191.92844469127974,42.94613837432726,126.5696587310485,339.30965905816635,148.7240660827055,159.1525749234646,213.4274085554129,235.06342670192234,54.2748336319483,1.0923501962329782,2.311720992026343,1.7215404957532883,1.7586837510280033,0.0,8.054620742797852,0.5713299214839935,0.6943756937980652,1.6729868650436401,4.180315017700196,0.978611171245575,2.1807789041440517,4.279686755178778,0.4993395130222782,0.25059879491818227,0.0,0.9599959830884358,0.19315367640100217,0.2736777130017899,0.6698543556045579,0.7722630662234323,0.39617664260276797,-0.11740002222212488,-0.9775743710034939
wdf_fake_10,1,5.059316972416423,1.1847828284488695,0.5542509725110991,1.546618064669978,0.5214179581479654,0.24182546937793306,0.060725174769968325,0.070840056804459,1.72370205026455,0.12250000000000001,266.3355365823006,1.9312303520739078,0.3510099724528805,0.367119500841981,0.2763487203771755,0.0,0.0,0.0,0.0,0.0,-0.0015424458323591034,1.3613270912231747,0.7716514926213976,0.1556522992732484,0.15390965068762066,0.0,0.0,0.0,0.0,0.0,0.0,0.0,0.0,0.0,4.7119036657115565,3.1956726542863296,0.07500503122400788,0.9239200785947679,4.026867988782051,1.2220779795415548,1.0355446537519546,7.262816725460351,0.27352064896063116,73.46938775510205,200.0,0.846612060282041,-0.1876841360755083,10.824603475884123,12.226136888322932,0.36762157630412445,0.050548131876477886,1.23085123822093,0.1843183349444839,5.059316972416423,2.3766990576773774,2.7343771092789697,11.171841968627893,2.887896807728439,3.6497893753703643,4.700315744097692,9.401529430321201,1.0505263687273274,1.4116006094893643,0.55723072721853,1.1847828284488695,0.37635295683241216,0.5139164436704701,1.6656944098300934,0.659646450421967,0.7575155247703449,1.5216874894743893,1.5946242994455517,0.7641719647040444,-0.43343674589067754,-1.3774310616395362,0.5542509725110991,0.035920663011102444,0.5024375501893001,0.6412633902941358,0.5162182730506982,0.5250242939351863,0.5863112163995875,0.6031755288840126,0.06128692246440115,0.5643452207119245,-0.7773004374551529,1.546618064669978,0.8365675933356571,0.26417906475394565,2.7782091651126533,0.43539330841760504,0.5740526606228897,2.317858329428118,2.5441361108647067,1.7438056688052281,-0.21160953466836924,-1.5006170407827004,0.5214179581479654,0.6244528031133811,0.14331921721111687,2.9273397002354358,0.17803405125959,0.20407595651066546,0.4652897837264347,0.8939953692874859,0.26121382721576925,2.9025059142918797,7.9702950364869185,0.24182546937793306,0.053884917669643664,0.1799869633906603,0.3679674193597284,0.19612438388266165,0.20518278764641557,0.23827699980087533,0.3451266971450943,0.03309421215445976,1.2555378532261419,0.18644801010044043,0.060725174769968325,0.03246908231379025,0.004888455564716814,0.11855331274169302,0.009830023203949554,0.035642460185653896,0.08779842129629997,0.1031349338644941,0.052155961110646076,-0.20476964310700743,-0.957014754485443,0.070840056804459,0.004896693286601863,0.06089865731155535,0.08340513531321007,0.06427155450200853,0.06728377613779508,0.07328174726352182,0.07698185189648074,0.005997971125726739,0.33536975289220056,-0.059758201568616,1.72370205026455,0.3746594075474905,1.0442294973544974,2.3777281746031744,1.1325314153439154,1.4237144510582012,1.9830315806878307,2.1885333994709,0.5593171296296295,-0.13934281647080118,-0.9557529357621815,0.12250000000000001,0.04175823272122516,0.1,0.2,0.1,0.1,0.1,0.2,0.0,1.3171055481963494,-0.2652329749103939,266.3355365823006,46.88980169628859,154.37458625853466,378.24050511078894,200.70376677244371,248.83386009141773,286.11694346050257,322.4119365973047,37.283083369084835,-0.1234761523678506,0.5333486314760427,1.9312303520739078,1.3868867544195767,0.34167593717575073,6.859661102294922,0.6213180899620057,0.9085754305124283,2.421263635158539,3.240240502357484,1.5126882046461105,1.743347605455653,3.4879579063345876,0.3510099724528805,0.15282869648953357,0.05404564467903317,0.7062509379214567,0.16896643548488396,0.23410689170133608,0.45882970481547397,0.528083499369488,0.2247228131141379,0.3696114182108021,-0.4190890732640473
wdf_fake_59,1,7.153292017296379,1.1324863731259065,0.5479459089326224,1.294639441416682,0.7148997568272603,0.22993918058324725,0.07773238833583453,0.06487045855230074,1.9320464065255727,0.12000000000000004,658.8908715342134,0.9469712773958842,0.3744779296847165,0.7326012337979454,0.09883741314233914,3.169760717276294,0.0,0.0,0.0,0.0,0.047880928638856415,3.6465024739184457,0.943080153451542,0.06673997345628373,0.7765626528659726,0.9873258381148968,3.0565647608251982,0.0,0.0,0.0,0.0,0.0,0.0,0.0,1.993823513635652,1.862575912357792,0.021111766955657096,0.9811597030576987,2.8340853987068964,0.9869368354446934,1.1501417435894719,48.47729883147724,1.6693676071118564e-11,0.0,100.0,0.0757327089788654,-0.13749686385752027,18.46874659017922,14.47688552606169,0.4227612493976642,0.006501390461058739,1.2708388129870096,0.03707715502381259,7.153292017296379,0.3803421328295943,6.102867092056759,7.787689909704673,6.75611173870615,6.8444540962416465,7.336030457142046,7.653913907216766,0.4915763609003996,-0.36886272593215697,0.13559939074535787,1.1324863731259065,0.07239443052906123,0.9896208468169047,1.2887767277510684,1.0308712326324954,1.0940889165088952,1.1827825314864377,1.230612902485158,0.08869361497754258,0.06255043995569969,-0.4378683038990041,0.5479459089326224,0.008901485228835378,0.5336415151907904,0.5662693421477771,0.5373106844605807,0.5411730694681534,0.5529329536123245,0.5631674890274451,0.011759884144171173,0.5192490940427708,-0.6683350480263974,1.294639441416682,0.16483391567294112,0.9844115574348132,1.6677078468005604,1.069105162518984,1.2037011569157037,1.4054536129275228,1.5240492102855918,0.20175245601181913,0.20737859554437804,-0.4179465625857044,0.7148997568272603,0.10644093065354643,0.4341082956321579,0.8964985502534103,0.5974978117501043,0.6372076430958168,0.7901655330565505,0.8376720323659196,0.15295788996073367,-0.6513883990144778,0.25722927734157075,0.22993918058324725,0.005995290049985557,0.21438327225734408,0.2422921036034015,0.22440471306633822,0.2256367427691117,0.23430839705290568,0.2379267610657407,0.00867165428379399,-0.0754936151089568,0.0783044357833198,0.07773238833583453,0.013644418059319159,0.054361872166103865,0.12428124740628084,0.06111145202459368,0.07028372086743274,0.08575993366328725,0.08800841245334848,0.01547621279585451,1.103531993239994,2.55269009535985,0.06487045855230074,0.002248979350608835,0.059141806112504886,0.0689801372980288,0.061974855428916266,0.06385600203280155,0.0664089172361345,0.0673036569820181,0.0025529152033329505,-0.6194652122840191,0.22561567794359183,1.9320464065255727,0.14021287749623418,1.5007440476190474,2.210648148148148,1.7875661375661376,1.8575768849206349,2.0123594576719577,2.082944775132275,0.1547825727513228,-0.6463909219005081,1.334298352202576,0.12000000000000004,0.04000000000000001,0.1,0.2,0.1,0.1,0.1,0.2,0.0,1.4999999999999971,0.24999999999999467,658.8908715342134,44.622956044617624,548.4242553067797,722.3300541341619,610.7878857399797,635.1213474185645,696.2044615616405,718.361572708154,61.083114143076045,-0.48914175338324273,-0.16263478934712206,0.9469712773958842,0.6180123272193524,0.0,2.98891019821167,0.40004845559597013,0.5087931752204895,1.1824029982089996,1.804057049751282,0.6736098229885101,1.402685532470769,2.06418724064536,0.3744779296847165,0.16721615470815024,0.0,0.638387769519688,0.1524516966542854,0.2784558070699846,0.515673297175119,0.5903922223160863,0.23721749010513443,-0.26504220807520956,-0.8692374812664974
wdf_fake_204,1,6.323552595224029,2.169886243159238,0.5227896113421637,4.77555903997297,0.4464702028474145,0.22404072777756381,0.04286838531165838,0.07465071369320175,2.9143738977072315,0.12333333333333336,490.332623941031,3.0622173806031543,0.3702342185174023,0.3669519851938438,0.2497920819403718,3.3829564248917614,0.0,0.0,0.0,0.0,0.012535452625641921,-8.391870184336723,0.7929208593376674,0.1609030771461433,0.4087961539896173,0.9437499317231073,3.1068905941583282,0.0,0.0,0.0,0.0,0.0,0.0,0.0,6.31490433469437,4.400844970438773,0.028399126382525834,0.85689255732086,6.055731411637931,2.1208825454936684,0.8598225648431185,11.944477856043626,0.10237108535567764,0.0,133.33333333333334,0.8469710851334856,-0.14999174029220375,23.549748355018252,18.181172899930882,0.2739461955430206,0.027175405860846488,4.744374593098958,0.15601901191754286,6.323552595224029,1.5244279134321206,4.5466604370073895,10.871799172021511,4.820166043755657,5.3449274425374185,6.720306255957663,8.671359142050132,1.3753788134202445,1.248558065419415,0.891758682480071,2.169886243159238,0.22737646430217334,1.7435338963222347,2.7519568044029534,1.8785969967895226,2.0329798793439835,2.261941588712673,2.419535989023998,0.22896170936868954,0.5984612935339864,0.31804389345897377,0.5227896113421637,0.017536139377659892,0.49166941559727295,0.557394015931811,0.49953884156482653,0.5095664242054785,0.5369853958402095,0.5469151120609177,0.02741897163473106,0.13834044031973627,-0.9210525133226666,4.77555903997297,1.0268279608429425,3.0452100144837577,7.58864448935178,3.5421916280609844,4.143003539211985,5.136923657267668,5.8728122818575805,0.9939201180556836,0.8943751135126966,0.7550800481287112,0.4464702028474145,0.18634162266221005,0.08819334913974307,0.8580480534009188,0.27025906295739494,0.3113747688433527,0.5775386979904837,0.7281756904171525,0.26616392914713105,0.4821694180777315,-0.5007410267764079,0.22404072777756381,0.02546639701865514,0.19293658505929703,0.289960025644378,0.20190208395410816,0.2075191480733915,0.23283527356567926,0.26423020000150443,0.02531612549228776,1.098655753291594,0.17025494889063308,0.04286838531165838,0.023256681923878548,0.0013183823509371592,0.08044238171778832,0.012673929440079104,0.02445298620344213,0.06183544575048397,0.07209164562286624,0.037382459547041835,-0.11623074750864941,-1.061295404009017,0.07465071369320175,0.003519466677752799,0.06458430875490236,0.08138733403608688,0.0711475407359534,0.07258503936529455,0.07711459808315001,0.07942985309246609,0.004529558717855459,-0.46595087068578606,0.6514469788137589,2.9143738977072315,0.2557890970882828,2.4403935185185186,3.4969411375661377,2.649206349206349,2.6765459656084656,3.0693411044973544,3.22765376984127,0.39279513888888884,0.4303456390556277,-0.3790972255339464,0.12333333333333336,0.04229525846816507,0.1,0.2,0.1,0.1,0.1,0.2,0.0,1.26097664998256,-0.4099378881987601,490.332623941031,79.82174178572015,364.6532001324427,746.7253372796541,413.4354715562409,443.3076471165513,518.8495550570605,563.5995798720902,75.54190794050913,1.2784014435663231,1.9453702328556224,3.0622173806031543,2.2002549089704693,0.0,8.393963813781738,0.7719747066497803,1.3572507500648499,4.604785442352295,5.905820798873902,3.247534692287445,0.8764789762782644,-0.09385521777979022,0.3702342185174023,0.17530381245292156,0.0,0.8400385762376215,0.1615348109440653,0.26608333534345385,0.4431802705000476,0.5520308655800745,0.17709693515659375,0.30232465180956,0.6804048968012228
wdf_fake_175,1,11.304499707363568,1.1945187545351441,0.5513517913663448,1.4612411689978986,0.5522974781930898,0.337646209800272,0.11385241152968922,0.07276952088775038,1.9863040123456788,0.10370370370370373,311.71793078676046,1.5716088513533275,0.21015331965103592,0.4770599625164219,0.17462899634136808,0.0,0.0,0.0,0.0,0.0,0.031123455980343422,24.516148178064654,0.9085958420915179,0.08049408904445952,0.6317126013538106,0.0,0.0,0.0,0.0,0.0,0.0,0.0,0.0,0.0,4.190266407544572,5.819133728594066,0.05295909094970265,0.8051186695064203,10.565993088942308,2.475377036682188,0.5633870685601536,9.91600595437625,0.054580553592165924,0.0,0.0,0.628470820141497,-0.17393641476684876,15.102200939609519,14.681535725500023,0.3752597736457622,0.014498889456440567,1.8519533144103155,0.21412477596641977,11.304499707363568,1.476824923721308,7.674692965969625,14.587924397868012,9.818556451720164,10.468884562133546,12.360942990471433,12.701844848982148,1.8920584283378865,0.127025655980585,0.524502365409619,1.1945187545351441,0.18433273885708157,0.7444643070636171,1.4750587340873393,0.9763349859293718,1.0621843211013386,1.3475112555170852,1.4009010365064245,0.2853269344157465,-0.4821331849954858,-0.4625433372592793,0.5513517913663448,0.017663393452079398,0.5285452128869903,0.5994801283513783,0.5315663110403065,0.5364615252494009,0.5617538904456487,0.5752685890268314,0.02529236519624778,0.9247734440493922,0.26130007628736607,1.4612411689978986,0.4256899459580368,0.5542487667567794,2.1758512674749118,0.9545053780472486,1.1287239627890016,1.816286932017959,1.9627415282973568,0.6875629692289575,-0.18486852722178382,-0.8622080539669166,0.5522974781930898,0.13099331571733688,0.2702041871860204,0.8083746857706083,0.35563028645116423,0.4651909324238484,0.6311098704362867,0.7274902198788508,0.16591893801243834,-0.30024112205967257,-0.4417960100157061,0.337646209800272,0.030599584919496856,0.26352860379283477,0.40486976841094546,0.30233416987266665,0.3225471542581737,0.3574282897806371,0.3701769193194921,0.03488113552246341,0.04941473379451463,0.2252038383838002,0.11385241152968922,0.019665283624533205,0.07908949974898768,0.1440006915019689,0.08425571480291745,0.09482048131123097,0.12800192742659552,0.13587946961705943,0.033181446115364555,-0.3409611660467059,-1.209948628776186,0.07276952088775038,0.0019486309388069868,0.0698282321545599,0.07767973349182716,0.07060666720871871,0.07134206748736677,0.07390216015468336,0.07543810558954012,0.002560092667316591,0.7886577541026564,0.11801626661149545,1.9863040123456788,0.15930610477132118,1.5895337301587302,2.267526455026455,1.7729001322751323,1.8919064153439153,2.128306878306878,2.1713789682539684,0.2364004629629628,-0.4194883767313152,-0.26921320368232093,0.10370370370370373,0.01888525745775106,0.1,0.2,0.1,0.1,0.1,0.1,0.0,4.902903378454595,22.038461538461508,311.71793078676046,35.67843648080126,204.24797469682537,383.9378719219745,277.5512761316431,293.78509181333527,331.09620750589863,344.16872198848625,37.31111569256336,-0.7078067427286043,1.5599809494509893,1.5716088513533275,0.6103613627653363,0.4615384042263031,3.038573741912842,0.8809926509857178,1.1188021898269653,1.9152793884277344,2.1875529766082766,0.796477198600769,0.4720976265913728,0.1443669704643118,0.21015331965103592,0.12488811892336414,0.03048320762084521,0.5004318430709117,0.06527728923879535,0.10473381146054489,0.28325064859687415,0.39771817870329373,0.17851683713632926,0.6009939946045914,-0.5012462077271587
wdf_fake_76,1,4.342428979594542,1.081913427454946,0.5716389650707299,1.1894455875261007,0.2746681628136026,0.18606400175082338,0.037647202155687405,0.08150668806423839,1.6443700396825396,0.1166666666666667,365.19960379941296,1.3792727927366892,0.364486541291328,0.508797704719122,0.21956181085757148,3.2903602474863565,0.0,0.0,0.0,0.0,0.0079155275131415,1.6584205800023848,0.8371820486828268,0.13167540359319796,0.5340022004657365,0.4976953098233233,2.7898980943036262,0.0,0.0,0.0,0.0,0.0,0.0,0.0,4.725336852661155,5.833363048174217,0.03474608428271702,0.9605751768600043,5.765389278017241,3.3061877422602604,0.5196682556453562,23.032272916840245,0.012539078306155282,0.0,0.0,0.8533934510830604,-0.18774311475137498,13.208060507642466,9.392187685422476,0.19879189112068954,0.02176143059671567,0.6303062657515208,0.11100789679326062,4.342428979594542,0.8037143681936125,1.2516338787381014,5.454073340404702,3.6388858647593563,4.102045040907169,4.775288286374513,5.232459911254012,0.6732432454673445,-1.8278815861648385,5.036939163510171,1.081913427454946,0.12235607910292151,0.663489707630373,1.3776008489140943,0.979055941306709,1.0127099391277752,1.1281553743049748,1.2158793855563157,0.11544543517719963,-0.677837426632894,3.1368505581309005,0.5716389650707299,0.01730318570120377,0.5375681427889951,0.6448335403141039,0.5549478894613942,0.5621962266025626,0.5774427815262069,0.5817568058671626,0.01524655492364424,2.134574728205711,8.35698024693808,1.1894455875261007,0.25701121808698496,0.44215755855216465,1.902048333984484,0.9625482418033401,1.029606118184313,1.2783468890534193,1.4830470944705256,0.2487407708691063,0.10018091560287826,1.9140598301611726,0.2746681628136026,0.3122274078357708,0.0426592162691884,1.5707111912862342,0.09476655393265421,0.10675646511592729,0.35554513860713716,0.6404208298306178,0.24878867349120987,2.561905197525597,7.3289466954908775,0.18606400175082338,0.02266458475527358,0.08597426430946054,0.2122195158120214,0.17159078928615995,0.1812377000283063,0.19749035500117113,0.2067802147339492,0.016252654972864822,-2.828203423180445,10.04253487143716,0.037647202155687405,0.034385884153830835,0.0017932616206261837,0.15196578383562626,0.006786198053101511,0.01048554847388178,0.0663762502635498,0.07638974864582312,0.055890701789668026,1.3006560245989056,1.7053270933923246,0.08150668806423839,0.004772716814546849,0.07204331593367473,0.09574813532745914,0.07699356426287486,0.07808984908251577,0.08511829097347853,0.08697184703228038,0.007028441890962758,0.7091109674296379,0.8211233579799448,1.6443700396825396,0.23587010872752848,0.8444113756613757,2.1217757936507935,1.4895006613756614,1.5471230158730158,1.7699446097883598,1.8367146164021164,0.22282159391534395,-0.9828536282720226,3.056352270593652,0.1166666666666667,0.04533823502911814,0.1,0.3,0.1,0.1,0.1,0.2,0.0,2.7818931646792704,7.069393718042361,365.19960379941296,122.45356267223141,251.7595009984981,989.0686202860426,289.74759719530016,315.31259158656457,374.3663389076346,392.17085579877227,59.053747321070034,4.3445393804437975,19.510114038461772,1.3792727927366892,0.9783157049872822,0.0,3.481901168823242,0.47839271128177646,0.5825921595096588,2.290138006210327,2.6038255691528325,1.7075458467006683,0.5861703457283848,-1.0000567446015314,0.364486541291328,0.16875406623726794,0.0,0.7643476805045912,0.17678101424684864,0.2338965214639233,0.4589264694138116,0.5706451164768264,0.2250299479498883,0.2528864686901962,-0.12190275756118174
wdf_fake_92,1,7.67400446699414,1.4837171303059136,0.5777362470209987,2.255203574391003,1.7014986885769217,0.2779821793347567,0.14731560092301418,0.08888639962596276,1.6996472663139328,0.14666666666666667,208.98581425293744,2.6053098142147064,0.3654316394741119,0.2780948764191082,0.22737334307131699,3.4021438909390196,0.0,0.0,0.0,0.0,-0.005567635910831382,9.239575773991318,0.8302415643959645,0.1299943290630112,0.5619241375678641,0.8936722376909749,3.3232314272024537,0.0,0.0,0.0,0.0,0.0,0.0,0.0,3.659739030185333,6.573511278793291,0.08279265582256871,0.8926544467517338,2.7105334051724137,1.165101297166599,0.6118469430702915,14.633296506931813,0.3298846652653868,0.0,300.0,0.968532975439962,-0.1975053611142877,15.427968835073964,24.773370621946363,0.26806818652611,0.021895128694053977,1.4133182009061178,0.21148993158778973,7.67400446699414,0.7655180318946941,6.3271992078536785,9.630689988669445,6.837240772312744,7.075507986546929,8.264222982954646,8.521074302063381,1.1887149964077173,0.39195400794858537,-0.35894799233383345,1.4837171303059136,0.23015474171694733,1.110172450073206,1.9764966794526182,1.1890542208982446,1.2950019419995316,1.6766227401625455,1.7577774612559578,0.381620798163014,0.2684321023869408,-0.9447414113837995,0.5777362470209987,0.027162003774760995,0.5380229664976297,0.6242323069971798,0.5466886775406615,0.5547017952228543,0.6047833296798637,0.6156779517035912,0.05008153445700936,0.24522471930839565,-1.3689309912071186,2.255203574391003,0.6988037634256818,1.2340633761836746,3.9066118170056066,1.4153333656880782,1.677451941604687,2.811350273043085,3.0908918729980592,1.1338983314383981,0.496480921956832,-0.6742323149985392,1.7014986885769217,1.4040190964481092,0.10761980690598527,4.433758255260491,0.17644433620006192,0.26398364943141406,2.610981825632985,4.021723701173849,2.346998176201571,0.5369405614625207,-0.9578805995163719,0.2779821793347567,0.01544571840679113,0.2489601035174812,0.31575632908010026,0.2632492878417007,0.2665458362810375,0.28728883793213217,0.29737088354633934,0.02074300165109466,0.37872922391063774,-0.15967946443953984,0.14731560092301418,0.017839037087654788,0.11024345919467068,0.1720371177475936,0.12420891313214479,0.13485936113266678,0.16114807331474024,0.1709450877201759,0.02628871218207346,-0.27140367177288843,-0.9894108286597763,0.08888639962596276,0.004127102457378718,0.07968080563388709,0.09516657163430159,0.08222366246023889,0.08695523115923905,0.09169147956994639,0.09227528418651405,0.004736248410707342,-0.9097251348393972,-0.24018067801192267,1.6996472663139328,0.28549892649579656,1.3991402116402116,2.219080687830688,1.4511987433862432,1.4937169312169312,1.985821759259259,2.1931547619047618,0.4921048280423279,0.7872250384170607,-1.0877556611391188,0.14666666666666667,0.06182412330330469,0.1,0.3,0.1,0.1,0.2,0.2,0.1,0.9730026977426538,-0.09816116819902687,208.98581425293744,36.81743789597247,150.15534907673214,297.8279982678963,172.78257974727399,182.0713988411499,227.97491271691143,270.2131545781604,45.90351387576155,0.7547396389469061,-0.19088776788766149,2.6053098142147064,1.8060815371505714,0.0,8.03947639465332,0.9833890080451966,1.2203951478004456,3.682676911354065,5.212264060974121,2.4622817635536194,1.0843986110058743,0.7503853634597131,0.3654316394741119,0.22983187782516312,0.0,0.8076809006187595,0.11442820429026242,0.15785747083401622,0.547707417922848,0.69552549457969,0.3898499470888318,0.30485808430884376,-1.176512124524269
wdf_fake_515,1,4.869122845210042,1.3153175185038313,0.534298344734427,1.8534717247671688,0.9112648722422523,0.20392174111078543,0.1533308461962559,0.06569510993306776,1.8630154168947275,0.13793103448275865,388.24645736932837,1.537508989202565,0.452471601645982,0.5597638640171833,0.26597804209542114,3.2876670530273198,0.0,0.0,0.0,0.0,0.050101538449389214,6.445041564908111,0.8673001386974392,0.16264233038411774,0.3643233201800115,0.0,0.0,0.0,0.0,0.0,0.0,0.0,0.0,0.0,11.892455802866984,7.099959183870386,0.07045584093493522,0.961306333792601,3.5213797433035716,1.2924419572951018,0.9464709783111418,10.87951614218702,0.21253607731198565,0.0,0.0,-0.6582154206965662,-0.24757806997259751,19.326207903491376,22.24229559381281,0.4835574977662229,0.015974940448750176,4.49658300342231,0.09678532417408969,4.869122845210042,0.6772236733564111,3.959227460263871,6.560426043656169,4.323306680705076,4.541681585540635,4.990037754201134,6.163943201500003,0.44835616866049843,1.3342276790589318,0.7393279803084698,1.3153175185038313,0.34452729267151333,0.8185234638908687,1.8076818532381376,0.9425258961823391,0.9914379259151518,1.6999942936518393,1.7283959263172397,0.7085563677366875,0.1531896805400114,-1.6830153981408895,0.534298344734427,0.02273184111058452,0.5063158589217671,0.587873692232942,0.5101826955014463,0.5119323659221827,0.5477955236977758,0.5669815038536571,0.035863157775593124,0.48478820686683965,-0.8186425931453152,1.8534717247671688,0.9297645485693316,0.6711706102117061,3.2745098039215685,0.8890855267081963,0.9856105823519923,2.899066927059115,2.9978964784523106,1.913456344707123,0.2574573421097303,-1.7152796002309387,0.9112648722422523,0.2481093992766508,0.41043117064231177,1.4163927398595948,0.6298128984035098,0.7222994563721918,1.0850083141968756,1.2309638070379978,0.36270885782468376,-0.042805692888605563,-0.24374999590025093,0.20392174111078543,0.012043574832146861,0.18639159019686716,0.2314665175219819,0.19457773775018808,0.1963463266389458,0.20816090712012972,0.22625056249302034,0.011814580481183917,1.018403466514083,-0.028153957127189155,0.1533308461962559,0.06355407888558814,0.003363223621785708,0.24338176910249465,0.09056704171152266,0.1146801361139129,0.21450205266987526,0.2397337986297735,0.09982191655596237,-0.08695111131470828,-0.772888330847195,0.06569510993306776,0.004096912126382968,0.05787315829494674,0.07323864224485313,0.06075624165187745,0.06175921298043394,0.06820689883852228,0.07029402953353567,0.006447685858088338,-0.15435877329238104,-1.1030808822175358,1.8630154168947275,0.40923225965445587,1.1388888888888888,2.402612433862434,1.3701223544973544,1.5884589947089947,2.3057208994708995,2.3796130952380956,0.7172619047619049,-0.0229991822223264,-1.3781202911769064,0.13793103448275865,0.06110360395403225,0.1,0.3,0.1,0.1,0.2,0.2,0.1,1.3748868653091442,0.772627692807005,388.24645736932837,93.39716276766939,208.1130507578369,585.396047365334,247.16554436514147,310.6440009710116,441.16706303051143,458.06560786668894,130.5230620594998,-0.28805654773822653,-0.5140389676142552,1.537508989202565,1.3628695017048391,0.0,6.039736747741699,0.44477694630622866,0.5733565092086792,2.3267548084259033,3.439535713195801,1.7533982992172241,1.5836395453979517,2.2031965705546748,0.452471601645982,0.26140053493967613,0.0,0.8154082761866105,0.09905288663071292,0.21404741898966603,0.6814730641714141,0.7479614497881139,0.467425645181748,-0.2697218553137211,-1.4293781016133413
wdf_fake_27,1,8.175357255408995,1.375270143995147,0.5312551873385258,1.9539057843036327,1.6673342111711345,0.2652214973576657,0.26076608729197515,0.07188288471231317,1.9728778963692761,0.14827586206896554,218.39052989359993,2.504442292040792,0.4597828094086037,0.0,0.0,0.0,0.0,0.0,0.0,0.0,0.0,0.0,0.0,0.0,0.0,0.0,0.0,0.0,0.0,0.0,0.0,0.0,0.0,0.0,0.0,0.0,0.0,0.0,0.0,0.0,0.0,0.0,0.0,0.0,0.0,0.0,0.0,0.0,0.0,0.0,0.04866372572255172,1.9301345964957928,0.21691903704310622,8.175357255408995,1.7063311079995398,4.01406525579263,10.48674482802196,6.2990141061610325,6.922761346458057,9.700640973155924,9.962083160457,2.7778796266978665,-0.5513308265053002,-0.6401694880444828,1.375270143995147,0.24812595440545204,0.977475779155107,1.770025901024918,1.0104199662495035,1.154388320923191,1.5436475964212155,1.729081327934741,0.3892592754980244,0.048059182433504245,-1.186724329935771,0.5312551873385258,0.017363757605544834,0.49572571932699405,0.567640458449714,0.5125977624322525,0.5175765473232129,0.5382544707405967,0.5559786489986221,0.020677923417383837,0.39808525479872897,-0.37392289328536643,1.9539057843036327,0.6882557637838818,0.9557007988380537,3.1343385880740233,1.0210034256147684,1.3329659286154245,2.3835549141821977,2.9916351569259803,1.0505889855667732,0.2633166667189704,-1.1685621963918318,1.6673342111711345,1.4197686943978698,0.4170017556979074,4.298064653513572,0.5068632209270085,0.5949750850948824,3.574488783042908,3.762003373224242,2.9795136979480255,0.8056490862154093,-1.2277072348366476,0.2652214973576657,0.03357416892658765,0.17964864693612417,0.30880154033257873,0.22776639250174036,0.2413298925506517,0.29526372778726817,0.2999204501199447,0.05393383523661646,-0.6310118567010862,-0.44237035793701196,0.26076608729197515,0.022850472273174553,0.21352770755604136,0.3006007832478074,0.22127720135554205,0.25099835089764205,0.2742296375047588,0.2880707213474561,0.023231286607116763,-0.5287864757269853,-0.4073468161371103,0.07188288471231317,0.004491215331242051,0.063319053927579,0.08254302163225857,0.06552164821390075,0.06961987572506088,0.073722925030687,0.07663525785316151,0.004103049305626119,-0.003178073474087818,0.08874396881892599,1.9728778963692761,0.2906333615095794,1.3365575396825395,2.392361111111111,1.5723544973544974,1.75380291005291,2.158482142857143,2.3283564814814817,0.4046792328042328,-0.562264883931861,-0.5471465977916581,0.14827586206896554,0.06757213083539801,0.1,0.3,0.1,0.1,0.2,0.21999999999999995,0.1,1.0684623226983914,-0.1140950520833326,218.39052989359993,45.11941332925961,151.68919981182717,378.30412118229384,170.98708135526238,188.91739796344098,238.13230640178395,267.47017793161615,49.214908438342974,1.4035767737226452,3.1795581524416976,2.504442292040792,2.3614344194972334,0.0,9.441497802734375,0.35606622099876406,0.574033260345459,3.811523199081421,5.22410316467285,3.237489938735962,1.249329163847892,1.0150410309965903,0.4597828094086037,0.21825545595475715,0.0,0.8846849500515855,0.20514003407787526,0.30539002661496795,0.5988175806107205,0.8151736847497785,0.2934275539957526,0.04842882179344211,-0.4051615966073583
wdf_fake_23,1,21.538685233760297,6.419371286696723,0.6323403608075384,42.445990476310214,0.6295602047801209,0.4526945151354479,0.03528867520082848,0.0546916435474513,4.0923816365626715,0.13448275862068967,771.8770263433868,0.9384635743396036,0.39245687526437567,0.0,0.0,0.0,0.0,0.0,0.0,0.0,0.0,0.0,0.0,0.0,0.0,0.0,0.0,0.0,0.0,0.0,0.0,0.0,0.0,0.0,0.0,0.0,0.0,0.0,0.0,0.0,0.0,0.0,0.0,0.0,0.0,0.0,0.0,0.0,0.0,0.0,0.003459909607570186,2.971708527926741,0.05910002592263219,21.538685233760297,0.8374146926471955,19.590363684698875,22.878427321103413,20.516652307574525,20.997229725793304,22.21852790362869,22.473754246526372,1.2212981778353864,-0.6046724518658861,-0.309839933849247,6.419371286696723,1.1109838901845412,3.9724386471200033,7.7880986153782334,4.542786253190064,5.920066274229598,7.222301644705611,7.479081201986878,1.302235370476013,-0.925093121915149,-0.34625641392134243,0.6323403608075384,0.014963650382049212,0.5995575043997299,0.657181344665531,0.6063236050323666,0.6270008100196198,0.6428025682376832,0.6490444120963436,0.0158017582180634,-0.6128660502057306,-0.26950217291246625,42.445990476310214,13.165684563024486,15.800669462223203,60.65625889046942,20.65742763620473,35.04780183964655,52.16239468799086,55.9397593073976,17.11459284834431,-0.701841581464126,-0.7217869110095165,0.6295602047801209,0.16837316083213272,0.35774381901102714,1.0031925009706446,0.45126575326092916,0.5056749822737765,0.7495457179997002,0.872292642095394,0.24387073572592366,0.616548463460006,-0.5946300699697185,0.4526945151354479,0.010784487873947481,0.425076981545386,0.4683478705576884,0.4376105582953477,0.44660702332255175,0.4612340968096059,0.4634327535390759,0.014627073487054165,-0.8798998221981866,0.04932165365383856,0.03528867520082848,0.020960081446277645,0.0007532600127373177,0.11503839547323953,0.018037296847767947,0.02244775811723563,0.04378797286242661,0.05235645227734035,0.02134021474519098,1.7842467122081747,4.924845392545217,0.0546916435474513,0.0020815348547934378,0.0492809668383263,0.060732367294853436,0.052486854150428336,0.05329921428399532,0.055575729577547674,0.056108410072148056,0.002276515293552356,0.3709645924433506,2.0187098115679323,4.0923816365626715,0.2692482892916792,3.2902612433862437,4.461722883597884,3.6849867724867726,4.043981481481482,4.2155257936507935,4.353224206349206,0.17154431216931165,-1.4797425852793784,1.7748892614647573,0.13448275862068967,0.054303502579391795,0.1,0.3,0.1,0.1,0.2,0.2,0.1,1.2843399940180549,0.6728668054110281,771.8770263433868,114.2064890646202,487.8953974903097,920.0635162653856,593.8611642715337,702.021754651311,852.0891323497509,877.327896884199,150.06737769843994,-1.064014396861473,0.18653304705180807,0.9384635743396036,0.9146155528930197,0.0,4.318262577056885,0.3102370262145996,0.3435421884059906,1.1259921789169312,2.1400699138641355,0.7824499905109406,2.0312728764735217,4.227815703142353,0.39245687526437567,0.20148995947429144,0.0,0.7394574974384276,0.17776704357132533,0.241545184095196,0.5482318773337518,0.6774233170744036,0.3066866932385558,0.09709412803177302,-1.0727474343167407
wdf_fake_145,1,16.298691438908236,3.6138346426177756,0.5941720442527139,14.558274695177506,0.3898327441372554,0.36181396713400726,0.07638485773594104,0.05528068741720942,3.6802717151675477,0.15,786.1455499377286,1.6328348149855931,0.4683469862916747,0.48888966468958894,0.3307877832936215,3.0798470067623382,0.0,0.0,0.0,0.0,0.0006827435131082282,0.1197743307701523,0.940597293740159,0.07007838638050486,0.6647567100890843,0.9987382904570754,2.523231427782502,0.0,0.0,0.0,0.0,0.0,0.0,0.0,3.9779585717514467,6.009781642263866,0.040130260593896176,0.8417178605383161,5.844625538793103,1.1946387559196834,1.1771563407084458,20.11786664537557,0.16241884371732287,0.0,0.0,-0.5474227944329705,-0.13809394146636564,12.819906648103332,12.176850864184432,0.4223487421804331,0.008204310892685378,2.1275375485420227,0.0500965661330649,16.298691438908236,0.6417098683882151,15.018056642036044,17.61036612826747,15.565747140457157,15.770765634844771,16.856445255450268,17.150153115747038,1.0856796206054966,0.16076280197712786,-0.9889379994473169,3.6138346426177756,1.2149918239062711,1.707487895317974,5.204750954063631,1.8068422211315913,2.9438025176892593,4.971908104096906,5.064071451301761,2.028105586407647,-0.004588352000523684,-1.420415918325933,0.5941720442527139,0.06418358041413809,0.5011431752186893,0.7121254885850512,0.5157200921734186,0.5365577625883952,0.6502614687941212,0.6628149761089319,0.11370370620572601,0.14222575958333933,-1.4362476815259264,14.558274695177506,8.853448043824187,2.927134404057481,27.11987146195793,3.2746757864515432,8.690454160124087,24.748782750510784,25.676698694736366,16.058328590386697,0.2457462364841778,-1.636649763971661,0.3898327441372554,0.10320889011814001,0.12600968239816004,0.5074048071655276,0.22101669251873562,0.35034288423611065,0.4582883939399102,0.47985356339052476,0.10794550970379957,-1.29486284940972,0.6170156879507416,0.36181396713400726,0.01077097173486229,0.34199888244152155,0.3804572785158573,0.34938593342201735,0.35281023449820814,0.37286737495360445,0.37589422261010264,0.020057140455396305,0.14987060647901623,-1.256485503292126,0.07638485773594104,0.01835601537802565,0.019009103493505975,0.11009149981693468,0.05695139610055824,0.06284881980764534,0.08910103009104868,0.09705644400546327,0.02625221028340334,-0.8451678398616669,1.126092691550837,0.05528068741720942,0.0022436600984402032,0.05257964375096711,0.06440658388604677,0.05313236155370039,0.05419504022626402,0.056241701136814606,0.05698341905477326,0.002046660910550585,2.1539084203578627,6.581429638575509,3.6802717151675477,0.5676862070608532,2.8802083333333335,4.515376984126984,3.075950727513227,3.171316964285714,4.262896825396825,4.448445767195767,1.0915798611111112,0.22112058578694208,-1.5761469610625365,0.15,0.06191391873668904,0.1,0.3,0.1,0.1,0.2,0.2,0.1,0.8426847162649548,-0.3062381852552001,786.1455499377286,72.28155699927127,651.4840180094305,934.6922430744395,688.2759171166949,726.0582166512463,842.7988582004215,872.9859563634022,116.74064154917517,-0.11366723932305609,-0.9466470345098408,1.6328348149855931,2.3771002406939443,0.0,11.202027320861816,0.2640460476279259,0.49449697881937027,1.6761659383773804,2.8792799949646017,1.18166895955801,2.9213844872907533,8.031578111298085,0.4683469862916747,0.26342538695773016,0.0,0.9207406252166155,0.15280528366471316,0.22371210511843326,0.6742446765330818,0.8550337529337443,0.4505325714146486,0.04747518848450996,-1.1217741782453374
wdf_fake_75,1,6.426481954759599,2.4039939710187026,0.542745992988575,6.631008704591723,1.0141481469582847,0.19607918380602873,0.26439086124360867,0.06046009442096983,2.8974661044973544,0.14999999999999997,787.2351421790502,1.7110063963170563,0.37595354010701604,0.5404860531163119,0.22963633533666442,4.003891328993558,0.0,0.0,0.0,0.0,0.01273686226808824,69.51800361161122,0.9072415783551764,0.11213872093146127,0.4356608463734169,0.9616534123322247,3.6105772413015744,0.0,0.0,0.0,0.0,0.0,0.0,0.0,21.174327360067522,7.029566134709542,0.04591324205193076,0.9064271905267965,2.146466619318182,3.009773786898697,0.42701167741082624,9.163195278906713,0.42499892442503573,32.142857142857146,200.0,0.9089573595723676,-0.1604537166284549,12.04833050395526,7.7476933045728344,0.3276707497816395,0.041195701591017035,2.5819523675101146,0.15523011021700628,6.426481954759599,0.8888381906172851,3.718366790627476,8.852942372183065,5.601312617363735,6.115366492236513,6.943143497059899,7.218097283579273,0.8277770048233863,-0.8479708185411602,2.2586746714765447,2.4039939710187026,0.9084265313292675,1.0486880827427,3.59240096831031,1.1662773881332156,1.6280101699898584,3.324165566813045,3.403467924467116,1.6961553968231868,-0.04346789007428679,-1.7245749321688741,0.542745992988575,0.027868445329159976,0.4999217543923222,0.5925779304353679,0.508289643648156,0.5148161694209101,0.5679963393969295,0.577706274214641,0.053180169976019376,0.05092270331649649,-1.5361862393299333,6.631008704591723,4.370134075218828,1.1052693761814745,12.962063943408003,1.3682592601258063,2.658698442487677,11.088135771073032,11.625636172192014,8.429437328585355,0.0888543246704043,-1.8478888826986808,1.0141481469582847,0.9553925091227153,0.1882407776561967,3.9260978329272676,0.20426109220495225,0.21648295817642796,1.55215774083066,2.2644977057775453,1.335674782654232,1.226030283569091,0.9455853336620161,0.19607918380602873,0.016093346459400033,0.15112012250483442,0.23960504333402297,0.17889611595970678,0.1876112651667461,0.20496384079666488,0.2105744143937296,0.017352575629918793,-0.45052811116778685,1.3486132328318252,0.26439086124360867,0.031350081220462074,0.15837147891687597,0.3033627698296194,0.21260033250581112,0.24881060366039875,0.28550775832533043,0.2938841095668383,0.036697154664931675,-1.2684619099015675,1.0446548096875548,0.06046009442096983,0.005298525337082162,0.05040658097254803,0.07162360478498805,0.053941943515370475,0.05631112317558842,0.06460006498629972,0.06872606880652835,0.008288941810711298,0.3635691842388338,-0.8426794031187885,2.8974661044973544,0.8786878500994794,1.6821263227513228,4.177000661375661,1.8784722222222223,2.067274305555556,3.7551256613756614,4.013599537037036,1.6878513558201056,0.0972071919381504,-1.740556000035554,0.14999999999999997,0.0654653670707977,0.1,0.3,0.1,0.1,0.2,0.2,0.1,0.9547032697824683,-0.22916666666666385,787.2351421790502,232.79987626897199,471.09733170970907,1161.533490344847,516.2705441583877,576.5105391098143,1018.5953476577924,1046.2673992807274,442.0848085479781,0.0762031247104232,-1.7736537921376594,1.7110063963170563,1.4083164628960168,0.0,6.752237796783447,0.4404118210077286,0.7807063162326813,2.1236321330070496,3.1184552907943726,1.3429258167743683,1.8063324787423627,3.674628485102631,0.37595354010701604,0.20240603719733097,0.0,0.9250542515172873,0.16638694715677527,0.22110165963497908,0.4990093543232774,0.6220602905964534,0.27790769468829835,0.7618260728086818,0.027721069443539026
wdf_fake_40,1,6.855468409883936,1.2630830184059796,0.5533589627748714,1.8372439671982002,0.7784458082165819,0.28050134444589553,0.07901983092299521,0.0787057983354537,1.6983885017421603,0.13414634146341464,194.70280746549548,1.2864960889990738,0.4014508275333064,0.5146935925416454,0.2364545591564144,3.7392373303355946,0.0,0.0,0.0,0.0,0.0083420477063941,1.2417521435202699,0.8794534039622472,0.14344902070337137,0.2576901694558476,0.7738485407479236,3.4086949678229246,0.0,0.0,0.0,0.0,0.0,0.0,0.0,7.768388119391319,12.034528781087197,0.07063029446169215,0.9097259446253784,4.52890625,9.020704304602175,0.46385657397185,8.20709722239862,0.09353125557046765,0.0,0.0,0.8703907251384488,-0.1955966501048063,17.580543881970492,17.891115929053303,0.34797131425627015,0.030595642239092072,1.328571807320525,0.09343421692092968,6.855468409883936,2.5243254639383,2.541101317251322,13.825941265996182,3.681280417644829,4.987551593997585,8.24055250378902,9.41600262985782,3.253000909791435,0.5621280745968275,0.7118469060743182,1.2630830184059796,0.48857794149632444,0.6715435975593629,2.2813156808006076,0.7477809282103222,0.8684379489221656,1.7095238135688275,2.0466652202830704,0.8410858646466619,0.7835700060019312,-0.7586360319095755,0.5533589627748714,0.03771428062338447,0.4732065866315007,0.6149687977425986,0.49858185413708034,0.5237948579532715,0.5802826290836792,0.595040545832987,0.056487771130407705,-0.5204217952875732,-0.8293687244997017,1.8372439671982002,1.4371450867222948,0.4516511946431289,5.2140804100148905,0.5601080065743133,0.7556059021726502,2.9360717658168083,4.196171603814916,2.180465863644158,1.073311491055708,-0.3660282092180358,0.7784458082165819,0.41065018960060157,0.3117346344401183,1.8908268107234014,0.4103809185062783,0.5071392812438452,0.855762462156951,1.5467573008036586,0.34862318091310573,1.3205664319235266,0.7706445717009078,0.28050134444589553,0.05923016307670136,0.1886603290319958,0.4049714178204507,0.22807315136543457,0.24299405947338626,0.3364148644879117,0.3723491627556567,0.09342080501452543,0.5969697765184432,-0.6485480839434197,0.07901983092299521,0.04317004938325216,0.005270426106344311,0.15032611315304334,0.01806314733970484,0.04327355803065254,0.11267403481994273,0.1447876742089465,0.06940047678929019,0.028500382149970444,-1.0350440485830708,0.0787057983354537,0.005099299989551141,0.07048835861995811,0.09288717638229699,0.07408389712523493,0.07503895908165435,0.0804400905603788,0.086277790706276,0.005401131478724452,0.8215461414134857,0.2652778268027638,1.6983885017421603,0.48938182633627014,1.1292989417989419,2.6248346560846563,1.2092427248677249,1.3356481481481481,2.2644675925925926,2.4923941798941796,0.9288194444444444,0.7195693300372277,-1.00968404011403,0.13414634146341464,0.052311245340310286,0.1,0.3,0.1,0.1,0.2,0.2,0.1,1.1713071265244637,0.3236105860113412,194.70280746549548,72.33058797283473,98.72967879997809,323.3146284611846,112.20630328182557,135.05747001564316,270.226413851368,298.70591306763504,135.16894383572486,0.43085648707971075,-1.2560283678269497,1.2864960889990738,1.0076200980126309,0.0,4.363409996032715,0.4143267869949341,0.5633201003074646,1.7939486503601074,2.756254196166992,1.2306285500526428,1.25652222409512,0.9570166515750653,0.4014508275333064,0.1819714830894886,0.0,0.8196050129451687,0.16608936486133444,0.28543198674866216,0.5142051167561533,0.5861465697013466,0.22877313000749117,-0.04993820112772331,-0.03398503680400067
wdf_fake_242,1,11.612420016705093,1.0594798075727427,0.554784811012937,1.1498494048481034,1.6905920383978004,0.2846086208862929,0.10256409226307031,0.06528285908667228,1.7849867724867725,0.15666666666666662,734.2883172872008,2.5201339503129323,0.4448490588421624,0.4120031344705502,0.2956190218860686,3.349021145479851,0.0,0.0,0.0,0.0,0.0024934580524646833,-0.7695865082353472,0.9071056825325112,0.09869246925349778,0.6009176120989342,0.9615520208580776,2.923231427492809,0.0,0.0,0.0,0.0,0.0,0.0,0.0,2.904632759563983,3.821152787565357,0.06203882538180739,0.9247237958629577,4.868433459051724,1.838238648061691,0.7868348927501415,14.045330908761464,0.3058617081797663,0.0,0.0,-0.4621686230148708,-0.1807151251375744,15.607666202253567,37.7671610478092,0.26472126676309926,0.0050375669165587415,1.5201186219851175,0.06203981510299006,11.612420016705093,2.834060736718712,6.363621303399777,14.963224850350361,7.6785591590867694,8.823974098935707,14.198057557079274,14.852302526536974,5.374083458143566,-0.37216022582279634,-1.3994103220249061,1.0594798075727427,0.1636198923807515,0.7169529237316922,1.315180528861015,0.8454179132460836,0.9377181807722836,1.1862896247433818,1.2585240130372324,0.2485714439710982,-0.3580845799336367,-0.7585309975446708,0.554784811012937,0.019976784985011348,0.5263497053787729,0.6043594947871362,0.5353913634303432,0.539475624961375,0.5668218753093915,0.5765559092244639,0.02734625034801652,0.9536252694622405,0.2715131362358254,1.1498494048481034,0.33841043858053305,0.5140378293905264,1.730561372694724,0.715287614348759,0.8795549895374073,1.4093118520786099,1.584668802361596,0.5297568625412026,-0.10092186671462787,-0.968919029837696,1.6905920383978004,0.6305130233950437,0.7485353433361616,2.8105495762684747,0.8641442874224791,1.1310601797193753,2.301175398949787,2.5542345767956336,1.1701152192304118,0.10815710212475449,-1.3181390499054186,0.2846086208862929,0.030878482303771417,0.21489343583411577,0.3198943325021726,0.23944870433901633,0.2614291984076795,0.3123946791768417,0.31675555966938007,0.05096548076916224,-0.5726921659868729,-0.9616463608486536,0.10256409226307031,0.05670955543211153,0.0035272631853061624,0.1873551965888092,0.045528824089695864,0.05618800196639381,0.16163794247707425,0.17133782165850517,0.10544994051068043,0.024277041613906487,-1.464995111673597,0.06528285908667228,0.004988259221994728,0.057472644217963484,0.07477517883420434,0.0596377187398188,0.06130939904151852,0.07002723053971324,0.07215206026190471,0.008717831498194724,0.3523453105664539,-1.1435552578918657,1.7849867724867725,0.381132560339749,1.2527281746031744,2.364335317460317,1.3197999338624338,1.35588210978836,2.1283275462962963,2.2394179894179893,0.7724454365079363,-0.10057569775227146,-1.589712180398245,0.15666666666666662,0.06155395104206463,0.1,0.3,0.1,0.1,0.2,0.2,0.1,0.6028296922687577,-0.5743500657889076,734.2883172872008,215.7578631148326,376.1701595927792,1028.1803061560029,452.389428353206,514.7683292893903,939.9565913847575,959.29587628172,425.18826209536724,-0.29623791814097944,-1.477625997676802,2.5201339503129323,1.9159908755471333,0.0,7.858841419219971,0.8340686380863189,1.1145245134830475,3.3032528162002563,5.73658585548401,2.188728302717209,1.2071903736747573,0.6343866310942445,0.4448490588421624,0.21042777366441806,0.0,0.9133430516123836,0.2031935621075295,0.31463297234857657,0.6169912045251762,0.686893910237383,0.30235823217659963,0.2476659168657418,-0.43122914709127036
wdf_fake_127,1,6.838691850160514,2.1948983698468663,0.5067990784978188,4.944348109179226,0.7305174362988758,0.23609386185552475,0.06120441484452454,0.07914394173234204,2.751289682539683,0.17,424.0453625021865,1.410873489578565,0.4551399139728694,0.49768546932437796,0.32312115350598064,3.196342403776622,0.0,0.0,0.0,0.0,0.00932464514068639,0.30582433600405506,0.9389218814386259,0.061403625050829976,0.7076812561952569,0.9717718837974483,3.2402239274910816,0.0,0.0,0.0,0.0,0.0,0.0,0.0,6.405732003375109,4.98011777749353,0.017108440921110468,0.9721102661415676,2.408910290948276,0.5844600062918163,0.8350625238314574,14.992787175211605,0.053959214521597215,0.0,100.0,0.9175699321057419,-0.19081658408670066,13.840668493498775,17.28093664896734,0.6622008257544584,0.019109911062450573,4.145688207944234,0.11479341796169462,6.838691850160514,1.1323321350666224,5.029992104857217,9.569628586499833,5.178173029605057,5.994943334619627,7.858675674112158,8.23798178837671,1.8637323394925307,0.3024982380114886,-0.6199759221714216,2.1948983698468663,0.3406207000002084,1.2786893615863704,2.550983878864792,1.4905268850377786,2.1769928024023733,2.3561731640798746,2.460876093130624,0.1791803616775014,-1.7716164365769567,1.9908633673998972,0.5067990784978188,0.02584665187610946,0.4706773039551706,0.5754260114839522,0.4855230864447615,0.4917281485539512,0.5118961224660507,0.5576123490636045,0.020167973912099457,1.4515056867710274,1.2751647089392657,4.944348109179226,1.2976076346122984,1.6361180783330118,6.525040780203381,2.2244063069069564,4.754290827659923,5.563388009695956,6.0688574401684,0.8090971820360329,-1.5257439156162,1.481768399322573,0.7305174362988758,0.2749468610390981,0.3962169752033555,1.326479701426536,0.4593008488209043,0.48589571778925833,0.878193754266041,1.1811494498208661,0.39229803647678263,0.6495256930563279,-0.6892800858336581,0.23609386185552475,0.02042997437923573,0.20356121165111057,0.28268853360051177,0.20704615346853286,0.21988318720463407,0.255558304867498,0.26168046896043856,0.03567511766286391,0.24105392098566722,-0.818164123514471,0.06120441484452454,0.027808138364375207,0.008964748413556784,0.10424541544378835,0.026997380526910246,0.03653148193587839,0.08848678471207946,0.0975851909770413,0.05195530277620107,-0.05390776450454383,-1.2692442029371118,0.07914394173234204,0.004291682051382771,0.07444720184577766,0.0904090513113368,0.07516610799530579,0.07633865214026798,0.07982198130881843,0.08719533148662455,0.0034833291685504447,1.5144393566135148,1.356802591597135,2.751289682539683,0.28673813816503585,1.9818121693121693,3.0719246031746033,2.2522156084656086,2.6542658730158735,2.9605654761904763,3.0125992063492064,0.3062996031746028,-1.359715559948026,1.0686525583461224,0.17,0.10049875621120889,0.1,0.5,0.1,0.1,0.2,0.3,0.1,1.6117632110728137,2.205077933535928,424.0453625021865,48.187687025724586,335.0866923046517,494.3607541828988,373.92508601323203,392.1632776368165,474.74752223952964,484.0347531648563,82.58424460271317,0.004169344830341175,-1.2652094762265256,1.410873489578565,0.9038927605267019,0.0,3.866170644760132,0.4500253736972809,0.6390214711427689,2.0387458205223083,2.4330078125000005,1.3997243493795395,0.5991508378217697,-0.08114487259913483,0.4551399139728694,0.22122947601544685,0.0,0.8785375714988956,0.15612377979005304,0.3248523509797567,0.5577959617011513,0.7898441542235602,0.23294361072139463,-0.09695750174104946,-0.41143680180037734
wdf_fake_144,1,8.41879187715489,1.428212920972653,0.5304807712525968,2.12310116831599,0.39145898360535125,0.3059031271086789,0.046529182121516986,0.06612286364664716,2.3868459106806563,0.1254237288135593,339.63843632893384,1.6690660313529484,0.5271926294305681,0.31274637553119405,0.20001382696126013,4.230021190659255,0.0,0.0,0.0,0.0,0.007092290322117762,1.1128063628111413,0.8363929874839842,0.19218266333276748,-0.12292714898972526,0.8444168998696843,3.085917578054996,0.0,0.0,0.0,0.0,0.0,0.0,0.0,11.868433499191788,5.2676562476743,0.08979885279082381,0.916147678606433,4.764379040948276,2.913186558983904,0.44173943993806153,10.045245487716048,0.2072242101804506,60.0,183.33333333333334,0.8403178037127913,-0.22740292239097243,20.079649697198377,16.464835406467717,0.6049142627792169,0.04222130002902566,1.3881437647140633,0.1950004303797025,8.41879187715489,4.198015755762572,3.5453874205207168,13.758153647278641,3.8584518181246064,4.146505636857435,12.570905057435198,13.311022607390207,8.424399420577764,0.01872242831824768,-1.9153765993453156,1.428212920972653,0.2873027432658306,0.9957450348543275,2.133859504996165,1.134143590398547,1.2411180048227237,1.638766862806482,1.9235990855070786,0.39764885798375826,0.8898986415327046,-0.1246273231538031,0.5304807712525968,0.01813884362929141,0.5002556502545841,0.5877446796366582,0.512098562356379,0.5209606484488076,0.5368153030342135,0.5501502695526757,0.015854654585405914,1.2906993763438088,2.179798817991986,2.12310116831599,0.8985665881822483,0.9928275317496874,4.555063208653721,1.2866501117521014,1.5406643873957908,2.686808601447857,3.701025322755873,1.1461442140520661,1.1822822079756452,0.423416224728272,0.39145898360535125,0.3268077825556715,0.07615480001354961,1.4729816857736555,0.09443450176592932,0.17228480725717826,0.4766730559549252,0.8737211244432017,0.30438824869774694,1.523391383330458,1.6607419786845838,0.3059031271086789,0.0625442461434018,0.22242008540159913,0.39060968441585275,0.23220614416085447,0.24252246153273938,0.36356072072942236,0.3841385838011111,0.12103825919668298,0.011354505351331388,-1.7834539709171005,0.046529182121516986,0.0370917447856173,0.004279707490873081,0.15104762000648925,0.009293555190792443,0.022260887742573572,0.0581218813860203,0.08672226927140997,0.03586099364344673,1.4577237451912994,1.7575156755663341,0.06612286364664716,0.009873453170126981,0.05335554606593506,0.08220817291208582,0.05487558081089013,0.056689173295096956,0.0759030391063319,0.07789502173087165,0.019213865811234937,0.08394234776058215,-1.7739397395057277,2.3868459106806563,0.8661255486607645,1.0911044973544974,3.868551587301587,1.330869708994709,1.5195519179894181,3.2239996693121693,3.3166501322751323,1.7044477513227512,-0.020288167228479953,-1.73402439746549,0.1254237288135593,0.047275680274513066,0.1,0.3,0.1,0.1,0.1,0.2,0.0,1.5997800779169753,1.5798435114756106,339.63843632893384,174.43317660148386,137.90351314898814,650.6091895569618,152.98871233802396,166.6316929981563,472.09689873457285,587.4400476885412,305.4652057364166,0.2453084979121222,-1.5346707143483012,1.6690660313529484,0.9756461236751383,0.0,4.583708763122559,0.6189171314239502,0.9454843103885651,2.1682430505752563,2.9351251125335702,1.2227587401866913,0.8843264346467932,0.4621374575870374,0.5271926294305681,0.2034863150122641,0.0,0.9623072007627331,0.28406893227309826,0.395663825294712,0.6451768188815399,0.8691762954425619,0.24951299358682788,0.18690105872429924,-0.19183507591668425
wdf_fake_2,1,10.430448760343932,2.403845455606516,0.4932308618294167,6.200918321666172,0.6747496341178282,0.25880055055484036,0.10542271058719023,0.06816166268422816,2.752951388888889,0.1383333333333333,770.1979828837864,2.481335015098254,0.34903124269965347,0.3338648764879857,0.3012051850292382,4.2475572579514385,4.440134370831642,0.11259986799358895,0.9757959884347899,0.0,0.005122159490429534,4.051762950875286,0.8565703402256301,0.18348447799440634,0.10183439613343336,0.9390528742156163,3.469576744287588,0.0,0.0,0.0,0.0,0.0,0.0,0.0,12.009117577539863,6.2806519081089505,0.022933742743739705,0.9239552138697905,6.956716763771187,7.979528495522387,0.5592526484301406,9.910505516397793,0.13895896196389398,0.0,0.0,0.723506803017921,-0.11562976358834245,15.25503262113544,19.408827879365518,0.48935946010422954,0.0320140122217491,3.985299430290858,0.24239281526662604,10.430448760343932,6.297773124968126,4.978462687652052,22.473258392201654,5.359126605741045,5.750875083194049,18.53035763821942,19.447484298644024,12.779482555025371,0.7244031244794265,-1.3893836088555085,2.403845455606516,0.6446030589486534,1.442559398915243,3.7293616951686563,1.7067206568509792,1.9243824522381539,2.897402493301652,3.458637869269394,0.9730200410634982,0.5269290881284114,-0.8729320863670633,0.4932308618294167,0.023147919573059818,0.4420434892924331,0.5296432581043542,0.45548543984151,0.4847814627569218,0.5102711155535133,0.5159439349215735,0.025489652796591544,-0.7670707410735844,-0.568227600644057,6.200918321666172,3.344038133718947,2.0826028772164604,13.94071236823152,2.9166311271036083,3.706123120937571,8.396202813532279,11.963920661343575,4.690079692594708,0.8453922301792802,-0.416084384116711,0.6747496341178282,0.6789497978694407,0.14248910960971542,4.0712339954220385,0.2329994568086935,0.2826061397162325,0.9316828950389212,1.2050866453890163,0.6490767553226887,2.777023351722514,9.551493940862457,0.25880055055484036,0.07231327094770323,0.1827472464902484,0.38941652431800006,0.19921117519738143,0.20621092269262337,0.3517237551491877,0.36243709510876515,0.14551283245656432,0.6889453428564419,-1.420843379766033,0.10542271058719023,0.05593206545802099,0.0022752077872161608,0.2284560192545938,0.035647421367748025,0.05991180454120997,0.15266366694154598,0.17612696937601446,0.092751862400336,0.18769940593461773,-0.9532831828955786,0.06816166268422816,0.006962921634592845,0.055310391521226826,0.08583935589400758,0.059313720714409955,0.06131653794648014,0.07342757402956987,0.07651557818983146,0.012111036083089728,0.15320315421480013,-0.6117330895584372,2.752951388888889,0.5755216121343555,1.546709656084656,4.135912698412699,2.071412037037037,2.2235243055555554,3.2234623015873014,3.388227513227513,0.999937996031746,0.07264999548412482,-0.6588589499111621,0.1383333333333333,0.06605973727535472,0.1,0.4,0.1,0.1,0.2,0.2,0.1,1.82170885445402,3.153008398158705,770.1979828837864,198.46970622482144,419.752866208805,1097.4307601754572,469.1412233813718,560.8033590505552,898.3794229971634,1032.050705272207,337.5760639466082,-0.23990564527700575,-1.0951070607812414,2.481335015098254,1.9892093067420618,0.0,9.838825225830078,0.7708281040191651,0.9545083791017532,3.7277690172195435,5.107179355621338,2.7732606381177902,1.4112130639492393,1.8231129286056023,0.34903124269965347,0.19845282066225917,0.0,0.9043642985973961,0.12443167144526744,0.20237530093473519,0.48664826210134926,0.5951659933923791,0.28427296116661405,0.6593588662425929,-0.14824187887929474
wdf_fake_120,1,15.095477350299706,0.9726955924685032,0.5562035399150028,0.9497652548769281,0.8941360295635249,0.5507549085107388,0.12634917125828743,0.07910831825438248,1.3498649691358022,0.11333333333333336,148.37519243256028,2.124380777279536,0.5694775476475463,0.3839229940666988,0.26039719351067436,3.26804519709578,0.0,0.0,0.0,0.0,0.012743680874771299,2.224564195130049,0.9359129110168576,0.04121010616968314,0.8549591793528146,0.9851510016819278,3.0062389273477894,0.0,0.0,0.0,0.0,0.0,0.0,0.0,1.2849968307739925,2.346496279916353,0.025352418118165167,0.8717926072187737,4.122002963362069,1.016260777108086,1.0011991409936412,76.21788572197612,0.5651725700134127,0.0,0.0,0.4563798139647631,-0.29964585900813717,28.31952256934216,9.12785037875376,0.2717316532730603,0.0053400943522570205,0.862276695171992,0.03075516984456861,15.095477350299706,1.2770192849962452,12.202277989680919,17.14623826065758,13.753042060741931,14.362388206595549,16.27315834244291,16.664649074927517,1.9107701358473594,-0.344520963515693,-0.42330067040065567,0.9726955924685032,0.05904097520269411,0.8666761928368265,1.0875279296295293,0.9021419641839898,0.9267728957068555,1.0168254891386561,1.0588640031888328,0.09005259343180061,0.17363075613916124,-0.8598655808675377,0.5562035399150028,0.008509398385809207,0.5382947723573028,0.5703637824980881,0.5435562707688769,0.5497789542732442,0.560597616402797,0.5669193406838634,0.010818662129552847,-0.27044668926918,-0.8282461116243853,0.9497652548769281,0.115598443849843,0.7511326745389033,1.1831039609622203,0.8139015595202858,0.8591065616524516,1.034195731883976,1.121259831677585,0.17508917023152448,0.2734626387048426,-0.8263984365600647,0.8941360295635249,0.2601714860724873,0.5168434815737414,1.4435299909904094,0.5474695644459686,0.6958722822045516,1.1296497559081762,1.2302115741976485,0.4337774737036246,0.30119379420677056,-1.1114246703483945,0.5507549085107388,0.03682646130715871,0.47327243049238626,0.6151715437759406,0.5123981328209957,0.5293319062224263,0.586002916006781,0.599835158600136,0.05667100978435469,-0.07076091465346844,-0.7010083039461783,0.12634917125828743,0.026809829955114575,0.07208692262127767,0.18699233506387664,0.10201225732601116,0.10847087919335045,0.1438972394381603,0.15228745541485236,0.03542636024480984,0.3902849349180021,-0.13020857615129788,0.07910831825438248,0.003140619085428792,0.07088385380326825,0.08508420756210551,0.07573175907194982,0.07707903945189881,0.08133881855914392,0.08285212802608873,0.004259779107245107,-0.523773814418451,0.11529736820417824,1.3498649691358022,0.08038936452118596,1.23057208994709,1.4641203703703702,1.2357638888888889,1.2820147156084656,1.4288194444444444,1.4544725529100528,0.14680472883597884,-0.0695640560866088,-1.3948864418154532,0.11333333333333336,0.04268749491621899,0.1,0.3,0.1,0.1,0.1,0.11000000000000015,0.0,3.3177401610969715,10.329565734681726,148.37519243256028,8.221149808389885,135.90119519196338,164.59934508478642,137.54414660771278,142.38301131839302,154.3824061876875,159.67413224033115,11.999394869294491,0.25757915963510947,-1.0261683712092224,2.124380777279536,1.6000618057283855,0.0,7.0667548179626465,0.5446961402893067,0.9671576172113419,2.8349761962890625,4.158436489105225,1.8678185790777206,1.1827822010620455,1.1911409506993316,0.5694775476475463,0.2270634271791271,0.0,0.982285054469543,0.27634931255339185,0.4138360846224993,0.7407503277779041,0.8064332123972459,0.32691424315540474,-0.448687255192472,-0.37020095673517606
wdf_fake_21,1,10.290031990706677,2.4481825615075463,0.5688035768689791,6.232723639475793,1.8304655958334108,0.30060230749439715,0.12958035557179864,0.07685094207108026,2.335104016354016,0.1145454545454545,434.76337473401253,2.3658044603737918,0.4225247937181812,0.2654074162053339,0.31018131578684466,4.1336912675214315,0.0,0.0,0.0,0.0,-0.0009779682040712253,-0.1513959841175329,0.8472523627759543,0.15619060675136534,0.029858091291179906,0.7794107025120836,2.9925242071772575,0.0,0.0,0.0,0.0,0.0,0.0,0.0,3.7671613555331627,6.399667770956719,0.09669147699881722,0.8993043585868461,7.864203559027778,5.669368522373797,0.3391225791307656,7.924118966297536,0.3127690562800785,0.0,0.0,-0.15162112749945136,-0.13226368324438742,13.33952456096826,21.69909911838227,0.39526383841241514,0.012305556959599387,2.5292522061954843,0.1860941030398452,10.290031990706677,5.559822122560608,4.650843647963384,20.503477922513923,5.1700447174195086,5.6540654059326645,15.660852093887456,18.329816301553574,10.006786687954792,0.5422252241754829,-1.404584113757644,2.4481825615075463,0.4880150254659764,1.2167748165876966,3.244315955818363,1.8002747126442176,2.1348507885641603,2.7781044450634775,3.0175959570833975,0.6432536564993172,-0.6790433783393139,0.02665569490964037,0.5688035768689791,0.0786975173389797,0.4578460860783563,0.685930404233894,0.4770021879410736,0.49031501196877764,0.6484244297307105,0.6627524006632042,0.15810941776193282,0.013095077405954364,-1.7528955145756766,6.232723639475793,2.2472913963982983,1.4827257716245397,10.526716745801147,3.2424205062063187,4.560428693787953,7.719269293085459,9.10680996872578,3.1588405992975055,-0.19255337864549565,-0.5096463321621898,1.8304655958334108,2.2931511702284464,0.09381271411624335,12.821790073051888,0.23859987904103025,0.31925999755918155,2.580339922812917,4.761552424865363,2.2610799252537355,2.414381192489806,7.564667753250026,0.30060230749439715,0.09952899056227911,0.18932483092747418,0.45859206933052743,0.20329711933679137,0.2145265723795065,0.40842644045767706,0.4341440978209115,0.19389986807817056,0.40825402528443655,-1.6495360939327104,0.12958035557179864,0.03424816259769334,0.04189515571194893,0.19980196406951306,0.0942841563810297,0.10488539980787939,0.15860739416904868,0.17790440699471985,0.053721994361169284,0.094137902330372,-0.5867486174717369,0.07685094207108026,0.00489676385261939,0.06748999817285872,0.08730178724632735,0.07057638563264153,0.07360920544411981,0.08171163957525834,0.08354229398792018,0.008102434131138536,0.29171820921767166,-0.8860381568037172,2.335104016354016,0.2684977051904205,1.5310019841269842,3.0338128306878307,2.0474867724867725,2.2261491402116405,2.4447751322751325,2.6299107142857143,0.2186259920634921,-0.041220634979679066,1.432606796499364,0.1145454545454545,0.0400825594273611,0.1,0.3,0.1,0.1,0.1,0.2,0.0,2.8162971916910404,7.601204084743189,434.76337473401253,62.65214608504757,342.8290973323405,626.9604743517679,361.3675717942446,381.5309279165333,463.6100342577672,506.6462816813893,82.07910634123391,0.6907714961420782,0.33517809616047467,2.3658044603737918,1.727866149133448,0.0,8.701581954956055,0.58570556640625,1.0778949856758118,3.185647130012512,4.657766819000244,2.1077521443367004,1.2178883557866886,1.8988189389651886,0.4225247937181812,0.25263321691716234,0.0,0.954170387119297,0.09201787058688507,0.19737212343073968,0.6111607367837695,0.7468176300739376,0.4137886133530298,0.1546908213361753,-0.9709128221657468
wdf_fake_29,1,18.021564358794787,1.4676852645668406,0.5324722372017467,2.2055200573825977,2.133235875392088,0.40056730667840046,0.3048919474297925,0.09366605241407262,1.8732501102292771,0.1166666666666667,96.61733424190659,0.8714229330420494,0.32851636715625704,0.707248944158996,0.20144548176761803,3.2248137715914225,0.0,0.0,0.0,0.0,0.012418091970130928,0.6358751172721981,0.9773748479602629,0.03887100512471178,0.7951074421870605,0.955717522449015,2.8225797606816014,0.0,0.0,0.0,0.0,0.0,0.0,0.0,2.2776151115125822,5.168634582093385,0.026509984682075795,0.968114610271545,5.020844558189655,2.8723985518339923,0.3032025933077849,35.7480701929603,0.011775972047670825,0.0,233.33333333333334,0.9724374327209347,-0.12398132285196486,16.319593531707103,5.4663239247144535,0.38149597941797037,0.022277665074532393,1.7518004854520162,0.09808098411901267,18.021564358794787,3.693630505290376,11.278739474431129,23.221245325217843,11.559201657047833,18.187530492886786,20.37316227965198,20.941189336121223,2.1856317867651924,-1.0325351896564197,-0.550511210738347,1.4676852645668406,0.22500541507477081,1.1511256174999789,2.1538964129459113,1.1988811636192502,1.2619291488784286,1.5960875730718145,1.7603434017518946,0.33415842419338593,0.789808155600251,0.8235544865429505,0.5324722372017467,0.02717319052514952,0.4700133372844283,0.5767054440051402,0.49821740380309654,0.5242222532313185,0.553078171725095,0.5671119302629097,0.028855918493776445,-0.37580801889753673,-0.522832962280471,2.2055200573825977,0.7046246392684545,1.3257568869897263,4.640606586863487,1.4373868459756463,1.5948705908664453,2.548206663026856,3.099969447163252,0.9533360721604107,1.294525082196336,2.471365208743835,2.133235875392088,0.6824901333892038,1.2417631180564865,4.945971302125046,1.5349102599369937,1.7167575202320973,2.4024273785762587,2.81951528212526,0.6856698583441614,2.3304874293230458,7.033310004363258,0.40056730667840046,0.05551135235476099,0.29820502173777924,0.4798440728268267,0.3055199094874353,0.4001741517917151,0.43637178824995465,0.4396997110734118,0.036197636458239535,-1.0012767182725946,-0.5663811185294354,0.3048919474297925,0.0226663713566964,0.25736385917597027,0.3459476453435215,0.2855414456647195,0.28906596732106965,0.31265794386603973,0.33730489090816057,0.023591976544970084,0.048426479429905876,-0.40446830605901285,0.09366605241407262,0.0025346801476446227,0.09028216244297388,0.1003953436158049,0.09076273651080982,0.09162420764434008,0.09515458380260439,0.09744109259251481,0.003530376158264306,0.6746149018655162,-0.18585981323572565,1.8732501102292771,0.07382204664542247,1.6970072751322751,1.9928075396825395,1.7556299603174603,1.822275958994709,1.9348751653439153,1.9612351190476192,0.11259920634920628,-0.5175773838231842,-0.5298108376133013,0.1166666666666667,0.0372677996249965,0.1,0.2,0.1,0.1,0.1,0.2,0.0,1.7888543819998293,1.1999999999999922,96.61733424190659,18.59300105880113,74.77155886074824,141.33086877225722,79.8351087048429,83.77430297474609,105.89118718503077,123.24862558144845,22.11688421028468,1.2388651292549948,0.4595147469449743,0.8714229330420494,0.650886734821668,0.0,2.655963659286499,0.2010957568883896,0.32080845534801483,1.2225659489631653,1.7831423163414004,0.9017574936151505,0.8439959806606934,-0.021571506932916318,0.32851636715625704,0.1400175529188408,0.0,0.553483355112518,0.17617249158703982,0.25162589615738207,0.44572692774692657,0.5130629102082028,0.1941010315895445,-0.1349848464129243,-0.6037922011572894
wdf_fake_7,1,6.636374414558624,2.5357656015110512,0.47204268734434984,6.627508125843259,0.3709653668190559,0.22964977162509298,0.13582891565468383,0.07089921274216278,2.738095238095238,0.12000000000000002,485.25986140521434,2.144664654135704,0.38481789858302423,0.0,0.0,0.0,0.0,0.0,0.0,0.0,0.0,0.0,0.0,0.0,0.0,0.0,0.0,0.0,0.0,0.0,0.0,0.0,0.0,0.0,0.0,0.0,0.0,0.0,0.0,0.0,0.0,0.0,0.0,0.0,0.0,0.0,0.0,0.0,0.0,0.0,0.011811457374594513,1.9382368326187134,0.13838423173967485,6.636374414558624,0.40219229218087377,5.875555180298993,7.2843539355037095,6.120178963702379,6.324274272430016,6.899511987221871,7.261931734719421,0.5752377147918546,0.012290350039687866,-0.9031707758605516,2.5357656015110512,0.44359295075919336,1.7383419167033036,3.1253811273152965,1.826863158777272,2.1490096273040185,2.90746970178942,3.011965540590858,0.7584600744854018,-0.42835357959055553,-1.1835805881773578,0.47204268734434984,0.028314240542702776,0.43721071460634464,0.541859043662366,0.4452880382746889,0.4538521341345525,0.47822687199583575,0.5134958601984739,0.024374737861283247,1.1686325033910292,0.3732469966051699,6.627508125843259,2.1705072474284752,3.024775115849411,9.768500769883417,3.338057861658011,4.618775059854299,8.454391407473317,9.07266283680179,3.835616347619018,-0.25759317415575045,-1.3232041114441448,0.3709653668190559,0.1257377630911044,0.13802573325258968,0.6607370925760113,0.21873505588431033,0.3259991938773131,0.43368996390159603,0.4733406706610571,0.10769077002428296,0.29762801993719395,0.4457969693000008,0.22964977162509298,0.008047803135073217,0.21010441089482143,0.24317240686500782,0.22102444929819606,0.22432966409602886,0.23523738568541758,0.23758429875633139,0.010907721589388714,-0.6959043075669652,0.0024751246373502234,0.13582891565468383,0.015697447746438383,0.10987403332211465,0.16416898837366042,0.11402814697959676,0.12361516941725142,0.14511312751499217,0.16053327682169488,0.021497958097740744,0.11185142868824031,-0.8502091018880842,0.07089921274216278,0.0020854251637204457,0.0675791656266614,0.0751753123401894,0.06814108038554469,0.06944574640602409,0.07233515412293459,0.0736905017922835,0.0028894077169105,0.278130124898123,-0.7666714504708079,2.738095238095238,0.23136787266659528,2.267691798941799,3.1062334656084656,2.4168650793650794,2.589368386243386,2.905340608465609,3.0266699735449736,0.31597222222222276,-0.3523182121507534,-0.732211379826138,0.12000000000000002,0.04,0.1,0.2,0.1,0.1,0.1,0.2,0.0,1.499999999999999,0.24999999999999867,485.25986140521434,20.808912090058964,439.78072811242185,528.2325889151599,462.19392301807665,473.50877366192,497.75819578286314,505.6714307021055,24.249422120943166,-0.16852605530522444,-0.14725441545143658,2.144664654135704,1.0790720726660517,0.0,4.041593551635742,0.71759153008461,1.5187964141368866,3.1101719737052917,3.410916042327881,1.5913755595684052,-0.11715684201158232,-0.8786546069747438,0.38481789858302423,0.18551651507575842,0.0,0.7037269875624552,0.16548847171947817,0.2633851121273413,0.5303242074578522,0.5931507137626927,0.26693909533051097,-0.2946013294599014,-0.7093925808658308
wdf_fake_9,1,6.160069237314786,1.3961324625439986,0.5511506964271501,1.9899332749117977,0.9389337767665832,0.24070260786921926,0.16413916554230254,0.08050889575633666,1.8014798280423279,0.12666666666666665,369.2836856549163,1.9919589053839446,0.4387325992803143,0.35414920949087997,0.36652460194762315,4.227362017703932,2.0327579569554795,0.5446786890851726,-0.25870877606506165,1.6536223294465309,0.02118547275661746,4.852427051123552,0.821638788793149,0.23590639521486798,-0.13906427767814292,0.9529732626820103,2.9744183123127534,0.0,0.0,0.0,0.0,0.0,0.0,0.0,7.145596384828171,9.159134594899053,0.12345820535590264,0.9041819016750315,4.3276615466101696,8.947521854456697,0.28133757921835345,12.588023306983168,0.13743836625665037,30.0,133.33333333333334,0.49599887148976624,-0.24535178700306565,14.106955063913366,24.3026188373798,0.4030631858793688,0.014675851751750412,1.1422521551450093,0.14758916958250956,6.160069237314786,1.2719110191964162,3.41556553022722,8.99672544586045,4.194176982718426,5.722813663462202,6.978259206319008,7.7765630362491205,1.2554455428568057,-0.2130606870607545,0.02729920154701615,1.3961324625439986,0.18862871564922132,1.0291753203138572,1.829590528368465,1.1672963958145233,1.2618426332078425,1.4622163357538343,1.6691635060361585,0.20037370254599174,0.34669957818660935,-0.3489450736748938,0.5511506964271501,0.033432524335983316,0.5001962841285542,0.6150484755412231,0.5100342717303491,0.5158377579446074,0.580129073972333,0.599019785948109,0.06429131602772564,0.11693528836664736,-1.232127102490676,1.9899332749117977,0.5398923511389212,1.0615291893816947,3.3478332455216018,1.3683196219162936,1.5971667370267495,2.1458623529227485,2.786161030815879,0.548695615895999,0.6294324261962,-0.10999745434757369,0.9389337767665832,1.5052517687550835,0.03195581245695178,6.150930395799354,0.08457074403689273,0.11545269498127181,1.033485127576772,3.1139351406750504,0.9180324325955003,2.218078259666143,4.109667999630942,0.24070260786921926,0.03759645054444161,0.158476330820999,0.31484801924359473,0.17447356356265095,0.2361124430461095,0.25957433896300025,0.2819805419399165,0.02346189591689074,-0.6905779610148324,0.19638319548323535,0.16413916554230254,0.061796151533287456,0.004760921661680099,0.3009859304153546,0.08940345501330653,0.12567715964340764,0.22419096160300078,0.23215988112065014,0.09851380195959314,-0.0050287274849282245,-0.7110641239067887,0.08050889575633666,0.010398944187698664,0.06356954406232747,0.09663445945292382,0.0679157006944038,0.07030651938309723,0.09074030719115815,0.09405913761567436,0.02043378780806092,0.08766394926485033,-1.5692774782668852,1.8014798280423279,0.363634593061711,1.2330522486772488,2.322916666666667,1.299950396825397,1.4175760582010581,2.1287409060846563,2.1817294973544974,0.7111648478835981,-0.24136657916826618,-1.6606489265738984,0.12666666666666665,0.05120763831912405,0.1,0.3,0.1,0.1,0.1,0.2,0.0,1.7718931443661292,2.2734846308532033,369.2836856549163,148.85104748119977,162.10663438058512,678.4049494391351,189.41010051637787,207.36652232289617,490.557788470111,519.8083128724116,283.19126614721483,-0.09344531113451815,-1.61845959035653,1.9919589053839446,1.841700150613749,0.0,7.511412620544434,0.2889458775520325,0.38376516848802567,2.9806745648384094,4.75915060043335,2.5969093963503838,1.045670938806772,0.3259373333996547,0.4387325992803143,0.2504580273559941,0.0,0.9369907701522171,0.1521021426747155,0.23283400919905964,0.6450195725368012,0.8053443564182059,0.4121855633377416,0.3251267866055365,-1.0253728698445417
wdf_fake_18,1,5.823520086270959,0.6505093755878183,0.614844988800382,0.42521235647646904,0.9399874590596261,0.22568514117393335,0.21597567666955814,0.06560392847821643,1.318293650793651,0.18,175.32534310984207,0.6085564321279526,0.33335276523398855,0.0,0.0,0.0,0.0,0.0,0.0,0.0,0.0,0.0,0.0,0.0,0.0,0.0,0.0,0.0,0.0,0.0,0.0,0.0,0.0,0.0,0.0,0.0,0.0,0.0,0.0,0.0,0.0,0.0,0.0,0.0,0.0,0.0,0.0,0.0,0.0,0.0,0.007311610613111867,0.3107945567369461,0.07889433803778301,5.823520086270959,0.8875341756141469,4.2979048232278645,7.450859542898638,4.690350869077083,5.175781778700675,6.519482492244167,7.087328581686731,1.343700713543492,0.16974515829464634,-0.9094289578087693,0.6505093755878183,0.04423707903090286,0.5876074730133278,0.7337796109379651,0.5932229756501224,0.6113591661701825,0.6790012532095128,0.7159336415816494,0.06764208703933028,0.3044627097315435,-1.0877635544617208,0.614844988800382,0.008123593550342853,0.5985968093150273,0.629609507617079,0.604713600973424,0.6093979416587578,0.62219605895,0.625983728518244,0.01279811729124214,0.06498955217092199,-0.8987802899857882,0.42521235647646904,0.05818637083250372,0.3453962703962704,0.5384870403857746,0.351991456174364,0.3738326258338387,0.46105294645527967,0.5127334324076916,0.08722032062144097,0.3874831985283413,-1.0263295013682305,0.9399874590596261,0.2994220224816014,0.36062658289260824,1.5867252321928145,0.4647970113185821,0.7882802818253848,1.1202354186274737,1.292879222934495,0.3319551368020889,-0.16470679972639318,-0.3204819836273489,0.22568514117393335,0.01904317268353603,0.19561166453886666,0.2603639514414352,0.19893870311742032,0.21466240475104148,0.24009160061756574,0.25316939287080137,0.025429195866524257,0.1045347961896674,-0.8915735226748294,0.21597567666955814,0.013511856994590371,0.184087810842349,0.23380995130620802,0.19598304944865852,0.20800432916481376,0.22599758216184485,0.22879366483077046,0.017993252997031084,-0.9982639790519647,-0.03583532772905462,0.06560392847821643,0.004592228010138738,0.057900981170560695,0.07853088308995738,0.06146014568533567,0.0628169607948414,0.06854418063619726,0.07168768562124794,0.005727219841355852,1.0006143344952574,0.5988073132724407,1.318293650793651,0.09261335250078385,1.121362433862434,1.5007440476190477,1.2018187830687832,1.2748015873015874,1.3745866402116402,1.4425099206349208,0.0997850529100528,-0.126079516188028,-0.055302011173361976,0.18,0.06928203230275509,0.1,0.3,0.1,0.1,0.2,0.3,0.1,0.288675134594813,-0.916666666666667,175.32534310984207,28.27028344153912,122.246678193904,239.87947866447772,143.09789066395285,157.4862753755607,186.9449476070181,211.2477168223638,29.4586722314574,0.1287242262529045,-0.2344382582116089,0.6085564321279526,0.35263463046850285,0.0,1.7811620235443115,0.34405504465103154,0.408547580242157,0.7279964089393616,1.005428290367127,0.3194488286972046,1.5500977243360032,3.0455282384703493,0.33335276523398855,0.17053637982016379,0.0,0.6129874847132345,0.11867024279031926,0.18152678791101703,0.450302951088037,0.5523341551058437,0.2687761631770199,-0.171756436881434,-0.9687423141826015
wdf_fake_388,1,10.994457859505584,1.0842334461831307,0.5573627025733688,1.2000443077185232,1.0735402976668167,0.29125829575590406,0.3025587641527315,0.06815334601833994,1.906283068783069,0.15333333333333332,280.461892355687,2.736478161811829,0.503581600225317,0.41804353839479946,0.2495692207035241,2.9963656531545126,0.0,0.0,0.0,0.0,0.02128297639487691,-1278.0919536770461,0.922510468372063,0.10056721293434555,0.46663204576960393,0.923985523164586,3.1898980940142887,0.0,0.0,0.0,0.0,0.0,0.0,0.0,6.660042473741232,11.80514990099897,0.11569692895584172,0.8864700078271487,12.91412984913793,2.171660326375603,0.7517281038433558,8.178272129665075,0.1293344531482205,0.0,0.0,0.4583563583019751,-0.1809861098340942,18.613164669369624,20.525290454518174,0.25924682561460355,0.00787067088175934,1.1629328906536103,0.07201894338297121,10.994457859505584,2.254371903547233,7.725365875457223,15.513564190493563,7.9256917317957525,9.285843349863786,12.441960349406413,14.111871686408163,3.1561169995426273,0.25231386309306064,-0.8872605328162657,1.0842334461831307,0.14394654702854087,0.750141991171997,1.3108825928881058,0.8907686675237023,0.9599201281408315,1.1874417138824795,1.2582125933299964,0.22752158574164805,-0.5049240111104722,-0.4847954415007498,0.5573627025733688,0.011817085175037895,0.541058673658142,0.5899050307284177,0.5445742783239517,0.5491064789927471,0.5641883613640054,0.5721266968540057,0.015081882371258293,0.9392649113207034,0.24931127829447997,1.2000443077185232,0.3042603080764337,0.5629209602210581,1.7230798919336163,0.7943467982603573,0.9229512553130654,1.4165170646105176,1.5895309759852738,0.4935658092974522,-0.2524812293967143,-0.7175842746128183,1.0735402976668167,0.4414207705580244,0.35507458844012213,2.1295183989975404,0.532028240551093,0.7292750205140823,1.375638749948938,1.7659688805724705,0.6463637294348556,0.4638682577362665,-0.4210212206369177,0.29125829575590406,0.03289413071403365,0.2373628315771836,0.3534121398340815,0.23884633466993319,0.26518990944955406,0.31102629735713305,0.3334364083869994,0.04583638790757899,-0.0259889195985727,-0.805499562263305,0.3025587641527315,0.03811057670553507,0.23425264209887997,0.36560211966986067,0.25372641127511814,0.26204168706507147,0.33587159406361433,0.3382166091638357,0.07382990699854286,-0.25849924747335534,-1.4426293606152787,0.06815334601833994,0.0062880995323267045,0.05792979303949528,0.07922907423277828,0.060393035423159463,0.06285276149467776,0.07309875714654536,0.07636710811627237,0.010245995651867595,0.15311862213888383,-1.2402779277939269,1.906283068783069,0.14436248422198802,1.55448082010582,2.1951058201058204,1.7487929894179894,1.8489169973544974,1.9838169642857142,2.037905092592593,0.13489996693121675,-0.3251940153374571,0.33686626917708296,0.15333333333333332,0.06182412330330469,0.1,0.3,0.1,0.1,0.2,0.2,0.1,0.7197210676601596,-0.463223363980529,280.461892355687,123.0951769161852,105.35829406686558,485.9442066266285,139.19155163459965,148.07586198397948,399.6218237340421,433.33039972909154,251.54596175006262,0.035550211414943245,-1.5752436379441563,2.736478161811829,2.434470674337186,0.0,10.284356117248535,0.9037265479564667,1.3154216408729553,3.063514471054077,6.400537776947023,1.7480928301811218,1.5974044427815794,1.6822562106714587,0.503581600225317,0.2561499311139603,0.0,0.8939245310161014,0.1637586413236644,0.3282014681987504,0.6987244490437875,0.8591604585892039,0.3705229808450371,-0.21957251628678873,-1.009512371994697
wdf_fake_73,1,4.319398496971149,0.6306482685711211,0.6121255390369783,0.3998687835194709,1.1057541654798984,0.216626276817614,0.08350433906514677,0.07080455304892937,1.0798087522045856,0.14333333333333337,246.19591463088403,0.2782733432948589,0.3779243338081582,0.7797893687447573,0.10195666000805155,3.225666111781928,0.0,0.0,0.0,0.0,0.033998726836702985,3.6685254714173166,0.9933051891728419,0.004995573962958515,0.9822543595390009,0.9662269240961433,3.640223927059533,0.0,0.0,0.0,0.0,0.0,0.0,0.0,0.5483231603298604,2.2905869344992347,0.010352621166724075,0.9627423577717885,0.7240705818965517,0.3279321566433005,1.0702986406937696,86.40300346690881,0.00011655013868179612,0.0,0.0,0.22770681541581583,-0.20433883848364115,52.51183883477905,5.86868461687567,0.6193936257776754,0.007097035190975324,0.6679456293582916,0.01978718985647887,4.319398496971149,0.17957770880199364,3.95207967667136,4.623805404438279,4.045361495298489,4.195264542666848,4.417594996027834,4.549576479132271,0.22233045336098556,-0.34449224820179913,-0.6856592699219464,0.6306482685711211,0.0385650587436899,0.5873928746971817,0.7417176965130362,0.5952569994649801,0.6034702568007048,0.6384346670405563,0.6783470173655206,0.03496441023985153,1.4915116258507524,1.7696341478904207,0.6121255390369783,0.016267961558175607,0.5663993758549251,0.6285154013498383,0.5938140602717115,0.6068892068860307,0.6240742799126382,0.6258807627438777,0.017185073026607545,-1.4408239173389954,1.253791409911571,0.3998687835194709,0.05102503955222267,0.34569939464568966,0.5511940016382081,0.3547854659958349,0.36465353685744534,0.40831048416764293,0.4612003133998895,0.04365694731019759,1.624502897235271,2.172539063347407,1.1057541654798984,0.27361388549087234,0.7678731774933237,1.8984883924199136,0.8347262138593026,0.8782937346794313,1.2672984409191945,1.3882176790064236,0.38900470623976324,0.9977085376435322,0.6138116917723093,0.216626276817614,0.005418296170571446,0.20589106336682989,0.2257794466591483,0.20890849177707344,0.21265409633048246,0.2193583705683148,0.22406508694787208,0.006704274237832347,-0.18436343348883324,-0.7447121159087557,0.08350433906514677,0.00830194121388492,0.06808500572214331,0.09573096506917388,0.0718707745037991,0.07998565396259648,0.09072886819172203,0.09481037782964294,0.010743214229125553,-0.2501738882982311,-1.0758588362661696,0.07080455304892937,0.0026022405555218005,0.06683103886129411,0.08019352724572365,0.06804654989349974,0.06917823679355112,0.0716713009784754,0.07303444114615269,0.0024930641849242874,1.3977201807852613,3.5387180955852484,1.0798087522045856,0.029343067801047517,1.042741402116402,1.173859126984127,1.050082671957672,1.0573330026455026,1.096044146825397,1.1056712962962965,0.03871114417989441,1.2718981275664591,1.8347460727585574,0.14333333333333337,0.061553951042064625,0.1,0.3,0.1,0.1,0.2,0.2,0.1,1.1122811287277028,0.1686775999518373,246.19591463088403,10.940609112228168,223.04878150993903,269.9062796459727,233.64846403962514,237.67542324297628,254.44755258076648,259.2464741852324,16.772129337790204,-0.0726196316600555,-0.649099079020584,0.2782733432948589,0.10274263099007824,0.0,0.5188241600990295,0.16942375972867013,0.22699511051177979,0.3181021437048912,0.4089293569326401,0.09110703319311142,-0.23878710907348077,0.9072468903995436,0.3779243338081582,0.19009240905905342,0.0,0.7267215909990755,0.15794974914709145,0.1916551512076386,0.5136472466808061,0.6021785077483769,0.3219920954731675,-0.14164652751668674,-0.9773647567809163
wdf_fake_64,1,5.361213297971563,0.9472847742499259,0.5760764222066659,0.9072467372729769,0.6847961778542555,0.22696144128036502,0.20835999651773157,0.06861309610709308,1.5352017195767194,0.13333333333333336,298.93524953330416,2.700614486138026,0.6213046323725899,0.24981530161271231,0.2383689901376686,3.312023525920297,0.0,0.0,0.0,0.0,0.00274576367039578,0.9907468956707272,0.9052281304129896,0.09165637253830164,0.5222965702665476,0.7849969006535187,3.1898980940141195,0.0,0.0,0.0,0.0,0.0,0.0,0.0,2.3748761203572113,3.4506638455196663,0.04066645287041715,0.9327276843787015,11.700801454741379,1.3544831529136652,0.7491836871558017,23.975468521068183,2.5462432162726146e-11,0.0,0.0,0.024792223431044466,-0.23954747625892342,17.546282885485528,38.59801370313169,0.3651727769800746,0.0060088333638416225,1.0593760808308919,0.08871608295405775,5.361213297971563,0.3716154236709244,4.417722204022071,5.8623111748015715,4.874028316941622,5.262287458942481,5.58213539306384,5.714948187228974,0.31984793412135915,-1.3387941572243587,1.1652811148597202,0.9472847742499259,0.0933655716173602,0.8346842042776189,1.227047741459318,0.8446551351271294,0.8851493352548784,1.0089956346079458,1.093816769646033,0.12384629935306746,1.1064841735741509,0.8152261974836863,0.5760764222066659,0.010926843915346372,0.5500026781155718,0.5948022997811881,0.5613488945303827,0.5715530422690154,0.5844127770599657,0.5882909208512944,0.012859734790950372,-0.5913153201212163,-0.3533711177940848,0.9072467372729769,0.18709035122133388,0.6978676544198619,1.508237689744539,0.7146525771763722,0.784027624029077,1.0198024737861813,1.1981199170787358,0.23577484975710428,1.339089958856754,1.5727376760800782,0.6847961778542555,0.23144560273843523,0.43017611237601966,1.4521288229135243,0.456149569994466,0.5024169472019917,0.7866120438005486,0.9859155890745426,0.2841950965985569,1.4126458668300483,2.0107465414533436,0.22696144128036502,0.006914775044838362,0.2063340371348305,0.24042876586467374,0.22034544662897995,0.224150779912381,0.23117187694426453,0.2326496150512745,0.0070210970318835275,-1.0661587380719404,2.0504890410223497,0.20835999651773157,0.027912408160535727,0.150870460345318,0.2639348176685983,0.18332106651482274,0.18693489552522213,0.22270572135990307,0.25395164733728814,0.03577082583468094,0.5311480887722401,-0.4674738482683858,0.06861309610709308,0.0028611781412882374,0.06306059647507971,0.07430194265272855,0.0648516488855978,0.0669115942472871,0.07116412873967543,0.07213328134430105,0.004252534492388327,0.07095475250791315,-0.8047539872235787,1.5352017195767194,0.11789053127376146,1.3315972222222223,1.7795138888888888,1.401190476190476,1.4326843584656086,1.5966228505291005,1.7429728835978835,0.16393849206349187,0.45488809160819793,-0.5259532205974744,0.13333333333333336,0.05374838498865701,0.1,0.3,0.1,0.1,0.2,0.2,0.1,1.3357586801914738,0.8165680473372716,298.93524953330416,33.48988158057633,215.58847375210655,383.0607206619364,253.09386567893904,286.9543970044277,319.93591630882383,327.76441034335977,32.98151930439616,-0.2552477400017313,0.6572539670810325,2.700614486138026,1.5955343970139644,0.0,5.605869293212891,1.025884985923767,1.3279426097869873,3.6450478434562683,5.165229034423828,2.317105233669281,0.4444061038361337,-0.9928921387420782,0.6213046323725899,0.2376265492383825,0.0,0.9163666846574647,0.2192291212417651,0.5035750424801182,0.7931262741655248,0.8565562921394522,0.28955123168540664,-1.021106857578174,0.1476842848719886
wdf_fake_795,1,20.45300111888238,3.3965284188608904,0.5568373987232345,11.877122353332197,0.8226349553114969,0.531970768112855,0.1733707804003237,0.06969132924814013,2.820133377425044,0.12000000000000004,518.9804815707514,1.4465434809525808,0.3645954259168323,0.31074964667615357,0.33087559033758007,3.2039163688729753,0.0,0.0,0.0,0.0,0.00013955593475666647,0.5882860014461943,0.9321385057097342,0.041693912949715466,0.8179116615110041,0.9803202573416581,3.189898094013927,0.0,0.0,0.0,0.0,0.0,0.0,0.0,5.64598055656932,10.593740961592616,0.10597721884813312,0.9112551105888593,1.014513739224138,0.399344960390402,0.619338219250696,7.713968748881073,0.30704843464782994,0.0,0.0,-0.5517973151596293,-0.1532038219566772,12.7337052085684,9.933704161925753,0.47789838649327354,0.014868952654825754,2.281236942609151,0.010956812797617954,20.45300111888238,1.192263994463597,18.771220524244892,23.232356995436067,19.19008600514664,19.477310096712465,21.124052254335663,21.881024791085274,1.6467421576231978,0.690304784106896,-0.2381180261230118,3.3965284188608904,0.5783423498146243,1.9463924623474846,4.110344453531229,2.7014852526598414,3.1925107221250326,3.76165728267876,3.9151126703253265,0.5691465605537274,-1.3185812020013907,0.9328589249512711,0.5568373987232345,0.01139044246289169,0.529622153594607,0.5822314625387203,0.5455814539980318,0.5489795507748434,0.5601301914629535,0.5736209319787873,0.011150640688110114,0.04427324244512315,0.03908624733535593,11.877122353332197,3.5077961820497916,3.79069498960979,16.899821032895858,7.353594669920763,10.203814273192616,14.157143777815556,15.336619658635696,3.953329504622939,-0.9763550023105095,0.15833389533643683,0.8226349553114969,0.24376905195521242,0.33918102488870977,1.1859766216547947,0.532891541379341,0.6158548122984325,1.0245075243862323,1.1308836198854677,0.40865271208779974,-0.1127300043865975,-1.3472408255913753,0.531970768112855,0.014378313826078045,0.5086438243795748,0.5722592187714314,0.5180338583515899,0.520847542358456,0.539249988197039,0.5492042543327416,0.01840244583858297,0.8772912480330302,0.38351595762849566,0.1733707804003237,0.1124953584867399,0.0012281595795686647,0.2827839873635856,0.007440702793906473,0.03128809170136881,0.26661744455286784,0.27364753523653523,0.23532935285149903,-0.5603270545846174,-1.520075852943778,0.06969132924814013,0.0032870630814468547,0.06079588082224708,0.07485864000196514,0.06524567073638324,0.06784406319939945,0.07201319200223626,0.07394778932446373,0.004169128802836805,-0.5155088639477098,0.12496893716475554,2.820133377425044,0.29418510444756335,2.010664682539683,3.3458994708994707,2.5496858465608465,2.6946097883597884,3.0169890873015874,3.1831018518518523,0.32237929894179906,-0.6919440039813645,0.9543445265447845,0.12000000000000004,0.04000000000000001,0.1,0.2,0.1,0.1,0.1,0.2,0.0,1.499999999999997,0.24999999999999334,518.9804815707514,153.05434357197984,278.2113340973393,768.1815435683588,304.67005894763946,333.9825324468881,607.3005997564961,711.948861191005,273.318067309608,-0.17956405815665416,-1.1513520503869397,1.4465434809525808,0.7465939223785443,0.0,3.73846173286438,0.785065656900406,0.929961308836937,1.7717467844486237,2.2884360551834106,0.8417854756116867,0.8316067010506416,1.2487339230780314,0.3645954259168323,0.25613807839437636,0.0,0.8712128311848618,0.08731474893097452,0.1588284917064976,0.5439066279100613,0.7285227752916033,0.3850781362035637,0.47113357753474955,-0.9422416428567573
wdf_fake_418,1,17.36074795721512,2.8664348220395524,0.5214143484231373,9.157030846188064,1.9174580381552715,0.5126865240017119,0.1621856293058382,0.07735546051538464,2.0685378086419752,0.11000000000000003,205.36791346010938,1.2794632107019424,0.3066279355336721,0.47036476051832765,0.3344107688037395,3.2277957657251863,0.0,0.0,0.0,0.0,0.001167403877263968,0.02724342695794733,0.9294930560334026,0.06418406515083667,0.7124345878370785,0.8551710783806542,2.822579760682373,0.0,0.0,0.0,0.0,0.0,0.0,0.0,6.2002696739461856,6.2612357167249595,0.0744053650384052,0.9581731847019316,4.900222252155173,2.6597013942282204,0.6745544450272329,5.172833570200547,0.27021880020935185,0.0,0.0,0.9371292967446586,-0.1607345186659821,11.282345260627142,10.33053815321277,0.5314830035842715,0.027354252204820628,1.4891689002513886,0.053394199329072856,17.36074795721512,5.505726281687562,10.048377570095264,30.071266004582732,12.172350319744254,13.590211365881359,20.212840584406855,27.856004769334174,6.622629218525496,0.9658142328991719,0.015237247789966712,2.8664348220395524,0.9676536040271471,1.1686316006885382,4.450345285138023,1.799805344373611,1.986008747719263,3.5459389462648065,4.045786172814757,1.5599301985455436,-0.05451144104473881,-1.3299960751171676,0.5214143484231373,0.030535033981913352,0.4738924908644544,0.5848710133933317,0.4876391306779358,0.4966446332680075,0.5482949716688632,0.5687762819499682,0.0516503384008557,0.5662581386468121,-0.8923430359768401,9.157030846188064,5.551254922846878,1.3657159487776485,19.805577124337464,3.2417436799921364,3.948472452374554,12.575996471485418,16.38851219456621,8.627524019110863,0.2732689906894131,-1.2606720700192797,1.9174580381552715,0.7871817710987458,0.9082413995228734,4.298170058022606,1.010407302357223,1.5064648469578072,2.075258761746458,2.896197654803995,0.5687939147886509,1.3749678375162415,1.7938762555447338,0.5126865240017119,0.09272161885608445,0.40251639113555143,0.7564260770416404,0.4365471536883906,0.45480739817331584,0.5324974152495825,0.6951897536245892,0.07769001707626666,1.4558286766016861,1.2276891398166985,0.1621856293058382,0.0277256932269811,0.09438432981992165,0.20720060475821303,0.11768280197449435,0.15254703464601665,0.1839378725122751,0.19044605376751317,0.03139083786625846,-0.9350183316287061,0.44000397682038006,0.07735546051538464,0.006124895775256737,0.06235216312824861,0.0887287533119592,0.06550487560171141,0.07587639055990901,0.08116051288531018,0.0836854369926062,0.0052841223254011666,-0.9308267613904608,0.5731198787405982,2.0685378086419752,0.36731263397245384,1.457258597883598,2.7277612433862433,1.7020998677248678,1.7693452380952381,2.3238880621693125,2.6528108465608464,0.5545428240740744,0.3178932010463015,-0.9963676391901726,0.11000000000000003,0.03,0.1,0.2,0.1,0.1,0.1,0.11000000000000015,0.0,2.666666666666664,5.1111111111111,205.36791346010938,40.22164861433922,132.52479829471656,331.7720477159497,160.09406446369528,186.53934643100087,212.2086356227833,252.82234422458677,25.66928919178244,1.1901999557806617,1.9510810391164206,1.2794632107019424,0.9856357784777972,0.0,3.805156946182251,0.3973648339509964,0.6254476755857468,1.7051304280757904,2.741704368591309,1.0796827524900436,1.2572874144117017,0.7072702345745241,0.3066279355336721,0.20342838342182432,0.0,0.8290353700615174,0.08560229471934024,0.13020943496124265,0.4311896221648665,0.5146982544274943,0.30098018720362385,0.7723101726096065,0.278527317452101
wdf_fake_74,1,2.598221725033637,1.06665455518015,0.565033104687816,1.1487278356928858,0.31705867288600953,0.14841753167371474,0.14505977759537816,0.07838326369276796,1.6746445105820102,0.11000000000000003,356.4477828220928,2.295654912789663,0.35015129821087343,0.29719589413912667,0.2112356450001543,3.433148852752829,0.0,0.0,0.0,0.0,0.015955790520193296,3.8580196597523955,0.6353506245137959,0.27419061704693587,0.036481029342449775,0.9531397323715779,3.0565647608254847,0.0,0.0,0.0,0.0,0.0,0.0,0.0,3.57819127835664,5.576663323028136,0.0475746665735724,0.712540376404094,6.294383081896552,1.3789679759244828,0.9326566901953506,12.627605250904924,0.12180886013059737,0.0,122.22222222222221,0.7526053582455451,-0.15644536676733428,12.997000095431355,11.342345625698893,0.1911672987050161,0.016667829859301733,1.0225175152222314,0.23043690933525474,2.598221725033637,0.31064182999282763,1.9908914338371297,3.3282603119511114,2.270051541974634,2.4210261211520936,2.7656449937015704,3.0290874298517494,0.34461887254947676,0.482342581680484,-0.08649673069803043,1.06665455518015,0.08903762963328399,0.8473721826427947,1.2466778782476997,0.9512034194990941,1.0381328352285524,1.124694913127909,1.1474103345598663,0.08656207789935655,-0.7039850806931197,0.2941626741320942,0.565033104687816,0.016849194766834892,0.5421467725714393,0.6130343600156134,0.5483258923359037,0.5524036684525591,0.5714834887354326,0.5888679872571962,0.019079820282873583,1.0963190274661263,0.7017602250845054,1.1487278356928858,0.1850578798740027,0.7194400390386727,1.556973405643688,0.9075134629473608,1.0794979226042194,1.2684250853576873,1.321042780170472,0.18892716275346788,-0.47582750724295114,0.1449210508826715,0.31705867288600953,0.2756547964255575,0.05914184252251976,0.9525072610370588,0.08981606552536431,0.13698535555991362,0.5307664914932069,0.8032867757752206,0.3937811359332932,1.1213269256430123,-0.31739708197180594,0.14841753167371474,0.008875354668647837,0.13176665471627685,0.17004919048826925,0.13865228211417985,0.14380607810526946,0.15551364200676648,0.15936917939850723,0.01170756390149702,0.4233712924302937,-0.16004022502593473,0.14505977759537816,0.02457442967956072,0.08643383059473074,0.1828629847183369,0.1074725287926136,0.13264908244969084,0.16472229274140923,0.1740403242680246,0.03207321029171839,-0.7036391709847234,-0.022367422027727013,0.07838326369276796,0.0038360133081663723,0.06628972796843627,0.08631547782327496,0.07473630856610995,0.07615690628320698,0.08017795254852245,0.08204788041051818,0.004021046265315464,-0.787798277337731,1.6653560637591767,1.6746445105820102,0.21137458588516767,1.3893849206349205,2.278935185185185,1.4708746693121693,1.546875,1.740492724867725,1.9495039682539683,0.1936177248677251,1.2155040159671182,1.1319584268865635,0.11000000000000003,0.03,0.1,0.2,0.1,0.1,0.1,0.11000000000000015,0.0,2.6666666666666643,5.111111111111104,356.4477828220928,32.4546038424012,300.1393870470333,444.20252662098943,315.6853112601557,333.43123181804805,373.7369028100022,394.13230497380243,40.30567099195417,0.5284590743397872,0.10205372144135483,2.295654912789663,1.2914426490891697,0.0,5.555479526519775,0.7649997413158417,1.3802827894687653,3.119294583797455,3.817131900787354,1.7390117943286896,0.4057700905840635,-0.3572473509950109,0.35015129821087343,0.2051669098572423,0.0,0.7446120456159993,0.10810197854134752,0.16186738205926438,0.4710961489504517,0.65982367583999,0.30922876689118733,0.2462411584720365,-0.8809834075938401
wdf_fake_553,1,24.490080780744183,3.2208278675853657,0.48885785656366315,10.78037085788633,0.9319670469969561,0.5196037936796295,0.1403439125529701,0.06462194482948744,2.860345017636684,0.1366666666666667,562.4335616505208,1.5703145305315653,0.5013144970357204,0.5107876799878894,0.2742859830333791,3.2374655657944613,0.0,0.0,0.0,0.0,0.012073527070823294,1.9893394016112227,0.9549718717989187,0.04505119597017291,0.7989471032544709,0.9506890723649599,2.549255396153512,0.0,0.0,0.0,0.0,0.0,0.0,0.0,10.837464379272996,5.065177446172516,0.021522624713001884,0.8184509564442696,6.585297683189655,0.9901593881838194,1.0491231896141282,23.152699600236716,0.09479383316665405,0.0,166.66666666666666,0.5999492664511002,-0.19032261155862482,10.48751658587697,12.820657545398534,0.45638661855068724,0.020237383461651725,5.95546988248825,0.026980129291863886,24.490080780744183,4.28436685390371,15.309527066037829,27.96024661419726,16.198948750421437,22.766387246954668,27.351056228198296,27.76468801544587,4.584668981243627,-1.2349653503825995,-0.07133698187881832,3.2208278675853657,0.6256112520905975,1.973523117023172,4.289079054418186,2.3453968596992283,2.548225857195321,3.6626680569573002,3.8917893568705715,1.1144421997619793,-0.4675468267135081,-0.9807522657769567,0.48885785656366315,0.011622507542883019,0.4684266775031196,0.5151498684147953,0.4751113549979766,0.48040682164148785,0.4982685707919479,0.5036319003907401,0.01786174915046007,0.2871797759736574,-0.6617993417027486,10.78037085788633,3.8665921485885244,3.900598265031409,18.409484055354994,5.508931243348959,6.510787991950156,13.436432190215712,15.160416407406265,6.925644198265555,-0.2150139986352213,-0.9827979443538633,0.9319670469969561,0.29955976306751714,0.5465374091510925,2.136845786016384,0.7187642908374406,0.771259728826422,0.9230880011220111,1.3213911007610424,0.15182827229558904,2.3754859887765254,6.419036483799225,0.5196037936796295,0.04562555863510056,0.4126297668072405,0.549995055458538,0.4211998273454312,0.511237367909969,0.5480821189740785,0.5492706357452396,0.03684475106410956,-1.5039394568299504,0.703705504814538,0.1403439125529701,0.04931992920987775,0.06866689778970689,0.25089095700899294,0.07432363737508714,0.11238995732803904,0.1650031395343928,0.20462422611771014,0.05261318220635376,0.3613286490139929,-0.4734124420790291,0.06462194482948744,0.0019982451754440122,0.06064673624135523,0.07036061385829522,0.0613455517568532,0.06359042349021768,0.06580520217680641,0.06671710168113312,0.002214778686588731,0.2158352629156745,0.8613509211820531,2.860345017636684,0.4372351497839382,1.9562665343915344,3.353670634920635,2.1708250661375663,2.5340608465608465,3.206266534391535,3.271660052910053,0.6722056878306883,-0.8466469971853094,-0.7799731771721921,0.1366666666666667,0.06574360974438674,0.1,0.3,0.1,0.1,0.17500000000000002,0.21000000000000016,0.07500000000000001,1.5552092930988204,1.0241407339364619,562.4335616505208,50.717421206048826,415.1914843930847,634.6686043657578,504.234414614526,558.730821277228,596.6130517791096,605.3412496585878,37.88223050188162,-1.3478472160657748,1.386353872855766,1.5703145305315653,1.4688836104088738,0.0,6.585566520690918,0.461350953578949,0.6823359280824661,2.0227516293525696,3.1747507572174087,1.3404157012701035,1.8349071420425782,2.9960617854521763,0.5013144970357204,0.21455715066267786,0.0,0.8623520690224596,0.20993288112295116,0.36886252356786353,0.6704056263835325,0.7412808724559813,0.301543102815669,-0.4745709964883835,-0.42966623342841714
