{
  "LogisticRegression": {
    "cv_fold_aucs": [
      0.9722673160173161,
      0.9686147186147186,
      0.9752435064935064,
      0.9710497835497836,
      0.9775432900432901,
      0.9770334928229665,
      0.9747095010252904,
      0.9861927546138073,
      0.9828673245614036,
      0.963952850877193
    ],
    "cv_auc_mean": 0.9749474538619276,
    "cv_auc_std": 0.006194958731651747,
    "cv_ci_lo": 0.9702761304392459,
    "cv_ci_hi": 0.9796187772846093,
    "test_auc": 0.6076497395833333
  },
  "RandomForest": {
    "cv_fold_aucs": [
      0.9664502164502164,
      0.9721320346320347,
      0.979301948051948,
      0.9604978354978355,
      0.9849837662337663,
      0.9849624060150376,
      0.9676008202323991,
      0.9773069036226931,
      0.972450657894737,
      0.9691611842105263
    ],
    "cv_auc_mean": 0.9734847772841192,
    "cv_auc_std": 0.007660093080191538,
    "cv_ci_lo": 0.9677086658077672,
    "cv_ci_hi": 0.9792608887604712,
    "test_auc": 0.5723144531250001
  },
  "LightGBM": {
    "cv_fold_aucs": [
      0.9776785714285714,
      0.9761904761904762,
      0.9784902597402597,
      0.9701028138528138,
      0.9897186147186147,
      0.984688995215311,
      0.9686944634313055,
      0.9853725222146275,
      0.9762883771929824,
      0.9804002192982456
    ],
    "cv_auc_mean": 0.9787625313283208,
    "cv_auc_std": 0.006259995559077744,
    "cv_ci_lo": 0.9740421667306366,
    "cv_ci_hi": 0.983482895926005,
    "test_auc": 0.5130805121527777
  },
  "best_classifier": "LogisticRegression",
  "best_test_auc": 0.6076497395833333,
  "experiment_name": "Deepfakes\u2192Face2Face",
  "best_test_ci_lo": 0.5620494384299829,
  "best_test_ci_hi": 0.6539496241669482,
  "previous_auc": 0.6809,
  "delta": -0.0732502604166666
}