{
  "LogisticRegression": {
    "cv_auc_mean": 0.9957194010416666,
    "cv_auc_std": 0.0026081986473444796,
    "cv_acc_mean": 0.9848958333333334,
    "cv_fold_aucs": [
      0.9976942274305556,
      0.9913736979166667,
      0.9980197482638888,
      0.9974772135416666,
      0.9940321180555555
    ],
    "test_auc": 0.8451214733542319,
    "test_acc": 0.6113719353155973,
    "test_precision": 0.9491525423728814,
    "test_recall": 0.23406478578892373,
    "test_f1": 0.3755238893545683
  },
  "RandomForest": {
    "cv_auc_mean": 0.999728732638889,
    "cv_auc_std": 0.0004261574845194437,
    "cv_acc_mean": 0.996875,
    "cv_fold_aucs": [
      1.0,
      0.9999457465277778,
      0.9998101128472222,
      1.0,
      0.9988878038194444
    ],
    "test_auc": 0.7661093695576454,
    "test_acc": 0.5065206051121544,
    "test_precision": 0.9230769230769231,
    "test_recall": 0.012539184952978056,
    "test_f1": 0.024742268041237112
  },
  "LightGBM": {
    "cv_auc_mean": 0.999338107638889,
    "cv_auc_std": 0.000969848156230874,
    "cv_acc_mean": 0.9953125,
    "cv_fold_aucs": [
      0.9995388454861112,
      0.9999457465277778,
      0.9998101128472222,
      0.999972873263889,
      0.9974229600694444
    ],
    "test_auc": 0.6479574843260187,
    "test_acc": 0.5086071987480438,
    "test_precision": 1.0,
    "test_recall": 0.01567398119122257,
    "test_f1": 0.030864197530864196
  },
  "best_classifier": "LogisticRegression",
  "best_test_auc": 0.8451214733542319,
  "cohens_d": {
    "s_benford_dev": 0.06115704837038774,
    "s_block_artifact": 0.00842712109029974,
    "s_blur_mag": 0.09053352673152688,
    "s_dbl_compress": 0.02662448159989817,
    "s_face_bg_diff": 0.0499102537091057,
    "s_flow_dir_consist": 0.04071536829655268,
    "s_flow_mag": 0.22828696498466322,
    "s_noise_hf_ratio": 0.15422399424106684,
    "s_noise_res_std": 0.5841231112874521,
    "s_noise_vmr": 0.04236781559533351,
    "s_prnu_energy": 0.5159390491371495,
    "s_prnu_face_periph": 0.5010474748706146,
    "s_shadow_score": 0.035042418673980544,
    "t_blink_duration": 0.23793453222409316,
    "t_blink_rate": 0.3850622223033368,
    "t_blink_symmetry": 0.7533384398595473,
    "t_boundary_color_disc": 0.249932261994279,
    "t_boundary_freq_leakage": 0.11820620521848284,
    "t_boundary_grad_temporal": 0.003972048882300165,
    "t_coupling_consistency": 0.6919366278611935,
    "t_dct_temporal_autocorr": 0.5372223624064395,
    "t_dct_temporal_std": 0.3869115508652001,
    "t_face_ssim_mean": 0.12450928917740395,
    "t_face_ssim_min": 0.084222452198968,
    "t_face_ssim_std": 0.12504089350004904,
    "t_interpupillary_std": 0.4197603193299572,
    "t_jaw_chin_rigidity": 0.008342523242459002,
    "t_landmark_accel_var": 0.003457993404023931,
    "t_landmark_jitter": 0.002721227056086314,
    "t_landmark_velocity_autocorr": 0.15895848343879254,
    "t_motion_blur_coupling": 0.12773323480700305,
    "t_noise_corr_std": 0.3569509840126058,
    "t_noise_spectral_entropy": 0.008106388551135005,
    "t_noise_temporal_corr": 0.3262756919827287,
    "t_nose_bridge_std": 1.2745615176499916,
    "t_prnu_face_vs_bg": 0.18822765941090241,
    "t_prnu_temporal_stability": 0.3326607636245527,
    "t_residual_entropy": 0.08564278517182647,
    "t_residual_flow_corr": 0.5249695443968307,
    "t_rigid_dist_var": 0.6786896306438079,
    "t_rppg_harmonic_ratio": 0.01980913215343753,
    "t_rppg_interregion_corr": 0.016394389612837002,
    "t_rppg_peak_prominence": 0.026302436197723066,
    "t_rppg_snr": 0.04229507030624839,
    "t_skin_bg_decorrelation": 0.5062123320778232,
    "t_skin_color_jitter": 0.8033586235468666,
    "t_skin_texture_corr": 0.21066737892350298,
    "t_specular_stability": 0.10831686941588549,
    "t_specular_symmetry": 0.004017640410528198,
    "t_texture_warp_residual": 0.736553894161073
  },
  "n_features": 50,
  "feature_names": [
    "s_benford_dev",
    "s_block_artifact",
    "s_blur_mag",
    "s_dbl_compress",
    "s_face_bg_diff",
    "s_flow_dir_consist",
    "s_flow_mag",
    "s_noise_hf_ratio",
    "s_noise_res_std",
    "s_noise_vmr",
    "s_prnu_energy",
    "s_prnu_face_periph",
    "s_shadow_score",
    "t_blink_duration",
    "t_blink_rate",
    "t_blink_symmetry",
    "t_boundary_color_disc",
    "t_boundary_freq_leakage",
    "t_boundary_grad_temporal",
    "t_coupling_consistency",
    "t_dct_temporal_autocorr",
    "t_dct_temporal_std",
    "t_face_ssim_mean",
    "t_face_ssim_min",
    "t_face_ssim_std",
    "t_interpupillary_std",
    "t_jaw_chin_rigidity",
    "t_landmark_accel_var",
    "t_landmark_jitter",
    "t_landmark_velocity_autocorr",
    "t_motion_blur_coupling",
    "t_noise_corr_std",
    "t_noise_spectral_entropy",
    "t_noise_temporal_corr",
    "t_nose_bridge_std",
    "t_prnu_face_vs_bg",
    "t_prnu_temporal_stability",
    "t_residual_entropy",
    "t_residual_flow_corr",
    "t_rigid_dist_var",
    "t_rppg_harmonic_ratio",
    "t_rppg_interregion_corr",
    "t_rppg_peak_prominence",
    "t_rppg_snr",
    "t_skin_bg_decorrelation",
    "t_skin_color_jitter",
    "t_skin_texture_corr",
    "t_specular_stability",
    "t_specular_symmetry",
    "t_texture_warp_residual"
  ]
}