{
  "LogisticRegression": {
    "cv_auc_mean": 0.8739572723028605,
    "cv_auc_std": 0.007821087223862943,
    "cv_acc_mean": 0.7817982975365015,
    "cv_fold_aucs": [
      0.8679879148629149,
      0.8798024891774893,
      0.8623962842712843,
      0.875669480755265,
      0.8839301924473493
    ],
    "test_auc": 0.9717610677083334,
    "test_acc": 0.9357638888888888,
    "test_precision": 0.9643605870020965,
    "test_recall": 0.9583333333333334,
    "test_f1": 0.9613375130616509
  },
  "RandomForest": {
    "cv_auc_mean": 0.8776432037461449,
    "cv_auc_std": 0.008303418848480699,
    "cv_acc_mean": 0.8056459402070766,
    "cv_fold_aucs": [
      0.8939957611832612,
      0.8743461399711401,
      0.8745377886002886,
      0.8707561728395061,
      0.8745801561365287
    ],
    "test_auc": 0.995654296875,
    "test_acc": 0.9600694444444444,
    "test_precision": 0.9551792828685259,
    "test_recall": 0.9989583333333333,
    "test_f1": 0.9765784114052953
  },
  "LightGBM": {
    "cv_auc_mean": 0.8946014916909524,
    "cv_auc_std": 0.0062378692980339075,
    "cv_acc_mean": 0.8341507413044702,
    "cv_fold_aucs": [
      0.9026763167388167,
      0.8976821789321788,
      0.897208694083694,
      0.8846904502541757,
      0.8907498184458968
    ],
    "test_auc": 0.9947048611111111,
    "test_acc": 0.9487847222222222,
    "test_precision": 0.9421000981354269,
    "test_recall": 1.0,
    "test_f1": 0.9701869631126832
  },
  "best_classifier": "RandomForest",
  "best_test_auc": 0.995654296875,
  "cohens_d": {
    "s_benford_dev": 0.052700340609693655,
    "s_block_artifact": 0.0632812209120528,
    "s_blur_mag": 0.1762868208261862,
    "s_dbl_compress": 0.01629166777732489,
    "s_face_bg_diff": 0.12165723635993053,
    "s_flow_dir_consist": 0.08664154760345755,
    "s_flow_mag": 0.07988985004356007,
    "s_noise_hf_ratio": 0.12306535315933581,
    "s_noise_res_std": 0.6514003495893959,
    "s_noise_vmr": 0.0783161890035884,
    "s_prnu_energy": 0.6930723838113086,
    "s_prnu_face_periph": 0.3899664094529384,
    "s_shadow_score": 0.03982969389958262,
    "t_blink_duration": 0.6269575817653009,
    "t_blink_rate": 0.418871114541431,
    "t_blink_symmetry": 0.4805048742113893,
    "t_boundary_color_disc": 0.010918052274629986,
    "t_boundary_freq_leakage": 0.026309541434568987,
    "t_boundary_grad_temporal": 0.3355505164193687,
    "t_coupling_consistency": 0.6177903500598708,
    "t_dct_temporal_autocorr": 1.5006833067839047,
    "t_dct_temporal_std": 0.21280116928905646,
    "t_face_ssim_mean": 0.8642292643700498,
    "t_face_ssim_min": 0.5806532562777706,
    "t_face_ssim_std": 0.8587698293766076,
    "t_interpupillary_std": 0.18050780084271606,
    "t_jaw_chin_rigidity": 0.6251496923305566,
    "t_landmark_accel_var": 0.512360317429753,
    "t_landmark_jitter": 1.1326951757762194,
    "t_landmark_velocity_autocorr": 0.9870257543798582,
    "t_motion_blur_coupling": 0.3083622986545737,
    "t_noise_corr_std": 0.06927319769130537,
    "t_noise_spectral_entropy": 2.7783095429020475,
    "t_noise_temporal_corr": 0.031070153476921596,
    "t_nose_bridge_std": 0.099865544708253,
    "t_prnu_face_vs_bg": 0.0048175466165369316,
    "t_prnu_temporal_stability": 0.24249774726885182,
    "t_residual_entropy": 0.5330555402428007,
    "t_residual_flow_corr": 0.3973314446620049,
    "t_rigid_dist_var": 0.11834584336703086,
    "t_rppg_harmonic_ratio": 0.01659153664592596,
    "t_rppg_interregion_corr": 0.07433472279947619,
    "t_rppg_peak_prominence": 1.3641835710013122,
    "t_rppg_snr": 0.9355817447374742,
    "t_skin_bg_decorrelation": 1.1824904700888743,
    "t_skin_color_jitter": 0.1538066273063793,
    "t_skin_texture_corr": 0.5367080425310804,
    "t_specular_stability": 0.23975615167572473,
    "t_specular_symmetry": 0.14003311880142513,
    "t_texture_warp_residual": 0.7317658045332804
  },
  "n_features": 50,
  "feature_names": [
    "s_benford_dev",
    "s_block_artifact",
    "s_blur_mag",
    "s_dbl_compress",
    "s_face_bg_diff",
    "s_flow_dir_consist",
    "s_flow_mag",
    "s_noise_hf_ratio",
    "s_noise_res_std",
    "s_noise_vmr",
    "s_prnu_energy",
    "s_prnu_face_periph",
    "s_shadow_score",
    "t_blink_duration",
    "t_blink_rate",
    "t_blink_symmetry",
    "t_boundary_color_disc",
    "t_boundary_freq_leakage",
    "t_boundary_grad_temporal",
    "t_coupling_consistency",
    "t_dct_temporal_autocorr",
    "t_dct_temporal_std",
    "t_face_ssim_mean",
    "t_face_ssim_min",
    "t_face_ssim_std",
    "t_interpupillary_std",
    "t_jaw_chin_rigidity",
    "t_landmark_accel_var",
    "t_landmark_jitter",
    "t_landmark_velocity_autocorr",
    "t_motion_blur_coupling",
    "t_noise_corr_std",
    "t_noise_spectral_entropy",
    "t_noise_temporal_corr",
    "t_nose_bridge_std",
    "t_prnu_face_vs_bg",
    "t_prnu_temporal_stability",
    "t_residual_entropy",
    "t_residual_flow_corr",
    "t_rigid_dist_var",
    "t_rppg_harmonic_ratio",
    "t_rppg_interregion_corr",
    "t_rppg_peak_prominence",
    "t_rppg_snr",
    "t_skin_bg_decorrelation",
    "t_skin_color_jitter",
    "t_skin_texture_corr",
    "t_specular_stability",
    "t_specular_symmetry",
    "t_texture_warp_residual"
  ]
}