video_path,label,s_noise_vmr,s_noise_res_std,s_noise_hf_ratio,s_prnu_energy,s_prnu_face_periph,s_shadow_score,s_face_bg_diff,s_benford_dev,s_block_artifact,s_dbl_compress,s_blur_mag,s_flow_mag,s_flow_dir_consist,t_noise_temporal_corr,t_noise_corr_std,t_noise_spectral_entropy,t_rppg_snr,t_rppg_peak_prominence,t_rppg_interregion_corr,t_rppg_harmonic_ratio,t_prnu_temporal_stability,t_prnu_face_vs_bg,t_face_ssim_mean,t_face_ssim_std,t_face_ssim_min,t_residual_flow_corr,t_residual_entropy,t_landmark_jitter,t_landmark_accel_var,t_landmark_velocity_autocorr,t_jaw_chin_rigidity,t_rigid_dist_var,t_interpupillary_std,t_nose_bridge_std,t_boundary_grad_temporal,t_boundary_color_disc,t_boundary_freq_leakage,t_skin_texture_corr,t_texture_warp_residual,t_skin_color_jitter,t_skin_bg_decorrelation,t_specular_stability,t_specular_symmetry,t_blink_rate,t_blink_duration,t_blink_symmetry,t_motion_blur_coupling,t_coupling_consistency,t_dct_temporal_std,t_dct_temporal_autocorr
FaceForensics++/manipulated_sequences/Deepfakes/c40/videos/007_132.mp4,1,4.727392700518367,4.923748690490797,0.599929289055387,24.61550977720512,0.16663670342694215,0.1730013628257949,0.12588904441811405,0.037821669111055674,7.65184101103222,0.10500000000000002,1793.5610103287734,4.146662363409996,0.833487597465887,0.2953703907159824,0.2666367821831463,5.151806398353448,4.512385754385228,2.1318108753067775,0.3146296186687586,4.515706124744171,0.04663681462840884,0.5626252277053049,0.9715998207380264,0.03189026131504877,0.6064876627491029,0.9929414476053996,2.9598618007753075,0.01304902695119381,0.00018432350771036,0.32500520274817185,0.9922221210600702,0.00546645000576973,0.004353721160441637,0.005688021890819073,6.71788406651615,4.524393047157021,0.013833506039176302,0.9845343989318864,2.6831822219899664,0.66658270028959,0.5816479400843668,69.87784480109859,0.02180597432247152,0.0,0.0,0.30736974322632915,-0.06451883582757391,11.645398700959298,31.857253984669672,0.834002538727653
FaceForensics++/manipulated_sequences/Deepfakes/c40/videos/003_000.mp4,1,6.329721209667925,3.44652282280884,0.6115170142710888,12.066056033616256,1.5141869365932936,0.22432157280242046,0.20601401673013692,0.08016238833306473,1.2307255294375312,0.10000000000000002,907.1117528084708,9.982471978664398,0.8163812542583185,0.055284906028570086,0.19422884093175785,6.186769344656309,4.2039816455668735,0.4165275502711193,0.5113981154271342,6.0118948218118575,0.02835982620046571,0.4423074099441537,0.9742981672412303,0.02333173070090996,0.8753107944392142,0.9752735539350417,3.9029715376911445,0.015403474681079388,0.00017108232714235783,0.5192894677937685,0.9951448879176777,0.009601794183254242,0.012293053790926933,0.008454867638647556,8.606934921143555,3.107833062118027,0.013806949914199416,0.9662774068222505,2.7167413513795986,1.692653108319529,0.4934334679692406,38.17941094530825,0.3593417708454019,20.0,180.0,0.6611463185029658,-0.11855205405944343,10.936496631560631,33.414086095925775,0.7706086493788594
FaceForensics++/manipulated_sequences/Deepfakes/c40/videos/010_005.mp4,1,11.598220179410273,4.696490913466599,0.5945166929664437,22.261610080937068,0.3605868940028595,0.29186181621336804,0.0575906583396687,0.0568617050390625,4.786643192291532,0.10000000000000002,909.3432076223731,8.074464237689972,0.8853485716314123,0.021379108703578197,0.1253415727594125,5.64490132107955,4.05123657634656,2.367190190749947,-0.15260835893919206,5.740870823428913,0.031048923371738785,0.8711294898775175,0.9847720636756799,0.013536542529994724,0.8520535842388168,0.9847673505486252,3.468904396615026,0.012917973101139069,0.00014179710706230253,0.27925327422573415,0.9879877370978725,0.005601167678833008,0.004910274408757687,0.0037941494956612587,4.658480349582066,4.462340046366023,0.015955505472732754,0.9834835077938516,2.5429034280936453,1.070728112906897,0.5141702836536022,18.858278767521075,0.7575473543070104,0.0,0.0,0.2578438756136696,-0.03091707829467885,12.56423138837093,24.89319351966653,0.7843874763911118
FaceForensics++/manipulated_sequences/Deepfakes/c40/videos/009_027.mp4,1,3.427614373445857,1.3813702071975669,0.6670959938263623,1.9246972809878298,0.01346407207132784,0.16423851919898128,0.2583721939610239,0.050802019349769204,6.930389599759529,0.10000000000000002,498.0530491741144,1.9054938077926635,0.7480644333109223,0.47228831418609757,0.3212128830476609,4.99739297672654,4.052403757668594,3.6030864683600683,0.4499809219503159,32.86299515750442,0.044376205913310034,0.19543216106150457,0.9921588643987963,0.007983656620751508,0.9466814595924165,0.9746945427092845,3.7279821777789746,0.00535785686224699,2.041432890109718e-05,0.4569581332010313,0.992931349543457,0.00380631978623569,0.002991344081237912,0.002554199192672968,1.801024810061846,1.3124417861643647,0.005174328783082874,0.9730525493495166,0.5628658026755853,0.42931948410385123,0.21556997817173595,79.7698254368276,0.46386043459799925,54.0,203.7037037037037,0.054483471601914454,-0.1295927696583142,14.220461189444714,8.585157502170784,0.8637213220455401
FaceForensics++/manipulated_sequences/Deepfakes/c40/videos/000_003.mp4,1,11.045299564893266,4.51950528748568,0.6201872727518939,20.712345677332323,1.0902824003833511,0.2985532649905746,0.14005930526151852,0.06835641425470258,2.3288331338723802,0.10000000000000002,1165.139043835078,6.600350123643875,0.87377723381049,0.15672113443587282,0.23244354159602656,5.4600052590603925,3.511976102027444,2.536829569442834,-0.21993624754215407,2.7774826282561818,0.03372255218034546,0.28368040948851764,0.9803258272126887,0.01593391118727771,0.8514322155428059,0.9298051704942621,3.6015464697043584,0.009248033165931702,7.43259079172276e-05,0.20511738663556106,0.9816731648189899,0.00555306114256382,0.004179629497230053,0.005921541713178158,11.51792815737726,1.6089546397693875,0.02232034972673644,0.9826434979222498,1.7923939172240804,0.9784767455109616,0.46401970660655556,58.38061906544254,0.7933481914891085,60.0,276.6666666666667,0.17792127067125169,-0.07652675632522662,9.536723030103305,26.54689179596657,0.8451743322905946
FaceForensics++/manipulated_sequences/Deepfakes/c40/videos/008_990.mp4,1,8.25603863665382,5.953979734509752,0.5770578902249403,36.0013749401055,0.3498912642274093,0.251970990982934,0.048949681736156714,0.05201553638534512,5.808499070299649,0.10000000000000002,871.408915052711,8.313087990880012,0.8909133976541389,0.14903625489132175,0.259180818565547,5.803734858296423,3.784333402697219,1.5367282744350996,0.38613444728833596,9.886696838256592,0.08343350040334238,0.5095153868724371,0.9886484909699319,0.009229115371919304,0.9295256802212727,0.9865738686143485,3.5612940934845536,0.020853010937571526,0.0005784601089544594,0.23402945571357153,0.9946380142323674,0.005417366046458483,0.005634767469018698,0.0044888658449053764,2.5539105194762888,2.9624210999981053,0.014796684318786054,0.9764558037649572,3.514194450250836,0.8145929986204806,0.7491477214989849,39.58784659202201,0.5799366099810217,20.0,280.0,0.25110806639860533,-0.04773990858922912,12.117718351307014,32.47621290206687,0.7874032605050107
FaceForensics++/manipulated_sequences/Deepfakes/c40/videos/005_010.mp4,1,13.47903942468101,3.332895697459223,0.6367109281982923,11.18807390836577,0.12347362661708416,0.3467592769006999,0.14989875846774087,0.057946196879462286,6.309559224168941,0.10000000000000002,565.0698487230818,4.979812842607498,0.7723280895842275,0.32519626819353364,0.26002313004897426,5.525122355988205,3.3038915448421555,1.6147212919531413,0.3822179938494306,6.292896341228372,0.06792426277602673,0.25234554231668627,0.9938102787301796,0.005052258523275117,0.9648542875729442,0.9872278334525195,3.4880681878277096,0.011134596541523933,0.00014765909872949123,0.17462444446954697,0.990465035387019,0.005781150888651609,0.006990787107497454,0.005349160172045231,7.295252158694044,2.266222187540473,0.014362298171307115,0.990034786416859,2.2060350909280935,1.2552089682447745,0.6189546235217833,16.04941188041976,0.17864910122009983,0.0,0.0,-0.12127343377694412,-0.04646748827623187,14.647292450156625,27.970164576286148,0.8301534945972584
FaceForensics++/manipulated_sequences/Deepfakes/c40/videos/013_883.mp4,1,6.260133312137181,3.2733933174676495,0.5794093574799793,10.931642714886854,0.09231574390593174,0.23503669016789117,0.11403231708256609,0.05319691854346753,5.570545902837373,0.10000000000000002,679.0369768915182,5.6074295997619625,0.8549741585952502,0.16875611579616118,0.2504869017754606,5.442138454456045,3.9351507742629535,2.703888192805016,-0.20523576898241508,6.145797358778991,0.02367656673169988,0.1258958883610355,0.9795615474818895,0.0199111844401939,0.8801283734354409,0.9747142987059354,3.7082045168681543,0.008576885797083378,9.195094025926664e-05,0.3747818596530766,0.9839141025044088,0.01262760441750288,0.014563076198101044,0.003848747815936804,3.5294377130297647,2.3620310643263727,0.02386893533245447,0.987239782720072,1.6139475334448161,1.262154261527431,0.4413282428998594,19.151965095778372,0.17520515285705074,0.0,0.0,0.6248252176561117,-0.13318289436790712,11.989606691245054,26.268768379045095,0.9002514893017247
FaceForensics++/manipulated_sequences/Deepfakes/c40/videos/012_026.mp4,1,8.10474915785337,3.4409366246607815,0.6209398734523204,12.074673597906166,0.8813186308761924,0.2604880711585486,0.08748994993365357,0.07220172689571773,3.0769325112413286,0.10000000000000002,548.7346204574022,5.901750975847245,0.8114806662406968,0.1330262803111423,0.15922312899825122,5.892484156774291,3.5199722752337177,1.1171058786291999,-0.17032190181344603,6.750980234353763,0.041275643387698784,0.32119082496478296,0.9887486735728537,0.010451607869850698,0.906154810925679,0.9872747182346333,3.7272642674944034,0.02377883903682232,0.000551957986317575,0.13456439328263878,0.9948478320436374,0.006989620625972748,0.005414544139057398,0.007934484630823135,3.6542439505256072,4.854776078980291,0.022559287874846738,0.9742963998484478,2.108506218645485,1.0903702139172997,0.7946552937403797,20.597206614055697,0.03127967413023891,25.0,208.0,0.7206572405922854,-0.09377601802655165,10.160282208108741,22.882622589394398,0.794935901556116
FaceForensics++/manipulated_sequences/Deepfakes/c40/videos/016_209.mp4,1,3.6365194238857548,3.393296530534444,0.626273607093798,11.772015013920832,0.06314203791627127,0.15806973338356797,0.25627579426400277,0.04858239840121986,7.947792727106129,0.10500000000000002,1271.4393830510414,5.617717188596726,0.8912324386518913,0.22565969918286272,0.2809155291912208,5.877988881958632,3.9774227148066568,1.3141937678519826,0.359783145435301,14.362535453584888,0.09432917325569368,0.37710446068912234,0.9718278491998068,0.02203325871471341,0.8675643031644561,0.979368223968669,3.3660917759691755,0.012717078439891338,0.00015052090748213232,0.3880172519980627,0.9971521705895673,0.0048520914278924465,0.00528686260804534,0.003098184708505869,3.887786913008082,1.7375159764290111,0.009166172876980141,0.9782706657117225,2.469011287625418,0.8388693757825386,0.6712935131017332,30.76694781982924,0.598342361635952,0.0,0.0,-0.04379874971145491,-0.05523916408069932,13.789111077409872,27.959880791282508,0.7764928706039423
FaceForensics++/manipulated_sequences/Deepfakes/c40/videos/015_919.mp4,1,4.665017169092789,2.109406519524595,0.6392690767220042,4.540367369566988,0.02846030490355821,0.20060355649056688,0.19590368617454523,0.04634521639729501,6.789900498596509,0.10000000000000002,697.0461658228171,7.847418928146363,0.8202649190224616,0.104471562079853,0.1941576040233795,6.020213988027233,3.454114434614145,2.3030257987060825,0.37248072582623437,3.3498137392451004,0.05012880142243409,0.23093177749466443,0.9829086458192241,0.013578540372046427,0.9133628002776408,0.9740613561418742,3.6153760583357486,0.016163364052772522,0.00011551240459084511,0.41498699998521255,0.9930919811617287,0.008663279004395008,0.007808748632669449,0.007457434665411711,3.4630229761745888,3.1010371115577757,0.01534913785053832,0.9706812318617792,2.3180784908026757,1.2960196652911173,0.46757372990598356,11.35438676077548,0.35407211505034186,18.0,166.66666666666666,0.08515385741058477,-0.1362981827124366,13.06934420548725,28.553447979145556,0.8276074566885586
FaceForensics++/manipulated_sequences/Deepfakes/c40/videos/014_790.mp4,1,4.0426203503527125,3.7385456962537633,0.6711744304831015,14.29208325949011,0.030021403993301332,0.1382118561466208,0.43009252418101396,0.03166225405632124,13.38727779938139,0.12500000000000006,2708.066201676419,5.394332277774811,0.7778845228743401,0.14816675891003916,0.14627901774767982,6.139438889440937,4.945666717239835,3.888548630413926,0.02637392477154083,12.577422632180761,0.026291274219283674,0.3851801628636667,0.9718145125208072,0.019293943316905517,0.8758098626486718,0.9649540062815883,3.8373166786347697,0.015138648450374603,0.00020505668362602592,0.16500592635388303,0.9935061908996374,0.007356251124292612,0.005346573423594236,0.00810525007545948,5.5656532117181605,5.518329868590873,0.010685770914502492,0.9051401023498112,5.769864391722408,1.3264121554834245,0.9160058913277656,25.244338948832432,0.06649264503877597,90.0,226.66666666666669,-0.04428535749098741,-0.0028945825685029653,12.208760594423678,20.711018429863948,0.6946534336142598
FaceForensics++/manipulated_sequences/Deepfakes/c40/videos/018_019.mp4,1,4.587855943419931,2.1641593645760153,0.6315058980391709,4.751598308339898,0.525257727061178,0.17306557500093572,0.1545836378427067,0.06977738850897854,1.4787170358649788,0.10000000000000002,1116.483681460239,5.112238371372223,0.8616115780237594,0.13074798125983791,0.19612082620957813,5.585355128678609,2.9849528993038352,1.0110019949390912,0.8171496512880598,0.0,0.046390024044727925,0.14333150100442424,0.9855388745894862,0.018468484389905587,0.8415216146073571,0.9826864105143959,3.0171401871647374,0.010764549486339092,0.00013182104157749563,0.45412287318060646,0.9816530944007256,0.005686168093234301,0.005008535925298929,0.0038448194973170757,2.603739633071196,4.405195419320107,0.025617727027757508,0.9847182265348907,2.44009981187291,1.835962761630678,0.32437960336362937,37.27854198549694,0.04057156828683424,24.0,150.0,0.42010132691509566,-0.12588585719437295,12.242681910558392,15.035882634159718,0.8315037816799896
FaceForensics++/manipulated_sequences/Deepfakes/c40/videos/002_006.mp4,1,9.48651037653324,1.5320273586357391,0.7333194073798007,2.3639674180810566,0.12181706096222071,0.2980955531866532,0.12919384984845608,0.06395313650831376,3.4326683241675604,0.10000000000000002,267.9350717449132,5.835435205698014,0.8159470820768906,0.05198367740021617,0.10593685085629403,6.20756180945206,4.223096059321357,3.0723762244194512,0.10112331531638838,6.242393336374324,0.013006117466331006,0.027210853824149204,0.9804812556719641,0.016004948559941175,0.8906468421607039,0.9712589758758193,3.402728356580822,0.012519885785877705,0.00012756703654304147,0.22516810331996484,0.9952368955425626,0.0047988262958824635,0.004649072885513306,0.0039078351110219955,2.7294036296654327,2.2748659104431947,0.018185592516187614,0.959237465145735,2.638920098244147,0.9889152088991188,0.62995892515886,54.85309475617872,0.5846617558059546,12.0,216.66666666666666,0.5270720115231421,-0.12918453019386594,24.279452626498035,10.808499193387945,0.6400787679359452
FaceForensics++/manipulated_sequences/Deepfakes/c40/videos/004_982.mp4,1,7.443710690146557,2.375411866498692,0.6643152742368066,5.691518240063177,0.3044871348693797,0.2576530000271239,0.22213754445777495,0.06415173178846817,3.298473549363904,0.10000000000000002,480.75170548083025,10.529594147205353,0.8596295166899509,0.12034163481057088,0.2259764950695725,6.007610043772267,2.9733246783487615,1.16031729669738,-0.24486925595973486,3.3737075164238037,0.037128921756893044,0.19392258525522618,0.973719858051378,0.03748258873272926,0.7666336107376541,0.9686567980174495,3.548424035937637,0.02067866176366806,0.0005499473190866411,0.3800456729118801,0.9976494066075325,0.008635272271931171,0.006651844829320908,0.004261649679392576,3.2961876643991275,2.1891742622501553,0.014581758530132268,0.9576435838110603,2.834255460911371,0.9461445053296466,0.9172519809273099,10.445401621861985,0.2710543292256623,35.0,211.42857142857142,0.062119269811826305,-0.12016998012348569,14.481494172294354,23.25394305440676,0.7783271063858178
FaceForensics++/manipulated_sequences/Deepfakes/c40/videos/001_870.mp4,1,14.222656965220207,1.5503840327650837,0.7311081758041096,2.4351816500797874,0.043262322489879025,0.3458212477220126,0.016681178608946474,0.0510227075706726,5.606053366032485,0.10000000000000002,584.8233269170336,5.5645942211151125,0.846094134829365,0.08196863861942574,0.14088314900522805,5.7701808524053435,4.14694517503332,2.0970062551586497,0.5304314026846637,6.655056652484752,0.02691690540305014,0.13855775333406112,0.9953349161849163,0.003848693426983339,0.9775767400558991,0.9832038934769707,3.5757500254710437,0.011647729203104973,0.0001959288929356262,0.29177239890616136,0.9919167247847096,0.005086996592581272,0.00560592208057642,0.0034373344387859106,2.5736733717606772,3.9965608925581106,0.011569156358105109,0.9799097757317727,1.347277382943144,1.2079690870457365,0.6648835310700181,60.11244454059178,2.6740148243812692e-11,5.0,360.0,0.27362266833328946,-0.1289900809045291,15.253291414674504,7.87924492752593,0.7373138941106291
FaceForensics++/manipulated_sequences/Deepfakes/c40/videos/011_805.mp4,1,6.165586067992595,1.7372910490965978,0.7336764758427488,3.0388809876823104,0.7142031095975685,0.19285382509825164,0.16205779547621293,0.07560747702974954,1.4445860343902375,0.10000000000000002,793.2456833723143,5.469761526584625,0.7015385062603946,0.047101158506683796,0.11043875559133412,6.486957686777466,3.4892780921262245,0.9195196817231395,-0.4858153593249783,6.821446666944375,0.006784631154694652,0.030596277298455928,0.9458221707224616,0.03610177983649294,0.6298580014390254,0.9667872354137437,3.934167965917701,0.025097046047449112,0.0005401026573963463,-0.012008994042682634,0.9924404500894883,0.0056037697941064835,0.004583511967211962,0.005683791358023882,3.540943696594698,2.6370558480266486,0.012438674842267704,0.9597183117944098,3.3457945756688963,1.3588236907697204,0.8258390063407139,37.68842550386144,0.12849343722381623,33.6,202.38095238095235,0.7724663571841063,-0.1813955778445936,17.811171975932986,10.008485949458592,0.3780298539448969
FaceForensics++/manipulated_sequences/Deepfakes/c40/videos/006_002.mp4,1,7.294466118892598,1.5779135221210734,0.7023639550284113,2.519367340249539,0.07599774281951606,0.262560135285191,0.17449272749000086,0.058496833257670355,3.3680109294580176,0.10000000000000002,261.0012887779627,5.623928755521774,0.7855271878743244,0.1284301128745428,0.19292004612376285,5.699102592813776,3.4107957143784557,1.3341130675875281,-0.46637753946656046,10.428523115267827,0.019133614913944514,0.12371355741236516,0.9872085366694142,0.02228085587265426,0.7414966506787086,0.9856464121597185,2.215613034330431,0.008708884939551353,0.00013234590005595237,0.3895855754098795,0.9968025268818922,0.012006686069071293,0.00953026581555605,0.007762609981000423,1.898597203175477,3.652304348560567,0.012369220086465469,0.9852546228054018,0.907131845735786,0.851144765057188,0.4585062026012662,52.14285488824018,0.44774091161318713,6.0,166.66666666666666,0.9073354517914204,-0.1347936376963044,10.737809080960288,12.141918794422754,0.7873370962174208
FaceForensics++/manipulated_sequences/Deepfakes/c40/videos/023_923.mp4,1,11.57068097389637,4.390274867145358,0.579198102106609,19.59496819167491,0.6309855680015877,0.31020773517581535,0.17506892666363474,0.058777524781507426,4.5321167807560965,0.10500000000000002,687.2101903178063,3.312192326784134,0.8207256678127586,0.352307573766324,0.30735869741346583,5.231968414208661,3.4809494904445653,1.9004127178716201,0.38895455707377957,2.097031302558028,0.09233527224420754,0.3549273836215558,0.9897849003957203,0.016577535373088443,0.7550641428281827,0.9881016302516084,2.3206729539214455,0.007022900972515345,9.57903903326951e-05,0.23125436536968405,0.9918560027437964,0.004221363924443722,0.0042320741340518,0.00436485605314374,3.6586230133172384,3.559017116382925,0.01110027775023663,0.9895289034506092,2.356494303929766,0.956164552388102,0.5512940634761365,65.76974766601487,0.47885154934204754,25.0,208.0,-0.07307196149093378,-0.07753594047369936,10.503365046258166,28.48859494721656,0.7978543701207862
FaceForensics++/manipulated_sequences/Deepfakes/c40/videos/019_018.mp4,1,3.684059974476294,1.4627375676470984,0.6699523411371799,2.1764138739880394,0.02638271941341419,0.1492676855676133,0.08120402599465529,0.057646212018886825,3.6017015024940995,0.10000000000000002,1123.6033387751954,7.734421217441559,0.7644982730438918,0.04450331016824833,0.07661020537471994,6.555614445409499,4.437799677747627,2.1176936011947523,0.849965544548503,9.805856888905298,0.018441685760376476,0.2717788272344091,0.9460742348902805,0.03832353513299194,0.6449867118651632,0.964400028187654,3.7401940872255115,0.033589813858270645,0.0007064648088999093,0.21191073950180778,0.9975265856010286,0.007929033599793911,0.007747272029519081,0.005040314514189959,4.658423606210278,4.762906547677456,0.01712127140986696,0.9656421471430139,3.057878475125418,1.4025616044247888,0.6491709149377511,21.898888845702462,0.22307930464915643,72.0,194.44444444444446,0.12001977189901762,-0.15168740305311798,22.373653609158104,19.99837382976263,0.5838810810675
FaceForensics++/manipulated_sequences/Deepfakes/c40/videos/021_312.mp4,1,7.421973114695588,7.01358253577718,0.6262104264065145,50.28847861240146,0.6846876352879386,0.23432886854117646,0.17459799490720057,0.04543203952352043,5.98886170452762,0.10000000000000002,1240.4006622265838,3.7665062695741653,0.7763112499945101,0.25225473162377204,0.2825634393902424,5.200569498172763,4.336902932165124,1.6197068512671873,0.15427135505439105,4.656676538981166,0.07992538017938625,0.5484646508617406,0.9753776053576604,0.025320086609796507,0.8043205168465872,0.9929673115549719,3.644296145937006,0.01577296108007431,0.00032498527434654534,0.29313429453875156,0.9937332527847822,0.0054436675272881985,0.004840213339775801,0.005198640748858452,4.384405870632903,3.803215448184724,0.019394528727299045,0.9793291166102777,3.838988033026756,1.135148766777455,0.4480250854616771,18.923831124039143,0.7475514419904732,24.0,316.6666666666667,0.49146076766157726,0.0019466683538969182,11.72441116225509,39.45265091809972,0.8585459017621037
FaceForensics++/manipulated_sequences/Deepfakes/c40/videos/017_803.mp4,1,10.731369337852541,1.8606977214964933,0.7171030241633182,3.4873353810976497,0.3514084350645676,0.28298600480054875,0.21185046366743482,0.08290581352056206,1.4369969886121616,0.10000000000000002,455.208177807624,9.73905965089798,0.7326564919494123,0.010867131718553538,0.08184386704473767,6.449432272384065,4.584329907985103,3.2413952831023214,-0.32414474601965415,5.664320694611583,0.007023729984543781,0.24054250612355862,0.9716431835281103,0.02197478655227447,0.8817331318654072,0.9869173487746477,4.08493201829954,0.017057176679372787,0.00017902000399772078,0.33529417632374203,0.9921943621649458,0.007024038583040237,0.004154287278652191,0.006171358749270439,3.890884665070093,3.2543326151759966,0.01818540391280411,0.8816326851424657,3.0363614391722407,1.0050614227310668,0.93937055425169,41.766737973450454,0.2254234272006031,0.0,0.0,0.25071745262221606,-0.20747798720416719,15.777283666218768,14.63640799407913,0.6363825448274433
FaceForensics++/manipulated_sequences/Deepfakes/c40/videos/026_012.mp4,1,13.148824400272435,2.6912668535282345,0.6649923207414125,7.323529158551888,0.3182370402727867,0.3140799168293159,0.3450785335018489,0.0712371736103292,2.8027075623078024,0.10000000000000002,606.4915798413195,6.413058167695999,0.8564466877172501,0.2315409807304748,0.24084567115358704,5.458011622873766,4.017500031147325,1.4916679287055692,0.20257719761246312,18.444238922317904,0.037049041664880704,0.7753644909176172,0.9917724789552739,0.009595168488063271,0.9246361423845891,0.987391076265569,3.5289571632881747,0.010122621431946754,0.00012492261885199696,0.3944079727163051,0.9943332440875019,0.006752766668796539,0.004659445025026798,0.005395626183599234,4.913052583010938,5.643338135131194,0.020100228810681804,0.9856659509885825,2.3705483120819397,1.4771322108034335,0.5909329641562311,16.388146949480458,0.3927000172192957,0.0,0.0,0.10042368809869694,-0.07594648032632204,11.656107048134718,17.892998953743334,0.8380608980077323
FaceForensics++/manipulated_sequences/Deepfakes/c40/videos/029_048.mp4,1,11.72350191648275,3.8587303493837397,0.5626874798860454,15.006907847837997,2.1947135790467702,0.2964466222431259,0.19797148020400715,0.07640575275586621,2.010963020504142,0.10000000000000002,461.5343213516427,7.44985967874527,0.8766485557923795,0.09535057864791403,0.22536486082890256,5.894092145849247,4.310874412298709,1.6646253969066274,0.23200994913276818,8.169915381495278,0.03123630371109371,0.1704344674733698,0.99603942128046,0.003951563364643866,0.9547037222265337,0.9895878338352208,3.599581191725478,0.006323604378849268,4.51696032541804e-05,0.3329747624254516,0.9913353712128112,0.0035287828650325537,0.002802046248689294,0.004778492264449596,2.2885272895602324,1.6517211302589332,0.016536322442265484,0.9922081260388163,1.5183129964464883,1.3115488312228918,0.4132740049524102,35.49327645079762,0.3800632855867937,15.0,293.3333333333333,0.8625173074342326,-0.10617906119497907,12.158515260390088,16.16247423052924,0.80600123922756
FaceForensics++/manipulated_sequences/Deepfakes/c40/videos/027_009.mp4,1,4.530876100956208,1.3952375050810721,0.6814661337705235,1.9919181482666972,0.037350488772647766,0.17898308414087064,0.02226331190130023,0.05903817753025499,5.082013968971251,0.10000000000000002,924.4308559679645,5.193067854642868,0.6349398658754108,0.16189547417564626,0.17872563918282644,5.754406776988527,4.247323667836424,1.204847438560955,0.4574916246477631,1.610670880056546,0.03094307528685554,0.2299419965354391,0.9715370588190352,0.03802147546556922,0.7013209641785076,0.9647712415863422,2.7431299400918197,0.00998562853783369,0.00019921148486901075,0.4190787772231826,0.997461178244279,0.02236093394458294,0.018224328756332397,0.0074533261358737946,4.9785241689434505,2.1113227081423003,0.024848622241256727,0.9066735562941949,1.9299226588628762,1.8608922452644325,0.6157853337015349,11.537525544615926,0.032280088359154885,30.0,280.00000000000006,-0.31923803360914466,-0.18890330389717214,13.369672438298252,19.037730908874178,0.7623648465835703
FaceForensics++/manipulated_sequences/Deepfakes/c40/videos/028_068.mp4,1,12.526304092340785,2.169179135176448,0.7046761777304438,4.766256260979873,0.0942428462667756,0.32697872978662357,0.08435786859828757,0.06540487904723735,4.356968141024665,0.10000000000000002,408.92322079856297,5.359006255865097,0.8018818797352971,0.11155348168967504,0.17406868219891652,5.702643531449785,3.9682906049459454,2.4720945973730357,0.5143692965921771,2.425134761931788,0.033066446346931955,0.24000236081576662,0.9874522582922682,0.012259826455273432,0.9081594891329178,0.9445702800201363,3.8916776597971436,0.01005512848496437,0.00010297885455656797,0.40795202762652794,0.9937411655006415,0.005667165387421846,0.005288669373840094,0.005276100244373083,2.8518753612277172,5.151880056283211,0.010914149974569095,0.9608524410684467,1.2849831469481605,2.037993396067011,0.4655845296465707,72.3216023585444,0.07278704745146615,6.0,100.0,0.6978674680988979,-0.11260399596386288,14.874717916456815,10.401154414161464,0.8078822515187555
FaceForensics++/manipulated_sequences/Deepfakes/c40/videos/020_344.mp4,1,2.4695158658996945,0.7938251801310419,0.7863146556435548,0.6346996289160961,0.02242877110819272,0.14021128718402537,0.04762834992825398,0.06166192838496389,2.919078768450551,0.10000000000000002,355.57337014451133,2.2146585822105407,0.533769529285522,0.05573177527074566,0.09846707122816188,5.7105898774859645,3.59201860422973,2.327557835566836,-0.15329982309186846,9.305708149464671,0.009596945256968964,0.09527991463304575,0.9888981640367889,0.009873175013646223,0.9272129189842536,0.902023290508327,3.4389041164323726,0.00963915791362524,0.00010393901175120845,0.18533796123216792,0.9887500738117742,0.004768359009176493,0.00457747932523489,0.0038109542801976204,4.404886332166398,2.2898740177853907,0.009120128245846902,0.9629754769347277,0.8799840614548495,1.0932550315112666,0.6007645990647026,12.736121319288113,1.314184983058908e-11,40.0,255.0,-0.10649409145924858,-0.2262525523011503,18.672552950615707,4.910293405454874,0.6002298480359977
FaceForensics++/manipulated_sequences/Deepfakes/c40/videos/035_036.mp4,1,6.666024237989092,2.461100246148224,0.6335183976785733,6.192477686738528,0.22767013468391228,0.2675132526994489,0.05051521913706304,0.08086000235155433,2.6584942709450763,0.10000000000000002,487.5734814436707,4.457115623354912,0.8320556644070795,0.21620550151526932,0.25692010674620475,5.467423258594761,4.242081037721034,2.6384935820070745,-0.05612359513183403,17.20443173000259,0.045894663275805464,0.06707990553322334,0.9855889069839419,0.014406341412557195,0.8846150963871459,0.986720574393428,2.9952624227364457,0.007112656719982624,4.6112178097246215e-05,0.6122299681139944,0.9919103393640918,0.004204091150313616,0.0032100684475153685,0.004424713086336851,3.1941615357109114,1.643940726344956,0.009939893805986479,0.9872944861645403,1.1559854462792643,0.7781264193981126,0.3202108536445819,53.12517535357663,3.554903038605062e-11,0.0,0.0,0.36496609093158205,-0.12513979693003624,11.425975185879038,10.976149404501355,0.7733736759267866
FaceForensics++/manipulated_sequences/Deepfakes/c40/videos/037_072.mp4,1,6.881616074100522,4.285234700483078,0.6044984070767335,18.76691060006722,1.1276975854543887,0.19835614635109577,0.14060920915191594,0.06420804586542198,3.348818147006211,0.10000000000000002,1531.0898666037608,6.23544100522995,0.8119324772810433,0.09633997099007646,0.1388524694823636,5.542915039086254,3.323277644354119,2.1244131919420317,0.36003818943228727,16.168780786178857,0.057183629230273765,0.24843266592920227,0.986491135670353,0.011473137483946539,0.9256049184091601,0.9741012647777288,3.7531585870323427,0.009545682929456234,6.522003968711942e-05,0.3875504410850429,0.9808118243758668,0.004200332332402468,0.004739669617265463,0.0030692804139107466,2.769632634917398,1.9406906932244903,0.009452444663238932,0.9793449514750878,2.5941353992474916,0.9192573335463505,0.4068453196679679,40.25868218795958,0.2362383317396553,20.0,130.0,0.3480207181619527,-0.113005130823343,13.147339204030056,19.553855026945225,0.76633821222333
FaceForensics++/manipulated_sequences/Deepfakes/c40/videos/036_035.mp4,1,5.162690098256012,1.6698589250036662,0.6608353456192212,2.825524277431195,0.1312047730345946,0.2121118260066594,0.026391993949956227,0.0677369442295585,3.1293405329239077,0.10000000000000002,603.5599688097316,6.412643039226532,0.8732147455883223,0.17635772302457262,0.23980879834043492,5.820887993459717,4.482514214563657,2.893967012078136,0.2223942247416653,6.966346641658258,0.03307814775071228,0.19446497006157207,0.9922446520675695,0.008004186658692077,0.9496853183288798,0.9748291335162566,3.232380364996249,0.011058374308049679,0.00011884580453624949,0.4011794060351552,0.9960593024274472,0.006302297115325928,0.005103430710732937,0.007269006688147783,2.4001841504909485,2.925312303731234,0.018476966668335083,0.9752407173234758,1.0605044157608696,1.5879307293616636,0.6189515950225901,31.763212530403898,0.00670276771089394,35.0,234.28571428571428,0.2797831308402716,-0.11381157099207069,14.039282292650618,16.572574057621598,0.8084491102532871
FaceForensics++/manipulated_sequences/Deepfakes/c40/videos/039_058.mp4,1,7.065012016538908,1.2573005195010065,0.6909162357708547,1.5913295515625472,0.010344722208015106,0.26666668711764985,0.07192181459867766,0.04408241820528711,8.888184318764385,0.11500000000000003,325.01956217310726,3.185339692234993,0.7484389324065875,0.205441027121984,0.19008467198973067,5.696035193991387,4.1127757973082995,1.8402445822178994,0.5265182188898936,19.016026310550227,0.0474529727386847,0.5280017120608511,0.9756719713013707,0.02174016647926088,0.8488763267840175,0.9424835334386364,3.487674582679206,0.010673209093511105,8.369728311663494e-05,0.23929364552199126,0.9902950776176277,0.004954969976097345,0.005638801492750645,0.004057137295603752,4.289561788338797,2.092748367678997,0.019428413162267573,0.9472077216480169,0.9243931594899666,0.9010583846702221,0.5521036293554775,98.61340375205782,0.5593993569070663,0.0,0.0,0.2206485736216835,-0.1258388206229678,20.88279874962459,11.759702032118572,0.7503645160541232
FaceForensics++/manipulated_sequences/Deepfakes/c40/videos/038_125.mp4,1,7.478581598278852,2.633667090505556,0.7090630443831781,7.05827791281304,1.0094738954849298,0.21366077221778887,0.0844351675044861,0.08429891863752095,1.2067139265790527,0.10000000000000002,1049.5227355205438,8.163130480051041,0.8072045505707637,0.07955041822516032,0.14493158911383433,5.9354931451643465,3.4592980770781225,2.1755955311332738,-0.007066153770472816,2.3670836039564875,0.02131174730977684,1.4040623826728642,0.9790713491480213,0.021707382278953285,0.7317845646645832,0.9812733829320243,3.4869773184879262,0.01401270367205143,0.001025952398777008,0.2289079774758667,0.9991215854761963,0.007128952071070671,0.004821385722607374,0.006002136971801519,7.725573331454207,5.001218931968337,0.019394296001923307,0.9699200366656017,1.4796331008808725,1.2193844849343725,0.35111624041317047,27.387679815186758,3.4080385856389455e-11,6.0,100.0,0.7384827184366353,-0.1401253781443562,15.379721911073085,17.979189402664492,0.791712757920396
FaceForensics++/manipulated_sequences/Deepfakes/c40/videos/041_063.mp4,1,11.166755450536412,4.195108941648077,0.6284276346744047,17.922329494791057,0.3734031456413956,0.27551753870847284,0.018039566203753018,0.06219657075046414,4.370080413525808,0.10000000000000002,1399.1809258389158,7.469786858558654,0.8920062126498453,0.15388255910427434,0.20037691312780015,5.592052694771852,3.817947720002454,1.5867932735745667,-0.11048318026686586,9.16718761350409,0.037927200382565134,0.26401568001613596,0.9899214598094747,0.009159994202735007,0.9513827129422473,0.9932759899801681,3.094799991504484,0.012752716429531574,0.00017097298405133188,0.42603954287608586,0.9906385555878621,0.005137949716299772,0.004614015109837055,0.00556520139798522,10.092721814165605,5.999437723007719,0.017191925383891322,0.9765737733387245,2.160881323160535,1.862397555662149,0.4396113098427271,14.312655193258909,0.11951316175532307,40.0,245.0,0.3555019442833746,-0.07932004484380378,13.159777574997053,25.055026822442414,0.7773108361739863
FaceForensics++/manipulated_sequences/Deepfakes/c40/videos/042_084.mp4,1,12.337903977657415,1.9620068250755822,0.6563379843228746,3.9150471606463833,2.1601414778611936,0.3205145115899214,0.08901656650780096,0.08567265448094494,1.3915179257848815,0.10000000000000002,423.70849429291604,7.5689688444137575,0.7128014389994046,0.02197813066125453,0.10951916735715464,6.382424204191333,3.082365973838272,2.3232452191004827,-0.10528598091709657,1.9532441067083535,0.0021879816438954494,0.05245675480969346,0.9837260839636461,0.013030251157840131,0.9160501090220962,0.9637831048326303,3.8991790521881224,0.01623258925974369,0.00016948391566984355,0.37653052093305794,0.9970208277593422,0.006730165798217058,0.006084630265831947,0.005424326751381159,4.829478006960938,6.284561293749567,0.02091463712772987,0.9794062249304427,3.3157530309364547,1.27240796159482,0.7232336222175755,12.630168215493203,0.08038569563199695,67.2,181.54761904761907,0.8257089726635641,-0.14973511831269595,19.333432311954155,14.77837185672715,0.5835012672170843
FaceForensics++/manipulated_sequences/Deepfakes/c40/videos/031_163.mp4,1,6.824909824208104,1.4792956639400412,0.7249454275358561,2.2054034224550607,0.07554881906629461,0.27715035452633524,0.1873951092056116,0.06915566231663547,2.294017413988214,0.10000000000000002,245.05188471943947,6.4569076836109165,0.7943139704930487,0.12635820870680153,0.15828131871319198,5.746838171771502,4.257177822441825,1.918725027297961,-0.0692588640739772,2.946448439697176,0.0263495306092408,0.1339591369974772,0.9792579189326381,0.022911150087740213,0.8550899382729935,0.9686332445678443,3.214585154730699,0.013214783743023872,0.00018144682690035552,0.30244325125365323,0.9898604258234679,0.005588273052126169,0.004895186983048916,0.003850391833111644,5.669961454175628,2.873721863638039,0.07430017364950388,0.9764678826093193,1.0591881793478262,1.1384983852999397,0.5432950227005378,46.91457058867495,0.8145947150439444,24.0,166.66666666666669,0.16760818707724373,-0.19469392868964555,16.903220390992164,8.118464293135323,0.6989768369117532
FaceForensics++/manipulated_sequences/Deepfakes/c40/videos/032_944.mp4,1,15.150570089461258,0.8747916179042614,0.7780919851901038,0.7712515023392482,0.11296074663768671,0.3041574900979988,0.2543903462607619,0.07501082186916176,1.9555035021266165,0.10000000000000002,480.4723844974757,2.4223290503025057,0.5555194218822261,0.14536682302737772,0.13760379604751846,5.874843040658203,4.838788954659698,3.2582980026241324,-0.26169055429919263,7.993066249695574,0.006799816740583232,0.03858339079680293,0.9966014449240735,0.004497823951302387,0.9604625103533796,0.950828937017405,3.1538342150342555,0.007320235949009657,9.413635416422039e-05,0.30987004948933555,0.9971347026569067,0.00585947884246707,0.009194746613502502,0.004589627031236887,4.149663257138837,4.705127650077632,0.015084008528720369,0.9927565381847102,1.6951198003762542,1.1452954706519451,0.6861759485669716,15.334374129262816,0.004332967648306355,48.0,158.33333333333334,0.6689383904708228,-0.19724067060417083,24.420544299183298,11.398806856220814,0.6794202241144383
FaceForensics++/manipulated_sequences/Deepfakes/c40/videos/047_862.mp4,1,8.705956916220918,4.487101602776113,0.6343789478770274,20.391392976718002,0.13222284311084387,0.2612069856795612,0.031875376566397884,0.05146521193256363,6.761595306781439,0.10000000000000002,809.7489604049024,2.5519730359315873,0.7705315150294961,0.397662321765724,0.31638967647036037,4.670081661778066,3.7040856148595642,1.0293211434766385,0.2600467683845979,3.0745436480980275,0.09287581329066939,0.7478263020737625,0.9926185656033814,0.011875642194043037,0.8318165629911343,0.9941635706160687,3.061232287692291,0.007891579531133175,0.00012340002285782248,0.3723187851814582,0.9909872652032605,0.004180790390819311,0.0032625822350382805,0.005560411140322685,5.504632327937909,6.154027591267428,0.014944139962236315,0.9923699608510657,2.341643368520067,0.860669911200214,0.808302831849463,23.397861704453938,0.3269197506326605,24.0,125.0,0.4155056553658627,-0.0836075692521688,9.948055277225636,25.60559506910544,0.84160406667171
FaceForensics++/manipulated_sequences/Deepfakes/c40/videos/048_029.mp4,1,7.995085716484153,2.530228666468834,0.6464727832078203,6.448222980412669,0.060069260412368666,0.2425899607834206,0.13296669827101598,0.05700651068918232,5.585501708547878,0.10000000000000002,528.5193517680176,6.258604693412781,0.8363469554225096,0.19060702954474476,0.23879043663870603,5.42530518353356,3.264415101955138,1.4550568705421745,0.3655886681486642,3.212626059302351,0.016050587155664615,0.05661103026372614,0.9947483652460546,0.0053137789304085175,0.9482319819310225,0.9925935796155922,3.323142265678731,0.00968136452138424,6.358855898724869e-05,0.6484827199812071,0.9902695328593636,0.006496048998087645,0.004128781147301197,0.004580656997859478,4.49034107890133,6.670835767122014,0.03534116996346416,0.9851143088458232,2.6033359897575252,0.9627324050437861,0.6657995988992491,15.026603114632469,0.1848758181635159,0.0,0.0,0.4812514334798178,-0.07771135027595132,15.00680077614265,20.14901743553414,0.8344290846456769
FaceForensics++/manipulated_sequences/Deepfakes/c40/videos/049_946.mp4,1,14.40992354168544,3.2454221994190484,0.6372079879518507,10.56776578967606,0.809091290643216,0.3187920176339671,0.25091795616011947,0.06446896621283724,2.454649485089037,0.10000000000000002,614.5921650075533,3.4388080924749374,0.6675584837377058,0.21929047537260205,0.32411442275198055,5.213937509737618,4.314500486871472,3.7116946157396598,-0.061428491945933195,3.5279057239431366,0.014553239798258106,0.1537998062392478,0.9950816984974914,0.004942568962255448,0.9680177723423472,0.9845318884865047,3.486170782534721,0.00412236200645566,2.0569070329656824e-05,0.40385696456685233,0.991156481388239,0.004358432721346617,0.003914428409188986,0.004168704152107239,3.486959504107519,2.9292413344230215,0.009212845610172563,0.9695600475072622,1.0516337008779264,0.9938370070152772,0.2834109196512653,69.73936381679982,1.6593716400947756e-11,18.0,233.33333333333334,0.822971787410152,-0.006843678839990561,8.61895546846538,10.477227152258349,0.8568264477108787
FaceForensics++/manipulated_sequences/Deepfakes/c40/videos/050_059.mp4,1,5.476158721914183,3.1607957621852263,0.5958269161402348,10.10430956734405,0.35268007999821294,0.21457009134536031,0.09017795153781688,0.055927604572581814,2.6713939219722165,0.10000000000000002,850.5548893321617,1.3893448829650878,0.7653102920177153,0.6081762088348104,0.22228159712867654,4.212065591424386,3.6069700366891424,2.243811482742678,-0.039913471976210514,10.969100107281854,0.07235826384439659,2.325131022053158,0.9967538906594481,0.0034641411924462556,0.9804029773020122,0.9766012457859665,3.6389469714588674,0.0022188914008438587,4.616717433236772e-06,0.4147779738753529,0.9903824693794245,0.0019422437762841582,0.0016913990257307887,0.0017163020092993975,3.2982658961054723,0.6096144936221187,0.007034590805215785,0.9945584833612339,0.4673521112040134,0.6969650969119835,0.7640664150268038,84.98209491243601,0.6217948860036682,0.0,0.0,0.5547200406155997,-0.07821737401207081,13.581421980508445,16.279757021244816,0.8545985763618069
FaceForensics++/manipulated_sequences/Deepfakes/c40/videos/025_067.mp4,1,4.940160990160551,1.7601880378403816,0.6532043635585753,3.2714860577445775,0.35267752610108183,0.19973460623673736,0.15807668638254285,0.0702084803145626,2.3257735530911545,0.10000000000000002,407.8054617504033,6.35045428276062,0.79506132523596,0.054933322820850033,0.14952943694164014,6.228393932100175,4.012370751761624,3.0318073585983862,0.2610103639971161,3.334411021862896,0.01837447281613612,0.09465546026189608,0.9719678449272001,0.028843906930572257,0.7944561051465314,0.9505033639787877,3.385273298358484,0.013499476946890354,0.00020948189194314182,0.2710124455208982,0.9953956672604305,0.00604500574991107,0.005746101029217243,0.006617813371121883,2.2676435547975826,2.9663631868468645,0.014089121112425544,0.9792367771310428,1.7104508517976589,1.8993063795714427,0.595409798457291,10.039500135261525,0.4472116069028429,12.0,150.0,0.2141798380458942,-0.1822374694316064,13.361230550928422,14.341147614375611,0.6906675989463239
FaceForensics++/manipulated_sequences/Deepfakes/c40/videos/044_945.mp4,1,6.533423776348508,1.2021339383337426,0.7524627588548448,1.4706087937034074,0.508071411358042,0.2036301264811536,0.14023779525651098,0.08029285411002093,1.3613271271133667,0.10000000000000002,433.0433400729309,5.626491105556488,0.6266184051613204,0.03312532735025761,0.06222717650067615,6.218512200706204,4.6438617966359255,1.4507714391300444,-0.27136893607315904,11.145179588588707,0.010832931915036339,0.1956459166401074,0.989984664615976,0.010643184091954888,0.8816313220005045,0.9641084953081063,3.724900649963101,0.010162780992686749,8.170665387297049e-05,0.4191159647613652,0.9947108693863468,0.008852451108396053,0.005548046436160803,0.011054516769945621,2.929275121598329,4.6027911173973,0.011453087049139126,0.9572222041828866,1.761993102006689,1.317254536805072,0.7315406724381912,23.662156061977324,0.45233318539134454,24.0,158.33333333333334,0.6587692400298016,-0.23791765983819288,22.00424318681924,7.459065774737132,0.5266255361155644
FaceForensics++/manipulated_sequences/Deepfakes/c40/videos/043_110.mp4,1,4.65737402793581,1.0053707565544419,0.7675437292257284,1.0232174355947403,0.23653585535593372,0.19006461871809022,0.2836316316993782,0.0859187798121182,0.998362258550387,0.10000000000000002,614.9356827906273,3.301736968755722,0.6819640672196362,0.15988373463849526,0.18033584575645692,5.797800596021017,3.2899366551134106,0.7652039131956501,0.37600398567798077,4.10290175909133,0.014960224735465084,0.4584967533465254,0.9886255261975953,0.019454562424795162,0.7749398481666961,0.5373907720420804,0.38663052230652484,0.010079716332256794,0.00012271701416466385,0.3320613092345374,0.9919776262441482,0.006373455747961998,0.004952031187713146,0.0038417282048612833,7.617655829886366,2.675866518527299,0.012355048786265482,0.9083229965676046,2.1253723348662206,2.273787678562813,0.5807502637975359,39.04838731006055,0.015190688428966646,24.0,316.66666666666663,0.28430726286622615,-0.18209134279579647,19.35396423643881,7.20300096888532,0.6404067450609615
FaceForensics++/manipulated_sequences/Deepfakes/c40/videos/046_904.mp4,1,12.948380360193081,1.4752036873417356,0.7451616751150673,2.215040409211979,0.2291476227404965,0.3127262375086898,0.056217255712314174,0.08020757869853382,1.6217290412522378,0.10000000000000002,324.34042667486455,6.743083894252777,0.7733965118411514,0.05257656808129731,0.08878446999686171,6.060998997111718,3.176078094735118,2.4521380821094585,0.1364037934255692,2.087269950337415,0.01315000980292691,0.024578827242736186,0.9898566710015955,0.0093218231910526,0.9320889334185325,0.9290187163801151,3.5317386728606897,0.013316547498106956,0.00018878502305597067,0.270213438578424,0.9960134347946565,0.004458329174667597,0.003950683865696192,0.0034557024482637644,4.897805452489995,3.9838692359669867,0.01776839439243055,0.906580911704988,5.651435775501672,1.5402551744776425,0.5388990426872566,24.510316034005836,0.5095453260943631,0.0,0.0,0.10386588878940914,-0.18729705756738618,19.92298288306822,11.250537699008524,0.5675357031222033
FaceForensics++/manipulated_sequences/Deepfakes/c40/videos/053_095.mp4,1,7.400953084243168,5.537598723463251,0.623326881578335,31.098598308686512,0.5718129858973631,0.2164038151155085,0.14343274904047448,0.0542513319005626,4.441996911081596,0.10000000000000002,1641.6053431745604,7.516627585887909,0.8854682662983204,0.09914316987213388,0.2041497302293147,5.594486865877404,2.8842370670066724,1.4165708412706628,-0.4063039148664237,2.7790468678677573,0.03950156162335871,0.36088037475732376,0.9837840999203703,0.017207865362945534,0.8374653783535901,0.9889195448907024,3.679059120292692,0.026431692764163017,0.0009505441412329674,0.3241651085098592,0.9967066923819897,0.007262259256094694,0.006440543103963137,0.008279169909656048,4.456765923245895,5.93687642401417,0.021354574538063418,0.9721722949670614,4.635497230351171,1.6389861605464082,0.8181103426114646,25.28069101227072,0.2711657266524047,10.0,240.0,0.0704897686140588,0.010415859138760341,12.64454576836037,32.61780199181197,0.8269046856124589
FaceForensics++/manipulated_sequences/Deepfakes/c40/videos/054_071.mp4,1,16.52885691124738,2.6558071076196743,0.6546046277175278,7.141690983773858,0.07810203146990126,0.3851496930753805,0.17922591171753788,0.05634599411332205,5.587586701262246,0.10000000000000002,679.3972206994789,9.694963872432709,0.8828944318046557,0.08198607185715544,0.12265709806315962,5.788867479083604,4.184025419964597,0.8195539915651342,-0.0688201723890762,26.03007009922766,0.02534446156615834,0.06200996974217142,0.9881081193194005,0.009958736582906264,0.9428346958976044,0.9590112917457384,3.6952832066985937,0.012445063330233097,0.0001236419047927484,0.2737344837381454,0.9849937536627602,0.0075400397181510925,0.0051900059916079044,0.008520753122866154,6.144240058746217,4.641628235418434,0.012682936629612734,0.9770551285283864,2.4420333403010033,1.6395168050631395,0.5491106481266985,29.97948785042156,0.2708492293786224,0.0,0.0,0.20797222041320396,-0.07681924177448628,14.669903311403182,21.223209514256766,0.7681766842562374
FaceForensics++/manipulated_sequences/Deepfakes/c40/videos/055_147.mp4,1,8.022429563716669,1.781031464109469,0.6403578224581955,3.2083548685214516,0.023432856764590497,0.2698950068920899,0.14794414268300374,0.0552143933946582,6.478530956116354,0.10000000000000002,478.40784646083466,6.416101169586182,0.8580998445015308,0.06893846142964459,0.18210524329704963,5.783910280021888,3.801395550648847,1.9161676244064236,-0.006297854433307826,3.109292877488701,0.013712273851031069,0.31349126010282397,0.991413360316876,0.0067845132766525,0.9584768884899206,0.9656079952694432,3.955963470120422,0.008817688561975956,5.343127850210294e-05,0.5302921297846886,0.9870797572686518,0.00520658353343606,0.003485003486275673,0.005865474697202444,3.698433986040457,2.1932863851946367,0.011782898844661436,0.9834864291689345,2.13052949937291,0.8710594581883712,0.5601478782399532,29.35327015773598,0.7155714739902725,0.0,0.0,-0.3407788686186085,-0.14466646094452637,12.893863927720256,20.02105117483747,0.7463879589896035
FaceForensics++/manipulated_sequences/Deepfakes/c40/videos/057_070.mp4,1,7.688148760151648,2.777742521919984,0.635202659110321,7.90646005084764,0.28294739536221497,0.24069203355263738,0.10216095010461997,0.06998905841595818,2.174184425701366,0.10000000000000002,739.0903971970688,9.535264611244202,0.8739228171270295,0.08592503573042089,0.20416149493591343,6.075313528937253,4.625109377567746,1.1963533610145443,-0.03863449756772097,5.342773883908582,0.0339332702200415,0.6713246625567433,0.9911181896065738,0.007488509319624343,0.937780829255349,0.9786880792347997,3.7072378120041662,0.012565950863063335,7.176875078584999e-05,0.6438088706094066,0.9962798973175446,0.00989914033561945,0.010225619189441204,0.006085244473069906,5.4871499779159425,4.580379303074779,0.010813420966491504,0.9865851205398933,2.292312264841137,2.1389405864861653,0.7368976703157452,22.21603400160627,0.2700096478141641,25.0,168.0,0.4625706146833693,-0.07975210115430156,13.715768764327887,25.504884682107065,0.8332383606457252
FaceForensics++/manipulated_sequences/Deepfakes/c40/videos/060_088.mp4,1,8.342666609198709,2.913076539270926,0.62205218770723,8.698323871220614,0.04330133828699516,0.265018018931285,0.06326407713110364,0.046809969976953816,7.185755823885327,0.10000000000000002,466.20817470233806,10.61375857591629,0.7953579004253677,0.03133913666741571,0.07774045605378789,6.490676446024733,2.911093145671006,1.6997324762465091,0.4816996696608417,1.91138486527504,0.01490316509671972,0.4599334967633697,0.9605249522396822,0.029009747599941356,0.8050022526595568,0.968568861306648,4.028762565105704,0.02461916208267212,0.0003175402234774083,0.5232392342487562,0.9960580618618086,0.013456754386425018,0.01037830300629139,0.013687262311577797,8.038811256752151,7.988699445920965,0.03636760727381305,0.9670331914864948,5.475527147784281,2.958367633848045,0.7142121519477485,22.780010198272436,0.0330897051888796,15.0,373.3333333333333,0.5221110791478849,-0.0649728930072422,15.074065361840374,27.93874059862585,0.722343633872327
FaceForensics++/manipulated_sequences/Deepfakes/c40/videos/059_050.mp4,1,7.451173550285286,1.7983567737005308,0.6725186487359696,3.298841339846316,0.32462757312974255,0.2431655183398041,0.07671973010933611,0.0732047142159251,2.4042430428913684,0.10000000000000002,748.9773325223155,13.155129027366637,0.876509283257974,0.02655991718726228,0.11825177507619973,6.2260957377060855,4.233312404238934,3.1158478057147123,0.1373958297971463,12.270001296175014,0.01524795019593163,0.08660438245683742,0.9709219390424737,0.02190895607246124,0.8755202599841447,0.9858796471165051,3.8135108982540236,0.013521677814424038,0.00014308701793197542,0.2691387494975805,0.9955389521712893,0.005721354391425848,0.005429691635072231,0.0032233549281954765,3.817490527039052,2.4013961735832043,0.01989981853240949,0.9474393106790845,3.0574440844481607,1.0838010292255758,0.6291681250055532,74.96670232428137,0.33944274526741464,25.0,192.0,0.015169110995382118,-0.0796996942733598,13.273911950657416,18.365791311581997,0.7100139754608054
FaceForensics++/manipulated_sequences/Deepfakes/c40/videos/058_039.mp4,1,7.185553484601274,2.4818516417174736,0.6339788173169906,6.229573782852169,0.2066953373022326,0.24832898182572632,0.014207804230136196,0.06005404067574932,5.57215743297573,0.10000000000000002,717.5219282758792,9.572488713264466,0.8519761294427196,0.0443241949891878,0.14689295029125285,6.200102485829284,3.4783743427166782,1.0981817814100603,0.43299537952858286,17.385697539227593,0.02878981621234133,0.14665128220518314,0.9808055687042008,0.01596066161043517,0.9033294593396541,0.9790453105654194,3.755940453854997,0.018964754417538643,0.0002489618200343102,0.34222961162573906,0.9959828951643621,0.006288703065365553,0.004579382017254829,0.005414603278040886,1.9811753430717947,3.103916618733915,0.02142660276002737,0.985488802959945,2.0999621132943145,0.8215620631318253,0.46509352885285693,56.61269535919349,0.01430850086436059,78.0,194.8717948717949,0.29192931569147823,-0.22659046540917577,15.593437513637186,23.823889289616105,0.7558934271736674
FaceForensics++/manipulated_sequences/Deepfakes/c40/videos/061_080.mp4,1,9.874381201911222,4.1737429096062275,0.6348784088580252,17.940914130853955,0.2028407595889666,0.27295703188966225,0.13071384728531793,0.05330091064292171,5.0942930733743985,0.10000000000000002,931.1781204324112,4.75230040550232,0.8999237557486565,0.16770100797263246,0.22819575419973898,5.088655546489661,3.0313216769771927,1.2817993726825243,-0.23618581810180195,3.5192894992574617,0.044286159402681886,0.15226324742608058,0.9872823793447567,0.011122863245799407,0.932339011659173,0.9827377261432686,3.7910148053184036,0.01200854778289795,0.0002241764887003228,0.28252088376049156,0.9919411993554552,0.005604189354926348,0.005259254015982151,0.0047076307237148285,6.535927049260928,2.5716016169374907,0.012710084078980137,0.9892260658590967,2.6347133674749164,0.9350330247404793,0.7352455990224974,63.337610741136054,0.4738731099262452,30.0,206.66666666666666,0.23566819124423508,-0.016186253580938975,12.747828165530022,25.187271877026983,0.8088755905856245
FaceForensics++/manipulated_sequences/Deepfakes/c40/videos/051_332.mp4,1,14.192858431072562,1.8453099087462577,0.7408046648966187,3.4350411284626268,0.2339339506772656,0.3720740534728252,0.2585203613544431,0.0725888700603331,1.6455564362783057,0.10000000000000002,303.5955798967088,7.68735671043396,0.777827599507587,0.025458691228410876,0.0581100423242993,6.257600976177497,3.3952573774391444,1.7065522443585022,-0.06701331736801586,4.910318792069746,0.008643245135106599,0.28668743852410367,0.9824365222246333,0.01609230950949192,0.8329615965698288,0.9743485029950776,3.867313531998878,0.021551091223955154,0.00044367596274241805,0.15563468495696728,0.9943113797176951,0.005790406372398138,0.005517252255231142,0.004549101460725069,3.457211898104632,3.394467453060748,0.014057584940031898,0.9530353454342989,4.12739731396321,1.5242135180353664,0.7359071210816978,13.80045546028828,0.3934647290098513,55.0,258.1818181818182,0.07829994933726592,-0.12412387311370866,12.982371299929284,14.95603964472027,0.6067512384618727
FaceForensics++/manipulated_sequences/Deepfakes/c40/videos/062_066.mp4,1,8.381790495776105,3.7488907172981123,0.6052368111718569,14.19461501519659,1.5207073667182072,0.2523199351719635,0.09230509687208514,0.07400135078198769,2.2749241238244653,0.10000000000000002,773.6988319828632,3.3584979653358458,0.8421281658091047,0.23181335946569537,0.3290312289279827,5.038112550523212,6.065171726926413,3.6726901082311616,-0.3746442796368832,8.87374422074929,0.06526978060203008,0.2508046378650066,0.9894963982315705,0.009650943116302275,0.9201505936379563,0.9923615530172742,3.242285870110926,0.008592024445533752,8.010680176084861e-05,0.4230130725400117,0.9927529207451968,0.004743663128465414,0.0045827580615878105,0.0028612574096769094,4.062168223695486,2.751538659881175,0.010136852250634097,0.9784630281830093,3.1118604985367893,0.9850821703543343,0.43151954955234617,80.07713232281044,0.05846737704818658,48.0,129.16666666666666,-0.5353236082299827,0.008505884756571533,14.390845462340208,30.87200486383117,0.85144720483409
FaceForensics++/manipulated_sequences/Deepfakes/c40/videos/030_193.mp4,1,7.4839453010895625,0.9365767991896129,0.7711848517360977,0.8859373689830068,0.2404535925677206,0.2239690263911769,0.38693927977902154,0.07287140308475731,1.9208952679322948,0.10000000000000003,282.7495016390893,3.4051237973299893,0.37237501861822025,0.04531077525446223,0.05332438854655348,6.232319232377722,5.172842753269889,2.2662019414099617,0.2304882652436032,4.4016171289707895,0.0017019114991333169,0.2529208216516601,0.9689930793510194,0.02438073495029345,0.8976575171316286,0.9398309300664801,3.852523972246231,0.010009244084358215,8.939074905356392e-05,0.2219742306427106,0.9948446805453353,0.009847217239439487,0.006730942055583,0.009107928723096848,5.524060483417554,4.642323318245166,0.013088921751061982,0.8037272558527139,3.3707176414695947,1.130540104757702,0.5957272583356712,20.36638081071266,0.37239243239126774,6.0606060606060606,200.0,0.7584279439322147,-0.24059253195119878,16.5112881818261,6.160764663950514,0.374466994101586
FaceForensics++/manipulated_sequences/Deepfakes/c40/videos/064_991.mp4,1,3.8725451522857695,1.185816819415105,0.6985006268951454,1.422349121583005,0.04139853998200468,0.15943160939757545,0.03174021607671177,0.05513721092578516,4.168128922173353,0.10000000000000002,884.7881127571834,6.026830017566681,0.7842631202967836,0.10561471950783313,0.15195286398160124,6.023721876402211,3.732409842691133,1.151441483265261,0.03233475021437144,12.945099064022436,0.028369256085617776,0.07550992454668273,0.9916787190818428,0.008464887633194968,0.9350665840614973,0.9676469554183171,2.7624025325486437,0.0075825597159564495,5.038804010837339e-05,0.51112738268301,0.9963382692464353,0.004254515748471022,0.003922461997717619,0.003943740855902433,3.8782495042781444,3.785248035440046,0.010489264449334913,0.968749362596216,1.0163010817307692,0.7873797689469383,0.5924855325279308,23.073624907986705,2.0587962445972608e-11,20.0,220.0,0.701870939647957,-0.18946844072458835,20.711702764727555,7.37971037915169,0.722804570570609
FaceForensics++/manipulated_sequences/Deepfakes/c40/videos/063_041.mp4,1,7.552503133264315,4.040038230209936,0.6203798399121169,16.69308483170742,0.38219472341781036,0.21056643281666593,0.0642095546632845,0.058777853312979335,3.65205759616588,0.10000000000000002,1467.6135894421113,10.197125887870788,0.8197575143457744,0.060179689097959614,0.1458714301133679,6.500494318884502,3.263896604618916,2.4065937320717725,0.4369890457556426,3.2547253090008152,0.03785101874531201,0.18320475829251973,0.9185559902093479,0.05434274716174102,0.6898375886373374,0.9600008877908652,4.119769313878992,0.030867448076605797,0.0007849974208511412,0.20760202904018307,0.9983636283430867,0.006524711847305298,0.0071321227587759495,0.005120410583913326,5.503054700741603,3.684943655685002,0.016448537393348294,0.9408127806030315,3.4906328386287626,1.6790028558213057,0.6464209659606102,16.19563642396617,0.2864079496509106,0.0,0.0,0.14712819151588674,-0.0927213750838835,14.182385782019765,32.32965214696139,0.5329301551977818
FaceForensics++/manipulated_sequences/Deepfakes/c40/videos/056_996.mp4,1,3.7086896983684676,1.2864174215425466,0.73430181099426,1.6707270332389512,0.07443063046698832,0.171392874230578,0.208833604684814,0.06240046427980771,1.7915308105434247,0.10000000000000002,484.439334407875,7.5435288667678835,0.7605052044367447,0.020809441772237446,0.12077196951356922,5.935942621545667,3.2958310494665937,1.6065548428212206,0.31712356473497905,3.8744971082467163,0.01319452347905013,0.44239765770493583,0.9859324817967646,0.01072801309378263,0.9353059801122885,0.9717392027860566,3.803512128036563,0.014512384310364723,0.00015508465003222227,0.24326316271404808,0.9925764469876844,0.01298043504357338,0.012064067646861076,0.006426208186894655,2.947672508049895,4.727899366273545,0.01466161637211559,0.9545158889394906,1.3312833141722409,0.7239865608708937,0.4347698129949775,13.697847296272533,0.3897322804273728,0.0,0.0,-0.10593146103157007,-0.20062047901665928,15.247840322907876,13.018473116752434,0.6171681724327066
FaceForensics++/manipulated_sequences/Deepfakes/c40/videos/068_028.mp4,1,9.934854970438355,1.8025593845170067,0.6548944784397793,3.3123047148295397,1.4712839156629753,0.27408352004112413,0.017824118319368,0.08118080867654441,1.5842808901880856,0.10000000000000002,428.1751388175987,7.754456233978272,0.8147099127557065,0.07363724465763234,0.11991573384257367,5.848102181745029,3.2501451289631045,1.2852150340552364,-0.34410933506357966,2.3258732870786565,0.02154333018970846,1.6401541028157625,0.9911541368369885,0.007330610606885548,0.9331032860105329,0.976716214824488,3.7772381266747113,0.007810410112142563,2.45183127844939e-05,0.5733391194902655,0.9932993112127269,0.004845758434385061,0.004375798627734184,0.004191701766103506,4.248397640567364,6.069284894187123,0.02655709573283138,0.9805261326418429,1.6586473139632107,1.2566840597632023,0.6064690589230051,23.885789111768926,0.4911838370943003,36.0,172.2222222222222,0.6045733259738865,-0.14785951130806263,16.01637813894723,14.044186830815159,0.7533209496137377
FaceForensics++/manipulated_sequences/Deepfakes/c40/videos/066_062.mp4,1,5.746569072201213,3.8147239902346906,0.6430574203127291,14.704524880172428,0.15929012241662402,0.20112116021848186,0.05463264369559282,0.04821664874600275,7.7717727840199755,0.10000000000000002,1140.872348010925,7.7325234651565555,0.9163483187092856,0.06853030909979982,0.19329321118408935,5.709547289370157,4.224350233335078,1.4668692118407463,0.04915318575796192,19.38233952776539,0.0483924387316231,0.24165099477363508,0.9767579850071102,0.016962273763303948,0.9048846949018682,0.9831699933417942,3.867875979782021,0.01280063297599554,0.00014017515059094876,0.23384892348618355,0.9938186400553853,0.006082648411393166,0.005646309815347195,0.006232547108083963,4.077126283091597,1.94272642171443,0.014739577741915295,0.9936054132940907,2.137930471362876,1.5116601645733896,0.6729779636887714,23.332722667686266,0.21148215995387978,30.0,213.33333333333334,0.5149327243291064,-0.05326371460138321,9.418637677665316,18.041675809153492,0.8200817553966767
FaceForensics++/manipulated_sequences/Deepfakes/c40/videos/070_057.mp4,1,6.735737582929434,4.664197004969263,0.6125563443237867,21.999255653291442,0.470638526988245,0.21022769635597735,0.05920810373088372,0.06563372649535858,3.825499054655652,0.10000000000000002,1510.3173952306313,9.678355872631073,0.9177155486329129,0.01802812529700352,0.09126634012199764,6.0031014279385575,4.388758347993814,1.3819138555003443,-0.08172305736007278,5.9003792554199075,0.033461610745723624,1.0302014925150078,0.965580618040361,0.028733813299746464,0.7856926923598722,0.983101216256019,3.670322294816152,0.00980591680854559,8.171731315087527e-05,0.36865185415886903,0.9892450264589033,0.004826050251722336,0.0037772946525365114,0.005849345587193966,4.511817539097772,3.171738170989482,0.010413004795204465,0.9711639511665955,1.907095918687291,1.3768225921198614,0.5536428955683068,31.0897735765081,0.009613280429891109,0.0,0.0,0.3080224957711378,-0.08163837717480543,11.943704652784671,20.24095589925601,0.7707237804756182
FaceForensics++/manipulated_sequences/Deepfakes/c40/videos/071_054.mp4,1,7.930438547998793,3.314437471511912,0.6168888181980208,11.107183613694513,0.4189714024643093,0.2432557130852353,0.18823519684636178,0.06801582223574011,3.3688903156223846,0.10000000000000002,795.9084843449763,8.21138002872467,0.8958069240838358,0.07734336653584592,0.1965013977182915,5.761327282699069,3.5263158178273377,2.4338520415113867,0.06968813686986051,3.4613053270168463,0.041925947069792156,0.9375754539871838,0.9813538424910555,0.01670508724997953,0.8717132953131921,0.9784480722108609,3.049597675227746,0.013788520358502865,0.00014807211118750274,0.2796191214347561,0.9912568689894339,0.006284266710281372,0.004191407468169928,0.006775642279535532,5.3745312460602115,2.7255004122819737,0.013462755666591096,0.9856400313643425,2.919026964882943,1.497600236119009,0.5017933160011314,36.25344998423843,0.16136525968471374,30.0,166.66666666666669,0.303327102429769,-0.15225939029311086,11.60380924756957,31.229464140043824,0.8150842208058803
FaceForensics++/manipulated_sequences/Deepfakes/c40/videos/072_037.mp4,1,7.429468208334283,5.330336459246771,0.5795189421914017,29.20627618313257,0.30712752868996473,0.22697798586829582,0.12860668565097855,0.049853643903185835,4.75426446070801,0.10000000000000002,919.5569883295009,3.10261392891407,0.860483219856277,0.3525433512266564,0.2840811370639262,4.8262337703251434,3.1235593589353803,2.0727811886728946,-0.4499463006888723,2.9252614852223,0.05937642801356019,0.39839011339680563,0.9810967941839397,0.018879084987497644,0.8842010862744228,0.984990766668898,3.8522755935108153,0.008117422461509705,7.626043952768669e-05,0.3159625743209566,0.9858294342801356,0.005274562630802393,0.00475703040137887,0.004801489878445864,7.274821578518321,2.9789114164447836,0.01854322813322341,0.9873295318086212,1.922766644021739,0.8246547281441233,0.7535278556515203,21.13804711535447,0.6095355449060486,15.0,160.0,0.2427397096945759,-0.051341849953982395,12.591686469391135,25.289247715296728,0.7745804704675758
FaceForensics++/manipulated_sequences/Deepfakes/c40/videos/045_889.mp4,1,12.796600794287368,0.8752699148460088,0.7903732378387089,0.7704806344374648,0.7336860425183247,0.2904757547445508,0.061733911162914414,0.09334201006670138,0.8720513376645942,0.10000000000000002,232.0439674629625,2.217622423171997,0.38444024287085166,0.02960210336002251,0.036772509184002385,6.280756270278215,3.1195120222096633,1.8492044076108372,0.23144489021790146,4.708326293803759,0.001992648492633513,0.09458491213775669,0.9889482590177006,0.006537358987499969,0.9575850425975867,0.9267574497113862,3.7231073586353354,0.008235113695263863,5.7844328694045544e-05,0.3746380682248618,0.9839934131877485,0.0044117458164691925,0.005084467586129904,0.004602516070008278,3.6786802714946454,5.795916026354385,0.012858901511143968,0.9631460660338268,10.899544706312708,2.1852896063037117,0.6854772236346482,75.10356751480451,0.004869329193283921,5.0,240.0,0.3379333722133277,-0.19674757330957582,22.530100390112416,5.552855585121278,0.29318735110795924
FaceForensics++/manipulated_sequences/Deepfakes/c40/videos/077_100.mp4,1,6.286151801693078,3.337871990958752,0.6240943151773808,11.346908734277273,0.1847214038601649,0.19500224227913615,0.2996970437281591,0.06062690168311515,3.8837139908728466,0.10000000000000002,1436.011788902205,10.55660058259964,0.7898482772279177,0.029594362995297878,0.1009757882215249,6.431611131111075,3.211733270652075,1.1586558237113662,-0.503473380396603,4.061911221634275,0.01483913004767198,0.06732106751497395,0.9671981418623441,0.023209930506179303,0.837927557730597,0.9879150723901798,3.8866379304101835,0.018329821527004242,0.0001693334779702127,0.30654827247919236,0.9936150097222259,0.007133818697184324,0.007314685266464949,0.006227836012840271,5.074086124140718,3.888638025198867,0.011476233153652184,0.9793118599197908,1.8818424696906355,0.9975919475475253,0.6538120128545091,20.12936275802544,0.04687652065463726,0.0,0.0,0.27186626509151707,-0.1258692119868315,15.12874209209034,16.464059487890328,0.7310889503909045
FaceForensics++/manipulated_sequences/Deepfakes/c40/videos/065_089.mp4,1,7.5175608768884015,0.9974055076617901,0.7635277162770402,1.0049737673845862,0.7669877104338328,0.2751304170411645,0.06256361912363768,0.09682309010015358,1.115375322384706,0.10000000000000002,260.7191757661045,3.579630693793297,0.6370594243354817,0.13135815035873566,0.14005389857889078,6.027318833456256,3.335605494912749,2.041636796605674,-0.33888639524080866,4.104624227352401,0.010200848417106658,0.5616663667720926,0.9887633979221889,0.010699074541088446,0.9297499595441744,0.9875564431147115,3.4469515138788136,0.008755785413086414,5.623091783490963e-05,0.381557221657442,0.986318351658703,0.005102828145027161,0.00492381164804101,0.005418514367192984,1.9442979143354853,1.9973960637562178,0.008742721578655594,0.969714917968342,0.6448382629598662,0.8709244425533482,0.7619024796671614,11.599844630747292,0.4115151022331505,0.0,0.0,0.16326465653154465,-0.21469697849623118,19.389001147581833,7.340227562742081,0.7198216327850069
FaceForensics++/manipulated_sequences/Deepfakes/c40/videos/067_025.mp4,1,4.888497101143551,1.2609902231841512,0.7465964054760457,1.6244045673672542,0.7232806757256414,0.20526615879022242,0.07697245962167551,0.08561704293049446,1.388867197774843,0.10000000000000002,395.5211018652686,5.045781826972961,0.7503807063095655,0.1456703771381337,0.19767493992234822,5.884519031204004,2.635260363306702,1.9017867925212417,-0.0014661705911951615,2.0067338259248197,0.010142705950608403,0.13834465077463023,0.9871610324677325,0.011883334841015156,0.927546537223778,0.9730997367539216,3.774417092387297,0.009670866653323174,9.244166722055525e-05,0.5504333079310054,0.9890905424634578,0.007031199987977743,0.003936422057449818,0.0085010826587677,4.72772981148948,4.227572760366101,0.03982403238442801,0.9371766800459554,1.3676480194397993,1.4424397717567492,0.4117840128645175,11.43728325151728,0.25386116648716867,0.0,0.0,0.6417081860358184,-0.15538794368547007,17.058287971824495,16.89406993823537,0.7622259663957779
FaceForensics++/manipulated_sequences/Deepfakes/c40/videos/069_961.mp4,1,10.950871078623429,1.0098103753384626,0.7614501992490621,1.026046539325845,0.06795328396036483,0.2606155395716171,0.2329828978625461,0.072571878233758,2.788128155910408,0.10000000000000002,293.37946327038827,3.878648030757904,0.3874648979142539,0.011955178399130418,0.03685385522296155,6.462238671766766,2.328155766362218,1.8652610970065313,0.056013585563453344,2.303024836634029,-0.00036634499792677843,-0.02251351789551162,0.9780090494068364,0.017822367919269225,0.8782759167635863,0.9585324570719448,3.493170767424468,0.013142063282430172,0.00013762744492851198,0.5304144566056822,0.9960919621740385,0.005080467090010643,0.004826056305319071,0.0041049327701330185,2.9940807641096625,4.940438142588398,0.011051681684230664,0.8309992229078315,4.517098008988294,1.880138688890649,0.6125200550262766,15.820732245739272,0.4527263244575685,24.0,166.66666666666666,0.9027151287441304,-0.2536951189807879,29.106531357836676,7.431387838879588,0.19281472948340722
FaceForensics++/manipulated_sequences/Deepfakes/c40/videos/080_061.mp4,1,10.841487813522624,6.423634083930655,0.5699559186511101,41.89553313983205,0.7836608995933301,0.28391289525411845,0.16464368107138488,0.05284918104006429,4.351233403635826,0.10000000000000002,1013.8049069530676,8.872857713699341,0.9189727854946032,0.07211230836846996,0.19337923363375426,5.967103323936876,4.745360883546634,2.758969773913952,-0.3499683851892414,4.613313157146388,0.058354336201052515,0.26302547489107464,0.9829103182625281,0.012462196272177595,0.9168109627032169,0.972168537927981,3.6396765321811095,0.013744162395596504,0.00012797885574400425,0.5369662544964858,0.9892951194378371,0.006837534252554178,0.006766949314624071,0.006089009810239077,5.585747145778275,3.6997498926937022,0.029673023152673797,0.9720988353171484,4.277275161998328,1.0307960981493252,0.3843174250221897,13.184411443622478,0.22922118194344543,35.0,245.71428571428572,0.5043589811814717,-0.10877068180484435,10.083955276006723,40.24799633477152,0.7500999673202807
FaceForensics++/manipulated_sequences/Deepfakes/c40/videos/073_024.mp4,1,4.922854525889026,1.3976772701850289,0.7228541524797529,1.9618305781293581,0.09365292481803063,0.1901127558735094,0.20683905351676796,0.07225745216916721,2.1096598122114454,0.10000000000000002,438.35875905681434,2.6093139708042146,0.7860273639261044,0.18858391153215803,0.20987488475888064,6.007131414596912,4.229909384509757,2.2655377090891826,-0.6297681730213045,16.4974146764639,0.007658361865927417,0.0991751197354337,0.9927736018918161,0.005300938090355046,0.9702294156508009,0.9744675750703286,3.3024478237403763,0.008558331057429314,9.196253085974604e-05,0.27776902642230256,0.9890132190267006,0.003317165421321988,0.002792857587337494,0.0029966055881232023,1.2396353022361362,1.3834768469290775,0.004873077084504424,0.9710193505331169,1.1463635294732442,0.7448354690195306,0.5820733821872959,164.01821780609401,0.21796538861905732,0.0,0.0,0.2546208809297234,-0.1314086546278373,17.15848028783079,15.153985752732007,0.7231744973004762
FaceForensics++/manipulated_sequences/Deepfakes/c40/videos/052_108.mp4,1,14.290305909168541,1.0736905569679298,0.7653655718782778,1.1599305953686774,1.204994892047944,0.2768482434891645,0.5013435620188973,0.094872744547084,0.975016165070452,0.10000000000000002,314.7599928045689,5.88672856092453,0.5279420828652536,0.008288613780044503,0.025462097956423055,6.3313261157410095,2.9548084724258805,1.8894382598332424,0.28707013870873327,2.149931191512803,0.0013320084568211141,0.00855340012611508,0.9948472823242767,0.00469410365710895,0.9549981412041568,0.9724199980602671,3.4189472606026357,0.007209222298115492,4.127777356188744e-05,0.09464666237540299,0.9891918942891711,0.006163583602756262,0.006133374758064747,0.006970572751015425,3.994322216513869,5.84832428769818,0.013022370831940192,0.9513465028393054,1.2623654368729098,1.6754881275735494,0.5861279067206835,15.415833399899247,0.4484164627929177,42.0,123.80952380952382,0.9062252644406212,-0.24053474878506903,18.575068300254205,8.460519745779335,0.36328274666409704
FaceForensics++/manipulated_sequences/Deepfakes/c40/videos/081_087.mp4,1,9.108321461098534,2.94864311664572,0.6301507167948771,8.811565521175732,0.0587839806190773,0.28099138084801994,0.03663146008055193,0.04812261718678627,5.4652874341502535,0.10000000000000002,780.7973340403964,8.613719058036803,0.8837708959516026,0.059800268128708575,0.14730179710803676,6.379559644238367,3.1311622900468987,1.3042517305526906,-0.10541263667855169,2.6462648833321825,0.013391818112524035,0.2273530569612602,0.9338362741525938,0.05423291715620674,0.7025523627794604,0.9806000094201139,3.3941709941952523,0.023586973547935486,0.00041571405017748475,0.38912756691350486,0.9946577757583828,0.005723357200622559,0.005395165178924799,0.0059185633435845375,4.510202550307641,3.661210073168438,0.019224629049902766,0.9397498778282838,3.5839321174749164,1.4532547710221049,0.49892262759409234,18.212246345216222,0.2472803262313665,5.0,120.0,0.16641378023164485,-0.028246107682061324,14.247017539902163,23.194422372581265,0.6900205982507429
FaceForensics++/manipulated_sequences/Deepfakes/c40/videos/082_103.mp4,1,9.149957077543792,4.373622929453598,0.5907230942537144,19.346708127713335,0.3524497416246663,0.24910150418787821,0.16483986310282966,0.05010492489337992,4.781010426164807,0.10000000000000002,705.6270233099159,2.797884663939476,0.8616055431762945,0.3109531332178822,0.33076859443410667,4.763240853635582,3.400372050213811,1.3777231623898365,0.3207375061809985,2.8891955715277495,0.08302439986985002,0.4570384524843184,0.9962203655478679,0.0033508096355038346,0.9757399752350624,0.9870762575047108,3.176003290675496,0.0055341534316539764,2.576173392299097e-05,0.3827840028527333,0.9929416017689304,0.00441875122487545,0.006750180386006832,0.0027424877043813467,2.5640785210497103,3.090481990840007,0.010096500921417687,0.993844325193096,1.2761908183528428,0.7713315689990915,0.4267307435359007,57.084138258504005,0.3736287509381431,5.0,120.0,-0.272135139896629,-0.04566378011522831,14.924866263603539,15.469088439170143,0.862633055865463
FaceForensics++/manipulated_sequences/Deepfakes/c40/videos/075_977.mp4,1,5.027205938780737,0.9914471965634686,0.7841710613958103,0.9912111778971673,0.12415370984248537,0.16491830120483572,0.41028362806327623,0.07556238929823968,2.2192603990000705,0.10000000000000002,477.02388416925,3.930697280168533,0.45635443453369817,0.030630594692070412,0.052002289462202624,6.440164844919939,2.916540756501293,2.468314989576107,-0.21048552945317245,8.906970586352143,0.0023140673688383357,0.035575144325956536,0.9883089992573932,0.014469725851369807,0.8724403560366909,0.9252739587774128,2.926710726203545,0.011810987256467342,0.00031529529951512814,0.23078561720756288,0.9930489224625242,0.0043243165127933025,0.004892711527645588,0.004311629571020603,7.928297597841139,7.8369943752350535,0.016101141767664764,0.8274283296470345,2.3262894544314383,2.376182948265309,0.7847272269643519,12.51531410108258,0.39429394933104966,30.0,240.0,0.9046869322517781,-0.2529296759745956,19.21817169120624,4.663637723114487,0.3119400310417584
FaceForensics++/manipulated_sequences/Deepfakes/c40/videos/076_079.mp4,1,13.940712877786535,1.0995166397605312,0.7539205996593223,1.2182904662507363,0.367718694781387,0.3757717016052067,0.04039461379706928,0.08291906271850903,1.614575536260934,0.10000000000000002,151.88567440473705,4.055957567691803,0.6475601186056966,0.1518108627166679,0.1982115748830036,5.708273115603261,5.147633853554066,2.368793207720175,0.6083832780467597,14.48817329960539,0.00874742546332217,0.06828880334008718,0.9959467187941204,0.005612502007805931,0.9274933018296377,0.960871965851776,3.6721456557498904,0.005791401024907827,4.394289862830192e-05,0.47929224962677797,0.9949227236615392,0.005795495584607124,0.003857252188026905,0.005026425700634718,1.943791400415951,5.196128788500947,0.02259057379888581,0.984572164529324,1.2329313858695652,1.1321373289326806,0.39343853398467143,32.642420960157544,0.06500041360230269,0.0,0.0,0.7325906790738305,-0.19473512724168743,18.601574756881643,10.4704248106196,0.7024786406851196
FaceForensics++/manipulated_sequences/Deepfakes/c40/videos/079_076.mp4,1,5.234989242538351,1.1350804047859913,0.7603732400053775,1.3010232692129116,0.09409274462967163,0.16660967070717392,0.025334672670350656,0.07794632447453814,1.8110799952054824,0.10000000000000002,557.0483300696156,5.071226632595062,0.621149378393152,0.07713865263644612,0.16732118080608657,6.068112962319219,4.048581916936106,1.3026899288703755,-0.3695832278141664,20.246316846025277,0.006394641744357471,0.03454371526043665,0.9914165525577139,0.009509248242244361,0.9438290130386013,0.9768857293838358,3.5071994801743847,0.007286109495908022,5.8312150940764695e-05,0.33213214777846745,0.9916796556422937,0.0056183673441410065,0.005905750673264265,0.0038916212506592274,2.617508273047456,3.7925184993273033,0.01068906156018449,0.9648879116851856,1.3963569972826086,0.9207714245249145,0.4553918812669966,48.979006657703835,0.03863601684588283,0.0,0.0,0.8938544017242723,-0.20055020788622888,12.92191892404996,10.741276421752413,0.558583468563615
FaceForensics++/manipulated_sequences/Deepfakes/c40/videos/078_955.mp4,1,5.125969017198061,1.0259455465765472,0.7591910026290545,1.0566043217689096,0.019301312024133117,0.1815292484449081,0.1637239662999569,0.06325325047090055,3.2532328306450657,0.10000000000000002,457.3407461852683,4.737562304735183,0.674514997984525,0.09787561821727013,0.14369373043850736,5.887388434820481,3.0236967841760465,2.4509056284907103,-0.4293571882334376,8.255264686510444,0.004055428614305892,0.09894813543731415,0.9913461082146507,0.007591895905198817,0.9397849392877543,0.9771429235869076,3.4609123165197735,0.0070766424760222435,3.840365388896316e-05,0.2574888719776301,0.992816764051129,0.004602871369570494,0.003618370508775115,0.003931831102818251,1.8916135600564736,1.931140705559606,0.007081859314083108,0.9850741027719662,1.1188597408026757,0.674319016866853,0.37901554605879995,74.0872785243501,0.19839515449789608,45.0,213.33333333333334,0.063303743602085,-0.1804970453367475,17.93728321422562,13.631566860236383,0.7658077222514884
FaceForensics++/manipulated_sequences/Deepfakes/c40/videos/087_081.mp4,1,5.070627141021328,3.9882177489584962,0.5889817956567133,16.15721416401289,0.09099882926675999,0.17585939741213474,0.06007981072105856,0.047419443962031835,4.323809801969356,0.10000000000000002,1536.892392024422,3.416245609521866,0.8078835714664683,0.18841080516756134,0.2043254975488892,5.278339417207527,3.080009710929143,1.6281037963287304,0.05487661108927045,6.4480680124562495,0.0784463621020603,0.38745355666383874,0.9794166758334474,0.015188293770931019,0.8759801193573958,0.964602530123665,3.4039732033701617,0.009790096431970596,6.613443838432431e-05,0.37182158785735053,0.9841876427006159,0.005469493567943573,0.00408194400370121,0.0029475968331098557,5.648148038848545,1.6033825109748914,0.016835018046983168,0.983767143665717,1.6119976745401339,1.1108650688638957,0.3576773167903279,33.527299123340576,0.1761034946196516,10.0,140.0,0.578467406039872,-0.11451829151003592,11.561228843718878,24.187150312750145,0.8037401334345685
FaceForensics++/manipulated_sequences/Deepfakes/c40/videos/088_060.mp4,1,9.711073719378891,3.0242771795632524,0.6142085775330616,9.31241768209366,0.6089925626206927,0.2616937112469849,0.34445509160224697,0.0770326322258946,1.7693949433016876,0.10000000000000002,697.4708176492309,7.713419735431671,0.8746250999594725,0.09591655060634961,0.1436066706035041,6.200860698075022,3.0141346299914646,2.0028442865415275,0.1789745441998537,2.435819891117015,0.05738867693604524,0.210356312085125,0.9877183733680751,0.01157064837072386,0.8867928716409637,0.9790809900983103,3.4545036344936078,0.018909413367509842,0.0003772108757402748,0.18412485395681236,0.9944483166959951,0.00819221418350935,0.006617691367864609,0.009697714820504189,2.769672565097292,4.718472031889669,0.017681219046233217,0.9687414316766405,3.4054530727424748,1.4850981328899822,0.8879251358807152,12.464534640943588,0.6153505533116257,40.0,215.0,0.6345546208802654,-0.07921565411689924,16.40058661005528,31.785824501218084,0.758853062172781
FaceForensics++/manipulated_sequences/Deepfakes/c40/videos/091_116.mp4,1,4.639333232464398,3.196913289014857,0.6318224371080123,10.397150863721498,0.04281697009159022,0.18511347204907652,0.1496773469035629,0.040654740543073754,8.406231141292697,0.10000000000000002,1040.123487303679,6.707338094711304,0.8655580415058622,0.1478362199201034,0.23702552560557807,5.857208381334692,2.779312943417561,2.0518996107930745,0.32113080222598184,1.4541103463600031,0.05165429042082293,0.22773673216893026,0.9670925545880266,0.03367229146753112,0.7596855244240844,0.972713688952858,3.3329984901020238,0.015986626967787743,0.00031704286811873317,0.2515518448561273,0.9952941543179307,0.0075077577494084835,0.006248513702303171,0.005642757751047611,9.038000626210007,2.162947738356636,0.029215066908394077,0.9824371351832148,2.0619708925585285,0.9013116005428721,0.4275201706637385,40.05311075327286,0.6527647296436393,18.0,166.66666666666666,0.34550393977860666,-0.1113372007686191,11.764988132078036,22.549847023611598,0.7936574651116057
FaceForensics++/manipulated_sequences/Deepfakes/c40/videos/092_098.mp4,1,4.6710471407866105,3.6475111853091873,0.622415581724328,13.55000131176098,0.19347801674438317,0.19010257287109497,0.007764920593700325,0.0571869569049326,5.1577657364205765,0.10000000000000002,942.7137574807181,3.0282032251358033,0.8836975503609356,0.3761972208977208,0.2839977423520418,4.892773239380344,3.1813241608260103,1.410240584881933,0.4715737408360692,4.81818848067043,0.12274539796960457,0.4217506840420356,0.9883111025554259,0.01412198313952139,0.9016990138972611,0.9576753469720344,3.411865877054232,0.0057529266923666,4.322363747633062e-05,0.25828897771321135,0.9950441098385258,0.004807497374713421,0.0033197496086359024,0.004270177334547043,2.124600516513993,2.1998066765763027,0.015727063617193258,0.9814245887522589,1.0627678198160535,0.6904587354641393,0.5708278543468757,112.98361442141709,0.01948367386043673,0.0,0.0,0.2014879021296462,-0.10544905984105712,11.151393204005263,17.828655533153306,0.8030178780235128
FaceForensics++/manipulated_sequences/Deepfakes/c40/videos/095_053.mp4,1,5.436346180494241,3.8387510389222492,0.6140717004591822,15.14738648341592,0.5156461063261795,0.19533526395646386,0.09135776551034511,0.06761786643361198,3.252206007406315,0.10000000000000002,1525.1523424039408,9.439873743057252,0.8190524025317583,0.06536963976716094,0.16168659070056438,6.130065373174335,4.691764199581973,2.1300377927290977,0.4747639733397814,5.953360441049092,0.05611966497203227,0.20886448582466982,0.9508575479518725,0.04788885618410333,0.5943205470651942,0.9778396190083779,4.004651852544658,0.03508011996746063,0.0010502665536478162,0.4054188345249078,0.9966747621205191,0.009873654693365097,0.009566036984324455,0.00811157375574112,4.766710347059998,3.9629325545584524,0.033746956970929796,0.9704486165607105,4.626486073369565,1.1974667339845126,0.7874500172277037,13.18362037279498,0.46701457092923493,0.0,0.0,0.16459211633668158,-0.06845502065141867,15.276455949633844,33.59426083010345,0.7341944625574526
FaceForensics++/manipulated_sequences/Deepfakes/c40/videos/086_090.mp4,1,4.939130729386363,1.726304736239068,0.6942386896411146,3.0333621395520725,0.33160841859685425,0.21486056420794522,0.1126605089356029,0.07625537863687269,1.611765757560812,0.10000000000000002,332.89213024518426,7.273843020200729,0.6524021344528583,0.03577784887677704,0.14850934594930051,6.415522424900889,4.189023341638504,2.842934278989535,-0.25967588801276875,8.6619878976027,0.00876357210882814,0.08092674383737346,0.9612149042265339,0.04330628559609636,0.7319135799242777,0.9776223607661421,3.765258968662425,0.015021431259810925,0.00021242517686914653,0.42466811642966834,0.9966295654795008,0.004862190689891577,0.004169481340795755,0.0054651228711009026,2.325293604727316,1.8133049725512662,0.011619011290733047,0.9280693533134563,2.2564505382525084,1.3359563314966312,0.41695029960881635,12.712135614974825,0.4796605596369954,0.0,0.0,-0.145599500720182,-0.2904215450278251,16.08069860768268,8.010082535357391,0.6690239151725442
FaceForensics++/manipulated_sequences/Deepfakes/c40/videos/097_033.mp4,1,8.593301246488995,7.526414809350348,0.5588838526265638,57.40332184195522,0.37611281340905506,0.2788751921247325,0.030593101372222774,0.04268184577023112,7.7463208114317395,0.10000000000000002,1067.476030003188,3.6954564690589904,0.8628710600066551,0.2790698482714606,0.34068715051684817,4.95842990802893,3.6266550380321023,2.517487270099496,-0.2689136733078147,4.295327072371326,0.11240597181153122,0.850105485683899,0.9833590111556151,0.014551213524454817,0.9185712121070692,0.9701408177727828,3.984653752119199,0.007869679480791092,4.7204553993651643e-05,0.39614116543473293,0.9907290131741674,0.005625169258564711,0.006336381658911705,0.004169784020632505,6.370633531170572,2.151659501304984,0.03836543415254733,0.9704722736143444,3.539405440008361,1.5100091386437668,0.6260346327468191,31.393796802147442,0.723343775953957,5.0,120.0,0.395033621769185,-0.04912150193673225,8.236848296056378,49.3546977244727,0.8429482143338917
FaceForensics++/manipulated_sequences/Deepfakes/c40/videos/098_092.mp4,1,3.703372645773246,2.293360572109373,0.6106888319493878,5.399595074411927,0.7954379975986154,0.15367950190030355,0.05409680595493698,0.07570601691569702,2.3492343983505535,0.10000000000000003,1180.4935803513217,3.929601945660331,0.8400428534792201,0.42147562976471403,0.2940771833272884,5.272482753497278,3.34502487682718,2.854405659915393,-0.5075166464805269,1.9112197591969153,0.13168266621454125,0.8102656259258345,0.9889595792764776,0.012346803509959902,0.8995472717494161,0.9693260140219936,3.481451376892692,0.0068722800351679325,5.182399399927817e-05,0.4282213001756366,0.9916858612673032,0.003484947606921196,0.003165867645293474,0.0035238584969192743,3.8782568892230858,1.5033945589778246,0.009698909991986233,0.9860582070075343,0.8016300073406041,0.550461655289988,0.273064345034716,91.14545450229268,0.7986151608158426,0.0,0.0,0.10656113131587866,-0.12201625766045991,13.18115597976544,14.220001173589848,0.8110799687145568
FaceForensics++/manipulated_sequences/Deepfakes/c40/videos/093_121.mp4,1,6.284456807117989,1.8499104462833729,0.7341809584563247,3.4519266723963424,2.486314722360006,0.20064935594757216,0.26173037653614983,0.08694262765418995,0.8015983837395668,0.10000000000000002,553.8150560654697,5.833214783668518,0.618476907148535,0.011961477019713937,0.04647331943313354,6.391954466812083,4.106756630061918,1.0466692998974803,-0.26157693572655544,2.035570819865872,0.00680444725847541,0.5187737672777943,0.9710990292133889,0.019651838705788925,0.8770506357267872,0.939478436966403,3.9847607484236383,0.011480573564767838,6.690276495646685e-05,0.3521203221598278,0.9895962692722124,0.0067639597691595554,0.004779366310685873,0.008361799642443657,3.415820265529252,3.973502366452953,0.008498925319671967,0.8764719609915816,2.053034855769231,1.2444254046699454,0.6058477016987929,11.985084639373728,0.42443428716925363,9.6,312.5,0.9139973618407528,-0.236260200758474,18.408003703522997,7.761965150493743,0.5180428409829143
FaceForensics++/manipulated_sequences/Deepfakes/c40/videos/089_065.mp4,1,2.69151314949673,1.033690984376821,0.7541270953800991,1.0777697401622617,0.9226917378147574,0.1312014867501098,0.06471507442887173,0.08861020500291232,1.4901416463807524,0.10000000000000002,643.0897367901874,5.837861335277557,0.6830754556047254,0.06294528063995375,0.13020743014203487,6.34074637367679,4.697074912361455,3.6365031009776336,0.10130093276679637,7.188952869462681,0.030693633220050778,0.6553594117518342,0.9814614075204277,0.01996841120107475,0.8721116842251265,0.9680056856776666,3.3059321184304884,0.012522726319730282,0.00016444372886326164,0.36746384861559317,0.9936577979010406,0.005816008895635605,0.005452546291053295,0.0056883543729782104,2.588352153336657,3.112243553866843,0.00943952399661842,0.9759900978829004,1.2314616429765886,0.7138600609704219,0.8990447530087387,26.391949329996756,0.17511703831993983,25.0,304.0,-0.013414434891906475,-0.2543036487397235,21.202595890181165,5.280738837033761,0.6366216625020862
FaceForensics++/manipulated_sequences/Deepfakes/c40/videos/100_077.mp4,1,4.8461223447821355,2.420666820894769,0.6453776054759081,5.995136832554934,0.1484592096642054,0.18146598894547686,0.23395987965350104,0.06027900302937452,4.272984036419222,0.10000000000000002,884.4477042334229,6.088623249530793,0.8489035535253908,0.2157319899557299,0.21691062575115733,5.774236625675599,3.593164769326129,2.1894891491275175,0.18089205553529197,2.7887401065310415,0.04468994983419158,0.16424351171805673,0.9845625906097931,0.015356570580370692,0.8783866489537703,0.9806722459837591,3.5281531008819145,0.00945782195776701,6.768870662199333e-05,0.3943573521809902,0.9931619429936822,0.005482819397002459,0.006276377942413092,0.004754133056849241,6.641442711644739,3.1368310065800333,0.014759868914998867,0.9597141659462842,1.5008557169732442,1.3482283311567305,0.7186356971354442,41.73200663612918,0.6961014481417618,45.0,142.22222222222223,0.39381428347102326,-0.11884434036282818,12.491093305266597,15.083600425819808,0.813363439906045
FaceForensics++/manipulated_sequences/Deepfakes/c40/videos/090_086.mp4,1,9.263564741024057,1.3402254640205287,0.7489224078514886,1.8100179327618986,0.0340567401071333,0.30734887556350743,0.09522373170180233,0.06545785816568045,4.027524609936283,0.10000000000000002,242.03703930139318,8.545782589912415,0.5870358739459189,0.03337826548099649,0.06013435575665393,6.430812545359328,2.955670881178848,1.73483511691981,-0.2551275654004125,5.490761703248386,0.006257851002945634,0.12223821464145118,0.9682840214035219,0.029877982299678113,0.8094884150178822,0.9710433966436529,3.6819563041885797,0.024252301082015038,0.0004679847043007612,0.22830869855597863,0.9970840150965652,0.007783912122249603,0.006385799031704664,0.006459082011133432,3.733374870100814,4.742190847046241,0.020652007920177552,0.9006816708824352,4.980514475334449,1.797422071126424,0.6323825847770215,9.594253514612058,0.3909335671119512,42.0,190.4761904761905,-0.09348499804796324,-0.1946684103821729,17.302945826227024,11.57406138032221,0.5475878629829977
FaceForensics++/manipulated_sequences/Deepfakes/c40/videos/094_111.mp4,1,4.8358018135586835,0.9682763303398639,0.7620874465507419,0.9408507041263778,0.01596173039108009,0.2125866770498957,0.012466590820176631,0.06908638259338815,3.169414315537183,0.10000000000000002,397.1395844079616,3.5310350894927978,0.7307370784749082,0.07222540234569086,0.14029633450914006,5.975820054881293,3.3799149880826427,1.3399018865514771,0.55866879692997,5.107289497859102,0.016896698826868044,0.07364518434039602,0.9890164229972875,0.007903773426280007,0.9537320019048684,0.9377650736073325,3.614694795047633,0.00842797290533781,5.8704321418190375e-05,0.34399072149440896,0.9874167357244802,0.004567011725157499,0.004316974431276321,0.004652118310332298,1.2036662072497768,1.3099015189366008,0.007165183191499899,0.975823226711065,1.3495669157608696,1.0921155862409455,0.27718770083021627,87.33420555443243,0.6641560031836746,0.0,0.0,-0.014225974606680842,-0.16697911067640384,18.710688344962684,9.81426264977089,0.6560250608817715
FaceForensics++/manipulated_sequences/Deepfakes/c40/videos/074_825.mp4,1,10.545551254873814,1.76356296000228,0.7098146175068671,3.1292600284451106,0.6083313238632502,0.29718124758884146,0.015047157473616513,0.08090617668631435,1.8414653519633783,0.10000000000000002,205.5514451202461,4.0077352821826935,0.7965412668821172,0.18273336644482205,0.19631609524384244,5.740535931943176,3.712725935589028,2.838814518381825,-0.24951454339426365,7.919766982460964,0.004402228697392162,0.011089972049230238,0.991205798546434,0.008071497945795739,0.9442926875557699,0.9727890561540138,3.2693260503018253,0.011117753572762012,0.00012299048830755055,0.31737948448418607,0.9937784654165263,0.0043830168433487415,0.0040566399693489075,0.003567565232515335,1.8870566759530663,2.5301343882913763,0.010349376332003241,0.986996348292154,0.6340242213628763,0.6728089904625429,0.5031964039792056,24.672323384910236,0.5994287759003084,0.0,0.0,0.8171481826043454,-0.17382148770555805,13.89886609830871,10.221373614881484,0.7982776052598894
FaceForensics++/manipulated_sequences/Deepfakes/c40/videos/103_082.mp4,1,11.816833755414661,5.404812192714002,0.6088088666935194,29.49768810997686,0.9345305650299428,0.3052546587307591,0.08380015612369539,0.0637238399514033,2.748403857514329,0.10000000000000002,760.5588578954862,10.606264477968216,0.8254671938543986,0.08098258096771534,0.23806261228458916,6.1297559237542005,3.682639828933304,2.2495632366499407,-0.11135910222718076,5.661984116387496,0.04020644083977695,0.9839598482034679,0.9776918014879157,0.016729252136823136,0.9087924475962231,0.9858104743380813,3.645752462263192,0.013139251619577408,0.00012159079051343724,0.3468075558538891,0.9946160325599815,0.006003170739859343,0.004927793983370066,0.0040876129642128944,2.4905836673628943,7.024522604909593,0.02535803899357405,0.9797693882221777,2.9619891826923075,1.3331161855770104,0.6718026513342781,19.069081080185306,0.2139410995495522,5.0,440.0,0.6638701260374019,-0.12232297564843782,10.8024292229914,43.24551868415675,0.8425893019082328
FaceForensics++/manipulated_sequences/Deepfakes/c40/videos/102_114.mp4,1,4.39961937002696,2.9174297004489818,0.6388007328329988,8.642105011675957,0.08641299845135006,0.20048695126020283,0.07435762620574163,0.047105518037410886,5.741663968767854,0.10000000000000002,588.9607876996531,6.269517815113067,0.8414453225421694,0.1331421536763064,0.20598661017541026,5.779633701153913,2.4677036535598784,0.8955266833509211,-0.3625598999591867,2.589897326854184,0.02892046839849481,0.18202760712475788,0.9811491861930649,0.024869329419129678,0.6303171218951692,0.9719967634747338,3.363587098190383,0.010400110855698586,0.00014412203745450824,0.17836942317981647,0.9890535717055932,0.007318731863051653,0.0069815791212022305,0.00557989114895463,3.1987281605982347,3.4672466193176703,0.013693299750990899,0.9863650458462595,1.3427473087374582,0.8788270533060994,0.48931282209733407,30.146268850938135,0.6428641870128976,60.0,253.33333333333334,0.24003038336519117,-0.16753312730008413,12.144490400119443,19.46155787583658,0.8325347246923734
FaceForensics++/manipulated_sequences/Deepfakes/c40/videos/101_096.mp4,1,7.387776706950676,2.863528205764106,0.6887534188697717,8.286877800254928,0.07075023654135869,0.2480902996288686,0.08408528098795888,0.05355311934166864,4.542028335991949,0.10000000000000002,634.5545448812074,14.337601828575135,0.8688429152469391,-0.012755622358885688,0.08229822440090041,6.507343708635656,3.948554905072203,2.264059879165748,-0.32802454528301417,11.702936961167964,0.019622458643678287,0.1342896204946031,0.9571201198137301,0.033555471771460454,0.8075325971530372,0.9615937410421862,3.9645164008880864,0.030401237308979034,0.0009196125320158899,0.27956179502102985,0.9981065507389717,0.00791750755161047,0.00725486408919096,0.007838316261768341,3.268769797074,4.5155113110164855,0.031796923552066474,0.9605466304308976,3.3616220735785953,1.4464210508528008,0.6313119911408158,15.799880217450312,0.2634055222165026,6.0,366.66666666666663,0.536424932587834,-0.11702587408675949,17.183469592942657,21.57158668612683,0.7148424637580533
FaceForensics++/manipulated_sequences/Deepfakes/c40/videos/104_126.mp4,1,14.162803403388693,2.730328893215795,0.6411538968890745,7.588108308899042,1.734436437846293,0.2807188801051921,0.3544083352666505,0.07758812190181495,2.4713037175722308,0.10000000000000002,693.7006622435058,7.494634234905243,0.8094777897220837,0.12739489271912366,0.14181800864384037,5.706863209567287,2.2343417851991307,1.887222571791947,-0.17379854352409363,1.408347677591459,0.028413122987396736,0.4709829248148573,0.9947472779300578,0.004232210285176999,0.9666164462298136,0.9739242701436303,3.827490897756423,0.008194178342819214,3.9740425563650206e-05,0.37087969229792894,0.985387429362673,0.00590741029009223,0.005947085563093424,0.0036321391817182302,7.198282179875598,3.1889870082679432,0.021475877634395114,0.9783821773020351,2.146677074623746,2.523386483475802,0.40228441528320114,19.544971618998822,0.010480351728546639,6.0,300.0,0.9633948462883374,-0.14222012509285034,15.01124694106051,10.982898727084208,0.7472206265844463
FaceForensics++/manipulated_sequences/Deepfakes/c40/videos/105_180.mp4,1,4.884169386663452,6.095285605564008,0.6105619057927003,37.94739453742282,0.7019006759722103,0.16703435120466326,0.29805450961470675,0.05115489628437977,4.784900191303726,0.10500000000000002,2030.846529583921,11.963083082437516,0.8976260027160687,0.09690501921276246,0.13612116632222085,5.931534870962342,3.6251586953887123,2.1268813604573933,0.24371959254262432,4.488095179599305,0.09219937470781871,0.2669772526493783,0.9820025303184372,0.016834974465073715,0.8152737652073796,0.9670291913397271,3.8661998911848574,0.04205084592103958,0.006413190625607967,0.23466240809411515,0.9992914363533378,0.008134945295751095,0.007657727226614952,0.005030037369579077,5.338897177610972,5.863684991900733,0.018511934958620666,0.9439255428622124,3.9089273542365772,1.8372360826090308,0.780608254168126,38.34209343912343,0.2546378024792379,6.0,300.0,0.13391659756726249,-0.009616415662945809,13.093321787271522,41.479795240138465,0.7613640527713963
FaceForensics++/manipulated_sequences/Deepfakes/c40/videos/107_109.mp4,1,3.9324214141157277,2.0481580083686417,0.6186372089120933,4.272045102160966,0.11116688899474621,0.17390036528606959,0.026177104500985045,0.055870803236102454,5.398472458744547,0.10000000000000002,1103.1770003526262,2.1656006038188935,0.7972516861851625,0.5613965646172842,0.24695378926693823,4.3693417837906585,3.151783098395557,1.2730305550636698,0.06632424330161125,1.88851534092276,0.0761882688526355,0.3805957721154322,0.9940863536585642,0.009953800346733006,0.8479890619986312,0.9783144494654641,3.5037620148435233,0.005412937141954899,3.0559451261069626e-05,0.38793013415497546,0.9935926443760267,0.0038924794644117355,0.00366455246694386,0.004212578758597374,1.692847731858324,2.4685163972670168,0.015991679718670267,0.991978982668518,1.156083429138796,0.47506580158426237,0.6526118111996444,13.361709903135614,0.10396312463409645,10.0,160.0,0.4370110178230884,-0.05461042724541024,12.015693476856809,12.274793925130348,0.8666849698405112
FaceForensics++/manipulated_sequences/Deepfakes/c40/videos/109_107.mp4,1,4.33242887989989,2.1262854206547463,0.6254499182461694,4.61713367976467,0.20791706652163483,0.21734047305867768,0.10152635657933494,0.06658370403698545,3.5369517109452713,0.10000000000000003,420.32927979999494,2.3659079413522375,0.7643358447548856,0.5425220450883225,0.34114678368884055,4.769366793804571,5.087153627999856,3.802154730783371,0.3147350725172349,7.000593247113869,0.09082573543492062,1.7633546755033256,0.9923024297291824,0.010807788348570421,0.8868770222674159,0.9887665881547233,2.986359274613627,0.005442046094685793,4.351958341430873e-05,0.31660363226013044,0.9868158230977319,0.004019491840153933,0.003914548549801111,0.0026672878302633762,3.4256630091411897,1.5994105240451442,0.009803219813240527,0.9914786501762388,0.770011311026936,0.5241550781099596,0.5078292689772625,28.07303283023041,0.829743488453569,0.0,0.0,0.4357049406775787,-0.09427483538908671,13.194389867173687,14.7312008387463,0.8591947526987643
FaceForensics++/manipulated_sequences/Deepfakes/c40/videos/106_198.mp4,1,6.4112551969364855,2.4663720614629296,0.6805973852619184,6.1584725367797954,0.027623752427834943,0.2154030106052271,0.036592718680949016,0.03849823039540601,8.738362096988086,0.18000000000000002,929.1264327396821,4.118485921621323,0.783683258241104,0.2548611942604779,0.2676490999292981,5.187166775609753,3.700047545827476,3.03029385312739,0.24651524950815146,4.157145508517987,0.06183317333780742,1.5000265714327208,0.9690253337672451,0.049877303489545666,0.7188136345655091,0.9779766493144907,1.5022041798042085,0.009078285656869411,0.00024354011111427099,-0.04231493195474309,0.9981081885846187,0.004744522739201784,0.004582495894283056,0.0029194673988968134,3.9378979264307423,2.246915721719513,0.010565430099669103,0.9806792930602256,1.409620610367893,0.8778804743403784,0.6296217203353911,74.73854653921478,0.2475584392902987,6.0,233.33333333333334,0.4038991306437885,-0.05701247881433134,10.11672232572731,16.09272789627013,0.8122148095942241
FaceForensics++/manipulated_sequences/Deepfakes/c40/videos/111_094.mp4,1,8.023399008174868,0.9973999605015317,0.7046758287739026,1.0132004217016055,0.013894584560968797,0.376153745880836,0.09791471180573352,0.04986503826736765,5.614719623270221,0.10500000000000002,134.65772054337273,3.506989932060242,0.6792547632456027,0.12850082874677254,0.1871716481852357,5.583655986458751,3.903126881577495,1.0973000183707906,0.11875400120869416,4.3563041710466415,0.009654976109204448,0.13375655540082032,0.9709735294016278,0.03679063204451683,0.7221861695089875,0.9760593013879897,2.7855884316138,0.011329066008329391,0.00013369291264098138,0.506069484950253,0.9951465720815856,0.005842920392751694,0.004486600868403912,0.004389777779579163,0.5638747840374032,1.2224776572261942,0.01895395108295306,0.9821056167228185,1.5894910117056855,0.8699550050193844,0.5809779384454694,116.02749423617918,0.5743978108096734,0.0,0.0,0.02738104477230906,-0.17685718523006702,18.357801263756738,16.65154317852357,0.7348188878114515
FaceForensics++/manipulated_sequences/Deepfakes/c40/videos/083_213.mp4,1,11.763230451425066,1.4643208965329815,0.740186629548288,2.1642448027809023,0.39845507076412284,0.29038053706569905,0.28250498804920016,0.07737412536933068,2.002760224810469,0.10000000000000002,245.65331278272657,7.318362075090408,0.7362257417095706,0.035077936248116795,0.07251849567089792,6.197886346179838,4.006986275397547,1.2611281054267605,-0.34553436890435085,3.7840371082391737,0.009014192838578973,0.20048568229066097,0.9894160077075158,0.009425941677784625,0.9277253602784985,0.9447762996794441,3.8477729087554673,0.016992349177598953,0.00019840250024572015,0.4445881833009717,0.9929274794110741,0.0045417738147079945,0.004611140117049217,0.003600561758503318,4.038377765561017,7.064666412334449,0.016498915794366693,0.9591750038033903,1.9308926891722409,1.9330570012495762,0.37587518532526654,70.84483037875096,0.0005942363852617845,36.0,188.8888888888889,0.8211862164124287,-0.16960001246920192,19.750266368236993,8.82566379732878,0.6297249359608785
FaceForensics++/manipulated_sequences/Deepfakes/c40/videos/114_102.mp4,1,7.303949017397343,3.036212071824689,0.6093281251632752,9.312746166726072,0.13517875614402905,0.261687800212115,0.21371262206622443,0.06070956478804927,3.242967601842416,0.10000000000000002,551.6432073728994,5.118514424562454,0.8052978245156336,0.15111576593371656,0.21793412616492883,6.021200875172269,3.457856829717153,0.2465083502031622,-0.7547934019203941,1.0484659111632033,0.025407730297999757,0.09003331977727702,0.9732546547381281,0.02279714396475183,0.8568072334980129,0.9689345108451115,3.6807167876068196,0.013667196966707706,0.00022059297771193087,0.24459841722870346,0.9910502605228186,0.004970908164978027,0.004588588140904903,0.0036964276805520058,3.3174568908703708,3.197350060271693,0.014316650320772216,0.9699752764865777,1.740972512541806,1.1594200647639532,0.5177045669182585,43.76108051041935,0.5078887618106789,0.0,0.0,-0.28925350583390913,-0.12881526387395043,14.991397600714736,29.640935187250147,0.7839155156060535
FaceForensics++/manipulated_sequences/Deepfakes/c40/videos/084_042.mp4,1,7.285990083222394,1.5838330398477654,0.7284712563350014,2.548473726843185,0.6591195684906743,0.230267589111109,0.09880323125011886,0.07873796422954864,1.5189405886001768,0.10000000000000002,417.26536942895075,8.005853354930878,0.5137906562027382,0.012634423192614165,0.05836055943531181,6.598281906785827,4.098113336266901,1.7395310763678669,0.47797861016588317,6.16319645275602,0.005040777874888096,0.713185905764461,0.9409439683239105,0.04325867541965698,0.7940265977149483,0.9752188897901547,3.8688737099722506,0.02160341665148735,0.000132381625007838,0.7382045720106757,0.9977875591657489,0.01026891078799963,0.00930224359035492,0.0058023096062242985,2.4099914282561454,5.780671310881909,0.0367844631571228,0.9006178526422153,3.8389521059782608,1.3388576026713013,0.5858344453787285,16.679092183325114,0.42012890847967144,18.0,322.22222222222223,0.840328785601377,-0.2225727423028063,21.46673763884208,10.872641262065976,0.5400027434584399
FaceForensics++/manipulated_sequences/Deepfakes/c40/videos/116_091.mp4,1,8.068067729138265,2.896941854934264,0.6099485258454794,8.50189312857427,0.31957356107499,0.25614934144639767,0.20541809214735135,0.06219547625373968,3.344179774100694,0.10000000000000002,666.114765463472,4.734883898496628,0.8131479571364297,0.2505938398642944,0.28370039472733616,5.3626506135135035,2.9500563904868113,1.9947800771751425,-0.16541216125029212,18.720842563695804,0.053264786961455424,1.3129412600938037,0.9888083827260499,0.011954779435575671,0.9367151054592917,0.986117105456395,3.4410828074501616,0.009054345078766346,8.917033846955746e-05,0.6053080433660611,0.9919780414584559,0.006122457329183817,0.005239040125161409,0.004671739414334297,2.895295625892529,2.838743559431867,0.010941249006667167,0.9858128693047241,2.1836623380016724,0.9529278964711553,0.372098425206557,35.003164231881456,0.056281043455439196,6.0,200.0,0.5417508217730299,-0.0777169389007815,13.297861193861536,25.02053525677604,0.8518860676920451
FaceForensics++/manipulated_sequences/Deepfakes/c40/videos/110_043.mp4,1,4.703139929384461,1.0111837728481763,0.7056877728412156,1.03116169471955,0.8667306414683719,0.19163242531270713,0.0885675238661098,0.08185866111535586,0.8316523963283815,0.10000000000000002,456.07007235333566,4.16801655292511,0.692953650161376,0.11308355555047843,0.15915969100818417,5.907378665193011,4.015589001429557,1.2446132824667828,0.2310655785847049,5.339594793043688,0.011795102287115578,0.023987942876202994,0.9817437154845455,0.02673743061768702,0.7983832007848307,0.9856493941306587,2.4111914267742907,0.008549961261451244,0.0001003093202598393,0.691581371022721,0.9963852451510328,0.009832262061536312,0.008177105337381363,0.014182982966303825,2.806705844331659,1.2519320369364881,0.009476570765493048,0.954117312171574,1.2776246341973243,1.8485098753167426,0.33514003930136604,59.757940895539775,0.011218226290476252,0.0,0.0,0.24795727667690243,-0.2022292166696984,11.958504343561971,9.362100689307715,0.7674115092733065
FaceForensics++/manipulated_sequences/Deepfakes/c40/videos/113_983.mp4,1,5.5788194307502925,1.8818247352769515,0.7570718077171291,3.611421194227211,0.06454783755214286,0.18273222667262518,0.18803776102349065,0.05765378634827008,3.3733494731183113,0.10000000000000002,793.9433782737166,8.577675998210907,0.7889603020283926,0.013259314411165053,0.08358891386944886,6.482096294488215,3.6304245476117045,1.5020391853975326,-0.14644021974675328,30.264526854866098,0.00767053801500658,0.04766144340200825,0.9612752554794772,0.02699980406427737,0.8162348272975188,0.990900833576216,3.9297031046785214,0.025107773020863533,0.00033072964288294315,0.31494025897118777,0.9957738524077953,0.005886925850063562,0.005350400693714619,0.006638366729021072,4.633271402888842,3.840394862994343,0.013159362734318477,0.9443498082570609,2.492412860576923,0.9781244888836613,0.9457314148939588,41.39861035629449,0.0006964239953394076,0.0,0.0,0.8133817744395309,-0.10625477768114441,19.959734224812397,7.831400976510744,0.6114510451581775
FaceForensics++/manipulated_sequences/Deepfakes/c40/videos/118_120.mp4,1,10.055933221747585,4.698604251896833,0.6501761424369012,22.31295755464362,0.33106439298439316,0.28396435024253974,0.2650483620314074,0.05379873962202473,4.944738784796778,0.10000000000000002,468.83842259613823,4.697684919834137,0.8211677991033468,0.17059686689323894,0.2903587845188543,5.371308681006969,3.645196869487762,0.8554294874948233,0.501520967318524,7.31756170097233,0.04039497518159816,0.16213286266484753,0.9940309283656853,0.0060998423458220995,0.9239409847201989,0.9572394642275216,3.5689075045085774,0.011046484112739563,0.0001856454910011962,0.20177123240359027,0.990658912740893,0.005181868094950914,0.004910047631710768,0.0036279705818742514,2.806891596707157,4.190962644200968,0.016611290496540605,0.9889216367781736,1.6719501201923077,0.9627173250168913,0.632368375101823,47.95249175641615,0.027283237421422923,5.0,160.0,0.4859567315860352,-0.060098994001803116,11.987073830872612,31.68477680541469,0.7843595179563599
FaceForensics++/manipulated_sequences/Deepfakes/c40/videos/119_123.mp4,1,7.98527298614287,3.5288077219889353,0.6455262245347051,12.623206166671016,0.1350082993966255,0.25642641408844613,0.0737830101174779,0.05510304961596559,3.965969162331045,0.10000000000000002,625.0805611603373,3.0252967357635496,0.762519552655942,0.29271324091019696,0.26810315913463856,4.929742423939758,3.7384726296116746,2.491867188418912,0.3547140839161509,13.140167496744432,0.058707759803459936,0.5966159635418251,0.9883499233554401,0.013140013402488371,0.8572556578174342,0.9865542877778546,3.3922381117590326,0.009174314327538013,0.00010672126518329605,0.3705877920005497,0.9886001597316064,0.004661258775740862,0.004201564006507397,0.00423035304993391,3.319663747230184,3.5235823735528493,0.013779789504569219,0.9843746601796499,1.6741351379598661,0.8531807260850859,0.42443649192207455,105.27153095920613,0.6219825823713935,0.0,0.0,0.29945320194241826,-0.04118844769523217,15.144653460303505,12.201761770010966,0.8229122176762563
FaceForensics++/manipulated_sequences/Deepfakes/c40/videos/120_118.mp4,1,8.61629755783335,5.006685797097123,0.613013447505056,25.362387261604763,0.6030379394154005,0.27635899404029507,0.032988204706677675,0.06193530205373785,3.290409797276157,0.10000000000000002,799.3178933788665,3.8936107993125915,0.7493442739033229,0.1557568986329721,0.23179872743705957,5.225109328630748,3.5247546212653535,1.9149874913815044,0.22404635736593898,5.870083748001614,0.0460714717009817,0.5449584106340724,0.9799665591878833,0.016786834799414084,0.8903254244775467,0.9671301440767038,3.905760238778826,0.007262568920850754,5.284809594741091e-05,0.3152248895376538,0.9882531762110544,0.004527378361672163,0.00464441254734993,0.00410826038569212,2.961683782997574,3.0260163578631007,0.014152056215414715,0.9860116604317956,2.274757002508361,1.0347805646920927,0.8973968018839507,28.851128227049234,0.6683975795446429,30.0,266.6666666666667,0.6777477364106326,-0.044890896222024176,13.029533847998913,24.712294494298156,0.8215749185795704
FaceForensics++/manipulated_sequences/Deepfakes/c40/videos/123_119.mp4,1,4.678322162638191,4.894538367003254,0.5856217239550572,24.45759568845279,1.5982152511283396,0.17143063367554795,0.06265673477366604,0.06292602228905644,3.074330635302689,0.10500000000000002,1161.0204245625357,5.274952667951584,0.7784003534215079,0.1331454865473031,0.20655455315423646,5.736245429071451,3.798052376684935,2.0412820582182967,0.19606809264196345,8.537309170157442,0.027923999672451016,0.20315340184284905,0.9840211613931993,0.017091273324473074,0.8284575680852129,0.9771781658879489,3.6629565772319537,0.011299125850200653,0.0001305616897298023,0.34572299849060895,0.9948366191288927,0.006619563326239586,0.006454206071794033,0.006082783453166485,2.8165063526005607,5.030523874005603,0.01883621616493897,0.973690193484313,1.6335408392558528,0.9574095459699774,0.41199991841629935,24.816798994951483,0.638830985515891,24.0,158.33333333333331,0.5889701348701268,-0.122793172921347,10.47615330918045,36.84760115925594,0.8347552486948778
FaceForensics++/manipulated_sequences/Deepfakes/c40/videos/115_939.mp4,1,5.661951584472945,1.385141326123751,0.7278752422654093,1.9433748775096766,0.18433580916520415,0.231804832492636,0.19222832975707074,0.07161109279351566,1.9478106517550782,0.10000000000000002,453.347709686686,3.601898467540741,0.7683245583683098,0.09543659636259845,0.18208253838353827,5.713202478798704,3.680876297823759,1.1672343747934153,-0.2327735317532702,4.619201922221571,0.030608792884950265,0.32810865449432647,0.9878618414694278,0.014530619346375409,0.8884444995872568,0.9589483658992345,3.310594903447063,0.00903815496712923,5.631591920973733e-05,0.3581231697505449,0.9886647340329038,0.006791979074478149,0.00417593028396368,0.0032281039748340845,1.5677808176870967,1.0206090146917672,0.017519826373721282,0.9768918387207982,0.9858480089882943,1.1862369394801324,0.5373920750373824,15.695710562954375,0.6984632436616951,6.0,166.66666666666666,0.3375842663689342,-0.22280227590197665,16.017765070901145,6.428409076081957,0.7722030779576373
FaceForensics++/manipulated_sequences/Deepfakes/c40/videos/117_217.mp4,1,11.065826964916022,1.3487345011223613,0.7483107359021712,1.8277605968935107,1.2787242611131031,0.28802610228349423,0.21330772594522637,0.08332752572613465,1.5738806458576249,0.10000000000000002,249.1957523370301,6.525981199741364,0.5846725561383463,0.0301398173435338,0.06065249536560429,6.166746837471003,4.044818755527231,0.9499095243450688,0.4376792704442252,3.8672399812417027,0.005876774820524787,0.02634723360941019,0.988028263045115,0.01320179922563689,0.8912782120957536,0.9328223274693406,3.7389942682678368,0.008861281909048557,4.304921822040342e-05,0.4628559978864606,0.9914777016746151,0.008936945348978043,0.010729244910180569,0.007588554639369249,4.317592386209256,5.028058360044513,0.013891072951708872,0.928845641688592,2.307411423494983,1.4417497909128787,0.8517349456080185,17.14528658888491,0.1308102456993244,10.0,120.0,0.8731678181971367,-0.2175048634324897,21.48477602525633,6.330723096525647,0.4700138213067041
FaceForensics++/manipulated_sequences/Deepfakes/c40/videos/124_085.mp4,1,29.742463076099295,4.014036270560443,0.5673551405342729,16.21086866593645,0.11997999266291175,0.5853021398094663,0.33667260908234475,0.05749709501558035,5.849989917353794,0.10000000000000002,555.3102764588249,5.653953748941421,0.9015397290908949,0.12366848596441588,0.2218358260878037,5.44376115379326,4.023518298599996,3.299013045557214,0.24747836484892738,5.379467409612958,0.03674455175143512,0.0900221762239125,0.9873252673743973,0.016343351625487824,0.8677752723966982,0.950050999634304,3.175628661174041,0.010949404910206795,0.00016456536832265556,0.4020989492843314,0.9829059422636663,0.007992281578481197,0.00827255193144083,0.0063733188435435295,1.9427493444089445,10.21149771752286,0.02156927320223935,0.9724364932984074,5.241919680183947,2.5853688627985005,0.6045908356007013,97.94788958550441,0.6850725396634889,0.0,0.0,0.47612964490883997,-0.047424347706508885,11.40936963324665,33.1372326841757,0.7575447028211972
FaceForensics++/manipulated_sequences/Deepfakes/c40/videos/108_052.mp4,1,6.197885728381852,1.0571937842803452,0.7114895799989263,1.1230772534204199,0.42494098872734015,0.1964030306804469,0.2651596746221433,0.08094332613662289,1.5875754828819901,0.10000000000000002,225.61044254857725,4.8660184979438785,0.34811326599658443,0.009692978246610705,0.026999631607146263,6.494473085725445,4.781709511913305,2.5079279993484263,0.1709917171836667,2.7272948011814795,0.002209106739651234,0.0066680009779409005,0.9767781541987771,0.015378340370656989,0.8999961533201758,0.8705413475445268,3.6653456784045013,0.013510392978787422,8.897289808373898e-05,0.4647355988588867,0.9940245363031915,0.007606148719787598,0.007102451287209988,0.006528066471219063,7.592267849865439,10.505785264069564,0.0186641239694401,0.7699055052064887,3.0051636966973243,4.766986858894336,0.5542252488211097,6.992098475175887,0.4984070308348196,18.0,233.33333333333334,0.8464373277692746,-0.2552539218204971,24.785008972397428,5.7351851244255405,0.12672276335803362
FaceForensics++/manipulated_sequences/Deepfakes/c40/videos/126_104.mp4,1,12.983310783342088,2.711133488288982,0.6609379615476703,7.412930007932333,3.0488870032920987,0.2713622773591294,0.22366521239845877,0.07651940311494324,1.5171364866042698,0.10000000000000002,831.3818235928868,8.937999844551086,0.748648849556751,0.021227467394123407,0.077734517016697,6.04869414230587,4.211773942890341,2.6720615100843172,-0.36996307901852377,3.925579142288406,0.0062513582713944575,0.07943978122748001,0.9853961853507465,0.01921991468014942,0.8138268482436806,0.9855068206210632,3.254593983296217,0.010829415172338486,0.00017531188495922834,0.03967284162912419,0.9973677556509531,0.008046296425163746,0.007043830584734678,0.007963321171700954,6.4203441489007185,5.783824637799335,0.012245045099750853,0.9699105348655275,2.1925461172658864,1.5544446365939397,0.8495624984892508,10.187619798385317,0.18224519510593215,24.0,250.0,0.8453542327362801,-0.04751534304134131,10.69041575070522,18.508335605196244,0.7409302318022954
FaceForensics++/manipulated_sequences/Deepfakes/c40/videos/128_896.mp4,1,4.7940627483340545,4.382955589058796,0.6278374449018538,19.934844013203225,0.1400149907858694,0.1946705017859675,0.06498712125792924,0.04570290221770626,6.528081322521098,0.11500000000000006,1429.160135832967,10.283042740821838,0.8955525786534059,0.08823650944056984,0.18852196875903293,5.795246460794785,3.3566906896799007,1.4924689293845241,-0.07180857679336053,16.835586280757113,0.037483770644405646,0.27716723664503967,0.9573764272265141,0.05669322207237537,0.6307284527373599,0.9615209506582594,3.216661821033867,0.028136130422353745,0.0011901636607944965,0.4609205447589689,0.9968799405172295,0.01630774699151516,0.010184413753449917,0.015684714540839195,12.62665005202112,3.1218693619146625,0.04773638409840758,0.909031316574716,4.34620610367893,2.2270882233513825,0.6646873448839121,11.061166550974763,0.42977237086715014,15.0,173.33333333333334,0.4039076512815632,-0.04116232681472039,13.616141280716196,42.08724603918083,0.8296245502533119
FaceForensics++/manipulated_sequences/Deepfakes/c40/videos/099_295.mp4,1,5.961721216180589,0.8324284121191807,0.7848851417611449,0.6972038171031076,0.05261913535988846,0.18520473464159942,0.15382688516151544,0.0713981134788513,2.2767678096670156,0.10000000000000002,363.5068544392057,3.3520249366760253,0.3316007755502618,0.008064271280467255,0.020194901168828407,6.562328659841347,3.371954333007412,0.7903902938462659,-0.06507071977409114,5.010229023415415,0.0013716122418228696,0.002916230574086179,0.9864101341851048,0.010991312549307108,0.9358563851933285,0.9338742996140306,3.8006586865374667,0.016550792381167412,0.00014531181659549475,0.39582409508259403,0.995283259440736,0.0070536318235099316,0.005475129932165146,0.006967511493712664,5.124554624180239,7.996539204043752,0.018085093661855692,0.8053111777843015,5.08351079117893,1.6676034140069147,0.750685188723423,23.58219462671312,0.039046611582357074,0.0,0.0,0.5508625123378106,-0.247690104874416,30.626370593677407,5.441232507585539,0.11570784569127825
FaceForensics++/manipulated_sequences/Deepfakes/c40/videos/122_144.mp4,1,8.99912930831185,1.1072393488638081,0.7576304405011287,1.235135559278086,0.055202214993826625,0.2740871101303192,0.19394542663371667,0.07169200212954678,2.3042102449716415,0.10000000000000002,178.7707582877339,4.799383175373078,0.5380420405571906,0.015442789061129007,0.04803047047832048,6.211983402343761,4.581202192236112,2.2342520319733787,-0.2193946404071811,18.5758716916705,0.005218663822465378,0.09725193981210706,0.9815008807263887,0.013716565696001154,0.9260190969198849,0.9471940285278261,3.7492561870510377,0.00876182783395052,5.7926772569771856e-05,0.4304536098864639,0.9928181628907263,0.008449134416878223,0.006722023244947195,0.007551068440079689,2.654015252626819,7.123335849602612,0.039043179790983436,0.9478632045446778,2.430115358486622,1.6900513929754701,0.7030904126172461,12.600110283602149,0.4311243048984244,5.8,172.41379310344828,0.8024520302689528,-0.2100527284910739,25.2613340688617,8.101315529114855,0.4264771866773645
FaceForensics++/manipulated_sequences/Deepfakes/c40/videos/130_139.mp4,1,9.933065616642217,3.7283144438784985,0.6366409838681679,14.084444801136106,0.8017488832411284,0.2698478716699152,0.0387373452904425,0.07289013409921849,2.3961093274990346,0.10000000000000002,754.9844312645198,11.963777726888656,0.7476758695261806,0.002492494081840485,0.0423352941119034,6.4561820505621474,3.1585637341502073,1.8266966725763762,0.11303246153622198,17.69419767153485,0.015215110922337603,0.3260570699370902,0.9720396319642165,0.01815345923336601,0.848807948079235,0.9751903566831777,3.587508795501225,0.020301159471273422,0.00024387995654251426,0.31453041191261677,0.9970533350453196,0.006789810489863157,0.004568113945424557,0.0054060001857578754,3.6188803538366354,4.567559656880163,0.01677238360610037,0.9857252452658763,2.6864679138795986,0.8467859454949213,0.7976636579262374,13.124066049775513,0.5383347356421425,10.0,160.0,0.5744539794364616,-0.15786375249075066,13.695548553326557,24.373154110690965,0.7850199313816723
FaceForensics++/manipulated_sequences/Deepfakes/c40/videos/131_518.mp4,1,8.008531065458888,3.0125231104581545,0.6201682505753128,9.283842237057588,0.07549692207521658,0.24975188663429745,0.22903184519633862,0.044259156128029914,5.758256930924569,0.10000000000000002,897.1733468996952,6.729454737901688,0.8017865748105694,0.12833073565202666,0.2298705802363316,5.728373049552731,3.076464261384571,1.3575935175886515,-0.3030307299324235,2.9437764485169935,0.026127150310079124,0.15382556081923662,0.9650808282778415,0.03750251851130896,0.7468179834340654,0.9880276539036325,3.350787489672952,0.019258936867117882,0.0003921276656910777,0.37463934406709454,0.9924481589319375,0.00883160438388586,0.007858483120799065,0.007786060683429241,11.585951789674409,4.022748566825734,0.012787159319675659,0.9855486774619907,2.5099975177675584,1.289498423998016,0.7646533177835348,31.71023637911415,0.06692694800659496,21.599999999999998,370.37037037037044,0.4797461095200406,-0.03360246895742332,12.114354820832027,24.612657607202927,0.7461459699274493
FaceForensics++/manipulated_sequences/Deepfakes/c40/videos/132_007.mp4,1,5.4237132757325375,3.054552650907521,0.6159577055510356,9.579016595760528,0.5112870589446902,0.20527182331368282,0.2791499353627375,0.07085287156315462,2.1236114891743547,0.10000000000000002,714.2345519663545,6.715600544214249,0.8977534134764864,0.14246393122585227,0.2005122722854633,5.572671294347179,3.320412957925828,1.6829357548753954,0.3499771121116003,10.648270318780328,0.048532303641540736,0.14216529003236217,0.9949057278906986,0.003980658786640392,0.9770013508187074,0.9838396622718328,3.581119014742234,0.011651698499917984,0.0001410872646374628,0.4247472490211312,0.9926907006411747,0.008484662510454655,0.007664988748729229,0.010271867737174034,1.9052373075505336,3.093753322860169,0.010832090873236444,0.9833184839667931,2.0445658706103678,1.0398381855031171,0.41457880628096866,62.242436948765835,0.4944964459800889,35.0,188.57142857142858,0.48056793647364465,-0.05597909103472687,13.129421237869277,24.667524399149343,0.8674245951401797
FaceForensics++/manipulated_sequences/Deepfakes/c40/videos/133_148.mp4,1,3.251097110780816,1.94191140980529,0.6565395732140077,3.84011244040941,0.02059622468695435,0.16987186840327595,0.23237138075885375,0.04597726793588477,7.287268916370425,0.10000000000000002,536.5648514190339,7.359914374351502,0.7697530808613685,0.06016680462982907,0.11527331993008132,6.158116212957854,4.92439493965395,1.980008371023396,0.6466061212102826,8.220703904269566,0.03134255782106215,0.2828004590809622,0.9786261296424987,0.019749723186300795,0.8884528834333668,0.9743445336078458,3.749694175650797,0.015933115035295486,0.00020678823057096452,0.37325826350250974,0.9969892224916704,0.011993340216577053,0.007478345651179552,0.007427870761603117,2.819458898759744,2.4755862624286977,0.017315327152993408,0.962517853863868,1.5424037155100334,0.996338528461839,0.4699950732853194,25.74187752513478,0.011937514295139095,6.0,133.33333333333334,-0.03139924694515629,-0.16800422598764425,14.209947901366563,16.712984641000755,0.6491148668587787
FaceForensics++/manipulated_sequences/Deepfakes/c40/videos/125_038.mp4,1,7.6675562570713875,2.627278957621976,0.7104053648854972,7.010374079488955,0.072121001205356,0.23104926489275962,0.06375074855132304,0.050362225707387145,4.689392442083009,0.10000000000000002,876.1448819928671,4.700805422663689,0.827001274650782,0.21218198629553478,0.2035859177785117,5.466958320988433,2.939428197749419,1.5078582568146621,-0.34444530412218677,2.1422568908726527,0.03271441705514578,0.07677987591445956,0.9892168121501002,0.0123748145767537,0.8750907242877184,0.9842185547101033,3.5702140865965246,0.011136975139379501,0.00011218910367460921,0.594808701024768,0.9920730830805521,0.004693530034273863,0.004858318250626326,0.00418159831315279,4.463701922732718,2.671337623266233,0.008612400293370204,0.9790071108345926,1.2441536893812708,0.9875679561749671,1.0102799961935132,19.63695398370788,0.09266986819621255,0.0,0.0,0.5280870919192295,-0.09055909349550735,18.56293149479908,17.161035242092723,0.7511921010186567
FaceForensics++/manipulated_sequences/Deepfakes/c40/videos/127_129.mp4,1,5.210821110959408,1.7020940218781035,0.7180887734992344,2.921090124705033,0.23686400834498275,0.21085988279477963,0.1617319133718142,0.06670695777505928,3.394504726029129,0.10000000000000002,345.304252826851,6.4857785820961,0.6935132116114308,0.05303477944295044,0.09501796579745607,6.472836918756352,3.557389732364987,2.168043007014356,0.19413563840583198,5.9639785260553575,0.019319694864156342,0.21918552155683393,0.9424512735646047,0.04359818832645473,0.7609576099836566,0.9388405380814794,4.124697911892594,0.01917208731174469,0.0002709893451537937,0.07203943692238338,0.9936005203449773,0.005347981583327055,0.005093029234558344,0.004465317353606224,3.1779187560848126,3.802423237881627,0.012831316811885641,0.8834349960919906,4.5349047606605355,1.2756831452910122,0.7775764281539169,28.4810759363189,0.1922208588050079,54.0,151.85185185185185,-0.13899544358348598,-0.21143230789141967,16.89919639458932,15.475877017383679,0.573270987994167
FaceForensics++/manipulated_sequences/Deepfakes/c40/videos/138_142.mp4,1,6.797508167988623,5.267137525064081,0.5893563367683408,27.982456941034553,0.9859335592472818,0.21252120322280824,0.3639955066143966,0.06876124912803266,3.3576091292563754,0.10000000000000002,1012.0604406919108,2.500643312931061,0.7360794422700914,0.39477750635477393,0.2739184096871917,4.417748171136843,4.255433813477738,2.33613633769028,-0.18854733486599787,21.24721426772228,0.07049807204135264,0.1979825673485431,0.9885318707130304,0.010466227345852903,0.9378886959734635,0.9868289670312246,3.1528084923341915,0.007482706569135189,5.848546061315574e-05,0.2779957986926662,0.9910818705199955,0.0038978506345301867,0.004097715951502323,0.003301727818325162,3.509794542202003,2.31442619737329,0.01072236256878459,0.9855586196238107,2.4948363033026757,0.8787932269870448,0.3441653004339821,21.51857576900216,0.4824113756258466,10.0,440.0,-0.09751202688352256,-0.0037522973656054924,16.055934128676846,23.634914549143744,0.8097976300713076
FaceForensics++/manipulated_sequences/Deepfakes/c40/videos/137_165.mp4,1,8.641586273810452,3.420362013477243,0.6619968951569397,11.876776521458556,0.04856526431140905,0.25848507369421914,0.3464623819466265,0.04773650044438715,8.061329786389894,0.10000000000000002,480.2249775068366,8.653480052947998,0.8675764452236603,0.09403264503988022,0.20032050877044622,6.262779826961121,4.604431169336287,2.6109158364495064,0.3434075310093989,9.39549311532338,0.027492803628001487,0.08746601377124155,0.9837111626522367,0.013139200531186569,0.9206657059283382,0.9721432061981717,3.7925504557458014,0.023454077541828156,0.00045270341797731817,0.19663688087760023,0.9965130531365984,0.005513880401849747,0.004510140046477318,0.0035706732887774706,4.001235314978593,3.4643976909311576,0.01349388701428422,0.9671112852744003,3.0722819554765888,0.9156829477233793,0.5625919285502954,24.491042272828455,0.06714908697480261,10.0,340.0,0.42175403745303147,-0.13503924801460193,12.920762775045983,25.2407741600843,0.7453122214798898
FaceForensics++/manipulated_sequences/Deepfakes/c40/videos/139_130.mp4,1,6.098590869246758,4.0650786966192864,0.5703458865480203,16.780857588260787,0.34162864378627744,0.20641612284830718,0.23537042250482282,0.060640015326225906,3.5221653210413804,0.10000000000000002,803.8896083805969,4.143800485134125,0.8439385359764993,0.33936574081701065,0.2744239111240533,4.925754091639036,3.4320542689898166,1.969024308332396,0.49536984692672087,3.693862288811321,0.03751476699897493,0.12908377124453013,0.9960223091752077,0.00411641557749288,0.9756649659930879,0.9899453471513255,3.5675164847019385,0.005266438703984022,3.303097764728591e-05,0.4202796725397625,0.9852299624633317,0.004530373495072126,0.0032197260297834873,0.005926348268985748,2.9366787602377626,2.3098821705959542,0.010018972091379407,0.9899372517460532,1.1820946122491638,0.8448757258766899,0.5093665692245615,28.993517298638018,0.018397174313699378,0.0,0.0,0.6258087506165108,-0.09712600932879437,9.909833920021303,19.363136140640115,0.8697010496382209
FaceForensics++/manipulated_sequences/Deepfakes/c40/videos/112_892.mp4,1,11.878639450316195,0.9407604204708869,0.7744902229891253,0.8906813395974931,0.27582295778204186,0.2904880088248879,0.12296327785263077,0.08555556169804218,1.0896491625510871,0.10000000000000002,89.38424886713811,3.6713458597660065,0.41075094913254445,0.015114532881175832,0.038968488771743304,6.427080232538774,3.4481920084280846,1.836792217146281,-0.3200183927462502,2.4545311806224355,0.0002891389279607847,0.055236765959009934,0.9901250393875998,0.01176335052184256,0.8295474995589324,0.9092018157420848,3.216909577240187,0.00964188389480114,0.0002281831984873861,0.11752370723273049,0.9950095313283118,0.006026368122547865,0.0038712401874363422,0.006674263626337051,3.0520597006698122,9.855912128504217,0.07173337423321721,0.8641263914916588,2.085712139423077,1.6934671496548042,0.7640875067387688,12.0802860995197,0.5825785287704406,6.0,100.0,0.8821433547234319,-0.24565799117889317,22.519279030846597,7.731908806036335,0.30890914628992727
FaceForensics++/manipulated_sequences/Deepfakes/c40/videos/129_127.mp4,1,3.7909363518389356,1.9158758648064822,0.74877132123968,3.7000401218800447,0.09448590857651022,0.1637412988468514,0.23901527944147843,0.06617261366329309,3.8227733678764353,0.10000000000000002,493.5792108737308,9.152373737096786,0.7240352487675683,0.04390042670908047,0.12019473429050251,6.280826259363667,4.454222267621109,1.7380463474815748,0.4242605175365637,20.13162002533677,0.007965904213785157,0.28873985244525274,0.9757984439702037,0.016522370138532052,0.8824747233775159,0.9739218395041963,3.9187580156666804,0.013410663232207298,0.00012734140909742564,0.289318653772187,0.9933652671259108,0.006769838277250528,0.005809407215565443,0.00644297618418932,5.003545456106794,3.9294611727873474,0.01220687662510239,0.8982393013212755,2.6006088001672243,0.99143549301718,0.4857071076716558,58.12896095600331,0.02586151026220451,0.0,0.0,-0.1397094184983142,-0.20824543352012914,17.330822585495703,10.57419179830891,0.527056587955426
FaceForensics++/manipulated_sequences/Deepfakes/c40/videos/134_192.mp4,1,10.08583054058452,2.5440132152559185,0.6928208533864916,6.555532117775137,0.10995185398710769,0.2807651617061554,0.10210822222614983,0.06750360974065066,3.3841411027035293,0.10000000000000002,299.1499127218333,4.386576569080352,0.7621976762155704,0.17046210981652746,0.20694048268998022,5.587516825853384,3.9408663840434097,2.61988497044033,0.5297229264254952,3.8098944812657995,0.02281432898821745,1.6705130043801726,0.9908034825476225,0.011301381499037831,0.8951997796839612,0.9590040441710163,3.156099595795367,0.009460657835006714,0.0001255095994565636,0.42052209905929044,0.9947226405294679,0.005755408201366663,0.0051722233183681965,0.0053804353810846806,3.0149483128061663,3.5290408445188524,0.018607118182222746,0.9845667063149558,2.1596402069397995,1.5267995231671287,1.2845041471471645,17.635656972147626,0.22338017688260522,30.0,186.66666666666666,0.8812442428405092,-0.13375451516047174,13.746482161818681,10.221439418279566,0.8231351386537172
FaceForensics++/manipulated_sequences/Deepfakes/c40/videos/140_143.mp4,1,8.928509248141234,2.6220566470069437,0.6338163840000183,6.997407820186491,0.11991321420287478,0.26352001999518226,0.028786386780927577,0.054093225802658476,4.851611465708361,0.10000000000000002,772.983696781355,8.090486980229617,0.7946626972907538,0.27061874478977654,0.35445361463270303,5.579286331194414,3.0542420464247373,2.0807368024321047,-0.2921398878566183,6.436166782574783,0.028665214041928382,0.08726255215932897,0.9757323217007744,0.02162976760972861,0.8767891334750395,0.9864702982276874,3.7950734422863412,0.007576894946396351,3.4873733966378495e-05,0.6430910814932761,0.9953282203781323,0.007376495283097029,0.007048254832625389,0.006745807360857725,6.848923975707121,4.327874387344904,0.014138888087972357,0.958488351403799,2.162357598244147,1.4556971064010211,0.7929804713922883,31.592527303042672,0.06229686601621184,10.0,140.0,0.559890756195073,-0.07812634213099606,11.447545227127444,20.769843275529464,0.8451149379070184
FaceForensics++/manipulated_sequences/Deepfakes/c40/videos/135_880.mp4,1,13.386946796055108,1.718625159305034,0.7726560477421709,2.9805038259197274,0.07426064342629177,0.290403081859835,0.35929750360688706,0.06592273039665605,3.0817921596137685,0.10000000000000002,681.9473126751448,7.54426738023758,0.6699880343532894,0.009355076918896083,0.030398081043043427,6.338388069143935,3.7191032495036525,2.693692458244301,-0.10599462523298321,2.9665092621226186,0.0027273666399908274,0.044142608239446816,0.9774516686517667,0.012995520413467174,0.9008582423325742,0.8778480160295424,3.803864568622308,0.01371116004884243,0.0001286621845792979,0.34285123549091545,0.9925089323534662,0.006363902240991592,0.004297914914786816,0.007652535103261471,6.951622979980868,9.79937457565011,0.01791018927352467,0.8601150828434442,7.0753782138377925,1.9228569177342647,0.535174896935833,10.341559644854613,0.4129434813480701,0.0,0.0,0.24092817364938351,-0.16318728725311668,15.78454393751579,9.749988247537518,0.33799468197585053
FaceForensics++/manipulated_sequences/Deepfakes/c40/videos/142_138.mp4,1,8.371854360015845,4.704512751767656,0.5926706673949124,22.886849262874044,0.3006319501388487,0.27453531684204036,0.2867962192770714,0.05351176761633578,2.6781585308825777,0.10000000000000002,607.6852410146538,11.067318391799926,0.8840791130383732,0.012534640391834348,0.06419315360491269,6.522107905899332,3.556490824730311,1.9984246996008757,0.7855832556485044,3.392638708574187,0.03123227965208143,0.14148947469102158,0.9706169008188169,0.024494458754535077,0.8437552857873034,0.9745385105574345,3.795645062243734,0.03439995273947716,0.0009426483302377164,0.22345957389182877,0.9982636310472589,0.006988103035837412,0.005672188475728035,0.006326750386506319,4.272811047971639,6.58306340893112,0.023895923439055864,0.9487121403373104,3.787220422240803,1.5200705993478312,0.5050285013554039,10.297218058265681,0.08456064524665197,5.0,120.0,0.4680403781299398,-0.09230369153637395,12.69549989721889,38.597763249000174,0.6606925442378327
FaceForensics++/manipulated_sequences/Deepfakes/c40/videos/136_285.mp4,1,5.540318038533805,2.0120299842855096,0.7026298569417819,4.134037449863695,0.131998800991235,0.20831683850652016,0.14225894978400103,0.0643827617630497,2.7372771515337546,0.10000000000000002,649.1653127769598,8.579199409484863,0.8657636692351147,0.03516283942719227,0.1741891884408228,6.3093661891278545,3.536779531516575,0.7622279801350905,-0.4870974509881778,15.127363292552783,0.040719210395187465,0.9285603280164219,0.9819354666578461,0.025119069453074027,0.758467325833883,0.9837271791518774,3.528374408959391,0.017495708540081978,0.000289292074739933,0.5003924552564896,0.9974446239276878,0.010466369800269604,0.007038448937237263,0.00896031316369772,4.649032253905398,4.26498520249861,0.020267493677919145,0.9811515265770133,1.7028898411371238,3.041108437890862,0.658445554186261,49.77149721443663,0.7506746255324728,0.0,0.0,0.40683186910625047,-0.15009841078555108,13.523786242987239,14.612229701762107,0.7494549392969719
FaceForensics++/manipulated_sequences/Deepfakes/c40/videos/143_140.mp4,1,7.070723478329382,2.726103838775071,0.6122216601620134,7.558108424991069,0.22340153979736438,0.22989147805975882,0.04077781454604799,0.059885362868304946,4.48725400095205,0.10000000000000002,900.1102050334363,10.651537752151489,0.8978257041026524,0.014813793241538843,0.12018945567897021,6.164780678890744,3.937747597064128,2.2318223165407516,0.34755118858066447,4.413964925598902,0.04039407735061927,0.16535585957917798,0.9742543053994063,0.02282570363781747,0.8762868901415989,0.9799485955723871,3.76278977638018,0.014338547363877296,8.555490057915449e-05,0.4817367640264436,0.9944512390607406,0.008971570990979671,0.007039380259811878,0.005511654075235128,6.485948847578569,2.137240998666331,0.021435501270513906,0.9483676351060778,3.1749190008361206,0.9889629952112804,0.5318968104178212,32.961341382404896,4.9571559819957166e-11,0.0,0.0,0.27211524918839936,-0.16145533560383993,11.738189395010968,25.031254898352383,0.7870038556176442
FaceForensics++/manipulated_sequences/Deepfakes/c40/videos/141_161.mp4,1,5.270383961234939,3.7144160700948747,0.6825409497772843,14.094874717700302,0.9492530424838833,0.18455989980868376,0.04771199033818139,0.06675683957256524,2.2353821723937948,0.10000000000000002,1327.1932271164906,8.002964335680009,0.8533863288713185,0.020633747982398178,0.08933615194310686,5.885253973729001,3.8069195586568902,2.3593418283508245,-0.1228108378784579,13.344128536879643,0.049335351962207674,1.1443152401488392,0.9725963119754326,0.029031840388293696,0.7612516886334103,0.9627708294459443,3.644657175593114,0.019691288471221924,0.00037442788016051054,0.2961204052459869,0.996072660139452,0.007065413054078817,0.004913360811769962,0.006848114542663097,4.866439543614196,5.7012154986886845,0.020581801419212356,0.9775758882157602,2.852944058319398,0.8506644120950425,0.5075057988631484,94.25952478589349,0.41636289583642383,6.0,100.0,0.32082003058469993,-0.0860638905006668,10.403623751221602,24.884309515364198,0.7689933784272063
FaceForensics++/manipulated_sequences/Deepfakes/c40/videos/145_299.mp4,1,5.081170453175583,4.37629684608796,0.5798137319532394,19.42426607491647,0.38691373106169896,0.18719619127700615,0.28176794043349396,0.061534271823691145,3.119301329401435,0.10000000000000002,1460.7075367571401,4.569887036085129,0.8399251642138804,0.17230818286025684,0.282090339952022,5.342701962489984,3.9245365912439873,2.219584623614764,-0.4056412175539451,5.137053059189041,0.07943111934071873,1.1934229738972257,0.9742846040181224,0.021084072467039645,0.8599188753869278,0.9882747500217051,3.2321639778863536,0.021531300619244576,0.0006380941485986114,0.27070144593814605,0.9936573676195025,0.006937157362699509,0.006705813109874725,0.00360921211540699,2.9326340204304255,3.4584843494185264,0.0160651439603526,0.9883395375611153,2.7016781197742477,0.9978284051781078,0.40719215034444767,30.842584223631526,0.518904068288333,12.0,283.33333333333337,-0.1482160007730767,-0.017067118000326384,14.3868517867538,33.32192433818007,0.8025158131829342
FaceForensics++/manipulated_sequences/Deepfakes/c40/videos/147_055.mp4,1,4.9697512586913275,2.067062434469216,0.6625783069314084,4.336482953678609,0.0493636181012221,0.20023607675387506,0.2577522722697516,0.05867843653195988,3.8853175961978934,0.10000000000000002,640.8673052459511,6.470767068862915,0.7970944586040265,0.03628106999312663,0.1139639185436485,6.362208386323427,2.9826837826735497,1.931959360416608,-0.3332501599988254,6.545670682168127,0.042632782401918555,0.10855346850157163,0.9529043196631102,0.0428695377391906,0.7392097286854242,0.9642809312682814,3.869993914767202,0.015853870660066605,0.00015979792806319892,0.2998085356688731,0.995685896714981,0.005258625373244286,0.004996876232326031,0.004745460115373135,3.8617946340575187,2.605277930639778,0.017061266370155245,0.9796792443790237,1.8224975177675586,0.7737111955724124,0.7320874933736732,40.991036596676906,0.008374025101783457,48.0,200.0,0.21495586831123914,-0.13580661939009755,17.511332270809316,12.548647411532963,0.674255370213665
FaceForensics++/manipulated_sequences/Deepfakes/c40/videos/148_133.mp4,1,4.1806626034768835,1.9032845415963968,0.634951442613136,3.6815724869481556,0.021470140809000855,0.18349957043014165,0.16534179895185608,0.05919539120760514,5.306539388789065,0.10000000000000002,712.8694818255149,6.585547232627869,0.7705434454147222,0.16534213507724566,0.24172117382366345,5.583069265699278,4.353846673122324,2.4414187529379157,-0.14524325288984194,2.740302853944313,0.04344701593254013,0.3826103107044092,0.9803711568416619,0.020123845085243747,0.8555462564175706,0.912393627620067,3.4844591612348994,0.011834402568638325,0.0001390333636663854,0.34678078454048505,0.9891830424497092,0.014448205940425396,0.010260832495987415,0.004365507513284683,2.8783534421234007,2.327751617014579,0.012517778310561323,0.9744682575384216,1.9649025397157192,1.2914691629492365,0.506607856292657,10.35596801374543,0.2508856983604719,24.0,216.66666666666669,0.15539099738697046,-0.16310787107260288,14.814698259343563,22.028977517985204,0.7480236341302438
FaceForensics++/manipulated_sequences/Deepfakes/c40/videos/121_093.mp4,1,17.810883719095106,1.6052030108198312,0.743628701792603,2.590878492326277,0.11617416117156613,0.34792077125450727,0.013120082174143117,0.06442372154077261,1.32217229226803,0.10000000000000002,360.8109362510239,11.957080435752868,0.6271528722135966,0.013962231608815214,0.047154453568651736,6.4142126552524905,4.197442319253378,1.2903926823598684,-0.34722127483429566,9.378966921511017,0.003924396334761834,0.36700192128759046,0.9794278630339903,0.01569880971167951,0.9177181351161038,0.9387707593106366,3.625587250251387,0.01532227173447609,0.00024043618759606034,0.08361297479985463,0.9909548284958186,0.00586742302402854,0.004347702953964472,0.007111388724297285,5.654104826771057,7.556098482494544,0.014791384081571855,0.8485534407570824,7.263345265468227,1.81412414645553,0.7218402096754912,21.342018819529386,0.35683452600158994,9.6,125.0,0.7306567509480886,-0.2248551112318818,18.09188386984929,8.431167046131707,0.3447006176457927
FaceForensics++/manipulated_sequences/Deepfakes/c40/videos/149_152.mp4,1,6.1882894530865045,2.4982068473882695,0.7257316151967288,6.2939213087491686,0.15190834804502246,0.18042380276857387,0.11962446774698984,0.05590075436052574,4.088215992082526,0.10000000000000002,1259.919778759851,6.316753029823303,0.7684833594116942,0.09891179076360998,0.09794372024183183,5.7340545843051896,3.9499169992246674,2.1647197837910004,0.10928356691367251,4.171371676921629,0.020678911670386203,0.3073175285807151,0.9884333061910665,0.010585678413691143,0.9419848040880291,0.9723444200641931,3.4393367017356207,0.012986816465854645,0.00017876108177006245,-0.04338787849921463,0.9926494135952091,0.006014825776219368,0.005809024907648563,0.00561993382871151,7.2604890677646665,5.873377307083246,0.02168198614771921,0.953937018946821,2.090114835911371,2.6736789901533773,0.6629055798965076,11.142355838702155,0.06696077086363039,45.0,226.66666666666666,0.474358195881805,-0.038285523570201964,13.271343710277097,17.409020128078133,0.735224892509933
FaceForensics++/manipulated_sequences/Deepfakes/c40/videos/152_149.mp4,1,8.954357414523951,3.1890899882065606,0.6499574812679448,10.237671889388022,0.023741001681013948,0.2617465813606757,0.12477710423495936,0.031668976447368616,11.610878378974665,0.10500000000000002,988.3133336553481,8.0404603600502,0.8234692961320972,0.1647141783319829,0.18924794688151045,5.855224536638866,2.8148318061102118,1.9053715650395115,-0.20613470578506538,2.7357870422116326,0.018920032559149667,0.19783580112626994,0.9524587207368788,0.037006936666494565,0.7850050213948071,0.9780875798160269,3.8147356958533036,0.015302740037441254,0.00017040212696883827,0.3445143313497576,0.9913938169591701,0.006172507535666227,0.0059869722463190556,0.007949812337756157,6.690025984875753,4.759225622869077,0.016627454764073228,0.9321666698002696,3.9838360942725752,1.7062915757286683,0.638110100108706,42.08770504723709,0.44460300128035624,60.0,250.0,0.23072893698459387,-0.006121804994295281,18.151053427398935,23.620694879082478,0.7259078158433958
FaceForensics++/manipulated_sequences/Deepfakes/c40/videos/153_150.mp4,1,4.208112920295017,2.4935205499095114,0.6479097008272408,6.3527698663441265,0.12224053291490844,0.16644309365341106,0.2136919715052036,0.06493515158516837,3.645727976605521,0.10000000000000002,1351.1052785270545,8.675731325149536,0.8474695000894688,0.07660686606937499,0.14544366607536466,6.351104008828945,3.8533680247901883,2.314072384890976,-0.586626063504555,8.578019067222545,0.027983511802712135,0.6288898406002686,0.9692517054996531,0.021967490202603464,0.8809307629739462,0.9670579906395369,3.844939796991325,0.02212860994040966,0.00030851332121528685,0.2799459568017791,0.9962815029081885,0.009053678251802921,0.00874126423150301,0.004527451936155558,5.786517637983665,3.8418100497957757,0.015350708899125655,0.9052517746606813,4.872609218227424,1.1064366805681172,0.5784748202577972,30.4719893212466,0.11987667187675319,15.0,213.33333333333334,0.3951351390329523,-0.07265731581334457,16.482684886208247,23.644026070607833,0.7386241722303681
FaceForensics++/manipulated_sequences/Deepfakes/c40/videos/150_153.mp4,1,7.280774600625844,3.1283566348049794,0.6842503032907039,9.902393037378726,0.05553528996416315,0.23948219834166543,0.31703676483384063,0.05460716831409066,3.7771393125859767,0.10000000000000002,879.7358692862501,5.608756119012833,0.8085161266116954,0.13666337114142935,0.2071352174053608,5.520486155491251,2.897155338476179,1.0402674254022823,-0.11064829877067883,2.5327402481440044,0.0566330621570985,0.48720207078105693,0.9835786331836069,0.023422842854274914,0.7590569160711002,0.979955587645721,2.580803286589857,0.012013722211122513,0.0002527639444451779,0.0793152949978908,0.9944890408659451,0.005182232242077589,0.0048966133035719395,0.0036820326931774616,2.743430573169631,3.2660011321334226,0.015286500794932769,0.9723666781600526,2.334412233486622,1.4640009465888442,0.4661776674299969,26.497040922682228,0.7837432372112764,0.0,0.0,0.3115882620715801,-0.08276415989824969,8.363909619672512,20.28680996854705,0.8080898156933755
FaceForensics++/manipulated_sequences/Deepfakes/c40/videos/155_576.mp4,1,11.819400558667898,4.602055316285575,0.6406788207695502,21.301945713416174,0.12563767235101958,0.29836119260797056,0.1440562091058551,0.0468619171253241,6.449519991967047,0.10500000000000002,643.5812982938753,5.460144072771072,0.7407985540851113,0.06034564823647421,0.2172849298185326,6.158687251596223,4.245842973613724,2.037635145337269,0.5755794902407781,3.4914530957281227,0.011917728554656774,0.0497375890016639,0.9784196185380637,0.015351091428921706,0.9071829703523967,0.9828513760103909,3.767976181493914,0.01779547892510891,0.0003021643788088113,0.25146601503713184,0.9931990091679413,0.005243194755166769,0.005870027467608452,0.004813210107386112,2.234138271115483,4.215287826507776,0.013336614161757805,0.9603542500969586,1.7652396007525084,1.2230521031187196,0.41133649953700513,99.2018504197004,0.2084380152049926,0.0,0.0,0.5650068903852317,-0.16741470376725032,10.85355842741789,12.803772614070494,0.6478564223770754
FaceForensics++/manipulated_sequences/Deepfakes/c40/videos/159_175.mp4,1,7.252099126928991,2.928118703944839,0.6178124967829481,8.807260394098375,0.19819463500766865,0.23823770320764076,0.015134713319575962,0.0592635973015907,4.0732936660177135,0.10000000000000002,732.3826845530543,7.17508498430252,0.8745298820940428,0.13154772943459045,0.18513022295919385,5.975199720770625,4.1798278459201645,2.4134963624801604,-0.04393137322287086,4.324485006898869,0.05711573340938669,0.39229272138745463,0.9797550772059468,0.016340931925933524,0.8732817448427157,0.9783706439759108,3.829494626169086,0.011522239074110985,9.975155990105122e-05,0.23325645611140844,0.9936194098180418,0.005776298698037863,0.004809696692973375,0.006858432199805975,4.872764320517783,2.8056467843123865,0.020947368897139426,0.977941690657255,1.7005382525083612,1.1218980999631067,0.394474209595014,62.41712769491567,0.5954313016962304,0.0,0.0,0.04844955003190831,-0.11003467274720734,15.124005366053874,20.610710537281406,0.765339606452402
FaceForensics++/manipulated_sequences/Deepfakes/c40/videos/146_256.mp4,1,6.064631935843259,1.2098854699135728,0.7519058265274163,1.475905684437104,0.05248472148440682,0.21750489394018208,0.0433351329173862,0.0757918477757615,2.345505514462317,0.10000000000000002,325.3291633945523,6.385270524024963,0.39057981468840086,0.01723217813590104,0.0412429654264907,6.555977893921765,3.857320693468565,2.050256066097433,0.016247744074947126,4.60430086351135,0.00481164275510781,0.029502040156958995,0.9320644287078247,0.049469444827347026,0.6268272770306655,0.9644718524944116,3.9414578131450595,0.022737571969628334,0.0005084672593511641,0.11811812542418557,0.9938617296471682,0.0056890142150223255,0.004868759773671627,0.005659671034663916,3.0204989193212297,3.6731662043567415,0.01284603281195595,0.8508360177398001,4.3615926787207355,1.2454342451989386,0.6074984416327873,7.833921398183098,0.5147245443443347,4.8,125.0,0.6165676681427187,-0.2685513985909013,25.78605882774156,5.939474716632779,0.2569230040903302
FaceForensics++/manipulated_sequences/Deepfakes/c40/videos/157_245.mp4,1,5.391560997698362,4.277444047285451,0.5844333218474081,18.650956797210576,0.4956047970086178,0.20671839250619167,0.013971974968094153,0.063635113824978,3.9385088442172482,0.10000000000000002,1242.066690553386,6.6041872054338455,0.9063234669947647,0.18692712824797564,0.29751626604827747,5.563056713694813,3.258781936966566,2.147758999294713,-0.021191980572975035,1.5626819054930774,0.07763711942817962,0.7267202457936226,0.9866750877856094,0.01246005341046096,0.9211807268341574,0.9709635126872462,3.430998415729538,0.01112769078463316,0.00011984922457486391,0.4224174945035692,0.992229209963821,0.008583367802202702,0.005834016017615795,0.009317920543253422,7.4267747720759605,9.848964621396645,0.04963774286801974,0.978294157478034,2.4571227006688963,1.2912564860329585,0.7184916344329435,43.85892746624718,0.037251586264652053,0.0,0.0,0.2923665873423319,-0.06436978577036678,10.753250455135747,33.596566437871324,0.8707175505009265
FaceForensics++/manipulated_sequences/Deepfakes/c40/videos/144_122.mp4,1,4.714924829059115,1.3669542920628253,0.7308609381007091,1.8757823373250275,1.636393341189989,0.16091691677185935,0.4730965050832996,0.08696401056229748,1.5255965977264567,0.10000000000000002,548.2997523143197,4.982783371210099,0.5560965053753442,0.025500331384720677,0.07492399143565205,6.15803976387131,4.993661961329772,2.8598032607999424,-0.5410024163292025,7.191306702477776,0.005185672588036165,0.042998798169277305,0.9915446953749362,0.007661445247686952,0.9365618625066199,0.9771180647949199,3.5993601919773988,0.008003462105989456,4.770797022501938e-05,0.17113594337002905,0.9937310932934933,0.00451809773221612,0.0042125023901462555,0.004993464797735214,2.8776468694764863,6.112376942554008,0.012217995307941163,0.9701860433676311,1.748177518812709,0.9059064442578997,0.3889349464298799,18.61643438811096,0.6197633965673602,0.0,0.0,0.7543257003432801,-0.20779941641931401,15.036224216871073,5.7569063699783865,0.49813187540197645
FaceForensics++/manipulated_sequences/Deepfakes/c40/videos/161_141.mp4,1,11.554238235840042,3.405232524415407,0.5976678923477236,11.760759954819838,0.1507872701670499,0.28815694806200326,0.14817089577071565,0.05952335736423584,5.747763162746728,0.10000000000000002,655.149932796755,2.532828351855278,0.7316856447137561,0.42241087513892983,0.223607742397616,4.799721770820884,3.5908995835228654,1.658128632054012,-0.3013274168561673,5.407564183010179,0.04456767117618085,0.23988433582510263,0.9944746829764174,0.005377385187443585,0.9722643056980893,0.9748631667060947,2.857275356307012,0.010558243840932846,0.0001025253368425183,0.41055963531243855,0.9948495767337979,0.0064109209924936295,0.005127304699271917,0.007874991744756699,4.424781079434844,2.360553265582411,0.008697210166840906,0.9908835001544684,1.7668073265050168,1.1971644432898663,0.43247626927752514,23.98071529754063,0.012930923387540406,12.0,100.0,0.6592494235321219,-0.019332086404755044,15.968525363723565,17.284112905363024,0.8779764696612069
FaceForensics++/manipulated_sequences/Deepfakes/c40/videos/164_216.mp4,1,7.167683713342429,2.358402141527449,0.6795522358371905,5.662684318915504,0.023216928950991207,0.23249740697178561,0.09588820417748309,0.04365011633987603,7.550346852458871,0.11500000000000002,461.53023591754265,3.55092306137085,0.7822989129343505,0.12072211858936639,0.16082862006577367,6.142787764826271,3.568958656688048,1.406041120696254,-0.7234288802954641,6.258701208992908,0.016761426412976732,0.08251116480996373,0.9702891791993901,0.02604106001532872,0.8706066052314171,0.9791397819377998,3.5463724618956336,0.009975231252610683,9.106210200116038e-05,0.29211425392148,0.9877911433246217,0.00380820594727993,0.0032875107135623693,0.0027629430405795574,3.4099998499743736,2.967580218412369,0.014175309751071665,0.9791974041278567,1.154319737667224,1.3897902974785783,0.4501784682736206,36.23748262555365,0.7658191662205751,20.0,170.0,0.8330844269782265,-0.18608082529037456,15.714374598615827,12.071069345891821,0.750482009875848
FaceForensics++/manipulated_sequences/Deepfakes/c40/videos/165_137.mp4,1,6.731695580418846,3.5839481481125985,0.6193847925928518,13.042345703824475,0.26551387198642157,0.21560904948062154,0.02584798322337418,0.06360203621280404,4.078685691082429,0.10000000000000002,862.8199378948593,6.306347590684891,0.8934177994125061,0.1385004356818815,0.2550448937109526,5.641561621756706,3.012585952185489,1.383326482819817,0.21696480528712156,5.517351875529138,0.05322132871667163,0.36141820537095726,0.992704279002628,0.006879373694875764,0.9488576902616735,0.9942799356309107,3.3743276843283816,0.010921284556388855,0.00011317310418235138,0.433016352568284,0.9946182478922293,0.004687289707362652,0.0046255337074398994,0.003503199201077223,2.744629894020174,1.8586720549519191,0.010455414887036192,0.9828116870526276,1.5724485263377928,1.0865686837768618,0.4264206355388974,31.85921775178447,0.0004380188496594295,20.0,250.0,0.8537154986771632,-0.07642979755280505,16.323503011562213,17.698046761753194,0.8320742970179887
FaceForensics++/manipulated_sequences/Deepfakes/c40/videos/166_167.mp4,1,7.958144569508468,5.77469856581837,0.5855128887124328,33.76246594252094,0.895737043864268,0.22901864306681974,0.09700700097971783,0.05456192419172519,4.627136595553528,0.10000000000000002,957.7599758449467,8.96175354719162,0.7801132315676769,0.004561844423151266,0.08119588516260288,6.316989175739634,4.145627148236059,0.7532419953089634,0.45289279271764005,2.4276837283760475,0.016276771318870703,0.19385054107236288,0.9831153600809666,0.018106094555767904,0.8674765689543169,0.9834417740689809,3.870404978805144,0.01886347122490406,0.00026842710212804377,0.33298996198668124,0.9964604286260832,0.008124533109366894,0.005549080204218626,0.009873338975012302,4.571543548254544,4.949050170605293,0.017402815182721718,0.9710033401063025,4.689162442516722,1.3206070266095193,0.5582209939705081,12.605058938810036,0.4107936947879113,0.0,0.0,-0.10754755275259696,-0.09577739046567048,12.845578365904712,33.798988527320766,0.8090352490046472
FaceForensics++/manipulated_sequences/Deepfakes/c40/videos/169_227.mp4,1,14.56970057006927,4.529758585037887,0.6200221160529865,20.89932454515106,0.7618075508121105,0.3550143346371121,0.036407147947629066,0.07299235655487,2.2149056583217126,0.10000000000000002,661.5346625171999,7.523552811145782,0.871374223961525,0.03966940525182681,0.10723950534157708,5.974093902536181,3.371776888946102,2.3900893280102378,-0.5617757417901472,10.633433366927004,0.019467208591826688,0.7115130403527645,0.9724148058308133,0.02909972815379534,0.7854567870699867,0.916791436152838,3.7934978066472826,0.018402475863695145,0.00043651513988152146,0.3871089413454271,0.9856113833671332,0.016306931152939796,0.013555196113884449,0.016483329236507416,6.370733127820001,6.623358940897666,0.035417589993686334,0.90021812210949,8.735802283653847,2.3251313356297456,0.855910635698078,23.441498653671296,0.0046774449900467184,78.0,207.69230769230768,0.18255608423046227,-0.0658122737936313,10.109495863993741,58.98758017122163,0.6593649847929828
FaceForensics++/manipulated_sequences/Deepfakes/c40/videos/168_222.mp4,1,8.56723449004688,4.236903263203385,0.5924693208888393,18.281095643551147,0.25870261422026136,0.24102864948199537,0.1331868404309155,0.053933670879821115,6.250449644769541,0.10000000000000002,646.9018905979697,7.24866960644722,0.9020237695497035,0.09927166740895313,0.2261374542900145,6.391327618475142,3.382982228953197,1.531212228217797,-0.7877758858965436,0.0,0.06025209313836091,0.6230541512816905,0.9868510825882264,0.013375194583464537,0.915934278048377,0.9863049166376346,3.8526885882631277,0.022551219910383224,0.0005323701770976186,0.33583262350633525,0.9971115757566437,0.006320890039205551,0.004289098549634218,0.005766301415860653,3.524331734203358,5.024425126412172,0.018997198982996344,0.9775864384182548,2.7752893760451505,1.3133204217708137,0.8593805903524122,17.1505745819724,0.23733790262895554,24.0,158.33333333333331,0.7769262566455899,-0.07418665584345618,15.223418220979912,24.465436850359957,0.6999223083585117
FaceForensics++/manipulated_sequences/Deepfakes/c40/videos/151_225.mp4,1,3.6529668808219347,1.5563406734628198,0.7399279632803653,2.5488833205538137,0.034691855870893115,0.1730225502712523,0.24448161513275618,0.05854989762553496,4.246741891247135,0.10000000000000002,393.5111537227954,2.320218935608864,0.6449616216490994,0.27447910486000604,0.21854170160272604,5.696936574215305,3.692068825925464,3.125972481266088,-0.048941905946613046,6.711769357326399,0.007438755155119762,0.14739295236830144,0.9767783649984701,0.01982441017041304,0.8610874896697488,0.9408639236676198,3.283142676074641,0.010156136006116867,0.00014114654914010316,0.35840858200000053,0.992677031312603,0.006271866615861654,0.005188268143683672,0.008307044394314289,3.0921041102670643,2.2807401751770753,0.010519933732838264,0.9573781764371437,1.3491521216555185,0.8958297490530445,0.32890468241868,12.145974554145669,0.4708037702003081,18.0,355.5555555555555,-0.06407277462226692,-0.11343422831303936,18.793056983353743,10.208998435049155,0.7581563282616852
FaceForensics++/manipulated_sequences/Deepfakes/c40/videos/154_386.mp4,1,16.68365826263623,1.0433989124318965,0.7628734346046036,1.0971862776412165,0.19590993638636361,0.38067687443052073,0.10327622622893969,0.08132438578510393,2.0191896597720325,0.10000000000000002,213.25334694849653,2.9862730741500854,0.5287898487349227,0.08971077608099785,0.10355657889359123,6.07645861584761,4.649760996320878,2.9568588842544004,0.07622244969344694,7.06715180122113,0.004021775025453471,0.018853739938360252,0.988679505010134,0.012103626796382974,0.9112556763882479,0.9492668724155064,3.723955097791196,0.00674030976369977,5.915576548432e-05,0.31137294138193927,0.9753606845610752,0.00520669762045145,0.005202069878578186,0.00403578532859683,2.612946721223829,4.477737093825122,0.013086740726176951,0.9532784348011981,2.768303198160535,1.4545315816813738,0.44352580654016716,91.26228144918413,0.7456467723203823,18.0,255.55555555555557,0.816538266902731,-0.19097488016529238,19.152604352382806,6.084305027085525,0.4911705045885758
FaceForensics++/manipulated_sequences/Deepfakes/c40/videos/167_166.mp4,1,9.277019389880603,3.1249536869792873,0.6864848404564594,9.888856030265794,0.17548377128098994,0.26779466023249926,0.13822847981290723,0.06028444281462882,3.8879267438680514,0.10000000000000002,533.6972894678918,8.520526587963104,0.881294147231312,0.07939285504747665,0.15613226596667726,5.949008443036522,4.675856314419312,2.4442456400464763,0.30356405539325493,5.067752631464946,0.029664432053178397,0.3172831936260841,0.9902396821307038,0.007088982958377298,0.9583712054549471,0.9899688326650095,3.6869102166775107,0.011457327753305435,0.00011213478865101933,0.32430464809415704,0.9910434234486837,0.006381084676831961,0.004765917547047138,0.008372043259441853,3.7143525531086055,1.6291747908836374,0.012475995077186974,0.986287116371955,3.1179778950668897,0.967172335960611,0.46102137636795515,21.150014096151217,0.09285038496025,50.0,196.0,-0.19229905371184564,-0.10022213624704418,15.072299366105245,20.146450826672226,0.7689348796519475
FaceForensics++/manipulated_sequences/Deepfakes/c40/videos/163_031.mp4,1,6.364657557990731,1.624652795231767,0.7115830737498063,2.6641625463492127,0.07872371359484823,0.2180053570441526,0.27412476066900415,0.06322202631751866,2.7390972278963894,0.10000000000000002,463.5576813915759,4.702226042747498,0.7399915479726484,0.22397172241905638,0.20856640409609553,5.624624288214201,2.9548372470061,1.4220414883568226,-0.36587888904934457,1.4087525493926372,0.02508306651974735,0.040281351994785386,0.9843996739783294,0.028581525003971493,0.7007060795980204,0.9101743426527847,2.341587882402171,0.009450018405914307,0.00011843671381939203,0.46207896903057766,0.9965344962034755,0.008150199428200722,0.007862967438995838,0.0032963252160698175,4.360194935487742,2.7557915299774454,0.010598889275145709,0.979370011779487,2.725527147784281,0.9780618088384352,0.6519546206639222,20.119374354962005,0.6904288750000714,18.0,266.6666666666667,0.6506830887744637,-0.15445140956224038,15.524611237260142,18.29278676825052,0.796504769203718
FaceForensics++/manipulated_sequences/Deepfakes/c40/videos/160_928.mp4,1,5.805765461392376,1.3868327798755293,0.7306249967706215,1.9356135550299343,0.19937964792622326,0.18207743605099974,0.028550271865727905,0.08120556300875688,1.724712407906734,0.10000000000000002,891.3942792764714,2.8191049993038177,0.759905855627202,0.14403141434249245,0.14629287721546178,5.850034517880919,2.7434039948572906,2.015291984789851,0.18667390048460725,2.208827611304077,0.01708712044145271,0.25025469751045515,0.9915463115962172,0.007146107622370086,0.9350772390361939,0.9734885701445449,3.15578134000838,0.004846841096878052,2.9035085390205495e-05,0.20869995012381726,0.9757207949116262,0.002522237366065383,0.0022589771542698145,0.00302594224922359,2.2186488292259052,1.626559227302349,0.005889017410655101,0.945712246695158,0.634576191471572,0.8563270105757392,0.5062653990211805,83.49212914027464,0.16740792307136856,0.0,0.0,0.35963224461570686,-0.213573853197329,13.778944494336187,7.105378053433926,0.8254007455952558
FaceForensics++/manipulated_sequences/Deepfakes/c40/videos/162_330.mp4,1,9.287221987357643,1.4212820906696746,0.736096083304495,2.033525443564485,0.31963034858066364,0.23681001113555294,0.36616738170905877,0.07833267018154806,1.9090691084110667,0.10000000000000002,448.4073935953455,8.0105952501297,0.7609598164503264,0.015573811037628085,0.043617857481395975,6.414758419897039,5.01557845707041,4.312611840601987,0.35030774136861526,7.154601354332958,0.011832212135299055,0.08607858747491422,0.9924425702626255,0.014219604542435909,0.860008403484917,0.9857794721562951,3.372119945741471,0.012754661962389946,0.00015641590289305896,0.25449773834845163,0.9952271367500803,0.0069189793430268764,0.004517716355621815,0.006540654227137566,4.504451828106629,5.574208799233857,0.013623485791120323,0.9460051619681071,1.5218828386287626,1.2099542034568656,0.6587194960184051,37.52780251006689,0.05621093845596429,24.0,225.0,0.9002967550234438,-0.21298454665856975,20.41705751274745,11.072090423379679,0.6268084590497518
FaceForensics++/manipulated_sequences/Deepfakes/c40/videos/172_582.mp4,1,4.197601715974893,2.5209725337081883,0.6066616774700606,6.494808382547265,0.037182999279964254,0.1932352275382781,0.18340072068790172,0.049813395083082725,6.055601279790638,0.10000000000000002,653.1683345956665,5.949174016714096,0.7804107918330304,0.1265122898884652,0.16831584211193093,5.922644938461401,3.799352982714696,2.282922438964974,-0.6076526006656557,6.038479258516888,0.0388637089278916,0.6464919219897962,0.9647926089582395,0.03203153843640974,0.8260891827528354,0.9126229964207241,3.77946258713049,0.018440477550029755,0.0003385022282600403,0.2971882034006709,0.9899533536156404,0.00758632505312562,0.007574049755930901,0.005198945757001638,1.7760191754496981,2.0681200827153954,0.011148484597569109,0.9659458448829324,2.3777173913043477,1.1709965589252749,0.6262432254860137,14.96968420597747,0.4826836118228376,18.0,122.22222222222223,0.271414680098075,-0.17599331741774485,15.11690023813107,23.14300696596382,0.7592701686804484
FaceForensics++/manipulated_sequences/Deepfakes/c40/videos/175_159.mp4,1,6.764185902781489,3.9006219366988732,0.6088867276158594,15.726408326765892,1.3325963452615561,0.21610347638626276,0.10692884155778906,0.06951934445960596,2.2381879447364654,0.10000000000000002,1158.7618746494395,7.8175751030445095,0.8049346193702004,0.09758377377979185,0.21559294757913808,6.009032660268159,3.6046847038083576,2.5930354362788086,0.02378937646290561,15.142963936052297,0.029767880062109713,0.15395223060545615,0.9691200285581228,0.07167881570479048,0.18349932055894724,0.970716215391442,3.4356690026285888,0.01629035174846649,0.0010709863854572177,0.2899534470546203,0.9973118249988395,0.008470061235129833,0.005693428218364716,0.007240143604576588,6.993627702270418,11.073631523163893,0.03173788737501016,0.9704331778704853,3.2031282660953178,1.659468729960614,0.8424297115950897,13.152081285193239,0.3905861952014551,0.0,0.0,-0.19356373310327432,-0.1051447714847081,14.204592886040384,45.43399042883608,0.8175779268722737
FaceForensics++/manipulated_sequences/Deepfakes/c40/videos/178_598.mp4,1,4.324871280113706,5.428179989642688,0.5989567186866148,30.28688878981601,0.8747990625393577,0.17077223863526889,0.15722441896736764,0.05729661962741691,4.026987246261437,0.10000000000000003,1630.2315990088491,8.255554807813544,0.9231561848984885,0.08172773922435896,0.1811163130372829,0.0,2.576629156901345,1.0481243331215437,0.5756768410994726,6.61102931239453,0.05216204801302469,0.143242680672031,0.9802823742516293,0.01986594357878557,0.7851788733302592,0.976580647790017,3.4439561673480283,0.030068662017583847,0.0018502501770853996,0.36044498741117365,0.9955765867471817,0.011325068771839142,0.009482743218541145,0.008785155601799488,2.99706737955121,5.042649865323419,0.019711172658541273,0.9748492353382475,4.095470454068792,1.4081859817713198,0.6259078596943746,11.880501357987963,0.09816373365819032,10.0,140.0,-0.1599372873495905,-0.0031906941463053467,10.446169880223055,44.94896971579462,0.8499089857123782
FaceForensics++/manipulated_sequences/Deepfakes/c40/videos/177_211.mp4,1,18.6876806848202,1.7117137796450184,0.7164643593342216,2.962865118420173,1.3899845891034108,0.3928938926093727,0.09581120877814074,0.08473024036753331,1.5818864047644428,0.10000000000000002,281.55649259468316,8.86883648633957,0.7273847249078231,0.02010534498224341,0.06893838258414482,6.25967496255746,2.928903690849584,1.34840165619096,-0.05161786275120685,3.24563068772848,0.007131072772013359,0.054456550721445576,0.986722387121432,0.011976558719022597,0.8891996563075031,0.9779205129795661,3.452683383332235,0.010967128910124302,0.00011289498070254922,0.408402466183597,0.9920569948117465,0.006032946053892374,0.004775609355419874,0.005037663970142603,3.669440578401015,4.7556871781863,0.019863790719948485,0.8966774989243578,2.0279643081103678,1.6237258013273002,0.5246974757094214,10.84894162949696,0.6282822502038033,0.0,0.0,0.265947961780594,-0.19752082144755395,15.689707137709869,9.276681974071993,0.47021493487498384
FaceForensics++/manipulated_sequences/Deepfakes/c40/videos/179_212.mp4,1,11.450709866395751,1.6107169217541297,0.6515897562804247,2.608370302935736,0.07384841463145794,0.3182743038073965,0.1738284308500045,0.06202603764468452,3.3483362246790755,0.10000000000000002,415.1947547593915,7.5044469177722934,0.830636590284441,0.04240652180920569,0.13374807486188497,6.2463132488151345,3.1022706374421714,1.6686039196795754,-0.6067501893158699,5.192018034545141,0.0156461251600075,0.4322628383514266,0.9746123322277771,0.05457280244181093,0.5025192917391144,0.967609783408675,2.7107954252744686,0.016739988699555397,0.0009063601610250771,0.06166857244201657,0.9967535829919159,0.004347316455096006,0.0034851711243391037,0.003304170211777091,2.1806926030146445,2.525528118605676,0.016645789286641233,0.9805277249668333,2.4404819450250836,0.8321645601652822,0.5962639082719359,69.14023503745646,0.0701615837667302,0.0,0.0,0.23157520770185291,-0.15391360305042498,12.675205832331727,17.153084364821716,0.6551682307514299
FaceForensics++/manipulated_sequences/Deepfakes/c40/videos/181_199.mp4,1,6.667021281188513,3.0689055924820328,0.5862259540965293,9.58267502739637,1.0905574572590893,0.23649616975434654,0.26693727633979947,0.07096237743062307,2.2810917525969034,0.10000000000000002,620.6146799722577,4.175780093669891,0.8547862967501187,0.23941639069259765,0.27520615709268265,5.1089209816632275,3.4066891566054673,1.2860070701786874,0.6951689724368411,11.529704341998862,0.04244769379298253,0.2627655903876594,0.9912453575692456,0.008602789704125476,0.944929863198771,0.9738303121183534,3.42528623069647,0.008998622186481953,7.353161345236003e-05,0.34456080977668035,0.9931957580131138,0.0047451346181333065,0.0033810387831181288,0.004915960598737001,2.6656205787819323,2.4437870342309806,0.010493107206143038,0.9870242271269803,1.5449284071906355,1.1619734042817418,0.3107056275529009,42.42166480642537,0.7486891762700586,0.0,0.0,0.48614492012051214,-0.0888929988343014,11.008305655500045,15.223680539191838,0.8336645841010353
FaceForensics++/manipulated_sequences/Deepfakes/c40/videos/180_105.mp4,1,7.315391908836604,4.394463339179103,0.6136980081257374,19.899025338395443,0.10371547738687806,0.22189395442032764,0.2312251802066537,0.04918897809927446,8.297542297454946,0.10000000000000002,1447.6434681282012,2.6740232169628144,0.8396028438129447,0.48598175699467927,0.3391053282517291,4.707712198172185,3.26600447495198,1.6863273887914083,-0.5686201302259022,5.413830313564141,0.094108699144401,0.44032756577852733,0.9852781849621274,0.021046379675600465,0.7240485588986624,0.984972859849155,3.3260125612632705,0.007093122694641352,4.387613444123417e-05,0.4296827720065349,0.9933364726649897,0.004805139731615782,0.003945773467421532,0.004904711153358221,5.371400079556337,2.1736379342672785,0.009571818000293292,0.9919267915877497,2.540313414506689,0.5970117359261832,0.6510268347231452,16.553091649453073,0.24793948631123225,36.0,161.11111111111111,0.12855364868973415,-0.022829340197998964,12.790591107999083,41.53854645107667,0.8896546562574881
FaceForensics++/manipulated_sequences/Deepfakes/c40/videos/171_173.mp4,1,3.0180728426587717,0.9191026208656032,0.7770753220627198,0.8514734313859783,0.2694157961906424,0.14610855492777391,0.24710879912543754,0.09192523182476948,1.0838366180013288,0.10000000000000002,410.0710791870787,2.7232831478118897,0.5700701590115751,0.10686135614268552,0.18839728876971598,5.93438121980986,4.715793563348538,3.297447587965052,-0.3830250485880802,57.73357349836927,0.0024181864826239878,0.14523624053968212,0.9870313639146925,0.01061246547764906,0.9290794264133184,0.9487964992859246,3.815909543637375,0.008215576410293579,8.040467218961567e-05,0.2560575698721963,0.989725710236081,0.005070833954960108,0.004641078878194094,0.005003505852073431,2.7872549184629873,3.8067945344457303,0.014395078728402054,0.962748186661667,0.9284953752090301,1.0376309567032223,0.5347102966224018,29.77761687177523,0.30808577555128874,24.0,150.00000000000003,0.8456915561790053,-0.1878688757760818,19.6096335043664,6.375521126311128,0.555787875940283
FaceForensics++/manipulated_sequences/Deepfakes/c40/videos/173_171.mp4,1,4.0492833105728945,1.1774865350594557,0.7526050505016639,1.3995834630498214,0.042153244228742406,0.14787664999253564,0.28368929945169985,0.06717167217435357,2.4549153866665776,0.10000000000000002,669.8497200993568,6.147524386644363,0.47201794922860874,0.01295074196195672,0.057891716476353404,6.5472687153176174,4.541835157002539,1.3081091171655121,-0.31576489120038526,4.545950146543563,0.006903056553794863,1.141949894106701,0.969906899170086,0.027748280524197977,0.716844417672809,0.9502333573046895,3.160768412272834,0.017581341788172722,0.0002916972734965384,0.13020017493840502,0.9962897611180561,0.005693911109119654,0.004466979298740625,0.005807757843285799,4.81499563243438,4.730933162611333,0.012144528579766747,0.8888023343050944,2.915744539088629,1.8292440931974088,0.8961506980148195,16.996619425489737,0.6534343616503501,42.0,119.04761904761905,0.8694205418665659,-0.2163956782116135,23.853452341145054,7.255402872335461,0.37066362772039396
FaceForensics++/manipulated_sequences/Deepfakes/c40/videos/174_964.mp4,1,8.584939987210202,4.502544080044226,0.6498056715339351,20.62467847509599,0.3304249902695622,0.22351355198768777,0.2700472991313927,0.05585371126537407,5.040884305756757,0.10000000000000002,1007.4504976407018,4.104636478424072,0.8235893132986127,0.278283144464472,0.30274819817954635,5.057667928104781,5.455080285357543,1.5413728833142137,0.04703530004584741,2.2742959241773546,0.04909459983340238,0.19057414020156158,0.9952903512231492,0.007099955695576249,0.8931442236132686,0.9837723759842449,3.7511825039896873,0.011834750883281231,0.00028570910217240453,0.5308844265887095,0.9944274255474174,0.005609887186437845,0.005321786273270845,0.005848754197359085,7.433305439028179,5.778686817722228,0.02577226718571066,0.9899445645349878,1.3353691994147157,1.0932817060719433,0.8301434698648751,33.221206179669515,0.1588976616750974,0.0,0.0,0.8055116989098505,-0.07827449391639826,14.81705016667772,22.852078750904173,0.8846790278969696
FaceForensics++/manipulated_sequences/Deepfakes/c40/videos/185_276.mp4,1,12.236932756814088,2.491345818841414,0.6787110172523919,6.275152825572122,0.06505849186422975,0.36633022501317847,0.01723663309856756,0.05109242205468155,4.344295388570362,0.10000000000000002,249.49520506965274,6.372132378816604,0.8880708638526134,0.036405991138164985,0.11837283836177631,6.252970603961054,4.647306782234117,2.8531255305082657,0.3417679293957638,13.953275845485837,0.025385311427466657,0.186638210189336,0.9641278259934316,0.027809553978008376,0.8634238341789359,0.9797527245549189,3.931968142121573,0.013166199438273907,0.00012522542965598404,0.3845640489741443,0.9938822157651179,0.005705548916012049,0.00392024265602231,0.003117622807621956,4.643532149140952,2.4878245258104896,0.04080106020838117,0.9848441002699577,1.440465614548495,0.8214835521627367,0.5522696892934631,129.69083102273376,0.7930659669612973,0.0,0.0,0.23289558684121406,-0.1405267898787281,10.89950761235328,11.65158186146458,0.8189205525592365
FaceForensics++/manipulated_sequences/Deepfakes/c40/videos/182_242.mp4,1,6.701314112699427,2.3652304646006357,0.6844630101759556,5.643988222917907,0.3325115781926754,0.222108435006067,0.3141358560347395,0.07697943920304437,1.847436503922966,0.10000000000000002,353.79164098430806,6.985223001241684,0.7907185326138789,0.08147060229171128,0.15935677679617613,6.138912116383451,3.917533035753009,1.169003761093317,-0.4814282591070971,6.1749901031151,0.014678301654230043,0.10093705906205365,0.9894386727601984,0.007915026702501476,0.9490501416326196,0.9665573634378071,3.0420987409549936,0.02040037140250206,0.0003177432809025049,0.37377113697259423,0.9948320646641653,0.006600912660360336,0.006507972255349159,0.005393688101321459,3.3693850571987873,3.9619340404679155,0.013134894503733641,0.9886480610796788,1.5305771843645486,0.9712748222300961,0.7346851583310987,51.81656064023511,0.4081865166643804,0.0,0.0,0.31935247474503975,-0.1519564961112627,15.829875023527391,19.80978138496037,0.6817319526532389
FaceForensics++/manipulated_sequences/Deepfakes/c40/videos/189_200.mp4,1,7.644256909275548,2.9473133169410772,0.611026166011823,8.80815085359605,0.10083607578713798,0.2292911963381588,0.05513441301603221,0.055031995388401055,5.051560714908282,0.10000000000000002,759.4837243167228,6.182963955402374,0.8391217753417501,0.1793544443386027,0.2968563808486596,5.796985084361541,4.20623931654292,3.320930632553821,0.22499412557861664,16.74514443371291,0.07878515131786579,0.3212421801199099,0.9935206394732523,0.005594927413429657,0.9613296530703813,0.9867090220999017,3.3726567808060257,0.01028294675052166,7.631818880327046e-05,0.34212578064455995,0.9931713991728275,0.005082338582724333,0.00374258472584188,0.0038576226215809584,2.0777513593928574,3.1889448112786525,0.008700880303015407,0.9905171200912715,2.1917557221989967,0.8229945612339882,0.7659250337971717,27.0826620467119,0.2915363303888233,0.0,0.0,-0.07461784589078956,-0.11017633295954758,12.815640235446784,27.143611432302485,0.8146019052255334
FaceForensics++/manipulated_sequences/Deepfakes/c40/videos/183_253.mp4,1,6.77072863220724,0.9925280678599202,0.7645635589484419,0.9916800333156074,0.014415244711014307,0.27360124049315127,0.07514952953136865,0.06054587183658372,4.077601334183784,0.10000000000000002,209.94535071798092,2.938227891921997,0.5846249114581072,0.21517111420130922,0.195213491954101,5.901249991876565,4.10128646408544,2.7960857123056617,0.21900979894809186,5.47139580672674,0.006849790634830289,0.025503720956222956,0.9811246309429406,0.01829248548586838,0.8841698425865773,0.9534957236899713,3.6226985466015913,0.007372957654297352,5.857810174347833e-05,0.38445968758313676,0.9922346604883325,0.007524808868765831,0.0043472591787576675,0.0060960943810641766,1.8793993805647797,3.2928856049495323,0.013754047774313495,0.9580398504024501,1.335757864757525,1.1559436214301566,0.3239876119525248,17.869961422705504,0.23209627503676472,66.0,166.66666666666666,0.5260324739968858,-0.20526204874988935,18.72835162391418,8.218953452346,0.6486847552047961
FaceForensics++/manipulated_sequences/Deepfakes/c40/videos/188_191.mp4,1,7.025068431315591,1.2608329013475825,0.7403745746654888,1.5977609959311336,0.27007975373797044,0.22607698676774296,0.2853059973696853,0.07824762527657733,1.8757233067855925,0.10000000000000002,261.30676237316675,3.779897403717041,0.7435364131204062,0.11413031033139999,0.16138086553724737,5.758357424313237,4.212367740193659,3.4983828628555247,0.0639123652149026,6.225579609788773,0.01002900064489156,0.3108624657923304,0.9944345300524507,0.005950282830526808,0.920886956439051,0.974773662786136,2.8841849511032525,0.0072910962626338005,5.7820183428702876e-05,0.2421165295055429,0.9918575804411383,0.0038685761392116547,0.0037288598250597715,0.003387187607586384,1.9757074773306367,4.7763488875010935,0.015070364757703052,0.9932185416057039,0.9115965980351171,0.6841541469111689,0.3248903509570682,47.618111202141435,0.6205814070083466,0.0,0.0,0.7039416352406509,-0.1668879240045218,19.12076218861996,7.5618106269503835,0.7711753192885281
FaceForensics++/manipulated_sequences/Deepfakes/c40/videos/187_234.mp4,1,5.076400849217267,1.470773558286119,0.730320460642864,2.192918672695742,0.12185218366280855,0.18334204747593447,0.11493858700902859,0.06129339142074969,2.65576337484002,0.10000000000000002,667.0230306567953,7.557865011692047,0.6332584908789364,-0.003210369950048483,0.04433998372978487,6.616709627328067,3.200682274630152,2.069734063118469,-0.20129024978661408,1.8636445129112995,0.004735917468166372,0.06843006659899858,0.9349942053641808,0.045572585064689364,0.7643775842031454,0.9527134800901299,3.832308274984469,0.041530802845954895,0.0013524240348488092,0.3008084911271744,0.9966068474256513,0.008019995875656605,0.007453288417309523,0.006929140072315931,4.386065812518982,5.718760057790664,0.01940080610489042,0.8557007061100864,3.6876045150501673,1.5363352288444283,0.8853674947679758,28.632431110655688,0.4999398365705656,12.0,216.66666666666669,0.7657578074104396,-0.2027665297493013,19.12254840663804,10.848085200126665,0.3521464802994233
FaceForensics++/manipulated_sequences/Deepfakes/c40/videos/194_235.mp4,1,6.538221248680275,3.5908671307126654,0.6060110610439134,13.040310915526234,0.22380774392695768,0.19651812103462982,0.34335121422965764,0.05064070260276036,6.8973791082251665,0.11000000000000003,983.4313646595417,2.9502450585365296,0.8068191211934372,0.2923089529388896,0.2181951319736804,4.864613218890541,3.3093383505545755,2.1760127930275064,-0.29538113560633006,6.39911315429346,0.06860812366363149,0.35045862305411685,0.9868543725612547,0.017561967061074026,0.830773703182543,0.97299004291891,3.537415643688803,0.009365173056721687,0.000104633676528465,0.1679484378269831,0.9854879874610744,0.003760387422516942,0.003737074788659811,0.003488833550363779,4.797526309674873,3.995591585273277,0.015025038472499065,0.9886690486008848,1.4801780675167224,1.3113593941206876,0.41929682163503235,71.83422942768786,0.3938435401613048,0.0,0.0,0.4174951589587318,-0.013430746376289906,14.763224364187035,15.590351465570656,0.8348156906388421
FaceForensics++/manipulated_sequences/Deepfakes/c40/videos/170_186.mp4,1,10.937631901359081,1.0693206390970895,0.7586522714553403,1.1578707056992585,1.7145331933199202,0.25659622132790244,0.19927142045845808,0.0926319279364857,0.621267253053653,0.10000000000000002,477.06299564763674,4.316586065292358,0.37922061531022005,0.0002443179260158275,0.032998864026826974,6.4901140951103775,3.694747986230386,1.5323082506106507,-0.08008322258447753,4.1759661344278145,0.0006202822509607839,0.05058429520580898,0.9668773946363344,0.047619972133521864,0.583881467199434,0.7429763817034263,2.6802942464129016,0.016270432621240616,0.0004944251850247383,0.55961353130912,0.9907932553588188,0.008123998530209064,0.007832861505448818,0.007294916547834873,2.926629789897199,6.042441815554383,0.01566281535150284,0.8448053954596946,3.5713053929765888,2.81547489703264,0.7202477371663887,9.728418262558968,0.2129793623410365,12.0,250.0,0.6991452839680916,-0.25006871603152936,21.16348722791313,6.975096696928568,0.3612632412039401
FaceForensics++/manipulated_sequences/Deepfakes/c40/videos/196_310.mp4,1,15.481816255141416,1.8995332906599054,0.6721524589093797,3.637948416425283,0.05624608977974558,0.37258929764068616,0.06853483458831627,0.054763143129982136,4.388515831936216,0.10000000000000002,487.86958509548595,6.2226897418499,0.8650066909022401,0.15026529881628026,0.22346543332329544,5.659004527973335,3.878204700839153,0.8344398416325961,-0.06278197700108365,8.862936874217123,0.01601800049933433,0.10270333711151264,0.9879388186142621,0.010228300709055596,0.9375350779155739,0.9696756013939074,4.036340896583085,0.006902065593749285,7.024596561677754e-05,0.43628140118049386,0.9828106266520651,0.009315688163042068,0.010048138909041882,0.0030049069318920374,3.6555893741223873,2.1720911804082106,0.014817931988903313,0.9230167542660196,6.417299200459866,1.3468743676319423,0.4940347190766655,31.520196557710513,0.10190305072482665,45.0,177.77777777777777,0.16061175738488512,-0.13236099925954356,20.027679775068474,19.716272549860744,0.7524373355842785
FaceForensics++/manipulated_sequences/Deepfakes/c40/videos/192_134.mp4,1,7.2177516421217245,1.7254118286238476,0.7215973018346338,3.0300966391574393,0.34452686101040697,0.23704318266007465,0.12394920763063208,0.08513055961699625,1.3188316548431338,0.10000000000000002,363.0193099126484,3.847456205458868,0.753765302657614,0.20465453510684575,0.17501775515064136,5.795421954164615,3.48452482867832,2.403580575921856,-0.20035892466596866,2.6420278809911664,0.018537971604648297,1.2336039184434542,0.988937015119356,0.013433286697857223,0.9115798065338242,0.9854849100898225,3.261389395087509,0.01195900235325098,0.00014599061978515238,0.43122623184011155,0.9940789634406401,0.0041777947917580605,0.003859178628772497,0.0035209727939218283,3.9774657180150883,3.279816459566655,0.016068077026360695,0.9959450102854565,1.0028921274038463,1.034642541943362,0.6322278893800028,38.212795094221015,0.4027058866831195,0.0,0.0,0.5615983709238994,-0.1589932382416134,16.942770164215915,7.348957452305075,0.8198218430000661
FaceForensics++/manipulated_sequences/Deepfakes/c40/videos/197_224.mp4,1,7.369198920207653,4.299288858725548,0.616151087498851,18.75820575288593,0.34510937467968594,0.25163965147496564,0.12340471059099098,0.05889461419302901,3.9507394414199384,0.10000000000000002,792.635677745104,7.396509510278702,0.905477203250212,0.047947956475699494,0.13184261035582773,5.988696180390718,3.3579272070325903,1.3804266441220443,0.5614340196574246,12.440739150901086,0.03752030132224038,0.14995120631400763,0.974591206130927,0.02409935598315603,0.7720629711650808,0.985003623374755,3.9656164645680607,0.019092757254838943,0.0004384166095405817,0.30497172550473794,0.9922401947572353,0.004779498558491468,0.004250816535204649,0.0037445237394422293,6.1282914349448765,3.081381933152802,0.036764736803176844,0.9743792353153622,2.6144537782190636,1.2290648845985315,0.9379924549468037,14.285663727853832,0.48973476511165887,0.0,0.0,0.3764961896418353,-0.10032454867111283,11.457592404233507,30.603936130675205,0.8080206421705147
FaceForensics++/manipulated_sequences/Deepfakes/c40/videos/198_106.mp4,1,3.0129099112979736,3.8816548754035707,0.6118617755012997,15.273732757621257,0.46260502617381044,0.12515195061457257,0.27514011825111295,0.061755148591621664,4.4970137863951845,0.10000000000000002,1874.1484704376867,1.3471670627593995,0.706539043730731,0.692537398458982,0.24200942126681527,3.8921327024708012,5.655635607749242,3.903121414689998,0.011820082945645623,5.8463023653016695,0.12160159249094046,0.4809252617213158,0.9934266293742609,0.00795913066529106,0.9450774447737765,0.9748961422740748,3.066900968277569,0.005980002228170633,4.831821934203617e-05,0.2959414264718041,0.992159835671422,0.004724578466266394,0.005032148212194443,0.002738209441304207,3.038381049926921,1.3973750773034164,0.005899635201098029,0.9926803751419196,0.8170953961120402,0.7098801038674333,0.32893086766807633,41.44226510367026,0.6944274473943786,36.0,211.1111111111111,0.42771890472789886,-0.06320955273058927,14.63264394477453,18.757399074309504,0.8612087650959663
FaceForensics++/manipulated_sequences/Deepfakes/c40/videos/195_442.mp4,1,15.001079979866915,2.2813091911131096,0.7064078746595646,5.242308954779223,0.11591933855966019,0.3628776936433463,0.1488418384288032,0.06102547374153805,3.0394942915425096,0.10000000000000002,410.68960537608837,12.493466591835022,0.8354738635206671,0.023141509454882258,0.0879027196191972,6.264655950814123,3.850378866357675,3.062188474188753,0.3672579466294872,7.620928499815609,0.016783289295683814,0.23317361542194132,0.9804141547064675,0.019536428892023713,0.8764153769170583,0.9622352518865014,3.846505012556105,0.012126194313168526,8.750503184273839e-05,0.5401000961669533,0.9930874489533261,0.006503865122795105,0.00542200542986393,0.005516988690942526,4.83654148519826,5.035804803988024,0.024801303313061893,0.9571076483691321,2.5210728469899664,1.7130590764062996,0.47272312598365673,34.26868945571478,0.6358199868275745,35.0,188.57142857142858,0.5247105017803673,-0.134797440935809,16.696535405780136,18.45576498539398,0.7841385995818632
FaceForensics++/manipulated_sequences/Deepfakes/c40/videos/176_190.mp4,1,7.309645433867571,0.9580476102018606,0.7804383662791945,0.9249124429949653,0.1650328714163895,0.20787547970049172,0.3109447284749244,0.08043696718791025,1.6034938380053905,0.10000000000000002,312.07757536257645,3.8463276505470274,0.4290331833247615,0.05576820507441858,0.05801314141628584,6.284611865632805,3.409928719377105,2.672168162363788,-0.0620807989569437,3.424122442384712,0.003046732331785287,0.07765966904678866,0.9885726909430985,0.025398675698390386,0.7441952357883798,0.954336597636465,3.466007747618864,0.008025472052395344,4.647420792025514e-05,0.40122529949179053,0.9904255534631767,0.006678239908069372,0.005201566498726606,0.007894853129982948,7.584948958260297,7.455044932694725,0.01752020984294838,0.8703190673582752,2.8702184364548495,2.1213505378049113,0.6492656112211861,10.186990696226037,0.4768317179169327,18.0,266.6666666666667,0.7107022465045361,-0.19978850016680333,18.8473762231867,8.0850476460916,0.3635004438855248
FaceForensics++/manipulated_sequences/Deepfakes/c40/videos/200_189.mp4,1,8.426900693235094,4.289600761558063,0.6647804823249273,18.646804962824316,0.29683853828977774,0.2672174249986243,0.05627665003570589,0.06156911189110677,2.905888551168522,0.10000000000000002,593.3607509257408,6.319094491004944,0.8553189574883863,0.13627799625591924,0.20970013095688642,5.987318419006901,4.203787491606235,1.767097343546631,-0.5723500765984897,5.649851475424642,0.01619614132613713,0.15516923080746428,0.9634771643275026,0.03193406542831307,0.6635061385258902,0.9775619592999408,3.417709875934152,0.023343661800026894,0.0007331431843340397,0.14354397444307282,0.9960996536406551,0.005542249884456396,0.00487301591783762,0.00636329036206007,5.214361971528443,3.6891592286608645,0.02299583908371319,0.9823796112521953,3.069146503971572,1.5841470794874117,0.8713112167887324,74.27112789119278,0.023725871708222535,0.0,0.0,0.4622663286392191,-0.04666152962562365,15.72648994876947,21.29199469824558,0.7253868286965864
FaceForensics++/manipulated_sequences/Deepfakes/c40/videos/201_203.mp4,1,9.73091404751867,5.381368263370694,0.6053028649921159,29.37439776947296,0.35362417801744567,0.28265564486826567,0.13237129288197713,0.05345074413991371,5.583494682177871,0.10000000000000002,602.6989791309082,8.192946982383727,0.8947767486767108,0.008885379423394353,0.08823040864987348,6.194243663628641,2.811200151286598,2.2456384446713447,-0.22224985181186058,1.8176572521791532,0.02497401727981794,0.13772137271031987,0.971889281840557,0.02384471181690423,0.7611728995244064,0.94016309869449,3.691858981094841,0.01707201823592186,0.0002613628748804331,0.25020115740149296,0.9935141502361314,0.005560082849115133,0.0036300313659012318,0.007057059556245804,4.947474534846362,3.042525611781541,0.01639259141232989,0.9673556323805482,3.1173018133361206,1.3827898671650773,0.6476810519138694,27.407753258993555,0.5352841588709358,30.0,126.66666666666667,0.6572457199176689,-0.09105538015599368,11.489669357205194,30.275434789262185,0.7833847840281936
FaceForensics++/manipulated_sequences/Deepfakes/c40/videos/202_348.mp4,1,14.44294659603143,5.665577176931182,0.6392357831810151,32.83721472573279,1.7823489919569595,0.3935704363566356,0.16050973917217842,0.06601231659393525,2.9916263277216864,0.10000000000000002,531.7923599289879,12.881714725494385,0.8836692592026131,0.035063372884510204,0.10868214548848683,5.80851567256065,3.1390155608305332,1.1737115016216146,-0.11341425167628645,2.4192185529904924,0.045777903221320033,0.1348102085572411,0.9812466472281541,0.02004131034073575,0.755448763548266,0.989987321120942,3.9972696868947772,0.03631579130887985,0.0015317281940951943,0.255570691600015,0.9928533320494607,0.0084728067740798,0.008242095820605755,0.007693347055464983,4.706189765981376,4.984829535846908,0.027471770511113124,0.9774909617192231,3.6428230821488294,1.8175620651256341,0.5827072702279816,27.792671989986786,0.16315446356935462,50.0,180.0,0.07674076050601471,-0.02669581886746131,11.26608258032461,41.3220559704988,0.8061503502939122
FaceForensics++/manipulated_sequences/Deepfakes/c40/videos/203_201.mp4,1,10.230729704977218,5.01225287632867,0.582338091876256,25.383536182478178,1.191728391533394,0.2566787510489342,0.2383064475882568,0.06086463118203043,3.982958830030216,0.10000000000000002,626.8381139542428,6.721802425384522,0.8711480384658177,0.03045767023050588,0.11209086346782045,6.029387154264868,3.6612464149518544,1.8046579060128494,-0.13795303466325576,6.860597053176899,0.024393643333305334,0.48028901763585896,0.9905604560977976,0.009003223667528735,0.9113030909073956,0.9857394971898592,3.6122081401564667,0.011538482271134853,0.00010501693759579211,0.33349109638274776,0.9961736846208887,0.0058682989329099655,0.004328660201281309,0.006170392036437988,4.465070743482235,3.4364502240880683,0.015920647625891127,0.9789594407624863,3.0376548129180603,1.4925998885315457,0.6549413301359475,26.336846583157232,0.5890594487822632,0.0,0.0,0.6504168644662506,-0.07049389127491015,13.987591960164334,27.87387016552532,0.7526374921704265
FaceForensics++/manipulated_sequences/Deepfakes/c40/videos/199_181.mp4,1,11.900678840381284,2.580671590262507,0.6856463529282196,6.794945337857962,0.10948172699369452,0.2952168414080477,0.2497830150401012,0.05277454944941905,3.246677263403794,0.10000000000000002,815.955895494051,4.810460188984871,0.7862797069421481,0.27454611101324017,0.2561001718686351,4.9213811361965405,3.074731754035989,1.3752242659206604,-0.038463976429199666,4.475315638042727,0.06898055973337448,0.376844076183073,0.9930976032225298,0.012985432895464109,0.8202199101339676,0.9814836574076898,2.8605978797208462,0.010596327483654022,0.00018851124332286417,0.3113848033513724,0.9959615556473432,0.004192399326711893,0.00398246617987752,0.0038883548695594072,4.7331248663745065,3.9531373075393033,0.016657203658295042,0.9869369862860691,1.1646863242056855,1.060628395848399,0.5460090346007995,70.50642010931129,0.04318278080546198,24.0,258.3333333333333,0.3264561370036509,-0.11549225685430614,16.955071504696036,11.723042362846531,0.8150125045532199
FaceForensics++/manipulated_sequences/Deepfakes/c40/videos/206_221.mp4,1,6.291276686996639,4.554386309309658,0.6238971944438858,21.17262312984824,0.6233165070151603,0.19397184336448384,0.29468297562993934,0.05432551228817871,3.434089172842058,0.10000000000000002,1214.576183035205,9.496657919883727,0.8850574063635961,0.04033933103628449,0.1597379868157021,5.97112807037956,2.900516431526801,1.0793523499107143,0.700349735018925,9.813498616944399,0.05798770288294012,0.6019915890856756,0.9830952853031357,0.016850032767347315,0.8947959906296801,0.983451428873525,3.595688463053021,0.01422304380685091,0.00020309229148551822,0.4559974059630409,0.9930635549685373,0.00716274743899703,0.00587740633636713,0.00798691064119339,7.8064476188807665,6.812320776542938,0.014048486655072908,0.9711150177383522,3.974406877090301,1.3391859976003841,0.4502197389825682,44.548526494560235,0.03949688246006795,5.0,120.0,0.594349360435999,-0.052810368631688934,15.397764227008304,29.60328285202191,0.8206785296054142
FaceForensics++/manipulated_sequences/Deepfakes/c40/videos/204_230.mp4,1,5.343590891555671,1.3593258509383406,0.6830672253471703,1.8687115969621637,0.21431280564104477,0.19685330138294563,0.18024191448647714,0.07288991978191897,1.5984561741363215,0.10000000000000002,343.7940379823402,5.490380847454071,0.5992058421365211,0.03619158187330158,0.09799311478803499,6.1271179755584555,2.853668197684588,1.2045431827299118,-0.2617067090923427,7.625471077400615,0.004311273098528464,0.17266013746363204,0.9447865908661848,0.05182658606164544,0.5863996017609866,0.9485341280315674,3.057880327741476,0.007203365676105022,5.0492184527684e-05,0.22327967507164556,0.9796907490960783,0.0068300082348287106,0.006011949852108955,0.006787797901779413,4.523648588625665,3.254724639877529,0.018793105869226587,0.9711246997631293,3.0527409071906355,1.398987790413357,0.626918448690249,18.54459807752024,0.5273859985900555,12.0,283.3333333333333,0.8204410911519057,-0.19892361633249223,13.899416276043189,8.722680856252422,0.5291621313613702
FaceForensics++/manipulated_sequences/Deepfakes/c40/videos/208_215.mp4,1,9.223284158113845,2.619909984498526,0.605173497774944,6.921388412122456,0.27262188613371235,0.30350277620137806,0.06507514720789578,0.06612551190221073,3.707217047597976,0.10000000000000002,425.5128025250222,2.4008404940366743,0.8072736954158405,0.460596265876771,0.2671136046711082,4.953252762244846,3.630083679104977,1.638945104274348,-0.41675415368313207,2.221071199959197,0.09028029602048804,0.44116266484027716,0.994974469643963,0.005670731729837909,0.9604145873706733,0.9869807868504815,2.7266321704957224,0.007357434369623661,7.098006608430296e-05,0.15067758669656908,0.9963797649499493,0.004389289300888777,0.0036426109727472067,0.0029613038059324026,1.9954165608209464,1.840138110853983,0.009142342232400978,0.9913529380336435,1.343867579431438,1.093374737150696,0.586858368237692,96.15976748583672,0.7902203754048593,15.0,200.0,0.42253564440402347,-0.06992745594819494,12.473913153627803,12.186083205956647,0.8215062870239982
FaceForensics++/manipulated_sequences/Deepfakes/c40/videos/205_184.mp4,1,9.70441974915698,2.3578715933894845,0.6794018890806618,5.644943178211787,0.2782591204984898,0.28382725776000794,0.1653198147226095,0.06675130722520306,3.2367659758072294,0.10000000000000002,421.43927243327846,5.652312296628952,0.8195496380657403,0.09367516210261088,0.22028967912053607,5.816500995873778,3.637557262320812,1.9345066587973931,-0.31833897557663277,4.791056146522984,0.030057804439193488,0.26116324921808626,0.9939787849101108,0.004593353040929798,0.9730558611885707,0.990502351193055,3.605571557989554,0.015392336994409561,0.0002401881938567385,0.3629600838755372,0.9939744237267132,0.005402859300374985,0.0039932080544531345,0.005644505377858877,1.7099975586887053,3.5250954899673244,0.011732301285466842,0.9856691709898996,1.560703647575251,0.9581405469990324,0.4584306405058157,28.99391512158751,0.3107996852480161,0.0,0.0,0.421231599940297,-0.1301928164152408,13.942143181773352,18.23689212030106,0.8122841809347626
FaceForensics++/manipulated_sequences/Deepfakes/c40/videos/210_241.mp4,1,8.801155211941936,1.669799999465991,0.6543012714366079,2.8179465589079977,0.020738172521299232,0.281297092129704,0.0838340234616489,0.04642755646469889,5.949368733979389,0.10000000000000002,354.15645767178916,3.357612431049347,0.7398633800908083,0.1510148985424603,0.14499620120457662,5.885232119052003,4.6619519401522425,3.015974822931609,0.14187469230128924,10.40742747398798,0.029573914910900535,0.14822225662528934,0.983485767539717,0.014104970473858003,0.9097754379289277,0.9780727500664256,3.170873332666083,0.010055129416286945,0.00010409281821921468,0.2165874026219018,0.9809227339051775,0.004795642103999853,0.00470637995749712,0.0039051349740475416,1.3709133661798436,2.4247660230271397,0.013013786601464726,0.9699939197039179,1.9727934260033444,0.8600027861791655,0.6789088697735066,57.65596887332004,0.00767269208456565,42.0,128.57142857142858,0.2834093557019533,-0.15775296412389042,14.70990273569324,10.129091611355754,0.7317064684378963
FaceForensics++/manipulated_sequences/Deepfakes/c40/videos/186_170.mp4,1,5.34473016314689,1.5762565389971885,0.7609515554923008,2.5288945550296207,0.3654222134245937,0.20172071252564466,0.09532718659923121,0.07575556960003796,1.611001356446354,0.10000000000000002,329.53539664391616,3.290714165568352,0.6076096235066246,0.1161493762391185,0.19938493704765983,6.046811462168377,4.444786959198601,3.885534055886316,-0.29791252546107305,13.15186312180404,0.005094951987641462,0.10520383318023471,0.9747866433049306,0.01825406530419861,0.8735248551458593,0.9837332587939985,3.9611148495125468,0.009862369857728481,0.00012354862701613456,0.2940152493769859,0.988668804224447,0.006397064309567213,0.004590338096022606,0.008717386052012444,5.261931227657076,1.804766703322168,0.00854239303324528,0.8829162374878798,2.1611720056438126,0.9485587607566631,0.34977327555876025,85.08266020277254,0.25358130785189276,48.0,200.0,0.9110578049300019,-0.22441695286654562,18.239755925241766,4.110821702181782,0.5450449578220335
FaceForensics++/manipulated_sequences/Deepfakes/c40/videos/209_016.mp4,1,3.3472491796770307,2.812075533346911,0.6706410245252644,8.098042993753092,0.08216058283205369,0.16161876758364013,0.22055498994895553,0.05373897474241783,6.139428726884636,0.10000000000000002,835.6063394045099,4.072344595193863,0.7670334184127275,0.2757701482075111,0.29886731351796747,5.0776882199553866,3.7833504669871783,1.169073779181903,0.2933869609918774,3.2135954410361336,0.06675052512360166,0.7637580927331975,0.9896779733121337,0.009757665433525037,0.9055078446164805,0.9859533100264481,3.3895802596379387,0.021642956882715225,0.0003413469239603728,0.31411842696443654,0.9924897369984647,0.005682077258825302,0.004632205702364445,0.00509468000382185,3.2347867762404006,1.463802998387475,0.00808091549995477,0.9752942011122208,1.4282340875836121,0.9135067414884861,0.6099561339646329,31.651794945999672,0.09781035474838196,30.0,133.33333333333334,0.3724959045933816,-0.11444426990565272,10.626641481592337,22.943894469024325,0.7927538577493694
FaceForensics++/manipulated_sequences/Deepfakes/c40/videos/190_176.mp4,1,5.679596425794257,1.241712987065735,0.7542275627304122,1.56265715821992,2.9817383989980004,0.16170530471049505,0.5538484517220723,0.0926426767348466,0.7598196187187175,0.10000000000000002,465.4401527316034,6.365627801418304,0.3392907794068701,0.02073609107298661,0.048401500627478326,6.439671657554501,4.582143997211716,2.8512253753198977,-0.5306251370209758,5.874231696175644,0.0033443390065896797,0.03960858042345773,0.9742022989349624,0.026414536669647964,0.7797826664396904,0.8876662870321069,3.3285101009408473,0.01140012126415968,0.00010984380060108379,0.47959980947708486,0.9946383766703087,0.005294628906995058,0.0058143786154687405,0.006458490155637264,4.086152015972025,6.655863464117675,0.01774555770586035,0.7676749792575162,1.967417433110368,2.1861918020061584,0.6095134222569822,6.654166584337429,0.23567571955795752,36.0,127.77777777777779,0.7753722102564962,-0.31590028120955543,25.318363873698658,6.885143928773823,0.23474104205323493
FaceForensics++/manipulated_sequences/Deepfakes/c40/videos/216_164.mp4,1,7.452127041575314,2.079986490449525,0.6266426723427361,4.380669257827381,0.31393643818687,0.2447233530732988,0.07428085812798559,0.07505609333651238,2.510583079677107,0.10000000000000002,485.2340933434718,5.692757350206375,0.8415209334606765,0.1491070307818778,0.20253813834405696,5.8526609302393435,4.176059991981496,1.7632529846414957,0.5651055339841321,7.003588749874528,0.03519196814582631,0.22721972258361037,0.9898287500068599,0.010119549192338345,0.9326932560909205,0.9929412599771041,3.644866974920104,0.00681892829015851,3.947125151171349e-05,0.6218503670798202,0.9957732438697087,0.005345720797777176,0.0035147322341799736,0.00388573226518929,1.8621444311045263,2.9173052974059868,0.014222965463999496,0.9900501479927393,1.7222316576086956,0.6334665687631151,0.712762839675851,50.73474848905632,0.6465410314331866,5.0,120.0,0.5657741694548631,-0.1732447024206995,13.4355575838093,15.917334118094539,0.7784123167975285
FaceForensics++/manipulated_sequences/Deepfakes/c40/videos/191_188.mp4,1,8.43038658254255,1.2315912291101898,0.7380821750819522,1.5310837586327322,0.08102325884716575,0.2813542140899898,0.014446728855547023,0.08155769985286744,2.0621565133042217,0.10000000000000002,176.5514140041699,5.047159779071808,0.6092449526822256,0.06438300908956546,0.13322550614518155,6.160937559439194,4.700289063940302,2.132310852083829,0.2904983201584518,2.5643722542632923,0.00623982141491029,0.1240405581323925,0.9932244308454795,0.006046741406306711,0.9545900895308342,0.9795142455205788,3.60284998836573,0.014188059605658054,0.0001341753377346322,0.4346819022636135,0.9958729364720412,0.00501543702557683,0.00426406878978014,0.004050399176776409,2.450442379480596,4.741838383216009,0.014309252101822554,0.9750951505064539,1.512907608695652,1.0010407692283596,0.474201355912245,37.412992571843894,0.3663799978878643,18.0,111.11111111111113,0.7802062687641742,-0.2275510147083871,16.225793278297466,8.608776840657281,0.5052565236885881
FaceForensics++/manipulated_sequences/Deepfakes/c40/videos/215_208.mp4,1,6.0629141997044,2.112036131697315,0.6760786703500806,4.505627789488722,0.14733694483775223,0.22855998934453198,0.16907125619023178,0.06545475173959402,3.5883617406208344,0.10000000000000002,433.08881418775684,2.3810348927974703,0.7641707017046525,0.45560304211805736,0.28338119033992654,4.835575205887808,3.0393261387456603,1.618129726710447,0.2176464830672716,1.6010183964036888,0.08712406505982553,0.23032425121006636,0.9970314953173592,0.0030724525233098757,0.9815672845612445,0.9886072986605953,3.504534906581275,0.005520501174032688,5.640190647682175e-05,0.34280728776358455,0.9960728925875851,0.004586861003190279,0.004950219299644232,0.0034088026732206345,1.3159110303104824,2.1146407371014813,0.010424329225234393,0.9927190034217186,1.1920104776337792,0.6645811662061037,0.47942437457870957,35.65809918580396,0.3370085882063243,5.0,240.0,0.6688743193872946,-0.0674896506626954,13.249886493281725,11.579202040987685,0.8646201934826451
FaceForensics++/manipulated_sequences/Deepfakes/c40/videos/218_239.mp4,1,5.70009169388159,1.5252429720416811,0.6479532911526105,2.3533883419514683,0.12228340332990681,0.2918394627516106,0.1269521545140877,0.07151196313284544,3.15156750607881,0.10000000000000002,153.713220004096,3.632431077957153,0.784738712339919,0.17047414000565037,0.21220403547318284,5.634136760288026,3.913928845697466,2.304392086603513,-0.4014722119475629,5.010368757230325,0.022398146980784912,0.032539249270782895,0.9850146243430776,0.015967656987530242,0.9072248792843716,0.9471220209105413,3.7046934468449346,0.008431493304669857,7.197148079285398e-05,0.5521445148399475,0.9965639041365792,0.005217320751398802,0.004487801808863878,0.0036708374973386526,1.4867994333444443,1.2613467109320329,0.016423326512380543,0.9641144307205981,1.2205986099498327,0.6540084753565306,0.3260091015113158,36.44250085113035,0.08001185079084726,80.0,227.5,-0.318897319412832,-0.22360816218125457,14.601016898310457,10.893730781470845,0.7866148772054028
FaceForensics++/manipulated_sequences/Deepfakes/c40/videos/214_255.mp4,1,12.494913442616443,2.2668166873014006,0.742978631248955,5.2181212081432005,0.45754323180540857,0.296068209866758,0.2156178101076823,0.06685402681033473,1.9325609781168622,0.10000000000000002,465.8412805560598,3.985939288139343,0.5611543574038811,0.10438021609079565,0.133248841819948,5.861169457506271,3.628128996425328,2.408695493048839,-0.2867962924956431,2.8838736512739076,0.009117938996140405,0.3152312592379684,0.9851706308160222,0.011032798173591195,0.9251985310456634,0.9555927435238007,3.8561393612012016,0.007951890118420124,4.621739935828373e-05,0.2305109851368484,0.9880140852173395,0.007001290563493967,0.007542141713202,0.006622894201427698,4.501470744092651,7.065355315554725,0.020891776304572476,0.9865835069646081,3.448036423494983,1.5375238605768402,0.665000966155648,13.211257920455854,0.07627081486823126,36.0,122.22222222222221,0.7878587743001281,-0.11336241329133175,13.53746353611258,10.376863080266743,0.7909472129141969
FaceForensics++/manipulated_sequences/Deepfakes/c40/videos/193_030.mp4,1,7.098242500090647,0.9399830868276314,0.7674195110740504,0.8900827932573646,0.9161056484603154,0.2362499534250837,0.05340462920577721,0.08625706665361324,1.1059375484722627,0.10000000000000002,196.2505154263102,2.721086338162422,0.3702354890369695,0.033707822449727774,0.05977974280136135,6.251174492882379,2.9123635248116035,2.2592225895934965,-0.05540151958267462,1.0491712464959622,0.0019936841129674053,0.0065879783715661715,0.9783433196530434,0.01619587153234829,0.9054695942529909,0.9502781942058961,3.867508795356672,0.00807950645685196,5.2374398364918306e-05,0.3196719966814576,0.9867225179315801,0.0067784166894853115,0.0054644071497023106,0.007776869926601648,2.4438973299763305,3.64971455556236,0.018199607209405114,0.8320493505335596,1.044921875,1.1621677462007483,0.47636154600871894,23.210656306434757,0.36583242678497824,30.0,193.33333333333334,0.9282772423532591,-0.2576615985579518,24.235539504424462,5.516979042869002,0.3810590705004739
FaceForensics++/manipulated_sequences/Deepfakes/c40/videos/211_177.mp4,1,4.309203649796034,1.554045560802189,0.7224085908998963,2.4497449786174474,0.10592879973028083,0.15395099153102423,0.30994120241133183,0.06770300194952526,3.4412849654446283,0.10000000000000002,818.3978078665319,4.3756817281246185,0.7296653002365869,0.13969551405513805,0.14441445300095476,6.00180211190075,3.290769759340366,2.6167778613711326,0.08309137526435947,2.246590487031943,0.020663335363058165,0.19570505213125478,0.9800010025949618,0.017629450345918667,0.8827309231440346,0.9581461160156696,3.3119480762393954,0.011271421797573566,0.00013318088895175606,0.2102152236789486,0.9849633901681013,0.0072400919161736965,0.005805172026157379,0.009335844777524471,2.8484949499448295,3.5401116195064453,0.010391824688034288,0.9710593004076147,1.5754206730769231,0.9401713337359028,0.5520377546762689,16.499723339221454,0.5527566632535944,0.0,0.0,0.07826421426765676,-0.2105884518398783,17.244760817889723,9.474770846869164,0.6723625274219915
FaceForensics++/manipulated_sequences/Deepfakes/c40/videos/220_219.mp4,1,6.764056078393966,2.276927070019356,0.6400301640030471,5.239175790169835,0.1518746507101459,0.23798985572119374,0.1155835453528079,0.0627589688152952,4.360511241906304,0.10000000000000002,389.90718008209,4.7377421200275425,0.8746572054732367,0.2437608598975221,0.24552698509880377,5.537455908456037,3.442902605099769,1.5355457371968304,0.6125306958401544,14.795695796599002,0.04763166043472532,0.3295796886509126,0.9959727469186342,0.003981747778599712,0.9765620159843564,0.9954153715931285,2.8086421221660745,0.007103427313268185,8.210334635805339e-05,0.4810301135681471,0.9966033338050938,0.004366426263004541,0.0034995682071894407,0.0032506140414625406,2.5617867339765517,2.121938764098075,0.011494900328182263,0.9904298393756605,1.051065400292642,1.0230718509035552,0.42241526068581003,64.03286364986299,0.15873505726162782,15.0,253.33333333333334,0.2350308272545258,-0.0900681695405941,14.007907295502173,17.65073457365872,0.8227384800929194
FaceForensics++/manipulated_sequences/Deepfakes/c40/videos/222_168.mp4,1,9.750081181177888,3.444606171663515,0.609664826793915,12.050077900865137,0.40338912501965707,0.24911050317246555,0.11927843225324512,0.06699375980587544,3.1393872246656658,0.10000000000000002,727.8490614028815,4.318982437252998,0.8010455694023145,0.2529501662235736,0.2652371635361924,5.226193911648405,3.9647025779905456,3.246410636100443,-0.2985141332276492,4.471879152791095,0.054245229766447044,0.2746861507088357,0.9948004696272853,0.005382251999625136,0.964072297746909,0.9723923553880299,3.6979190002666265,0.009084929712116718,8.081572013907135e-05,0.45251701507200076,0.9908552489739162,0.005995781626552343,0.004842913709580898,0.005473325960338116,3.4002192485539653,6.62251689320554,0.020463010143747327,0.9713356847446283,1.6889272836538463,1.2683987294247867,0.7745814394306115,12.291437088982702,0.6019965596936249,42.0,152.38095238095238,0.8364280838433081,-0.06830709784938042,11.172880262348215,24.172253246090097,0.8458023002371675
FaceForensics++/manipulated_sequences/Deepfakes/c40/videos/224_197.mp4,1,8.898951852725077,6.034296764927971,0.5887662425823591,37.040686419122366,0.9183166382699207,0.2683669821396853,0.1254570995315336,0.05574511475730178,4.76353564931524,0.10500000000000002,811.8699390843337,2.932554358243942,0.8592757068440979,0.371083249199313,0.2964428765341682,4.830841091107665,4.0639980004000655,1.8229397980128774,-0.12226817518050215,3.9616735278485953,0.0884128891621936,0.4751463447465447,0.9895861797511405,0.008515458504225644,0.945814173653234,0.9780792090624374,3.5648996395191355,0.00956711545586586,8.64039539010264e-05,0.2943291322674659,0.9899185827764988,0.00434208195656538,0.005149539094418287,0.004061275627464056,3.1957340437724295,3.2516240603282918,0.0141967488504698,0.964634712000372,2.8984309678093645,0.8692664726508537,0.5896189943614394,63.459374992869016,0.22461644369219294,15.0,146.66666666666666,-0.08015149884114244,-0.008014717234139723,10.807454156191469,35.71519828035445,0.7649114629902585
FaceForensics++/manipulated_sequences/Deepfakes/c40/videos/213_083.mp4,1,8.902860670790576,1.4457863970315956,0.7364469068801198,2.1074362596553295,0.8191713375704648,0.25286922037332454,0.11913552350265291,0.0847476511455002,1.2483885179823864,0.10000000000000002,352.8922009576763,5.419674941897393,0.6034704933112217,0.12292947619153295,0.17246932927055966,5.829030049444667,3.1733666305427897,1.8840359767288586,0.1345915254531851,3.0035013152100407,0.013112513077482884,0.25444484111018767,0.9832504760076765,0.019001658784662725,0.8357595378225128,0.9693274626805726,2.971967558764256,0.0062620919197797775,5.359826172934845e-05,0.29216380553121635,0.9934992622914575,0.006100598257035017,0.00543386721983552,0.006676103454083204,3.1360883237755206,4.935253154482978,0.01627015793142258,0.9894478549409008,1.1289813701923077,0.819323012496489,0.38082965371569477,41.01746012134371,0.7676567315102575,6.0,433.33333333333337,0.8260901157800058,-0.15418196690192595,13.223243170917065,10.288476669273745,0.7629154863003331
FaceForensics++/manipulated_sequences/Deepfakes/c40/videos/219_220.mp4,1,7.167837228967736,2.367958369399376,0.7054235640765019,5.663354159149459,0.1067781720495321,0.22845771378805738,0.11427702220153306,0.05859820050679093,4.937176223896378,0.10000000000000002,661.3639865788202,10.081756615638733,0.8143352971908018,0.04489900223290194,0.11007969364278239,6.146670321380709,3.750153674109157,1.8645752084935445,0.3319457364954219,4.8752297765376795,0.03375821035807894,0.21082631537268692,0.9740682589504625,0.034008519444774794,0.5961586433891842,0.9765961750162354,3.6568325683748903,0.010533108375966549,7.427090167766437e-05,0.4786530213813661,0.9944152951401789,0.007633857894688845,0.006837537977844477,0.0066009885631501675,5.475848999938164,3.8232422882618637,0.022731695501360723,0.9554837595952939,1.8761366011705685,1.0805358166970358,0.8501959341996818,11.833068697562453,0.3387060676111575,0.0,0.0,-0.09257104530298513,-0.12950587604522595,13.76289144161091,14.231967454621792,0.7255840548344082
FaceForensics++/manipulated_sequences/Deepfakes/c40/videos/228_289.mp4,1,3.2375384828783966,2.2387045914505723,0.6663550404265375,5.138186994547715,0.09387654348952924,0.1717679403517829,0.01396391795295231,0.053689687741371984,3.7704499111045124,0.10000000000000002,514.4043812366046,3.7662984848022463,0.7907413853858019,0.18725922261511088,0.19610812449464868,5.269794452490197,2.942229994341896,1.8426503467361728,0.2656938297412935,1.8832284578086336,0.0764039641817132,2.3400482102466573,0.9893046386541656,0.009005585235878284,0.9402063275711497,0.9807842992848083,3.207279980151224,0.009061981923878193,8.033424819586799e-05,0.1968659549987109,0.9897147473199349,0.003991531208157539,0.003062112722545862,0.002773412736132741,2.7878651250061157,2.1038622448937736,0.013814726338149912,0.9795332841956017,0.8795268081103679,0.8613663635494907,0.4087313309449677,49.619511083027135,0.004857969443089313,0.0,0.0,0.2714523639465356,-0.14055073792302808,15.943981339016412,8.23352934481858,0.8538315975376614
FaceForensics++/manipulated_sequences/Deepfakes/c40/videos/229_247.mp4,1,6.423363583308955,3.674070338792365,0.6712307484290341,13.812169486868607,0.9155561767440572,0.21565811198398638,0.049486483326013034,0.06701399834921523,2.511290133203638,0.10000000000000002,743.997831330588,6.620966362953186,0.8647903973066272,0.05017986422830353,0.11146381738827905,5.698860216953943,3.582922897212114,1.8032509161812253,0.5508912837804505,5.119399136716719,0.015869422869677068,0.07119898368497199,0.982786540594505,0.0159243827459228,0.8953728163706562,0.9549259062171841,3.8559210454413386,0.010674773715436459,0.00011404837277950719,0.27683743857961646,0.9886623457723788,0.008528095670044422,0.006028098054230213,0.013326226733624935,3.5772501499235525,3.6977907330107977,0.01156371889317007,0.9839949482509198,1.3753886653428093,1.716284435380901,0.6737725885809009,39.49978012976339,0.3923083713317314,10.0,160.0,0.7980640397406169,-0.11849843640391289,11.716037135364092,19.957367156282803,0.7716484688430998
FaceForensics++/manipulated_sequences/Deepfakes/c40/videos/232_248.mp4,1,8.622505314226729,3.390088223802729,0.6359929533040818,11.64188227163369,3.1408219647269804,0.2766938186187187,0.16171302486065903,0.0781635828046284,2.0159664362872682,0.10000000000000002,535.5848804813324,7.527913808822632,0.8331793580734492,0.07975549176583047,0.2105125035816743,5.779911825223671,2.8987685014476394,2.2113820750629385,-0.30500441319927124,1.5111591116193446,0.01729652146000357,0.048384332284714185,0.9818007100492425,0.015324672403228011,0.9100793010227894,0.9691103077835099,3.5306065299367555,0.011266062967479229,0.00013918604236096144,0.269506035707065,0.9810830328024323,0.0056349411606788635,0.003792234929278493,0.006262144073843956,5.404848072225736,4.63578247609288,0.012356962850161097,0.9578836065834815,4.515873223244147,1.7391036642849873,0.46087807647729284,11.990916366417837,0.6251230629659935,6.0,100.0,0.5284392309601157,-0.08537943538303645,11.726735862946239,15.976452242506587,0.754877088543187
FaceForensics++/manipulated_sequences/Deepfakes/c40/videos/225_151.mp4,1,7.164499040712937,2.2042356583421308,0.6945355506858714,4.905769822832342,0.12106041591589123,0.22837188243753706,0.20692977405782176,0.06545944958146768,2.9578844013588057,0.10000000000000002,529.813486951984,5.8847626686096195,0.7207037545685332,0.02557664376429039,0.09027233967811425,6.019584888592039,6.07948248555564,3.58738581169228,0.22648732800577678,8.87100239649757,0.006892632903104325,0.08403102355698994,0.9874867937654597,0.00940312395301843,0.918168754077535,0.9702311393107819,3.784519205201303,0.012800558470189571,9.970720566343516e-05,0.26956860032864793,0.9887585973123367,0.009792483411729336,0.007102091796696186,0.006241283845156431,4.673528746811084,4.506213384627125,0.019610168347670768,0.9828619865108048,1.156965274874582,1.3973697788664563,0.5507418296567128,31.905355822993435,1.9225185517631378e-11,0.0,0.0,0.7317333969799558,-0.1954250864310407,12.548907679840982,10.077573376131388,0.7495694859715982
FaceForensics++/manipulated_sequences/Deepfakes/c40/videos/226_491.mp4,1,6.091773395267422,1.2470737588412595,0.733776546196679,1.564141523998392,0.0999902776083015,0.2741085549190438,0.18864665209460896,0.0716469878454911,1.4552727498522877,0.10000000000000002,199.32997176595325,6.073052215576172,0.5734426839626015,0.019189462666083762,0.061888782522798724,6.316856597294866,3.6957544993412434,1.1752108035976385,0.17048271525068642,3.7588322327282007,0.011656127179091274,0.02675229119632872,0.9717814281898777,0.023374063180655307,0.8470077289519817,0.9561410700506139,3.910732319110282,0.016448957845568657,0.00017450746963731945,0.2584036189236407,0.9958510740607398,0.005320684984326363,0.004550122190266848,0.004374478477984667,8.515223014668566,1.7317339898109294,0.06196052882419481,0.9567301597748787,1.644887254389632,1.2308194133919124,0.8041808250220075,14.148005901789134,0.01716781997492639,42.0,161.9047619047619,0.2329800238263525,-0.24803316418561394,17.817680799153162,7.664787436968401,0.41001196895056075
FaceForensics++/manipulated_sequences/Deepfakes/c40/videos/236_237.mp4,1,8.541784736834122,4.142072077542553,0.6230392571753717,17.462478522013715,0.07295325614888296,0.24816220035885156,0.18570632249569397,0.050440820172003784,6.257023256174967,0.10000000000000002,1036.5703341400852,8.331722974777222,0.8702344300837476,0.14623085293015523,0.2571025535472437,6.075290936420894,3.86848972990193,0.9969803874136514,-0.11501646211608735,7.126512800250601,0.05677700810177389,0.24509208940380436,0.9736044383909238,0.024649462867006002,0.8333837883356958,0.9921715611567902,3.639689139344816,0.014520210213959217,0.0002305175003129989,0.36368321735138115,0.9950924257934455,0.004022668115794659,0.003743667621165514,0.0038592382334172726,8.683071910149026,3.3219013325867057,0.017486455324835674,0.9778738258417732,2.307881741220736,1.3836956320026637,0.6572224764354309,34.42999309697982,0.009597994624566574,45.0,231.11111111111111,0.4047731396864116,-0.11171799059391291,14.941233283363443,25.60723253768651,0.7589037669596147
FaceForensics++/manipulated_sequences/Deepfakes/c40/videos/207_908.mp4,1,10.804062329323518,1.931624520149139,0.7235111601919798,3.7717935618054748,0.05083007367144805,0.24766575235343685,0.14254074684331897,0.062376398794525154,1.6608111264867116,0.10000000000000002,763.0919670028383,10.04680585861206,0.5716880595565295,0.012142601726273121,0.03697246612406967,6.481252073015381,3.8500548146243054,3.2255135223311195,0.6738709003944306,34.25274396780713,0.005612106444527874,0.10637062287657,0.9754150166852533,0.026968193081478364,0.7370882124276147,0.9640399423279098,3.205122365900841,0.017651015892624855,0.00027776355273090303,0.3297292143103206,0.9937993333568003,0.007641741540282965,0.005278874188661575,0.00828812550753355,4.702107251853737,7.008119923904309,0.014845361905043288,0.9059601687217443,2.071635268603679,1.2710850724655773,0.7937789089803957,17.12696641641413,0.03295159102332983,4.8,125.0,0.5250061553335021,-0.2357615542782317,18.94238262355774,11.322274291115399,0.5245677573391805
FaceForensics++/manipulated_sequences/Deepfakes/c40/videos/235_194.mp4,1,7.902274804383448,4.163109803613436,0.6911347423762494,17.620921891594097,0.10185322903549676,0.2406156643927438,0.02538845242716737,0.04574963587875332,5.957190307409608,0.10000000000000002,905.2503611335385,6.011168664693832,0.8198809781385832,0.10725103946463634,0.16185685776415373,5.876940192346961,3.014851033412147,2.106377594202562,0.014734463275070931,8.6931039268747,0.05058709973919499,0.5239138832950576,0.9644004983527684,0.031155325327520664,0.8362330464409469,0.9887761614959922,3.5559603612283865,0.015885505825281143,0.00022379103756975383,0.3468599782394565,0.9962734048702332,0.005041887518018484,0.004413550719618797,0.004200892057269812,6.270984461377114,5.783608129494502,0.04068391742170786,0.9806886397486098,1.9035195443143813,1.0926532744971573,0.4489430786618229,22.35031256315086,0.37498764002675095,0.0,0.0,0.24175703534357695,-0.0611913509200513,15.232881588759998,22.212059970211634,0.7521552764760506
FaceForensics++/manipulated_sequences/Deepfakes/c40/videos/238_282.mp4,1,7.929333385245309,5.137810983841225,0.5774178067464126,27.020777019017373,1.6124548288510003,0.27131586860965573,0.05629875581864816,0.07114595489891744,2.2527763986850102,0.10000000000000002,504.27236599626315,4.694613689184189,0.8719375090556148,0.1939822128069354,0.2804314283802609,5.633453767029307,3.1106897697771174,1.5012162659483588,-0.3018953167184474,17.188129638135074,0.10580070599423465,0.36042144304163154,0.9865002320682384,0.012073766205948636,0.9189618952723856,0.9860274882133813,3.446541754867619,0.012434794567525387,0.000192005027201958,0.27367524811773963,0.9921755907411772,0.00499055627733469,0.005571325309574604,0.0030135009437799454,6.007351597672034,2.9904748583556713,0.017142218588327526,0.9786593229146733,4.159692464464883,1.1097084259747947,0.6861579737170127,12.179165393188493,0.2483006190475119,20.0,300.0,0.3542649373565902,-0.056103173188149176,11.969420930246734,24.001763040020865,0.8010800519704255
FaceForensics++/manipulated_sequences/Deepfakes/c40/videos/239_218.mp4,1,3.8731633212485606,1.273843855329237,0.7006527169035632,1.6331389971166512,0.3529626458378391,0.16510580688412468,0.2389879373435614,0.08179311820966513,1.6086804931658083,0.10000000000000002,757.6046852777798,6.149871134757996,0.7288918099301467,0.11580608015461948,0.20429526421279517,6.066639212982408,2.255411440446191,0.5702364765342731,0.00689046027117816,3.296161538280576,0.014384321209070685,0.13530673562526466,0.9842024267027938,0.015735431406068152,0.9174992522801437,0.9610495372040249,3.7352439537311772,0.012649093754589558,0.0001892917643999681,0.4641604352192662,0.9969291456828777,0.007614477071911097,0.0078041027300059795,0.005311255343258381,5.006195368035459,3.094423659565547,0.009013370148552491,0.968219783012119,2.6249216137123748,1.776800910288201,0.6685166607448731,11.294167826853029,0.07704603260905601,50.0,276.0,0.0889891573960832,-0.13284238500407125,17.698409976922296,22.717766380974997,0.676859859605688
FaceForensics++/manipulated_sequences/Deepfakes/c40/videos/230_204.mp4,1,10.343628684908136,1.0927073424695148,0.752719453451616,1.1990597067503839,0.011556744445797271,0.30077855384396746,0.1759542866439924,0.07247560592002221,2.4603383404637684,0.10000000000000002,174.6237705387038,3.629808706045151,0.5591022482133663,0.13985868453163114,0.16798172930126906,6.028258354255139,3.8832617456556147,3.2635848256333855,-0.1948679457750293,3.279975030107455,0.00563799282166343,0.031197563631796633,0.9873612529917049,0.01189948319090007,0.9282562538076129,0.9340102080517217,3.3672089322580705,0.009725620038807392,0.00011405089753679931,0.32023004072699507,0.9923559351439604,0.009422005154192448,0.008339562453329563,0.008988653309643269,2.0293182546453434,3.4613582187591923,0.014868118147667676,0.7869579087657269,3.5875509510869565,1.6912455509349753,0.6270903538597243,39.33324713083418,0.45444102576259116,6.0,100.0,0.9613800873230582,-0.1685601981884054,18.395605311766225,6.907811345317365,0.4961144372956903
FaceForensics++/manipulated_sequences/Deepfakes/c40/videos/240_290.mp4,1,6.487480771431595,2.2859868606464735,0.6574703125467082,5.261795487564678,0.03573833735250885,0.19899872188598988,0.3068298762716144,0.04585707978150367,7.127843390280158,0.10000000000000002,810.520515252911,7.95437136888504,0.8343590533311792,0.04456863425212218,0.14180977138741588,6.396583647849837,4.909957764505563,2.9969394280390156,0.22517954084023015,19.6215245421869,0.057751838358257354,0.30928731936470144,0.9779521148519235,0.023537273184535207,0.7937884384132099,0.9748603671307974,3.4988466477533104,0.034071505069732666,0.0012336074141785502,0.20542946002045914,0.9978992534152517,0.007240319158881903,0.006593815982341766,0.005284074228256941,5.103301277375089,5.650714361057524,0.018037266935750352,0.9645393334310126,4.015517218854515,1.3686263758542807,0.5205264672150629,14.112254650185173,0.07595425738342196,78.0,200.0,0.5797606191209013,-0.14724662011224962,15.012247616427036,20.74859502173754,0.599788152566927
FaceForensics++/manipulated_sequences/Deepfakes/c40/videos/242_182.mp4,1,6.150149124726299,3.823734709576778,0.623813656197255,14.9824967148466,0.7651514953386995,0.2223756638942224,0.013934693191577429,0.0734418546390575,1.88032693438014,0.10000000000000002,752.3508612313572,3.3273247353732587,0.7634015318367012,0.408416322922548,0.3305691127694555,5.2134431008150885,3.952845906568037,1.5454977618724932,0.08097094067914698,20.683489877842494,0.016343763006137806,0.05777849311022076,0.9705570889266721,0.025890234103622237,0.8493378288192968,0.9772080587454205,3.7784959302277987,0.007975518703460693,7.405498035950586e-05,0.3099050901680921,0.9804430408761474,0.005064321681857109,0.004398205783218145,0.00656634708866477,4.420150468944129,1.934853310039068,0.01181277869855458,0.9849981028236908,1.7604319084448161,0.8556940549310003,0.6021576672028897,14.756267831478066,0.43311058660088864,0.0,0.0,0.5171943344348012,-0.0062397601100403835,17.495362387219373,14.307442057575384,0.8226211197998394
FaceForensics++/manipulated_sequences/Deepfakes/c40/videos/234_187.mp4,1,3.7480331618468865,1.6264104084203417,0.7133762680523282,2.6709933526043486,0.09311851681265926,0.15437896633423634,0.2930030101594324,0.06577688403684095,1.4024292215128598,0.10000000000000002,726.8519278550605,3.610899102687836,0.7311080152803331,0.05951881677730861,0.1642465509656648,5.925933143725657,3.7735357157074585,1.3197292659593283,-0.18806540085537787,8.173973503472304,0.015484836476306798,0.6913328386894311,0.9941968604661592,0.004370754345209725,0.9563537075863389,0.9799595981105998,3.7347630581549214,0.005502460990101099,1.8555025235400535e-05,0.3598356812395443,0.9760434814755612,0.004816514905542135,0.0038524402771145105,0.005826474167406559,1.6752187084142565,2.3993261851215553,0.014139724997298169,0.9594969056465111,0.7882427100752508,0.5988532000103014,0.378285301887468,34.30665867180213,0.14126616283353802,18.0,233.33333333333334,0.8694385370022448,-0.19882794341478083,16.045451609467875,6.843670804018685,0.8306554316988894
FaceForensics++/manipulated_sequences/Deepfakes/c40/videos/241_210.mp4,1,6.336630073388353,1.2664032655751747,0.7515860072318828,1.6172234839347763,0.01966599791265414,0.22982488859750316,0.1469470989874668,0.06201645735763032,4.334841706145558,0.10000000000000002,405.3316768042808,4.373135265849886,0.7699097612847468,0.18765014449169515,0.2595141587096783,5.773863098824172,3.5352416748955555,0.9894200953808094,0.060101574694231,1.8238825887371772,0.02045204466651725,0.33994889764478825,0.9831723192046933,0.01601995575689721,0.906504932507163,0.9673221545471945,3.90178625030752,0.008030540309846401,6.845013558631763e-05,0.43035151546090283,0.9960797004267629,0.006327040493488312,0.005617729853838682,0.00492243655025959,4.875705739282375,5.943069286848652,0.01685609628201364,0.9344991385724705,3.1491992858676974,1.1241457579961947,0.3688783991939367,57.593255764701574,0.4551159067872247,43.15068493150685,204.7619047619048,0.7246238888726366,-0.1632115429281447,18.104345477098068,11.214454020419526,0.6909966860626763
FaceForensics++/manipulated_sequences/Deepfakes/c40/videos/245_157.mp4,1,8.585477678185006,5.028283245133061,0.6345073331270873,25.877842482196844,0.2568572274539844,0.2891889504267207,0.09581756122989218,0.04739284116521218,6.59587735162787,0.10500000000000002,715.8096181133039,4.805346414446831,0.8206534962197429,0.2362976026384115,0.2728103374686986,5.173360051120803,3.7788938936390153,2.985743498714245,-0.1808164466268654,10.092457983393505,0.040959049707695754,0.28588150353059716,0.9755590003168358,0.02678271834770002,0.7070794735195077,0.9731682090842632,3.538874528180738,0.012715070508420467,0.00038254252285696566,0.39081335954085905,0.9930158706172082,0.005799632985144854,0.004639343358576298,0.005537227261811495,6.68769495225344,3.950310358240277,0.021433704562717523,0.9686389277813984,2.8807907869983276,0.9069593578682532,0.36284549897777285,58.9056777222449,0.40944594973782594,30.0,280.0,-0.3450905248126294,0.01104724837528724,13.321438795577276,25.842748165771834,0.8755407307377981
FaceForensics++/manipulated_sequences/Deepfakes/c40/videos/247_229.mp4,1,6.840503021806467,3.1453881589635015,0.6502743068368344,10.011666327076501,0.5244308285074846,0.2100520072480851,0.15010114667248486,0.07198116390432183,2.2550728293201794,0.10000000000000002,856.8487205939384,11.548014152050019,0.8060091255922701,0.03306305073780281,0.0962659112396881,6.2620272648303175,3.1259159881179652,0.24888158779407651,-0.30267421100116454,1.069768043474425,0.02112706675054519,0.4015576571816914,0.9879638131850268,0.010352096748385515,0.884638670917444,0.9898661937684442,3.7674347271447766,0.015092081390321255,0.0001495209289714694,0.43435338881350566,0.9945308952806484,0.011934700421988964,0.007318378426134586,0.013220046646893024,5.5608167087237526,7.178910265722539,0.012607055192995778,0.9764427222679828,1.6119421509197325,1.0788040699273473,0.5079396216300407,14.284367162286959,0.10687370597432998,20.0,240.0,0.8333941238884843,-0.11534988259224578,14.70992957809904,25.098553247852838,0.818676514568741
FaceForensics++/manipulated_sequences/Deepfakes/c40/videos/217_117.mp4,1,3.1519026127320258,1.202936770699482,0.7461362014416173,1.4812485850540935,0.2320691328040238,0.12631529636042077,0.13457258445218784,0.07740628039008142,1.6823011049796637,0.10000000000000002,617.4110276994395,5.846662211418152,0.2990840698421928,-0.0050497277606387095,0.020174379156638313,6.63733073698912,3.4259892810042305,2.2223448125601246,-0.10441715869610729,3.249798923549864,0.0011200511962880277,0.006162052483124862,0.9473963970229149,0.05068636313671954,0.5043445063678315,0.8756643295878717,3.7446051676479533,0.03338843211531639,0.0013403615448623896,0.5374229202825267,0.9983350600391762,0.010516260750591755,0.0077754538506269455,0.011625607497990131,5.182336496302145,7.175799654600781,0.01727831333174579,0.7774175817614442,2.923392276635906,2.0947535125175953,0.8081045600962278,13.904509026652645,0.5148237636534239,25.0,272.0,0.9115585307816882,-0.2836370788377374,18.45626118541411,7.579144040826146,0.19199359276211028
FaceForensics++/manipulated_sequences/Deepfakes/c40/videos/249_280.mp4,1,5.013946501007551,2.1515087044678554,0.7346681181877956,4.782871720585932,0.6287607722407845,0.18125199258749525,0.15421283524102797,0.0740329319980544,1.7338035048045444,0.10000000000000002,803.2512128848471,9.719723176956176,0.8703530156184316,0.03265827991337496,0.138735217358251,6.226060147110819,3.9002901765541935,3.1798755652335267,-0.677076056777376,2.2416489784813427,0.03594198857712485,0.4454773175515311,0.9716302710096055,0.03317615251104994,0.76812746030812,0.9872611864350684,3.187477467932046,0.026828428730368614,0.0005639318842440844,0.45845722229049957,0.9974206179581963,0.006863825023174286,0.005712775979191065,0.005681629292666912,6.433807873791254,6.721995716627298,0.013637873035966898,0.9692195453399554,3.3490312761287626,1.4873155368953184,0.6799072225660229,27.199324514809685,0.4245873075712911,60.0,173.33333333333331,0.4309455126778328,-0.07478684238987614,12.227952050662728,13.808280252833518,0.6258551748945337
FaceForensics++/manipulated_sequences/Deepfakes/c40/videos/252_266.mp4,1,3.317769255338466,2.05450864707426,0.6839595904983886,4.272931987092626,0.04719545047710432,0.14247981132824475,0.05243186234211279,0.052857061914879565,6.014660271500314,0.10000000000000002,1232.38927079358,5.25911545753479,0.8550539466250584,0.19356654765694792,0.22962141983334772,5.59850335647013,3.668485326221984,0.7840541134735909,-0.3658553281608269,4.655008073904439,0.06580196025683124,0.6031471898012596,0.9875068882789729,0.011600227534655377,0.9057435648975928,0.9674577003481587,3.3158523553486114,0.009428167715668678,7.758897845633328e-05,0.3144279280400319,0.9913517015157848,0.0060095228254795074,0.006081546191126108,0.004302123561501503,3.708770366548399,2.852367944252096,0.010802379583221475,0.9883569676800433,1.377893760451505,1.2212073136569137,0.7853361323793335,29.804289035734527,0.20495627313011938,0.0,0.0,0.07371124008986023,-0.06962314758663746,13.869776370685644,11.530529002815658,0.8199205936506375
FaceForensics++/manipulated_sequences/Deepfakes/c40/videos/223_586.mp4,1,13.687018179227655,1.3800036960180133,0.7437901182907456,1.9238129185489836,1.8044169416132756,0.30834043473025224,0.2549207351441456,0.09263250956163332,0.9850381160937527,0.10000000000000002,231.73918029149212,4.108266574144364,0.5906968485136669,0.09919439144614213,0.15216276692362588,5.820491315836136,6.248283969326132,2.270466943415309,0.42953247449005694,13.036393825736573,0.008861238762618254,0.07929550367148587,0.996844127374205,0.0036668077725420796,0.9515856771475671,0.9521294879513664,3.550827078360579,0.00518730329349637,1.9224953575758263e-05,0.4965420053869069,0.9924831678324247,0.004475667607039213,0.003284864593297243,0.005239611957222223,2.3174518007174245,3.054298727172705,0.02180959025463595,0.9794792300037385,1.5023287259615385,1.6759057820783523,0.3822025079636243,25.814179865634717,0.1837704223749407,0.0,0.0,0.8492770947308242,-0.21122298961949748,19.455896634781595,9.767925265079587,0.647256985953655
FaceForensics++/manipulated_sequences/Deepfakes/c40/videos/246_258.mp4,1,13.658295043941603,2.371146408191024,0.7022631541483947,5.726452391054425,0.2674090152462069,0.3508668046526098,0.16309212130309328,0.07118280789480017,2.2446545301752825,0.10000000000000002,243.62349347180322,4.262454155087471,0.750419125289455,0.17757871717831727,0.16702739454335547,5.70000322032466,3.228934451887545,2.2551122849878187,0.34159603891092305,2.696654919003223,0.017196646861347784,0.2889221869397086,0.992036826065826,0.007812077906566785,0.9474093745425416,0.9691177977873775,2.7933306522431227,0.011167921125888824,8.486123260809109e-05,0.44628228520666696,0.9938583376541869,0.004992109257727861,0.003515800926834345,0.004265788942575455,3.1065799306633015,2.917268649408419,0.019725250504791212,0.9931932138886208,1.6026991011705685,1.8981419830241448,0.5259436246918481,27.266175420699298,0.4527779397418188,0.0,0.0,0.5628596723678209,-0.12791337820022994,12.307401194091067,12.908666360157035,0.7864693027760048
FaceForensics++/manipulated_sequences/Deepfakes/c40/videos/257_420.mp4,1,4.692888085185929,3.1646826655966582,0.6179943404656385,10.189152149649734,0.39953294171152737,0.200317859430328,0.08715623141015436,0.06927980915654045,2.666063390583294,0.10000000000000002,662.4159502876632,5.406719267368317,0.8901113078708296,0.1363098468249368,0.26421987927424984,5.472226071718207,3.502133001255683,1.181704407363302,-0.6732326104484199,3.021972351325708,0.08544441588446881,0.19096177182381352,0.9908934912222128,0.010794516905599206,0.9114495297737454,0.982472766961326,3.0640938048634854,0.021320391446352005,0.0008236597641371191,0.32373097496234765,0.9950504692098567,0.0071542286314070225,0.007373359519988298,0.004526161123067141,3.2053566313804867,2.5718748456542073,0.014328807143291437,0.9819992795631651,2.02977045882107,1.0222535724619137,0.9118427673501568,43.52973672123572,0.4792616085407992,10.0,340.0,-0.10126311979107036,-0.028793796603048226,11.89594948334743,22.573494721447457,0.8436583382291957
FaceForensics++/manipulated_sequences/Deepfakes/c40/videos/248_232.mp4,1,4.508840792187074,2.587689694633843,0.6924193934166858,6.781576016538459,0.09389902586412704,0.17779689166885104,0.1301978079298504,0.059095144453778725,4.083293355145446,0.10000000000000002,610.816520637615,7.084064728021621,0.8730800497091991,0.05760722909808528,0.15980999574514268,5.955974557492243,4.374900858611308,1.7109024824433534,0.4236600552645614,6.1734608543510205,0.01450022247936321,0.1935499189345369,0.9806414952840394,0.026250141747376738,0.6332752298988374,0.9856442459391632,3.6064514309725513,0.016951559111475945,0.0005454053753055632,0.35884584637575984,0.9921054689512186,0.00580161577090621,0.005213683471083641,0.005471507553011179,2.695121898431981,3.8380514957757357,0.021623592656984315,0.9627917900281621,2.2296065008361206,1.080451303128638,0.4333637897982485,13.03623787638891,0.09348165705368153,30.0,120.0,0.6503589269292346,-0.1226556975123528,12.441164044033334,14.000809636999614,0.8463351664464435
FaceForensics++/manipulated_sequences/Deepfakes/c40/videos/250_461.mp4,1,6.371685087560192,1.6008908883880502,0.7268970645646717,2.6046254141978515,0.21342672955351846,0.21101082673393332,0.4198746793973858,0.07354456671286558,1.9301448311220644,0.10000000000000002,480.6266522890205,7.430683076381683,0.7878397435035109,0.06212709441619436,0.12759131918405908,5.906421745387136,3.3860464784750453,1.9087482800536386,0.38396577614016425,4.346569155139321,0.012587414828824186,0.053142588467999304,0.9940767501898738,0.005228096844873737,0.9612458094771262,0.970680787274239,3.6816020349689063,0.014088312163949013,0.00013160241360310465,0.49969819510961677,0.9950910084002902,0.00749129056930542,0.005937846843153238,0.005477894097566605,5.864313490358116,6.758004461321855,0.02067608639007635,0.9783751463388831,1.4814289820234114,1.4278327367380375,0.3773182998837957,14.476854950547931,0.3392380842384156,5.0,120.0,0.681736871422419,-0.1752950845673749,17.441633658885717,11.579656226108243,0.7253394422320343
FaceForensics++/manipulated_sequences/Deepfakes/c40/videos/259_345.mp4,1,3.4140442628129186,4.499268729896379,0.5826066097145708,20.511875185139647,0.7001835705698197,0.1486812851696767,0.2328464016181137,0.06230272084179237,4.732548384645641,0.10000000000000002,1601.0065359799974,4.298102078586817,0.8421755079035016,0.29554796496898866,0.4009570993057319,5.0774105318766685,5.295835154925395,3.1519165287856468,-0.03888583112784969,13.699373442542193,0.10184745044430972,0.4546369457083912,0.9893530407199294,0.014186824114840057,0.8135209643589943,0.954452299737039,3.891949767862477,0.013694529421627522,0.00024039152776822448,0.4183449230397931,0.9900353598011208,0.005924103315919638,0.005670774728059769,0.00476224347949028,5.910814875839331,3.402175120751342,0.01010939983578491,0.9806987531660928,2.1341646634615383,2.3959821168824393,0.8511969308457539,20.16301991431716,0.492681204482404,10.0,300.0,-0.0059653087035724025,-0.05096360609361284,10.503821415678745,27.33684823364018,0.8734846518626148
FaceForensics++/manipulated_sequences/Deepfakes/c40/videos/260_331.mp4,1,5.855004748147811,2.8922454596773486,0.6117365905018819,8.579611376595683,0.2849212594940959,0.2275796669337588,0.06597493263260103,0.06012925861726759,2.2077528824063153,0.10000000000000002,442.1921032392327,7.241248762607574,0.7703252934830352,0.10015110296931627,0.19806931598263056,5.9136296483629005,4.485518140570454,2.1144893835681042,-0.4470757680144242,5.527289822426194,0.02302290814267408,0.05325860792015791,0.9884840494576532,0.014278116156739852,0.8820596272943865,0.9751507959267468,3.2920135199991707,0.009949734434485435,0.0001649978366913274,0.15574400540548974,0.9962054709430429,0.008054914884269238,0.00572067778557539,0.005948713514953852,3.831844121423265,3.39285328025367,0.01613205186067053,0.9795804593739978,1.4194319607023411,1.4197776799753212,0.6420218133086859,11.871514231975624,0.4371692247765985,35.0,177.14285714285714,0.8506209573352037,-0.13353262860901552,9.110926223080094,18.932093728170177,0.7500906394035199
FaceForensics++/manipulated_sequences/Deepfakes/c40/videos/256_146.mp4,1,8.430897185353238,1.4703315456065058,0.7497480803551843,2.1899405545346626,0.9534545300787863,0.21023686843990325,0.028236626423898698,0.08407354808992362,1.1170905623755978,0.10000000000000002,657.0830627419939,4.279019469022751,0.6460392192595691,0.11352871422666659,0.1181723385803676,6.041306730580821,3.2912525003395925,1.177747777565668,0.13913099970023668,3.753520690293562,0.004988677111051546,1.229777528871968,0.9919524420692317,0.009196810306903953,0.9412904715302552,0.9712821882698719,3.2984426074230173,0.009649093262851238,0.00010495106835151091,0.26570011510162894,0.9883412686985571,0.006014069076627493,0.004995997995138168,0.00674153259024024,5.63696925359819,8.764856944609118,0.01875197000776607,0.9567293818708882,1.1701145746237458,1.5186779342166854,0.5924470859952811,27.51821710422035,0.5553586346101677,24.0,241.66666666666669,0.9107718421200386,-0.17140313900187817,18.204979831364927,8.418184268054205,0.6593213223080574
FaceForensics++/manipulated_sequences/Deepfakes/c40/videos/262_301.mp4,1,12.227835948064003,4.694497171912734,0.5920639039666196,22.363624623621224,0.6860403236739987,0.30723955533819597,0.09185040077303594,0.06152047435866782,2.9950466435715377,0.10000000000000002,683.3902676394513,7.348404759168625,0.8716997872212193,0.032479563274720104,0.17107681139119213,5.94758132097706,4.463804897237903,2.060373188833141,0.48162306511312714,6.492846611928406,0.02928100974785104,0.15411238088180168,0.9868617795767792,0.010394931848801485,0.9118360900417112,0.9713823243723035,3.4721274976292995,0.014551511965692043,0.00020596232207026333,0.3657012041938135,0.99132678150421,0.007936847396194935,0.004905734211206436,0.010268768295645714,3.690366833362494,4.652240301643953,0.012543605241896362,0.9807420627628015,2.763907033862876,2.3606883245782297,0.42674572975369074,9.479712613717485,0.49706379439202675,15.0,146.66666666666666,0.4597442845081137,-0.10305911640636375,10.820370043342528,24.73275516859877,0.8041946805500131
FaceForensics++/manipulated_sequences/Deepfakes/c40/videos/261_254.mp4,1,13.250021188897136,5.083428575970999,0.581880568973715,26.049686185807822,0.3251767035843981,0.3134501103657177,0.2887424641145149,0.04966314756588003,4.621234083925026,0.10000000000000002,822.6208555041716,5.330018448829651,0.8537371053140763,0.14520535495729933,0.227334235123754,5.940379833624714,3.7861985260437643,1.7653759438101384,0.671807273206152,17.768639330845378,0.018344543040826368,0.22174140391728744,0.9889226954698248,0.008149936333202846,0.9526615197532792,0.9774612604371476,3.64957784650163,0.01905689761042595,0.00036970354267396033,0.2332475638308514,0.9962062729411288,0.009405053220689297,0.00875554233789444,0.007360801100730896,3.6830380396595355,3.80351113766171,0.021469524547563186,0.9733998874128962,3.22315922867893,2.1624236464150712,0.49118994087911794,41.42700874718759,0.2515139919559855,0.0,0.0,-0.04400664341300658,-0.07078199231092425,10.56185379219263,33.0448456206057,0.7449135641708607
FaceForensics++/manipulated_sequences/Deepfakes/c40/videos/255_214.mp4,1,10.849306390741836,1.7199366631794042,0.733473594899759,2.9989917832043225,1.8399298317213841,0.25466769673982487,0.19265764259789595,0.08483601310989348,1.2764473415514903,0.10000000000000002,519.5086175579703,8.473896384239197,0.7729850169158589,0.04040250483508899,0.10153696415565983,6.11662776367204,4.4558625883544405,2.2725455404493484,0.07429920587848327,2.790625668301305,0.006906017811228122,0.05749966006170206,0.9829186753610607,0.021969889862032455,0.6982990189246598,0.9632626722661607,3.695824677157945,0.01084514893591404,0.0002086318127112463,0.43414229494998885,0.9950495469741519,0.006044451147317886,0.004046740476042032,0.006011064630001783,3.015419089571084,5.046812477158562,0.015170526163113124,0.9738331690860624,3.8950374947742477,1.3344549360079148,0.44414215075653096,18.460016600805076,0.5011810933754214,30.0,233.33333333333334,0.7288210248406259,-0.1793932515193883,17.340974816773322,7.894570705018963,0.629333445797989
FaceForensics++/manipulated_sequences/Deepfakes/c40/videos/253_183.mp4,1,12.322142869566783,1.0302323788506202,0.7645430492130674,1.0710433494685172,0.1556522676799797,0.2932050381771588,0.26690740595369766,0.06866747629095148,2.050099769340506,0.10000000000000002,396.1580781818985,2.8738671243190765,0.6517837079890272,0.06032362679096851,0.09172843712135573,5.980016301416417,3.5048830346057724,1.1721305519360412,0.24433016226391077,3.628223660986993,0.009736997413011027,0.532078625777851,0.9926867561676861,0.017439196971608024,0.7169545659930557,0.9081045754173869,3.809805989485666,0.010956458747386932,0.0009504190529696643,0.09628617507149484,0.9942720341957131,0.006508418824523687,0.004654956050217152,0.006003540940582752,8.035599569386404,3.7182380976327405,0.013813874408623562,0.9738954402433659,1.112601902173913,1.3768749146409105,0.34985239607070084,18.548896787034625,0.08238872519956265,48.0,154.16666666666666,0.5381417182371577,-0.1845849803807057,20.254089827306114,6.17946572818945,0.664329549982906
FaceForensics++/manipulated_sequences/Deepfakes/c40/videos/264_271.mp4,1,10.540523136262873,5.4705801257019155,0.652853607243413,30.393226955735088,0.23998604757692205,0.2899177688288447,0.014262423993668855,0.04898550733677997,5.9838206412975055,0.10000000000000002,875.96806579078,4.0739640414714815,0.7703326614303467,0.26497531454953904,0.30467701822357407,5.123927423925701,3.7899791677784527,1.8870633739112022,0.20843971577537468,2.9860938131328147,0.059206017678478884,0.5364309504507883,0.9869491922207148,0.016128797218401623,0.8031283817198945,0.9857022426650363,3.137832921813241,0.008362901397049427,0.00010914467566180974,0.47781336896472726,0.9936742924380413,0.005732993129640818,0.006193799898028374,0.005801293067634106,2.6791772999065993,3.630607500165265,0.01788680111223623,0.9892712464668362,3.661351640886288,1.1008378252489235,0.6972982896561266,18.24117813071888,0.49671796148494235,30.0,206.66666666666669,0.4571491911522916,-0.07403853177041345,11.695602864821481,36.08085635826331,0.8366030106831623
FaceForensics++/manipulated_sequences/Deepfakes/c40/videos/269_268.mp4,1,7.70625589506316,3.5280677677661343,0.6584275229393173,12.773531321790118,0.13418572582915636,0.32015339822699385,0.05261457258432323,0.04167894792223417,5.577892971599442,0.10000000000000002,574.633100120024,5.148333185911179,0.8588195095378529,0.23237648337656053,0.29056519873078174,5.404515073270213,3.928730056605635,2.5289182680943987,-0.48188383730261697,9.417357800544616,0.03842418917149268,0.16468319290295141,0.9866178793154688,0.015098674265903457,0.9105007774783317,0.9808582548335053,3.191622921552862,0.01184192206710577,0.00018448266200721264,0.5066209268802785,0.9950378683630484,0.00725706247612834,0.006815711967647076,0.007291845977306366,5.017330273272231,6.362659052434007,0.08353351821933608,0.9505135764033747,2.4415042328595318,1.2390111053116437,0.6256040140118835,20.825053246742325,0.5841017872121755,36.0,194.44444444444446,-0.07618647121571114,-0.028817006957053467,18.18954860801365,26.722549837498992,0.8469172418720398
FaceForensics++/manipulated_sequences/Deepfakes/c40/videos/266_252.mp4,1,6.891235946178273,2.8742164148744487,0.6282875930581231,8.346737701387504,0.3049770636603935,0.26842294689280866,0.052604145489941245,0.06587396611680747,3.2432012619289443,0.10000000000000002,526.5919448181216,3.282218563556671,0.8371620461027727,0.27023056004118595,0.37486637303920517,4.904868418160704,3.3963386102031925,0.6951862277879781,0.6227269885146272,5.004210296202924,0.11165185313669893,0.2954893975497987,0.9848172504846194,0.015194850754545908,0.8889184405878265,0.9912416371650088,2.5574231492065587,0.0060587734915316105,3.1627419957658276e-05,0.3470527367342205,0.9861973303095427,0.0026751216500997543,0.002527299802750349,0.0018269662978127599,2.612052829217685,2.33725594930444,0.01546815891054006,0.9669399446986263,1.4690145537207357,0.7291549157991756,0.4653674929886451,94.4972493447528,0.5719150033493153,15.0,360.0,0.2885856767389736,-0.09015989761962923,10.016478158294323,18.898605885050245,0.8089621678223644
FaceForensics++/manipulated_sequences/Deepfakes/c40/videos/268_269.mp4,1,2.7078179181205506,3.123157938173727,0.6060943628265939,9.865893830352613,0.20391820439289812,0.1374450292389478,0.08902376000614813,0.05798486728168819,3.8534158067848914,0.10000000000000002,1419.2100155444382,6.377237015962601,0.7927248088067431,0.09793324807220201,0.16911088198125648,6.0859175498483005,2.6596632501149924,1.366201653752179,-0.4399104981417903,3.1136016568360994,0.059871650043045024,0.9552544765756622,0.9496029712646566,0.04197133362530584,0.7609892464268795,0.9223034316171659,3.228820836852996,0.025684520602226257,0.0007792683900333941,0.19606624730563357,0.9956848263670239,0.0065267495810985565,0.005889325402677059,0.004837358370423317,2.996043969778957,1.604333151628518,0.0072097339530086514,0.9489892919528775,3.2220912155100336,0.9384682702895898,0.8666242550414222,36.67471469943521,0.009601480941848475,12.0,133.33333333333334,0.6753993833281089,-0.08304358564431336,12.584698818100279,27.770952684232462,0.7484871765426341
FaceForensics++/manipulated_sequences/Deepfakes/c40/videos/258_246.mp4,1,11.693189536999192,2.073330352765941,0.7242273367610883,4.388624896340287,0.051976705367558905,0.3012730090669243,0.09299323466509826,0.055945648719011,4.986299955213951,0.10000000000000002,424.13891292921545,8.833242404460908,0.7963969135549869,0.033850665588756254,0.08910477374319459,6.010122977116577,3.5066149459984306,2.415237680653908,-0.35595469950432157,10.17330380859437,0.019468356274622785,0.07411531461023352,0.9884183061016883,0.01023820191908514,0.9279699090953111,0.9650190904960063,3.598848621716641,0.0290740504860878,0.0010258975671604276,0.3478802073484071,0.9900017918561506,0.006165687460452318,0.006197846028953791,0.005177362356334925,2.964818774746964,3.378627365050858,0.014961042781847844,0.9700618575197365,1.982098531563545,1.654609226010184,0.7108908301621235,31.491607164470494,0.4978250107374347,36.0,211.11111111111111,0.5341297046050146,-0.12670352046185615,14.634336369540046,13.238272851154004,0.731034205362803
FaceForensics++/manipulated_sequences/Deepfakes/c40/videos/270_297.mp4,1,5.967505214083725,2.4421248402771734,0.6290117370314796,6.035657800851995,0.29968881728341396,0.1978943596600077,0.20117812806669674,0.06827798170792279,2.4570105002917577,0.10000000000000002,1013.0040628190736,5.124201172590256,0.8473134347615284,0.24521211518378735,0.27389281831685475,5.9137764884673505,4.104364308320779,1.9972168608421488,0.35512872062892686,7.375360757788149,0.07250721306433786,1.7078036111106132,0.9881580626129777,0.009452220269907597,0.9182591404709852,0.9578487347680918,3.265263309131907,0.008660209365189075,6.872126687085256e-05,0.4538911233577274,0.9930472807596737,0.005231969058513641,0.006725334096699953,0.0035556904040277004,2.982410771877798,3.4577282866491577,0.01772147090414491,0.9803267179775512,1.8948251985785953,1.2064092391956975,0.5912541137212726,55.052961330957764,0.09794318647183974,0.0,0.0,-0.10566692864389332,-0.12861604748967978,13.895293381322636,20.94451063900171,0.7467851257597159
FaceForensics++/manipulated_sequences/Deepfakes/c40/videos/271_264.mp4,1,13.394154398097516,5.031106251888948,0.6066587788310145,25.735900147479725,0.2743684737806153,0.3135360823505318,0.02356479502722996,0.04797487505773555,7.141612518884538,0.11000000000000003,862.2002236773393,5.865666109323501,0.9034074989016174,0.2520228022945226,0.1676292369459082,5.243889376598543,4.86106928947318,1.8129325230501794,-0.047585621251030386,15.100093830264973,0.08126949918196719,0.2894755424003311,0.9938941438622714,0.003978682926927184,0.9766821897726556,0.9636834689595007,3.7596207455714885,0.012076792307198048,0.00012675281323026866,0.2630982044675246,0.9875927675593316,0.004879761021584272,0.005155578721314669,0.0049504246562719345,1.977467898290007,2.768734607200476,0.012275531105714553,0.980699440501072,2.4553688074832776,1.0771134762317596,0.8312495591935901,33.542632647752605,0.006394157011807048,42.0,166.66666666666666,0.47101669251486356,-0.004580840303123376,11.950805695194298,23.154578851844686,0.7852822918922598
FaceForensics++/manipulated_sequences/Deepfakes/c40/videos/263_284.mp4,1,8.725528201056104,1.174197440323813,0.7485254094364656,1.3874583558415394,0.07122667954654224,0.22765679425920507,0.22854399721918703,0.08545208613857064,1.610520897589442,0.10000000000000002,224.95079515011065,4.916159093379974,0.4927863556688162,0.03725796350848566,0.08075280926826184,6.269683365116594,3.2798006776136734,1.5119644000409802,-0.23988822744798263,2.775395094538306,0.004335113056287146,0.00479365733129429,0.9920648068367236,0.012335860084262847,0.8824950703552096,0.923762469041851,2.7727501204534146,0.005517628975212574,4.137039286433719e-05,0.2328537173372035,0.993105549885246,0.005028645973652601,0.005096633918583393,0.003275678027421236,3.130893220201072,5.177981993964186,0.019648945976728043,0.8556432614451804,1.6686317673494984,2.0599925282498446,0.6885822134750379,19.226247247750653,0.20723441154264444,0.0,0.0,0.6462056392485419,-0.2705353368083801,15.783135162617492,5.031877558769251,0.41167488943004465
FaceForensics++/manipulated_sequences/Deepfakes/c40/videos/244_822.mp4,1,6.228076246304258,1.8525292935811308,0.7123109787472269,3.464019428359991,0.13471741392370182,0.20767287964688103,0.26040018954059346,0.045659139089100007,2.8222296173367383,0.10000000000000002,394.9589556082275,7.310428309440613,0.6572689142125359,0.013438202662763849,0.05862510551462299,6.190618012853929,3.9331129382692844,3.635235596276816,-0.012677626890015503,3.982781551369212,0.013128202741852705,0.22323773341827644,0.9872732981251876,0.010927552361797982,0.9139728457940977,0.9780255696177245,3.735596123906021,0.010923800989985466,6.850919453427196e-05,0.5111346617386783,0.9931026659597172,0.006239293608814478,0.0048824939876794815,0.006926901638507843,3.4572312330212926,4.35225521891547,0.013021007449313818,0.9545146525706723,1.6947017401755853,1.3589738824261073,0.5378973658460151,13.038734535080575,0.3283800283155277,15.0,253.33333333333334,0.9387241094054073,-0.2179736854144112,17.160084982768634,11.514409473665504,0.6269196995289466
FaceForensics++/manipulated_sequences/Deepfakes/c40/videos/275_887.mp4,1,18.501483327367648,1.6421197833685532,0.685881978089446,2.7209023114149296,3.0834893686871956,0.36262158785171994,0.36834487116787235,0.0876138155876687,1.3695888562227343,0.10000000000000002,366.45024410331916,6.789007717370987,0.6972973757601505,0.052655321896841314,0.09399433298100464,6.123508173365787,3.568953492902562,1.5282975051213734,0.13299169005426106,3.6771585388211263,0.004601480700665102,0.09295375806715979,0.9949564959787894,0.004460584318644877,0.9671389475995101,0.9719874718580798,3.1820996798865213,0.007471428252756596,4.545455158222467e-05,0.2896770522013288,0.9926875387562867,0.0034937988966703415,0.002466936595737934,0.0030096936970949173,5.2296862898481615,6.059974205413744,0.017742321432158665,0.9780397674168848,2.2384184260033444,2.0173689276487883,0.36523970577303677,11.573940253261627,0.18158986554738263,0.0,0.0,0.2819953467055304,-0.17817810251982538,15.639960020408932,8.127010923217775,0.6448800578776486
FaceForensics++/manipulated_sequences/Deepfakes/c40/videos/267_286.mp4,1,4.600329547300708,2.158234655964549,0.7310297481753947,4.714268515696164,0.11228885134698272,0.1637242902455721,0.32318093270513465,0.07357176278714625,1.6639525723667936,0.10000000000000002,589.2287778834582,6.825544935464859,0.7551704180750496,0.04861885215009068,0.19333409660081638,6.181451404497673,5.522200094835742,4.839122328409608,-0.45497578327769816,10.566697974087871,0.007868905895746046,11.51240885242442,0.9906338079320645,0.007036886666288628,0.961485581306073,0.9876238274615048,3.384652945206792,0.0075278691947460175,2.900582148868125e-05,0.5541945645175609,0.99478079108619,0.004189027938991785,0.0040196869522333145,0.0037211000453680754,6.063802237018257,5.283374017321462,0.01633898223545933,0.9734670123475233,0.5768610211120402,1.0197540391467725,0.27349965816227806,59.883470650193864,0.09011829881842438,36.0,166.66666666666666,0.8698578017637953,-0.2304142128905218,18.417353599936963,6.917986880773622,0.6993878546335931
FaceForensics++/manipulated_sequences/Deepfakes/c40/videos/276_185.mp4,1,10.262154742203572,2.062148184928555,0.63775532440097,4.29718041400171,0.11642378523090247,0.27178313269662097,0.2775020679352911,0.06963055337503982,3.226515552725168,0.10000000000000002,611.3172922063706,5.542984616756439,0.8505510669278695,0.0900997135679559,0.22193198804437697,5.683299276166007,3.7585446769727824,1.550808868709571,0.3290244726946858,3.3943636632013026,0.028119058251282903,0.38231572727659263,0.9938963934707392,0.005018047799317978,0.9653356115087125,0.9875314943512575,3.280696167912846,0.0069160060957074165,3.861229197354987e-05,0.49238115911667807,0.9934550550444928,0.004711616318672895,0.004073937423527241,0.004124727100133896,1.763386036478497,2.1606926212660515,0.011086342239425772,0.9924814622365132,1.6049788357023411,0.9063167415612341,0.4901363601585097,27.277124376298275,3.0077330256024954e-11,20.0,210.0,0.5128905379443192,-0.15163395647108507,12.929614550856249,12.134520951223307,0.7954024752514407
FaceForensics++/manipulated_sequences/Deepfakes/c40/videos/278_306.mp4,1,6.3807465702214206,4.0823562883327495,0.6273260423637744,17.21801808118834,0.18672920984680044,0.23075434139304027,0.08653244156914584,0.05410308526517521,5.580805126649325,0.10000000000000002,1045.1295658865924,3.8703400559723375,0.7182230177739463,0.3408485138080108,0.3661548571770204,4.804891397139956,4.109932389306673,2.565100187475596,-0.5921636776037218,3.0114949766172985,0.06453335529542083,0.2598223232551092,0.9827120996829598,0.024178753554648116,0.7687348028752007,0.9841330293631737,3.571072860979342,0.011682783253490925,0.00023264228366315365,0.3939331374636195,0.9960948059032511,0.0076109603978693485,0.008657573722302914,0.0047951797023415565,6.191397274124923,2.5361161724199834,0.023914609982172617,0.982278021456657,1.8490639370819397,0.8988764604676943,0.7173913118670718,31.26685310662463,0.5155840862727473,25.0,224.0,0.7153375802851114,-0.021913394934256755,11.572195751517972,37.219729582483325,0.8895224271626296
FaceForensics++/manipulated_sequences/Deepfakes/c40/videos/251_375.mp4,1,19.27347977867541,1.6765856917666384,0.7273300207526053,2.8600172984752446,0.7827530962607245,0.4456561197921812,0.07841287948543682,0.08208229874534534,1.548446899011162,0.10000000000000002,158.00863951365994,4.863330358266831,0.7420066937144555,0.12586963633481052,0.19452429294008164,5.957212713897799,4.251420829267019,3.5721470726643525,-0.35972874459631987,10.781741569528164,0.01129229479167323,0.04940421475450705,0.9889317258328393,0.010511500499998832,0.9205150602184562,0.9719919662315905,3.880161554385635,0.009981703013181686,0.00012369826436042786,0.219720215164737,0.985859289892697,0.005366405472159386,0.0048843128606677055,0.004551670514047146,2.7314206759214206,3.949012543610474,0.025300909726378593,0.967032443098675,2.851451452759197,2.0365732676080874,0.5919769050391188,31.676234501056886,0.3107607372825942,0.0,0.0,0.5691793049096273,-0.17797880489279508,18.433054914255347,6.253275648907989,0.6811709324528225
FaceForensics++/manipulated_sequences/Deepfakes/c40/videos/279_298.mp4,1,5.417563405119312,3.1908962978728646,0.6472575208091441,10.559042652878452,0.08422041890813013,0.23420202156250416,0.1539481417746103,0.04011881715904433,6.9129015702102565,0.10000000000000002,658.5373248353769,10.475309753417969,0.8198097805402063,0.033339491450788385,0.10598393209820896,6.339648276656383,3.4585768114278115,1.963053732455951,0.5178595531242258,4.714912122804967,0.027656546815186384,0.2995731743345496,0.8875739424805202,0.09694516153018252,0.4740345205520964,0.9617965961915732,3.938387332332283,0.025632251054048538,0.0010006335796788335,0.49457571443663084,0.9981101464447669,0.018938060849905014,0.013325265608727932,0.010210969485342503,10.385516160099508,4.116783062554851,0.03284087151161816,0.9701517628724313,2.778199466973244,1.4925625236070637,0.8117689465351916,8.669448118354643,0.4590755110643938,66.0,215.15151515151518,0.010938757550000847,-0.08170945001512292,11.744506565441933,37.64563140071403,0.660256752129376
FaceForensics++/manipulated_sequences/Deepfakes/c40/videos/272_396.mp4,1,11.620110265798667,2.2519895814612765,0.7143317425521467,5.114271243232481,0.3080829612770929,0.3051483020197812,0.09568157703839174,0.07162954145256911,2.4719266166714275,0.10000000000000002,423.78191615168646,8.27090219259262,0.8328999255811071,0.11153148568621227,0.16928158841752178,5.903064539644756,2.3800913232655856,0.6646143974405522,-0.40336520364756245,1.8211762853846332,0.042788296998260485,0.2196358425873881,0.9926247403188473,0.008931424792990235,0.8846395923644633,0.987669603712447,3.4721280415762155,0.009499454870820045,7.086277037160471e-05,0.4520965936298592,0.9932086227919411,0.005290007684379816,0.005845458712428808,0.004612809978425503,3.69372399903365,4.506039677204073,0.022650379950610804,0.987367863885022,1.7403617527173914,0.9081971813245894,0.6674558741114782,43.2656852859117,0.4089567560737588,66.0,160.60606060606062,0.29486036017351924,-0.09774223564605126,13.498372081483621,14.124112279014183,0.7791770139339056
FaceForensics++/manipulated_sequences/Deepfakes/c40/videos/283_313.mp4,1,4.170886843337451,2.689620818291278,0.6147405998052695,7.293904493901844,0.21820960902557954,0.16498825854093682,0.09463633395601695,0.06482827900255206,3.4690461799595935,0.10000000000000002,1486.8054303982578,9.428771287202835,0.8537453422944339,0.012926060257590676,0.09491038823280619,6.401113929092836,3.4750916333265587,2.4239560204395887,0.3219280404470629,2.9283398494079336,0.06347971102500571,1.2611568305466123,0.9623085099180745,0.0361903980979308,0.7280440194021949,0.9773083249909457,3.909661091267413,0.022286804392933846,0.00028711443883366883,0.39293867182747916,0.9972124504409822,0.0064852796494960785,0.0052158161997795105,0.009002749808132648,1.3701707202430768,2.2066429247708332,0.015710984482706823,0.9814124749605624,3.330378605769231,0.9713558211734519,0.5008465514355993,73.215048407069,0.3301747989405727,18.0,177.7777777777778,0.5159869776622209,-0.22166408471109914,14.677242407526789,28.161943822153493,0.6991651919144218
FaceForensics++/manipulated_sequences/Deepfakes/c40/videos/280_249.mp4,1,7.4657428105906005,1.6781329473002427,0.7190221911420953,2.845002981623227,0.5251843854112297,0.2592330557900976,0.07372611222270974,0.08437088507675893,1.3743554824912052,0.10000000000000002,410.2388528592561,9.284887087345123,0.8042463243575094,0.03386563073582793,0.052145427603934986,6.376685750201379,4.3014893030039065,2.2770977021088847,-0.2335089008820596,7.665483365309245,0.013273620843664225,0.022737116598517057,0.9792533549676815,0.021144292709874977,0.8731422565509958,0.9779756033451892,3.730173631991227,0.0237992312759161,0.0005001987447030842,0.4441322701101141,0.9973984233834694,0.010240491479635239,0.010725135914981365,0.008173095062375069,5.201198740211657,3.2948934739302205,0.026347131201247175,0.9266616383210436,2.9205228365384617,2.90915988257261,0.5445417894519267,35.406600476034505,0.5241013521979154,48.0,229.16666666666669,0.45472227156919764,-0.1765489902847853,16.571620315386173,13.40875942100553,0.5998667796775503
FaceForensics++/manipulated_sequences/Deepfakes/c40/videos/273_807.mp4,1,6.245063273590068,1.1650686838701545,0.7495563535748933,1.3655229833064209,0.02446999779815848,0.22947597584141274,0.2102078378306696,0.05943849224394371,2.9684779824219825,0.10000000000000002,338.4875473660963,5.791048693656921,0.7105929429890996,0.03931660127783842,0.08160053360209261,6.157124548778889,3.75370317022566,3.0197364935222684,0.38956096784096383,3.0856754534226774,0.008800163430847533,0.20579124945327612,0.9817200562598254,0.02047529862371853,0.8028235989831375,0.9756244599336473,3.472363910019233,0.00994295533746481,8.766179962549359e-05,0.5224392973594191,0.9930250158068761,0.00602302560582757,0.004897571634501219,0.005046017933636904,1.3778937202582906,2.9067336772372636,0.0066204789284987475,0.9883792770281484,1.7159705528846154,1.020869531777134,0.5918125300138424,17.684689783464993,0.5257932469667492,18.0,244.44444444444446,0.5845288717495736,-0.19839409249862952,18.6470534532256,10.089152910241694,0.6307270846663633
FaceForensics++/manipulated_sequences/Deepfakes/c40/videos/274_412.mp4,1,12.210919430379771,1.6451015021825135,0.7386111064314788,2.7166035013926253,0.07287735246002983,0.33109589695115027,0.018429939711431052,0.06944702787091861,3.623234913677822,0.10000000000000002,331.8229953284863,3.710545524954796,0.6044199826823973,0.2453962316783197,0.27224847482203823,5.875071697340043,3.8930359647830706,2.4921197946269125,0.42197239745645604,4.250074339500476,0.022145891374211867,0.5383199760901355,0.9885310647120394,0.012127733565311818,0.9260675406162151,0.9353565473224565,3.920784644127992,0.00969878863543272,0.00010257573012495413,0.41146481987468086,0.9938237038359369,0.006641586776822805,0.005219723097980022,0.005717666354030371,2.9101914220204774,10.596134311165773,0.03294839484322614,0.9548804942258948,1.33112654159699,2.148340266361942,0.5059269344708281,16.72848384736602,0.15683988067906704,12.0,150.0,0.6958335238885334,-0.14753887838812588,16.671182954156635,11.611408047033718,0.6840886912319296
FaceForensics++/manipulated_sequences/Deepfakes/c40/videos/277_335.mp4,1,4.314917134094182,1.2396020781329171,0.7369476733426733,1.5469453313942418,0.20413941492839988,0.19288685698400734,0.0458240862181669,0.07683072814989785,2.8339986696071735,0.10000000000000002,314.86567119187526,4.8359140157699585,0.5949459220189214,0.037645516498739276,0.07154960845124822,6.545365216272384,4.24273386027199,1.67730425696919,0.5701967077548957,1.364008735564923,0.0026419938110333304,0.04139202067609318,0.9519107858377329,0.03757184779443731,0.7763205275019549,0.9711033952189416,3.5934271769711237,0.01897898130118847,0.0003907180216629058,0.28567782279362064,0.9969242343408965,0.006818048190325499,0.006988829001784325,0.0036080037243664265,1.572085003582322,2.2514136674156684,0.007782504324342397,0.9278716694836185,3.383217495819398,0.947026849674777,0.6912884239567745,47.344333656034465,0.5838870001143459,12.0,166.66666666666669,0.6919924853247654,-0.2722500130573466,25.58717524971008,13.273621804175905,0.40647208051783645
FaceForensics++/manipulated_sequences/Deepfakes/c40/videos/288_321.mp4,1,13.966698987261221,4.107860058794634,0.5961603124107276,17.101438245238846,0.5386827916532273,0.31227888304576185,0.1303208621815602,0.06406086680796894,3.0318235675686545,0.10000000000000002,554.5788420990353,5.6018950819969175,0.8628197117941767,0.22346366152197644,0.2756561586872774,5.147664504570297,3.3230509248181876,1.9013933244943326,-0.38352195556473223,4.781277904757043,0.06164933587304747,0.3629625441278452,0.9945765416795295,0.005575088169015474,0.9607963312236081,0.9919304024566062,3.55930337955544,0.01146726869046688,0.00013783163740299642,0.2905303830057364,0.9871891424600995,0.007839814759790897,0.00961182452738285,0.0069419643841683865,3.972985135355217,2.869568342985012,0.012635356000521627,0.9928848411056396,2.9306085388795986,1.1627004362655453,0.5311179800686603,39.01876247941095,9.71485136780359e-11,35.0,240.0,0.3064707680855299,0.008378974611650124,12.434357275144382,22.374460008416577,0.8191741472208617
FaceForensics++/manipulated_sequences/Deepfakes/c40/videos/289_228.mp4,1,1.7983320213981506,2.6214563053687496,0.6020986376021902,6.922953156883582,0.11252882026899602,0.11779969838035112,0.17928655219787795,0.057438651432214036,4.155698921104975,0.10000000000000002,665.2980511669668,3.085916194319725,0.8447877386888891,0.27267247809220146,0.28617330416221476,5.125152976080365,4.306791215432792,2.4255936721748297,-0.006544275021638605,7.022683244715203,0.005018790162453635,0.025634125080646105,0.9934845563318158,0.007250926984731079,0.9291164532309757,0.9897680970020996,3.3034067785667953,0.005485910456627607,3.4368269552942365e-05,0.3689145821070549,0.9922923182457735,0.005351135972887278,0.00441201776266098,0.004803584888577461,2.583216474696521,1.6326160920331088,0.009477089967092744,0.9918626466693422,0.8444750731605352,0.7646240881545379,0.39769813974525836,45.2435453787807,0.3619418288987118,0.0,0.0,0.11984412784909566,-0.10074631899107409,11.768805621053797,11.127268450552009,0.8227011453052512
FaceForensics++/manipulated_sequences/Deepfakes/c40/videos/290_240.mp4,1,8.779412721335381,4.950295233920455,0.6076014375916063,24.95024735260108,0.1412424730721888,0.25061204565279965,0.20951218378642772,0.04212206176428132,7.796432495597331,0.10000000000000002,721.778238625817,3.9853713154792785,0.7995413406147736,0.09050762985704282,0.1865243752866461,5.364596950632853,3.0746191674568686,1.2044283051120634,0.09064585691009924,3.045349583956523,0.0056400415571084776,0.7609566847031675,0.9903375302445799,0.008283315568242631,0.9361363528721393,0.9921641223088539,3.759985683648545,0.013135173358023167,0.0001839354372350499,0.318755903168372,0.9919642561054356,0.005778534337878227,0.006100520491600037,0.004602897446602583,3.110793013289922,3.179886979925014,0.012061940129985063,0.9811786083852817,2.5866233800167224,1.2097359058566277,0.8306812728539197,51.26082933773924,0.1521604192868007,54.0,151.85185185185185,0.687640849328894,-0.05334185403193925,8.983391228439462,26.19283510575547,0.7804903118613825
FaceForensics++/manipulated_sequences/Deepfakes/c40/videos/285_136.mp4,1,6.1079428981982815,1.8337546861465328,0.7364244348571977,3.40753348770549,0.4687307868367868,0.2040590402494064,0.308950698218757,0.07895113775396412,1.705864467028243,0.10000000000000002,644.9695876943513,10.2745112657547,0.7975625810160233,0.05166964425017389,0.07859040885448153,6.029286973358986,4.821617985794063,2.4894810440291977,-0.004821587962286601,25.650352072725777,0.016794408122965298,0.09969130917687961,0.9858543327693968,0.011762638537417913,0.919199128847806,0.9834315693420449,3.3236840045266196,0.011674441397190094,7.772020762786269e-05,0.4883007049411901,0.9939556571516616,0.00789052713662386,0.007859067991375923,0.007009245455265045,6.034713118345959,4.506053536347263,0.016703299945186944,0.9807087609714845,1.948849681229097,1.0694405891652257,0.5813963493158818,12.207092248002397,0.5504095270000441,6.0,133.33333333333334,0.7839554668754849,-0.10851208624071747,17.554493289790184,11.518123544920867,0.7529918664226474
FaceForensics++/manipulated_sequences/Deepfakes/c40/videos/293_296.mp4,1,7.873525151132111,2.5370861743510207,0.6397891951619323,6.513478531450299,0.16959732527650773,0.2514019241129023,0.12686976902769698,0.05741933705591061,4.395386158925736,0.10000000000000002,735.4277911399779,10.828892827033997,0.8184431521455053,0.02758393115049387,0.08549800137859226,6.437524649050351,3.5937152186155354,2.1820880663329407,0.36122885092058066,2.539679519124002,0.032164787416700556,0.17824468456986767,0.980816688373997,0.013685780195293217,0.8988076089630632,0.984854632649164,4.00457165032036,0.027838310226798058,0.0004636267258320004,0.4914815001656925,0.9977584634719384,0.005452468525618315,0.004417299292981625,0.00632410729303956,1.4543032129848457,3.1319467243542722,0.01101285496293131,0.9763093953306144,2.7717260660535117,1.280021323346957,0.5039284510643605,20.476225310314145,0.14384528615043882,25.0,296.0,0.31526262539962396,-0.15374172478330853,17.350008284115905,20.42314844976534,0.6887985247429002
FaceForensics++/manipulated_sequences/Deepfakes/c40/videos/286_267.mp4,1,4.629095859985048,1.0921325653018015,0.749560131920048,1.2004740287541362,0.1395784885023015,0.21356017181452702,0.18018393540849165,0.08047577533710186,1.8330341404820725,0.10000000000000002,237.9084932669495,6.118203857541085,0.6993346099556933,0.15624175589314368,0.2344194825243345,6.097001128381777,3.321705758255613,2.1553853538962406,0.033488456499663775,3.7205838402317095,0.029677558965027967,0.8723463664644734,0.98696837634444,0.013532948027847274,0.8884619399291698,0.9657500135637342,3.2052663931601026,0.009389673359692097,7.042403012746945e-05,0.36135237543779697,0.9952923637990824,0.004305795766413212,0.002937936456874013,0.0038727116771042347,1.7447735076994977,1.5133838897487002,0.009261001313870861,0.9487524934935148,0.5492951766304348,0.6159169694160807,0.4696158403361449,111.91153727240238,0.7784013773733592,0.0,0.0,-0.11303771237498106,-0.22773892976036514,14.373404218292416,7.15643517555517,0.7320619336502804
FaceForensics++/manipulated_sequences/Deepfakes/c40/videos/287_426.mp4,1,11.188490609186811,1.2271936464587103,0.7468263279828685,1.5167541417253587,0.585778003560838,0.26995629782178604,0.01813146938014448,0.09213490867216077,1.1739847678977342,0.10000000000000002,263.02165685292834,6.013069021701813,0.4581332636386297,0.01128430196962268,0.02720042635566959,6.413951612578498,4.803753761138727,2.581658656569751,0.259235621391986,3.1102055158394815,0.005027064568475144,2.3181197179094197,0.9861700466481421,0.011658878104284068,0.9083812079244273,0.9713078145296029,3.624333083913252,0.008980688638985157,4.0016762795858085e-05,0.4952050846028326,0.9960820646948255,0.006017753388732672,0.005239665042608976,0.005785755813121796,1.5629263784442051,6.0934653261050835,0.02992800650983049,0.926039587462956,2.4027095526755855,1.8683833797892033,0.44350256832734003,11.3053955091269,0.5611754476919042,12.0,133.33333333333334,0.661828106651675,-0.273558644326972,20.29531068140458,6.6869967693967425,0.29569820968744126
FaceForensics++/manipulated_sequences/Deepfakes/c40/videos/265_475.mp4,1,2.8275569762634403,0.9523926380592449,0.760974857278833,0.9125041044450232,0.523125889552556,0.13709522002073082,0.20937229295676335,0.09435067402854887,0.9228139134204616,0.10000000000000002,362.3336240912515,4.081018030643463,0.38876854166108205,0.01044804897531851,0.026191564932537208,6.454450235995098,3.3191745130059878,1.484393151914595,-0.2294852381968646,3.0251513345114525,0.0018321982543555927,0.0030098458432674634,0.9713476893620642,0.02333186186700111,0.7738432368706486,0.8684872285706916,3.463274888284361,0.0110545102506876,7.232257485156879e-05,0.30981603545604924,0.9927718863415602,0.005233060102909803,0.004236138425767422,0.005728415213525295,3.122446405277103,6.304424935991227,0.026841520135337412,0.8333504004471921,2.903261522784281,1.5663050286666882,0.5431250627804567,13.139520186215117,0.17833894269999315,10.0,140.0,0.8663667157377363,-0.29692562440629566,26.3228116176969,5.8725279111858315,0.321119353451018
FaceForensics++/manipulated_sequences/Deepfakes/c40/videos/296_293.mp4,1,10.730501597108743,2.451533131815943,0.6288411543350559,6.098438335696356,0.22290835076566218,0.3286880402492175,0.20882680261294326,0.06195550537853526,2.5296006534720736,0.10000000000000002,315.34760363238644,4.246783530712127,0.8283313689660871,0.22602216030866712,0.230389326031097,5.446745529647252,4.109662463169122,1.8943225628477482,0.5375963604804791,16.01523958342824,0.04536922053955342,0.8316182005792581,0.9928131917332728,0.00598033202771775,0.961275679964399,0.9875835176448264,3.3047488947125676,0.005964280106127262,2.7440173653303646e-05,0.29527023296558674,0.9852535784347658,0.005302655044943094,0.003769149072468281,0.0064843627624213696,4.299888406261313,3.393956544653477,0.01842110982190335,0.9921023361496983,1.6380480507943145,0.9663384393578754,0.4230514188230513,46.0242689899119,0.4013042868187528,35.0,234.28571428571428,0.2986271962475393,-0.09076417481015717,13.796968625584345,16.053559816516593,0.8423870475545641
FaceForensics++/manipulated_sequences/Deepfakes/c40/videos/297_270.mp4,1,9.102248930792566,3.169705620386183,0.58765952846166,10.20912704461714,1.0505487433240026,0.2941046096799874,0.004666632200886332,0.06993737758894479,2.793265147784089,0.10000000000000002,716.4065431734077,3.7558586567640306,0.8733761533531952,0.3263898583266987,0.314810415135227,4.9520398959724465,3.219368853906085,1.6538771894665685,-0.47725793234291636,2.182280379317018,0.0932953860433196,0.7697554574956692,0.9929630961601992,0.007192719875404573,0.9159974033053471,0.9723654729065994,3.5244663750409,0.006690750829875469,6.175904854899272e-05,0.29212105059494015,0.9812483758651193,0.0035078295040875673,0.0030653870198875666,0.0032856480684131384,1.6799703721598493,1.4042857671012636,0.007867101188614627,0.9874777552277308,1.1084115018812708,0.6917067590540346,0.368970810961026,39.91523754447028,0.3410728670626412,0.0,0.0,0.14372124952199428,-0.12820946889147913,11.457100494612504,13.316283828192145,0.7712653543974726
FaceForensics++/manipulated_sequences/Deepfakes/c40/videos/298_279.mp4,1,3.2612177519724157,4.246813376645913,0.5571371057933748,18.342792018184113,0.4165977632905646,0.1484175299315398,0.19122259539004724,0.06618768860503135,3.9992721211694557,0.10000000000000002,1114.8679219568041,6.311123105883598,0.8610005411493077,0.23249636128897383,0.307488954160389,5.424746719175903,3.5590490006246784,1.8463865499536363,-0.3933212708753234,14.775893482780583,0.04890607962503722,0.1942743393796247,0.985027754906566,0.012066604158790174,0.9291070989006537,0.9771894011360813,3.790235015725444,0.012891236692667007,0.0001384888746542856,0.2963200283299738,0.9934923731895028,0.004770901054143906,0.0047963447868824005,0.0036715902388095856,2.1195706494147863,1.671283468215989,0.007552832078373719,0.9678042195587204,2.0708416074414715,0.7708268017856273,0.4377411707894058,40.33762039689495,0.6442957128017862,6.0,233.33333333333334,0.14903177684803964,-0.11352710276088568,10.910353585603938,25.800437277016858,0.8029525241638074
FaceForensics++/manipulated_sequences/Deepfakes/c40/videos/299_145.mp4,1,7.001665483191632,1.5857990803445703,0.6629273862586855,2.537717363538398,0.047427213792883324,0.22985990700824516,0.13970171423801753,0.06015226074350409,4.420200466638059,0.10000000000000002,618.5743568162301,10.195786905288696,0.8048609566737299,0.017541548498157557,0.06617730777157,6.296630114754453,4.516641745115924,2.339839464491303,-0.37809092337946515,7.315559047593834,0.008487640245346945,0.06313402782099983,0.9846556441904929,0.015469710477323635,0.8785987201774481,0.9794154808035933,3.5731950161493673,0.017765911296010017,0.00019242576672695577,0.45201998879012006,0.9962079482141357,0.01141174416989088,0.008135100826621056,0.007187440525740385,5.401533549212834,3.8349074445973614,0.024479560088896755,0.9523446006701515,1.536465954222408,1.610892002197686,0.49924868131051536,25.368154995507872,0.04320570243433063,0.0,0.0,-0.016951970212555897,-0.15659139201958885,15.397757889998715,12.578907580754414,0.6127798892200822
FaceForensics++/manipulated_sequences/Deepfakes/c40/videos/300_304.mp4,1,6.5921567288141905,3.4096229422705435,0.5824990320399823,11.797042890302299,0.0830673814173534,0.22238822076604908,0.11408128588080982,0.04833871697243668,4.617627393018019,0.10000000000000002,769.3425791986775,4.7480482161045074,0.8528326638705186,0.22919361445205738,0.2677088052449283,5.087912508223826,3.3861899897212986,2.7203755648926546,0.16276590469763355,3.2291727604940497,0.0493016387555205,0.1008325618822595,0.9920225640973488,0.007032148239711276,0.9518315571101361,0.9858387644963826,3.5798781591790223,0.00797603651881218,6.002694135531783e-05,0.44988875325465516,0.9889327360205499,0.004949159454554319,0.003646385855972767,0.007283448241651058,5.720755772362026,2.4686404923129865,0.036764104042333205,0.9910510596103937,1.7956273515886287,1.2688579613186521,0.8331770457222748,63.917269000367405,0.7530301942676052,30.0,286.6666666666667,0.39776666664820703,-0.04632729224272272,12.406761701973721,28.090040657924476,0.839238112080881
FaceForensics++/manipulated_sequences/Deepfakes/c40/videos/292_294.mp4,1,10.523287888285171,1.9305204136548286,0.7167950202568234,3.7548262470557994,0.07996886834600532,0.3173077210246616,0.0488209617006624,0.06632952569715266,2.9555520191692377,0.10000000000000002,242.37382366215644,7.772078514099121,0.8109105458722787,0.0075616406103835515,0.11904432188328912,6.15334815059951,4.677365702066249,3.260019361969642,-0.35784685581977493,5.807572977535527,0.009391080150872866,0.1864137843045092,0.9893134621395456,0.010133142901925829,0.8973653224237038,0.9712629214897426,3.5160850085128055,0.015695657581090927,0.00020294224668759853,0.31096211473926205,0.9944490716312132,0.008405412547290325,0.00606181938201189,0.009557678364217281,3.122682030241394,5.637079945113678,0.02674249083527315,0.9638017285689714,1.903428093645485,3.831482953883207,0.6664453807349626,11.770732942746044,0.5785917048372613,18.0,111.11111111111113,0.5132428274451061,-0.1387237659730153,15.642303533429022,13.213026173938353,0.6444077198650195
FaceForensics++/manipulated_sequences/Deepfakes/c40/videos/294_292.mp4,1,5.815736255564924,1.9103297976859595,0.6912701856599566,3.6851757109884495,0.20144709270161734,0.1923675267232811,0.31814904517056386,0.06430239215980856,3.118282223809762,0.10000000000000002,609.6844044988206,7.23289407491684,0.8412843329569066,0.10294873825302844,0.18478175517976458,6.179582936914226,2.884769524657605,1.567667429802328,-0.4030815462469928,4.397664495790516,0.021775962307460532,0.27865939954782776,0.9865239562377316,0.013725225802600036,0.8850049205972932,0.9843816136272924,3.5708635346275095,0.013757453300058842,0.00022530305432155728,0.6166710212741072,0.9910957732133602,0.0051520043052732944,0.004693793598562479,0.005049556028097868,2.314905475083316,6.2351959868101625,0.01954520734675935,0.9744993140242849,2.0860877403846154,1.5354512448381932,0.532218041171618,64.19242337368338,0.009543078238291793,24.0,150.0,0.8847092306699182,-0.18483315626339117,16.744204370343212,10.303635174688376,0.6940736603828209
FaceForensics++/manipulated_sequences/Deepfakes/c40/videos/301_262.mp4,1,6.593375774494389,4.481286676841368,0.5899697221797208,20.573777767336317,0.4515079270356453,0.1985172429371306,0.2967549081741506,0.05868559716710725,4.1369353858256455,0.10000000000000002,1337.1822649134006,6.667610919475555,0.8715490759268467,0.10516142439821256,0.22589467999670884,5.80193321499463,2.6563941411276266,2.139509143912924,-0.239521327326999,1.6402562062266253,0.0666609104810977,0.21295194341073972,0.9908005921733375,0.006680755584703066,0.9615252133194134,0.9792440799762919,3.358424243129907,0.01518799178302288,0.00020829014829359949,0.3476355458937249,0.9929273687418568,0.004706392530351877,0.005062761716544628,0.0041559902019798756,3.3233342115002182,3.4220234501116917,0.008546440634028624,0.9719295147107315,4.379598662207358,1.5813951662779482,0.8642710889245379,45.102433334256965,0.018518130198066467,20.0,180.0,0.4002027459692826,-0.05417482432007262,14.09068851926614,25.9795069473164,0.739207373802985
FaceForensics++/manipulated_sequences/Deepfakes/c40/videos/303_309.mp4,1,5.41970276613495,3.0398963784963646,0.6270855950588603,9.418191159525746,0.8761069824784787,0.17850759017516057,0.19014681003319855,0.07800839087857929,1.7557748792353742,0.10000000000000002,1510.719752750326,9.383013975620269,0.8865515168160962,0.07951436487056797,0.1542407422542469,5.974993415812363,3.761019989435935,1.8370721113775594,0.38611131950882943,6.080922910716557,0.032902692016536415,0.41334796108075134,0.9811988170044967,0.01319352195883944,0.9178182751692793,0.9643872553260773,3.668995458232115,0.015611204318702221,0.0003279267402831465,0.24288394439584962,0.9874392581156458,0.008601066656410694,0.008898510597646236,0.007523483596742153,3.2050967282341833,3.893694042101663,0.012971774639516454,0.9798495071236837,2.782115515259197,1.3772787489270526,0.6792063436750095,17.06740496487441,0.31942479504893506,45.0,266.6666666666667,0.259125775830345,-0.14019273985976258,14.06875931265448,36.6254580238487,0.8367182814565214
FaceForensics++/manipulated_sequences/Deepfakes/c40/videos/304_300.mp4,1,15.855022919268425,3.355067703167986,0.6104208846477363,11.361264639082632,0.11116656317118259,0.4328163018007166,0.03626096516755585,0.05436214374760824,4.8207832027059645,0.10000000000000002,422.34418330878196,6.112758708000183,0.8704692005144139,0.1302641364822155,0.20135477263045945,5.964854241252965,3.4874515140242988,0.9631087681069491,-0.36066903123846883,2.78214700181255,0.018800246572577204,0.11365997615445791,0.985912085623051,0.00924160533589851,0.9362590303699709,0.9784990907636169,3.3934899381678867,0.013157227076590061,0.00012160860205767676,0.3463322256876867,0.9939194187146638,0.00487317331135273,0.004373332019895315,0.004488671664148569,3.2815953893015783,2.634477236782982,0.029879867517137188,0.9543664944726054,2.4746191732859533,1.0152111737161045,0.4533073648189583,84.8061838927318,0.45758421984543135,0.0,0.0,0.14149768974464558,-0.062066027255282145,13.138883044135504,16.032239704885217,0.7229834888831668
FaceForensics++/manipulated_sequences/Deepfakes/c40/videos/302_323.mp4,1,6.230291576403682,3.6259498474576026,0.6854487132265933,13.306358017514862,0.2733567656927983,0.22328593325562157,0.10218064968725753,0.05625845004950154,3.871457174233887,0.10000000000000002,924.0248864132498,3.663904547691345,0.6641913682014853,0.2331760214413193,0.2683983909780468,5.727937096773563,4.985541716699239,4.356618688666878,-0.5615305796576753,6.546132466332083,0.006872058780382726,0.06730150173652753,0.9782769488077565,0.01877543782242749,0.8799366436341114,0.9763499278600977,3.595010752182577,0.014193154871463776,0.00022121300571598113,0.2271951759353687,0.993768053417393,0.005510994698852301,0.004274252336472273,0.004516380839049816,2.748642664117521,1.823299725563778,0.02311806569437891,0.984838122821575,1.596869121028428,0.964576683751596,0.5770998563553595,34.28475791411274,0.5278050048212869,0.0,0.0,0.46856898313218265,-0.05604227925598227,16.396759590606578,16.29020597804358,0.7255826728431719
FaceForensics++/manipulated_sequences/Deepfakes/c40/videos/306_278.mp4,1,5.768412751585627,4.726655358592934,0.5728395214821772,22.870484157504304,0.3101980276934376,0.20444694404581704,0.13539903771717643,0.057565150994309845,4.839909974328142,0.10000000000000002,1119.5199714107453,8.252622871100902,0.8810231035504316,0.18465437602349627,0.24389428419516707,5.492534628360429,3.1971598679882365,0.7039361009580684,0.583350375532794,4.581501287132755,0.07919184252903409,0.8277243156198681,0.9828536461371937,0.012758529720077736,0.9126207415727051,0.9774218051737439,3.7923633523488656,0.011789090000092983,9.53243943513371e-05,0.2930081053179614,0.9948752866838922,0.004645684268325567,0.00455375574529171,0.003224662970751524,4.099319333373434,2.2778379383328127,0.012782943471348115,0.9775812502572404,2.61787664611204,1.1073092367526558,0.4504578140711911,30.897295859762337,0.3171301752753838,30.0,180.0,0.5214417838084142,-0.07468604783385162,11.767617619443914,30.061511163242052,0.8144169394032874
FaceForensics++/manipulated_sequences/Deepfakes/c40/videos/307_365.mp4,1,3.512905714187073,3.71229461817438,0.5913303685947838,13.879183642475116,0.3479935707055885,0.14624889003458072,0.07590029309071208,0.05405194236545328,3.5669498984257673,0.10000000000000002,1904.6104878748272,4.0899681687355045,0.7986459080271386,0.3755649225279989,0.3475694415707719,5.415310966554239,3.6900058962005327,1.0320344887953423,0.3415090080779475,1.8851813298120705,0.05188830832158862,0.27845127566863154,0.980403505545109,0.032625342313396505,0.7857024700968339,0.9792996397047605,2.8320700596584545,0.01057047676295042,0.00010330527584301308,0.592758410064214,0.9980727919440847,0.01122941542416811,0.009431499056518078,0.004810094367712736,6.695352216895471,1.8344712720319556,0.019333511339800363,0.9829315850838168,2.3284875365802677,1.2110341269591347,0.4786838543582197,25.327063891748008,0.07507029750758623,0.0,0.0,0.0889996335170786,-0.1172823073408867,9.473382269896716,43.04940378839835,0.8632126022031049
FaceForensics++/manipulated_sequences/Deepfakes/c40/videos/309_303.mp4,1,18.552149109493353,3.416059998574238,0.6064609818376574,12.038602673487215,0.3158410644956566,0.4068945693041468,0.08038838889744526,0.06481391804446837,3.292615208428768,0.10000000000000002,506.6344165739054,12.008116507530213,0.8857203221724707,-0.03192001721095121,0.0761903879337406,6.534319194934669,2.80614614676637,1.8792460715943422,0.14829853643012267,3.959381836580554,0.019137296657598866,0.11043213095637751,0.9780712988887822,0.022816849259113654,0.8253661447888081,0.9617239219968237,3.8041781755718955,0.024741994217038155,0.0008043679990805686,0.21807875384232542,0.9962342468295395,0.00962104368954897,0.007529923226684332,0.00821651704609394,6.100637686723093,10.46525692204523,0.03692915591018977,0.9585183138531571,7.375973296404682,3.169845947340559,0.5602109472990706,40.380120396201725,0.104984841840939,35.0,165.71428571428572,0.40898259222587763,-0.09769147089274098,10.478562646509594,20.920280593011515,0.6554580090136211
FaceForensics++/manipulated_sequences/Deepfakes/c40/videos/313_283.mp4,1,7.179991326720625,2.1685586562028796,0.6891233552773215,4.763508146314992,0.16806182898659916,0.22383341374187019,0.2336627455359624,0.057305272616926674,3.686668705207679,0.10000000000000002,1090.1363973925804,9.606193208694458,0.8848312059278509,0.11665958505459138,0.21043417151159088,5.961007015913467,3.2277590434999146,1.2511519051387618,0.03087524282760098,2.672069113255821,0.031123416888134022,0.18845434338049522,0.982225344181776,0.017841468534546157,0.9002323603490271,0.9700909095372154,3.803053737671424,0.015699438750743866,0.00022680075198877603,0.4749881038763869,0.9968301126660053,0.008115775883197784,0.006379244849085808,0.010446755215525627,7.753044136444685,5.090464797933612,0.016576604862990917,0.9757305835426863,2.665382002508361,2.5094260725268467,0.4937035742099213,38.01221860022001,0.5826356212135831,54.0,151.85185185185185,0.15146329679202625,-0.02513228632534611,15.082960091845454,18.20072445721249,0.7335403477913661
FaceForensics++/manipulated_sequences/Deepfakes/c40/videos/312_021.mp4,1,4.463805497735258,2.905206500337785,0.6640050942032224,8.547317439790747,0.022127781559279833,0.17233586979897708,0.09484223310174902,0.04340137385356253,9.574277741833836,0.10000000000000002,1397.4219703731665,6.634772944450378,0.8823156587413681,0.10267112700702959,0.16823704393065478,5.544565101548667,3.78636419733017,2.7309294451665425,-0.023100043741133388,14.174796846384748,0.071037544619655,0.556053179264825,0.991774514061284,0.006083352374392831,0.968023362516235,0.9718063445128481,3.886278701178866,0.011590978130698204,0.00011828347487607971,0.3278360379398531,0.9918999853040168,0.005803895648568869,0.005978751927614212,0.005140575114637613,2.7306731501290726,4.9391773613379675,0.011647518163057327,0.9846568846234415,2.406801970108696,1.1580391765934968,0.5004848590566706,15.299102304194372,0.3709006569343768,36.0,172.2222222222222,0.22237174886426989,-0.0036465725113572945,11.82405206207313,25.35551909277358,0.8516829262378365
FaceForensics++/manipulated_sequences/Deepfakes/c40/videos/284_263.mp4,1,12.017556878235713,0.9685158455180793,0.7806447850695193,0.9494513042279419,0.48802079640362467,0.28319398436532994,0.2869962145177454,0.0901506590008482,1.2340488392243798,0.10000000000000002,197.53318772209792,4.405263721942902,0.42730324982172857,0.02820343354201215,0.03763465056097726,6.334482028227335,3.2871641427897247,1.5627387831243573,0.2783131491798869,4.262627512504948,0.002430112001158389,0.14684979657558767,0.99002674808872,0.010178656799445622,0.8901692542209321,0.9262102705349993,3.7689066176296837,0.011421600356698036,0.00011036007344955578,0.6003624576095813,0.995454014452685,0.009869192726910114,0.007208990398794413,0.006530198268592358,7.6766376435731045,8.100211269886053,0.026396872954354257,0.6938236497337459,8.025815217391305,1.7147532828269545,0.5409795090598806,26.998379687813372,0.03257816055899687,36.0,283.3333333333333,0.7802882590992585,-0.24853055202243732,22.4523949276897,6.544684600347325,0.23509627394193
FaceForensics++/manipulated_sequences/Deepfakes/c40/videos/311_387.mp4,1,3.773213758285697,0.9049512373997087,0.7333613081107418,0.8285797154499802,0.004480740682640941,0.17260873867404988,0.1608468208967254,0.048892863185085136,4.062395924310735,0.10000000000000002,546.7810661586751,3.2424324810504914,0.5622736295404105,0.058085992263802996,0.08771738581059632,6.108699425350864,4.406748064980351,2.7642396589259577,-0.008305957626392652,10.410686725545826,0.010584051099144733,0.1812215736544567,0.9818860842777571,0.015892066150023972,0.9057968609877276,0.9289478649992889,3.7454019722078438,0.020620105788111687,0.0002914837095886469,0.426579065551388,0.9954719865367132,0.013831846415996552,0.008784504607319832,0.009202774614095688,3.157591997941882,3.308291045734068,0.00782275316624382,0.8263910636238387,2.006535456730769,1.1860878306378435,0.6005844707851251,18.939399116157343,2.7695193545914285e-11,48.0,245.83333333333331,0.0568757510790908,-0.18339152861991148,19.23813051116089,7.002926969165478,0.4086746243642551
FaceForensics++/manipulated_sequences/Deepfakes/c40/videos/316_369.mp4,1,6.458343668546834,2.558837073656652,0.6187783252935699,6.605910657561138,0.5928920854269573,0.21331692526129986,0.2961365896546976,0.07715832217934318,1.910288221076486,0.10000000000000002,854.9853084490572,4.237229660153389,0.81256613843567,0.24202953668362637,0.25903515145640477,5.009308181631027,3.482509007050163,1.4468403515418844,0.011623358083382676,8.653533105702111,0.056583569127531395,0.08290334805229281,0.9966508041727761,0.002864785348080204,0.9773368178404818,0.9855164309159995,3.55491004196465,0.005573134403675795,4.071847433806397e-05,0.3219072627662093,0.9863232777877639,0.004518542438745499,0.004314146004617214,0.002634125528857112,1.362980283356727,2.5174248018876746,0.007556021886864576,0.9948975588947352,1.9897542589882944,0.6213822582128341,0.2892935641386405,137.00208297414838,0.501816144945833,42.0,195.2380952380952,0.4195480285276609,-0.10038434492957968,11.898815259545495,25.40634443811236,0.871647047982911
FaceForensics++/manipulated_sequences/Deepfakes/c40/videos/305_513.mp4,1,10.65620171547915,1.2361360713618648,0.7628053082537132,1.7255763150206718,0.06331337743719304,0.34272311974848163,0.04596864470472295,0.0653924389277554,3.920002586500071,0.10000000000000002,330.16291339496416,5.7168258905410765,0.4906891200344721,0.011582344927546085,0.02961619888627493,6.467856213681978,3.552297256242733,2.3378149066104745,0.16446162783379795,9.218151810391129,0.0012297392367113214,0.003862459372596489,0.9354674507324011,0.0625875420746092,0.4793158145724708,0.9680189249336952,3.3206856504444326,0.03168346732854843,0.0007794908597134054,0.6684160814792675,0.990152485436914,0.020139558240771294,0.015404630452394485,0.011972537264227867,3.6061153316780987,3.963140663876307,0.01782911591807795,0.7552983609735812,11.572771869774247,2.09012512619975,0.4959462383982963,13.585158016541577,0.4708859830876874,70.0,174.28571428571428,0.13907901725778288,-0.1857937156717437,16.646118565047033,17.760503970452227,0.20309182577548063
FaceForensics++/manipulated_sequences/Deepfakes/c40/videos/315_322.mp4,1,20.59330189091179,1.785768685958137,0.7019015203929514,3.2141380436440934,1.7067423451864383,0.46032678879395367,0.09575737032034663,0.08838646998844302,1.5085835601722835,0.10000000000000002,225.8446761048634,7.653171271085739,0.7821006267390033,0.10630414013867669,0.20962718032230554,5.90952771637218,4.449873646888446,1.1792370821279305,0.40036261108569215,6.4843463204375045,0.010588809014318568,0.21869999055975026,0.9941884584036503,0.015489226944880106,0.7724461579105113,0.9688766643807054,2.712457723852301,0.008023412898182869,0.00033103456371463835,0.2628468478626698,0.9991047153299086,0.00564887560904026,0.005089129786938429,0.00557958846911788,4.890249091112415,4.538038638827085,0.017556193227030753,0.9929651096400371,1.9691027382943145,1.6043725900523056,0.49792558123009234,52.76400122976289,0.0004698412891934256,6.0,100.0,0.5228746006116515,-0.16468881093019583,13.545417891845954,10.662503665805266,0.7750018713705465
FaceForensics++/manipulated_sequences/Deepfakes/c40/videos/310_196.mp4,1,6.4038435820909285,2.2148339793752543,0.7120216689119515,4.954575058408272,0.10017041995704823,0.21005942454911097,0.03363230164000388,0.05614884470773181,3.9684808773207036,0.10000000000000002,813.5479233709805,7.098534750938415,0.8454148562034975,0.07967866511847789,0.16472929210610388,6.01097130704634,4.216834391795433,2.2384188069685016,-0.5541826540740955,5.066700196420771,0.008828618296197487,0.20411465245878352,0.9833536150311881,0.012290675166019518,0.936766934754624,0.9641286775100458,3.900058071927271,0.017136482521891594,0.0002898188540711999,0.18292462581381191,0.9897336506458024,0.00512668676674366,0.00480594951659441,0.002733420580625534,3.5136029508009576,3.411900867196738,0.014802259273375347,0.8864871307046559,2.1117265886287626,1.2320474287298189,0.5441563765336228,122.50059143596711,0.44483123186220214,0.0,0.0,-0.09060474450073953,-0.10425911778303985,14.448836179738457,12.046746707469968,0.7745813053692955
FaceForensics++/manipulated_sequences/Deepfakes/c40/videos/317_359.mp4,1,13.037632438310084,1.8582649048711517,0.6581080581241638,3.4857617161193466,0.11125208284360341,0.444210038433969,0.1313462618799684,0.07249048563446218,2.413524603536437,0.10000000000000002,147.32275144067557,5.360378611087799,0.8145946074751329,0.0985688692293591,0.17997874927262805,5.885608330991021,3.6069306955209517,2.3529793679374706,0.4099244454359452,8.017729792332892,0.027218857269392497,0.39491560688042265,0.9745656006768386,0.024310861306172864,0.8551663331876983,0.98300655463963,3.3544294084978694,0.01928955502808094,0.00044152539339847863,0.3506431895553038,0.9935186337920348,0.005452107638120651,0.005497343372553587,0.005399694200605154,1.576139634217263,3.697532694528947,0.01659700070275463,0.972331167805025,3.047864626881271,1.7628000634134569,0.4346417731337726,20.84338208108265,0.4980646844323833,66.0,190.9090909090909,0.2737911065044725,-0.09274616141044664,15.510926485031503,18.092657535168424,0.705609516392606
FaceForensics++/manipulated_sequences/Deepfakes/c40/videos/318_334.mp4,1,12.073730566684407,4.130739523988505,0.6037856508005945,17.274630353442685,0.4057101395916326,0.29583632030649454,0.03800148514541351,0.061612936959672106,4.48862327396324,0.10000000000000002,575.4769580169943,8.956043469905854,0.8474819230264078,0.0972939320256846,0.1871015618407043,5.935149680295318,4.555543108652043,2.232345493303117,-0.013088618434940056,15.232338023024202,0.0492023367186931,0.3109985875560516,0.9925772000849259,0.006039541666563616,0.9625253418057954,0.9836593483380147,3.4906021409425394,0.015326217748224735,0.00017216539708897471,0.5786106398166682,0.9948045213387438,0.007791905198246241,0.007121263071894646,0.009975234977900982,2.911498809797858,3.4258928506510635,0.014306481683687334,0.9837872793336543,2.31550154159699,1.9310634745069069,0.41126523049438557,15.470077310184443,0.4865762568576767,0.0,0.0,0.4593774687523656,-0.05549674476020127,10.96828818151096,24.263741418834094,0.8122955611577055
FaceForensics++/manipulated_sequences/Deepfakes/c40/videos/308_388.mp4,1,13.432111094163938,1.4367044521327816,0.7247109789966335,2.0842783977091264,0.020207409075471146,0.357192713362554,0.09707312234618855,0.05588700026682987,3.9644344342935134,0.10000000000000002,264.00732200409254,7.001775705814362,0.8439865033115334,0.11639626339838233,0.1519474845575096,5.758400118375222,3.964371045078895,2.2131051381155458,0.3959312961541801,13.105751472475974,0.024931153733461022,0.33338087257650095,0.9947206979645161,0.0060380213741220625,0.9242087977390707,0.9665459417320075,3.778582232188717,0.017505191266536713,0.0003127919335383922,0.34303150757952333,0.9916843094653598,0.0073866271413862705,0.0059397462755441666,0.01123232301324606,2.5440665682802464,5.620781727359989,0.012528891525163753,0.9835060542276737,1.7496374634197325,2.068106785110315,0.3457345086391953,34.090247155016534,0.5180783090997806,0.0,0.0,0.04954384786967581,-0.13488694032955448,17.542594842486594,10.23014434360979,0.6914458043157288
FaceForensics++/manipulated_sequences/Deepfakes/c40/videos/291_874.mp4,1,6.1691129000303695,1.0195411150149227,0.7563757181444644,1.0447167243314517,1.2290192022313735,0.19910241629385433,0.20274789123503362,0.08819387705935994,0.7872927970235701,0.10000000000000002,277.5713536228918,4.09218522310257,0.40984061949860245,0.01691375120455133,0.03274426986554972,6.368704113890321,3.293313518484294,2.0391987450198115,0.11620584855534774,2.291387668536265,0.0023548604898062813,0.02471452728572474,0.984973318034145,0.010909756217205333,0.9406397823279429,0.9798247898615181,3.662822570896369,0.011220716871321201,8.252863335656002e-05,0.4115127505555336,0.9928107600720761,0.006678685080260038,0.005826878827065229,0.007672169245779514,2.4675675330086735,3.893880244458594,0.00980673772649275,0.7438293081365396,1.2098270275919731,1.601881927591479,0.9237169730711803,18.257644772426236,0.4541466784392939,24.0,208.33333333333334,0.9210107124509849,-0.24154065558359583,21.188492496021553,5.333134346452416,0.32933820935192826
FaceForensics++/manipulated_sequences/Deepfakes/c40/videos/319_352.mp4,1,4.7742520619088715,2.4359860644529254,0.6960880159847375,6.011731253511625,0.1383010201431435,0.18912485525217837,0.06438800803911546,0.06227393550823479,3.552787583406937,0.10000000000000002,1034.7297574933768,3.687527966499329,0.8239687615997584,0.1468299496643315,0.19686819705206976,5.967138587673885,3.6462295731982226,1.1728594673181176,-0.815289495853049,8.891523176728766,0.05339187002460246,0.3078784089409198,0.9607450938357481,0.0363545800174776,0.8298256707383715,0.9724274234968927,3.7481928453259346,0.014389431104063988,0.00019019677711185068,0.2543109013173477,0.9912264902474303,0.004187880549579859,0.0036126323975622654,0.0029634549282491207,2.9246737435810903,0.6360129407593068,0.007656421860750238,0.9884255790225116,1.1623347355769231,0.6774468092914665,0.3908987688402997,78.17985691675081,0.0009161581726980761,0.0,0.0,0.4255597659707572,-0.14030019627067744,12.803057288213722,13.389241297142268,0.7334669017725217
FaceForensics++/manipulated_sequences/Deepfakes/c40/videos/321_288.mp4,1,23.777182416824076,2.852526541025015,0.6233089692102853,8.21128165751428,0.07032496698837855,0.5619769048511937,0.06781205460396762,0.0505632804053799,6.461741824894514,0.10000000000000002,258.5306022737577,4.337122091650963,0.8230182200848407,0.3185295626264172,0.2649055347343759,5.203469141591297,3.94252564607223,1.62863854370493,0.04513509460894921,3.629948143481537,0.04162027304183867,0.3556161377678305,0.9789741651379121,0.028141063059351875,0.7672157732822533,0.9141361063947601,3.6050616286077455,0.016757389530539513,0.0005229057860560715,0.35179565092894416,0.9798902279213098,0.00647493451833725,0.005176275037229061,0.0068003227934241295,4.80998072224109,4.200924817788276,0.019176462125202503,0.9450396239485847,7.653019831730769,1.8244229512765828,0.7604768306507299,28.779410730636133,0.2881596110120817,40.0,265.0,0.16180876981162254,-0.024870785587283332,12.803428621789754,20.40124016134423,0.7631472526083393
FaceForensics++/manipulated_sequences/Deepfakes/c40/videos/314_347.mp4,1,6.578912884057229,1.7782629894349018,0.6910045986714641,3.1865698678119436,0.17726619120435455,0.24285156188865015,0.20770626267976028,0.06405886928068735,3.0633112574494143,0.10000000000000002,559.9229323010633,3.374017131328583,0.825718149582549,0.30893408147526175,0.24144523613132324,5.255795291853425,3.208938132932653,1.7402635072743189,-0.16243961135989182,7.338315882421405,0.024039302584490115,0.1526905903692997,0.9900779173942663,0.013498844333544702,0.869308742987217,0.983745906588681,3.3764082881888156,0.006178881041705608,5.8754656492965296e-05,0.444389756366809,0.9911518882617586,0.006103913765400648,0.00431822519749403,0.0041881706565618515,1.6365132518841288,2.3329906037134043,0.008639871603833501,0.9871452605294841,1.130764658235786,0.7960585978532686,0.3026399912308433,15.680660032532224,0.7835310517233732,0.0,0.0,0.037999256749581926,-0.18743904358659078,14.51204102718294,14.55336716310496,0.8505708335195277
FaceForensics++/manipulated_sequences/Deepfakes/c40/videos/323_302.mp4,1,8.155453250687696,3.267597436407435,0.6415576726317151,10.800829058898417,0.31367623784261645,0.23166755484572757,0.20101665563496188,0.06925204990478258,2.4036530158939775,0.10000000000000002,809.0988619259458,8.263898473978042,0.9285345419417774,0.13160926862583608,0.21246619739343134,5.872889893410725,4.249670957937242,3.3419728874915933,0.1140173279795916,9.722351284348429,0.019820311137454937,0.3193877339246419,0.9925877610778217,0.006121804295115667,0.9590155441871467,0.983802702672423,3.5766437055546563,0.010565290227532387,0.00012299050285946578,0.5443585328549051,0.9923099510092248,0.0061843120492994785,0.004840229172259569,0.006367923691868782,6.025858862694305,6.935654614700182,0.01306075780531173,0.9819261818387349,3.1426957044314383,1.3918954022124843,0.5493565591393261,21.065782891792352,0.31594572933850124,0.0,0.0,0.5638299045519581,-0.08860641700893356,14.527152196674088,39.62754538490294,0.8451319503171602
FaceForensics++/manipulated_sequences/Deepfakes/c40/videos/295_099.mp4,1,5.313619116348434,0.9181202037498881,0.7674502207242412,0.8506914237827339,1.5397855624590147,0.1874966912481885,0.2289293933572904,0.0988183380597651,0.5442989373976527,0.10000000000000002,418.4888153510042,3.726247549057007,0.29778140400752906,0.03207110944945331,0.053958336960863336,6.485774513041687,3.7931708206202397,1.3325179107545966,0.38493853753320595,1.8951415692437206,0.002902202326461491,0.012963348497121108,0.9750295587213392,0.02046267175559286,0.8251889904076123,0.9580439126301907,3.8365411715580637,0.01045504491776228,5.8856017858488485e-05,0.5882698599940623,0.9958406086163111,0.0064797233790159225,0.004353271331638098,0.007720320951193571,1.7635083917625576,1.706260288873879,0.008925336968499812,0.8823259826821205,1.8143976013795986,1.1651978638446392,0.6467593722021525,16.45747854060159,0.46379103389334025,20.0,180.0,0.7939789712413761,-0.2729656578535165,20.799981978825606,7.567379670315168,0.27054447781253804
FaceForensics++/manipulated_sequences/Deepfakes/c40/videos/327_329.mp4,1,7.066438157949404,3.928611840827178,0.6050584912349033,15.561725644858612,0.22989618218187177,0.22272091594423865,0.2723324917196948,0.054653953324048855,3.6636759759618824,0.10000000000000002,1040.810134074113,5.3475034773349766,0.8518471682213862,0.23032407331199892,0.32438290205645065,5.320277147475434,4.1164766539167434,1.2185619895011626,0.536061889292631,4.208982192493743,0.07447850670127443,0.4365616280775282,0.9929169658070117,0.009010153193092264,0.9062135799907655,0.9892437675931133,3.175467569198306,0.009441963396966457,0.00013031437993049622,0.4446965040099113,0.9959682813892042,0.004744706675410271,0.004500111099332571,0.003694570157676935,4.334612865966503,3.7835385655552884,0.012518375800462288,0.9889667847340451,2.6453902330685617,1.769672021986258,0.7245922949915906,68.74041922611165,0.02099926964779478,12.0,116.66666666666667,-0.029828635480179784,-0.028287746024536653,11.841482294672906,34.5055830039197,0.860961429291121
FaceForensics++/manipulated_sequences/Deepfakes/c40/videos/326_501.mp4,1,6.083049769233066,3.745353995217026,0.6115465674974754,14.277339455156786,0.1483386660190466,0.23590651584445532,0.20983733107910996,0.04975269054981276,5.468548524882894,0.10000000000000002,538.2261980899751,11.379026007652282,0.8769161331131121,-0.01699741076867668,0.09617324527584144,6.598499013506175,3.7197116270969532,2.6148853464419304,-0.25464423040919415,11.98418491579408,0.03301624589259158,0.4028051089271259,0.8788719729510805,0.0732244811847474,0.48171194611907225,0.9419645872019828,3.9966873534553984,0.05718686804175377,0.0026484238915145397,0.2670993947250208,0.9973577258407686,0.00989515334367752,0.007140154484659433,0.006867598742246628,3.248227967073866,6.182402420486032,0.03323677488455709,0.8867029191476646,6.060860420150502,1.8497396248572706,0.7058998833765615,12.374773589906866,0.4848936629393817,45.0,253.33333333333334,0.2713953806215631,-0.11530405404600882,15.095943095903388,38.94645844739254,0.5805443313203668
FaceForensics++/manipulated_sequences/Deepfakes/c40/videos/329_327.mp4,1,14.647912451265778,3.873543895689207,0.5827549346436245,15.183794559795789,0.5282442906894832,0.35570931649867865,0.15992458735071308,0.057909482658176914,5.331307717520664,0.10000000000000002,654.7847974942991,1.4517311483621598,0.6971210399476021,0.624845945383407,0.19666149436582558,4.174388320724062,3.187854954056492,2.0127262801871235,-0.3769311823273126,1.675873574156271,0.07371959577505208,0.20968053199196607,0.9965973654740974,0.0042372735299363974,0.9647374942764197,0.9810348167016497,3.622003252467572,0.007727336138486862,4.9284113629255444e-05,0.4402237676601348,0.9937526314799612,0.0053275334648787975,0.005264933221042156,0.004355873912572861,2.5362547229093977,3.2071056806639526,0.011396369549578239,0.9946979268708397,1.1028656720317727,1.0664668621785014,0.31905969323107974,70.04222566656034,7.113775457590066e-11,0.0,0.0,0.15220440487417025,-0.03283818906701358,13.65908444186119,18.896599589132666,0.8401964936363613
FaceForensics++/manipulated_sequences/Deepfakes/c40/videos/320_328.mp4,1,9.135535166655826,1.2077427838995354,0.7445832103546813,1.4712136294957134,0.3905775663424407,0.25023672035116146,0.11143377697271531,0.0892200078172315,1.292067049853907,0.10000000000000002,220.32039350736196,5.112242394685746,0.559317709888696,0.04125301364636404,0.06620417061255207,6.231383989212167,3.6746956403045448,2.466614067670215,-0.24573568676923616,5.7613756072832345,0.0037561148708432418,0.018134132885198252,0.9939103112726175,0.00607102773412798,0.9513053694102366,0.9597656057289989,3.7046924183597856,0.00604684604331851,2.5387555069755763e-05,0.3755352275795548,0.9932715426269864,0.005960583221167326,0.005040631163865328,0.005499595310539007,3.323034609619805,6.441979928403953,0.017213162852404276,0.8063925141880685,2.0828477738294313,1.699578924471848,0.7430978037471907,17.040108394720384,0.6167330217033221,84.0,154.76190476190476,0.9717292004173372,-0.18236898040808483,14.91339729275889,6.073855041688012,0.4670447182636865
FaceForensics++/manipulated_sequences/Deepfakes/c40/videos/333_377.mp4,1,4.284057106314602,2.443538864249553,0.6169439028303725,6.062563318350363,0.12434625947352476,0.19982947605787926,0.0371599246734368,0.05813078364053111,5.026570154383895,0.10000000000000002,909.9536013205416,5.836914682388306,0.8668369832565253,0.1936234333810195,0.2992608647628626,5.525843214693401,3.0513094656119417,1.2735105722542936,-0.1458981697647255,10.67496525260432,0.11271772609444639,0.37317560732709537,0.9878722531972769,0.015098713892966801,0.887040861948603,0.9566441139323236,3.688323296848272,0.009887331165373325,9.915782720781863e-05,0.38210610272890255,0.9916124845094855,0.006252697203308344,0.005460134707391262,0.005884288344532251,3.1313443172438005,1.41255739958394,0.025709133245950214,0.9797766230899093,1.57219377090301,0.9156673417572311,0.3325844214064908,47.3742409185537,0.4130214263100958,18.0,166.66666666666666,0.3509942521433642,-0.07372166725732883,11.88588274396675,19.57537362197589,0.8424519429509938
FaceForensics++/manipulated_sequences/Deepfakes/c40/videos/334_318.mp4,1,12.421465299736406,4.37246747590533,0.5976978359240375,19.40264325922496,0.24085635789933707,0.31662407105767165,0.12580273559091243,0.04721018069465216,5.610231280539014,0.10000000000000002,532.700350936929,8.892182832956314,0.8285079700901671,0.048939611150431585,0.16356343797525963,6.252074388118328,3.260628484031651,1.6513645488075035,-0.05450285326105493,3.4873717400288142,0.04183397787324989,0.41184226975309,0.9688838737233523,0.03278017997490713,0.7970562940226898,0.9755593355127006,3.6115147285785953,0.029777297750115395,0.0010084682144224644,0.1624976997266742,0.997120512975469,0.007753436919301748,0.0061224475502967834,0.005334009416401386,4.890931605810663,3.604987541478504,0.022010519736476778,0.9725007888723867,4.075048338210703,1.3428213205835797,0.6992653915447375,20.521073451139277,0.10628583627105674,0.0,0.0,-0.08900202432391757,-0.056715760218200136,14.891759591947165,32.39362127574858,0.7360958558780992
FaceForensics++/manipulated_sequences/Deepfakes/c40/videos/322_315.mp4,1,7.455121884569993,1.4481711741102543,0.7323415778715574,2.133640021435359,0.04798701271883774,0.218495519218791,0.406591194797302,0.06403718238587125,2.944968531682586,0.10000000000000002,564.0020170272222,5.692496943473816,0.8243646173341042,0.07540219209712518,0.1385671357811249,5.932165736538736,3.7196954738450962,0.4805933836421656,0.3802352778493323,3.700919226712979,0.01501544428609179,0.11053859630809838,0.9906723936582537,0.00802147633232088,0.9278035590534625,0.984981543187142,3.6072477215890584,0.020412469282746315,0.0003779986291192472,0.253697670306764,0.9884521963634453,0.005125962197780609,0.004572436213493347,0.004597723018378019,2.3090471843429605,2.733945344693356,0.015036220817103593,0.9909626589301842,1.7971689485785953,0.851471252882157,0.5121781916998398,22.355059796271416,0.25922446789832254,18.0,144.44444444444446,0.6144571952799637,-0.13672241389479564,19.991944937641946,10.020763162653141,0.7501331037414684
FaceForensics++/manipulated_sequences/Deepfakes/c40/videos/336_338.mp4,1,9.217334114809633,3.5042267533784064,0.605169436482338,12.442888681812855,1.1092689048159974,0.2839437925795053,0.18769005537069444,0.06846498215211841,2.338447333258055,0.10000000000000002,549.3074740717354,8.735091143846512,0.8129296751478942,0.21113282547239284,0.28014293948238855,5.764589109967464,3.3911678499575237,1.1044263323957575,0.6007666581396234,12.938836715876564,0.044962595375468394,0.1995056626342846,0.9897984145637908,0.01185973957577709,0.8898829948323237,0.9811039656844115,3.2959297161762424,0.020100971683859825,0.00034324926673434675,0.6421819325983498,0.9969081356705746,0.010951275937259197,0.010516366921365261,0.009939116425812244,4.143566328637947,4.915444176469341,0.013484852016159815,0.978092810372276,2.986782112249164,2.5688395254496466,0.36332987788066673,15.141775338720128,0.32304668596509273,0.0,0.0,0.7403366396398458,-0.0618052155922958,12.640307172988594,26.6531557500711,0.8093293808409938
FaceForensics++/manipulated_sequences/Deepfakes/c40/videos/337_522.mp4,1,7.179574273337418,4.578376373101626,0.5878607139324485,21.129684914850113,0.8329096947587299,0.22489960378121268,0.24392134311227048,0.06702781085849333,4.052536218644962,0.10000000000000002,795.6585889357235,4.844501650333404,0.8320550492372124,0.15872666232092839,0.2701318904567674,5.679505480425313,3.8126041185250177,2.543213856678945,0.2072368987274599,3.835269297684446,0.08766476452819663,0.5154498379156159,0.9906128677111852,0.008463837630728924,0.9466363432554026,0.9826413576583903,3.3740301850472054,0.014371402561664581,0.00028321961872279644,0.19026746244055828,0.9949062709928762,0.005352044943720102,0.004391822963953018,0.005199517589062452,3.7825990857948586,4.056019444357382,0.01369973594108136,0.9837041842105095,3.3872641879180603,0.9725707820388076,0.5056899108365831,25.03078781030065,0.396493511399014,45.0,262.22222222222223,0.17143881499191632,-0.05450529627701255,9.706290852718201,35.577421496693596,0.8117650435596641
FaceForensics++/manipulated_sequences/Deepfakes/c40/videos/338_336.mp4,1,10.124774466567635,2.8617589542767368,0.6063705101897792,8.279573880806636,0.08387215151136782,0.27796559955453093,0.30214333265210314,0.05070522121098936,4.35261652780959,0.10000000000000002,456.27287725577554,5.720123046636582,0.8671511539842323,0.3094625450456151,0.26921067829376394,5.392916259190131,3.4183997753377935,1.0582999968663094,0.38879379658879853,10.77531977747049,0.06924509635150632,0.26253072168529257,0.9942967992293252,0.00605525485795542,0.9581049001351551,0.989982549554519,3.0244658054799145,0.008760802447795868,0.0001316562556894496,0.42371408444679276,0.9977266900008728,0.00572220841422677,0.004422599449753761,0.005882349330931902,3.315504025903582,2.3471359502737212,0.013550470994678107,0.9862693322517898,1.5434162050585285,0.7257956178112946,0.6850551721335247,31.107361859540106,0.5995691224154566,20.0,210.0,0.7323698084002693,-0.0723798610187441,12.4774774637146,21.370798200842007,0.847830984919072
FaceForensics++/manipulated_sequences/Deepfakes/c40/videos/325_492.mp4,1,5.446181926345359,0.9958673845004423,0.767101993119795,0.9998292296132612,0.011329116810194795,0.23945255743136493,0.05302681779602305,0.05153727683484506,5.889053298034492,0.10000000000000002,334.9365731336448,3.9583288729190826,0.7664573639375944,0.09539745904357418,0.12360622336676026,6.242428247499601,3.0912318594675563,0.8063520099980691,-0.3497758810689613,2.454303653782093,0.014894661009417429,0.12434281895117083,0.9627965239462325,0.03243828246321866,0.7584543820947786,0.9622612005264264,3.245248665731837,0.03550980985164642,0.0015435387613251805,0.11942018018345701,0.9954538591730808,0.005691810045391321,0.005585382226854563,0.004262913949787617,2.183836077536142,1.5743243409381642,0.02253351079898178,0.961794151747081,2.281592940008361,0.7320644803788171,0.9623906185527547,72.64121502846555,0.7476430864649631,60.0,230.0,0.04840540147010401,-0.16007908469324153,19.57168865395165,16.098984159514217,0.6084889742673769
FaceForensics++/manipulated_sequences/Deepfakes/c40/videos/339_392.mp4,1,13.798097923773707,2.1285284061637713,0.6466889820832186,4.561571625733296,0.49894403074438526,0.348256307543463,0.18442073805225595,0.06934915859555645,1.8461784957627116,0.10000000000000002,233.33825766242126,5.81247763633728,0.8197495343592545,0.0998526406981106,0.16192337982131377,5.557426893713023,3.7439478276910947,2.253282856619722,0.1745076847582874,6.115195026325967,0.01956577205066263,0.15838246417208365,0.9934184132625805,0.005403207936016768,0.9649042309079108,0.9585773315529145,3.706621469761547,0.004929352551698685,1.671760037424974e-05,0.3719495406391767,0.9787213486105493,0.004965728614479303,0.004310261458158493,0.005155651830136776,2.1405413722466,2.928414169049852,0.008632778255399234,0.9836855459239038,1.0767238451086956,1.6705776648638933,0.28936163086953126,144.4893091168168,0.02514019288739453,18.0,111.11111111111113,0.8535118371601562,-0.11176232542341698,16.99633998139907,10.059063531620145,0.8586389304785543
FaceForensics++/manipulated_sequences/Deepfakes/c40/videos/328_320.mp4,1,11.68826281791151,1.4116800860602994,0.7431403789429984,2.0134546128549107,1.7856612648957289,0.3074607019637828,0.1462022982447278,0.08771724323196319,1.2092758224597886,0.10000000000000002,213.87049011858159,7.31527556180954,0.4566394441308835,0.011432805263822276,0.03278021972866789,6.444407752820201,3.4184198599986857,0.9494662722100694,-0.0672511364794075,2.212726602586184,0.003500487931045752,0.056703511184097735,0.9774696966983135,0.01385825629000048,0.906465147532492,0.9549342701624949,3.902805198445097,0.012314129620790482,7.862091297283769e-05,0.31803527449929364,0.9941805495909012,0.006876475643366575,0.004417262971401215,0.006777320522814989,2.835721264663169,6.129985661001774,0.021244026043605056,0.9372154106474868,1.4601960963628762,1.8039900849355461,0.6746687854080089,13.059274325161327,0.347152837589908,78.0,166.66666666666666,0.8652892508759982,-0.2238330959500519,17.191938949903232,8.871889249282614,0.3474270385006243
FaceForensics++/manipulated_sequences/Deepfakes/c40/videos/332_051.mp4,1,7.19246004947326,1.9425304279246287,0.710749216013267,3.8204548729001155,0.05763288705525323,0.2731558466126347,0.08434544481325215,0.053062673025356534,5.78575774407261,0.10000000000000002,307.30002901621685,8.135886442661285,0.6805026863089948,0.01032072393164593,0.07170645246803505,6.463781357508276,4.060790006702619,1.7290333744856345,0.15581483232211846,11.308861067229572,0.004287995715365129,0.054220663170128566,0.9529609159589717,0.033235546954655804,0.7639911614202486,0.9547978521734731,3.7755012523041414,0.04354013130068779,0.0016171933384612203,0.09377960863117257,0.9937422470826391,0.007825678214430809,0.005720007698982954,0.008869651705026627,1.9569833390047193,5.087923309770198,0.018735710171390207,0.8771903691955979,2.097120610367893,1.7149995448537696,0.9097019609751172,13.894013706428114,0.1583193697772799,0.0,0.0,0.6571890577171727,-0.1704839707095817,15.655359397792287,12.82784131892715,0.5421470758802648
FaceForensics++/manipulated_sequences/Deepfakes/c40/videos/330_162.mp4,1,6.932380409343755,1.3109298953719215,0.7313827309924191,1.7349049417827345,0.28291714530560585,0.22066092371778265,0.1078395647065725,0.08243220322958637,1.3828173152209011,0.10000000000000002,355.1743910992914,5.451900851726532,0.6992597855829221,0.045599455832248906,0.08985573257345827,6.107658468769164,4.290269793576202,2.8557544774085737,0.2301739826346914,8.46368635179548,0.007386073784936042,0.27160953291139595,0.9897242021158008,0.009840277884706967,0.9064319134077563,0.9590450795224218,3.4030416360998386,0.007414722815155983,3.0146842618705705e-05,0.43238428862157163,0.9928124358411564,0.005166648421436548,0.003860177006572485,0.006076532416045666,1.447707260722824,2.1703370578845824,0.008240889618074464,0.9591451694890631,1.210581495610368,0.8169448988043838,0.6870775206828503,63.43417652566606,0.834047338329759,18.0,188.88888888888889,0.9241659569299119,-0.21651605985111783,19.708033632761598,11.189286647405108,0.5972504770725604
FaceForensics++/manipulated_sequences/Deepfakes/c40/videos/331_260.mp4,1,5.8478925775576425,2.5158806394371527,0.7120270618256062,6.430512396185675,0.1759406712328513,0.21645285094922057,0.15436566104522312,0.05833382567617462,2.9615668833707764,0.10000000000000002,689.7457514068261,5.971476891636849,0.7433736112773972,0.18157133193582584,0.2999283784989517,5.642427023203137,3.5511390430050227,1.292199163395482,0.12459875007143267,14.596462920288472,0.029587336460387734,0.3428306887105397,0.9751586171159049,0.029810903389239314,0.7077839499042928,0.982223241055835,3.936374251708359,0.018448611721396446,0.0006132671842351556,0.4150670372147119,0.9882637135460223,0.009485868737101555,0.006318805273622274,0.005969269201159477,5.9833815091990985,4.399458872329158,0.026740627794428498,0.9785215847989706,2.733623798076923,0.9119383615200088,0.6571889967861055,15.176076497819674,0.2987080064970269,25.0,232.0,0.48467033917877717,-0.09375870853600539,17.965243094947407,27.214671616294044,0.8367175989375419
FaceForensics++/manipulated_sequences/Deepfakes/c40/videos/343_363.mp4,1,6.149816107038935,2.6364306990616266,0.6170111999559297,7.068628018694303,0.14573162864801545,0.2343940323770715,0.057844960102895304,0.07090420754023773,2.757655245633806,0.10000000000000003,1155.0969405337223,7.644740083000877,0.8505485696925699,0.19918836635103682,0.2888849938942459,6.209150487593794,4.438893178620055,1.5560460772770424,0.008806198241829273,10.499266889480952,0.05253444535149479,0.9039820236294803,0.9787096914226648,0.023972212319270377,0.8034080564953591,0.9671784533013843,3.66931425090078,0.013567029498517513,0.0003009582869708538,0.4809750578431436,0.9950659088764207,0.006896864622831345,0.004935118835419416,0.007711480371654034,4.19867914737303,1.6692486866754452,0.013091044884239544,0.9875034362487141,2.261918650377517,1.2029485956163657,0.41906670726189976,14.812863622865256,0.548514680189187,10.033444816053512,340.0,0.17642285665866034,-0.1275547039994962,10.922569094079646,34.4654551950815,0.8044308177165338
FaceForensics++/manipulated_sequences/Deepfakes/c40/videos/335_277.mp4,1,6.743591583434326,1.2193987265613582,0.7460697560413957,1.4961438699158163,0.07678420505784547,0.23568106453589865,0.06797603783260038,0.07082328998252627,3.6735967501008475,0.10000000000000002,309.47162690614357,5.162957656383514,0.6554759306492801,0.06971632993102972,0.12474919174197947,6.116402253707699,3.0133330641271927,1.5769315581850158,-0.15610348839773852,3.140277501941763,0.012859164649221402,0.2626610366597797,0.9752856834977385,0.020995728304330063,0.8843139686159093,0.9626125792147671,3.9645138398828994,0.00953277200460434,8.591459481976926e-05,0.36399074662439407,0.9879877641448817,0.009659945033490658,0.00833643414080143,0.004341866355389357,2.9506144196539434,5.1255043715053645,0.0342431783184257,0.965593152226612,2.6316856971153846,1.006549836686492,0.4744033864139978,30.027424639763233,0.17517624474113702,36.0,116.66666666666667,0.7313678057495214,-0.23330571213187576,20.926000065267658,11.064636093416176,0.5959382101209918
FaceForensics++/manipulated_sequences/Deepfakes/c40/videos/346_351.mp4,1,5.5106427862026,3.6479109454157927,0.536597233078399,13.424139438815606,0.08654146037882826,0.23219261757946968,0.011474756196115033,0.05049049153560785,6.584203365755007,0.10000000000000002,747.334854208503,4.28231173157692,0.8522015240418519,0.14191714242676573,0.245300815108403,5.708540129544279,3.8041978425004928,1.8831518696268408,0.47448459638683205,6.975019105126658,0.008460763643692882,0.0177709368203141,0.9400285621009384,0.04781170319581436,0.7064947853353918,0.9677222154217909,3.5709758396542,0.015745069831609726,0.00021812654449604452,0.25536325886449873,0.984053320764012,0.008098695427179337,0.011093986220657825,0.00636235112324357,3.9357972072478176,2.441457586167869,0.03336147396625895,0.8255121577859675,3.5423155309364547,0.9310373481288975,0.41888279602450973,28.452852600859533,0.06117289692067493,0.0,0.0,0.04415480128448484,-0.0010044001198793498,15.291960901305057,31.03112111391926,0.6704851998921154
FaceForensics++/manipulated_sequences/Deepfakes/c40/videos/341_340.mp4,1,9.663586736424017,1.7878368623716365,0.6488977267215739,3.224967795689068,0.041746466193778906,0.23609626433292044,0.383394241516849,0.04567841237336008,7.892151063140612,0.11000000000000003,489.0269901248829,6.0556520819664,0.6686890222276455,0.07338073873547177,0.10133058282487109,6.3702817909567235,3.750301962427012,2.4513421007787697,0.3829353882364855,1.2946110274476572,0.004070007196290557,0.011350853428264062,0.9902332789633567,0.009831052768182129,0.9104584086401407,0.9598685427097358,3.342102835102116,0.008818182162940502,5.81676940782927e-05,0.4192758580108607,0.9881709803745897,0.004903189837932587,0.004983372054994106,0.004419081844389439,4.302464115868914,4.678121235501542,0.010849058431397227,0.9437027175117771,2.560262724707358,1.5275116903451782,0.8164516634701531,13.261507685349226,0.5875959306495957,0.0,0.0,0.8756153380648456,-0.24907271827440605,17.756292687284702,8.532931978264388,0.6398869292462849
FaceForensics++/manipulated_sequences/Deepfakes/c40/videos/347_314.mp4,1,4.024245490454678,1.5067552589176247,0.7296190431058511,2.302993977025406,0.04873854101189021,0.17395895662694164,0.04703501713203119,0.06318539288832266,4.452764404114701,0.10000000000000002,713.8909217560655,3.3847799360752107,0.7330242027985465,0.28105466926624273,0.24188894367316915,5.462924827024068,3.9573251684128783,2.4074694278857565,-0.2936051683127118,13.302551852039722,0.009236925092349423,0.15404087152348328,0.9892179970800838,0.00978528830529042,0.9270033030646749,0.9644087790971632,3.567068578347125,0.009352309629321098,8.931724732974544e-05,0.4111161944253422,0.9839039325617852,0.008381172083318233,0.005275074392557144,0.007188889663666487,1.9062790347401983,3.7290598295891666,0.02085554796109151,0.8999450865603295,3.5055425637541804,1.3760795578511662,0.6148817335008334,7.4218823495028925,0.3244474635982188,24.0,241.6666666666667,0.6380448901387249,-0.12352777649135532,16.980157745531493,17.00495406131473,0.7399361908010899
FaceForensics++/manipulated_sequences/Deepfakes/c40/videos/348_202.mp4,1,4.738165779455679,4.151394565434147,0.6710903052323601,17.559030309172037,0.38680027927995686,0.18181779198883286,0.15891325042578994,0.04920510603530278,3.7254766546235816,0.10000000000000002,1011.1668713309324,3.089154902100563,0.7864078490147222,0.4494707614159709,0.314319015573491,4.775284588603547,3.7129643586338315,1.104966424101379,-0.44479020743293207,15.871458656160168,0.10031752377187116,0.33335275295938976,0.9895720152286018,0.011591343457225315,0.9081100968028499,0.9883335709975529,3.483294128415957,0.006936306599527597,0.00010245460725855082,0.3848470282970804,0.9789556340147847,0.0047188918106257915,0.004655987489968538,0.005063923075795174,1.9746065982520533,3.3255127053542957,0.02145025677530446,0.9884119902984932,2.343593227424749,1.0101323020230815,0.27637804741729355,31.368071150447342,0.24829955862866276,10.0,160.0,0.6429508642101794,-0.024209048935994782,12.632045162660571,26.85068572761448,0.8283842404794658
FaceForensics++/manipulated_sequences/Deepfakes/c40/videos/350_349.mp4,1,6.841259037705873,3.1956299365626046,0.6688697847820646,10.432472672486444,0.5155237138689074,0.23899648153896846,0.024462920909233767,0.07106549376661413,2.8534167737409963,0.10000000000000002,539.4672105795973,4.874883544445038,0.784678578648053,0.10165114197591754,0.15434290032591796,5.591977694258163,3.4393715764254926,1.4640687053235073,-0.06276428514519829,4.3786310102983395,0.030347553504611786,0.177887794207417,0.9910082554195442,0.010336879203009812,0.8786689190949921,0.9871251563133518,3.35746981360091,0.009866494685411453,0.00010144542466150597,0.5030798489952459,0.9951415203904641,0.004975021351128817,0.003672031220048666,0.0064754001796245575,3.147571034660916,3.037983560112125,0.015725314115651482,0.9882780278660714,1.2741789036371238,0.8953093258956778,0.3072486558438462,35.33286826027549,0.691509862570877,30.0,160.0,0.7692333091738631,-0.13303416154754516,13.472068677190622,14.550092878901951,0.8527149060252032
FaceForensics++/manipulated_sequences/Deepfakes/c40/videos/351_346.mp4,1,4.721676442515845,3.4642381583830435,0.6296863476027205,12.14829989058039,0.8084204925347255,0.1908762579330251,0.2795721632449166,0.06513061475428131,2.6143940186297647,0.10000000000000002,739.7751327752547,6.199737250804901,0.8529153112892427,0.058557120785608666,0.1701502068901885,5.973915706938636,3.7352238016862263,2.3788452400103846,0.5966292297625329,6.668954920486857,0.0071280436681429036,0.07349609649098644,0.956999224290538,0.0310943907122148,0.8328717140226838,0.9742103470010871,3.774501717789386,0.01867390051484108,0.0004449110710993409,0.11222901537125457,0.9897282799059194,0.01024684775620699,0.013223656453192234,0.007278264034539461,4.448919126786533,3.2616985171408706,0.01277293579421069,0.9193154224825941,4.15461368624582,0.9125341455069708,0.6724252689136228,51.63552258054564,0.011286985445331561,102.0,205.8823529411765,-0.7157153476665086,-0.10015248427124084,12.662880943237685,28.530890530401937,0.6929340246096355
FaceForensics++/manipulated_sequences/Deepfakes/c40/videos/352_319.mp4,1,3.379547855594121,2.311299441048883,0.648230430472445,5.41053851542393,0.1423476188024946,0.15861642169969895,0.14999152277799854,0.06666835145440753,3.5625369704712333,0.10000000000000002,748.7795763749152,4.284215444326401,0.7997559505289059,0.28507866566724716,0.33828057516188215,5.428443789478482,3.8991021725402604,1.5621725468031533,-0.02324369744517091,4.328241813657185,0.057424358682545334,0.14712595049405827,0.9895390237830971,0.012264251712013749,0.8730141334602995,0.9676085954662724,3.3510924951156706,0.008718210272490978,9.279330697609112e-05,0.1863441889851307,0.994745195287772,0.004726835992187262,0.00464994739741087,0.0036742810625582933,5.691090481791937,4.580831521280987,0.02251288944945841,0.9769579361792403,1.6818561872909699,1.3616053761900437,0.3568635822335636,46.0088407310675,0.25592579014267397,0.0,0.0,0.003844084244803783,-0.08643503077567605,14.512216256280826,19.68214856139458,0.8182210228205632
FaceForensics++/manipulated_sequences/Deepfakes/c40/videos/342_416.mp4,1,15.459033073177048,1.6109897121647045,0.7388931513213894,2.6344716250609777,0.06778748605429116,0.3805106792310654,0.01729114486017891,0.061172299391049435,2.6635352165188557,0.10000000000000002,457.8518886287969,9.878921175003052,0.7916094777610957,0.01162638901769563,0.06400439388451806,6.368188522756502,3.3794623942607305,1.5138509221334524,0.09596004212924178,3.4299070264616223,0.007341277927930057,0.06054780789623749,0.9862373720958446,0.009556029396380986,0.9364234032056556,0.9815539789819983,3.603003275749555,0.018199916929006577,0.00021044875029474497,0.3867423463557346,0.9931801760154405,0.007350074592977762,0.00631408067420125,0.005943754687905312,4.050938721606875,3.9453701362517037,0.007969772460782286,0.9835214609295942,2.9106984218227425,2.434363562792694,0.535524724872009,39.65979077001875,0.39246494996211057,5.0,160.0,0.273394172344319,-0.13358349115706858,20.731092226775264,22.481888205000875,0.5862168340119059
FaceForensics++/manipulated_sequences/Deepfakes/c40/videos/344_020.mp4,1,6.132169894146255,0.657702629914944,0.8115018599146439,0.4344373468613438,0.005662314493376936,0.4694250722905031,0.26466351237675323,0.06365713717702413,4.073072842595783,0.10000000000000002,24.904939685666356,0.766738785803318,0.5412978629357564,0.1680033614834663,0.14412786687243812,5.960358923073594,3.9411237914637125,1.0767473223188717,-0.2702672361250096,6.289359296082512,0.003817277462566106,0.06512972244813164,0.9828760118962719,0.020298483359878893,0.8710628397334806,0.9636779907588604,2.901425857199568,0.006915428210049868,7.749794167466462e-05,0.40871380324581635,0.9943059215072735,0.004448567982763052,0.0034154695458710194,0.0028315952513366938,1.0090040980238277,0.7527348485382334,0.03143961655588567,0.9486734139005454,0.39085362667224083,0.5622164229252685,0.5981591219797895,17.254674643774656,0.5516702113874039,0.0,0.0,0.20128395982978411,-0.1965362769484999,22.078584880070423,4.275608866994339,0.6705473938149219
FaceForensics++/manipulated_sequences/Deepfakes/c40/videos/349_350.mp4,1,7.005201799234685,4.045377532402906,0.6862312210167737,16.58843026955153,0.545656881546811,0.21695270660407262,0.2294676103792094,0.05921613620760737,3.747181772925108,0.10000000000000002,1097.0381094298555,5.179865211248398,0.8414430715837987,0.12733234774824848,0.20642399038093104,5.318581983988878,3.095817600154248,0.7769136179346238,0.07423610276357748,0.0,0.034479931553005126,0.30516989776372244,0.9847502945155997,0.022065191721269684,0.6738889100201004,0.980520535635889,3.9292253286717926,0.02127750776708126,0.0009318387019447982,0.468871685704251,0.9941986662318977,0.007138292770832777,0.006193600594997406,0.008139406330883503,4.919366046735613,5.037165165938597,0.016938725445808694,0.986503553306829,2.5412115907190636,1.2016032468671138,0.48914912262848154,48.33882766443147,0.4581728182893865,5.0,120.0,0.4390173422958521,-0.03484257639454278,12.963207432497219,23.009052881041487,0.8487178266585397
FaceForensics++/manipulated_sequences/Deepfakes/c40/videos/358_380.mp4,1,2.7898826993635004,1.7318034275551284,0.6335875659716798,3.023381479350977,0.08497122539658783,0.15503006384446452,0.14720175276676395,0.07530124571037221,2.411775641068619,0.10000000000000002,528.0032523312298,3.7153096169233324,0.8492390942165418,0.16532092139761623,0.28879173057588653,5.381304902879751,3.6417530710155694,1.3471369249680862,0.48854317830131855,3.826467515881434,0.03173452548282211,0.5665914248121173,0.9903458842867923,0.010629998524935595,0.9306740541505457,0.9859543141625873,3.5816770453888984,0.0076242065988481045,4.221197377773933e-05,0.5781241579187618,0.9915753296017806,0.005211157258599997,0.006730126682668924,0.0038356962613761425,2.895825296105512,1.350476012033878,0.019071312939332587,0.9915225038889871,0.8573434887123745,0.5434220482627498,0.29818195713466944,29.902380748755014,0.5406799183507541,12.0,250.0,0.8726032041910492,-0.1756769100940921,11.6392235535846,9.581157850244697,0.8255650827942635
FaceForensics++/manipulated_sequences/Deepfakes/c40/videos/359_317.mp4,1,17.846396614569944,3.3653593666117936,0.6210610514948198,11.45880544277875,0.899378445131387,0.36114760202329504,0.0385954672443202,0.07357177374963284,2.09279115991293,0.10000000000000002,653.6486221445623,7.462377715110779,0.787572675032028,0.07622174161088772,0.1646557052419191,5.537798024110662,3.9803665151056347,2.538569617254541,-0.28475930675674277,7.819994593766715,0.025893071210247653,0.9992739972355128,0.9935739705713067,0.004887370224565011,0.961203544622206,0.9654027809393158,3.688960351778949,0.011097276583313942,8.999864076031372e-05,0.37262789436249993,0.9901958403593042,0.0074745058082044125,0.006998877041041851,0.0039991834200918674,7.8829953708506455,8.970607823781828,0.029509907170057633,0.9931628456000156,2.348358460493311,2.3242838383877737,0.3838961527262067,33.639356124593334,0.021683288654743456,0.0,0.0,0.29261804289283483,-0.04154333233163882,14.445433523542194,19.89449801734597,0.848712101935159
FaceForensics++/manipulated_sequences/Deepfakes/c40/videos/357_432.mp4,1,5.151956522561932,1.7918590142198152,0.6984810311800882,3.2390002557339406,0.05655380950284979,0.23902137762666395,0.036521759577027066,0.06419022408207892,3.9316207892028467,0.10000000000000002,271.1603339687005,4.772635126113892,0.8145365583748267,0.20517774757012638,0.29816181492849025,5.410172581375963,4.111657558697461,2.7903982191877414,-0.34610532488131873,5.496618501297176,0.03920150462501301,0.5237543707960927,0.9885695179903631,0.011136540014858521,0.9341713909709084,0.9708434822704838,3.8716720298048948,0.0062430319376289845,4.57586684206035e-05,0.3346404401410684,0.9889525974285667,0.00527876615524292,0.005690980702638626,0.003878519171848893,2.049585931219909,1.41352605750476,0.013422111770265314,0.9861226977587731,1.2133674749163879,0.7122548710639655,0.2730453559993876,23.51296824965007,0.6927973349911106,0.0,0.0,-0.5516720038751537,-0.15180948004190178,11.796219324569773,13.623588209334338,0.8284054180917492
FaceForensics++/manipulated_sequences/Deepfakes/c40/videos/354_362.mp4,1,7.8742394101819,1.7711194575769897,0.7193235131516065,3.1927971201581355,0.15291234651011115,0.2651478518441436,0.029881779553977666,0.07431494272775765,1.8836047085036196,0.10000000000000002,306.2305130335578,8.441483730077744,0.7165579019136291,0.03916150465836546,0.09244013446102269,6.249375191918951,4.57054104131183,2.2898863828802343,0.2382771555147329,8.618002465398506,0.008538926080333598,0.18005078710225633,0.967711382790954,0.029031625851182335,0.7994507308045122,0.9466623174611952,3.8630427714288413,0.013002938590943813,0.00012637015606742352,0.3114062647852906,0.9895129456257551,0.006593567784875631,0.005486618727445602,0.005413363222032785,4.354740680115023,7.122664026612592,0.030519373383235186,0.9387311917678856,3.8915035796404682,1.5901951638577172,0.42143122227400054,7.2005681489984275,0.3483574965211945,12.0,116.66666666666667,0.90484695582341,-0.2212954930733264,15.351388054925094,11.235029512140125,0.6008145853563078
FaceForensics++/manipulated_sequences/Deepfakes/c40/videos/353_383.mp4,1,5.073290611939701,1.1769818586920369,0.7401019070125785,1.397819137239742,0.04490275582948458,0.2076693137202336,0.24814791996495966,0.07782882286650468,2.1358679052668053,0.10000000000000002,357.8625360818777,3.2097214668989182,0.7275011250657994,0.21533237086990498,0.2263471120245469,5.743874933921015,3.7544406794995253,2.488765804228006,-0.182072582967496,2.944816255879936,0.020744887744185484,0.09292181822635309,0.9918338260319606,0.0067419377601899136,0.9545731858679546,0.9641482627087136,3.710992384106686,0.008021479472517967,8.04629671620205e-05,0.37432728822179356,0.9891252999052231,0.005895710084587336,0.005535558797419071,0.006446794606745243,1.5016440516367937,2.870088826000574,0.01088918941671313,0.9901416188094654,1.0223923494983278,0.9553229401444545,0.30075117826308106,40.32861921635861,0.06769698782179957,54.0,159.25925925925924,0.873517471758323,-0.18964148529247615,16.59169146998525,8.322640263451452,0.8038951297041332
FaceForensics++/manipulated_sequences/Deepfakes/c40/videos/363_343.mp4,1,3.074917192852472,1.739695053873513,0.689523257693748,3.0898071590346445,0.03516251043312263,0.14314909505867568,0.11117850429088472,0.04434479502257772,5.943631876653795,0.10000000000000002,1510.2771821405336,8.066020298004151,0.8730217390982137,0.048403176455216045,0.0727359537308731,5.950850440044544,3.6197530815883114,0.40864551869542914,-0.4857248411268651,4.447195907963083,0.023314956885707807,0.09335649459355036,0.9675259403284387,0.022606841748115357,0.8877230623969854,0.960053463637017,3.526896851606247,0.016703961417078972,0.00020360827329568565,0.31704776187700245,0.994243215937306,0.007884656079113483,0.006341124419122934,0.009313481859862804,4.235525159206521,2.963825539498729,0.011470172857665991,0.9745197905904582,1.7291721101588629,1.0769771321771369,0.4282372496268242,40.980923082639904,0.07480338099441926,85.0,258.8235294117647,0.1894542937789332,-0.08003353818331678,17.735157236706037,14.145019966892692,0.7413052729337366
FaceForensics++/manipulated_sequences/Deepfakes/c40/videos/356_324.mp4,1,8.064229446586452,2.00666812443098,0.6957515292774055,4.1159860811208455,0.06855682997293053,0.261416910621931,0.10131523190328992,0.059029811874689156,4.77142391475573,0.10000000000000002,517.7435481833236,4.85505947470665,0.6975224784158282,0.1838361793322582,0.17137049986763292,5.688137187285569,3.307940155560715,1.7944659041482593,-0.10179485801539287,5.028617086235261,0.04240505641453511,0.23070556351434962,0.980994961945093,0.016109209503586616,0.8874848253319839,0.9478114822239648,3.3637556982278514,0.022670218721032143,0.0004388694651424885,0.3626486765883743,0.9846779092873996,0.0079561248421669,0.009232550859451294,0.004274912644177675,3.3836715729272386,3.3412327204200363,0.024910604900713663,0.9682661552649751,1.4927982598244147,0.9104765391947901,0.6408214760694466,15.78919721682105,0.21837599658827606,0.0,0.0,0.32202955559967134,-0.12389315936680463,13.263223353758141,18.55630638695334,0.7610900767488843
FaceForensics++/manipulated_sequences/Deepfakes/c40/videos/365_307.mp4,1,12.115369142838404,2.3823164755179485,0.6375650146477821,5.71264241340769,0.033619100375803644,0.3412793154321939,0.027679424304560267,0.056366637277386354,4.424855069548739,0.10000000000000002,736.8858940980382,1.3569458961486816,0.6344044086229709,0.5802544256386332,0.23493464382074,4.445505782808769,3.731474234143182,0.8917502429085775,0.3840562740594414,3.637803744375815,0.01708908695824741,0.09898019129900386,0.9900235469220702,0.009690901223042905,0.9183008327328288,0.952189813164514,3.5639515264864925,0.008329423144459724,6.76383133395575e-05,0.3333475453030272,0.9927602216187936,0.006102375686168671,0.0058229840360581875,0.00576808163896203,2.502498469171724,0.9773161650805229,0.011176065060142943,0.9927243357754739,1.2945234113712374,0.6516910528262658,0.5982328743770076,42.30135086530212,0.14509551885714983,10.0,340.0,0.0055265069404438535,-0.04779582841297177,16.135516274370094,12.064441160127924,0.7856033661593355
FaceForensics++/manipulated_sequences/Deepfakes/c40/videos/366_473.mp4,1,8.485895035566763,5.502183509441433,0.5877646763034141,30.926368842807666,0.22840539950223357,0.23282594522305677,0.32531154468859513,0.04367200270742032,7.517923054709203,0.10500000000000002,1107.4143176173486,2.678824645280838,0.78645693252904,0.3339673084328633,0.34388156821133736,4.451854622287467,3.398921702447987,1.1590077639453025,-0.42271713972721636,4.178642930277434,0.09129387397604206,0.43876288767225274,0.9956021669271505,0.006593689865298255,0.9065277695309222,0.9876926516758151,3.4657106600285794,0.00904338899999857,8.827533019939438e-05,0.34288312077444805,0.9899632140821684,0.004385441541671753,0.003404066199436784,0.005160041619092226,2.373368592650258,3.364007738173616,0.00934096414456704,0.9912020864010785,2.56376397888796,0.6716812475775163,0.631392548872378,29.93488106984328,0.253456681850536,30.0,213.33333333333334,0.08329196452179048,0.01667422309252393,11.476271378361496,26.94229762245777,0.8443609137391535
FaceForensics++/manipulated_sequences/Deepfakes/c40/videos/367_371.mp4,1,4.492818254659855,3.3166636600294135,0.5980957683941048,11.300496866406153,1.020021749202488,0.17074631837962972,0.15647554046958934,0.07074924017698923,3.2459259150620396,0.10000000000000002,986.3928627578705,8.629565620422364,0.8959364574086488,0.05509123764377742,0.1490321365327308,6.264113548953821,3.692564757359312,2.1053475612869663,0.13115781187010675,3.408574224234675,0.03450614911960497,0.11156457169976562,0.968570540470536,0.02491052535548489,0.8398497729955865,0.9818090650001511,3.858137059219787,0.018945861607789993,0.0003383953298907727,0.3128442336968723,0.9914681634014249,0.0060105337761342525,0.00515177333727479,0.00657924497500062,3.5507680847136425,2.83314614614257,0.010344669728153306,0.9801460035957578,2.733411501881271,1.0129221199292082,0.5778039908882997,14.619437225336323,0.1915077323203723,5.0,120.0,0.51928537097597,-0.09731438813272895,14.410950704425723,23.73911192971426,0.7159179409782208
FaceForensics++/manipulated_sequences/Deepfakes/c40/videos/364_440.mp4,1,4.047463962527735,1.4564247102206551,0.7212092234873124,2.148582033011091,0.137262390877585,0.17124684509091515,0.1718078478395721,0.07735550047860242,2.2741265973903686,0.10000000000000002,785.7690985872583,6.358024853467941,0.8101805519542739,0.058542217627480575,0.07575935061109844,6.239296868871037,3.3473338259375254,1.7607693884966222,-0.041458184855165794,5.2631402851044395,0.03643517248997355,0.7775610247662245,0.9701234653894448,0.02589065422689725,0.827489770225219,0.9837171389897985,3.612146063554979,0.01240960881114006,0.00012457737466320395,0.37411344793555895,0.9955931230094286,0.0054703704081475735,0.005022032186388969,0.0036182201001793146,2.2885563484155416,1.8550866180345014,0.010105114067948286,0.9734324577639424,1.3758165238294315,0.9619838619368913,0.7806186938922908,60.75239356910196,0.3175890800801352,5.0,160.0,0.30520105390295627,-0.1827867662976794,17.452007108664485,12.923424536137837,0.776324553267111
FaceForensics++/manipulated_sequences/Deepfakes/c40/videos/368_378.mp4,1,5.37857317376808,1.1639213362018006,0.687447315997286,1.3707833655331407,0.3509171827835389,0.20234911899055996,0.04696119804989142,0.09533223535030708,1.112846106656297,0.10000000000000002,470.43687351137095,3.991077181696892,0.5928835075163358,0.10579288564231486,0.13605987444374593,6.2479241139144515,3.2917007175924646,1.8751008404864107,0.23536403692250657,2.685611559560614,0.019947441280572225,0.6458602802892325,0.9779792918050811,0.02377587004881442,0.8258507631960218,0.9157384326659198,3.242091748887596,0.008846412412822247,5.1612514653243124e-05,0.42399286009759307,0.9884953107943992,0.006042329128831625,0.006098328623920679,0.004205224569886923,2.7854715952284432,4.982017341609074,0.0162339279827499,0.8908210378827047,2.35554060409699,1.0928578805330267,0.5594520612057783,6.577127918544479,0.45306970831769205,12.0,266.6666666666667,0.9269577259486343,-0.2729156300394009,15.355670498527182,4.340106145508096,0.5750908362879443
FaceForensics++/manipulated_sequences/Deepfakes/c40/videos/360_437.mp4,1,8.973445811412713,1.407510695191416,0.7508045099765479,1.99870938489737,5.000945511487772,0.2352707452161064,0.26563300823900227,0.09766378571615571,0.8572331647768318,0.10000000000000002,472.2773305167119,6.744559627771378,0.5965566520628794,0.03985680324471415,0.06217496788776791,6.245853050957617,4.171515747699429,2.864313392233076,0.4272334033811518,9.081231307840714,0.0034391568723278415,0.17207992303881414,0.9838822957816638,0.014602569518498639,0.8936016744298588,0.9689111741461893,3.719270463164186,0.010904321447014809,9.664696699474007e-05,0.4960156672204932,0.9873288251833124,0.007283395621925592,0.0075486707501113415,0.006232576910406351,2.8202901432056025,4.576418392547039,0.00968619624800384,0.9794280739376706,1.375881845735786,1.358514604395858,0.6071882014832395,35.53817639102766,0.7255735004912712,20.0,360.0,0.969908917316078,-0.25452254951111036,20.236974148200336,5.946048802589375,0.4831180183157976
FaceForensics++/manipulated_sequences/Deepfakes/c40/videos/362_354.mp4,1,11.695465236764282,1.538118205511311,0.7225162782578101,2.395659907879888,1.1742626464120576,0.31591211013438525,0.2780004662089092,0.09667898074208511,0.8840736071054558,0.10000000000000002,264.088070016579,5.576685655117035,0.745556492272917,0.09839383107472298,0.20073801599403324,5.9473809682587975,3.3776053854570596,2.295060088777001,0.08672265147747324,2.9096538591533836,0.015183547365970726,0.3505334145070626,0.9898132976754015,0.011117610045781849,0.9090524399958791,0.9604780631521169,3.402668028411203,0.010196007788181305,0.00015555489517282695,0.5123581650767695,0.98865885062834,0.00561283715069294,0.005138182546943426,0.00462932838127017,5.601395087144637,5.665047895137797,0.01858085456608869,0.9742178697966719,4.705198970526756,2.1321689504821797,0.3682562563858621,14.289797987637385,0.19622677710429395,18.0,155.55555555555557,0.7812043758876248,-0.16498496278204833,14.353703866003979,12.447549451706587,0.7539177177745489
FaceForensics++/manipulated_sequences/Deepfakes/c40/videos/361_448.mp4,1,8.128432631866321,1.3639631393689295,0.7442749037816728,1.8813656166750203,0.1783174715680023,0.24658991246801953,0.022579687366695012,0.059823713156848535,3.00095126399587,0.10000000000000002,357.0185472115905,8.234994220733643,0.569408150928239,0.007099509220067586,0.034750658288104135,6.361467429442846,4.563356738128963,2.4574866726935842,0.5297758166706721,9.221870842870082,0.002434928205576506,0.011527763945080894,0.9588266620040399,0.03960279565665854,0.7101662961525846,0.9617484416532651,3.5364015174174455,0.01876724883913994,0.00018961750902235508,0.6251329104199012,0.9973025935315015,0.021025175228714943,0.022571614012122154,0.0063648647628724575,7.993657731246064,8.389508610010763,0.0279472539841767,0.913551983115266,3.422195077341137,2.04060978333101,0.6395797365889537,10.584677520831766,0.32320679401625035,36.0,200.0,-0.616713803451256,-0.17762398284202308,18.505546125621297,9.870961871641867,0.3471490794668377
FaceForensics++/manipulated_sequences/Deepfakes/c40/videos/371_367.mp4,1,13.574353435453602,3.3547650386697754,0.5857614322050992,11.394363869018864,0.21535273994181595,0.36207011313646364,0.20984875157685928,0.06337344697677808,2.998863774526645,0.10000000000000002,366.46143624802403,9.948248612880707,0.86553018308798,0.030776629429294863,0.1312554636941626,6.391295926141192,4.2176862212419675,2.9863874869514495,-0.23344555733272868,4.212170210258353,0.026714463660750396,0.1422070644313868,0.9822072154449074,0.013903749842040078,0.9148888600683455,0.9810179916622583,3.7338560282952953,0.01918780989944935,0.00034245362621732056,0.34484002528845076,0.9955311829944398,0.0067305788397789,0.0054215434938669205,0.0068972306326031685,5.210121957131665,6.500218660427805,0.03043510910936619,0.9885980564194354,3.465663539924749,1.6174049711158982,0.4989797126958416,31.24004200337643,0.5937676278785088,0.0,0.0,0.06459908014118043,-0.11140266816493788,10.870458057559542,14.704058269569419,0.7273928658550143
FaceForensics++/manipulated_sequences/Deepfakes/c40/videos/340_341.mp4,1,11.913080947396102,1.7358395383497853,0.716467097889998,3.0269279616338456,0.552478217840379,0.2815767953815575,0.33803928988729487,0.08071352458517761,1.654349612770188,0.10000000000000002,361.62260701320076,4.529681620143709,0.6765652395379046,0.2222205684757672,0.23618089602741554,5.907685592074048,4.195553113752369,3.535261831246465,-0.3549475179173068,4.507479483315106,0.005474628955254755,0.21472729249625425,0.9895902301234294,0.013355163002842625,0.8856633216674162,0.9677626718061508,2.794869068771901,0.01010909304022789,0.00013211909390520304,0.29742015737725525,0.9919191580665642,0.0052926321513950825,0.007230007089674473,0.0038131962064653635,2.5545928557300663,3.027358516693293,0.009729959235205057,0.9748534257905802,1.6479291523972603,1.4878646572014114,0.59579864216985,20.691560896395202,0.12413189665271425,30.71672354948805,193.33333333333331,0.8952469331925555,-0.1939914141671878,10.803618786274422,7.124707877366049,0.6886503080220473
FaceForensics++/manipulated_sequences/Deepfakes/c40/videos/369_316.mp4,1,16.96535614803904,2.5854454823173745,0.6920720275620903,6.758755447007441,0.12548173660246162,0.4216674422754088,0.20467299706636116,0.05272928637805564,5.869702817022501,0.10000000000000002,576.6918516163902,4.888337278366089,0.8197159182911798,0.2023122309893179,0.2312573553378557,5.320713658357481,3.495136102312697,2.7724598698230274,0.4512122589910935,4.266156257833879,0.03267872701309651,0.40684325863747034,0.9919020901313513,0.007516522463357789,0.9326166896606705,0.9643050876219043,3.6626961424894184,0.008777427487075329,8.526316378265619e-05,0.20570233870393811,0.9841461258519115,0.00517638074234128,0.0044333855621516705,0.0051000467501580715,5.976712414477395,4.949946440647137,0.06205420240621673,0.9814490350977592,1.4803185096153846,1.1516236084627105,0.38137340426674304,71.86303090424829,0.6512790344103946,0.0,0.0,0.2798748763077552,-0.01994253812388466,13.964996700607907,13.377770522555833,0.8534406675959592
FaceForensics++/manipulated_sequences/Deepfakes/c40/videos/372_413.mp4,1,17.215598736008776,2.537557491806866,0.6857205522347154,6.490559639546883,2.610445620613696,0.33663584192897356,0.014258252416628526,0.08833252043329229,1.1879722001728417,0.10000000000000002,688.2903720703174,5.392417088150978,0.8059036955894461,0.14604134001864663,0.2626460607869774,5.638202891828654,2.8702001124444934,1.6242849193452573,0.08990971197371625,1.9198418211461046,0.029326649339995896,1.0078561467066602,0.9956240243319169,0.004616327191446132,0.9505370292499729,0.9562035763178969,3.5208384743758807,0.007759522181004286,7.609622844029218e-05,0.3482966269478088,0.9920899677664672,0.004771641921252012,0.0034018070437014103,0.004674297291785479,2.9094651377422704,4.784317787035564,0.007784003193274141,0.9885151806226743,1.5031060566471572,1.6235874852850933,0.5172630230584889,27.310924230553468,0.4378987343412231,0.0,0.0,0.3812838085276786,-0.14268945713050465,12.126891426080357,11.216634714509485,0.8189828742071515
FaceForensics++/manipulated_sequences/Deepfakes/c40/videos/377_333.mp4,1,3.5576032919654255,3.4729299324601954,0.5905725690755549,12.316946089561265,0.3717889703084386,0.15463648345954212,0.12750965190549632,0.06402775970137406,4.273930447909963,0.10000000000000002,1329.1029267079616,3.762720228731632,0.7620045517828183,0.4345197240418913,0.4087245473002896,4.756780974185167,3.7508131648250433,1.8033058535059425,0.5743195315656898,4.584583312195358,0.13203312023069536,0.5401729514637433,0.9855405270362925,0.018065703717051254,0.8697237363386058,0.9582931147300426,2.8034787775173178,0.007376450579613447,6.532688712468371e-05,0.4917724671753118,0.9923863894082473,0.004483806435018778,0.005087192170321941,0.0025731665082275867,1.6221086012132726,1.7779686435173203,0.005610465895882443,0.9828353803386551,1.6826727111204014,0.8368657027452001,0.4273509526474033,29.901146856381434,0.5112040363019794,0.0,0.0,0.47478727587237035,-0.11183689976435783,11.440495131355565,21.01819599580684,0.847798483919347
FaceForensics++/manipulated_sequences/Deepfakes/c40/videos/379_158.mp4,1,9.024085429644737,5.20282196127234,0.6088598643473849,27.760328611116044,0.11436648144568222,0.28131246979602753,0.04647825059990057,0.03927103259660148,8.173082082372343,0.10000000000000002,679.8326000325337,3.37516912817955,0.8684185006496078,0.2016781161796456,0.30631220105077045,4.829462865885618,3.5781259359911606,2.8035461222946094,0.46446783051899365,8.962955438177204,0.09047860964820725,0.6693437273973796,0.9902377748371454,0.009167125455825193,0.9195220295972704,0.9829559170366594,3.8403116229517233,0.01781337335705757,0.0002665494685061276,0.3909098953420935,0.9935440911407151,0.007105292286723852,0.006926086265593767,0.005560258403420448,5.359589069692526,4.751887077106325,0.014651464057099361,0.9855582254729959,3.8249830163043477,2.024827685859791,0.8051299976339523,30.953672772512608,0.5667186881482396,42.0,223.8095238095238,0.15249406551603545,0.0007008220303290558,13.612112856902895,36.7199323420531,0.8243966824159692
FaceForensics++/manipulated_sequences/Deepfakes/c40/videos/380_358.mp4,1,3.1520623548943316,1.633651875790127,0.6453018533642492,2.699079669288482,0.48605788438070413,0.16350568466199353,0.23090291522619816,0.08496990485097682,1.723620428600801,0.10000000000000002,534.6683837724911,3.600225067138672,0.8151726231291487,0.21434981462260488,0.23809084245270276,5.422063611179365,3.721679797436186,2.344638607389745,-0.32435193819151154,5.026085879376795,0.02949481073638014,0.3354883179226939,0.9939850101536044,0.005951616620041914,0.9641170489435245,0.9863560500217151,3.0871102084792024,0.0060119424015283585,4.6036948333494365e-05,0.528257833448914,0.9926860975597738,0.005197325721383095,0.0058057005517184734,0.004255455452948809,1.8124401011129125,1.508374028951802,0.0054454333069462,0.9908061365105044,0.8563897888795987,0.6268914497327023,0.2859603860289034,43.73631559374714,0.31420126686863786,0.0,0.0,0.3122324712665853,-0.15086656347452615,14.796195267205642,11.05364665194949,0.8358464213000852
FaceForensics++/manipulated_sequences/Deepfakes/c40/videos/381_376.mp4,1,5.826099598494388,3.639414888155583,0.6255056239529319,13.754302107330997,0.8145143850414316,0.19379569762625254,0.2108798352264604,0.07476166172064125,1.9096335721831799,0.10000000000000002,906.0264309156237,7.574572455883026,0.8816056818464988,0.1196572083720988,0.17908712167912158,5.892387370741668,4.043314530516156,3.802334290271057,-0.3049278103810443,6.333739135006257,0.014316921702485906,0.18704525919695578,0.9922423110569742,0.006251473187459703,0.9466335181587473,0.9716567065830265,3.90399946061952,0.01121721975505352,0.00010828020458575338,0.4406134654897409,0.9938492736574999,0.007408868987113237,0.004464740864932537,0.009844372048974037,3.6125133773348774,4.995763428947634,0.016506073981767996,0.9861120611060956,2.221761339882943,1.2647609034606806,0.6266193257013606,14.184754299879957,0.17026241529251362,20.0,220.0,0.5374067745586554,-0.08905527362973467,14.003019068997794,26.13494118165904,0.8219871126699475
FaceForensics++/manipulated_sequences/Deepfakes/c40/videos/382_409.mp4,1,5.188334183479455,3.6471569304113785,0.6284114664866547,13.656631727567348,0.10004526020690843,0.21813111992587575,0.17743881246053061,0.03903678558642402,7.22011035442591,0.11500000000000003,657.5732320174903,2.3868413001298903,0.7615332367778986,0.5174415570657187,0.3588706746677174,4.41035757046836,4.069342728680771,0.8468211749134658,-0.2151869286302004,5.383293310918295,0.07328952782833884,0.356910574074944,0.9889154350832444,0.016409580500016088,0.8365748276047608,0.9840028104926107,2.3150394311569116,0.00842369720339775,0.00011084484140155837,0.5812240778075929,0.9941892712837146,0.005137896630913019,0.005267440807074308,0.004052544012665749,5.778185254755407,1.9546143131720808,0.026895628258419162,0.9889802722982551,1.4679922658862876,0.8297366921832524,0.6097366844963152,34.87473280495494,0.3885846376148548,15.0,280.0,0.2130065600649987,0.020151215309460617,13.226683730199788,23.741374463271157,0.8806902921007679
FaceForensics++/manipulated_sequences/Deepfakes/c40/videos/373_394.mp4,1,3.8934208847562837,0.8766014525137541,0.7810704051825057,0.7723692880177193,0.2444725676987413,0.1500076139513804,0.049481017200315315,0.08189450557346141,1.7317065641893685,0.10000000000000002,446.36874288080327,3.0218164682388307,0.31036195224312463,0.017259318440185717,0.04515383917682188,6.574670603757721,3.5266256870463564,1.7552614674336167,0.4062471322922286,7.022549868351963,0.0011896271331756263,0.011997694156920096,0.9390959930212385,0.04290335019817415,0.7192744888799374,0.9465346294430996,3.6396046464700396,0.014623873867094517,0.00014219699369277805,0.22426607156174574,0.9958314352697836,0.006276476662606001,0.005930580198764801,0.004780480172485113,1.7266549517223093,1.7834390746928404,0.005782479764277173,0.9182210999346662,1.5208442203177257,0.7482578754394379,0.5551984540044193,16.032845068998046,0.2100360189774423,20.0,290.0,0.9337104212726831,-0.23238914160745544,26.711908078472565,5.736953987417569,0.30052447567057233
FaceForensics++/manipulated_sequences/Deepfakes/c40/videos/374_407.mp4,1,6.425498745617942,3.116094552890273,0.6966735504731184,9.857147609050617,0.1065442747761943,0.22189195290506566,0.04799656540911897,0.05636806204575917,3.4883098096166636,0.10000000000000002,694.9410862744668,14.01343525648117,0.8970252676437654,0.0068458046686469725,0.07672193812783687,6.307783922093649,5.87952829638683,3.4900651964334704,-0.24272019425850613,5.796202432699556,0.035475114382295204,0.08218150734847068,0.9798350620979632,0.018605330640903035,0.7944268383631181,0.984083931744183,3.8392902624521645,0.028581323102116585,0.0008245258941315114,0.2172863108647238,0.9950585715145536,0.007435473147779703,0.005265076644718647,0.01022789441049099,3.4322143913409957,4.927529741178255,0.02427446371654805,0.9780046994856249,1.931545908235786,1.379114079137625,0.43930853048411955,18.41454590454858,0.7338425237619425,40.0,185.0,0.11778837875409372,-0.10241159453091792,14.862870190527158,26.22654866025739,0.7703738333626827
FaceForensics++/manipulated_sequences/Deepfakes/c40/videos/375_251.mp4,1,7.828904763115342,1.9836523239375599,0.7109351225084394,3.996376602199491,0.19263818809168398,0.22166608974921737,0.11852215812333829,0.07189695790895292,2.382294382905802,0.10000000000000002,448.9799518596002,9.186069774627686,0.8039611606019628,0.031347450825445156,0.08552791688502726,6.242651394767515,4.747124582506679,1.542821727609863,-0.07827988681810116,2.8318269582497217,0.017021818967995126,0.1646507753955871,0.9932458240530435,0.004852153304296234,0.966953622846548,0.9699516365354273,3.800073129480063,0.012707316316664219,0.00012953899567946792,0.1356629647074326,0.9883077853853063,0.01013629324734211,0.007148982025682926,0.0053876726888120174,4.846904951663358,9.000480558952189,0.03317674627185194,0.9794608600162946,0.8711558058110368,1.3519308695791528,0.5474220864946211,10.92308438836001,0.22963621630063283,45.0,244.44444444444446,0.7841313679470098,-0.22065311174866534,16.57449259400974,18.576835072646034,0.7202356508534287
FaceForensics++/manipulated_sequences/Deepfakes/c40/videos/355_748.mp4,1,11.78535057194078,0.8262433932285388,0.7879768277406586,0.6856210350260356,0.21726196257670355,0.2744087399917049,0.03966620886389397,0.09502540451762671,0.9847822056760596,0.10000000000000002,139.90448110491226,2.22374113202095,0.4056861606817678,0.051086705980306416,0.04443745230823595,6.069482616577376,2.8922819854362203,2.5149336814276446,0.05236372573091675,2.971635141641316,0.0024730225629544323,0.1709321591720925,0.9930751255443009,0.005874009495312765,0.9608063365900997,0.9722043728220833,3.453238757452952,0.007109526544809341,3.0131099265418015e-05,0.5361674504252062,0.9923186246799568,0.005937226116657257,0.004747558850795031,0.00727216899394989,1.8724159474428619,3.574502256177237,0.012903320195002073,0.9569210597557172,1.9370264161789297,1.8757716386351957,0.6289581110425528,29.12706218297074,0.6889131464023323,0.0,0.0,0.5333223672167483,-0.21574756312118964,25.673198415603228,5.304548839971873,0.339701674628991
FaceForensics++/manipulated_sequences/Deepfakes/c40/videos/388_308.mp4,1,8.513700307804186,1.9475776458935887,0.6477906891668662,3.8341209271225636,0.030907893356882238,0.25242868188475287,0.2605619766137349,0.05559038351843061,5.426170673764571,0.10000000000000002,395.4543419854296,6.721463339403272,0.7373241406815865,0.24484159591186594,0.3751415418246232,5.786825033243118,4.597715119312996,1.5301889206896153,-0.6676581368243749,10.427377392599015,0.048531220193376766,0.20943737890284383,0.9937496347862761,0.006898259767010205,0.9634703018291119,0.9874806764693842,3.7302467426793036,0.009488076902925968,9.128638339461759e-05,0.49514897940726815,0.9966294342013895,0.005982489790767431,0.005405969452112913,0.0056457738392055035,2.4505779409475212,5.638793507046068,0.016935305899927484,0.9901483887231378,2.1914846362876252,1.2004610402228506,0.6845099080054609,26.373907634870637,0.4501754159599225,24.0,183.33333333333334,0.4080758145736166,-0.10854273514720368,11.627125219418309,17.20788851438328,0.7569954637802113
FaceForensics++/manipulated_sequences/Deepfakes/c40/videos/378_368.mp4,1,2.4129795165803376,1.0734490523219018,0.7633625079071529,1.168098854641012,0.12851821463024443,0.11525418662568516,0.17978418718748035,0.07841144891660902,2.2855968619586173,0.10000000000000002,682.0630869247186,5.062211549282074,0.5359417894272025,0.026944756559512794,0.064489689341112,6.414617165051688,3.590194331230409,1.8522617463307487,0.5476682629979477,5.058123856030755,0.00943426755264986,0.20770810066592743,0.9882372568779914,0.01497216661973126,0.8416066420355739,0.9429200921118337,2.2918094496449037,0.011120403185486794,0.0002011397446040064,0.16748905636097028,0.9981381758404806,0.0052551086992025375,0.005223532672971487,0.0035051987506449223,11.526503163620303,11.468485564041769,0.019259833369701346,0.9005012298778244,0.9384798285953178,1.3334391795447305,0.4718102406977127,9.803245086356101,0.20116702392274038,36.0,194.44444444444446,0.8157455703410355,-0.25846585449226844,19.68040213451867,8.315630143511033,0.45241027379390863
FaceForensics++/manipulated_sequences/Deepfakes/c40/videos/391_406.mp4,1,7.627681164258827,3.6422630355628782,0.5929796340833967,13.537412918070444,0.2237682724286906,0.22851892600643037,0.07457767525442466,0.058695349768548365,4.365356141162484,0.10000000000000002,978.6608827526479,5.511364114284516,0.8335362871136933,0.18526046777708713,0.28420866951847534,5.4272551472382125,4.122818033245959,1.9376107076123947,-0.06619239785877395,4.903332667244381,0.06957953619901186,0.21059053570318512,0.9930176421021948,0.0055741242127965804,0.9603610185654077,0.990186322840617,3.675360941712917,0.005562582518905401,2.5283912691520527e-05,0.4923589033166632,0.987089233151041,0.00475057540461421,0.004110291600227356,0.0058851041831076145,4.078117100850916,1.7684606408172434,0.013854517451650547,0.9881766887407881,1.425758387332776,0.8013201192873954,0.5779359942806965,13.709384209655044,0.4161209995679563,20.0,200.0,0.34119423363912,-0.1434242259491045,14.541719456168286,18.825270591305518,0.8629767049739436
FaceForensics++/manipulated_sequences/Deepfakes/c40/videos/393_405.mp4,1,5.821402392539225,3.0152628292381745,0.597043779331998,9.29242570139985,0.08790931048847209,0.20272752017628898,0.17484780499332295,0.046296286238993664,6.123199769921513,0.10000000000000002,849.4516807340017,2.771381622552872,0.8200597521518219,0.3844399308372598,0.23457785501434603,4.9890670921105125,3.7785412776727902,2.6457726473399608,-0.2766770760570985,5.416500932077453,0.13075784266393264,0.7452752464356851,0.9927205558344107,0.0069369855447444775,0.9673612432195103,0.9723733839443764,3.4251526142776902,0.006252623163163662,3.423099042265676e-05,0.3194416131369164,0.9899912983138862,0.0036020695697516203,0.005212915595620871,0.002348453039303422,3.6639878712363716,1.956107836105308,0.009722103510468927,0.9881662231511235,1.0511699153428093,0.805498049913823,0.5408026913519304,45.22331750420643,0.3673086256146171,25.0,232.0,-0.0169055040766783,-0.06794479559076697,14.636782796312527,15.280728831654462,0.8446266684660897
FaceForensics++/manipulated_sequences/Deepfakes/c40/videos/385_414.mp4,1,12.963975045827505,1.5071137673266919,0.7293353327324232,2.2968284359558027,0.5603436271337021,0.28680102389843437,0.08565365532834107,0.07614366006593996,2.4218961994551327,0.10000000000000002,516.6118308476562,5.166352653503418,0.591715318490976,0.12336454976010132,0.1126387350008151,6.114588786939465,2.780437977921214,2.1642170182328826,-0.2205372770786156,2.510990523052655,0.006147968809645675,0.5654205649079247,0.9815644960080783,0.015137000357079685,0.9050388821871505,0.8848651693379772,3.9690663784208806,0.008983719162642956,7.860725600039586e-05,0.20948607430519126,0.9848784082104878,0.004838292952626944,0.0035054737236350775,0.00642428221181035,5.934918822966474,8.368241346901085,0.019842985612513495,0.8088795977019235,5.725047031772576,2.9496783803937174,0.6620951555426351,25.016369926671235,0.5530130679453686,6.0,100.0,0.54574443452955,-0.214546317538695,19.903926391474865,6.454668552675511,0.472298748825578
FaceForensics++/manipulated_sequences/Deepfakes/c40/videos/387_311.mp4,1,3.3600286979562055,1.3486887540217116,0.7302829072098423,1.8646151264210507,6.8822815707623946,0.1746018003167726,0.1340094128445101,0.10203281209070143,0.45837175158533155,0.10000000000000002,517.0516644283691,4.577398657798767,0.6978612675306923,0.08809775236804328,0.14469653447498051,6.002762722446602,3.207978592469381,1.7413111735607614,-0.021357998224013214,4.217250764192128,0.016043504170855146,0.4441552485611812,0.9889316628357515,0.008232683466622193,0.9483650816481248,0.9591828944240727,3.820078005457731,0.00808707345277071,3.60924968845211e-05,0.29885242765783093,0.9876467100464599,0.005874028895050287,0.004861947149038315,0.003977750428020954,1.4049518417609332,1.896281591979461,0.016000197091542524,0.9559959975284824,0.9920013325668896,0.7667709693281298,0.2875424037476684,34.43218934887204,0.11432559784300068,0.0,0.0,0.11962483468061533,-0.24642283906570028,17.647016813020386,10.337210872635804,0.7269034605160576
FaceForensics++/manipulated_sequences/Deepfakes/c40/videos/398_457.mp4,1,11.284318589771495,3.1379747379385954,0.6163105444793453,9.948748667832806,0.36207782521460535,0.3004020221706682,0.2662832404300266,0.06839633377146306,3.145151548015794,0.10000000000000002,375.193893942092,5.316495871543884,0.837805966937438,0.05188107081235703,0.10971536221604872,5.585977479547957,3.40032584819843,2.46037314858654,0.2258457010979742,7.484997461684946,0.02018232062501137,0.11664916899088099,0.9927599175329956,0.0053000324235507705,0.9709897257536709,0.963770661179055,3.8585536796082556,0.009403475560247898,6.040904190740548e-05,0.27722793537582957,0.985978181523708,0.005467848386615515,0.00354826170951128,0.006575027015060186,2.9342523983699875,3.1925651491264997,0.01868645263845867,0.9832297551217192,1.6113150606187292,1.827425456721396,0.664022509203017,41.65705403037896,0.17007149857212397,10.0,240.0,0.810728927895494,-0.11260397873400291,13.828231557348259,21.57287767432219,0.7874708795080314
FaceForensics++/manipulated_sequences/Deepfakes/c40/videos/390_709.mp4,1,13.43672875224873,1.8702613325537556,0.7503703750739877,3.5361037192886933,0.20112596017378742,0.2776771769740786,0.030559119328794265,0.05897640384676285,2.374261487520022,0.10000000000000002,622.3660699925305,6.372426009178161,0.6198550172173517,0.02987525435386816,0.05016273755621704,6.254440588436568,3.3030903547302426,1.0741267001879373,0.09418091848187331,6.674783053583377,0.002402256830199387,1.1547297272102373,0.9808344449258948,0.01842015045887329,0.8675053598346573,0.9821329980039786,3.667365898480807,0.021305574104189873,0.0003716190985869616,0.36309179924260315,0.9939110021139367,0.006460921373218298,0.007985750213265419,0.003917717840522528,6.320181755241688,7.2725857643459655,0.02149549438290092,0.9576600657167585,1.8072023933946488,1.7057827026175438,0.7575351482281851,10.313932974636185,0.37339629336289865,67.2,273.8095238095238,0.11150089457101034,-0.16736501976746865,18.773559271940474,9.462299396139247,0.5709577913771547
FaceForensics++/manipulated_sequences/Deepfakes/c40/videos/394_373.mp4,1,6.0776841854386205,1.0153758894474707,0.7686813972972226,1.0396005238429207,0.1843032967221693,0.22796027377859113,0.012955660683415377,0.07663031948236697,2.141174543085392,0.10000000000000002,316.1258916346727,3.0224072992801667,0.5316245490416632,0.04195111582211148,0.08916298993559987,6.262186431854942,3.332217717355215,1.6588915632106191,-0.3365591041527241,6.18094907869816,0.005467532102188349,0.010404693630057336,0.963187181629484,0.03144051692736932,0.8107440790602629,0.9695944848025709,3.936950174401541,0.010469682514667511,7.47627709642984e-05,0.3159398802224267,0.9921940484340579,0.004899041727185249,0.003387531265616417,0.004950088448822498,2.2385820893178856,2.3872318996529818,0.01849348340170599,0.9771421672400068,1.3266291283444815,0.7545968893094249,0.38835483888195155,47.61842102053436,7.400651202971176e-12,40.0,215.0,0.7236301232409508,-0.17247721721715562,23.565730740157655,5.013072181635581,0.4485437779577751
FaceForensics++/manipulated_sequences/Deepfakes/c40/videos/392_339.mp4,1,13.812042242508786,2.0383704056957406,0.7098658914301845,4.199537899960236,0.565267750672922,0.33835166236839165,0.275604759051699,0.07778209728130417,1.8872390906009293,0.10000000000000002,242.3989123388586,13.070717775821686,0.7025325537597004,0.04655723072766485,0.07997818277090038,6.606712317788294,3.279551564770615,1.841761463371382,0.4996395370466369,2.4347805177827073,0.00975652474461051,0.049107905825888754,0.9526995157788368,0.04494967839456785,0.7298182760022536,0.9492877388278907,4.042282724101527,0.04601111635565758,0.0018037304980680346,0.20805724277690443,0.9982893890119894,0.007066082209348679,0.005818389356136322,0.00500186812132597,2.528333161453996,2.869445975985866,0.021642099630088372,0.9622749576878313,5.805572611831104,1.930004539834929,0.760259437084655,29.799480180820154,0.2988433381200442,48.0,166.66666666666669,0.6407215831192429,-0.15340802436193085,21.429666307322176,20.385009690323038,0.44396610344452897
FaceForensics++/manipulated_sequences/Deepfakes/c40/videos/395_401.mp4,1,6.942784531675312,1.2270558275293861,0.7372392582328567,1.521454727429571,0.11799217648119849,0.24462076978752453,0.13272763651683084,0.06975600987720085,2.9221781020456943,0.10000000000000002,329.14688031810203,2.655895435810089,0.7284254999466848,0.2376571330826676,0.19617023593525476,5.675701131654506,4.127992964853574,3.5938478628170145,-0.1195283662790615,6.525383497709951,0.024660297073683595,0.42546438606062875,0.9922343106194709,0.005961386085658455,0.9695129913869153,0.9484860194309291,3.7742762130764174,0.006932413205504417,3.370971535332501e-05,0.33657813377715673,0.9901538572942575,0.003887273371219635,0.003934742882847786,0.0033058549743145704,3.5526725988168515,3.1431824245652633,0.0075570764907395595,0.9802422432710041,0.9151664402173914,0.6266026011126442,0.34890282844493437,162.17072899654636,0.31885339117837164,36.0,211.11111111111111,0.3316677784890954,-0.18898824520043447,18.243598405035506,5.832483500849881,0.8104495296837999
FaceForensics++/manipulated_sequences/Deepfakes/c40/videos/396_272.mp4,1,12.789253587754937,2.2135579470530695,0.7056581154011512,4.964905592448249,0.22608558206081134,0.33395867591675843,0.22822351277427977,0.0665719828504116,2.299015885950345,0.10000000000000002,295.1534309252101,7.788883179426193,0.840394272201657,0.08203019579886621,0.17991802117781586,5.883735612142215,3.603173379930591,1.2300639271665301,-0.07976941806288013,5.2581364595630085,0.03615695479881884,0.0504991661383183,0.9889551796200865,0.011655018119754737,0.9198833037507361,0.9818148482502098,3.2034589696130253,0.013740825466811657,0.000221027439692989,0.27671392309953874,0.9927935306207956,0.005819885525852442,0.0048638517037034035,0.006712227128446102,2.2701304350489235,3.6884066434024123,0.025505681684272273,0.992197074930185,1.6928825250836121,1.6480163775917027,0.4229226551943296,14.931732434372169,0.023241186485891734,18.0,188.88888888888889,0.7689341115366115,-0.14836150430128495,14.077204924190251,16.69545941468679,0.7859228790822925
FaceForensics++/manipulated_sequences/Deepfakes/c40/videos/403_497.mp4,1,9.805288273806939,2.973413216297007,0.6749466238010108,8.883906973505267,0.8143736913184558,0.29064990885168007,0.19755769082809932,0.07594656889194354,2.6245404946775834,0.10000000000000002,462.411906988889,3.0334255278110502,0.7415981762789822,0.29219642530301815,0.23196855721509624,5.656335650768239,3.1343011980261233,1.628590122163087,-0.33061144606445036,2.012028323096479,0.02522658355926979,0.039241817389767994,0.9833295378742192,0.016286689627347094,0.814992639408223,0.9793619618530782,3.335018572249057,0.0064446646720170975,3.546323932823725e-05,0.2651762233944514,0.9860880695871868,0.003500889288261533,0.002848859643563628,0.0031363824382424355,1.2674414328162602,1.7721597362327595,0.009420940676710792,0.9921284018979905,1.9242298547240804,1.1762540679368385,0.8438846094075203,14.871516120186387,0.16079132568178262,0.0,0.0,0.528752381467253,-0.0989022514989202,12.485375982534967,10.55695326451177,0.8004757372475558
FaceForensics++/manipulated_sequences/Deepfakes/c40/videos/383_353.mp4,1,5.319571579005861,1.4273759419265302,0.7194440055466882,2.060572338967501,0.7228257542175559,0.21077560378093088,0.05457342436450744,0.08349570464928158,2.0058286645916024,0.10000000000000002,421.4222525228835,5.697889447212219,0.7507374565112842,0.09394758617913636,0.13199911003123846,6.24386645407983,4.111041504437803,2.0449099377021493,0.42717066084430044,0.0,0.023643471546853995,0.2625075819711023,0.9903442431379137,0.00929529508014534,0.9457521240292805,0.980163460775547,3.5559155436490792,0.013824091292917728,0.00021007399482186884,0.2597944920615676,0.9935082747756476,0.005793525371700525,0.005141282919794321,0.0038969789166003466,4.150999550328532,2.376978178216603,0.03974320686907875,0.9622649732047835,0.9172436768394648,0.7517303601697501,0.5709923694878583,67.61613451525103,0.04737075763760595,12.0,100.0,0.6413434467071151,-0.22391299256332683,18.573767801527005,11.216818857964274,0.7936806395128392
FaceForensics++/manipulated_sequences/Deepfakes/c40/videos/399_488.mp4,1,13.58369531249599,1.3007928895871241,0.7593820201291207,1.710848578635714,0.5545426445682441,0.29004797969177265,0.023387235629039053,0.0851240393258341,1.1572928677498253,0.10000000000000002,447.4034842323081,6.637906956672668,0.561327433421147,0.026765571860494823,0.036573114770756796,6.455594322740624,2.8638720244062545,1.3822464535578578,0.1464290203797043,2.1911636206547915,0.006354135540334559,0.00878495908952656,0.9743656123945997,0.01873490146860445,0.8990722274487934,0.9664810914584312,3.6339463997653025,0.01378568634390831,0.0001301785378018394,0.2578731401210934,0.9896377399228743,0.005726579576730728,0.007151850499212742,0.004112732596695423,3.717410838067318,5.827379122057172,0.010063895677613252,0.9479613333562958,5.812036214464883,1.552265226343857,0.4823504373413662,25.963292149088748,0.346085549512662,60.0,193.33333333333331,0.6043724424520929,-0.2243379644100157,23.080913838400292,8.951027352164468,0.39038421278066904
FaceForensics++/manipulated_sequences/Deepfakes/c40/videos/384_932.mp4,1,5.0606627833171824,1.384966768961464,0.7471461272026045,1.9329347878044476,0.06673746014510083,0.18627916519103974,0.18815432875715218,0.061484217954954234,3.226104858189223,0.10000000000000002,535.9018998200354,4.471119403839111,0.6826014756128238,0.14922281144347854,0.20637963988693664,6.033889160776621,3.5434608735701465,2.970960165789415,-0.26449646117502756,2.244148279062786,0.007678326106822931,0.04445273467115847,0.9831152715770197,0.012180970276739422,0.9263615357863829,0.9773544716312146,3.6650904083686435,0.008321673609316349,5.990151839796454e-05,0.27251273105928053,0.9930625312040887,0.005178952589631081,0.0029785975348204374,0.0064346143044531345,3.9759917754235103,4.73746087810922,0.014267900632550633,0.9357503158932141,0.965379389632107,1.13816018632925,0.7372685182866252,34.751293339377135,0.32032083908441955,0.0,0.0,0.5468037349236223,-0.17325499826716817,17.78813059134814,6.080708681533377,0.6290191977163718
FaceForensics++/manipulated_sequences/Deepfakes/c40/videos/405_393.mp4,1,6.2019683167666795,3.9280224084384097,0.5987102257240757,15.622879603158301,0.2003743820615295,0.21043655848644144,0.0476592088623173,0.052925496081549596,5.294944511303905,0.10500000000000002,1164.343801348976,3.464769792556763,0.8458857740803074,0.027576532632591633,0.17394390948067712,5.3633877424654814,4.814727590464201,2.80638121797592,0.2081233673930689,11.699781314919345,0.03581284292139084,0.13895978609039195,0.9817819258893669,0.017159303640288018,0.777884937868695,0.9728926266973714,3.9896290366115372,0.009664616547524929,0.00010664313595043495,0.2316237471215572,0.9864553030089687,0.004504349548369646,0.0039616054855287075,0.002595689380541444,7.6878646633950805,4.454888759362172,0.015102542303982605,0.9862899574005022,1.574790316680602,0.6784309445051466,0.40458723890648285,32.08508360101902,0.40908457953110283,0.0,0.0,0.4030859076424647,-0.10500851408149217,11.195512917490513,18.013337586349788,0.7449950710743724
FaceForensics++/manipulated_sequences/Deepfakes/c40/videos/406_391.mp4,1,12.11835786636166,3.068858746480621,0.5944115572434342,9.54412401547042,0.06818606970454857,0.3182472845934237,0.12697283978492113,0.05194844564053765,5.489163992117118,0.10000000000000002,536.9498797259804,6.612794560194016,0.9113945695297445,0.19237013141926232,0.27385838718647415,5.741251157415141,3.472407265730106,2.047337009433611,-0.23816262899204363,14.804535152880756,0.04390770755615479,0.5977110430274821,0.9930145230243188,0.007918307093941597,0.8909825472597918,0.9883909577675462,3.966557987863375,0.00989138800650835,8.03926304797642e-05,0.38662908578843014,0.9890823656313741,0.0069844648241996765,0.005955687258392572,0.008841951377689838,2.3610621896535346,2.704894489074969,0.01255491574404082,0.9953040779141242,1.9611236674331103,1.1731129993605622,0.34840300639528576,20.882952287120474,0.6411219145711649,5.0,120.0,0.5511519219603432,-0.12702100902690627,10.630124617907278,15.703720342289653,0.7930833607861217
FaceForensics++/manipulated_sequences/Deepfakes/c40/videos/386_154.mp4,1,2.494451618391123,0.7784003769523202,0.7792102953581812,0.6136203385411981,0.8968766949864879,0.10551548557854637,0.17651572512521305,0.09492329442346352,0.7583555287056265,0.10000000000000002,731.4611571172561,2.2702556610107423,0.34512792722262253,0.06581693652936743,0.0789949361787452,6.16257505657431,2.8748530046079903,1.915201369345217,-0.24267040118043387,3.5764579890173867,0.0031237303591032184,0.015356188784572023,0.9734716284188902,0.02735008737382637,0.8653964751269859,0.9536581816147159,3.163583704272341,0.010446550324559212,0.00014295068103820086,0.23647161378386594,0.9939192601228337,0.005010917782783508,0.00443093990907073,0.005759545601904392,3.397240963277895,4.044128780056357,0.009818811696728021,0.7846254129177009,1.100073160535117,2.690121174268595,0.6038439022116597,16.14207366970637,0.17659841147718955,24.0,158.33333333333334,0.7258333561751311,-0.25576726292999635,21.14328198344571,5.473925957375608,0.4370176642942383
FaceForensics++/manipulated_sequences/Deepfakes/c40/videos/400_476.mp4,1,11.957268362634434,2.319452820239334,0.7074730741989006,5.425995549467258,0.4953502210629474,0.30545903501206634,0.33915688791489107,0.07471441655804567,2.122452363526773,0.10000000000000002,314.1600240892558,8.80921380519867,0.7860876873809943,0.04820662066674471,0.07928368076382933,6.109038829041879,4.434699142695698,1.7144444266141146,0.4833563291913127,5.524274996747642,0.011290796077995395,0.20764294669925384,0.9875586426286084,0.014249215243258985,0.89875581187132,0.9878359162336806,3.436389815252848,0.009816665202379227,7.285361061803997e-05,0.4512943009755708,0.9950168732696588,0.004664022475481033,0.004059262108057737,0.004845761228352785,3.0976902331528215,5.845821468830553,0.013229317264479462,0.9807272876894576,1.7508720474498327,2.1395478133930528,0.5768628556954039,49.57120397184016,0.02691327839714192,5.0,120.0,0.5531863900719493,-0.1514557973056813,17.75822223029615,16.114220288824118,0.6655387655543528
FaceForensics++/manipulated_sequences/Deepfakes/c40/videos/401_395.mp4,1,5.1616236747768145,1.7381952391899411,0.7120802874568377,3.0788321856881407,0.10313238805675078,0.1918176826256878,0.37941982362571874,0.07152425551724986,2.133921837703853,0.10000000000000002,540.9011960309113,6.454834246635437,0.7264307722253533,0.049824279362956865,0.11534244819592263,6.01337387984617,2.9082243110507044,1.2103035019101174,0.2598164772829498,5.990274478396601,0.010751180339700621,0.18114614047447827,0.988930074883293,0.008865693027026791,0.9481012471557758,0.9814965966523308,3.345017425255331,0.011124341748654842,9.95024383882992e-05,0.31789031369829657,0.9891801184095506,0.0053823888301849365,0.0038577273953706026,0.0041427575051784515,2.024885685975918,2.194850338781511,0.007137255376280244,0.981692022390613,1.222323108277592,0.965981052733578,0.8581761819663959,20.750739058163713,0.1213524845194411,36.0,238.88888888888889,0.8300801244608889,-0.22389611687410815,14.949024008006742,9.241837508631692,0.6805876207037485
FaceForensics++/manipulated_sequences/Deepfakes/c40/videos/389_480.mp4,1,8.708330275838154,1.6326947852360363,0.7403439625640099,2.6965617687620624,0.49582207481396423,0.2678002276501415,0.120556419784588,0.08386789499253576,1.754125123091539,0.10000000000000002,225.19925259838837,7.469101524353027,0.7016580754344184,0.05975525536495691,0.10857884356392596,6.195456488491609,4.557824888399388,3.3976610879419726,-0.2274276235314618,6.3827672197838945,0.011778900681393685,0.03141107297746819,0.9911634737422084,0.00665562997678453,0.9615834960623901,0.984442079025126,3.8805551586686633,0.013476152904331684,0.00013543138629756868,0.2745687798700248,0.9906615723560427,0.007453960832208395,0.006447056774049997,0.007888532243669033,2.3346531383335685,4.4022743687977135,0.02661028613251619,0.9882751162058382,1.1747132368311037,1.5106630758160058,0.4711394393830489,13.492697690315335,0.6269127607239988,25.0,136.0,0.48045051655520427,-0.19946141433553152,17.259882426607394,9.762476945904467,0.67167527998742
FaceForensics++/manipulated_sequences/Deepfakes/c40/videos/407_374.mp4,1,5.350766350897205,2.457336344133681,0.5904326901966466,6.099043073281802,0.07982998986645287,0.1940668180355844,0.18805220782481663,0.06806472483902444,2.5899215028057716,0.10000000000000002,778.8458025908619,5.110153591632843,0.8719225768757195,0.19895521202344627,0.2811850096297532,5.38876360377416,3.9861647983354818,2.0425096789933397,-0.12515354866261152,6.669868137058808,0.07670969628499362,0.47023289109350014,0.9868013292855567,0.010870850181153024,0.9360568012196714,0.9832394118033965,3.22376916539259,0.007241275627166033,3.456495687714778e-05,0.34733897973623823,0.9858101690441997,0.005195106845349073,0.00497561227530241,0.0036773246247321367,4.208557531314121,3.175270433363491,0.013790691341620915,0.9945691012531697,1.6733839360367893,0.866119944061101,0.5711542633117987,26.96267672194689,0.10508181678894905,10.0,180.0,0.2406091852216207,-0.10577451946907873,11.380099915452535,24.92540400590658,0.8183143091393656
FaceForensics++/manipulated_sequences/Deepfakes/c40/videos/408_424.mp4,1,3.351948571382733,2.5946855932738666,0.6644064125865795,6.845807645739273,0.13477728568336805,0.157740357910068,0.16288007273070626,0.059057740881367636,4.3133822658118035,0.10000000000000002,805.5706621611716,3.860222741961479,0.7609252178685446,0.23173958777067313,0.27243692040199513,5.593713387664838,4.367158690544151,1.1997686734702955,0.7086317018695576,7.133403630140139,0.044465732568805254,0.15345133018117427,0.9681133742540553,0.030522611892332584,0.7515161718973425,0.9603385923854599,3.5208776376209143,0.01072116382420063,0.00012015322135994211,0.2558305646153083,0.9878702419253697,0.006280507426708937,0.0070283133536577225,0.004254388157278299,6.286716097278344,5.560076683087397,0.02923487308749258,0.9748265408653258,1.3526762385033444,2.558209503398423,0.4571942055520458,66.44044033191341,0.7006991225617353,15.0,253.33333333333334,0.43439512960749815,-0.10021842532564039,14.626419170314716,13.63899928723703,0.8261200628599691
FaceForensics++/manipulated_sequences/Deepfakes/c40/videos/409_382.mp4,1,10.808428365452238,4.2957792760186395,0.5989795220911873,18.794031375125556,0.3630874877855369,0.32002258415280144,0.13573591305252145,0.054519792322947624,4.417772448575949,0.10000000000000002,717.83942719155,3.6657361298799516,0.8172850432061857,0.3691891151239817,0.2777972085574013,4.91721475033765,2.917727146710833,1.9585129302748243,-0.24508641858171828,5.998903023921065,0.07292396260377586,0.6943986320790173,0.98893693701306,0.01184439129663618,0.9189492026602385,0.987850589628061,3.4265194992197516,0.012559467926621437,0.00023485538258682936,0.31401612803513473,0.9856197835551852,0.005805026739835739,0.006890951655805111,0.005067284218966961,6.003251958451905,3.792881526751022,0.027034755294006278,0.9834312157326643,2.8895569868311037,0.9021229005519807,0.7456764269705842,19.142951906471634,0.585115262654587,45.0,253.33333333333334,-0.021124794462980868,-0.007622821874806656,14.450633766146678,29.582465882363042,0.8450141966536138
FaceForensics++/manipulated_sequences/Deepfakes/c40/videos/404_429.mp4,1,9.840265418965387,1.6259906888452786,0.7286376414865001,2.6861808414781447,0.042907998317099016,0.2807875366024576,0.037475505982599744,0.05330223447090844,6.069024798379973,0.10000000000000002,824.6014513579127,7.6482941031455995,0.7539745373061083,0.017638118808866572,0.08355677453968209,6.4229850185603405,3.8663473988684243,2.393189372020614,-0.25459655546866566,4.0646485504860195,0.02452610000151037,0.3197123664775502,0.975935483555956,0.020896864541184963,0.8629516314777277,0.9607210431875459,3.6983690114206893,0.03681086376309395,0.0018332769395783544,0.32974843330314124,0.9939599199983125,0.007775697857141495,0.00637460220605135,0.0065155052579939365,3.5891337133656314,3.7710008466040374,0.026316590124301723,0.9626989105194622,2.740805941680602,1.3515842177421238,0.7974499191334454,17.964888127588225,0.4680253700803483,55.0,178.1818181818182,0.2061283381329382,-0.13468343292557328,18.769213319205093,17.01093157231035,0.6889432290453653
FaceForensics++/manipulated_sequences/Deepfakes/c40/videos/413_372.mp4,1,8.515779953729048,3.039969597638354,0.6121272948514572,9.308106234047214,0.8588875865615485,0.2312176651489591,0.2712166349910262,0.08550809271140489,1.6676313257616393,0.10000000000000002,910.7387726650459,13.074216544628143,0.8648987182883772,0.0319390496621613,0.1194748545804178,6.192005362360096,3.1284053790993234,1.503217128792617,0.14670869128720793,3.216939378744858,0.025111797155408257,0.08097340225782837,0.9901719348560615,0.007239525390741944,0.9564591489556276,0.9791917218003794,3.6673459606747363,0.011266269721090794,9.476271225139499e-05,0.3695915107103717,0.9945150513713581,0.004467041231691837,0.004039998631924391,0.004721600562334061,2.581922493151897,3.2589452664213305,0.007502001077036361,0.98978098681665,1.913203516931438,0.9617423513903468,0.3350931375874513,31.04201955305822,0.5732915948665339,30.0,200.0,0.7101474488055326,-0.18155634463818385,12.579169248269963,18.01235841642982,0.7506762166728452
FaceForensics++/manipulated_sequences/Deepfakes/c40/videos/415_484.mp4,1,12.539283199807373,4.26724361196641,0.6684308615134367,18.558542445147005,0.2595711611602537,0.3409031662282794,0.19250695756763428,0.057629751893328064,3.8252928674961373,0.10000000000000002,636.9009400219021,8.258778440952302,0.8575449547441807,0.05412997943703834,0.1638681560568342,5.583604817864906,3.210889987312384,2.684319040756722,0.03189993221291008,1.785111283460367,0.02589127917000182,0.6179695571428737,0.9751186914596454,0.021482293882573097,0.8590244938770653,0.9814955651530948,3.5252691668133758,0.013802168890833855,0.0001858242612797767,0.3607210169403225,0.9850719719967712,0.010128609836101532,0.013797055929899216,0.006773816887289286,13.223212227484627,4.25467480917854,0.03503189853639393,0.9331312067524214,5.090340196488294,2.822677765338421,0.675861137195376,12.77981569256475,0.1665369725837575,42.0,176.19047619047618,0.34227315945904935,-0.0005290914727705452,12.997730723554763,26.146423025150703,0.8231974203655441
FaceForensics++/manipulated_sequences/Deepfakes/c40/videos/417_496.mp4,1,9.180100528944049,1.9658351730495949,0.71284344703275,3.8886396684684983,0.12118071847065463,0.25915808006128693,0.18397188016626273,0.05461328607718846,6.52055585155659,0.10000000000000002,522.922947132659,6.3047799408435825,0.871804197816315,0.16967575937305646,0.21231184998696756,5.812529153817667,2.620549109355481,1.574706395188883,-0.3864426176417904,3.2043813783047277,0.03303097216281924,0.3022142918836525,0.9921324611736437,0.00656615572906766,0.9530729806820886,0.9892208438654183,3.156571092935052,0.01562117226421833,0.0002306883834535256,0.3818057127652922,0.9910155806146497,0.005276497919112444,0.005306605249643326,0.0038642287254333496,2.3417700196530404,2.9118895105270117,0.013641279154805055,0.9864755990030484,2.2353286998327757,0.8415126212917673,0.9232531671677786,24.940118453370413,0.24677346300961253,96.0,150.0,0.41954998870823923,-0.10014088691623096,17.87396674383755,17.919941495222236,0.7769066058756227
FaceForensics++/manipulated_sequences/Deepfakes/c40/videos/397_602.mp4,1,8.671429453620686,0.8766095455870945,0.7762024985775785,0.7801160473753935,0.05360059010110628,0.2629145051425973,0.2775829281422598,0.07683213988701712,1.5233789666483366,0.10000000000000002,120.01240683605226,2.859936958551407,0.3510353343279782,0.07065373854275782,0.10132585336330566,6.130354900425875,4.554934454755043,2.809542178273523,0.0008371661957198157,16.50159989420304,0.0013032193979957115,0.05039733361251238,0.98094632396634,0.00979893381234202,0.9439729101069448,0.9317885638447033,3.814730126588522,0.007569863926619291,4.405362415127456e-05,0.2164802654122111,0.9911688681036795,0.009619646705687046,0.007837016135454178,0.007455283775925636,4.8701477387322445,4.928546882092764,0.021132521616375723,0.8342229892308561,3.3607075668896322,1.867148233476941,0.8036134225090045,8.79653317600307,0.4715659052968139,12.0,166.66666666666666,0.7717074572838284,-0.2125137775199267,25.38749712560856,6.069020222099665,0.3127724169627803
FaceForensics++/manipulated_sequences/Deepfakes/c40/videos/420_257.mp4,1,4.309726708569602,4.947296272303048,0.552617923849086,25.116702978481875,0.5306191498236785,0.17757243483208573,0.0319311970942172,0.060415046483542865,4.590666494884715,0.10500000000000002,1599.5541590006019,6.004515600204468,0.9118996817902447,0.120704127409618,0.25122618800868124,5.534073287747125,4.012669253150874,1.1539360896364137,0.708800009518136,12.672491274672886,0.10614878363401736,0.3733412122848103,0.9752536425831106,0.02258722127939952,0.8715141521198431,0.9753400891697777,3.7407132954247664,0.03363148123025894,0.001589918159879744,0.17068169122852528,0.9953446842972781,0.006564998533576727,0.006447189021855593,0.007165717426687479,2.9246047307017538,2.235427127234597,0.01635494550442057,0.9664724915219846,3.3098969220317724,1.5527098358477909,0.5335970163126118,56.10548098486849,0.5785817875471774,45.0,168.88888888888889,0.20972003206846615,-0.04518293489511542,10.833669769686182,30.023438101411035,0.7783982498474806
FaceForensics++/manipulated_sequences/Deepfakes/c40/videos/412_274.mp4,1,9.991764937598951,1.7684573297493227,0.7386366225681693,3.176872512957383,0.3053745103481343,0.2608143826444088,0.37447943267370104,0.0760144221767525,2.127094937311802,0.10000000000000002,384.5237750554491,8.285237067937851,0.792164700018691,0.034880929424005176,0.07680948077094579,6.108383339237743,4.063367407702559,1.8535299361137985,-0.3689204689343107,7.115163334144186,0.010276517094192065,0.28787035980265735,0.992478125010377,0.00784835322495839,0.9497285215604975,0.975314882896952,3.3902535179496858,0.009804659523069859,8.830300794215873e-05,0.211203003513471,0.9920890505490736,0.0066246893256902695,0.0061713033355772495,0.0059137227945029736,3.2227576308384567,4.4938795806340135,0.00957593143621165,0.9925361589408992,1.8100373641304348,1.584465570539825,0.4894358501049979,29.61444863709299,0.5924086051395548,48.0,233.33333333333334,0.20209168814591374,-0.17084436748644422,16.985285516604975,9.779383440778115,0.6880099673625407
FaceForensics++/manipulated_sequences/Deepfakes/c40/videos/416_342.mp4,1,7.054235613938995,1.429310430604689,0.7346272238404443,2.082528027188324,0.17553420731190073,0.22189925070657063,0.26885978849263925,0.07410327578827444,2.3441536688367135,0.10000000000000002,1052.4848984976854,8.303262865543365,0.7415879129597185,0.015237219874807733,0.04766911974094295,6.173607198999563,3.296390260186769,1.9892727228747642,0.19205369775896067,3.9815740640363213,0.00289807993994186,0.03041395672057584,0.9602276245791784,0.03226492324598447,0.780371327120167,0.8842779422067536,3.656763073408726,0.035541605204343796,0.0016254617366939783,0.24203155029934453,0.9909147536523566,0.011154276318848133,0.008838639594614506,0.015677183866500854,6.973007804480579,4.711736411382985,0.022055301615953486,0.8589870664424591,5.712737118520067,2.8244049259797204,0.731245684227938,13.45352183713319,0.07985937352942564,10.0,220.0,0.1671081994424386,-0.09558553536818266,19.896733886421547,15.641989133484405,0.2624237682701394
FaceForensics++/manipulated_sequences/Deepfakes/c40/videos/421_423.mp4,1,7.03748826515434,2.173801165833316,0.6561219644543453,4.768793676411855,0.048195236936389135,0.2511857639801508,0.19198864584769643,0.05599486604630736,4.0777445324233,0.10000000000000002,428.97022867140623,6.799503302574157,0.8133721618654379,0.06616398313692685,0.13505408041039788,6.138637908314862,3.4878488433621113,0.8800488942256959,0.7325060505760471,6.009182464033322,0.04201347548949905,0.26442343050206524,0.9822435074025746,0.013546156694405901,0.9173274376294106,0.9765855342794009,3.833548185358458,0.02053394913673401,0.00035514577757567167,0.29189146778545094,0.9938661057602131,0.006683529820293188,0.005581642966717482,0.005319563206285238,3.9541704532302235,4.130458370258877,0.01669200349535022,0.9583809036742489,6.286158941262542,1.9048085328577067,0.5146695140435875,9.63103655444778,0.15010554727386732,65.0,187.69230769230768,0.46199494007240766,-0.06467627116469898,16.786051723575948,16.590128696610808,0.6937448622372844
FaceForensics++/manipulated_sequences/Deepfakes/c40/videos/423_421.mp4,1,12.364794119892982,2.6417460738598137,0.61177875674494,7.127492972051945,0.07056920507109413,0.4024078178832253,0.012589087539970048,0.05015357371803758,6.1065011222695285,0.10500000000000002,234.2371859572333,10.232851195335389,0.8932256881329295,-0.025035369110874693,0.057532987427991726,6.589768055746969,4.1521888772502376,3.391929777699646,0.7059087769897043,3.1152716254292345,0.0136792195035546,0.07285079931975064,0.9573865540774945,0.03824026198378266,0.7039178801854833,0.9626990224778444,3.889925596020717,0.04616674408316612,0.0017267303774133325,0.18402256110562185,0.9954301574081266,0.006901752669364214,0.005746645387262106,0.007404445204883814,4.006803303384751,3.479972601391395,0.0148195620021501,0.9538168462912574,3.6060566471571907,1.786863198953809,0.6119038254621294,16.955788720242694,0.5259745322624909,5.0,120.0,0.40059179536990525,-0.15439614313683703,15.378478220032852,17.619918689284322,0.4836239076322604
FaceForensics++/manipulated_sequences/Deepfakes/c40/videos/418_507.mp4,1,10.506040840203449,0.8096077509432396,0.7897422125133468,0.6596346142825037,2.027179549478066,0.2784610195625122,0.29087180423019493,0.10413944006728715,0.8225637736511555,0.10000000000000002,228.1241596581486,2.2189987897872925,0.514828152221376,0.07014981953164157,0.07301916228622424,6.122798480262163,3.9644232274678632,1.6088949082427144,-0.5426338577733871,6.722044897091227,0.003109956451996223,0.058021377176219927,0.9944538753797381,0.004495257088166968,0.9656096351999022,0.9354062649872092,3.7107179324642705,0.003960286267101765,1.1578973499126732e-05,0.4429650185653521,0.9849567584424023,0.006495155859738588,0.009719382971525192,0.0045317732729017735,4.004260495834761,5.714143205279093,0.019715945843176142,0.9277758639087034,1.285763743729097,1.0881563208758138,0.43110073143929906,28.682208542116687,0.2139619965455761,0.0,0.0,0.9333322601977189,-0.22425657347288092,25.649931502577086,5.446004085371699,0.6018862977047131
FaceForensics++/manipulated_sequences/Deepfakes/c40/videos/424_408.mp4,1,5.008014364297382,3.057745296128842,0.5857775936649493,9.430615213916948,1.7220440677811524,0.22510357947417048,0.04243573101193654,0.07709287414101383,1.8241829895006436,0.10000000000000002,568.8503763360239,4.0815819829702376,0.8486821792307625,0.21349538063412182,0.28854226492576746,5.20698535987351,3.9500290556156883,2.540443806524277,-0.5171063507757282,4.432815566447558,0.04153729069832253,0.07465039140596998,0.9857429527242914,0.015358035889735994,0.9064412259774419,0.9908244230119485,2.9838672344633905,0.007148447912186384,4.237408211338334e-05,0.3660305154871391,0.9943855103095284,0.004997855518013239,0.0046486444771289825,0.003676445223391056,4.937161611673986,0.9718867737083732,0.024120040085869383,0.9896922034850774,1.0309429870401339,0.6685489897058602,0.839115566905776,42.313915027410005,0.43205267960061566,0.0,0.0,-0.018059963003845075,-0.15423750782846635,8.68764109276172,22.542982987624566,0.8831115313293805
FaceForensics++/manipulated_sequences/Deepfakes/c40/videos/402_453.mp4,1,16.64888319895018,1.3418993288382601,0.745412014119592,1.819614303643469,1.2316260363057512,0.35611129798619895,0.3284502567632639,0.08719455252530034,1.2178866246605042,0.10000000000000002,216.6477702664166,7.974576306343079,0.5041390853702497,0.012459739757202786,0.04331973916032757,6.543210374826637,3.2841260370749077,2.5147469236297524,-0.46371817554080097,2.0815459264001412,0.004653946710077865,0.08618788297447215,0.9755641308570491,0.01685795317297238,0.9098973800442757,0.9850041396770692,4.004812823508025,0.024729043245315552,0.0003188814444001764,0.317777914522102,0.9953397448306579,0.01013085339218378,0.007250460330396891,0.009435351938009262,3.334807825557663,8.408497093598093,0.016177085198262216,0.9217822986529168,6.751022287834449,2.712973930260332,0.7061322576717741,13.200846504551054,0.03902764396364665,36.0,205.55555555555557,0.8813316797848759,-0.24037223998287477,22.9526805254035,14.681760450268053,0.3279693474315966
FaceForensics++/manipulated_sequences/Deepfakes/c40/videos/419_824.mp4,1,10.851545147045448,1.1177987189710017,0.7605530182680791,1.2652553325662266,0.2464831795377885,0.2871509629389795,0.05742286927039027,0.06940103100421646,2.02988596058926,0.10000000000000002,310.62817725908974,5.2563798248767855,0.5308812718872635,0.08525020763939435,0.10375329771685325,5.925841588705257,5.241127152557863,2.6008991886620576,-0.009317974842906246,9.251374398992697,0.0036519218172215815,0.010703249935375051,0.9899047906629876,0.00812222923876849,0.9630572012856236,0.8821968436439419,3.870216992838111,0.00686208950355649,1.900892675621435e-05,0.624925827337215,0.989142210837012,0.009803961031138897,0.0102878138422966,0.006549993995577097,5.742521335535393,5.405643448529309,0.01946378453750446,0.9464555080725958,1.2428211224916388,2.089832613289938,0.5910406863161521,19.081367682932896,0.25712350207250917,36.0,227.77777777777774,0.2912505227347127,-0.1893282965397725,24.00881096139054,9.47635983049986,0.54015987327373
FaceForensics++/manipulated_sequences/Deepfakes/c40/videos/429_404.mp4,1,8.496056846298718,1.554931342204119,0.6784439023014529,2.44973410386568,0.05280443689900706,0.24825156401508647,0.16877943854916966,0.06232913453247545,3.4570440056173943,0.10000000000000002,1088.9481241336084,4.713007003068924,0.8184550530614679,0.2107698186163619,0.233827321096512,5.418773831577152,2.8752551533222577,1.567343569179753,-0.38736064413304516,3.1951293653538957,0.028288007708792976,0.1112267255538723,0.9887195328880307,0.009547323724181924,0.9427091540442456,0.9815747903167488,2.8447815691006375,0.00644488912075758,3.807179382420145e-05,0.5323257903829579,0.992629062966721,0.005893272813409567,0.004593341611325741,0.004000138957053423,4.785843406415465,1.1655468018771276,0.01120088970240684,0.9913050362244181,1.7258178302675586,0.8465778955085964,0.31677257345758225,24.65685704627432,0.17093927672109246,0.0,0.0,-0.3502404937178694,-0.10581664649297623,17.446351213324466,14.231317721476518,0.7805703515545869
FaceForensics++/manipulated_sequences/Deepfakes/c40/videos/432_357.mp4,1,4.658963303649837,2.1598509340684573,0.6307742123740357,5.070755965215703,0.07871573304857982,0.21730822898001328,0.1160909809976487,0.05929211243944944,4.436898633608668,0.10000000000000002,472.96492045274834,2.959796687960625,0.7696800491457514,0.3504804810694851,0.296159963143148,4.977389367874628,3.516832128123417,2.035804135246792,-0.08281710186219225,2.885207987399601,0.043913877523449184,0.8264277309519358,0.9761803135563614,0.028565960395824798,0.7899809428636754,0.9770670394774955,3.2673695091294905,0.007246953435242176,6.907978240633383e-05,0.5294406270351747,0.985744868961942,0.006408585701137781,0.007528410293161869,0.005599696654826403,6.263503861489753,1.7995067309068808,0.012884518783131777,0.9878011055692367,1.1315811820652173,0.726912696353954,0.3786120107094888,29.98346678108497,0.6267833706752823,12.0,250.0,0.35925500641771396,-0.11258690079804276,13.863225280476525,14.252665190750276,0.8366025758470784
FaceForensics++/manipulated_sequences/Deepfakes/c40/videos/434_438.mp4,1,10.077308203144185,2.560625233549356,0.6882440563107227,6.769336784365679,0.07104077453123156,0.28853136944287444,0.33405380361364734,0.05508046538143633,3.4089864080639183,0.10000000000000002,373.01594929081904,7.291637444496155,0.8882866614454976,0.0647816138505473,0.18425726543424809,5.919206733919018,3.76925856484082,1.923306718604632,0.2607243636591463,4.497170485149577,0.011056136822660316,0.02662229220729372,0.9899919733065691,0.009632204544140948,0.9445188356889103,0.9784815057908898,4.011869142912333,0.01621021144092083,0.00026604850427247584,0.2084702038550185,0.9854187353952528,0.005865068640559912,0.0047124335542321205,0.004912936128675938,2.3231116428647662,5.086241253546182,0.021332454097525124,0.9844689372832582,2.4493657242892977,0.7743992296989431,0.4328981823946373,20.747416676428365,0.22616685345129847,6.0,400.0,0.5098895842175744,-0.11393475964226298,13.001297675276602,15.074840021203928,0.7369414316035765
FaceForensics++/manipulated_sequences/Deepfakes/c40/videos/428_466.mp4,1,15.353031995242628,1.1414701870195845,0.759778269402841,1.3181382966148507,0.2829595592341141,0.39436548388194714,0.07251232664513521,0.07738616171011906,2.2483658923176804,0.10000000000000002,189.88785200143965,4.798974126577377,0.5525750003111719,0.09071034850272366,0.13087413154034291,6.114644143059487,4.220479623014437,2.192981668798615,0.34448993454976246,7.650446786159521,0.005132464139697877,0.011240594349688838,0.9584448715307963,0.04966777877159497,0.6989827136469805,0.9750574499319481,2.9260197103850434,0.00899666640907526,0.00011093581997556612,0.19772670170391243,0.9938901841801695,0.005340730305761099,0.0038725791964679956,0.004835821688175201,5.665922775598296,8.038856797566137,0.0405198614535186,0.9557932991430864,2.558704797240803,1.6154270256228926,0.6177423275402896,13.339230967845094,0.14975873866614525,48.0,166.66666666666666,0.8988164421196669,-0.17680478257939852,17.86853332206726,6.408985936802247,0.5425573299963815
FaceForensics++/manipulated_sequences/Deepfakes/c40/videos/435_456.mp4,1,5.646248064502153,2.3835071190800665,0.6366842152292777,5.734070110231227,0.10917942700641595,0.24938891076931585,0.09056708882645673,0.058596006871067585,4.255716250231789,0.10000000000000002,441.22564846190727,4.993833827972412,0.8127717022837191,0.16683352581760208,0.23130701014198876,5.495151769343409,4.35519584689208,0.7315801392025666,0.30626101626798125,3.9630772595624335,0.06912984887342746,0.579178445659327,0.9733403457933116,0.026898646400751826,0.8192304765823476,0.9732718178201215,3.5504655738366155,0.012993106618523598,0.00015965760394465178,0.3972406458896201,0.9954143699616917,0.006566473748534918,0.006437886040657759,0.003191318828612566,2.5472917745362844,2.519457524109053,0.01723193027082525,0.9783047218987397,2.072001071279264,0.8182680053059626,0.785038236090801,12.211365051172853,0.7059792807735196,5.0,200.0,-0.09254345407400628,-0.09470055296938593,13.55727276448466,23.62039938980418,0.7973039498305237
FaceForensics++/manipulated_sequences/Deepfakes/c40/videos/411_410.mp4,1,12.14626178148708,0.9333290140182239,0.7786655097706872,0.8765108602982183,0.08770823779618284,0.2997577727593975,0.07231755540199993,0.0744323943779099,2.5132314539430927,0.10000000000000002,284.63756541878536,3.8288496017456053,0.45906420311948226,0.04668276458357598,0.04732569851281652,6.398989099445662,3.0950408734767065,1.809639130692141,-0.07467968792996607,4.065060051871603,0.0068576448996196734,0.4363070880102717,0.9826755133721659,0.015119202031201453,0.9023885697782428,0.9495965066259497,2.800729581886559,0.008288079872727394,6.924774788785726e-05,0.27517659235929004,0.9915647990676062,0.00797975342720747,0.006792798172682524,0.007838157936930656,6.354059694697913,11.131073629348611,0.016054049338170836,0.8964306178620892,0.9773430967809364,1.4471887378162682,0.5700697261609957,12.181379231107378,0.4680628180247685,36.0,138.88888888888889,0.8444527395642347,-0.2512862766391807,15.58697244145432,6.200296704313157,0.5286591556096627
FaceForensics++/manipulated_sequences/Deepfakes/c40/videos/410_411.mp4,1,7.65457538329742,0.9584585681880073,0.764968606969861,0.9223880048229045,0.9874938542918679,0.212623634387708,0.2146558808320178,0.0935440372567048,1.0667017783836226,0.10000000000000002,344.3699203581833,3.684181785583496,0.4869672063485123,0.03731109843819655,0.069984869930424,6.178665328254574,3.9376471332751026,2.8434650664328203,0.045993261442026284,3.7744764301692215,0.0032749144305347674,0.1670092668224519,0.9949682489403741,0.004277886927594338,0.9754297640562148,0.9592020719898464,3.377319546679495,0.007222298998385668,3.844170714728534e-05,0.5027389897959935,0.991446441814525,0.005227919202297926,0.003901849966496229,0.005867973435670137,3.2888212905637246,4.4272382765854035,0.01207920283373307,0.9593190010318718,1.8769041335702341,1.3684665128438385,0.405057773970228,54.06319561579966,0.01069487091704256,24.0,166.66666666666666,0.931959816574619,-0.25566034180296404,23.993255549338883,5.7424493926571545,0.5067178492771451
FaceForensics++/manipulated_sequences/Deepfakes/c40/videos/433_498.mp4,1,10.097625545494449,2.1030713127948313,0.7020730923605523,4.456150694988759,0.06948240129472746,0.30330793301984427,0.027180824652840174,0.0627100619345965,2.8749816986640617,0.10000000000000002,542.9222843191847,5.7366135776042935,0.8300549022056523,0.15280452538112294,0.24921435112277784,5.683536170525453,3.6720092918922473,2.2584658096076096,0.2198366398723218,15.958728638987672,0.03925820034088169,0.3527783738221469,0.980957723118989,0.018427208445555354,0.8675242556018641,0.9626307437358551,3.7530529558748675,0.01129615306854248,0.000219923080294393,0.3234063423612985,0.9936735532844904,0.0037788639310747385,0.00388364028185606,0.002165981335565448,3.073504150806303,0.7251879113717519,0.02774659118457762,0.9873592397350566,1.3975523881688963,0.9915971006853193,0.4919070297768512,87.62543901299503,0.680714515127023,0.0,0.0,0.21970998222876026,-0.19875105933910422,13.212559797422616,16.81099640001339,0.7600075104438218
FaceForensics++/manipulated_sequences/Deepfakes/c40/videos/431_447.mp4,1,4.387933606542979,0.9440078528767535,0.784167622879551,0.8949735990612838,0.1643099613434217,0.20912914383449363,0.015948082751710065,0.07849620789323954,1.7043979472519606,0.10000000000000002,268.97751272865577,2.1955876469612123,0.6067222875042995,0.05777989405157606,0.08456791152923902,6.202491283315339,3.8654262995087274,1.992422133856892,0.17595590420741225,4.5635797705349095,0.004474624540131001,0.17775064415859645,0.9806805509280293,0.02024933946517942,0.7585023439686903,0.918586131498407,3.4480982701356018,0.013635537587106228,0.00024068185302894562,0.2590555098845375,0.994134509226114,0.007871189154684544,0.007782939821481705,0.009964833967387676,4.350942521858255,5.593958257060691,0.018753314412654612,0.8901859662438234,2.061585493311037,1.03130492382833,0.6140067475530266,20.184968231363424,0.31132495852786196,60.0,173.33333333333331,-0.09659776751021024,-0.15044736104059958,24.161856812104777,9.25427400504038,0.45031564582378447
FaceForensics++/manipulated_sequences/Deepfakes/c40/videos/414_385.mp4,1,7.623438138007829,1.5205294109579128,0.7380296723484616,2.343544226862608,0.10439858576658967,0.20812703602645563,0.22447878582609876,0.05396699691450959,3.5034018748745956,0.10000000000000002,444.90623320469666,6.369638299942016,0.3891891447806471,-0.0012966109075254826,0.020292816837466327,6.481369605816491,4.684796901273183,2.1878968347180408,0.3518538501978311,6.786182946014414,3.931870804580747e-05,0.0002127846802244013,0.9485115715175408,0.03400265107860763,0.7738629389682324,0.9539176681646366,3.768451617478596,0.018083881586790085,0.00016585789853706956,0.45651276100989935,0.9951299720907649,0.0073416209779679775,0.005146863404661417,0.007655004039406776,4.959285005055418,8.6690368284309,0.02109491237685974,0.7193178128473144,4.340536162207358,2.562272293773695,0.8338361908385672,13.234901717407023,0.09092620345621523,36.0,127.77777777777779,0.899034767094958,-0.304672678360514,20.533681438704956,6.32559051606756,0.17172853533949786
FaceForensics++/manipulated_sequences/Deepfakes/c40/videos/438_434.mp4,1,7.256162998860849,2.352384356257558,0.6273472539456483,5.606057836553851,0.27549977268109554,0.22603415076494912,0.11113916155139054,0.060750966158872745,5.055501630327899,0.10000000000000002,674.8665242768126,6.547880029678344,0.8616203854672373,0.1384239416273804,0.19843390232450836,5.508331503756891,4.1417370528024415,1.9600025329018471,-0.5671498423964032,4.917805035636408,0.02746841280406584,0.19041658151480942,0.9925937862807108,0.006120119102407581,0.9607532602670956,0.980807382609793,3.416435339525028,0.008348352275788784,4.941747829434462e-05,0.45729193550142494,0.9830738680793655,0.0054678344167768955,0.004870446398854256,0.005137964617460966,2.139545462834775,2.471699492168948,0.013465725665462681,0.9936666033160422,2.002273202341137,1.1501001810395686,0.6479391988162986,54.80284658269628,0.05143784302253995,12.0,200.0,0.581271207417086,-0.0858394364151217,16.507454661637293,18.166555834694755,0.8079797857164068
FaceForensics++/manipulated_sequences/Deepfakes/c40/videos/439_441.mp4,1,19.2734437463969,1.176184273761173,0.6959962657517078,1.390702966425104,0.1207273123357949,0.410235466892635,0.03945127407524259,0.08452327891558573,2.001538019939391,0.10000000000000002,199.6976005325205,4.234819209575653,0.7593955625591993,0.15386586130171506,0.1502644821318751,5.838740811187888,4.2066233530693555,2.4544707835071082,-0.6447354228391433,10.282654258698624,0.025864801349169787,2.452764730254522,0.9967253190194584,0.0032980764671009344,0.9768948002761778,0.9644021705853407,3.113984422366509,0.00474531902000308,1.615628571016714e-05,0.5241271887548934,0.9908215070002732,0.004554762039333582,0.004149273037910461,0.004280562046915293,3.031168623361221,4.576220112319599,0.019384211022337703,0.9936511711918735,1.6464451818561874,0.8418697327245103,0.3206648477366434,47.620283454914905,0.026802348471249376,0.0,0.0,-0.060547930334782375,-0.14717559102483724,20.87806668420361,7.004488418484724,0.7595404352398494
FaceForensics++/manipulated_sequences/Deepfakes/c40/videos/436_526.mp4,1,7.404065972865332,2.4886439774885973,0.7033770546871494,6.2531189840342805,0.18652316463822532,0.24056239875659613,0.366647255235412,0.056934230944688746,2.2267505481858856,0.10000000000000002,600.260250878004,3.8066204845905305,0.7873308017447449,0.2634100196827766,0.19723945670675014,5.4522484156174995,4.4196904122466245,2.527268274932261,0.4728324674269932,12.07859374189525,0.04901027864702107,0.9279388114239006,0.981463418166922,0.01752693869238435,0.8453636257765867,0.9546598910233206,3.7597887076365537,0.013460156507790089,0.0002697950112633407,0.2607644663709582,0.9930876365548978,0.00447375001385808,0.004311543423682451,0.0035377636086195707,2.492128195135902,3.960081059365079,0.026897823524408334,0.9873833091805159,1.7353450303093645,1.1794742845275845,0.9111946472436296,24.87701708922836,0.7495896621850263,24.0,166.66666666666669,0.07202200437893827,-0.0923138084909203,14.279414929153981,15.31878192360869,0.811217921656403
FaceForensics++/manipulated_sequences/Deepfakes/c40/videos/440_364.mp4,1,2.691280411628207,1.9787093281977324,0.6260268196120895,4.000999562114357,0.17790836482976408,0.12663858885857554,0.0712648375915705,0.07035113645419865,2.6661495733366,0.10000000000000002,1126.3087746405868,7.4855074226856235,0.8357654805630732,0.1816232770586571,0.2438185955941112,5.544569455112252,3.5417025998987794,1.7564801216837236,-0.3440307139224502,14.441863939782536,0.03694866591126408,0.6635478680515882,0.9861514916759031,0.02221872877912,0.8054822207336033,0.7801608410188695,2.1616382309797846,0.009817495942115784,7.588745938846841e-05,0.650509516033644,0.9974150169396979,0.005817260593175888,0.004968671593815088,0.0032235162798315287,1.7073131579674823,2.53405974056002,0.011609146637765279,0.9734277725752338,1.868591920986622,1.0163816799890615,0.4922994897037217,26.418816026996403,0.1887037763404837,0.0,0.0,-0.019951538365139476,-0.17352118901040872,11.746632713745305,16.788803851295775,0.7690265995238437
FaceForensics++/manipulated_sequences/Deepfakes/c40/videos/441_439.mp4,1,13.47819584214371,1.1986880097874242,0.7073969614491444,1.4485863735083968,0.046939063173260104,0.2902385476886764,0.2540586758156109,0.07748063094949076,2.2347597333592573,0.10000000000000002,519.942166059393,4.184612828493118,0.6433692282334278,0.1442203541366614,0.15537764460956163,5.725684177776519,4.557273856616864,1.9525291494446002,0.02861787001661043,8.094071997292442,0.005616868457582357,0.5087243415628167,0.995399359255291,0.006305634890305251,0.9244489515059127,0.9087136770931172,3.3699966038426856,0.0070316786877810955,6.524753553094342e-05,0.3128856705503087,0.9893029431509048,0.005334434565156698,0.0053662871941924095,0.004509203601628542,3.284095681105845,4.594643262964947,0.028278770284057383,0.9716991361081315,1.870247831312709,2.7754247350567103,0.5465446166754286,13.702614608596166,0.22811045348043335,0.0,0.0,-0.06674652612623218,-0.1597968682191812,14.832000220792342,8.957802204532832,0.7123343663926568
FaceForensics++/manipulated_sequences/Deepfakes/c40/videos/443_514.mp4,1,7.969537018520664,5.058218474924079,0.6194099490099083,26.121424819780845,0.4051218280391103,0.26233422178842264,0.041363169788301825,0.053420560702365005,5.169823183732033,0.10000000000000002,999.7837179717092,11.358065295219422,0.9019892369803311,0.06683352072147686,0.16444906844453644,6.130760331430816,3.3152204565172925,2.165292395460641,-0.6616271296189858,9.37015607757141,0.03688460595087812,0.14944310907416924,0.9617818874802504,0.042547287991380175,0.7284322452061004,0.9796700842141675,3.554884882567425,0.03444954752922058,0.0013513449812307954,0.49364699942097945,0.9981249114521634,0.007880301214754581,0.01116009522229433,0.004149463027715683,8.343019341808974,2.6042265751057885,0.032676179922092374,0.9687593767040236,3.5946481762123748,1.1298563362249527,0.7524839184697999,22.109207702931286,0.5881462511472753,20.0,270.0,0.5552670583155425,-0.0791502130064135,11.809524586634245,31.972600992382457,0.7853489564188632
FaceForensics++/manipulated_sequences/Deepfakes/c40/videos/444_655.mp4,1,5.275387891948547,4.913560613526419,0.6561344010845188,25.074393663015535,0.1136621825401631,0.20006535053839664,0.04178572269989348,0.03545798837691753,9.728345393075415,0.12500000000000006,1338.7880043185405,2.7013237833976746,0.7953587923737662,0.49461604014765836,0.3457824469673597,4.7540544289925,3.169046865819106,1.8781291951946062,-0.39731949365269714,3.656675433786068,0.08437543452174835,0.365266630385378,0.9861942581851991,0.03164897023244792,0.5670864436904747,0.9745177666835716,3.1974137840536905,0.007661477662622929,9.990196122089401e-05,0.7491131342143776,0.9977588897924192,0.006353044882416725,0.004911217372864485,0.004440902266651392,6.299559542450731,2.0419304697125065,0.03877017312969298,0.9889869280699501,1.5785855194397993,0.7978215444397522,0.5822247119221187,23.931219026170012,0.5366075078538763,0.0,0.0,0.032541562898957134,-0.0957145338629867,11.003139297202083,36.5104461214846,0.8772390861441761
FaceForensics++/manipulated_sequences/Deepfakes/c40/videos/437_360.mp4,1,11.118382363062569,1.2185011606769018,0.7628111457952187,1.4911808932455932,0.17029773454560876,0.2652437867846467,0.13581185784452388,0.078426138885605,1.4810147921242807,0.10000000000000002,293.7555079298597,3.655439108610153,0.5674163082350767,0.03393071413693693,0.05569908403515964,6.21521760677038,3.967995694732986,1.2540114458329545,-0.07915937742958024,2.2784313493101833,0.0030818622501601846,0.023145106593091012,0.9908999785853392,0.007017096120194005,0.9540077047635481,0.9389278087666637,3.2937985804768366,0.006348898634314537,2.960080382763408e-05,0.2783325750147931,0.9933021234340568,0.005324100609868765,0.0049497829750180244,0.004442180972546339,2.61993608786035,3.9439586007011567,0.008404446873098185,0.9142999446483948,4.223142898202341,1.4050221383999857,0.48979257443474966,77.02183340637376,0.20202571253711252,50.0,220.0,0.8803708666696327,-0.2089318536677726,18.151886270593224,6.187214560736834,0.5343965120122723
FaceForensics++/manipulated_sequences/Deepfakes/c40/videos/422_695.mp4,1,10.927648044092587,1.0501445308388297,0.7608049633293464,1.112418316819654,1.436768897502094,0.2630148619421535,0.49233209455642796,0.09352944211526165,0.734205324086723,0.10000000000000002,342.4138396657136,5.0959747672081,0.4065290469092392,0.015298928794306044,0.025653645955080656,6.556196974652479,2.588564495966436,1.7007216782455639,0.543418436564148,1.764652976718499,0.0011830365843135012,0.1106832688425399,0.9844251254285056,0.009913089884713651,0.9358950740624132,0.958477235144753,3.7601672479192336,0.014028890058398247,0.00014368408301379532,0.27831048193938596,0.9934474056955163,0.005930568557232618,0.004269104916602373,0.005390879698097706,4.28576868840863,6.172518097537909,0.0157046627262728,0.8885982504449889,4.958458533653846,2.3396145139085536,0.6310090121177763,6.652854849499044,0.3816321357431303,0.0,0.0,-0.09127185426644868,-0.25781291412935897,29.011407320619412,9.017635889423952,0.2055058955935417
FaceForensics++/manipulated_sequences/Deepfakes/c40/videos/447_431.mp4,1,6.835698105582691,1.6396967604679997,0.6819959175381138,2.7252440780946627,0.09911152850203933,0.2915159339698249,0.19994671569120054,0.06752912667959346,3.235392621037351,0.10000000000000002,387.38684380651296,5.084813505411148,0.7295423785816382,0.047119001088464056,0.10679259426252113,5.712364249471409,3.204695020895076,1.7569553145183532,-0.26722451809041275,22.671009262778824,0.019119290028862472,0.21979278719076897,0.9826586825740838,0.015122880541803309,0.9073018752843688,0.9711859820387647,2.8882824326652012,0.008503585122525692,5.398924258770421e-05,0.5158111854264361,0.9945719442164689,0.007138045039027929,0.005923998076468706,0.006965090055018663,8.367250297634396,7.294486301621589,0.10212310737528554,0.9537311806276229,1.4833461799749164,1.0344012813745054,0.3493456249711273,17.351491845581194,0.6112446498553147,54.0,151.85185185185185,0.665361607476084,-0.16946816933240025,14.303169549194031,11.658700502562088,0.7293451781588033
FaceForensics++/manipulated_sequences/Deepfakes/c40/videos/426_287.mp4,1,6.386860242781951,0.9286342206089723,0.7738836976053769,0.868643957855,0.37858859874276946,0.18328062524725078,0.17159075606754934,0.08637922363941263,1.2289408605508025,0.10000000000000002,291.26645204067984,3.0831297993659974,0.41965386592034915,0.021463155594641178,0.050480739597524714,6.419731625547123,3.6238697133349174,1.2772733829144278,0.1623193904664445,3.663164567988221,0.004066702825251586,0.12097726807369438,0.99243080722743,0.017689818138758032,0.8064581098824982,0.9592593116390982,3.8397987312130537,0.006923321168869734,2.5423702027183026e-05,0.4822609498122259,0.9874261785460313,0.004782936070114374,0.002441032789647579,0.008118596859276295,1.8076201645185357,2.9293576926436735,0.011980783388924268,0.8777431926669089,0.9585532504180602,1.9608207009366312,0.6425411331359046,56.69696927401449,0.17172470829090053,0.0,0.0,0.6792969238868117,-0.24970116724190713,22.534698283061058,4.201713163205365,0.45977521656771864
FaceForensics++/manipulated_sequences/Deepfakes/c40/videos/445_494.mp4,1,3.2006629645727465,0.8038865299171704,0.7958614605565093,0.6502405377435514,0.10932150526916078,0.15855026181348975,0.15618487492971536,0.08016418236655623,1.826207754292247,0.10000000000000002,464.28570464530384,1.1607284903526307,0.48490014153505345,0.036235288466078985,0.06790923480740302,6.441014406731423,3.7931456628844136,1.446033789682784,0.4252127713278804,4.115843265986198,0.0034127044670407224,0.07258434659904087,0.961299619578557,0.042748503239606175,0.7031760128734322,0.9480512572896199,3.826100264539135,0.01937527395784855,0.0004578313964884728,0.1015527540713841,0.9923777383342868,0.0070635792799293995,0.007169657852500677,0.0058772023767232895,0.8466288800665878,1.5656464794571001,0.006821061226851046,0.9590189526763858,1.9655884197324414,0.7685021126292834,0.7162808308380497,50.01031578043371,0.3840016994498377,20.0,190.0,-0.09692193351424039,-0.16165734713572238,26.802961572876853,7.334800124887576,0.39976572259672033
FaceForensics++/manipulated_sequences/Deepfakes/c40/videos/452_550.mp4,1,4.0757422777862,2.688569434645486,0.6161232675993996,7.2925794173652605,0.09836340368738149,0.19389960086530594,0.17539824300800386,0.05359661053455326,5.992841128513196,0.10000000000000002,978.2553988739226,5.458580827713012,0.8645193655564297,0.1254447504862285,0.13813297936656926,5.789548149145905,4.635770349871224,2.9254882181024584,0.30027064898028677,7.583008457889902,0.03664444035195462,0.17487641917051863,0.9353979504154586,0.05655427776903502,0.6297378374775403,0.9761067783385048,3.8616620279054894,0.0467895083129406,0.001988217933103442,0.25396372754193236,0.9923450483513029,0.007608866319060326,0.005528227426111698,0.008598166517913342,6.19589138418135,1.8869630395527097,0.023232030420031503,0.9347108232428809,2.589177466555184,1.1186900358712377,0.8981645018155705,28.13083801353477,0.1166927986918326,6.0,133.33333333333334,-0.0686589336218029,-0.08206667956609469,13.436464322896628,29.12774518113218,0.599821135480415
FaceForensics++/manipulated_sequences/Deepfakes/c40/videos/430_459.mp4,1,7.72721340564194,0.8368609152514427,0.7753737687041364,0.7040381331539207,0.4295691478175934,0.22012732767995544,0.20984063182105378,0.09402487592695039,0.772313273595629,0.10000000000000002,394.8947087704156,1.8244279712438582,0.4003018082033657,0.10807553023489849,0.08438727077890383,6.042045726912302,4.217515900042844,2.2320776577060344,-0.4038229589972896,11.841348112508495,0.0019154019133953719,0.010835971025885894,0.9895642224532447,0.018243027248259866,0.7739965300400566,0.921833311487229,3.6256770976478925,0.005047786049544811,4.420854747877456e-05,0.09504314607938312,0.989964085372011,0.00406894413754344,0.004130651243031025,0.004711958114057779,4.257196940373422,2.7881037807498945,0.028297041728427553,0.8296178627170447,0.8517029420986622,0.9810021277950258,0.5968225999568657,22.703699899571486,0.16980868833070153,30.0,100.0,0.9224172677885617,-0.23312749909784036,22.04755421783457,4.138765923702686,0.5870163939157474
FaceForensics++/manipulated_sequences/Deepfakes/c40/videos/454_527.mp4,1,4.381623192277511,1.5658954876337345,0.7390309287010683,2.4757108941487487,0.12464443695849356,0.1497588876298575,0.3868707643101488,0.07331225122968858,2.2721478128600876,0.10000000000000002,1083.6486487131876,7.941223967075348,0.7042929449921418,0.06164207463498958,0.10181429544198062,6.004990508701184,4.279736305698804,2.6508828878968327,0.390725664858393,4.362536139888854,0.009565865996306417,0.0205777784395199,0.9878134373371288,0.012042208423889183,0.9304447552945871,0.9643027902239,3.3836721508878993,0.012295161373913288,6.24103267909959e-05,0.6253900727928564,0.9944989080694355,0.013107571750879288,0.010594910010695457,0.006971747614443302,12.95399185032406,13.421811841122615,0.024465268332918552,0.9783291452797318,1.3060592600334449,1.7774381596832136,0.5645428325758244,19.008975252969517,0.2380954326112986,18.0,222.2222222222222,0.1649228452497565,-0.15223414441350683,18.555861390816567,15.442806860354864,0.7287479436327196
FaceForensics++/manipulated_sequences/Deepfakes/c40/videos/455_471.mp4,1,7.492402513722945,3.1622642067844984,0.615543752075747,10.128072870205337,0.07297301476369354,0.25147777762709034,0.1209001322870179,0.04879812566442956,6.242688297069922,0.10000000000000002,342.3515905083799,8.559015476703644,0.9139275557528791,0.06076446431698678,0.13723016589963216,6.149392616596186,3.3622494377820558,1.5915594391198211,0.2379702604009725,7.191411472534521,0.04281897705855051,1.1183059408682967,0.9926274005531038,0.004765843770857936,0.9737098862254928,0.9873066002684378,3.823605633133247,0.010458599776029587,5.8044908655574545e-05,0.3342411284413705,0.9945017903488906,0.00414767162874341,0.002897498896345496,0.0044274344108998775,2.740822981731824,1.626168397941381,0.010122973054533536,0.9900089060047081,1.6131604044732442,1.1063904013503916,0.4725688792712881,25.298800424960692,0.5912420628704019,0.0,0.0,0.3305917875178888,-0.11768076058220554,14.663970691708125,14.536146178527067,0.7942756289188702
FaceForensics++/manipulated_sequences/Deepfakes/c40/videos/448_361.mp4,1,7.865522315322299,1.3688157567455506,0.7477857951623631,1.893250067770365,0.6956557708439882,0.2491612230941025,0.1571734298196332,0.08154275629873532,1.6243468122713156,0.10000000000000002,384.9319764129874,6.062482160329819,0.5969992002231707,0.0866349151429351,0.12470996228702516,6.308093773811299,3.7059991960708754,2.2279955748235767,-0.39810142027266177,3.9034777852907787,0.009665739095742523,0.08762994741311254,0.9707138899081188,0.025662682148239163,0.8226867781890472,0.9523616285926441,3.0921514050882255,0.016391579061746597,0.0001661137503106147,0.5936663767117764,0.9966508184066811,0.018733276054263115,0.014596894383430481,0.009608198888599873,4.996591006851822,7.609751475211738,0.017171151532198115,0.9007829498799826,7.628279159698996,1.95618330029083,0.5101462196485631,13.64496877134075,0.2075016148074305,48.0,241.66666666666666,0.4076392678720357,-0.195477225403609,21.23642719509952,16.857870016993452,0.47344284825271926
FaceForensics++/manipulated_sequences/Deepfakes/c40/videos/449_451.mp4,1,7.188711787205432,1.3017698285597707,0.7358138342253528,1.7069689906162613,0.1220645470907886,0.2665100560103723,0.006903387033159085,0.07526798664284814,2.572726075227065,0.10000000000000002,340.8355349207295,3.189411002397537,0.7565730215831439,0.22063583716802815,0.2089742040631533,5.644444582053655,2.726491756141878,1.6051004219184408,-0.5674566346541695,2.1856432963532777,0.021899747599416677,0.24724687601258707,0.9894811593973084,0.009167906419081828,0.9444359198606526,0.9900729533221875,2.849259138881795,0.007851626724004745,9.748579032020643e-05,0.35932556014362627,0.9870349951138635,0.0041229804046452045,0.0046654860489070415,0.0026738683227449656,2.832174913626491,1.270902089842692,0.013891307650656116,0.9779500637992264,0.3936951295986622,0.6496486091871788,0.3034909754060803,88.66475734118403,0.6351503901881539,36.0,150.00000000000003,0.8073271356455658,-0.16381092731350627,18.892330921981305,8.896296808431822,0.8476412776847783
FaceForensics++/manipulated_sequences/Deepfakes/c40/videos/457_398.mp4,1,10.245593952322642,2.7323287574846735,0.6516950634087552,7.539334710219309,0.13146206753734174,0.2942557431110087,0.3170643939418282,0.06455417558624235,3.3535276960192726,0.10000000000000002,362.592423240775,5.638157600164414,0.8561204572982624,0.13719185623689797,0.17553743450399234,5.654229575362134,3.972205831659615,1.8261940288786072,0.20014726276443212,4.738488208288765,0.01741766300546715,0.05856959092124229,0.9885008140481317,0.009358665967571074,0.9437044577205063,0.9780193786434519,3.9042175349196966,0.008020791225135326,7.088148413458839e-05,0.3513991378891238,0.9831399038809953,0.006013790611177683,0.006360478699207306,0.004096929915249348,3.367773996703054,3.6753678874185987,0.018388249566128136,0.9888482360012708,3.1364280675167224,0.9904473680673694,0.5676699944623083,28.504081130099763,0.017043375150292597,45.0,173.33333333333334,0.401507033934207,-0.1005916972912744,14.822071095085171,22.367058442635233,0.762134312071633
FaceForensics++/manipulated_sequences/Deepfakes/c40/videos/458_722.mp4,1,5.096737077570374,2.0304464428051388,0.7158408906161745,4.178331769106298,0.23096728723228574,0.21841415465767983,0.36677650350688756,0.06978113680077455,1.7799184404520791,0.10000000000000002,408.8278951758965,8.82736440896988,0.8145646108288174,0.02224485501032118,0.11459169387794146,6.002811535696857,4.168248912211007,1.3748428368942929,-0.31957493337302845,2.7736384003280143,0.024697679851286486,0.028087478809077526,0.9784255785888925,0.01951562244730106,0.877103981218894,0.9441829325968263,3.7674210425102785,0.017204562202095985,0.00031011170358397067,0.2360981993699847,0.9912117698072088,0.009704177267849445,0.008129865862429142,0.00970993097871542,2.695763615494152,2.6650176350989803,0.013505147556248943,0.9595149400145,3.0909117631688963,1.1676464655472698,0.7753741989268278,31.191288181193475,0.4023376439799308,19.2,166.66666666666669,0.23747500188796375,-0.1198054930735347,15.768807854248296,12.204414459147085,0.6831698286111867
FaceForensics++/manipulated_sequences/Deepfakes/c40/videos/451_449.mp4,1,5.569905829214958,1.2163211390052666,0.7448476623283187,1.4987913612100212,0.03932877223534202,0.21705908915958058,0.11699023944707028,0.06242513350194172,2.8346327214372864,0.10000000000000002,330.2925374774337,2.4540386617183687,0.7499915294793648,0.22000919522438564,0.18001185778708068,5.67804188877456,4.09262691028052,2.3319484538945003,-0.38556292701422523,6.409997237053102,0.023280105693719157,0.46658674020924484,0.9867206408379412,0.01252485048884163,0.915218238767778,0.9481466953306887,3.38870876042636,0.0077564348466694355,6.56242118566297e-05,0.3259426086568952,0.9880411449306279,0.003362441435456276,0.003515462391078472,0.002770776394754648,1.7212538559319759,2.443797105992348,0.017954517971894103,0.9846211148078224,0.7652689956103679,1.0370941346458482,0.48200548361895257,33.687559321698814,0.03196727831519928,12.0,150.0,0.3250800734909108,-0.17715779494771,19.457468223892047,7.716975040482814,0.7965534161068717
FaceForensics++/manipulated_sequences/Deepfakes/c40/videos/453_402.mp4,1,11.942472092212396,1.5494323587673438,0.7397064986571624,2.4211718382406557,2.2043294703969893,0.2813334296352523,0.3475942822819649,0.0881748183470995,0.9798302462838919,0.10000000000000002,433.1400498021744,8.922900605201722,0.5177205096385751,0.02262125744742147,0.0480383946856611,6.4838458232796645,3.7900674736162214,2.4261674681715504,0.011182744247847938,8.281406133100306,0.006073521460894146,0.03000540067767383,0.9756952979748322,0.023725118791810232,0.8461909735551293,0.9606986533803885,3.778290984288816,0.014598635956645012,0.00016384637274313718,0.5425183042110762,0.9946178506291977,0.007688768673688173,0.006440696772187948,0.005106492433696985,2.113508161934835,4.096043116289877,0.012358026284662581,0.8867146931281281,2.3294281720317724,1.8655221017434076,0.615486978541042,11.774194770267677,0.038865912638280944,12.0,216.66666666666666,0.936722358723711,-0.22600255827931387,19.277798212119567,8.559780321230306,0.3991947179527454
FaceForensics++/manipulated_sequences/Deepfakes/c40/videos/462_467.mp4,1,14.498537696131539,2.1594567081809357,0.6557911022131586,4.716573790255477,0.14574860191861003,0.34605070538196164,0.07394474449821468,0.05694793276917307,3.819221686042873,0.10000000000000002,548.2663260144509,11.114142155647277,0.8729066432997156,0.09660260970095305,0.18069425608016926,5.455254292518532,2.8135751944184366,1.3711958794005161,0.4321681417776207,4.9408227546284005,0.02218614259027492,0.049024315851870205,0.9946778097962768,0.0051952094451316955,0.9440381485555774,0.9655846234356982,3.634554932200621,0.016483914107084274,0.00033796843490563333,0.34616636037828186,0.9889728325212174,0.007048573344945908,0.006140183657407761,0.005901313852518797,4.56857157596343,2.901464897179896,0.016013417033765524,0.990238666981884,2.0884458612040135,1.3474231643094807,0.6823963019306496,67.9579892939514,5.641838329850657e-11,54.0,148.14814814814815,0.23990206246738438,-0.06714840917544804,16.5329985643024,20.771756996141946,0.7726595122249417
FaceForensics++/manipulated_sequences/Deepfakes/c40/videos/463_464.mp4,1,7.591143429421929,3.5405345408226965,0.624146854884758,12.9351102441173,0.29279927709784104,0.23129630441392673,0.1685106239209705,0.059430206343653556,4.020588684582882,0.10000000000000002,929.5519893437977,6.668807262182236,0.8327305181189188,0.23382771096780178,0.28352571568512097,5.334295736489544,3.6079842391600434,1.3912165716090017,-0.33442858207453807,5.14079632209164,0.05191906411289047,0.5686679777167509,0.9843373435056217,0.016742757953613394,0.903032437812709,0.9896847418470447,2.8571805223399362,0.010658539831638336,0.00010686003224691376,0.5149761095096106,0.9947177924140579,0.0067122154869139194,0.004603593144565821,0.006467790342867374,6.3467961552791445,4.622150489814562,0.0199744160954255,0.98934068235161,1.9933796247909699,1.3298681089554554,0.8709781200945493,16.25444135813515,0.17492130861773678,0.0,0.0,0.12832473860898921,-0.02214574642378236,12.696784998349955,25.2114428916969,0.8411286163904069
FaceForensics++/manipulated_sequences/Deepfakes/c40/videos/464_463.mp4,1,6.857571019277401,4.0937055336647505,0.6086033293459006,17.491513833723996,0.08588871911229046,0.22504796171006075,0.12527352407657125,0.033514250868671186,9.020028058624758,0.12000000000000006,1239.389748844913,9.514217114448547,0.6909941838384114,0.09701111735635638,0.15108836519602387,6.032931135383745,4.157730165993631,2.8490558782300623,-0.028938463723484912,3.478152792341431,0.059002515893987355,0.25133456078442484,0.9564727526938435,0.03601566531748375,0.78821913230583,0.96994882688002,3.623120384456745,0.015011469833552837,0.00013877585297450423,0.45136633945180565,0.9942759677412986,0.009082943201065063,0.005763568449765444,0.009837538935244083,8.836606207923937,3.227499453344574,0.01480000738086956,0.9742918204974022,3.128177910744147,1.4395675401732693,0.5796251003475381,20.597352786086915,0.07574516652672852,10.0,260.0,0.25827152239763984,-0.11186431649938693,12.243488940172707,44.81022941329759,0.8149996098374997
FaceForensics++/manipulated_sequences/Deepfakes/c40/videos/467_462.mp4,1,6.277330519670513,2.891488331907033,0.6223551349263062,8.436231508595936,0.13151905730808028,0.21459467503780685,0.20166934743457024,0.05456560941273893,4.022509115421404,0.10000000000000002,782.1458459045732,7.260844278335571,0.8925989579853496,0.15364904566787368,0.1508926176255443,5.559223352683578,3.438646821822315,1.5739090952853967,0.3073070687312187,2.156793189543225,0.024903874365547893,0.40366034357641456,0.9801696019203009,0.018840109294926112,0.8559767000801018,0.9734678709938406,3.4901414900327574,0.013397437520325184,0.00021041858417447656,0.21729596651475197,0.9906541971715885,0.006558279041200876,0.005811429116874933,0.007047660648822784,3.504019626478975,3.36440135113097,0.01581657399827062,0.9809494644868889,3.08236112562709,1.132691112910942,0.5319821302915908,19.57778245658293,0.6907557310352862,0.0,0.0,-0.04694190345236386,-0.0259254908992848,13.75156080549138,25.846304555929937,0.7736816661063833
FaceForensics++/manipulated_sequences/Deepfakes/c40/videos/468_470.mp4,1,17.852693554935136,1.8995764635667514,0.6394545485747222,3.6418494678277376,1.1195752553354168,0.41278652666205257,0.06028695889311385,0.08197041911178418,2.2362672354557946,0.10000000000000002,386.3589093741483,10.856319761276245,0.9036553612036193,0.040338071526531634,0.12476520765616422,5.811830868783006,4.415606572206408,1.968472220873255,0.06680081489242638,2.4259135696751697,0.025965582876910018,0.7102113450597503,0.9900009631651877,0.010590412157377486,0.9066532081496651,0.9871901601840988,3.27445469301634,0.009199696592986584,3.428510535741225e-05,0.5609971694761184,0.9949136106516625,0.007644787430763245,0.00726986862719059,0.009100671857595444,9.396898840358231,4.64480263729143,0.03847850703117925,0.9870265633411568,2.43952497909699,1.1068339778408018,0.45451076135386137,20.458155885873897,0.3224165542567566,25.0,248.0,0.029764627752712457,-0.11429489935440715,19.054702696641694,21.12777324220597,0.7836524302780421
FaceForensics++/manipulated_sequences/Deepfakes/c40/videos/460_678.mp4,1,10.949576877292994,0.7970922803593781,0.7984182627445918,0.6384575066389238,0.05148316062565846,0.3378153723139299,0.1522093448579587,0.07653423750723137,2.0758438627472344,0.10000000000000002,93.6615301522594,1.9918988406658173,0.47040209143698763,0.09705478448270387,0.09282883608099306,6.390777978598154,3.672494676857284,1.9888486717802187,-0.20674951269570443,4.357803089777284,0.004647811354237971,0.005777721268599217,0.9831210941086744,0.023237286109468146,0.8302217652290731,0.9742965963296464,3.32209347956099,0.005998793989419937,2.899154060287401e-05,0.6406043175791492,0.9956896003153789,0.003151302458718419,0.0030296260956674814,0.0024300403892993927,1.5239585275459848,2.881254802881445,0.018275324285074567,0.8422014642089245,1.112268760451505,1.2014154835975532,0.49909250759545254,67.27906790704695,0.09021563780004475,18.0,177.7777777777778,0.9177304538003337,-0.19961100301528314,26.268601075087513,5.05628898958419,0.5248547219218775
FaceForensics++/manipulated_sequences/Deepfakes/c40/videos/442_195.mp4,1,13.558494700640116,1.5652366019612647,0.7551192735823544,2.5000157973049433,1.184264631050768,0.3218494226523777,0.32397213431181193,0.09844022392665269,1.3775988008820526,0.10000000000000002,413.2552359671974,10.94176995754242,0.6576328700277244,0.011924217370241026,0.03621774111557221,6.644676394862828,3.9616393480653103,1.2817573440786745,-0.2993117090714603,5.355298343459247,0.0038606762689699144,0.16461962459268809,0.9760206760266756,0.01789756634612029,0.8069912949644789,0.9667231702128103,3.6078083666382708,0.02346044033765793,0.0005006837309338152,0.28472156253598435,0.9937303272789233,0.006787754595279694,0.0062189302407205105,0.005098769906908274,4.984484623524762,5.526627389191469,0.016597459916673954,0.9587826291127396,2.288180654264214,1.5161395105198456,0.4667622869316269,27.954292753639127,0.10012397878737755,0.0,0.0,0.34182392647166204,-0.1794664932369995,19.419463601891756,12.05996162406655,0.4845715279263327
FaceForensics++/manipulated_sequences/Deepfakes/c40/videos/461_250.mp4,1,6.516632084825247,1.614926604071735,0.7087495663000662,2.6364750093053937,0.03417397002827246,0.2186397707988021,0.22147366065152116,0.06008758437302775,4.412427118390484,0.10000000000000002,429.8412446662399,5.280942350625992,0.824482311573497,0.08772682712616663,0.15788939365664634,6.060638772755195,3.6328624846726996,1.5310445922415459,-0.8079365792782119,7.4853416954261185,0.031221671828136118,0.13300828050194963,0.9919275058627688,0.007545010523466198,0.9558111957004495,0.984225589385422,3.5847301049127704,0.017185738310217857,0.00047882276703603566,0.2806936778787072,0.991786482764747,0.004849831108003855,0.004009487573057413,0.006096613593399525,0.9811890999977108,2.406302687500757,0.01125252072396282,0.9869905488359256,1.1750757734113713,0.8432977725945608,0.703331877381869,12.540728712919131,0.30706995373912593,0.0,0.0,0.8339405688768936,-0.19819178456181163,14.99242441793205,8.875698755231928,0.7769746286945267
FaceForensics++/manipulated_sequences/Deepfakes/c40/videos/469_481.mp4,1,18.93892979675141,2.5205818866935057,0.6922950460053094,6.483908502782659,4.022468222657988,0.3604085087740235,0.12566442229983776,0.08380441879516329,1.4239689164014395,0.10000000000000002,431.46659246864357,6.202301073074341,0.7399747915874928,0.12390243599023384,0.21798886203349632,5.809426563379028,3.598375561381819,0.8552112121504238,0.2928196507531098,22.063771056513776,0.009704103329662594,0.022815265727401526,0.9932466045532874,0.008057236264639724,0.9449924942337761,0.9690917043787222,2.9888922502562383,0.009388144128024578,0.0001058612106135115,0.5219716251567127,0.9893477206139522,0.008770652115345001,0.005675155203789473,0.013350548222661018,4.116070022641764,10.369533317601789,0.027099249638477325,0.9343545472813247,4.169265389841137,3.7952812461848278,0.39659145032596876,22.561727203037073,0.37837955403717927,0.0,0.0,0.6092794218862398,-0.10513907622107191,12.364705557960571,13.863241533364896,0.7262222224663053
FaceForensics++/manipulated_sequences/Deepfakes/c40/videos/470_468.mp4,1,6.278215219240574,2.4862995718916046,0.6334917899840835,6.287390045613002,0.055118634711719974,0.2376212379522255,0.22844871986135332,0.04593216962692587,5.4153833868581485,0.10000000000000002,509.54745687259447,16.15013191699982,0.8797823048778362,0.012007143771211301,0.08129110837072993,6.604678098464675,3.7414582786321358,1.2096829044967827,0.5373766740036049,37.23898843381994,0.02966861093803208,0.29974325445818684,0.9271952579227619,0.05743248656902904,0.6634533632195986,0.9680803704764054,4.092419065551158,0.03373667970299721,0.0004745502083096653,0.39116422220350355,0.9971002663378223,0.0074107893742620945,0.005505132954567671,0.007654872257262468,5.409580395552912,3.1988871216602504,0.029331257379025834,0.957913100609287,2.7133282817725752,1.3121590990591077,0.5775914386682808,39.40950274298577,0.7314038639224505,70.0,180.0,0.25095629087542004,-0.13367682873027492,18.082178927804488,18.79453343049589,0.5895818483126064
FaceForensics++/manipulated_sequences/Deepfakes/c40/videos/465_482.mp4,1,7.079990693942387,0.947449621360537,0.7705308606857606,0.9052444347342652,0.48754036911771437,0.2425140414157506,0.05461833507203112,0.0975886874725162,0.8218549931934532,0.10000000000000002,251.80946820179992,4.846203064918518,0.5959978828014924,0.049857662729471904,0.07932998006469452,6.259960769637395,4.18107175776512,1.6734930516204714,-0.02460637222097902,8.234702406807655,0.010604400392844627,0.4941790855569238,0.9946867557592834,0.005054388531655662,0.959461317772194,0.9505634628849869,3.59238061190289,0.008752085268497467,5.329978739609942e-05,0.5057305799093459,0.9897832129210793,0.00655134255066514,0.007321164943277836,0.005669969599694014,2.6152830005739895,5.095846060126917,0.01891816359586841,0.9333833032107678,0.947967835493311,1.2048305211055361,0.426481279175298,63.049851104597,0.4054151857611215,12.0,216.66666666666669,0.9069061762728414,-0.22759262676089553,22.488830076869935,7.241495806221736,0.6135271332275174
FaceForensics++/manipulated_sequences/Deepfakes/c40/videos/471_455.mp4,1,7.131830110828235,3.106379893214328,0.6106554324959484,9.755310833392313,0.5029392750506283,0.2352516914840311,0.15944116806049066,0.06556293501492108,3.4935650097439748,0.10000000000000002,464.7079233616346,9.120350700616836,0.8625448801815713,0.150063847777684,0.28676825132665845,5.494985927406803,4.113979813796224,1.5880505110775613,-0.29506792854051067,10.011297438835195,0.10215571912827136,0.54249457005449,0.9948072331132579,0.00428180360755239,0.9744956234476724,0.9862677473022458,3.330567354984622,0.009102066978812218,6.43647217657417e-05,0.46507058841659976,0.9945311104831788,0.005044370889663696,0.004744813311845064,0.005306393373757601,3.3695573401389196,6.0892091129678345,0.0153043592927244,0.975699723091173,2.7042746655518393,1.534839165977461,0.33906776828243823,22.34534200341899,0.6067952712936404,0.0,0.0,-0.08990115966578077,-0.07871287637382916,12.96667604462416,34.94779807380817,0.8445980416814134
FaceForensics++/manipulated_sequences/Deepfakes/c40/videos/446_667.mp4,1,12.296913480208833,0.9362316255855422,0.7739864771439954,0.880812119902818,1.1987450607234857,0.291926785925058,0.06341039955254454,0.09641673158606881,0.9453245232895263,0.10000000000000002,225.34655681856148,4.226802015304566,0.3993959437126537,0.036453858555102074,0.06684540496966554,5.073273840719116,3.7755227475142568,0.6339250207796837,0.44890423659150513,3.3460429793849022,0.0017647477266419347,0.09831043913494425,0.9907431815285552,0.008582696122908134,0.9359837365156971,0.8884941440054006,2.297728712527668,0.010349083691835403,8.450591121800244e-05,0.6421964972775918,0.9973738683422444,0.006186742335557938,0.00333874998614192,0.005150276236236095,2.8888244934320486,3.6612373966687994,0.012115580366189035,0.8225878274402717,3.1441001254180603,1.9784580909960168,0.628857151981064,9.240578474020118,0.2568928980560339,0.0,0.0,0.418877956934508,-0.22124033009306035,28.016497306269937,11.122420379013843,0.3759589855433964
FaceForensics++/manipulated_sequences/Deepfakes/c40/videos/472_511.mp4,1,2.6026246290709962,4.8855107163032745,0.5746453063813138,24.086434158207716,1.3004614697178076,0.11799831130184209,0.3135390941617546,0.06837621181021529,2.236639921020168,0.10000000000000002,2447.387039744886,4.601112341880798,0.8304445845489198,-0.0045284138867128215,0.14172216549335998,5.221417535937173,4.1381607105779725,2.2881575497680484,0.3794346254791746,3.6876295774994734,0.05294216891842655,0.20598594685906804,0.9868752288432037,0.012209678282808596,0.8890772736153222,0.9803115714929447,3.5586036687630713,0.00927706714719534,6.921702151885256e-05,0.3634826544860402,0.9840526409521919,0.004847454372793436,0.0037580947391688824,0.003054193686693907,2.417419391257195,2.3036042930919916,0.008846616144235972,0.9726044044015628,2.9366573474080266,0.6513331098893057,0.7196141254426344,32.06566970553013,0.4105392555094428,10.0,220.0,0.17982968722022363,-0.12461324574827005,8.943468423177833,33.03326576094633,0.8398452110700872
FaceForensics++/manipulated_sequences/Deepfakes/c40/videos/473_366.mp4,1,9.565749207461618,7.019084176793006,0.5824476562733201,50.465647390340195,2.463621068239101,0.2806665645598355,0.10015211727879916,0.06355918664787104,2.7047895966307296,0.10000000000000002,672.606002153402,3.446736091375351,0.8331375625716753,0.2677696553498123,0.28810249100107466,4.996010305864746,4.006300178029033,1.9594627178821213,-0.14033195035742596,2.3373637209799902,0.059428047102012896,0.2318770556312049,0.9811973240389181,0.01664729632799962,0.9135403217615283,0.9831104940203572,3.4447322047521842,0.008182452991604805,6.593552825506777e-05,0.18997087548596148,0.9892267812309594,0.004459628369659185,0.0029533514752984047,0.004742120858281851,7.8922699376158825,3.8009808879486835,0.02001057056310307,0.9770281694728555,3.6407164506688963,1.3293587850717516,0.5114797896159371,30.516122869919418,0.32586985453128847,0.0,0.0,0.1474951175592749,-0.03243228494380786,12.002007173014336,29.270708188923585,0.8397359722039401
FaceForensics++/manipulated_sequences/Deepfakes/c40/videos/474_281.mp4,1,18.110126926653553,5.346844244465962,0.6125777480458103,29.078112066785277,0.19641575862644078,0.33227643025004305,0.22043099944652855,0.04599170308116617,8.617224431005509,0.10000000000000003,1012.7390798761209,4.220586194233461,0.8802084845488416,0.27696394810604663,0.2840117080863335,5.1980180298102825,4.677694371929269,1.3763313502323404,0.021626613034772545,3.4228793445549406,0.06392736428808157,0.6720518136902756,0.9925169656928068,0.00906455724350079,0.8811074585667775,0.9938509220317853,3.7061407674531033,0.019862623885273933,0.0006955371936783195,0.22059395814976707,0.990217591069568,0.006529970094561577,0.006748722400516272,0.00581792276352644,3.633293490041796,3.33263941740246,0.012276456634699754,0.9823756873208919,2.6169226694915255,1.2294605949567066,0.822382600459048,33.13730314955669,0.3504444454904976,0.0,0.0,-0.0071117265581780165,-0.007311302069918272,15.886195961932026,35.85958137013835,0.7879830122831014
FaceForensics++/manipulated_sequences/Deepfakes/c40/videos/466_428.mp4,1,7.631961081823746,1.1482829283197415,0.7549138536848791,1.347340043194837,0.10869105321452857,0.22875802315385588,0.05251841670840328,0.07316890492238214,2.3671334837693054,0.10000000000000002,291.74445835906715,3.7459193766117096,0.5801317221028199,0.08943499551692013,0.13391845143408287,6.089739030426038,3.9118431798399107,2.1033330455234984,-0.2603395254923371,2.556550310329612,0.006704852154184577,0.059634559074830784,0.9915517408748206,0.008504630312089069,0.9003279557643991,0.9176842300205965,2.8571460276364724,0.0067128948867321014,4.236879976815544e-05,0.46403682939208735,0.9920730125320684,0.004689524415880442,0.005658732261508703,0.0036438866518437862,3.442379190596705,5.086561767841948,0.011138919521703079,0.9679515240243675,1.992997491638796,1.2637649029119893,0.6019770380940712,22.481682705511844,0.4765674412055528,42.0,209.5238095238095,0.9231469780335525,-0.18156739868220298,24.12189829261653,9.098313612328337,0.532524058726527
FaceForensics++/manipulated_sequences/Deepfakes/c40/videos/450_533.mp4,1,4.363475654636348,0.8988125384146033,0.7697333513973332,0.8160098268489164,0.6050080823617073,0.1587131321450551,0.11053385149918213,0.08929134257680438,0.9094428245764149,0.10000000000000002,487.0162042832104,3.0673427015542982,0.34784678610552233,0.02625630185967621,0.06322378449245311,6.438449118583115,3.6481952258052934,1.9540037129716727,-0.35375547344135494,8.059777439219861,0.003697558410186782,0.2775536487907432,0.965739585845648,0.030783657831540093,0.7881452824526641,0.9603782071621783,3.6346703421705002,0.01033555157482624,6.02078071096912e-05,0.4605116840633681,0.9924972681696065,0.019697286188602448,0.016224848106503487,0.00702084181830287,3.8217931119926676,3.4624546105449396,0.009625059080312071,0.8636542322590156,1.8494101431856187,2.1937628132811944,0.750768849652218,21.133118481485386,0.04523313686907818,24.0,250.0,0.847485305718858,-0.2888838832596477,24.460494556866728,3.8489477737005355,0.31404482866015127
FaceForensics++/manipulated_sequences/Deepfakes/c40/videos/476_400.mp4,1,20.985937164989743,2.164765012154352,0.6482661911824625,4.76643372346392,1.1942477304614991,0.41059357914044964,0.2508766798572704,0.07997850578845807,1.8270709857505545,0.10000000000000002,423.0902589978663,10.067718482017517,0.7221309143538126,0.019300383709794915,0.049059676283215434,6.174336992338073,4.008032427654708,2.105445345376146,-0.3934602099487118,15.734097026731757,0.009449465627736202,0.06345150111455035,0.9896243582187779,0.011101123597504947,0.8939233507355523,0.9681619037771151,3.462435346126195,0.01039150170981884,7.742379966657609e-05,0.2760813362963595,0.993642593982107,0.005518905818462372,0.0041577452793717384,0.004837833344936371,2.7788924548027025,6.737421407754165,0.023323374343807737,0.9853528527984297,2.2533673442725752,1.9960757923771073,0.7237570458410156,11.073352761990757,0.03263171833519716,5.0,400.0,0.700814970873383,-0.18949988962867936,16.428544675873685,11.315143369552544,0.630910238665158
FaceForensics++/manipulated_sequences/Deepfakes/c40/videos/478_506.mp4,1,5.904845226245936,2.8157807542169073,0.6028477372507419,8.10378480205754,0.12542040618376596,0.196056160625589,0.29178975601904894,0.07074228688220588,3.462692108274333,0.10000000000000002,987.9853177023926,6.531413179636002,0.8443183686263875,0.040932738896886256,0.13230189304101717,5.858037700619902,3.0905213376494,0.47739330488737375,0.36518886321116495,24.264217564472276,0.05902695303405788,1.0558348013811063,0.99154847580656,0.005678655438324738,0.9698768244607298,0.9825530946512929,3.7614275987318377,0.008432390168309212,3.5076216590823606e-05,0.3683936698296316,0.9904928252736223,0.004868427757173777,0.004543422255665064,0.005420167464762926,2.357088899359296,2.342043753161245,0.007545980165353976,0.9797774354982045,2.235887202132107,0.8838280043691044,0.7760128917532356,51.12936669606997,7.579426789898018e-11,36.0,155.55555555555557,0.7123490683074151,-0.12368057978746566,14.637491835731938,14.754049850971208,0.8019053794127157
FaceForensics++/manipulated_sequences/Deepfakes/c40/videos/482_465.mp4,1,6.624606580075278,1.4732699055875467,0.7002766843212642,2.1963998779872855,0.23772340178606538,0.18191523219818345,0.32904312398128505,0.07248848954507647,2.840742215435708,0.10000000000000002,721.3862007175051,8.233676439523697,0.6765348017804415,0.06840600008828203,0.12336266218918876,6.154883668044315,4.10010278326136,1.2491964745475157,-0.06723102935008067,3.053936213991605,0.01192377509630947,0.2713722110111632,0.9910848987934261,0.009413823697209528,0.945235581343796,0.9714401548870519,3.6297111033718945,0.007267208769917488,1.7945327272173017e-05,0.7912488094288559,0.9925315884952244,0.00787756871432066,0.005796890240162611,0.0066733104176819324,7.444518750580726,10.976175469205636,0.020086323706775662,0.978934032718096,2.0460323474080266,1.4960730379074263,0.4874618908023277,18.055320608153433,0.4541202981055078,18.0,144.44444444444446,0.8029768727935659,-0.1742193951446669,21.090494618119855,7.150110348673983,0.6222785497735527
FaceForensics++/manipulated_sequences/Deepfakes/c40/videos/484_415.mp4,1,5.117413263421951,2.6943470542376575,0.6250284754209521,7.403715701247124,0.2726090277557216,0.1815706801546908,0.33295621949364096,0.06130292793173817,3.5470365956528562,0.10000000000000002,1228.8386794111643,8.876454612612724,0.8586757869932878,0.0799819303573048,0.18569294020588134,6.00339655944896,3.40926560290363,1.7016390670573174,-0.14219851198617328,5.743195856390438,0.035759692481337826,0.12851018476968576,0.9763103321670092,0.023083054895665117,0.8702891961457545,0.9895784119362672,3.9670487395699516,0.01178133487701416,8.525695011485368e-05,0.46375747321274813,0.9930638704017835,0.006855557207018137,0.005322473123669624,0.0064994944259524345,5.413160248057231,2.5265470035573765,0.014848459737334006,0.9785442080909429,3.452638351797659,1.2188420503817523,0.6284791977203597,50.182807699932226,3.401365338684662e-05,36.0,205.55555555555554,0.3436668557555675,-0.17119820659759072,12.465790759420619,27.492835064726496,0.7906718653519349
FaceForensics++/manipulated_sequences/Deepfakes/c40/videos/475_265.mp4,1,3.3607084764313697,0.9492759099439407,0.7730239500762447,0.9135907361916832,0.8864859968780008,0.15307257630585988,0.035839080713629776,0.08915829985084556,1.3971582800329676,0.10000000000000002,338.047720641664,2.3722361236810685,0.4359967249368264,0.06789800929841419,0.12033609765488912,6.14083724066802,3.3352868517955976,2.3165271310415325,-0.246346520594241,11.155622406929401,0.0031702536807642736,0.011988449469801142,0.9655257956012642,0.03126117889047519,0.7624560986971639,0.9652402398945498,3.381483856851209,0.00991582591086626,0.00014902757538948208,0.3231931658947862,0.9958959056926384,0.006246061529964209,0.004676529206335545,0.008153264410793781,3.0802917360755178,4.041819724576181,0.0191563442583853,0.897099494865649,1.7145367370401339,1.0920429957649571,0.44111409313555827,16.140633273493357,0.11052184452634013,10.0,120.0,0.7299336779711321,-0.20496306807393194,20.21156605898951,4.930931126457002,0.44229567010611937
FaceForensics++/manipulated_sequences/Deepfakes/c40/videos/486_680.mp4,1,7.459536559738983,3.6135367716795193,0.5800134771569597,13.306844414787477,0.20298542950968862,0.2815607295590702,0.15244994721855903,0.05845219379577919,4.362081794075841,0.10000000000000002,413.4173985696637,4.014504045248032,0.8207047215413198,0.2324478316117125,0.2639161067216945,5.368337199061509,3.043008751399601,1.4277472361802552,0.36294069614834207,6.331575942725175,0.08112808732861979,0.17135401589702862,0.9925681770930247,0.00698979494681679,0.9489476605176957,0.9917188520033279,3.221084249830664,0.02862374298274517,0.001306018210016191,0.15555174352170906,0.9952250540272702,0.007194887846708298,0.00815876666456461,0.007625339552760124,2.7397487366460838,1.9839152377553733,0.009846324955761763,0.9889788327262674,2.36921247909699,1.0566045971982496,0.38979708196270746,17.983526842655742,0.6523079749950349,0.0,0.0,-0.2912800053661774,-0.025150543537173213,10.726582094236553,23.108146261466764,0.8269024641701385
FaceForensics++/manipulated_sequences/Deepfakes/c40/videos/477_487.mp4,1,8.624730357562576,1.14394798742604,0.7501102039845929,1.3170633162951533,0.3632476887924624,0.23911869343734762,0.2574056761709308,0.07781386315048247,2.1802543390895623,0.10000000000000002,304.7731474075715,3.1083632916212083,0.5159547701688688,0.13420504750624598,0.17092938142446623,5.947834314119942,4.092336834637294,0.4631561504686789,0.4455899495536997,6.3016601299244215,0.010560655173266483,0.03723725464518379,0.9936728431837857,0.012656846071621021,0.7968687004194145,0.9614141016812522,1.9443292332174376,0.006953740958124399,7.880188059061766e-05,0.28836174125255687,0.9966268828050083,0.006347099784761667,0.005706190597265959,0.0068932389840483665,7.471425357645399,6.004220280153358,0.017909169113114406,0.8835526016544157,2.5597303511705687,2.07322671913878,0.4814107637739288,10.591308866997823,0.4191243458523042,36.0,133.33333333333331,0.9096859166139357,-0.21935780725146387,16.944578436020905,6.579359797025608,0.5658478240948869
FaceForensics++/manipulated_sequences/Deepfakes/c40/videos/485_425.mp4,1,11.363339748902145,3.0074289068048,0.6688512084776317,9.136900146365319,0.15437238112518176,0.36605805595940183,0.08171421360079413,0.06391729536196664,3.9006453553852523,0.10000000000000002,207.0673339837549,9.387541651725769,0.8642008355162814,0.030890620012201886,0.09334740295667202,6.231193881153208,3.7515933478215437,2.4422136867067326,0.29592080466361687,8.900007532134753,0.018467554501995512,0.5155108376280949,0.9804500367621777,0.01575568159547836,0.9068452013208667,0.9792227855736199,3.7337482988823285,0.027069486677646637,0.0006047241040505469,0.08604520523157008,0.9967360545269027,0.0060636065900325775,0.006587941199541092,0.004491148516535759,4.7646206105837425,3.453437558705329,0.023809175502364697,0.9764607871035065,4.126035352215719,1.7661533894134631,0.6326313204846552,37.11697345039333,0.5240422668137432,6.0,333.3333333333333,0.315660128154937,-0.1278854671874527,12.269096356165177,28.45323910068844,0.7126571756475026
FaceForensics++/manipulated_sequences/Deepfakes/c40/videos/483_370.mp4,1,6.256268113460095,2.1931595887809245,0.6877739369913247,4.86968283819047,0.16100427662938877,0.21809204893872894,0.24589469500305072,0.06776115798301649,2.7997401854084716,0.10000000000000002,511.1113532456146,5.471400064229965,0.8049206661145435,0.12654370353242098,0.14617252981451462,5.703829268450164,3.9023704819177265,1.8736119592042073,-0.794757505296741,4.1917892419110885,0.019165101091050133,0.55389130148801,0.9882197268610559,0.009552128694086066,0.935987106580838,0.9740548886282107,3.8744480538841763,0.010099946521222591,0.00011098576942458749,0.17283393019312826,0.9848941010791826,0.007088903337717056,0.008509514853358269,0.004089684691280127,4.82302901637943,3.4717850147396674,0.008406309750015915,0.9951447822586463,1.2595925219481605,1.0043790669166193,0.5278601595722912,39.16424327435031,0.019064337898699855,24.0,125.0,0.8566161911368046,-0.19635613563978016,16.704167515152204,15.930081034261553,0.7991135678497797
FaceForensics++/manipulated_sequences/Deepfakes/c40/videos/459_430.mp4,1,5.217409806449945,1.0170685406895807,0.7658945583652397,1.0401392774310074,0.6629686689086769,0.17411946148472823,0.09916006461509287,0.08677608059376704,1.178314493885972,0.10000000000000002,421.9251675018977,4.055593758821487,0.34504602164905324,0.017602072326556372,0.045286351762230316,6.3225564499016365,3.905666959139002,1.6927520388998671,-0.024232228458876626,5.757909558682367,0.0032396547866650693,0.2272045282449914,0.9859680107597795,0.01243941775557301,0.9291296451191112,0.9679443626875368,3.909849306318465,0.008836189284920692,6.569908873643726e-05,0.31567914967277827,0.9842130929583078,0.004623867105692625,0.004180955700576305,0.004201529081910849,2.305350723555137,4.7338619302433225,0.013079008312683302,0.9383661567296374,1.8497792119565217,0.8417806814882919,0.5160849426489429,11.928495758256062,0.1062921500813497,6.0,100.0,0.9282474663727941,-0.2895050352368109,18.781713359422493,5.053014583981558,0.39777601115784555
FaceForensics++/manipulated_sequences/Deepfakes/c40/videos/488_399.mp4,1,9.0971127377214,1.2823407355403795,0.7415253297034033,1.6542951638513201,0.9744941368188244,0.24715012914631349,0.26123518939822726,0.09171603921033207,1.5254038973786934,0.10000000000000002,245.74621107228654,4.672870790958404,0.6607561704318184,0.051922654481075345,0.09657113919725259,5.900891406760613,3.8108867465994254,1.9076791290110096,-0.03144020220259943,5.226492825078048,0.007966743446022693,0.043893243854299234,0.9944994890682425,0.007249707574927609,0.9424652827698438,0.9823122048816536,2.5892866333211906,0.007031937129795551,7.059229392325506e-05,-0.007958943225831912,0.992956759503637,0.005815588403493166,0.006795594003051519,0.004547925665974617,4.459587948324558,5.70287521421831,0.019498009325284164,0.8930550403143616,1.1504820756688963,1.1506763885710931,0.42330492013381826,10.440249176613515,0.17977407087234068,18.0,122.22222222222223,0.5744202323079252,-0.17640886479903947,11.511404834095686,8.147226507020022,0.7094211154122834
FaceForensics++/manipulated_sequences/Deepfakes/c40/videos/480_389.mp4,1,6.346184884283151,2.018990029418182,0.6909729183275534,4.098199618997983,0.29051578071075357,0.21409000742181267,0.21175977579853847,0.07727059517936063,2.1989021328550105,0.10000000000000002,547.1298458122104,7.838996416330337,0.7072709212446551,0.06113631651256251,0.14302848821090172,6.256456765081953,3.0839554430205967,1.1918419262487157,-0.041151450999705214,1.6749481717950245,0.012223550987699847,0.07352030022523823,0.9732539189231167,0.025705522500204636,0.847136808546556,0.9805655996035255,3.6214571353435763,0.011027694679796696,8.314158185385168e-05,0.41097332132035336,0.9947313529381822,0.006645632442086935,0.0033396263606846333,0.008878200314939022,2.298771262852433,2.0022790737106635,0.010526986799546962,0.988690069108292,1.0553439851588629,0.6252027715686236,0.7166146985267712,24.914784160390166,0.6412539263912431,0.0,0.0,0.7061944054072218,-0.2247564477838723,15.752120792329238,7.980310954646632,0.6781215965671831
FaceForensics++/manipulated_sequences/Deepfakes/c40/videos/481_469.mp4,1,10.104459227966803,2.260989934861515,0.7287216123484209,5.215410803306616,0.17365934155201607,0.2542530216129949,0.34676301198453713,0.06675201974884022,3.0495947868696947,0.10000000000000002,507.17320518904006,8.529524672031403,0.8524261996223933,0.08206880386467091,0.0989700159430221,6.008461900749108,3.434943904853305,2.5492038891622726,0.3187207036531617,23.46358305252009,0.024534656146824256,0.6984153742315785,0.9886418705830539,0.01052105218923777,0.92374382375984,0.9773910881683809,3.7106709165392124,0.019158879294991493,0.000343088322551921,0.31516771972739305,0.9961804329552978,0.005669066682457924,0.005248280242085457,0.005969629157334566,3.6285960484161865,6.579308994910687,0.017748796083974786,0.972704414911027,2.6746675114966556,1.6238483228918146,0.7240650418396306,16.332649942335,0.3125430471457296,30.0,200.0,0.6022820770938544,-0.10929606964256813,18.455936217365906,14.181295760810574,0.7109418029103682
FaceForensics++/manipulated_sequences/Deepfakes/c40/videos/493_538.mp4,1,10.63895649626503,5.303124280819479,0.5912088729359679,28.71963339069548,1.1323172506505776,0.2778268690836234,0.14499728540993265,0.06111450149129942,2.661457255015018,0.10000000000000002,835.0506570757059,9.205836296081543,0.8019723194866165,-0.001134505645757484,0.11844479577760514,6.003177621620904,3.970423856735826,1.325910555835222,0.25650289647757996,10.559949461086868,0.033036624853248236,0.08819692510440891,0.9761121010165231,0.021060877954491884,0.8575599521786595,0.9759987940246392,3.8391281831352946,0.013545705936849117,0.00020267601939849555,0.21923562120012052,0.9875251618025095,0.009888099506497383,0.0077588921412825584,0.005139031447470188,6.6661365230693725,8.040788930789816,0.03861379194596795,0.955914012085912,6.133609427257525,1.4524551486813209,0.6739074962712936,34.527489448301296,0.010150613202117366,20.0,240.0,0.5562960185160755,-0.10575538292064937,12.166176975441648,28.727980100982883,0.7913750097402235
FaceForensics++/manipulated_sequences/Deepfakes/c40/videos/487_477.mp4,1,4.857931853441812,0.9271204948366419,0.7676455708869334,0.8643665784586154,0.24572852511112594,0.16254712182961933,0.015251488037194037,0.08127108159432309,1.435587318622948,0.10000000000000002,569.2439837197634,3.349696636199951,0.46138713748236093,0.04199450620908519,0.07789981569159414,6.234649686586829,4.142051498896073,2.4605313578095473,-0.4003804651987835,4.020757518386484,0.003665686043804177,0.013188111617026523,0.9859693562658373,0.011018967953977995,0.9347713815448003,0.9347178095395927,3.8367530689763645,0.0063084024004638195,2.5915094738593325e-05,0.3183100506352712,0.9854579608291348,0.006130219902843237,0.006418944802135229,0.003638656111434102,1.716444591408046,3.8438209556120895,0.01195467409653711,0.920699718823996,0.9430197010869565,1.4536764260107382,0.5434895531636357,15.852108360203237,0.2142722284625022,66.0,148.4848484848485,0.8833629573653091,-0.2624255047053847,22.605199817901752,5.551951173910721,0.5596810188907438
FaceForensics++/manipulated_sequences/Deepfakes/c40/videos/495_512.mp4,1,9.390451066244102,3.186044190942787,0.6655548707491196,10.298674926093405,0.8741896109117787,0.28249314499637573,0.0176194906946241,0.07945707022156474,2.159865165513481,0.10000000000000002,891.453792621334,6.999638324975967,0.7931650606390617,0.11840729547589002,0.1358291095056114,5.731042837658793,3.904930483755558,1.4458536185495654,0.012001997409965132,8.046382011066308,0.015989505592413356,0.1270729541799253,0.9789224042821033,0.017924111748220124,0.8937528793507544,0.959923869702644,3.822120132727887,0.008800195530056953,4.9695358029566705e-05,0.4868451297141137,0.9967544587388231,0.006292136386036873,0.004873985890299082,0.005206411238759756,8.017112928787622,4.423322455955602,0.03773179907633719,0.9619687677557048,2.96350791701505,1.157344958633131,0.6209004622901706,59.16057297336629,0.46675636808236826,85.0,240.0,-0.13002564224990742,-0.0737630850141651,17.186927652003405,21.529024936852334,0.7636041935525547
FaceForensics++/manipulated_sequences/Deepfakes/c40/videos/496_417.mp4,1,13.896034599764723,3.4917831318939045,0.6117171820997307,12.40704613743476,0.12677709251154567,0.39703866944678856,0.06988918163049873,0.049411507736412154,6.874811998274692,0.14500000000000002,350.2345105212837,7.966811490058899,0.8408783039588652,0.07936932568895314,0.18700364708740405,6.399656388331746,4.207786587486862,2.9603979911245117,0.3169422017027509,3.6260900989844576,0.03734496927628168,0.34855677937895424,0.9667707338957178,0.09262267646865288,0.12125649237446268,0.9435226289339274,2.8535637599072574,0.03166918456554413,0.0029903934337198734,0.5664666048137049,0.9970564878752707,0.009911647066473961,0.009355622343719006,0.007286483887583017,2.760491319118121,6.4035030779816315,0.03988134561323152,0.948057442254049,4.643469769021739,2.8042968412393,1.161576794820848,22.27193344664237,0.5859538760105923,6.0,133.33333333333334,0.5851709492943269,-0.1288607605587781,11.321258999962913,32.96638675614801,0.7152275324764094
FaceForensics++/manipulated_sequences/Deepfakes/c40/videos/497_403.mp4,1,12.815668458026384,2.0746952831363816,0.7355012731090689,4.49928068656583,0.14252994622484008,0.3492370653347309,0.1344480996609012,0.07336555873917598,2.1389340049352543,0.10000000000000002,392.37310849550346,11.743078112602234,0.8243402682610453,0.0034786279473185007,0.06818188823322457,6.41867999010894,3.93873133673098,2.9052427787695394,0.19033790608463402,6.7394353980825255,0.012051940847672873,0.20408486868736053,0.9487657813829702,0.03615787675907443,0.6850946681561618,0.9715563668456701,3.0039996995801337,0.02219751663506031,0.0003442165907472372,0.23639996215727818,0.9934204888746578,0.00754010071977973,0.007242679130285978,0.004662259016185999,5.8121138495675515,5.239234075120149,0.028608274104176087,0.9218494618213986,5.988104880852843,1.8451053919097173,0.8623588345259194,36.592993906817355,0.0008382624977196877,30.0,260.0,0.3633251705286153,-0.11140168010306369,15.697111100449208,14.011847803911216,0.5884165497620923
FaceForensics++/manipulated_sequences/Deepfakes/c40/videos/498_433.mp4,1,4.987417920953989,1.7207040787197083,0.7109718998324295,2.979003580872561,0.07988724785225496,0.18223815268995494,0.214662987318609,0.06404976520745316,3.350176400754311,0.10000000000000002,749.4446099306577,5.35586319565773,0.8577510467325699,0.20427957009706893,0.26036592835580374,5.518685942990951,3.9448771146005424,2.717978007068358,0.07436309660154208,11.988499494581394,0.0295981015647057,0.3862406038768748,0.9855922367134575,0.014046297928598893,0.8999249480305507,0.9809392113540397,3.0882633250766123,0.007621524855494499,6.277853390201926e-05,0.3397037356225291,0.9951200006538289,0.0040735346265137196,0.0034751708153635263,0.0035646790638566017,4.809666364197209,3.1551606090109003,0.016710148807493167,0.9837909866793955,1.487281824832776,1.0414608446077713,0.3864978532372817,49.93655299349119,0.7302020902748529,0.0,0.0,0.06967043112686334,-0.12113457724675693,15.033197034776293,18.590001683290495,0.8264277116438914
FaceForensics++/manipulated_sequences/Deepfakes/c40/videos/501_326.mp4,1,6.525284184363864,4.656114371554152,0.6187625595889953,22.094921415472687,0.1650427492918758,0.22103491753926635,0.17689557092417996,0.04807657388579557,6.677222214269354,0.10000000000000002,1197.8262098157243,4.3551812171936035,0.7960564977270155,0.34533825752793373,0.272174886836258,5.256113025404424,3.726430005886761,2.25322506096521,0.25633123539131675,3.0695438276297313,0.04142846625588072,0.16612869506596395,0.9806572510926658,0.016124854130801794,0.9188903850145139,0.9575085834147036,3.6938979981690627,0.01921975426375866,0.0002956475655082613,0.16365359849771935,0.9900612906211582,0.006347066257148981,0.005301093216985464,0.005890838336199522,4.551041895370545,3.5972717102317717,0.01957807592964181,0.982057735612869,2.328281772575251,1.1787584546868388,0.44692469754474873,25.944684464404673,0.002709089324755487,0.0,0.0,0.4737663356368447,-0.06116409363472675,15.343256427029791,29.084419305543914,0.8461705727678414
FaceForensics++/manipulated_sequences/Deepfakes/c40/videos/503_756.mp4,1,12.948829357568503,5.725559568584854,0.6102789005899134,33.05628269334263,0.29418751648202796,0.3037006057667726,0.017478251358733907,0.04278156635239285,6.254783794384253,0.10500000000000002,851.0263792380331,2.669704207777977,0.8343335632850701,0.19147668180788072,0.23810259023672986,5.220322576765785,4.31258156650787,1.4655553058240356,0.4160898889493114,3.6309199716467373,0.03521203149633307,0.21309261107655558,0.9929637874052524,0.005661005339788435,0.9544922812515787,0.9766005646534787,3.5555880566881295,0.006911215838044882,4.999045631848276e-05,0.20198818454561399,0.985702904723388,0.004480709321796894,0.004933647345751524,0.005130034871399403,3.307704819004864,2.9739929320896614,0.011290393203813724,0.9836494569411931,2.4228678929765888,1.4537363263514322,0.3892998043357957,56.781173173727694,0.42403552789972165,0.0,0.0,0.40125746837566706,0.01605294950047165,11.66932670930469,18.04229377089398,0.8190018631995912
FaceForensics++/manipulated_sequences/Deepfakes/c40/videos/492_325.mp4,1,7.169850845446613,1.242702137915004,0.7358260347913895,1.551764928086817,0.022893070095527452,0.2767881817603703,0.07337013083115887,0.051995951877807034,4.639534257461929,0.10000000000000002,438.96683386361076,1.6199381306767464,0.6831547727784428,0.44531360240753165,0.27836759458704474,4.754222556865894,4.2110528589204845,3.1640770362792368,-0.106341930454583,4.556837992244127,0.026559554653852943,0.14891215763797913,0.9942881708503821,0.00660380497008099,0.9579863945699201,0.9848218155889014,3.058965061638864,0.006536412984132767,8.017013169592246e-05,0.4391198031912818,0.9902638689686266,0.004723906051367521,0.0039280992932617664,0.0036734752357006073,4.069122461232204,1.8383691799447957,0.029115021740303525,0.9874874379250694,0.8460591293896321,0.8639314701947308,0.35079481425533965,90.84304713679673,8.39275298571962e-05,6.0,133.33333333333334,0.6387500261952012,-0.155742512445199,13.246402144532983,10.66529120971787,0.8739719135743859
FaceForensics++/manipulated_sequences/Deepfakes/c40/videos/494_445.mp4,1,11.53114866156748,1.2537440901165982,0.7698515429384366,1.5920649853148103,0.20701204188892602,0.32273715343438003,0.16592844049419248,0.07478796941732749,1.927655331551706,0.10000000000000002,393.3143198585447,3.9023481369018556,0.6413880126882863,0.0551497483374644,0.11101911817586144,6.4002975387059164,4.18458403097688,3.262782265185864,-0.04904373377355884,13.313310228777114,0.009689415719418445,0.046028431000405726,0.9689359109662703,0.025619810809320145,0.8540249645096648,0.9678505253053596,3.5934548682322247,0.013938654214143753,0.00017119417316280305,0.3684162624880407,0.9949515791539758,0.005376763641834259,0.004799347370862961,0.004870377480983734,4.575528174955586,4.703361519627326,0.028613620641096665,0.9530448093851338,2.5870871655518393,1.932319547827379,0.45914315347273316,50.95773107914834,1.2149124669254737e-11,0.0,0.0,0.03357921105856488,-0.19071235972275052,19.5088117911914,8.409295732749253,0.5618000007710343
FaceForensics++/manipulated_sequences/Deepfakes/c40/videos/499_539.mp4,1,4.3843505498884365,1.3526917889242283,0.7348257654125432,1.8491940928678896,0.009850734732863551,0.17983341919544132,0.23450114799595148,0.04656902594791919,6.292219758406846,0.10000000000000002,480.1209362068627,4.431527543067932,0.7936316202319391,0.060837669211446496,0.1448328765933379,6.088829467547038,3.564922997915625,2.752367388431264,0.49281285634850247,43.24936595329048,0.008999722645587875,0.08637451271258553,0.9850947655817284,0.012582444129248947,0.9016134479355935,0.9548623367410921,3.91332491855404,0.009592368267476559,6.350230250973254e-05,0.2178303241989646,0.9854710849942245,0.0038835180457681417,0.0037628067657351494,0.0033239591866731644,2.5433566139253405,1.62338290305735,0.008661579800796158,0.9905804740382744,1.6969488137541806,0.6343352955629578,0.5118458964527679,56.95568057196053,0.49705783024449396,72.0,183.33333333333337,0.3891319779715371,-0.18243389528193546,17.430995053566335,12.751608470144316,0.6497742663599286
FaceForensics++/manipulated_sequences/Deepfakes/c40/videos/505_600.mp4,1,7.205131570919494,3.368347603791392,0.611002157149667,11.475245674535852,0.9215466845776177,0.2311525688037967,0.21787493423819324,0.06342186954084758,3.527647121521239,0.10000000000000002,940.841432482906,4.512774586677551,0.8443631792666377,0.2565774522164786,0.2668041835063419,4.7248183516622015,3.214738782406596,2.358189936960173,0.04171873445718613,3.511826833004888,0.049891872165257034,0.4376442935162022,0.9922731313285189,0.020031285889757514,0.7792086535542193,0.9852990408445004,1.03229134118218,0.009447450749576092,0.0003219186037313193,0.04774510687625941,0.9978987173218813,0.003846721723675728,0.0036372554022818804,0.003467545146122575,3.177133126106326,1.9509453734951674,0.01271920181362601,0.9848562408187832,1.3017708768812708,1.9367260887593805,0.2974159316911723,59.79955918209129,0.4900304197948442,0.0,0.0,0.0444961656097232,0.040547789047782626,14.821691467687305,17.517769418423065,0.8688710338760769
FaceForensics++/manipulated_sequences/Deepfakes/c40/videos/506_478.mp4,1,12.488575229343787,3.0539489859039994,0.6792288602475998,9.412412161529058,0.11576117540254185,0.34276324529245633,0.031239940125655112,0.05429957034462144,6.02985898136304,0.10000000000000002,448.10109777089804,7.959602582454681,0.7712739211896543,0.11067159149632311,0.1703007041427941,6.22339400490257,3.6019827352077747,0.7370518505179873,0.06598257871310012,7.519170424326237,0.022711287754251137,0.5548539990945744,0.9812548896428925,0.015284679716650934,0.8814809745146036,0.9776803210176457,3.6274558786227495,0.02072368748486042,0.00042027345625683665,0.3479738008386512,0.9948663306549569,0.006629385054111481,0.004828604869544506,0.006877348758280277,3.37721354303774,3.530681207561854,0.011964428535974191,0.978662854801866,3.7684697690217392,1.5119216111970684,0.6855873748335481,46.526848360313274,0.004981994961690144,0.0,0.0,-0.037994500925631405,-0.10800451040997748,15.308361130804451,30.12591271579157,0.7844967270432065
FaceForensics++/manipulated_sequences/Deepfakes/c40/videos/502_504.mp4,1,4.415144847527078,1.1780751153032485,0.7411469144115592,1.4104363846867476,0.02095858086652949,0.17412107716860206,0.26715926080053015,0.04489530362259875,4.009427511809629,0.10000000000000002,566.1404102029092,4.078115302324295,0.5739310948764366,0.09262171600524355,0.12088969254899518,5.943707162504142,3.574274666504378,1.6524897506309664,-0.006797498654233319,2.103338139872236,0.013532707027312617,0.06143547710153585,0.9825664492943688,0.02081915172130143,0.8675296322831353,0.945699230793409,3.344649396860601,0.01164449006319046,9.63191341725178e-05,0.4054827106366622,0.9952670022228891,0.011474552564322948,0.009767778217792511,0.004727974068373442,2.4473078343977623,1.4979293712946997,0.008003503929381407,0.9567263833823147,1.7482657033862876,0.8840154860731357,0.4433968453795668,18.750314470514056,0.19911421973537918,6.0,333.3333333333333,0.552829346338299,-0.23371366622670275,17.314490121018938,11.67807283781969,0.629222221813942
FaceForensics++/manipulated_sequences/Deepfakes/c40/videos/504_502.mp4,1,3.3296965984832396,1.1532971419447422,0.7469903986078461,1.3560728351329734,0.04534230536674676,0.16149754566664787,0.14881175057827337,0.05464485391420393,4.945445781584929,0.10000000000000002,405.89613479089047,5.121391654014587,0.5838669641830989,0.04046051498002961,0.07689746632583869,6.338026233524233,3.88040016457813,2.259254752861791,0.2695214566931429,11.466628680304414,0.019264840576979757,0.0699834241582311,0.9736802799502026,0.018610518385261704,0.8891263863404902,0.9436463771768206,3.738601497602902,0.017149463295936584,0.00018690615252126008,0.3156090237929314,0.9915301735347115,0.0083439527079463,0.006626852788031101,0.00544323492795229,3.5890889462893223,2.7604734934416517,0.01837992922331258,0.9766175371509949,1.8090901964882944,0.9161539375902605,0.34526926830649385,20.79002887384689,0.4896952168456412,36.0,216.66666666666666,0.6950656999143832,-0.23836597185753758,20.85639006769339,9.86788260484471,0.5297380237425965
FaceForensics++/manipulated_sequences/Deepfakes/c40/videos/479_706.mp4,1,16.81274485732731,1.0842926080748563,0.76810600871175,1.1833244239839749,1.1263760446158964,0.35611413154201743,0.04079047681046792,0.0901180825220321,1.034702719477346,0.10000000000000002,168.42960657024128,3.6104253113269804,0.39063043113881174,0.0523828413406892,0.06467935952185647,6.358696540291385,3.604463348414832,1.6951879788644226,-0.3667822673679857,6.609674330315688,0.002462557457202367,0.14617552370942918,0.9813800986318773,0.012886037488579685,0.9210400054099951,0.887114739473248,3.8618437206638627,0.008545301854610443,5.9888963733101264e-05,0.3255955112107535,0.9860279549066903,0.005013591144233942,0.0031791001092642546,0.005878625903278589,5.659519256822388,7.222425868886591,0.03229032759082022,0.9186408607786648,2.198872543896321,2.0350128773306255,0.7262041351920203,27.25527669671576,0.21169645013017813,0.0,0.0,0.6632997918801733,-0.24243274747320886,22.925759373096273,5.649808396546626,0.15769327091187194
FaceForensics++/manipulated_sequences/Deepfakes/c40/videos/510_528.mp4,1,4.734591855430282,2.2380180968972168,0.6836195374897793,5.085495869639346,0.24371566954278032,0.2045133309879486,0.09715856987775032,0.06467450046333016,3.203936780777763,0.10000000000000002,527.5589128411077,7.9221381664276125,0.8700347534614583,0.06855133865844903,0.17207283728452036,5.6908913165676385,3.6046346751164644,2.354187251746372,0.3544571063020435,5.54627254265942,0.07823665664808413,0.38204722792207063,0.9921079534176381,0.011445431615767422,0.8302794268500792,0.9675730824410929,3.796794169992295,0.025605864822864532,0.0007298936252482235,0.17524155594060026,0.9938693632868001,0.008512023836374283,0.006817282177507877,0.00618656724691391,2.478477191367864,4.003791169176571,0.02117172214434871,0.9760938575121942,2.481602085075251,1.0596277191115708,0.8747689286699375,9.649843975289576,0.40614152188986363,25.0,192.0,0.060939641982944395,-0.03160541562670629,16.57425511313948,20.87015341383808,0.7995441356422877
FaceForensics++/manipulated_sequences/Deepfakes/c40/videos/511_472.mp4,1,10.907933085255756,4.11757816737787,0.5985604330109087,17.145706536775084,0.6992649573524025,0.3195689948987613,0.29205471658331666,0.06321330823223478,2.8835404207341058,0.10000000000000002,799.2708571402184,6.800149327516555,0.8392034079430617,0.03242690116682818,0.1798534264100708,5.730751191222182,3.466956869864442,1.7689160510344386,-0.14443794684446204,26.19747462659067,0.031071957409460803,0.18966624327785997,0.9763600148310481,0.02171637081843192,0.8673706319396841,0.9660606338513049,3.7759276333767633,0.011583059094846249,0.00010179089440498501,0.22007591538471585,0.9890875786463219,0.005220281425863504,0.00398873258382082,0.004770878702402115,7.76239182626365,3.4110018756536453,0.04128823526761316,0.9858096286850995,2.070123066471572,1.0938751588522917,0.640570021905883,10.95652873173897,0.5898950254103978,0.0,0.0,0.15270619014384923,-0.07266571640098722,9.073772459092158,22.47283036555454,0.8270182702234619
FaceForensics++/manipulated_sequences/Deepfakes/c40/videos/512_495.mp4,1,6.1695064976048135,2.522449319162266,0.6287146851626771,6.4486184801241055,0.29479922668781444,0.22225389693982378,0.14049074996273886,0.06503010134965256,3.9577804409819066,0.10000000000000002,703.2061757026291,8.874425745010376,0.7326964352068226,0.06897545766950079,0.15327917228698332,6.3289761640440645,4.400621640703331,2.33338326071271,0.7024353602015183,9.873305187853223,0.031122320856909826,0.18820806894439707,0.9630921346996267,0.03495352373491197,0.7918367646233607,0.9427285802159645,3.787733158267188,0.019216591492295265,0.0003111942787654698,0.28044338526386725,0.9979686563684816,0.007546566892415285,0.006609515752643347,0.0041665975004434586,3.133751876533316,5.814881839478814,0.03008453947485442,0.9455531792184969,3.1401873432274248,1.0566670804056604,0.6549952138951991,25.428084108390355,0.3390081761999559,20.0,260.0,0.33788235410889206,-0.14486013576591866,11.795082601636508,25.4479872008128,0.7127700988369019
FaceForensics++/manipulated_sequences/Deepfakes/c40/videos/514_443.mp4,1,9.524414969264981,6.127997102258958,0.5563663039739446,37.76136242806848,0.7455690176473084,0.2852358657534221,0.1070934501535756,0.055144461338694536,3.846560971916792,0.10000000000000002,893.1596182070205,1.2444359242916108,0.7207371793774672,0.6139173334860257,0.3293597868492388,4.003411014937205,2.888365336096409,1.2308329110774332,-0.37528156865497364,3.1480812999644456,0.0802923205314808,0.1618281317000968,0.992877291183908,0.0075955323140794945,0.9435449880182726,0.9846110968765691,3.2556086319430624,0.0061289649456739426,5.5563497880939394e-05,0.30424005836152807,0.9901467308998414,0.004575826693326235,0.0069605447351932526,0.0025477230083197355,1.7014963726206462,2.609079695542931,0.009021503712255389,0.9642181002193181,2.8894622700668897,0.7380857673732595,0.9109879570155752,136.46802079742784,0.8084171444124915,5.0,120.0,0.32333300794683023,-0.025872492380802428,8.859712568975645,30.60473322718143,0.7594280679407412
FaceForensics++/manipulated_sequences/Deepfakes/c40/videos/515_519.mp4,1,6.629653521165518,5.037681786913805,0.6136670585682651,25.77003526532541,0.18308697444350108,0.20293993540429806,0.003902009053719313,0.036950659010381255,7.676955952093614,0.10500000000000002,1589.0548493641568,6.20763794183731,0.8377298145958308,0.0465823676955576,0.13567315828406087,6.038270681902169,3.2101730552503622,1.2974018780785697,0.7734686312782013,8.576350381214048,0.05207717371340759,0.32219315280704697,0.9757666308847953,0.019912769391024064,0.8804783853987277,0.9887903620959198,3.599083639215909,0.01571204513311386,0.00021678391203749925,0.30092008852306307,0.9923358150388581,0.005942950490862131,0.005805690307170153,0.003466172143816948,7.157885008020881,3.106121961318664,0.013758046226491783,0.9710519808987285,2.7973910430602005,0.821808203541825,0.39090763229742675,26.265480334858836,0.2394208393569627,5.0,160.0,0.15108380252230513,-0.05447858005559586,16.0205925711427,28.84954910737074,0.7585040588895151
FaceForensics++/manipulated_sequences/Deepfakes/c40/videos/517_521.mp4,1,7.592745488582919,3.0379946583015496,0.5951525888579932,9.337021128247809,0.772432865658908,0.2611662805812415,0.06850350495796206,0.07080368577384882,3.3268718821111896,0.10000000000000002,449.86125331186184,4.76765609383583,0.8342800876572231,0.11458045949818645,0.20814587028948295,5.522789805021464,3.5831852578891934,0.8539840919127162,0.135545384668181,31.941805424342498,0.035992224524909626,0.2658836113294903,0.9935948388911444,0.005506608136968057,0.9579119870164425,0.9844737025223399,3.9205652047527395,0.008517389185726643,5.677217268384993e-05,0.3723830435425155,0.9928880512070661,0.005961230490356684,0.004865474998950958,0.0069027673453092575,2.36641247360418,1.5713059730830825,0.011625559384570027,0.9794224189039379,1.088628762541806,1.2259929256549362,0.42771646185449297,21.86339969953967,0.02512754737778961,0.0,0.0,0.4984073703168969,-0.11814640809422698,9.223951667322671,17.61859502169243,0.836474381467592
FaceForensics++/manipulated_sequences/Deepfakes/c40/videos/519_515.mp4,1,8.443021047692993,3.4353980420126824,0.6051846350660196,12.049315834264545,0.23260661203317703,0.2679282365579374,0.03696161680640017,0.061064690265723545,4.486883844445041,0.10000000000000002,964.5917533447453,9.598918905854225,0.8933070611410665,0.04492299701483127,0.20209565380773126,5.800946256927046,3.2537967264963155,1.714098053077622,0.030669472680071634,2.67551158144543,0.046005759254117554,0.37899188960738167,0.9756288727562787,0.02824425908795295,0.7332747230288703,0.9874769816613569,3.5374731813505775,0.020959001034498215,0.00045686590601690114,0.30418288545036115,0.9970597306457277,0.006113287061452866,0.005298313219100237,0.005262468010187149,5.7436473157938455,4.024649933905422,0.03365660181969571,0.9800179438418744,3.3775312238712374,0.8464023780668684,0.5100213800725584,39.36630915113507,0.40579306581633623,40.0,300.0,0.044090351783222605,-0.02605187755848922,15.529544189682772,25.90247948520201,0.8045585487980359
FaceForensics++/manipulated_sequences/Deepfakes/c40/videos/518_131.mp4,1,16.671875875939318,2.4716533034115167,0.6775070200313968,6.20400860737982,0.04469848798231529,0.4104350485354838,0.09189049471153515,0.05523533683444401,3.971549558354802,0.10000000000000003,633.7738105702467,5.477339386940002,0.8728860962480575,0.10638475462592321,0.24865867107560996,5.529616471516177,3.09260020089269,1.47873883661492,0.5042681841460847,4.537969286148498,0.027546794635232463,0.09149077953843998,0.9940140094149261,0.004639645894662,0.9537361253508314,0.9845766157593694,3.2573188282562433,0.015126902610063553,0.00028409878723323345,0.1780385100981269,0.978637549019667,0.008561996743083,0.012022891081869602,0.007557452656328678,2.0794299746695146,2.084739628012194,0.018609631228812675,0.9930645619210593,2.082346805909864,0.7954039681446994,0.4982335714689875,52.987103581444984,0.00014738397316236914,0.0,0.0,-0.3360539157997787,-0.09720743366583232,10.00800487224229,19.5013881705121,0.8092535704910392
FaceForensics++/manipulated_sequences/Deepfakes/c40/videos/490_534.mp4,1,8.066475154002601,1.2540748004278774,0.751755881572687,1.5915377315814625,4.278985197575364,0.21296348478908622,0.008274743139146353,0.09859968380040503,0.755152516506409,0.10000000000000002,634.0370959872645,7.023117423057556,0.464226544106124,0.01470188635288103,0.031070787122634277,6.564871689050587,3.4981661123921968,2.8446822965733736,0.2570197053739661,10.609034618913528,0.0024463219374079165,0.2768542635126149,0.9787043114983369,0.021542346252391244,0.8104917807186255,0.96938269719065,3.8295634704658257,0.018011754378676414,0.0002235705906059593,0.32703065317909946,0.9951694919615042,0.007727160584181547,0.00689591933041811,0.0062867337837815285,5.62371439908321,9.71687803691588,0.017798354653405492,0.8806736572051643,3.3882244199414715,1.370721479468694,0.7564584063240226,26.680238974728432,0.0019894836464177017,55.0,236.36363636363637,0.8917030431753523,-0.304578788194348,24.401161944757458,8.780811839640213,0.2677566690136407
FaceForensics++/manipulated_sequences/Deepfakes/c40/videos/513_305.mp4,1,14.439474743275174,0.9105089652062404,0.7935850383338894,0.8422869859912041,0.012220775851410386,0.36139789950348866,0.14154231861770922,0.06503517281808587,3.167802671115704,0.10000000000000002,376.46824576304385,2.4688552975654603,0.5185553133580764,0.02875572811308951,0.03626505052896363,6.237012172958518,3.533729895564659,2.717818914828814,0.45153929760016775,4.8294515383841485,0.0039481636456180505,0.04011501965894926,0.9783127973623774,0.01819221042630257,0.8983315721459226,0.9397605895135447,3.3089070020670666,0.012830635532736778,0.00014034562627784908,0.35216966539023414,0.9891574151948395,0.008870194666087627,0.008353147655725479,0.004720986820757389,3.6731417438090004,1.6080064390902922,0.02934877506311405,0.9473306437793141,5.92466097930602,1.8679199140129545,0.3601438030590879,20.36195300396183,0.01578103372615917,0.0,0.0,0.1906892767658509,-0.15066156883729084,26.773337092548445,7.80808050835588,0.39349377911972955
FaceForensics++/manipulated_sequences/Deepfakes/c40/videos/521_517.mp4,1,4.286803177626704,3.5879138246779574,0.6227943363035034,13.21762772404632,0.9675084779969033,0.18363048382865912,0.08064360005831972,0.06532634040093681,3.0133606907718304,0.10000000000000002,871.0496638980576,9.51134660243988,0.7713932630622325,0.022589933228231922,0.12251445985496665,6.242511278452886,3.3367483358848378,2.302776300848589,0.29123217473509555,3.315133127242851,0.015466746648499074,0.3020021205952383,0.9378443207147531,0.04209199490243448,0.7670839303155476,0.9693758206243521,4.099593296696721,0.019560884684324265,0.0002993960224557668,0.1863512034709398,0.9881620003752153,0.017511015757918358,0.013251420110464096,0.009328676387667656,5.9765131235060585,2.383820955135416,0.01866220540684889,0.9303409364742063,3.3342130016722407,1.1535175771174648,0.6797021983747606,16.6904880203746,0.0910374750586192,6.0,200.0,-0.029768515614111264,-0.08743000981230802,8.651936293675071,18.111859040468993,0.6839439633410783
FaceForensics++/manipulated_sequences/Deepfakes/c40/videos/522_337.mp4,1,6.5247954476585805,5.341555738563471,0.5769571865981373,28.749485465099365,0.7861195183850511,0.22253612086842933,0.210878751597754,0.06123142276395771,4.124870808043212,0.10000000000000002,1219.4621558467375,5.530064636468888,0.9061690384282428,0.22192299979891053,0.33710732304491553,5.346825495970311,4.021946599565044,0.6439680957947163,-0.691764056385911,5.191583853999013,0.17008235004838065,0.9355299942329168,0.9823918416681995,0.01567912313358798,0.8984446679220313,0.989190429704636,3.7298959224767545,0.02072206325829029,0.000517212029080838,0.2424170701716792,0.9950691355206822,0.006061242427676916,0.00457871425896883,0.007526854053139687,3.021047036633525,2.711822213225018,0.013830956309158834,0.9616816730184858,4.0742938701923075,0.9197440841420012,0.6564016183960764,42.04559676393237,0.5907921078180588,30.0,186.66666666666666,-0.0768789029199177,-0.02005106881056683,11.224777541795069,39.06113029632551,0.814606218909648
FaceForensics++/manipulated_sequences/Deepfakes/c40/videos/523_541.mp4,1,4.250061005362208,1.486113914628491,0.7423373786748787,2.2219182601240997,0.16921568435346096,0.16118537330495258,0.17503520264497335,0.07357446182707526,2.2778722707943104,0.10000000000000002,1108.0301902056403,7.041706895828247,0.8931122157361753,0.09186709558342161,0.14097951941764697,5.774970319501304,3.054031526933134,1.5611938424132525,-0.024910641777375286,5.323146366162392,0.03335326362091929,0.39254032344924006,0.9860998619110839,0.011856071147841226,0.942524938368465,0.984688871019614,3.8069364740303655,0.008339383639395237,6.914709956618026e-05,0.3098313733722764,0.9922401784237822,0.0059171076864004135,0.006020032335072756,0.003726947819814086,3.80324559691547,3.388043796005916,0.010149891478098092,0.972204641910928,1.7761450930183946,0.8020495000086928,0.2673640503149636,23.44220553725009,0.4425195774550377,10.0,160.0,0.3482254656457894,-0.1421796699822434,16.90273040518765,15.306116966584353,0.8199719970849989
FaceForensics++/manipulated_sequences/Deepfakes/c40/videos/524_580.mp4,1,6.4267307793758635,6.025046820960526,0.6683294482794528,36.681285799050954,2.3004749823540767,0.2140871177480943,0.08414886683157476,0.058300670409837316,1.9669262678235135,0.10000000000000002,1591.5164670191527,5.131049889326095,0.8645882137302363,0.09229715225903586,0.2334506352973507,5.354558904380804,3.539004650594449,1.9946985773081003,-0.18949794750871843,18.228574986357714,0.061497408016523133,8.640639195397936,0.9780538757491436,0.01806491341613497,0.810433884067285,0.9891418916925134,3.5016437146760646,0.011607867665588856,0.00015769274614285678,0.30524990944723995,0.9800770073604222,0.0054904199205338955,0.004064028151333332,0.007312601897865534,5.139417262334248,1.081722033227186,0.015562230325205208,0.9828197372781184,1.6922489025919731,0.9940802229152966,0.5697446617426327,17.008726922222387,0.7619713263999824,12.0,150.0,0.08549801308679265,-0.05074293544239952,9.833495684729023,17.53532233073746,0.8483454843327618
FaceForensics++/manipulated_sequences/Deepfakes/c40/videos/525_509.mp4,1,7.185357603918628,2.530907684387082,0.679785420745925,6.490029730872386,2.1545497483090674,0.23539310633186233,0.11111997794603126,0.08807039311177664,1.1318269688351834,0.10000000000000002,810.7753914656563,2.7610051333904266,0.6908928135307144,0.43668748101363053,0.2594533257163444,4.989958276522612,3.817035497998706,3.2732431840553615,-0.1478420968199322,7.565292122598479,0.05502141944572271,1.937902142951575,0.9954465251275096,0.0043000811976936755,0.9659168764968725,0.9683317207689273,3.1880779623622937,0.0066758813336491585,7.765263580949977e-05,0.35638946631063617,0.9904413625082469,0.004278003238141537,0.0048866597935557365,0.0024157597217708826,1.9964063074733789,1.6434616912004685,0.007782670223944421,0.989072746827794,0.9070207984949833,0.9508902404859972,0.28642799217521764,76.87429289323228,0.593635160323001,0.0,0.0,0.12014892385647086,-0.11306072707111019,12.322925274545412,14.09870418805333,0.8565451607416411
FaceForensics++/manipulated_sequences/Deepfakes/c40/videos/500_592.mp4,1,5.686916437947029,1.2109082565166607,0.745160362119851,1.479169624480654,0.12053939166304357,0.21988606289732462,0.15728890357727826,0.07381391308783727,1.641653331491796,0.10000000000000002,278.7539592050391,5.981293638547261,0.7077071732728671,0.09265623168334308,0.1573736559868992,6.032745524554497,3.244060595950394,2.2978779304716284,-0.10272296462902236,2.5794305340160415,0.013889083334737026,0.15012798071780764,0.9922443093351966,0.006352403003499139,0.963591817779433,0.9602875459767911,3.5963997561060466,0.01629556529223919,0.0002338016638532281,0.41657022344069555,0.9943292272996338,0.0067053609527647495,0.006309137679636478,0.005609528161585331,2.849370297317711,2.3580061842551414,0.00562860273310082,0.9163796020748801,1.783995113831615,0.9795347566857854,0.6406949262241026,40.27816113559805,0.3673103355131223,49.31506849315069,212.5,0.3462560626882056,-0.1727670194805417,21.0583168275348,11.923266627815519,0.5786798863247142
FaceForensics++/manipulated_sequences/Deepfakes/c40/videos/520_542.mp4,1,9.21111728949526,1.3978440349992134,0.737974448372009,1.9835234833136812,0.1909891294285579,0.27418848498523735,0.05441186926820567,0.08232044638982738,1.443441762066285,0.10000000000000002,262.71333992155434,6.159407174587249,0.6674481862485344,0.03426698771697947,0.0698806529114476,6.17497854431424,4.475549633412333,1.8632848977616965,-0.21274447634429486,2.492646585509915,0.009984177925846245,0.22887161855648014,0.9900075641964876,0.009375547679405875,0.9360051371315072,0.9550624829252661,3.3947402127502455,0.012278253212571144,0.00011500276741571724,0.4317217798293424,0.9946125640618065,0.005967387929558754,0.0060765380039811134,0.005428295116871595,6.805642347772053,8.83155522078783,0.03966480566670948,0.8011245806218391,3.9391722408026757,1.5923557977500826,0.5547312783179839,18.949992311590982,0.014023947091799561,5.0,120.0,0.8914222032434609,-0.21778992853483062,15.737903201659305,11.469850122855508,0.5691117798561981
FaceForensics++/manipulated_sequences/Deepfakes/c40/videos/528_510.mp4,1,3.982388026336649,2.033667215351465,0.6710167518217461,4.1863658392801515,0.141912305875949,0.1691352352752068,0.23102221905052778,0.06740680167238368,3.29635884170211,0.10000000000000002,768.2543357454932,4.818979746103286,0.8557668367601158,0.259127181063997,0.2658395413806627,5.4410551258492355,3.820905463071235,0.7211613142742509,0.5020120616635093,4.804817018681159,0.03919557557066227,0.13293459777460256,0.9888066823285384,0.01159299395662924,0.8814788292699987,0.9899390423504849,3.369743966847763,0.010769477114081383,0.00010685251618269831,0.2085409030222266,0.9927528424647672,0.00604560412466526,0.004776453133672476,0.004487027879804373,4.666486979691126,4.314819184576618,0.02396189839384162,0.9818447979489763,1.3111282399665551,1.898444206339067,0.6139667438491094,27.671596926777884,0.6791988068654556,30.0,146.66666666666666,-0.12186080899434769,-0.10959667681694746,13.180673625848065,20.981242574273004,0.8421233434889395
FaceForensics++/manipulated_sequences/Deepfakes/c40/videos/531_549.mp4,1,12.260499718397966,2.2358674053476792,0.6238890948961929,5.058419689561136,0.14914985856812207,0.3769574791818318,0.015372154263077708,0.06410487784946244,3.7252539327889225,0.10000000000000002,283.2390820246202,4.694606456160545,0.7949584603743891,0.1907635183781668,0.2649716797297744,5.5102723621961776,5.02512509081645,0.4828737445959633,-0.409027744898836,0.0,0.025912243784498773,0.15052354989593264,0.9925060941397282,0.01195205694154398,0.8338237118323806,0.9768524169557394,2.2713855708647537,0.005865695886313915,5.749988849856891e-05,0.336895048580427,0.9895110094585824,0.004991276189684868,0.005122159607708454,0.005308656953275204,2.6707019354985646,4.535792856519641,0.013764624601124468,0.9812658194623654,1.0938022575250836,2.0514707960236893,0.9059820973044512,17.46544853208715,0.06860822520068989,25.0,280.0,0.8951506255540114,-0.13462336784543152,11.385078052317226,15.20807349533728,0.8575319347928967
FaceForensics++/manipulated_sequences/Deepfakes/c40/videos/526_436.mp4,1,13.200466229264231,2.6704424827825597,0.6889299454538405,7.223320522244552,0.20769340508959372,0.3010188488865493,0.213417554226772,0.05731075256419262,3.237942458976692,0.10000000000000002,534.5616485011448,3.4723109006881714,0.7693910171208244,0.06088664991875954,0.13835831085951678,5.93752471335869,3.436724552856643,1.7146109775579652,-0.3325754498425135,2.5092694449704758,0.022674631711437885,0.10495277072731525,0.9909257407801201,0.007691951177501643,0.9270024161256958,0.9882018497659243,3.4752228349251655,0.021408317610621452,0.0006024069734849036,0.09700081981116587,0.9950374612826076,0.004153257701545954,0.0034658268559724092,0.003927653189748526,3.108456737824445,2.990566208182141,0.010220738926790056,0.962489745796785,1.8408268446906355,1.0741488372460644,0.5712228415970808,80.86907719759087,0.0008616968553534965,0.0,0.0,0.6565036625030747,-0.10960421670160429,14.183700741616356,13.018780107209787,0.7393903026780105
FaceForensics++/manipulated_sequences/Deepfakes/c40/videos/527_454.mp4,1,8.98265536450025,1.384663048215683,0.7193689460772605,1.9267334500415874,0.023323222026440237,0.30456126694154473,0.11755291249435731,0.05508340805601212,3.6293515417662867,0.10000000000000002,165.91238066713382,2.5355067521333696,0.7915170707964287,0.2970367483039092,0.27679043841811324,5.103510022201197,3.771704319574304,0.8766958913663122,0.3651717750733212,8.62703968016973,0.010082077516498722,0.05845157900447569,0.997216530981935,0.003963605045848997,0.9455867259381611,0.9713486306376152,3.4778999767232905,0.00419000256806612,3.074756750720553e-05,0.2569979629279133,0.9874422429719701,0.0029240630101412535,0.0022608444560319185,0.003220653161406517,1.3683092248840758,1.543915636491948,0.007272329504358183,0.9933674914414631,0.571563414506689,0.7268168900917016,0.4389409872517914,37.61024418040981,0.5352031389920572,0.0,0.0,0.6921229288431368,-0.16963245318780357,14.925807190767118,7.2766743275514365,0.8644393438578738
FaceForensics++/manipulated_sequences/Deepfakes/c40/videos/507_418.mp4,1,6.992637398657271,0.7857803105893258,0.7825532699902148,0.6210453387339789,0.10162166579728393,0.21085188219708667,0.06641923726187342,0.0957575449692193,0.917055159926122,0.10000000000000002,197.6638589210965,2.137247583270073,0.23255765764140665,0.02311977101240615,0.03374599974698265,6.464448453094882,4.1741146856555735,3.395987442146182,-0.09943166354021829,21.325825211906512,0.0006039667261726396,0.11195554789080991,0.9810788816188142,0.017570184174356112,0.8989263820115835,0.953473634699671,3.4265128689724063,0.00805746391415596,3.3942724257940426e-05,0.6758121796434499,0.9945030419497786,0.006124095991253853,0.005195144563913345,0.004547032993286848,1.5334629355604885,4.12740030057802,0.01394549883410322,0.7998245182465045,1.7375627090301002,2.7404032580024436,0.6688015984273905,15.959224436093065,0.14554361731003038,4.8,416.6666666666667,0.8055271344160678,-0.26800889954357626,27.304038671295107,6.026119997954586,0.30042782933506623
FaceForensics++/manipulated_sequences/Deepfakes/c40/videos/535_587.mp4,1,5.130674574968993,2.376083695404479,0.6489329868217097,5.717999001008373,0.07984354749099748,0.20101858463538774,0.05579904150813799,0.05145481350585572,5.120911530966174,0.10000000000000002,689.311066509002,6.459189260005951,0.8855899814628716,0.12233676805904016,0.1825244575764505,5.933100686208982,3.4736770194623556,1.708619628235889,-0.16478508489784766,4.403716681427387,0.04573883786050988,0.283112560189106,0.9889846216720852,0.008336250160962875,0.935504808772084,0.9885889429133298,3.843142675062251,0.018232377246022224,0.00036827780422754586,0.19529031431801286,0.9957718684229927,0.006202450022101402,0.005606202874332666,0.005889292806386948,1.9995919798782293,3.268488285567774,0.011456569404692795,0.9790086680858181,1.7419621394230769,0.7805479647677908,0.4822578892709042,40.42057583913842,0.5999566658918224,48.0,245.83333333333331,0.44719353846853344,-0.0911115816419297,14.78704452037514,17.761512814768757,0.7553843901024564
FaceForensics++/manipulated_sequences/Deepfakes/c40/videos/508_831.mp4,1,5.812745776438776,0.6255129915437926,0.812464574619057,0.39200020847026334,0.18623287861165858,0.18090939521907642,0.34083371487243397,0.09360037569292863,0.8916023312348502,0.10000000000000002,249.9902087789592,0.6301404863595963,0.2413014481736281,0.02283955998751323,0.0202032397102656,6.5252965484353425,3.5647341580739953,2.451795730683073,0.5868834862643499,3.1005394076559214,0.00045064327466562344,0.0025564971941779155,0.9838342527212018,0.01743698159229201,0.8770263719200213,0.8890227092255704,3.2731257146943546,0.009221101179718971,4.964875188306905e-05,0.30188584925248774,0.995317707381875,0.0031780926510691643,0.0032948018051683903,0.002407792257145047,1.1349072963310713,2.4219440989436167,0.005572281042838539,0.6841143571536121,1.0704986674331103,1.3217914726691462,0.5810599245306738,28.228642889823014,0.34678859693313585,54.0,118.51851851851853,0.9216307561502312,-0.21067468959766092,31.881277058220377,3.348301322717264,0.18198907864929476
FaceForensics++/manipulated_sequences/Deepfakes/c40/videos/530_594.mp4,1,5.325392149133436,1.3419346015111524,0.7251687317075854,1.8581397318619832,0.09473100118621443,0.19216058796518043,0.02250462962537725,0.07313036824442351,1.5561098635611241,0.10000000000000002,604.2065946727005,4.217988896369934,0.588724149555998,0.041553640823819474,0.1440047371027453,6.286226230370627,4.272169987905908,3.451399826606638,-0.6755470434679998,5.770358517451231,0.008553834535200184,0.4312380578054465,0.9597279492407808,0.05367606450740248,0.4023358315537802,0.9623735257987681,2.3313717065044512,0.014987756498157978,0.0033243836369365454,0.14383525129598687,0.9993854747567734,0.005184819921851158,0.004980689845979214,0.0036356037016958,3.212132523588345,0.7596662380759519,0.005804547423993031,0.9783942261976737,1.2673815016778522,0.7483306325645676,0.749193160651491,32.496740988527485,0.01268655466903536,0.0,0.0,0.334729988430095,-0.20974681937515907,18.187101677258877,10.456671750144586,0.7436216832101918
FaceForensics++/manipulated_sequences/Deepfakes/c40/videos/532_544.mp4,1,9.213855495712957,1.516123156809546,0.727801974081032,2.3147540322136444,1.0165894956834582,0.30621755176193177,0.16456997087342864,0.08541357918878359,1.1387569373594033,0.10000000000000002,194.86634906183554,6.787013113498688,0.7752467170314312,0.0632767986094404,0.10860399674372782,6.039697417115218,3.300408020460987,2.447324017260173,-0.13461562400975272,5.292012788133633,0.010885981065808849,0.3424510130719104,0.9880034889130226,0.012365020395126393,0.8737721397535892,0.9725194001504418,3.8800062899971466,0.011836673133075237,0.00018604620709083974,0.3062765226493696,0.9921425782077172,0.005645254161208868,0.003752535441890359,0.006689829286187887,2.4121732565164438,4.081495570546909,0.0217190567938287,0.9804548110008754,1.2405119931020068,1.1175440073998233,0.37902642473831727,8.892928337104712,0.13430127277595574,0.0,0.0,0.1890874807861575,-0.17834295202200376,17.489054472476276,11.590073422007512,0.649833299628397
FaceForensics++/manipulated_sequences/Deepfakes/c40/videos/539_499.mp4,1,7.153889025668927,1.3840822031105136,0.6697564110680665,1.9404975625511174,0.6252177930166295,0.3095018007577963,0.0852649426353268,0.08491925053360949,1.5202511420117282,0.10000000000000002,159.55643312612472,5.23509601354599,0.714309245831958,0.03932232354327326,0.14158705788405196,5.90589153271244,2.668149828235955,0.7781826852264276,0.4558275296978039,4.464032808921445,0.02639056432394681,0.4932709028106644,0.9800931509468923,0.020065179339764462,0.8674165119749292,0.941194591048912,3.935473717501818,0.005979971960186958,2.442405093461275e-05,0.5224605750656676,0.9884152989145313,0.005268513690680265,0.004607193637639284,0.004650927148759365,2.897184674270973,1.7647933555530761,0.018906098901136197,0.972714819169134,0.836211852006689,1.0325130900736768,0.3229618673648115,30.72847379692395,0.6679650931691336,36.0,122.22222222222223,0.7944800529765474,-0.2392429232889283,12.40735425275596,5.942791356254902,0.7109386755538866
FaceForensics++/manipulated_sequences/Deepfakes/c40/videos/538_493.mp4,1,8.150920737501135,3.435371639027392,0.6806168474980853,11.9737970227274,0.12704380979760393,0.2354662835902747,0.22239352669732715,0.060887818711198374,4.416536135920629,0.10000000000000002,769.3009526856736,4.669200873374939,0.8688813355435713,0.1892304312681014,0.21584568719032407,5.268623703237446,3.3296366867865106,2.165203698712893,0.01634825737909827,3.7465881419684006,0.06754020981734696,0.6955608727706095,0.9908423322741723,0.007803988935023389,0.9381070476351125,0.9675256245698588,3.3882754376122386,0.011085007339715958,0.00015244905080180615,0.2622601868938482,0.9909295538068289,0.005111278500407934,0.00507294712588191,0.004562101326882839,2.830592462815006,3.469584458126451,0.014078183450083978,0.971595358073506,2.9627175219481607,1.1064985590321432,0.5155371461203948,28.932138026865847,0.26719305156260326,55.0,189.0909090909091,0.4576000678642636,-0.08774097375490542,15.441345152687177,31.49281452515951,0.8166490035777533
FaceForensics++/manipulated_sequences/Deepfakes/c40/videos/541_523.mp4,1,6.936161129353044,2.7811317913043396,0.6094409172993839,7.812369895703206,0.0884818010204642,0.2769679219224662,0.012685009049187377,0.054509282976574536,4.706984044241222,0.10000000000000002,367.80386291000093,6.915586549043655,0.8357613083092051,0.27735338201403664,0.3736222511843073,5.59383193476953,3.3327063731806548,1.580689505589863,-0.17507106334733752,3.640459164756231,0.047559495854469364,0.3979277492428853,0.9872055127401966,0.01279717189465394,0.9302482092449921,0.9844389294505704,3.543811581279936,0.007446238771080971,5.327461985871196e-05,0.6349178527307136,0.995398357405248,0.004864315036684275,0.004091685637831688,0.0033950109500437975,3.668038550458135,2.911132762665059,0.01669514666339345,0.977736085744111,1.2184331887541806,1.090475542601469,0.5210711264341292,58.1715233319935,0.3759869905342658,0.0,0.0,-0.09665891231193544,-0.10585198721728761,10.321915400278504,19.74804346176099,0.8547825288735313
FaceForensics++/manipulated_sequences/Deepfakes/c40/videos/534_490.mp4,1,8.73024995388501,1.364523905585697,0.7441104285141215,1.8810857319732144,2.9561141510691016,0.2493884914696618,0.15613990387603757,0.09388992232711625,1.0130478333208197,0.10000000000000002,418.16686667672167,6.057393676042556,0.6021063835275802,0.03798282775837148,0.0682098536794616,6.158796164715982,2.8426912034745464,1.067535528674765,-0.11480161635698463,3.912415922154056,0.008572022123337205,0.09828799030789269,0.9861918604893884,0.011447578689888261,0.9332681184977754,0.9604950140045088,3.4626920254766125,0.009351314045488834,5.57812127226498e-05,0.3993640105520458,0.9868207882281463,0.004830821882933378,0.00474404264241457,0.00480901263654232,2.408114766300731,2.901704573699579,0.013645486100418498,0.719442794617848,3.1330672554347827,1.7837721785700686,0.6574431852968057,9.280517175634415,0.6248748147287778,0.0,0.0,0.9519788858436478,-0.23297547106884475,19.68030766832992,5.618743947582771,0.5237727832656212
FaceForensics++/manipulated_sequences/Deepfakes/c40/videos/516_555.mp4,1,7.290795338900365,0.7428592294230725,0.7972734628761451,0.5531806129946255,0.5876117302110757,0.2500056524586766,0.09148144396417277,0.09892615941813326,0.7689199005210032,0.10000000000000002,158.4471804095343,1.5748539716005325,0.3036226623364566,0.06597545378159711,0.0976436752432316,6.421103015994434,3.343640018631631,1.8652018923425615,-0.37735663774891215,2.499216831996324,0.0009977025446961225,0.045102728669316895,0.9850321662461953,0.01697802250372684,0.8691278736904778,0.9122551104645199,3.086798922100578,0.007920566946268082,3.170160562149249e-05,0.6386555342078789,0.9944122688475445,0.005994478706270456,0.005531678441911936,0.00420065363869071,4.0128329860716345,2.0073941108300013,0.02165434588739958,0.868235101415523,2.143335859113712,1.9449651119497788,0.537703812336177,26.452689823004032,0.04779700808679447,0.0,0.0,0.9013057970448776,-0.22145499454015266,24.038863095686935,4.506092248222069,0.31044830403922163
FaceForensics++/manipulated_sequences/Deepfakes/c40/videos/537_563.mp4,1,10.32407544128661,1.784001607151292,0.7204056767472469,3.216712905196465,0.0694766704923998,0.30990778612772707,0.18201212237289247,0.061607127340460976,4.384654026094543,0.10000000000000002,239.7287614346032,8.443013691902161,0.761653199140647,0.10449041010306447,0.1753965656242469,6.093095013521227,3.9734178513716216,2.3819225307385365,0.4542654625275322,5.612051610017321,0.02915504324724559,0.13440459562789941,0.986227785769343,0.013486832716724727,0.9012746272030784,0.9641144547321949,3.9147511098026877,0.019813237711787224,0.0003415261162444949,0.3746329100079362,0.996861347964742,0.00835416279733181,0.006232451181858778,0.009091632440686226,8.387584991353805,7.145763179558267,0.026815777371891242,0.9303648371209854,3.323353234740803,1.8783919755222345,0.6224029631843542,14.333630509476073,0.04456762692178111,60.0,210.0,0.381012819874244,-0.1493404770554791,15.788547197075538,13.087970753489246,0.6034476016265405
FaceForensics++/manipulated_sequences/Deepfakes/c40/videos/536_540.mp4,1,11.603970739601392,1.9923399703136788,0.7096003538185317,4.005961003465571,1.3281973095020172,0.28480510466321457,0.12044273279952607,0.08993236031144472,1.1046301163811545,0.10000000000000002,343.20010273765513,8.401455616950988,0.7317966173142331,0.04682699099898327,0.11299660362811544,6.41937837708289,5.367199269677627,2.299381855515148,-0.017361395571043325,4.970739627389808,0.013505364390092995,0.11718600035982234,0.9818615810074823,0.02204907890365667,0.8358104069298887,0.9814337151875566,3.623157037319052,0.018544385209679604,0.0003556993033271283,0.3964031811784281,0.9948156991119456,0.01659606210887432,0.01380996685475111,0.009196345694363117,5.543488466663198,8.823582939600781,0.022752896966285078,0.9452918148651434,1.8287912834448161,2.759072698867126,0.8181504795415492,15.820031536990893,0.3208211334723584,5.0,160.0,0.5625321099535247,-0.19921487197719145,14.033846104254698,12.969445395503994,0.56417198020154
FaceForensics++/manipulated_sequences/Deepfakes/c40/videos/545_553.mp4,1,5.944850972979497,2.686695882378522,0.5940405310983096,7.358975398218083,0.26643366321347334,0.2226957640360565,0.019782744645033098,0.06623409221515426,3.175051463160624,0.10000000000000002,308.1731501917733,6.396993070840836,0.8456390609634277,0.1088862036214041,0.21537113213296447,5.85875379286303,3.4078965370984893,2.6535829456715914,-0.15165736772674238,5.6358022536913035,0.03373710927450035,0.291531055807594,0.995371508902269,0.0037294213340273007,0.9771610398972945,0.9694276665921199,3.4844217960537356,0.006369507871568203,2.1348609152482823e-05,0.6134124400601938,0.9885465979901523,0.009700129739940166,0.0106767313554883,0.005606263410300016,6.15448698455976,4.931664447330472,0.019627467034301866,0.9880020155216763,1.4296711695234114,1.3045706390232292,0.6731625475742573,21.756376036571147,0.23603784894949512,18.0,133.33333333333334,0.676527430718707,-0.10078152562933697,16.383753328145065,29.528070747686446,0.8465820616497913
FaceForensics++/manipulated_sequences/Deepfakes/c40/videos/543_559.mp4,1,7.46456093599308,1.5655667021913575,0.6734679979234934,2.480290367065511,0.1860948427613686,0.2733156760366141,0.04779605187500885,0.06774329540295648,2.452064925712424,0.10000000000000002,325.65077219159974,7.115883153676987,0.7801706308240501,0.045694742669772304,0.12289741549219173,6.411847703437364,4.06064978400064,1.7224639946718052,-0.41299849838666053,6.179444726563925,0.017339176791257974,0.08666700142064039,0.9656701853942672,0.027456033015155,0.8396861623835796,0.977075218847456,3.8875878056328994,0.012637720443308353,8.517067180946469e-05,0.5367025617610153,0.9934381035080849,0.00595526397228241,0.006055682431906462,0.006025481969118118,3.2659778618768485,1.9601810642218294,0.014371117739751388,0.940984777803413,2.4911815426421406,1.042520785199614,0.7713625190258121,64.99715108209311,0.24857911008051972,35.0,211.42857142857142,-0.10617254975336064,-0.15788952220571362,15.585206232634068,8.875403977707341,0.6818874596774668
FaceForensics++/manipulated_sequences/Deepfakes/c40/videos/546_621.mp4,1,8.508424744750297,1.7053564961131467,0.710249142694044,2.946400800770772,0.3092767490999814,0.2114330731576787,0.49531132841303427,0.08393435250321045,1.7822862899490357,0.10000000000000002,593.8620106808673,3.893785035610199,0.6880564790480179,0.06250009624097737,0.1315946976295114,6.247896667876285,2.8171069686691137,1.2588244191991678,0.21833583593447078,4.5060140682466665,0.00516899399632955,0.010227721508301224,0.9932001090262847,0.009394107243200063,0.9031591041671823,0.9832312148126268,2.71659567934218,0.006466560065746307,3.8540150853805244e-05,0.3266260777968511,0.9928831837578149,0.005073821172118187,0.005980047397315502,0.005643324926495552,2.612745721465518,3.132639796016865,0.010426200249187794,0.9840757937235707,1.0588844324832776,0.9364445413071287,0.4903169059443937,71.6340119607835,0.47907642346262075,36.0,200.0,0.9811360472052721,-0.2619505332759175,15.0845176883459,5.635016448414074,0.7197040166335184
FaceForensics++/manipulated_sequences/Deepfakes/c40/videos/550_452.mp4,1,3.614376897823676,4.00305510127663,0.5999754115355383,16.379634973615417,0.25252343191034454,0.15517031071666612,0.08446396063343288,0.043195480666241674,8.126756225751803,0.18500000000000003,1659.803564039858,1.6689382969634607,0.7897673314086211,0.5992930434374072,0.31908481675487566,4.198967116580845,3.897598315792201,2.435334701673478,-0.16292463116210432,5.137177221923173,0.13705882327486443,0.28853723899530676,0.9897255429733615,0.020532964666415396,0.7062397243091019,0.9818788747743081,3.123355357607733,0.006231558043509722,6.40725702396594e-05,0.5137672702778066,0.9919338804119927,0.0047157928347587585,0.00456482358276844,0.0028434284031391144,7.169218769860615,2.7429977033966346,0.019036985796306142,0.9903530653473516,1.3858532347408026,0.7321170718513996,0.48891959193396684,34.13743597567563,0.1477417520292933,24.0,241.66666666666666,0.21930801646528028,-0.02450145343313756,12.211946266312136,16.019571993039587,0.8181390731763972
FaceForensics++/manipulated_sequences/Deepfakes/c40/videos/540_536.mp4,1,15.85634736108888,2.3199145715953775,0.6910412669281019,5.398280146570843,0.9274370462071261,0.38096248818176215,0.040277111145987185,0.08054678623131185,1.265350549124424,0.10000000000000002,289.8942255371077,10.133654761314393,0.8013349497221324,0.025110611800630893,0.07850267128555062,6.495516267115979,3.34393865564838,2.020710740585151,-0.24244056756266832,3.579822897044519,0.013291353722886473,0.046343958968763935,0.978169188806053,0.01761902322288829,0.8506063411437096,0.985179996253252,3.7651870106018777,0.02418261021375656,0.0005668335361406207,0.131911117665625,0.9922514683111542,0.00640553655102849,0.005004805978387594,0.006700885482132435,5.356635372194344,4.503799955563556,0.019553313872337025,0.9412982298615034,3.0351464517140467,2.3815591351552436,0.6926749963597855,31.864448930187457,0.555104577838267,0.0,0.0,0.8247812399608165,-0.18939294446377963,15.874967655479425,13.995513559339821,0.6432076521273336
FaceForensics++/manipulated_sequences/Deepfakes/c40/videos/553_545.mp4,1,15.605092029181264,1.4919881680435387,0.6682189837294655,2.2436350182718274,0.15102255770058837,0.36634648650780954,0.2160209926886087,0.07079773996702374,2.67657503195845,0.10000000000000002,231.56270619721204,3.164586043357849,0.7211173405593891,0.3383487422606393,0.22651737453593865,5.17008810660138,3.658731330482791,2.02674925097842,-0.23288937195338505,2.3603421771190054,0.029904961265435938,0.0451182180607345,0.9953247408834491,0.005166892161550211,0.961887131458753,0.9532459270462269,3.2277782977977383,0.004811422433704138,2.5002434995258227e-05,0.42117333933350776,0.9932340592171213,0.004779942333698273,0.004683715291321278,0.003917957190424204,1.9515880970148993,4.419864254072621,0.013790943852060292,0.9859972212407445,1.0269812134197325,1.5687195596896488,0.5675763387211519,29.35094374651985,0.01442090765276147,0.0,0.0,0.7620542423126044,-0.13543257709174633,17.117822128138748,8.273969795978946,0.8637796331296804
FaceForensics++/manipulated_sequences/Deepfakes/c40/videos/542_520.mp4,1,8.868014946788382,1.3162372721479731,0.7410937181148396,1.7536749039905293,0.07238792822489513,0.2575105118735784,0.20816202584561,0.0743507158014224,2.1779216806367723,0.10000000000000002,391.7419101383321,5.039371782541275,0.6382903620899111,0.18449568474920675,0.2133087670983444,5.936217667305974,3.7404771251911026,2.0693236228525973,-0.15246533022548456,7.865603043353979,0.019551456277139598,0.7320857573894183,0.9778193793701262,0.031156165051374373,0.6812743376343268,0.9595056059701391,2.968907466565501,0.009862164966762066,0.0001393546408507973,0.3401919874956306,0.9933369054903224,0.006448129657655954,0.005478919483721256,0.008752199821174145,5.9013878541271305,6.486638111953041,0.01756408676494712,0.872613617497871,2.2919693248327757,1.7005813189035435,0.44136983806266794,15.848681479478019,0.011071041018842659,25.0,176.0,0.7228523922427569,-0.17897480687397896,16.60695464729267,9.38999881063791,0.6594787546262602
FaceForensics++/manipulated_sequences/Deepfakes/c40/videos/544_532.mp4,1,8.407483617499329,1.1795538347831012,0.7470828263238518,1.4035092866070387,0.3159475944249134,0.23277898364960117,0.03876035523409339,0.08234606447837688,1.5359487958865294,0.10000000000000002,374.7012816545293,5.848503065109253,0.7625124732661902,0.05602285980379189,0.09814323125500958,5.829833689802289,3.2787135510181113,1.699305417183145,0.3465687548588616,16.437188835529202,0.01321742751191685,0.1723256026977399,0.9962960335901067,0.004689514746850421,0.9437916971470256,0.94689957006806,3.7937063087596403,0.010736668482422829,0.00018836384697351605,0.27070914977752664,0.9861045580330545,0.007258512079715729,0.007650124374777079,0.004146595485508442,3.8389731762486865,5.9868760116797,0.020290716473844367,0.9824267675737698,1.3720507159280937,1.6752464381485135,0.47647566897818516,23.328330424782504,0.04811420831748457,6.0,200.0,0.7271960787180636,-0.18426842421021766,20.186107767969798,8.365359516728297,0.6868417003293134
FaceForensics++/manipulated_sequences/Deepfakes/c40/videos/529_633.mp4,1,9.11853177248286,1.1535542264378087,0.7606992342406211,1.3496236257548477,0.3614399832824462,0.25809361582264956,0.19285427322904963,0.08636462691659687,1.3289853901166964,0.10000000000000002,352.9285879160165,4.091052323579788,0.617380296798409,0.06556835864043345,0.08899387907548083,6.147089984168926,4.985144838301997,1.8754096968457794,0.16091299088050062,5.956100751237769,0.003810216359199769,0.06508780859388436,0.9801299199554384,0.02301303251237033,0.8531473401177885,0.9657430242096154,3.1501832802602188,0.01387688796967268,0.0001768283691490069,0.280146367721366,0.990967859082254,0.007096599321812391,0.007068601902574301,0.007356033660471439,3.4883776779756674,6.331457185038159,0.029875428720065156,0.9572150850415033,1.412752795777592,1.1070442185800098,0.6221306269470268,15.43826667550963,0.06401878948379522,30.0,193.33333333333331,0.856332259528749,-0.18428551434959486,20.803333503375832,7.762991039589033,0.6712204873103805
FaceForensics++/manipulated_sequences/Deepfakes/c40/videos/548_632.mp4,1,18.67179014160178,1.035515109045353,0.7650599650872985,1.0839386771089454,1.245459972577609,0.39003816796159463,0.00911052640339709,0.09391196857017095,0.8475117337175326,0.10000000000000002,355.87758721139096,3.255490356683731,0.46999491906564417,0.025693279892642775,0.03874702495986551,6.236669317694048,3.973119803282965,1.0610627607793714,-0.21020937883164564,5.334511429023355,0.004252933466284995,0.1605895546683962,0.988114751573504,0.010007308107527802,0.9410958781383325,0.9509847459584307,3.5336352956017687,0.008659342303872108,5.037744631408714e-05,0.45131443609563565,0.992627236420564,0.005266454070806503,0.00495440699160099,0.005801974330097437,1.8390998369010854,2.7423568042571165,0.010011346012797868,0.926652529184142,2.079039506688963,1.3387066619257284,0.4653498811380109,22.459657174676426,0.05434416868586627,5.0,120.0,0.5172429376671434,-0.2165830511950557,20.27497339381797,5.6189063000328305,0.4333838467189378
FaceForensics++/manipulated_sequences/Deepfakes/c40/videos/556_588.mp4,1,6.358632874011223,1.8156824088676327,0.6682082087476597,3.3359171070702787,0.20489339987963784,0.21432898840869036,0.2689021952556286,0.08073535052383565,1.627519264463992,0.10000000000000002,552.5296134499762,6.5076787114143375,0.7581245359361898,0.10364552050956971,0.16331456897338267,5.9552696470971656,3.652319977128792,2.4653306003610895,0.5053373207246574,6.641568499018466,0.011751584392733926,0.054127859082665285,0.9876504741800376,0.01277790376212116,0.9225810912352139,0.9437157456337796,3.732302737310808,0.008844314143061638,6.773792847525328e-05,0.5678873552476423,0.9891485684138919,0.005760106723755598,0.005384696647524834,0.0050705112516880035,2.3482981543340182,5.148506760302176,0.00834723967875411,0.9631101449687772,1.3380441314799332,1.4351195933204364,0.4460983727603848,18.040531024237453,0.639228018980273,40.0,200.0,0.6223350563831895,-0.1784000115814533,14.41354524493933,10.806927911057226,0.7122857047527441
FaceForensics++/manipulated_sequences/Deepfakes/c40/videos/549_531.mp4,1,7.756130736187055,2.1328520681314207,0.7385957389486738,4.625358558580476,0.006112627545315798,0.22729654071917677,0.1323239882964238,0.025326956892483887,19.75599274016388,0.11000000000000003,764.5478387243087,12.289284229278564,0.8274493776748258,0.0161906770775614,0.05915053530502996,6.550635644981768,3.3529757361910026,1.7106859172089106,-0.5862073303359548,1.8082308539810592,0.007808327592709287,0.04723320678614587,0.9712108713411709,0.024750183869126096,0.8628091816794052,0.9790535078249089,3.885392803362725,0.029842879623174667,0.0007199979736469686,0.20543832483683616,0.995998339129312,0.006825671065598726,0.006238680332899094,0.00562906451523304,7.368948469475188,9.48532300830686,0.027159234322352555,0.9678546411356007,3.946729985367893,2.363549746215972,0.752207771018446,65.53271437717669,0.5232800847273457,45.0,266.6666666666667,0.10275559326997052,-0.114474879950429,15.64699620795593,28.251319957597836,0.7773136454812215
FaceForensics++/manipulated_sequences/Deepfakes/c40/videos/557_560.mp4,1,6.221273856465644,1.572651038410331,0.7253153607914737,2.5013697288449377,0.07575656539326987,0.2221481352874357,0.14701969103545104,0.058984032283657874,3.2623136751209385,0.10000000000000002,465.5240762667915,6.024195766448974,0.759724984446162,0.10407721361492901,0.1424468541609015,5.8134011279461655,4.684607127713089,2.7018989743608284,0.5652035842580111,5.930341685858744,0.01600008534661315,0.2950620436768966,0.9886761799281013,0.01063465662194694,0.8985983984498614,0.9670927602856773,3.422902693830383,0.011934785172343254,0.00011939087562495843,0.3878947195735189,0.9832199762199944,0.005495414603501558,0.006293831393122673,0.003836865071207285,1.9218382604033506,5.025485324035397,0.022586460359424406,0.9881971696892364,1.9331364966555185,1.441098346095364,0.6137259098584764,16.373790023927988,0.43584724612970915,54.0,203.7037037037037,0.6104359813820579,-0.13988352452348551,17.4145149105341,14.02418045448992,0.6602656546328394
FaceForensics++/manipulated_sequences/Deepfakes/c40/videos/533_450.mp4,1,5.740589438096297,1.0100249368176795,0.773440446570393,1.0327427945639744,0.17819577196289818,0.18118431628985615,0.20719445648352916,0.09249018343596287,0.5935703577287319,0.10000000000000002,664.9222341900996,4.234303033351898,0.492609928502498,0.033245708162806274,0.07306138953851754,6.2987927427980015,4.196184315812955,2.465705947888188,0.5062198390291917,7.220707597780692,0.004047747152746741,0.021191845008411297,0.9853743188779437,0.015639857166315142,0.8872474027133764,0.9660302244422457,2.537138292670425,0.008137891069054604,6.522786134155467e-05,0.30195896182977916,0.9934584526335554,0.010190930217504501,0.010192598216235638,0.005329132080078125,5.278911233436388,2.2935768272286,0.01166373005683989,0.8899842271133972,1.650259981187291,1.090756627131439,0.5596399121203288,27.61460520473492,0.10676954579664501,54.0,244.44444444444449,0.8586443149713175,-0.2187574501687004,23.00384014117146,6.675267298792163,0.5289407625786059
FaceForensics++/manipulated_sequences/Deepfakes/c40/videos/552_851.mp4,1,2.61006934756643,0.9564851547943807,0.7704720182449447,0.9239590706889066,0.5235398933394598,0.15154251668870453,0.18944678851460045,0.0911892008729774,0.987494314177836,0.10000000000000002,328.7447975517142,3.8437532782554626,0.5923203606668299,0.07732738738432733,0.12323541526963426,6.022054243899905,4.3136118997978015,1.8799600125568316,-0.30051020965587216,6.082723546380184,0.009077334046794875,0.2428370729419896,0.9749038285667194,0.032476705408495385,0.7530498144455968,0.9713441055802536,3.229972336593284,0.012042166665196419,0.0001970639277715236,0.3389378334843594,0.9964771002870982,0.00653070816770196,0.006513741798698902,0.004408728796988726,4.445992400804834,3.4988392728179494,0.017662229227056098,0.9714647269322632,1.1076047763377928,1.0654835669386424,0.4915171310232821,21.652207904805437,0.44729768792035834,28.799999999999997,222.2222222222222,0.6785201107713056,-0.18687506162587822,23.70540486896304,8.545791358893306,0.6844460032996901
FaceForensics++/manipulated_sequences/Deepfakes/c40/videos/560_557.mp4,1,6.176091282306244,1.7450142422556065,0.6530803046928596,3.077526486280386,0.29361796421837083,0.2310786025863037,0.03531753275428236,0.06554995453097315,3.352742937294393,0.10000000000000002,701.3099012862189,4.864771708846092,0.8501102528148063,0.1919661020095266,0.2209308507271886,5.6153616542530065,3.5626773651126626,2.166111775052606,-0.23239786505456855,7.17065713009238,0.027105533339899044,0.21348602754142354,0.9917780845031796,0.008779365682845708,0.9018235185966029,0.9799218391300656,3.7313839565412543,0.01017354242503643,0.00010410336108179763,0.4281378093312082,0.9920868399740566,0.0042996592819690704,0.0038985975552350283,0.003583208890631795,3.5244851333563423,3.6818266584395074,0.0320420413282794,0.9727779693146424,1.3210114443979932,0.8333843915967202,0.6733867974636942,24.960361186578922,0.6652101613941461,42.0,185.71428571428572,0.4956543555053384,-0.08708224878999489,18.214421391664516,13.787865772912419,0.8058655319255968
FaceForensics++/manipulated_sequences/Deepfakes/c40/videos/554_572.mp4,1,4.105226795192558,1.8086531797111174,0.7123574627677709,3.2961433202425816,0.2151445815179846,0.1611002890816116,0.1338029343476893,0.06521290168889021,3.3292091405679516,0.10000000000000002,1069.5754013040419,6.832730221748352,0.7957226117217276,0.021046940411338155,0.10296106146511805,6.245108262500571,3.107249795237426,2.4042920600414575,-0.4613865453325549,6.337919054983357,0.007324179808118206,0.042107156830199,0.9708948879259398,0.02194649428813587,0.8626742361535767,0.9805850512134462,3.5865364641004076,0.019763723015785217,0.0003696952771861106,0.164437515805683,0.9927679507364887,0.005776954349130392,0.0052840993739664555,0.0057609956711530685,2.282409600629401,1.4689499556927155,0.009121854817864553,0.9179530735469551,3.6237556176839463,1.0131000138191815,0.6111184025945102,24.8475228815104,0.6022358841081398,36.0,122.22222222222223,0.6793594093386472,-0.18041694326038762,12.476836493684917,22.910446982698666,0.610920668352103
FaceForensics++/manipulated_sequences/Deepfakes/c40/videos/563_537.mp4,1,10.263470708379389,1.7566526479278637,0.6603165462596672,3.105772057951769,0.08355428932094291,0.29460245008723407,0.21933528145346504,0.07059043104730099,2.286102099983015,0.10000000000000002,387.46498958573835,4.987249287962913,0.7562358576893502,0.31065693666225713,0.27226160937304705,5.402276581960625,3.797979985222447,2.3025952307075084,-0.374250560351987,4.089585268823008,0.036280369928280466,0.6821283823124716,0.9942471322150856,0.005917161080401813,0.9650897617410216,0.9783158523571589,3.6457386187833896,0.007752376142889261,5.353747837943956e-05,0.5283287602362673,0.992165842160465,0.005699892994016409,0.003899017348885536,0.005594389513134956,1.9055043042650182,2.7154432066331857,0.012042401448561283,0.9916978472427862,2.073085414924749,1.0976495799389272,0.3537178893176781,24.49911203542638,0.042527117025759405,42.0,195.23809523809524,0.5896733957943305,-0.0820191899366029,15.023815835653867,15.299254186352938,0.7727768517762491
FaceForensics++/manipulated_sequences/Deepfakes/c40/videos/565_589.mp4,1,13.018649288341788,3.5435762133238287,0.6038774436475972,12.637797421743649,0.09976695673439517,0.33741418654295485,0.03753153567115171,0.04684421433659281,5.993878908635681,0.10000000000000002,745.3381088484253,3.6836478114128113,0.8162274642701577,0.09509625907443747,0.25005176094539716,5.3858641352258845,3.3917450773798987,2.168105860924413,0.28125613952045514,2.7795372481925895,0.03775491675608105,0.09575964520775433,0.9905447394639645,0.00852836275562985,0.9058964202318155,0.9683474829185553,3.5193678059768145,0.008378764614462852,5.9111225709784776e-05,0.2329187501622404,0.9899069971824228,0.004317333456128836,0.003812392009422183,0.0041604433208703995,2.8321409931264308,3.0154929229431833,0.011689223400622962,0.9909911068974679,1.9937976849916388,1.0732674189894784,0.40619615246891994,54.34112929956637,0.7515762799862901,0.0,0.0,0.25067628811913534,-0.06959914375092392,12.259606483697969,20.648172676518453,0.8277899419683251
FaceForensics++/manipulated_sequences/Deepfakes/c40/videos/566_617.mp4,1,11.773184235299288,3.002311028599057,0.6862926882727526,9.137433809067582,0.1478402466468002,0.2859704435737936,0.08204035347339443,0.06082890696686466,4.880794238195492,0.10000000000000002,608.1444727449559,13.660713362693787,0.8417616116085915,0.022202067925714213,0.06435743862390189,6.528074723335026,3.3644790252712227,2.440422178620729,-0.5787374762094419,2.836655572772617,0.018185227149686314,0.2550304772456076,0.9870935916211009,0.012338129835722873,0.8994441587788012,0.9774743313977362,4.016827885140873,0.019960394129157066,0.00020100640540476888,0.27222876785882094,0.994361028476502,0.0074431621469557285,0.005879759788513184,0.004841729998588562,5.641832103402531,6.624617323479191,0.02243210415878785,0.9735298498020246,2.8115005748327757,1.9823029307380324,0.7182452761456954,15.87304980180713,0.20497157361735857,0.0,0.0,0.39504580178461024,-0.16037716229815666,14.233448691711972,19.889254864913106,0.7366391835445374
FaceForensics++/manipulated_sequences/Deepfakes/c40/videos/568_628.mp4,1,6.473445991959205,2.0961167203562754,0.6376553376382879,4.4446891904996235,0.1537442627266165,0.2726832793923064,0.11311649578002389,0.0674966509293807,2.77874411673997,0.10000000000000002,487.1447643878657,3.5208893060684203,0.787862988317647,0.20947619051548527,0.22131888281291415,5.352394480159649,3.0914827277859667,1.3897943538169422,-0.4002604926542929,0.0,0.031028858964278382,0.07393096534300304,0.9907682144428107,0.007031131752375452,0.956725730296607,0.9676075884750783,3.77234282032041,0.0048771328292787075,1.7751051927916706e-05,0.304858072843266,0.9830207749899836,0.005195540841668844,0.00427256291732192,0.004719326738268137,4.376874041169418,1.8684220113117131,0.03337763777334134,0.9812839547652529,0.8746341973244147,1.3215463651084673,0.44994049923653134,26.650775153477458,0.5627547358545854,0.0,0.0,0.39731970452226545,-0.12048145578070754,15.342083402874406,9.709621390001708,0.8601596591441015
FaceForensics++/manipulated_sequences/Deepfakes/c40/videos/558_583.mp4,1,7.362250032002557,2.250148366044378,0.7137488808499841,5.150961412050064,0.05141705403689293,0.2324182741884558,0.3433671608769146,0.05469835689129672,4.940136795734646,0.10000000000000002,478.6999528715257,6.204779803752899,0.7326397327812709,0.06807003954148108,0.10522567381369255,6.052148378450815,3.8243551915241283,1.538325456852509,-0.2042863765044546,7.128132836921834,0.0005852520343774918,0.007701427448674671,0.9759137179296743,0.01835686036660771,0.8947991632106032,0.9770376076787126,3.6814786637790746,0.013746893033385277,0.00013255221711006016,0.3223805144621258,0.9895627354043441,0.0057441764511168,0.0045568374916911125,0.005652774590998888,2.3223595299893716,5.697959034425271,0.01296114681748712,0.9608389268086415,2.5983878553511706,1.0326936437505172,0.42144954348319863,57.586576951053786,0.13728143926717115,54.0,114.81481481481481,0.9007777313078862,-0.15832554762495646,16.955387318379092,12.131940684997153,0.7606849167250342
FaceForensics++/manipulated_sequences/Deepfakes/c40/videos/559_543.mp4,1,5.1057169757050405,1.3540410905616054,0.7360446287113473,1.8449753769001354,0.018622824923617824,0.18736423352643103,0.08218330476744286,0.0368917286713547,6.847666517175367,0.10000000000000002,574.6213915356527,7.9126345038414,0.6613395595640734,0.040006553119919894,0.10831432257121178,6.057476325871018,4.180471138716692,0.929823258649079,0.11004384252443464,2.0945287316550334,0.0071662309731755835,0.03997828796848441,0.9713972963196321,0.022896087073406016,0.8795130181267944,0.9793329684054296,3.680089503806439,0.0163270290941,0.00016213228809647262,0.494605375928987,0.9949016180067068,0.00861745048314333,0.005811793729662895,0.007122666109353304,3.2762450616609455,3.441388182204641,0.013578762121087256,0.9474042302579471,3.398029238085284,1.5753688751920614,0.442150155243933,25.19336943832894,0.6055102606222152,0.0,0.0,-0.010130529324381082,-0.17582940778355435,17.453865761240976,20.274135418515865,0.6740691796177483
FaceForensics++/manipulated_sequences/Deepfakes/c40/videos/562_626.mp4,1,4.149851017240325,1.2155335908075022,0.7402677937907671,1.4945877514841652,0.047805690435314116,0.183264243994278,0.14021671505960964,0.06265296844473403,3.8809592753064175,0.10000000000000002,408.26536539211895,4.599806928634644,0.7247023255709362,0.056839411797329625,0.1000833980156252,6.119538569020844,3.322761012146892,1.8644413544911125,-0.4160151259538869,8.0674129208183,0.013771685280945151,0.29605352305036436,0.9693498260896463,0.022266668998988565,0.870174205931807,0.9823977471156831,3.81287146461576,0.010106896050274372,5.6392556871287525e-05,0.31574697450258526,0.9893089341659014,0.00489175645634532,0.004560009576380253,0.0031512780115008354,3.4561000072443795,1.3324370521847955,0.011541742357179786,0.9793592091656906,0.9901592548076923,0.7760186559325218,0.5671219237710794,84.79264499074294,0.006051105870544508,12.0,100.0,0.7656762920623995,-0.21652342828352716,19.70710020384516,8.65759243943157,0.7179086578967201
FaceForensics++/manipulated_sequences/Deepfakes/c40/videos/574_547.mp4,1,20.85231050790373,2.8758849273123466,0.6303201330954207,8.370035426547568,0.1478311988272359,0.42843852334912247,0.057450426825831256,0.057027942018332764,5.590683522146348,0.10000000000000002,936.8249081098426,8.900901317596436,0.7426702300818345,0.010300307644902286,0.09475880787527416,6.122314312610504,6.0865720541378625,2.440951060921638,0.5497644101876391,12.60496005659007,0.017446815763840696,0.10526868209827617,0.9821579044729781,0.021724445561075424,0.8621835960001827,0.965099844891424,3.4438893005769096,0.011507886461913586,8.464527491014451e-05,0.5374017047527678,0.9980966730497174,0.010220157913863659,0.008627720177173615,0.004805043339729309,7.8565690969062665,4.040107803500084,0.04461130626732002,0.9417205480063541,3.441419314381271,2.523625186617577,0.5719382831150668,10.864897914189305,0.019040181959610894,10.0,160.0,0.43950278791489894,-0.19202098769158377,12.355291178708045,18.63536597375631,0.7204427073233549
FaceForensics++/manipulated_sequences/Deepfakes/c40/videos/570_624.mp4,1,7.29699374000636,1.6792589803986506,0.7235542166858993,2.8497782651345167,0.08126823770045483,0.23790047621671015,0.2004879349208005,0.06294671381336514,3.9407741904159694,0.10000000000000002,440.20328723639693,7.955535262823105,0.7259407878410483,0.07967859504754911,0.13489282865386085,6.263833057757982,4.232940326613462,2.3872655880390248,0.2267604936838335,6.566551815696885,0.01489600219545887,0.2152132111165849,0.9820618062258766,0.016098625078922253,0.8752751486100797,0.9772737550167153,3.416050329745034,0.009681656025350094,5.4277970775729045e-05,0.5047677557257728,0.9904909308296831,0.005043160170316696,0.0037113686557859182,0.00499744014814496,3.68337003873114,3.2689231553862332,0.024274859055193013,0.9803453875907497,1.6051748014214047,1.4018082798453462,0.5228029546253605,31.35787522091915,0.06892948936886183,0.0,0.0,0.3809274252719742,-0.1468944327649634,16.122890266961726,10.913385292067565,0.7021187228736685
FaceForensics++/manipulated_sequences/Deepfakes/c40/videos/571_746.mp4,1,5.314171430471664,2.6188314508486017,0.7026800333765935,6.998947346062676,0.36022170850694957,0.17230672232564018,0.1084851006765497,0.06392407269757638,2.621265470846681,0.10000000000000002,1591.8560506367342,10.597845113277435,0.8482848307850043,0.03473273407056733,0.12303039639624166,6.096404866683274,3.99503617465585,3.462513640420612,0.2894905611637264,7.441835404172185,0.029377689167956713,0.1505099861273294,0.97661459808195,0.02115356494380713,0.8729498529328713,0.9683211574995917,3.6789644691667234,0.012866895645856857,0.0001268485648324713,0.30411607518093514,0.9931915653400624,0.00602728733792901,0.004928744398057461,0.003781272564083338,4.178750408901995,3.452461790925475,0.010293941583667778,0.9733913513035147,1.6264142192725752,0.5590760683084292,0.5898900232604796,15.440221875498155,0.025226906281685745,0.0,0.0,-0.1408977957266211,-0.15583500886546703,17.004343383898775,17.450144168174802,0.7539511370338037
FaceForensics++/manipulated_sequences/Deepfakes/c40/videos/572_554.mp4,1,10.053389444817407,1.814223748710246,0.7235702177818999,3.3416080789222122,0.07390631307405607,0.32823255840610727,0.034277878114683566,0.06398252628046691,4.0565102610104615,0.10000000000000002,384.095225058253,10.096216332912444,0.8365307219468784,0.03905072584106457,0.09935494475407804,6.201951740714589,3.549828302122931,1.6877243435837121,-0.04203163582756865,3.31035236527244,0.015545096642315806,0.10273672570378106,0.9822010757279694,0.013136557819735745,0.9232785669734059,0.9917170838633563,3.759888031059106,0.027883850038051605,0.0004250390047673136,0.3279682710128311,0.9956861398286289,0.007251201197504997,0.005640052258968353,0.006378354504704475,2.311009363532569,2.164250192007438,0.01284180838927926,0.9475306393996704,1.4643832305602007,1.4672955787628077,0.6570978017281182,58.59819684239208,0.6903926296252885,54.0,181.48148148148147,0.20076732647636966,-0.16596949824746549,13.985955183512207,14.515494287255569,0.6513690037129362
FaceForensics++/manipulated_sequences/Deepfakes/c40/videos/555_516.mp4,1,4.990867064395149,0.7892484295928384,0.7956587098528105,0.6269678398137867,0.19840668836570205,0.16773509744669501,0.4016873504453306,0.08808544449994268,1.3609566222850473,0.10000000000000002,377.1058638077003,2.0047893285751344,0.31828298893339724,0.029016842533466345,0.042225042410878995,6.215497074174675,4.2148555540218355,1.1090283496324034,0.3802569753200561,2.3945896775395847,0.0006963651695339441,0.0011193149531001044,0.9927471038338106,0.005818974610614161,0.966733691131132,0.9112739424173578,3.2367405500419673,0.008743674494326115,3.736783764907159e-05,0.5971700595884425,0.9911654600828795,0.007115878164768219,0.004848108161240816,0.005548049230128527,3.836565466655646,6.796579110680939,0.012212054617904441,0.9047995231535493,3.7426708821070234,1.5943879247567532,0.4229087768228915,19.525116846365282,0.23434935406526794,12.0,133.33333333333331,0.40132255365095926,-0.1897531888750291,32.37319944954236,4.565138602278462,0.2970945243982942
FaceForensics++/manipulated_sequences/Deepfakes/c40/videos/573_757.mp4,1,6.58019328483676,1.0665087975913177,0.7559143820302052,1.149305303411589,0.7725440634857097,0.23855205500921134,0.13687099085904328,0.09443677974304976,1.3557644389763879,0.10000000000000002,237.03169319769648,6.068499493598938,0.5167395971506793,0.04337972277314118,0.0712458334877222,6.466907436697447,3.601365995887066,1.3483679793655456,0.21785685720707498,5.032543146226974,0.013092649492988604,0.1859117301142836,0.9802869433048484,0.019412116097783545,0.8402380273417015,0.9732468801614873,3.5759938188286364,0.011151110753417015,8.81551459315233e-05,0.438813710615968,0.9944291804406199,0.003990166820585728,0.0034436064306646585,0.004031119868159294,2.855279792851951,2.6638401802148177,0.012122794092108698,0.9365379262480358,1.0893211747491638,1.451632210810529,0.5996552895068581,12.357834240006216,0.4649605422749958,12.0,100.0,0.6518049486051007,-0.2730269564220216,19.042244823505417,7.381452008761924,0.5686489070552786
FaceForensics++/manipulated_sequences/Deepfakes/c40/videos/575_603.mp4,1,10.5149092787325,1.051142214012291,0.7799021336216462,1.1145680501591027,0.9030540025333866,0.24160808300392703,0.4796568147645175,0.0905404248277896,1.3013959426453963,0.10000000000000002,309.94811292908037,4.161984866857528,0.4256952818931626,0.036503929440136786,0.04656113370999977,6.3543673329698205,2.442891600356252,0.9301971450796834,-0.4098944656771364,1.5369372958372245,0.0016818798334697687,0.9024988592321925,0.9901254213046784,0.012014085087679004,0.9048668439824589,0.944842147618701,3.14909371186142,0.009518231265246868,7.292217924259603e-05,0.6289383060741462,0.9963468119317624,0.007970440201461315,0.007268124725669622,0.006158973556011915,6.185007398009606,8.52924346392243,0.025356206777839046,0.9331106660076549,2.454996472617057,2.096725145545243,0.7372148013052482,11.420877986094691,0.28477840674929,20.0,150.0,0.8044209253837946,-0.22986579096755416,22.99838547369072,6.739173250603142,0.3898959804528162
FaceForensics++/manipulated_sequences/Deepfakes/c40/videos/576_155.mp4,1,17.402918926569292,2.2461938381606035,0.70746572485083,5.094273137261032,0.2745261856792535,0.35742377796892666,0.048252073244266606,0.06569295193039462,2.8480371747812776,0.10000000000000002,390.60744194836946,11.858076298236847,0.8486814080409151,0.043796793522572694,0.08315053927207182,6.324858478346182,3.159736896545966,0.9283484208585142,0.07556677237594557,9.748332254864506,0.014782291636375077,0.20937072536544474,0.9817740069419876,0.014365351764394551,0.9137241307877044,0.951025536335573,3.764619970408683,0.016565360128879547,0.00019641795370262116,0.18601583381792994,0.9929925568142189,0.008792153559625149,0.007133944425731897,0.006822735071182251,4.092310618955725,9.429122498239368,0.016151577606838077,0.9839377383032598,2.482265102424749,3.090211862135968,0.8880136014120427,32.0884264154051,0.37235605022007995,35.0,154.28571428571428,0.4649933218467058,-0.13538598290074638,17.553754192778246,20.434737538722928,0.722739115571688
FaceForensics++/manipulated_sequences/Deepfakes/c40/videos/582_172.mp4,1,3.8845232614001297,3.008128637796358,0.6263030808703498,9.276799400547683,0.17841324628077398,0.16353427926733932,0.060738870992804395,0.058791126457919965,5.681527568528983,0.10000000000000002,1239.0845248191802,7.26006851196289,0.8205966518254291,0.2567831335374025,0.25901573697257263,6.423787556361403,3.322180770898195,1.06835298903124,-0.059523344004182244,3.269556880577777,0.07316246547650129,0.6982011503572021,0.9771618106267173,0.02445250683044662,0.7209436573150053,0.9822051083083725,3.4557427310372164,0.015107427723705769,0.00017120910342782736,0.5976801062397636,0.9951469456845153,0.005700459238141775,0.005086818709969521,0.0043882401660084724,5.405898491341098,3.7848868066908072,0.020389482151676228,0.9595053390401553,2.5712008779264215,0.7609715480757994,0.7496594034275581,17.512243142386435,0.7232892548563908,18.0,211.11111111111111,0.35617151454575796,-0.058216570414487315,13.665613539420654,21.271725973625156,0.7753098435151156
FaceForensics++/manipulated_sequences/Deepfakes/c40/videos/561_998.mp4,1,11.965175937362071,1.2475535699956244,0.7549869936412781,1.5740023101887912,0.22121201198864443,0.3214815692628033,0.24573323060053012,0.08017710873706388,1.42876486472182,0.10000000000000002,216.5634254648579,6.8383578062057495,0.6855020707934508,0.04484902191336876,0.09980062134259,6.209916121255864,3.011161691986821,2.5266981611410126,0.20622454857295452,7.836091019567711,0.006719555394384265,0.1771269065802196,0.984149330172785,0.009567847939228243,0.9404310104778384,0.9742063677072266,3.9287190988994567,0.013959500007331371,0.00012612245336640626,0.31257395008973027,0.9929238032071847,0.004735833499580622,0.0034050995018333197,0.005881223361939192,2.333932793080482,1.8069884379116947,0.016576026454950026,0.9705677897633382,1.4574395119147157,1.6203890478739271,0.6168910052247196,30.44871146047972,0.5032132305704836,0.0,0.0,0.40047411993984766,-0.22011467076109142,18.128005795532673,8.259023222448517,0.6072429887687671
FaceForensics++/manipulated_sequences/Deepfakes/c40/videos/578_636.mp4,1,7.904692983204621,2.1783301430907476,0.7292963262214508,4.867371207974916,0.184981941586063,0.23172580206626686,0.18746084452092276,0.07103098394654267,2.4326842222636897,0.10000000000000002,525.5566200278383,7.388150644302368,0.7881428989327888,0.09265023104994125,0.12182476467627956,5.723530926408654,3.2870393528497757,1.3092823554842223,-0.6720005079021746,5.848892270797905,0.01673204870280935,0.3003095086446763,0.9890033687330704,0.010535064548778865,0.8729333720517242,0.971431109956037,3.881705728122061,0.011165688745677471,7.598500815220177e-05,0.5024441650172367,0.9888495366870463,0.007267463486641645,0.004887104965746403,0.006751701235771179,5.845891564558031,3.232803213808281,0.019365841551100917,0.977106134681365,1.9065602790551839,1.5828824115868818,0.47370251747815084,33.32663904555552,0.6143361802337248,18.0,177.77777777777774,0.6189037548486807,-0.07468316243046332,19.975963245269014,15.587626639020032,0.77726599915745
FaceForensics++/manipulated_sequences/Deepfakes/c40/videos/564_971.mp4,1,3.7794389916450952,0.7441981443550948,0.7982622043470877,0.5572588888502241,0.13334025538857475,0.1733922116375093,0.2509509973447138,0.08161358351586842,1.3113750433494717,0.10000000000000002,232.00889131442045,1.4199991032481194,0.47581995160240237,0.0832804744489643,0.08490785296058807,6.257206414138509,3.9839846154634926,1.9720063480430672,-0.697047725054877,8.412102586399094,0.005708600730726646,0.05976432947754997,0.992341801669224,0.007244064533592724,0.9549086397551384,0.9160190518433746,3.5549314254211524,0.00910133309662342,6.108886009315029e-05,0.35227467405659235,0.9915370751198842,0.004850415978580713,0.0038372809067368507,0.003195577533915639,1.9485422137322572,2.137292291928033,0.006721477908867718,0.868960328167088,0.5343364600752508,0.8688253270491327,0.46114561868421167,128.1691455224131,0.11706487892014557,12.0,100.0,0.7046618895848655,-0.22621350113930405,22.374836778534583,5.710673124820547,0.5657510018368554
FaceForensics++/manipulated_sequences/Deepfakes/c40/videos/569_921.mp4,1,13.215999220929117,0.8000648576392304,0.7890289702583242,0.6424923653958136,0.5755643932119464,0.33812900018749725,0.01600626676346259,0.09233680175750866,0.9414309556753364,0.10000000000000002,218.17025404574352,1.6653721541166306,0.33313797323713845,0.06511747462914962,0.09341658715872368,6.147473531965298,3.4970180142778267,2.645746359063936,0.07989886979415614,9.020074914306251,0.00099602710612291,0.029847243731955124,0.9742511354327864,0.02414941063279005,0.8423622205445409,0.8912271368652955,3.6374420915839845,0.01986227184534073,0.0008144503808580339,0.4568829718724512,0.9947050613121693,0.010236789472401142,0.011465128511190414,0.011464323848485947,3.847533122505774,7.399913008682875,0.024313312320992472,0.7828301201430616,3.694966293896321,3.471350069626878,0.9757932971472535,11.733950756097538,0.33036010784410896,78.0,184.6153846153846,0.14795778627410466,-0.1523415686716017,19.881927789991064,9.302485642138086,0.08066306193471692
FaceForensics++/manipulated_sequences/Deepfakes/c40/videos/587_535.mp4,1,4.197648351628705,2.256941299706019,0.638233605848598,5.219570992440652,0.08690174210144583,0.17002424465746577,0.05187351155577151,0.05990881806648106,3.729028186570299,0.10000000000000002,778.8457924892847,5.883060616254807,0.7877022349152746,0.14101189326181904,0.1952164426229721,5.705654050110868,3.5939806188563983,2.1613072782490703,-0.5610600648379811,0.0,0.05509290604041447,2.3622189503723727,0.9857427392321381,0.014915752518106189,0.9002286552655068,0.991458321061961,3.5262290529619333,0.010660659521818161,8.364459063159302e-05,0.38064727117807545,0.9961261209291201,0.005062088370323181,0.005417135544121265,0.0046981386840343475,1.9938724192968218,2.3689793510115154,0.014359675614737357,0.9784962139348408,1.6631055340719063,0.6720218209824197,0.6452503477885552,47.54351369294145,0.2046869656992187,12.0,100.0,0.7083566017669469,-0.08527920926885246,11.753294199697061,15.967192221193717,0.7590683421794785
FaceForensics++/manipulated_sequences/Deepfakes/c40/videos/589_565.mp4,1,7.68796400394982,2.740480906727134,0.6450316921024426,7.589169763253283,0.1076335181646934,0.2737978672022028,0.09147731479512486,0.055021193470643395,5.573833438371595,0.10000000000000002,421.679111123408,12.188348960876464,0.9022787423505042,0.09339818594241342,0.1987936978777078,6.101633098403832,4.789759333817689,2.4295428466536757,-0.3761124481461275,3.0766220128360846,0.038595836043768456,0.2058299680937249,0.9810127401693688,0.017209876994750024,0.8966591937358622,0.9902314858567741,3.8492483476310007,0.01899021863937378,0.0003226561238989234,0.4857182049119343,0.9965845021176637,0.0069694481790065765,0.0052910614758729935,0.004820069298148155,2.8953626847089726,4.557316433187665,0.017466072978031957,0.9841759105522618,2.8324329797240804,1.280555838194713,0.6798138731749694,84.89619171739606,0.6105210813595161,55.0,221.8181818181818,-0.15330524734630047,-0.08365690961935207,14.219327539799485,32.326253735632,0.7811058129285052
FaceForensics++/manipulated_sequences/Deepfakes/c40/videos/588_556.mp4,1,9.925079896839119,2.0481018479654725,0.7326247354088861,4.305746204055411,0.3104595800555567,0.3211076683004886,0.02578914050911154,0.0739144935304631,1.848322209817463,0.10000000000000002,282.17874090375483,8.614756906032563,0.8428288247672192,0.015958770768720962,0.08273681356051284,6.0794347580307715,5.138896287602087,2.3480667808076356,-0.4184333219654217,6.207529871554913,0.012428413798114577,0.01549939729931858,0.9841517847822858,0.013233265987595087,0.9168417597490947,0.9554591051668196,3.7705145639184257,0.012334623374044895,0.00015265008551068604,0.1554490206190603,0.9899241305824805,0.0063316673040390015,0.00649665854871273,0.004518516827374697,8.788783268479081,8.501628378371299,0.07627285872376292,0.9594683817774584,1.2132858225334449,1.098058502357197,0.5870161660557607,17.855592632518462,0.5707734632997671,20.0,140.0,0.26780608248097865,-0.14262677346814498,15.617652079358708,11.859478748022276,0.6328592375115186
FaceForensics++/manipulated_sequences/Deepfakes/c40/videos/583_558.mp4,1,7.296961501029142,2.0111086801367444,0.6962408215672007,4.0896800371341415,0.27998388368535376,0.23986480770455,0.07686376271269221,0.07522291900415133,2.180631494160944,0.10000000000000002,301.2915940364945,5.328165861964226,0.7800209287723381,0.12998855529496578,0.2029805754475338,5.8985723730983475,3.6489158549962446,2.325440830965586,-0.10061384885555383,6.28067541779056,0.014068109587936474,0.13763066411718253,0.9944909520385368,0.005352965250569435,0.9652483215397402,0.9851276431011571,3.593890262639215,0.007453201338648796,4.092578456038609e-05,0.3804782860609894,0.9907560068039216,0.004810090642422438,0.004740927368402481,0.004205615259706974,2.6403972921127057,3.9004977775362977,0.016954960208776963,0.9909934883439012,0.9176192778010034,0.8400115442448932,0.6158516923114905,56.05397946710695,0.6490502067516736,36.0,111.1111111111111,0.9106556912571871,-0.18412063623311437,14.129638539322457,6.304208120760312,0.8107304777213702
FaceForensics++/manipulated_sequences/Deepfakes/c40/videos/584_823.mp4,1,7.706390205946728,2.3024731271093155,0.7388638570130974,5.38460282705034,0.04553719807631068,0.249364297594933,0.28273655930905667,0.04344421226567102,4.915263460320579,0.10000000000000002,453.9153852848385,5.38805011510849,0.836252514065438,0.2051415905307764,0.20271733744628018,5.6237360147077755,3.57947046503598,1.5800746451026932,-0.22407841785756716,9.65321270193784,0.02605169816359317,0.2068587790979324,0.9838192520399949,0.014225087739179885,0.9179789235923222,0.9937429730132701,3.303481643094564,0.011293565854430199,0.0001355297863483429,0.42692843282258297,0.9890785569663437,0.0037147055845707655,0.002778340131044388,0.003318570088595152,3.2342412300903947,2.7470146259996606,0.013231405507075184,0.9865378652854504,1.1776592548076923,0.7603708575417408,0.37463907366111904,17.338690060530087,0.27071844601579653,4.8,125.0,0.5301135277912403,-0.07104125671540586,17.37108795615274,12.602481049613264,0.797992891998539
FaceForensics++/manipulated_sequences/Deepfakes/c40/videos/585_599.mp4,1,10.976143139570695,1.5726509778186024,0.7229904301764883,2.493101183691606,0.2182957930922496,0.31363382216628966,0.1202404711718261,0.0753606067006307,2.034577989034687,0.10000000000000002,201.92757179043366,4.3859310925006865,0.7964698863661868,0.08090530545147179,0.10323474760816692,5.772630523538728,3.0480135292568886,1.343547275323595,0.479385885661459,1.6920575252529513,0.01754230858587471,0.3936657478386592,0.9937087205658465,0.005513744285562845,0.9589841824719162,0.9600879738048701,3.7033449663524816,0.008506735786795616,7.558716606581584e-05,0.36717087831370765,0.9923206544375803,0.0058450535871088505,0.005420091561973095,0.005730937235057354,2.0746117558331494,3.1192032408105423,0.01500899073959074,0.9875483827734212,1.3368520066889633,1.186358410178411,0.41866988833783925,55.11600945069601,0.3451619869601616,30.0,140.0,0.5392248966915767,-0.13279068909674707,17.86789697312239,8.22286192901964,0.745694727174101
FaceForensics++/manipulated_sequences/Deepfakes/c40/videos/577_593.mp4,1,17.180432855975557,1.0377000905033475,0.7639663513293664,1.0838415370714134,0.2792815392735718,0.5006492591451698,0.07593488440690484,0.08683767102551916,1.242278841890761,0.10000000000000002,97.19563085040629,2.844018656015396,0.5419012416462994,0.09785779837589327,0.13030791171894837,6.018105410380786,3.522973884763945,2.2473047521557894,-0.14132728021996832,2.709004860187325,0.0025858412855594252,0.007211173900379245,0.9895747773374793,0.009515673176378473,0.9142172446368331,0.948052735262898,3.5445181281086655,0.009778941050171852,9.627885447116569e-05,0.22633888543312444,0.985970952895971,0.004952749703079462,0.00468424754217267,0.006582845002412796,3.2771273395847462,3.708128727378064,0.025406361620960338,0.8873702714274453,1.2263306072324414,1.3165850616786265,0.3515920510973317,18.328147406461724,0.13241958688003028,0.0,0.0,0.673962136427453,-0.1767726801351672,26.15170478016497,5.625970020316247,0.5030587628593024
FaceForensics++/manipulated_sequences/Deepfakes/c40/videos/592_500.mp4,1,12.73034358258803,2.3631876924982014,0.656989303651339,5.706041984753433,0.504662810090831,0.3512905152582931,0.2245316210609924,0.07844443616763255,1.4455805646291138,0.10000000000000002,309.50387769170925,3.29257053732872,0.7355409727965807,0.2693820376681218,0.2890177493962474,5.408002031677434,4.220744778352851,2.0215975148773793,-0.4165993948339621,9.302811349954377,0.022221391524859302,0.6545297021582142,0.9939046156583824,0.006292227205885365,0.9438412157042242,0.9800554417598548,3.5049151363367548,0.004893553908914328,2.676612166396808e-05,0.3496148716825778,0.988601517105404,0.005076001863926649,0.003035398432984948,0.008095884695649147,1.658484184957874,3.13232423336633,0.014406732110158218,0.9959795147045675,0.7337054504598662,1.021692446568773,0.265670774270638,43.050366364524685,0.004349267012476224,0.0,0.0,0.1232616009336291,-0.16702282542635394,10.839699773693624,7.676350120264082,0.8710927512602874
FaceForensics++/manipulated_sequences/Deepfakes/c40/videos/596_609.mp4,1,9.097489779335707,4.151001143020065,0.5780430478759316,17.47747560612362,0.40241521995228424,0.2557672340287428,0.0638127894381032,0.05606969010260717,4.055030603431822,0.10500000000000002,770.6699077364426,3.972007244825363,0.7406064977547375,0.3449783972111863,0.28064827307902007,5.016561128539632,3.595306109884925,2.2969685168285534,0.04475886500599435,6.889702217750914,0.09831681108350185,0.44140903692428246,0.9961325573200416,0.005856340930203242,0.927548106289154,0.983562275094132,2.4872644796174006,0.007964006625115871,9.232942829839885e-05,0.4276645333669956,0.9916764688358681,0.005682640243321657,0.0040197414346039295,0.007526345085352659,4.497178167234019,5.202041515842832,0.01928986288473811,0.9926877152900353,1.6534934155518395,2.0886295945022657,0.3714677104356472,17.452120098521586,0.4256098149918142,20.0,160.0,0.6852428563820946,-0.043209599528056176,10.098494146440903,25.024519752720398,0.8748697007173951
FaceForensics++/manipulated_sequences/Deepfakes/c40/videos/597_595.mp4,1,10.848620630915155,2.6944667306436703,0.61536981399912,7.340554688072704,1.203509119663143,0.3055152171862272,0.2475629738889291,0.07810842335054079,1.8142502558910822,0.10000000000000003,312.9912089541163,7.399311553348195,0.8632748894819584,0.12871603255205655,0.16060206413074085,5.661346632766908,4.090709582687886,2.050490680001184,0.28492170243983256,19.324849458321108,0.036408647334918096,0.31153167978176766,0.9928170348535577,0.006612429794205181,0.941037734063045,0.9853268993258177,3.6628913968938073,0.011008072644472122,0.00013816899445373565,0.44222429232087296,0.9948323854652795,0.006871745456010103,0.006558775901794434,0.006159905809909105,3.5695890397602246,2.468189804716865,0.011965492898290284,0.9856223440053992,2.0452484955658785,1.5825324422252063,0.6244875604530162,11.647571175796205,0.4590722602176947,0.0,0.0,0.473791220912476,-0.07085787429872774,14.859190405851528,18.342868784288406,0.8172008145298221
FaceForensics++/manipulated_sequences/Deepfakes/c40/videos/591_605.mp4,1,16.85882954406367,1.5828450242787473,0.7437021038137056,2.5471956309161867,0.06692290592528626,0.45206949578818617,0.07976035011879404,0.062163506953102445,3.3394589098900544,0.10000000000000002,225.45791110613285,6.102745205163956,0.7586229155446176,0.0610282580500341,0.126625073593244,6.165042134083836,2.9125013315654584,1.6873832416577264,0.05794785271916973,3.5679191887846575,0.008990744691465935,0.136658131491925,0.9645185384795409,0.02822741367216529,0.8389872325479079,0.9040077870318928,3.8899268019093345,0.01435200683772564,0.00016602614778093994,0.23594522174613583,0.9911746060431996,0.0057244133204221725,0.005236276425421238,0.004617420490831137,2.8398917983438117,7.745713246478674,0.04879511066425902,0.9220517582579865,3.7725458559782608,2.2963222452041236,0.5546528790093941,47.5914618620664,0.10744090245092343,85.0,202.35294117647058,0.6536459265079836,-0.1443284556921802,15.927883284475536,12.044515020263548,0.5672847735403459
FaceForensics++/manipulated_sequences/Deepfakes/c40/videos/598_178.mp4,1,8.185071776999031,4.502865516151948,0.6219513691211759,20.552216309542644,0.1637628745074052,0.27015571270283756,0.11780990216471925,0.05289900858686615,3.488085655349353,0.10000000000000002,702.7330618017442,4.111001783609391,0.8595305265058959,0.21419587808011065,0.242521752184596,5.271882220364205,3.834864385100893,1.435599924314988,0.2727936768136908,3.114299365228314,0.08768337508225435,0.6378493684340837,0.9877710836506881,0.01058030103766639,0.9281376683923831,0.9743344541580773,3.392154851502253,0.020827488973736763,0.0005836664349772036,0.11356447963494666,0.991619646371711,0.005553824361413717,0.005341655574738979,0.006387053988873959,2.4572874337211883,3.0069416168091245,0.013113480993718165,0.978305782930494,2.838210702341137,1.1010436320787114,0.5401024864755044,17.219353012131826,0.6100634899773745,15.0,120.0,0.20545028393202217,-0.001791446632777848,13.307433928543631,21.198599283951204,0.7827079625825081
FaceForensics++/manipulated_sequences/Deepfakes/c40/videos/594_530.mp4,1,8.936233517604673,1.2178904587828634,0.7370302920356321,1.4905780732839813,0.5964875218524816,0.2912091765349138,0.11513196839186181,0.08120319074818003,1.571380126601958,0.10000000000000002,326.6112897786697,3.965960760911306,0.6923025708023356,0.10593224611111818,0.2057978308296815,6.0812311076360235,3.5459521460914822,1.1824318425880151,0.5462365062795925,3.8745306129540324,0.0161142969201461,0.1787827689972078,0.9840444553728376,0.01960223640456779,0.8735834453619422,0.9766442934651199,3.1432427785045762,0.010328568518161774,0.00011067304149037227,0.5708820709708121,0.9948580577544816,0.005554214585572481,0.0064592426642775536,0.0043928795494139194,2.306048404034698,2.0091364723643093,0.014908795197222224,0.9527463164073092,1.1616827538395904,1.5034078829251347,0.404264929955091,76.2259883283213,0.4176304297895365,0.0,0.0,0.25796699495895486,-0.1637049132542778,16.40040735241498,9.589073006108809,0.7571266468573857
FaceForensics++/manipulated_sequences/Deepfakes/c40/videos/600_505.mp4,1,8.928074970326993,2.187232969427924,0.6180839831255286,4.843940502817295,0.07538980566048596,0.28121001704625265,0.11277783576859643,0.060851663251254885,4.5527570308589,0.10000000000000002,641.404063450345,5.965886041522026,0.877358515704327,0.19877468227717804,0.24338882442556095,5.672501261296301,2.6159011547578643,1.2423028006996013,-0.5729961011206761,9.688660671821436,0.08211557710822252,0.6916767040042695,0.9923463379394608,0.007272343928304927,0.9524340221574408,0.9771663743950421,3.3577355967893845,0.00847075879573822,8.122593135340139e-05,0.5476706665626663,0.9918308445690535,0.004617597907781601,0.005648062564432621,0.003643219592049718,3.4952770490433496,2.6736881545546236,0.03734909812079112,0.9914655114385594,1.5782491116220736,0.9755658272682882,0.29037485556684917,78.38185441666975,0.21297542075507564,6.0,133.33333333333334,-0.13055434406284339,-0.11950083499102179,12.542709574036374,23.849886279140176,0.7850823104963315
FaceForensics++/manipulated_sequences/Deepfakes/c40/videos/601_653.mp4,1,4.116372305842681,1.98776015160047,0.66508043744271,3.9873584047402675,0.11420190053382814,0.17084413071593602,0.06562556486017763,0.061045236863016536,3.8240276322844737,0.10000000000000002,949.2687884187162,4.720668977499008,0.8273437801169387,0.2846322785208282,0.275280106434489,5.210832826258351,2.9936776017559095,0.7701835503355515,-0.5055189519941732,2.301890493135746,0.04901875175608118,0.3175534928771207,0.9898730596523109,0.011258220071832872,0.9097204773912615,0.9818906804453401,3.67916957523488,0.006882225628942251,7.089603604981676e-05,0.46500419807516896,0.9920521025665692,0.0070491028018295765,0.008289305493235588,0.005085462238639593,4.637223258996426,2.9745778491390853,0.03182047193376303,0.9903423157707069,1.402500522575251,1.1017424835326064,0.6069042950295795,36.70363932684491,0.16782566639312685,6.0,100.0,0.4992060282708067,-0.0760366910820442,20.01873900180635,16.71024766458059,0.8177108069821949
FaceForensics++/manipulated_sequences/Deepfakes/c40/videos/579_701.mp4,1,6.531008663905604,0.89334559116026,0.7775718378599238,0.802138878034105,0.06508312867773708,0.2580668923854615,0.15768978367468564,0.0772264504106145,1.682545407216518,0.10000000000000002,175.9276561621591,3.1582125604152678,0.514898142152578,0.030268661611612634,0.09007668771973698,6.22546517485523,3.176803081930724,2.085965667600899,0.2864605486445337,2.8263293722309055,0.005772359338173195,0.029808825412699497,0.9739731042878407,0.02709401664829195,0.8375799933583258,0.9602457213876966,3.599099090493158,0.013461251743137836,0.00014159726561047137,0.4910056868980137,0.9957757180609788,0.008541412651538849,0.0053518712520599365,0.006552340928465128,1.9063888818344084,2.31793088024546,0.013446568650547129,0.9491942520018268,1.5366357911789297,1.2472948128582695,0.3409022869621964,34.71416618555225,0.19856349044884117,30.0,173.33333333333334,0.7303164015211895,-0.18822950074414227,23.448284736541147,7.9849806833069845,0.5439738418007242
FaceForensics++/manipulated_sequences/Deepfakes/c40/videos/595_597.mp4,1,8.79107667137704,2.3820803249277716,0.6917575666072289,5.721724779908489,0.7694063166316539,0.2885258851986216,0.05827130077580143,0.07433017062626608,2.3691660811539625,0.10000000000000002,309.3292835046531,4.332964861392975,0.7803891168661621,0.40973167154650075,0.2847975967425932,5.17888002246789,3.663166420100951,2.585286612608871,0.0078025993100270565,5.305516037605053,0.06452437095728761,0.4121202050144018,0.9930139830002879,0.019443122585362047,0.7001439214210954,0.9868153662754335,3.3100653434235894,0.00873925443738699,0.00012273249740246683,0.6055920062568775,0.997157959047412,0.006117626558989286,0.004246235359460115,0.005165892653167248,4.28319642184393,3.400202876336402,0.014134316591154964,0.9877153229837833,1.4938368781354514,1.0650955321341649,0.5352472795724597,29.670775601466637,0.5962815840220507,6.0,166.66666666666666,0.6274936207861693,-0.08388912370917262,14.07042814463258,23.460696419925714,0.8414326764444351
FaceForensics++/manipulated_sequences/Deepfakes/c40/videos/581_697.mp4,1,5.925352273038646,0.833249446905181,0.7865539270063782,0.7012624823077814,0.2881248175316632,0.2557653371707574,0.09646493973417168,0.08888934098372607,1.0218775247137164,0.10000000000000002,107.1828749394067,2.9947083353996278,0.3952377045539833,0.012749409534656298,0.035944408271094005,6.318332737093496,3.9653370055776658,1.7694103570205608,-0.17558072561674598,4.589791445817753,0.0032907862458269365,0.19779886287676932,0.9780842867085157,0.018190227200500914,0.891206529897428,0.9267301481568585,3.909697926954909,0.00896951463073492,7.789828669046983e-05,0.2871270020753263,0.9918252083212907,0.005081107374280691,0.004317549057304859,0.006246809381991625,0.9077530046922395,2.0406051296800145,0.008793834633549737,0.9457316781876268,1.1233571540551839,1.016641157139964,0.6701216027054056,24.8791615037354,0.6577693039535276,24.0,125.0,0.9389366372279275,-0.22032439474076213,24.975949357067666,3.9803345528185425,0.35890801544602446
FaceForensics++/manipulated_sequences/Deepfakes/c40/videos/599_585.mp4,1,5.512127744831614,1.531276373572608,0.7278340827395321,2.364642120107172,0.061848909335931124,0.20779229442633582,0.2586203292353039,0.07007462047728917,2.6608537548141475,0.10000000000000002,389.5344449283413,7.289116942882538,0.7199532809790677,0.0832454706517886,0.12998293350609325,6.2051944198838385,3.859886198201039,2.4801658171086403,-0.21603386974753375,5.48836305256166,0.007911964036217141,0.4314685198578797,0.9727814896086183,0.03837617253840661,0.6240286876631431,0.9703808890433809,3.4482244544880944,0.014401714317500591,0.00024414598010480404,0.2635742819483781,0.9924096032067745,0.005127590149641037,0.004414606839418411,0.004291542340070009,1.7284100500230728,3.3801055925964136,0.013692284045771122,0.9828222017782913,1.45424527069398,1.0788769870204915,0.7652573494670796,19.87665818841345,0.7530373860849011,60.0,210.0,0.7997145716548599,-0.22802856714570477,13.941859845796753,9.47422192705113,0.6455501863197851
FaceForensics++/manipulated_sequences/Deepfakes/c40/videos/606_567.mp4,1,7.656710960943663,4.367112800451294,0.6462722790487988,19.37898678653675,0.27272496192799367,0.24942717313662666,0.05029386514203772,0.05463831166544233,4.345787391783544,0.10000000000000002,658.8495880124981,2.8771261125802994,0.8237870168551933,0.44440758433408295,0.31835527649094325,4.790834989117675,4.2549468209008845,1.1934914255400666,-0.3186916604510522,5.139899899779941,0.09658671638439366,0.2231995933990705,0.9878299738389941,0.010244307319688574,0.9408005171301582,0.9872221075942642,3.14161783759057,0.012036130763590336,0.00014358067710418254,0.36338949367577095,0.9860689762290294,0.004041674081236124,0.0032047568820416927,0.005155442748218775,3.171719334557256,2.284741453155668,0.01269693507780423,0.9902824647169495,1.8566608747909699,0.6915044328304017,0.34904255751646995,19.201809546230038,0.7192023926996665,25.0,232.0,-0.18377724631226378,-0.08800232272976097,12.755785646677586,23.83401016186303,0.8146531122399898
FaceForensics++/manipulated_sequences/Deepfakes/c40/videos/605_591.mp4,1,6.932174792392812,1.6475943772668142,0.7195708810607373,2.7273730412425445,0.44831626601603025,0.2320250454977911,0.06824766341517192,0.08136026568229326,1.6020113609829394,0.10000000000000002,434.3729865701045,4.594606643915176,0.7870947150392401,0.15202237150560022,0.17064545025808894,6.059614368034643,3.1631395265121354,0.6487056387823364,-0.3586834824667487,2.723139318174727,0.0232408326277664,0.5251410736253458,0.9696853826884596,0.030030756274496966,0.7580113708932609,0.9828881459431407,3.2354853471201244,0.011629699729382992,0.00012972830154467374,0.377807597243,0.9946368094519251,0.00497497757896781,0.004270853940397501,0.004319372586905956,2.388875144714399,3.4665605000425046,0.0092828005102312,0.9619048467504718,2.5270661318979935,1.3570045135983009,0.5787928373230224,29.094486477764118,0.731295973531504,15.0,240.0,0.5052382100317789,-0.1500928312303086,16.24418795784715,9.890213317070385,0.6596865052167822
FaceForensics++/manipulated_sequences/Deepfakes/c40/videos/609_596.mp4,1,8.442278581377852,4.788430390022364,0.5747869361726764,23.179086262388793,0.63183566759152,0.24940261332938282,0.12597842860583816,0.06073987706241142,4.192186559970989,0.10000000000000002,759.5249195363914,7.625883722305298,0.884959728511735,0.14627794876632902,0.2349470214225127,5.724834103800447,5.417176466310566,3.1693019872177035,0.43207060264985164,13.437916735248878,0.03912031491747333,0.18505981462630525,0.984115464677945,0.011319546278322155,0.9308193157342598,0.9816674832756367,3.845238520938653,0.009527890011668205,5.862289253855124e-05,0.39772331741330763,0.9939751686856756,0.005249103531241417,0.004664307925850153,0.005354736465960741,4.059524743425895,3.1848509318718845,0.018409782388029913,0.9846577236250458,2.2804857336956523,2.0704538515074793,0.5346277005617159,30.638054283584804,0.19533031804184503,0.0,0.0,0.31725978700628454,-0.08827890562218423,10.83591721194978,27.040515456380998,0.8332185228043678
FaceForensics++/manipulated_sequences/Deepfakes/c40/videos/608_675.mp4,1,6.271143987738503,1.9268047841898313,0.6386449269326565,3.7459852033731913,0.15851756356577804,0.21631126243481322,0.3070784226595997,0.06803989871900529,2.8521014515574903,0.10000000000000002,728.5230896611845,6.491616004705429,0.8521029666455922,0.04075123528762754,0.14825141132001143,6.331055255026516,2.998542837424971,0.8496920055591786,-0.6747559652193891,5.194160788075052,0.0496354369745132,0.19899610034989043,0.9788741569686775,0.01648584923210071,0.8649907537416427,0.974543977706107,3.6492978728668666,0.017123140394687653,0.00020133152429480106,0.12956015545958716,0.9967298533962996,0.004787967074662447,0.004473427776247263,0.004603937268257141,1.743064978493764,1.3983257460987888,0.007638796892612066,0.9771583801190074,2.6009615384615383,0.7561025626740595,0.4621232513115915,63.13822791497345,0.5533414366033814,5.0,360.0,-0.20400414414499954,-0.1369617150058538,18.303709842731404,14.25768892734175,0.7110062823883344
FaceForensics++/manipulated_sequences/Deepfakes/c40/videos/586_223.mp4,1,14.838738614265736,0.9932052149595693,0.7695220118021291,0.9931228423648376,0.05098163658988312,0.31138430430491243,0.12558225680804158,0.07587255353680186,1.8311179025584827,0.10000000000000002,193.6613587598677,3.6222727954387666,0.45769335992127325,0.021710258470329067,0.019928862932325035,6.248027039284418,5.57058402243846,4.5141487727438285,-0.29955845552398935,49.28388494925215,0.0018477720113116256,0.0024696085109932216,0.9917842833891817,0.006099988537022556,0.9559431037923963,0.8852656887677227,3.5484875196331602,0.007610780652612448,5.318109106156044e-05,0.20498421349782492,0.9874072719054142,0.006969377398490906,0.006178185809403658,0.0056854127906262875,3.9746874028146744,6.143609918657761,0.03385809202345983,0.7980536223577352,1.6967855089882944,2.2732276563706804,0.77072331996182,26.34582645361789,0.03692906419276019,36.0,150.00000000000003,0.9418930209889175,-0.21733077859987174,23.059290394532724,7.047747613305387,0.3330122266131394
FaceForensics++/manipulated_sequences/Deepfakes/c40/videos/603_575.mp4,1,9.691482652232347,1.3173851784572947,0.7521993742460917,1.7531703164728327,0.4582952421428257,0.2492613553726404,0.11721941277450831,0.08277464401662761,1.465620371998731,0.10000000000000003,364.65425070615805,4.886685962026769,0.47712279973569127,0.05849918848913649,0.08089910113239494,6.1673178130176725,3.3169433673925357,2.4367512774693347,-0.36551880617247623,3.6200076744538223,0.00435993198795715,0.02755850426140906,0.9828557525999168,0.018201468715633703,0.8285013369520201,0.9701640537521046,3.1656095414453382,0.0062837922014296055,3.662969174911268e-05,0.5374621747852878,0.9830003112566811,0.004277256783097982,0.0032161707058548927,0.004940705839544535,4.472250693870223,7.441747642332761,0.02241162683354179,0.9501306961148965,2.665625,1.3565750946639819,0.5255770503407036,22.813652540318554,0.20587659095725458,0.0,0.0,0.910037640267125,-0.2376353771728529,23.079668855024675,5.957516878635946,0.4438508925209454
FaceForensics++/manipulated_sequences/Deepfakes/c40/videos/590_034.mp4,1,4.414322018086302,1.841486094912419,0.7151798210465168,3.442770546774729,0.3118458854278485,0.16681345094210662,0.35149777378693464,0.07051287963718646,2.3832244377072964,0.10000000000000002,540.8495964457911,8.797680354118347,0.6359747176285747,-0.005063587222180201,0.03855022932213164,6.5393075196476795,3.98412972591694,3.3791179414334827,0.33258968702101854,6.958041764678032,0.008812761771868766,0.11808734614111017,0.9607442855388363,0.02248108098347096,0.8516463749890806,0.9757316209870619,3.475003523748608,0.028468409553170204,0.0005225547356531024,0.3684558817786105,0.9973596297585202,0.007208505645394325,0.006402794271707535,0.008177215233445168,3.540894853014535,4.578170411233506,0.01497479188427296,0.9728714162327207,3.341081600125418,1.2523716814796113,0.9569101993012803,32.0178220538064,0.36076655178388906,18.0,211.1111111111111,0.8980264124817852,-0.19525660365583067,19.20863956759082,12.6195481626971,0.48465103032572493
FaceForensics++/manipulated_sequences/Deepfakes/c40/videos/604_703.mp4,1,6.533545757720058,1.583157521167203,0.7352435162239475,2.5546696239448896,0.03829999523243693,0.19998642433810368,0.24342008559207112,0.05024211061380336,3.9229269971780063,0.10000000000000002,567.8304804963126,5.3318647861480715,0.7130801341041461,0.045540270489747174,0.0816668150378585,6.412342916178102,3.43529818528838,2.889363265416944,0.07069661759851827,3.128613587888101,0.01208849962206329,0.06980670053303016,0.9847131629240428,0.012352295705959778,0.9306073532990676,0.9344056360613395,3.8717435047312,0.020150769501924515,0.00032558603561483324,0.271651530298688,0.9968916468678765,0.007640002761036158,0.0058464109897613525,0.007927235215902328,4.583533645988378,8.248417022651765,0.016294629486966503,0.9635453293347114,3.251639579849498,1.5479339315733578,0.8823500917744478,28.927654785474775,0.43761536902005027,24.0,183.33333333333334,0.6536569566524415,-0.17432775103335085,18.096282614196046,9.935029859854799,0.4500156383336011
FaceForensics++/manipulated_sequences/Deepfakes/c40/videos/611_760.mp4,1,20.5156290224814,2.4400969079531007,0.6412391780948095,6.000924061298202,0.6533581934722751,0.3755901636439453,0.030394757242777144,0.07229714662591777,2.8451759474674603,0.10000000000000002,1133.4977098281784,5.107240986824036,0.8279737638504203,0.2301223508708696,0.23460932619611893,5.52796795562631,3.0570263516585,1.145497113426688,0.8505827718054016,5.170542425895562,0.037261079249625725,0.3791026960820561,0.9917239068805264,0.00718664910648979,0.9488247773045259,0.9812672766196917,3.883440758488277,0.012440494261682034,0.0001627247838769108,0.32915199884198354,0.9917473284065063,0.0056106033734977245,0.0053294384852051735,0.005928779486566782,3.180901853625856,7.076582171900248,0.01304456694504171,0.9934887355781344,2.292256741220736,1.7946681993211964,0.7770879858617015,19.443365084056015,0.14214718682695415,48.0,195.83333333333337,0.16780633501239606,-0.03020586703362014,14.724242963703562,27.94233070784713,0.7324467468636173
FaceForensics++/manipulated_sequences/Deepfakes/c40/videos/593_577.mp4,1,6.037966592378163,1.0213707866714006,0.7608231853199316,1.0494588150307371,0.04346499006010292,0.20111671697748693,0.023670422167352427,0.07051693407507613,2.326862595527852,0.10000000000000002,420.0100235247513,6.7659721851348875,0.42210918862531666,0.02717044138110703,0.06793132299258015,6.383090645703736,3.818450810139353,1.779380020172946,-0.2728862081851037,7.138839288973002,0.007379224300908725,0.011619537792947056,0.9721143325713789,0.027888518636129633,0.7538476571618403,0.959041392495608,3.759047803541647,0.015059947036206722,0.00018349940364714712,0.4325354500016646,0.9921543001937593,0.01175533514469862,0.009357796050608158,0.0074822804890573025,2.247403850765742,7.381420201906364,0.021753598905894733,0.8911547433072061,2.2029747596153846,2.877373645602344,0.7481914509485055,11.658833013809929,0.4692230532586663,0.0,0.0,0.8105157539035526,-0.22144446857034084,23.76097862904972,12.182106081186951,0.47656331744224517
FaceForensics++/manipulated_sequences/Deepfakes/c40/videos/616_614.mp4,1,8.604395845941946,3.703896837691393,0.5986199730140068,13.92079427437836,0.6021710243650937,0.2679332770876459,0.14908022204171828,0.06401028202904267,4.044452691996533,0.10000000000000002,509.62531665674317,7.612196815013886,0.8860116344923503,0.06629700480543815,0.15302442170646763,6.100987271087586,2.7147760650790373,1.1158914845264591,0.10041985857373789,30.94672749480351,0.0737113118368989,0.749519638256257,0.9866118807182006,0.012412115434381081,0.9104636328118048,0.979066386149728,3.762864929199132,0.025591617450118065,0.0007986456039361656,0.0927075796835185,0.9967426122904254,0.006567270029336214,0.0052975318394601345,0.006585356779396534,2.53403129910665,5.435894850735037,0.027313250262770285,0.9830019636344787,3.6181705946906355,0.9121040412179017,0.8580315210340472,14.86290711905513,0.3935067811778226,0.0,0.0,-0.12278950484982436,-0.08961772136369747,12.769141995991983,24.819190807069035,0.752733968015691
FaceForensics++/manipulated_sequences/Deepfakes/c40/videos/617_566.mp4,1,8.191683276948865,4.102568231873121,0.6709857599016061,17.149417733350063,0.2262554298015297,0.23101177911847587,0.03878825850298515,0.062477644205066483,5.107023315395606,0.10000000000000002,785.0456544004672,5.654297423362732,0.8491730608525746,0.08988152710096105,0.1755028303600495,5.525122593922233,2.7788700506767903,1.0064527138542703,-0.5421768106668108,0.0,0.034650994212447384,0.09070039148702451,0.9953564777489438,0.005800691449347643,0.9108146462649068,0.976809087090627,3.8691159111693563,0.007171799428761005,5.657951260218397e-05,0.27444479662193183,0.9893197853604537,0.004716099705547094,0.0049024056643247604,0.004841053858399391,1.9464265138346275,2.0126440704395976,0.008376725123339935,0.9878682384540292,1.365365018812709,0.6803577947142498,0.4925543664476211,21.714075758121318,0.42613454790668964,0.0,0.0,0.45366700504868585,-0.10593817668086158,13.41055668542314,12.709030233660934,0.8072964312259568
FaceForensics++/manipulated_sequences/Deepfakes/c40/videos/615_687.mp4,1,9.310904780410425,1.8336874501894047,0.726929246766892,3.385529658526282,0.07766464880030914,0.24929037620183717,0.028616507743000646,0.05848488046399767,3.5386896584531713,0.10000000000000002,516.3040476183938,6.0831158578395845,0.8325134002463324,0.11426910603163344,0.1421739513663551,5.826897343839904,4.083109801862633,1.709194984035986,-0.1445396613075524,3.1448844916308416,0.021760921395985098,0.29891366220435606,0.9886706149394737,0.010384607760051356,0.8920310368113976,0.9726639177450195,3.555576120331032,0.010449609719216824,9.252282325178385e-05,0.2127532263403509,0.9904748497297237,0.004328958690166473,0.003740887623280287,0.003123074071481824,3.9601502067578234,2.3054020015628987,0.012364279783309732,0.9968217833994808,1.528748170986622,1.2027820454992488,0.5840843067939054,17.532194624395128,0.32772261257524293,0.0,0.0,0.1579912448052282,-0.10919978134807508,18.943207473732382,14.654523845797458,0.8078676080588088
FaceForensics++/manipulated_sequences/Deepfakes/c40/videos/612_702.mp4,1,6.503747934553745,1.2431356508042146,0.7429700233112213,1.5647065960766093,0.10682696714525448,0.24073143454288481,0.12390288060348942,0.07927833510065155,1.9980712587363776,0.10000000000000002,342.99478317331244,5.442757034301758,0.7295399388563795,0.06860186805227939,0.11117205883990991,6.032872622481177,5.048199054400094,0.22552835817443043,-0.13112448867122484,1.805590236939959,0.016482646525706045,0.06524105000979379,0.9828583906330531,0.013279816980660419,0.9065533861286024,0.9562934374038308,3.6018072548014715,0.012616018764674664,9.215434693032876e-05,0.23312439031315046,0.9933942494451468,0.0057213944382965565,0.005577839910984039,0.005109329707920551,2.5653907278459274,2.137166688457948,0.01360207731459989,0.9618266656839528,1.659643473035117,0.9731635883120152,0.5497628319822827,15.714631969310927,0.4795279612006284,78.0,205.12820512820514,0.32771505204773904,-0.17626359411279163,17.410639429331656,12.908781242014983,0.6462535496042109
FaceForensics++/manipulated_sequences/Deepfakes/c40/videos/610_692.mp4,1,12.583609466841711,1.0573407728891895,0.7743235589645068,1.1274758168940957,0.5710219769815439,0.2721095650905532,0.11097301588840022,0.09174591238872251,1.1658649085397872,0.10000000000000002,289.51893340540215,6.1641387939453125,0.5701853377780286,0.035436573485866575,0.05167486161649624,6.2041625235048885,4.510673711025797,1.3798866755296515,0.39054398256050216,5.846501365975598,0.003267311116326897,0.2056752768753827,0.9917133099112649,0.011837416674071514,0.850419619541055,0.9460812915251602,3.9748020147363663,0.009851394221186638,0.00013478384062182158,0.23187563826652616,0.9940851627015099,0.004339620005339384,0.003380127949640155,0.004379185847938061,3.3787717143736162,5.850235759884286,0.01396356495359552,0.8721475969570662,1.9018636339882944,1.555060221077191,0.5184543594484687,24.23578990769278,0.18005466104764117,0.0,0.0,0.07978482501615537,-0.20836607325525733,23.857641073282423,8.08218219977796,0.41834013070386705
FaceForensics++/manipulated_sequences/Deepfakes/c40/videos/613_685.mp4,1,13.560824684748905,1.1162633432547442,0.7731831659962045,1.2758826615359884,0.055672491732612385,0.4360389715175965,0.09116875382788825,0.06047968381944764,3.800962447625905,0.10000000000000002,197.08177995543792,3.629392510652542,0.6341597001007295,0.15112333072032536,0.13769634219309362,5.75978868464383,4.857255539914753,3.5897811308513146,-0.33248184813634807,7.805003907991702,0.0018175170529468453,0.014124821909620057,0.9766886432182175,0.024271505734215385,0.8571596740004275,0.974465194032992,3.3525185553926438,0.005859190598130226,5.263878483674489e-05,0.29756129350352944,0.9968349108890094,0.008042720146477222,0.006555368658155203,0.0028079210314899683,15.299181502833548,9.130777453722331,0.16635786302641706,0.962192222010502,0.7585081783026756,1.1478139375118257,0.6176276026811465,23.63337427898649,0.06850623882707478,10.0,180.0,0.27983235227546227,-0.1678989199683807,17.853892262110236,12.472724694134751,0.7502201271899204
FaceForensics++/manipulated_sequences/Deepfakes/c40/videos/614_616.mp4,1,5.856125919073011,2.686704458359379,0.6838859359882258,7.317733812914446,0.2034500376227446,0.20753870374726663,0.19555987092937493,0.0598779041370357,3.2618994679287487,0.10000000000000002,738.0602938029463,4.05005664229393,0.8348873663289567,0.3419086385428138,0.3097606241912002,4.986919361031868,3.1270172801879563,2.000240890944149,-0.38247973886676045,3.4238583100420428,0.056052159440568,0.3479882155813782,0.9943521598260487,0.010303134961686425,0.8787251390562486,0.982661428654158,3.0308601530062322,0.014835622161626816,0.0003661635855678469,0.7764540172421746,0.9945965429706377,0.004947001580148935,0.0052215419709682465,0.0037481277249753475,3.6394448336679934,3.904855307532171,0.012567965741189955,0.9862853775513389,1.8614424383361203,0.9515805850689087,0.5917105016642483,8.679131170807128,0.4181623939191068,20.0,360.0,0.3411191117052838,-0.045006413556189714,13.290522176762481,30.55100526388319,0.8319330863335872
FaceForensics++/manipulated_sequences/Deepfakes/c40/videos/618_629.mp4,1,7.34902723072602,1.4308289421275644,0.7418216888413218,2.0724161401350236,0.1642294236096695,0.22870684073246433,0.1773284281604386,0.07949377759283337,2.429438066220536,0.10000000000000002,287.99917059643514,6.155659770965576,0.7807868190095825,0.08683204930568468,0.12289080749992108,6.032731492093472,4.003496191032574,0.9998441731479234,-0.18688796947994446,3.3539457284747693,0.014607697606848,0.743410765228569,0.9925006368454021,0.005717568328856527,0.9655969246070272,0.9760300965460165,3.800364503481657,0.011082840152084827,9.717829379951581e-05,0.29826815767529496,0.9909043666071983,0.006576208397746086,0.004358306061476469,0.009016836062073708,3.4600365058568037,3.5323508177055305,0.019511426159374276,0.989523142247514,1.3807221989966556,1.2280706449670469,0.48994207561742875,12.193372076532524,0.6767425194605882,5.0,160.0,0.6913048496004361,-0.16036857677639035,16.631554096973318,7.003291396091399,0.6856191872033072
FaceForensics++/manipulated_sequences/Deepfakes/c40/videos/619_620.mp4,1,6.219580093670275,2.1741953956512354,0.7000802430752918,4.772611412980213,0.345319387116767,0.21381104986457072,0.15545313969794988,0.06826818372213847,2.5857854194393406,0.10000000000000002,502.42161599657555,5.212793385982513,0.6761724446150639,0.13588347237021486,0.21738006557602277,5.87637633587501,4.360948559274733,2.722593747336341,0.4234332031006738,8.238691696866846,0.008258455000391643,0.40406390682036364,0.9789989522661292,0.021489323675025363,0.8790572513466299,0.9693901833512394,3.5954777608845445,0.01137297973036766,0.0001293537497986108,0.3159775627795205,0.993151788690263,0.008553008548915386,0.005695955827832222,0.013544505462050438,2.9102270048731405,3.24187401727903,0.007908477476905196,0.9722122807418119,1.5388698003762542,1.3057216177582764,0.4005758031805019,14.035417968114047,0.4218879097283566,25.0,152.0,0.8464846408097224,-0.2034778358725824,11.45570779346217,9.95848950708905,0.7580760662304085
FaceForensics++/manipulated_sequences/Deepfakes/c40/videos/623_630.mp4,1,10.750422935271697,4.2126907854005236,0.6324062129774466,18.049870765115394,0.252400032654847,0.3282149471942854,0.11399667006498268,0.055086236287729906,6.405105183526426,0.10000000000000002,589.3913389951088,4.044485822319984,0.8268429049586802,0.23528057108836953,0.3331264018465335,5.132592242604578,2.9499601867150487,1.9350997041659888,-0.25800548263848244,2.3995148568346156,0.024203655262935924,0.18065559280515234,0.975911136303553,0.0209649757590824,0.8676528521987213,0.984061236156975,2.8718526890288074,0.012844346463680267,0.0001717159611871466,0.24427400759439416,0.9888269852973299,0.004939362406730652,0.004537153523415327,0.004481913521885872,4.957372542105817,2.6873908971338163,0.018053994582211196,0.988667733566187,1.771853443770903,1.1179124868801964,0.5345468000956966,60.78576933193404,0.5091138989067694,0.0,0.0,0.11130510223381132,0.02440425304548775,13.215154498221704,19.637468234429736,0.818666535982717
FaceForensics++/manipulated_sequences/Deepfakes/c40/videos/625_650.mp4,1,9.33427382494869,2.962788737354225,0.6296051861544064,8.851678581141684,0.5328992179095678,0.273183063383168,0.05527171545567679,0.07875029159342004,2.775968273975542,0.10000000000000002,434.28478161520263,8.123900496959687,0.8269874578243925,0.050819775209614095,0.11134297955346341,6.126985004284395,3.639977787868684,2.642835782573395,-0.3247710447737878,6.097345987767573,0.01439764092354304,0.11008505840111005,0.9751626531370433,0.025412886180122045,0.7840191035334932,0.9798369968651428,3.2596881895135845,0.014320263639092445,0.00022370496299117804,-0.1118460602033134,0.9960373508956504,0.005792264360934496,0.006934231147170067,0.0034468690864741802,4.216868134455095,3.7901571781302423,0.018112198056110654,0.9757048973968284,2.06995322951505,1.0782008319031622,0.7272755815400598,20.199086020215375,0.03378896173745802,45.0,240.0,0.319973648946048,-0.07687562408381077,7.9467984896544746,15.98202150966679,0.6883923373176289
FaceForensics++/manipulated_sequences/Deepfakes/c40/videos/627_658.mp4,1,12.599686977771375,2.542519115907895,0.6269195790840939,6.547784798213618,0.06679154288499749,0.34297908685658884,0.19326853950381212,0.0643385721452877,3.6017948016872814,0.10000000000000002,457.0997563674242,7.772298491001129,0.8798863696127597,0.07701268775324646,0.1510556164215474,6.023400231409532,4.166045770648623,1.8494478986704945,-0.07153307260658096,21.446688121440687,0.045341948280090735,0.3213334014580333,0.9733987288907906,0.019662258750935364,0.8625365160604571,0.9710956748975088,3.774600999705601,0.012468129396438599,7.279126293724403e-05,0.3982959957232497,0.9949069152645194,0.004913138225674629,0.004689510446041822,0.004349665716290474,5.925022431610884,6.410610207887573,0.0352566764133122,0.9747092615963135,2.2815733434364547,1.6340451473764113,0.48338869945413776,89.5787787076633,0.6973410961019318,30.0,286.6666666666667,0.21002545318132834,-0.11979389027887163,14.917382884638368,14.497540507765287,0.686564485563741
FaceForensics++/manipulated_sequences/Deepfakes/c40/videos/602_397.mp4,1,7.545384399775955,0.9495422391917285,0.7666628748244702,0.9062102090822226,1.2985015053318496,0.2317381431905717,0.01114224028302148,0.09916970140913041,0.9632510088193676,0.10000000000000002,156.31044650179143,3.0081674695014953,0.39880285351518385,0.013140331856934416,0.021925820034432747,6.525970651284869,4.223094682242744,1.19043058545443,0.3969394177088778,21.639741433224497,0.00114611015195063,0.03322331627284361,0.9741314819863328,0.037322514039879004,0.7040850100056907,0.8800565643335527,3.1541757726175392,0.011548398993909359,0.00012529699597507715,0.42421889360690557,0.9961744610315688,0.0058065433986485004,0.004801349248737097,0.004156786948442459,1.4179935397148367,3.529291243745917,0.01031519814578422,0.9039449782394465,2.078255643812709,1.4774772836164825,0.7059707002848268,30.96024721946724,0.7952578313105124,36.0,127.77777777777779,0.9165039117985415,-0.2532071588352747,24.184957703580558,6.042377490303385,0.23358520490380344
FaceForensics++/manipulated_sequences/Deepfakes/c40/videos/624_570.mp4,1,12.900427307360994,1.3349310116812567,0.7541145333352575,1.7990363042393611,0.14877229773753042,0.294938504307256,0.08672510461960159,0.07158648899732935,2.3234519804150744,0.10000000000000002,544.1571745424894,6.271256482601165,0.7645710942424282,0.10338688722414008,0.10825180247692151,5.963016940129478,4.220814725921062,3.0661635746859264,-0.3996690894610579,8.611761969171367,0.011616013825867072,0.2954173857791003,0.9930243811701797,0.011287662718593022,0.8971646394278925,0.9787433538230246,2.6258399759820747,0.008854427374899387,6.207798287505284e-05,0.6369443618541093,0.9949743770046254,0.0057753752917051315,0.0050511956214904785,0.0034996268805116415,7.556094844150374,5.552854731681719,0.019762982637865308,0.9718899909403892,2.4451393969481607,1.7534303557594173,0.584235412041209,28.88365685447644,0.4187749786721147,0.0,0.0,0.014545116081377195,-0.10653547024354815,19.59122109124175,17.452148070945423,0.7023391341651029
FaceForensics++/manipulated_sequences/Deepfakes/c40/videos/621_546.mp4,1,10.858837216285554,1.5839615643011862,0.7454788079689567,2.5348562605794966,0.14293669411641421,0.23641772994675128,0.26755118456085525,0.07646508031962573,2.6141660162844307,0.10000000000000002,481.70427319330037,5.317559152841568,0.7292173869847947,0.05205422582013395,0.10112917075811334,6.074738184954207,4.6451786760545755,1.95182179978535,0.4505734298866448,3.1873372118682797,0.005542782282024271,0.12979836515167342,0.9930920285153638,0.019784562940594854,0.8026955399470524,0.9476938157698451,3.7075256583215648,0.010904122143983841,0.00010215241491096094,0.26255937139625696,0.9829833192074052,0.007656502071768045,0.013511797413229942,0.004913602024316788,5.707080399489175,3.771420340402094,0.011244658581683763,0.9860422714273934,1.304390285326087,1.479396908974315,0.5054488245918212,57.22535958233586,0.10185304739875342,78.0,125.64102564102564,0.9335778783439166,-0.22399038023049603,16.674730452833646,6.500671554853292,0.7125944218081866
FaceForensics++/manipulated_sequences/Deepfakes/c40/videos/626_562.mp4,1,5.10454502091784,1.660269881376411,0.7031536243708516,2.8601621628406515,0.06198840796015016,0.21327256603751557,0.021313371401439817,0.06435222698533201,4.241501376579307,0.10000000000000002,442.0639720864439,7.684511876106262,0.7426052247629875,0.03178003756000094,0.07228348153220698,6.49904349704426,3.200655640837827,1.706965045952891,0.5018901567763963,1.7664728848262656,0.010443665009546183,0.12865483985312826,0.943963700148394,0.04070013309824809,0.7358581582363241,0.9660795455715365,3.688360885993895,0.024263175204396248,0.0004943814128637314,0.18056090265168584,0.9917905012533529,0.008826113305985928,0.008123880252242088,0.00467634154483676,2.6154401583228912,2.193699569497321,0.01397283300442345,0.8937315487128918,2.722012829222408,1.1859190897446588,0.6067107020922475,46.41354810884254,0.5125582907786661,12.0,116.66666666666667,-0.09933198251092198,-0.22152546974530501,17.13715774391113,13.905830363595816,0.5814772040316415
FaceForensics++/manipulated_sequences/Deepfakes/c40/videos/628_568.mp4,1,5.538849930509209,1.8618728786686032,0.6354879878989829,3.4935665528061994,0.06592937342589678,0.20801591091599306,0.2368949655257932,0.06413088427810724,2.9696416686780376,0.10000000000000002,546.4107321546725,6.508027094602585,0.8309722677609421,0.10160813590715989,0.21156366328129994,6.051993807114482,3.7516774343315733,1.171217783711367,-0.7537345795788193,4.114849474216822,0.03688135980089967,0.2541038980186962,0.9908661191746088,0.007837490982076575,0.9536188401263641,0.9647498172445111,3.538854922869913,0.009431997314095497,9.483409667154774e-05,0.421740324279236,0.9955665470796187,0.006285735871642828,0.0059449500404298306,0.002973522525280714,3.271859110247829,1.2355478312740533,0.007635364874490327,0.9875860273988449,1.7697500783862876,0.9290912460488298,0.3834471727068933,16.89187458837633,0.08284271138565273,0.0,0.0,0.2500013602976906,-0.17722308218720775,12.081761151545605,14.032768838170542,0.7528188197638255
FaceForensics++/manipulated_sequences/Deepfakes/c40/videos/622_647.mp4,1,5.943310202753171,1.1755427238149494,0.7488580442818983,1.3947035328841149,0.01947109303876562,0.27397516632548075,0.15594440430680293,0.058353985882192885,3.1279690850825714,0.10000000000000002,201.85304902081702,3.208873188495636,0.7691209873201734,0.16445488712063516,0.16390037511457947,5.64078720086817,3.659833271702386,1.8931467384980465,-0.1628512149977559,7.3790063231413425,0.026395356506973184,0.302154633302594,0.9929437914747624,0.006695648534626197,0.9494963154497491,0.9736889061373682,3.4085126589581822,0.014346163719892502,0.0001382161135552451,0.40932118155646713,0.9947443291742873,0.005500178784132004,0.00522515457123518,0.0033514804672449827,1.3992370484845191,1.5563264331307824,0.016706764761931527,0.9790361370077091,0.8944300010451505,0.6837220154651135,0.23618280799935631,41.468346925359704,0.484387935686788,0.0,0.0,0.43210063492431455,-0.17155723417068228,21.093944085184802,8.164568525237058,0.7815074916874452
FaceForensics++/manipulated_sequences/Deepfakes/c40/videos/607_683.mp4,1,9.38711881219049,0.6366415736461735,0.8036940824305836,0.40707060465450695,0.528282430577221,0.3297602217162082,0.1281736067631501,0.0948412089750242,0.9146130390151752,0.10000000000000002,93.6334260833936,0.7223575592041016,0.22971395084524854,0.054194767537452546,0.03979871714087929,6.232978052285723,3.1737971733292976,2.7959364881245885,0.2768908851063579,6.696692555305547,0.0007006308264444112,0.02367855707277389,0.9850255348305564,0.009682811456681976,0.9451091213147041,0.8448311150967037,3.903903688387275,0.008108435198664665,5.115965905133635e-05,0.2939963004075112,0.9821275946020556,0.006425777915865183,0.0053133731707930565,0.008324376307427883,2.486451458338878,0.9568901012171548,0.025814940418014982,0.8778954407282417,1.276569685409699,1.237015287740907,0.593678577458753,84.27026323346801,0.0004287890301183506,54.0,233.33333333333334,0.8378338399595041,-0.18988287131815884,34.60292514201117,5.220599594053255,0.1391120058980495
FaceForensics++/manipulated_sequences/Deepfakes/c40/videos/630_623.mp4,1,11.532972615817524,3.555211975099927,0.5822980395406607,12.768138108887403,0.5168097113257941,0.33203543427224347,0.12862195625936898,0.06075692770215431,4.065448278713437,0.10000000000000002,273.54572527697286,2.8470859706401823,0.7672672372560447,0.3637337792353209,0.25420971242091395,5.013167509581604,2.9624072135462622,1.4851033730031857,-0.3230608072807901,2.3826818625271864,0.04869172194518501,0.3854512024645942,0.994439566768328,0.005567522113450232,0.9631440850243462,0.9850586814163922,3.399348278598792,0.00956585630774498,9.888487693388015e-05,0.3050444820528547,0.9951406305069421,0.00596034387126565,0.006637046579271555,0.0041611590422689915,1.4343501381080268,2.5097146247688045,0.015274006872739063,0.9955741093241938,1.6784757786371238,0.8693110497149,0.5730284620342176,40.69523915884898,0.15461189333761494,0.0,0.0,-0.06565479921401576,-0.05931204627639354,13.916205318695496,27.331198444880354,0.8694460087624601
FaceForensics++/manipulated_sequences/Deepfakes/c40/videos/631_551.mp4,1,6.291481796974849,4.9688189254198445,0.602533242020143,25.472976066653505,0.2870953259644475,0.20172776485932,0.18076572703242816,0.059711513109598546,4.201564066176208,0.10000000000000002,1534.6759349342788,7.152012848854065,0.8816520805330624,0.04472468663080099,0.18734878055344553,5.927494247905379,3.659799609323134,2.2721509622873044,0.5025970566959369,4.973862388410866,0.0499908533602516,0.3064109630741164,0.9790667731156362,0.015653305144952216,0.8609839344713299,0.9565592723662338,3.5729509046906274,0.013510380871593952,0.00016989209689199924,0.33121621821731995,0.9843828635862446,0.006151883397251368,0.005056309513747692,0.004903252702206373,4.99374645452341,2.4398437915674944,0.010295445298191198,0.9677512193710318,2.9245466659698995,0.69143453909183,0.44174379215029824,18.011548845472525,0.1934175481997733,10.0,120.0,0.1507732988353995,-0.085138396463267,10.078285313558819,31.49174088756079,0.777316999617687
FaceForensics++/manipulated_sequences/Deepfakes/c40/videos/636_578.mp4,1,11.94586434392534,1.825550925644245,0.6479974004838646,3.361675991355623,0.5753705637992165,0.30380698046514404,0.014851339933090003,0.07902978883721742,2.13097404269917,0.10000000000000002,648.7774974475466,6.67982040643692,0.7699380826275913,0.06796332569899048,0.10324145924540941,5.534857019421265,4.179915068787259,1.2370237777766955,-0.31814054933276376,6.182548301099394,0.015153994429494638,0.23887081993540568,0.9850759568595352,0.02036759207169133,0.853800844552524,0.9901409991609467,2.2672013370696846,0.009070935659110546,0.00018743026885204017,0.054286071276487886,0.9954690909726556,0.007561139762401581,0.006056299898773432,0.006496272515505552,1.903256755725368,4.788952737723675,0.013031858162569295,0.9897925498718213,1.7263795986622072,1.7472000918090602,0.630901095318338,12.317063485468342,0.10434199775565196,6.0,166.66666666666666,0.11810847455093088,-0.1133159915884927,9.447194752183872,14.59983476025078,0.7923371588391868
FaceForensics++/manipulated_sequences/Deepfakes/c40/videos/635_642.mp4,1,11.612194480291246,3.7513690338377415,0.6651527387337846,14.161718503425078,0.155556283596415,0.29635721063797926,0.13388764840345618,0.05805128828241659,4.54645899449749,0.10000000000000002,322.3658433687227,5.513656461238861,0.7802297690337912,0.07278231300724042,0.1295230487780332,6.194604020426087,3.8915919178518186,2.6527327223738815,-0.7566355286741091,13.92016065259484,0.02764513436570169,0.28538811020008303,0.9852895682162053,0.010590867487170731,0.9442228906098455,0.979959324126335,3.905894572268084,0.023254171013832092,0.0007291462388820946,0.2778952671067683,0.9948815510635068,0.005003871396183968,0.0038753319531679153,0.005133073311299086,4.560075313720569,3.4118234115808437,0.02604499891319112,0.9744907328998822,2.287393525292642,1.646260067506591,0.5127911979702999,53.2939413290469,0.4980010342114599,0.0,0.0,-0.0848840761169253,-0.10128781468170338,14.560400927899781,13.73719579034826,0.6897855431126906
FaceForensics++/manipulated_sequences/Deepfakes/c40/videos/629_618.mp4,1,10.723296809679294,2.112830074964814,0.6930924655619944,4.4924951171381675,0.10839633226859262,0.3046329065019153,0.06992234849573853,0.061150148797501434,4.554721304233995,0.10000000000000002,325.53436490427487,9.881929564476014,0.7507112832044882,0.005898094072938854,0.04731027077685022,6.591967511658342,3.4213397946377224,1.1596795826525212,-0.5170354463807313,2.3664161287558345,0.009304279027237196,0.037965646766748955,0.9560036278099083,0.03056021573260664,0.7933042433954187,0.3570453053237504,1.4963461075994795,0.04954848065972328,0.002548445714637637,0.03473933990200427,0.9971704532759286,0.006614994257688522,0.004980903118848801,0.0075500099919736385,4.065040109559942,3.8788060295943003,0.015792931400085357,0.9687244661867153,3.0713251101090604,1.943839502024207,0.7443912797204124,24.449867711092804,0.04257900016272653,15.0,133.33333333333334,0.8813761774094858,-0.23607284374942875,14.219930539024805,15.248961390355753,0.5155702950649953
FaceForensics++/manipulated_sequences/Deepfakes/c40/videos/633_529.mp4,1,7.986122272041959,1.2371320718640006,0.7428970854253918,1.546672114190827,0.25474248696434476,0.25687572971323863,0.06227157745655566,0.07854524457482837,1.6789141041207827,0.10000000000000002,344.91110955151055,3.9665677547454834,0.5421648885029258,0.11060459428553379,0.15433422555337928,5.816797647971871,4.480486358066331,2.9578603873977416,-0.21523405586416505,13.310930803126197,0.006858248435299408,0.1258248482700427,0.9912136656073359,0.009801824487305254,0.9113103108217285,0.9522066673552423,3.599399039267685,0.007274254225194454,4.029585397802293e-05,0.47946348687901996,0.9881867860768483,0.007444961462169886,0.007089666556566954,0.004428961779922247,7.0063512553512055,7.314978999969947,0.018164028810187742,0.9696012139309499,1.3243820547658862,0.9968421284133209,0.43012657005507027,13.71395406082878,0.0005880246223602685,6.0,100.0,0.7826123710132357,-0.22536852851435288,18.889390050311068,5.276126928651138,0.6824682739110297
FaceForensics++/manipulated_sequences/Deepfakes/c40/videos/642_635.mp4,1,7.465779302499563,4.291593550769708,0.6008216661112976,18.748535459148933,1.210945530510506,0.22252816206400436,0.04120502538259231,0.07289131627881935,2.1783594189922204,0.10000000000000002,973.9711740048651,7.4793290257453915,0.9071749377361791,0.1626390787049966,0.23559275435139368,5.640400304541141,3.3638016507970634,1.5498701820154754,0.182060030795403,6.838968366463659,0.0793338137968828,0.49977900662262115,0.9930158825020715,0.0067005135119524275,0.9457305112117596,0.9832960354856255,3.92536992059137,0.008912617340683937,0.00011532674398040399,0.2665274477472109,0.9919221386044517,0.0077550518326461315,0.006319634150713682,0.004443311598151922,5.187030643269369,9.115518996030817,0.030657803475367004,0.991903484465092,2.2236393446906355,1.3125222725069277,0.5534411436919549,15.36820346847721,0.3940141014894473,10.0,520.0,0.04763209904751258,-0.09146642472102098,15.03347122537346,36.367410207852146,0.8923057880307527
FaceForensics++/manipulated_sequences/Deepfakes/c40/videos/637_427.mp4,1,9.198058395887225,1.348175195297673,0.7424510314100714,1.8364069787171033,0.21757108323150115,0.29127160234793037,0.21256935126168203,0.08154132788934512,1.4696123168256172,0.10000000000000002,187.27022384542852,7.156657576560974,0.7823590068529018,0.0665443198882773,0.12124410061240722,5.8571039027167355,5.90431320611774,1.5065290823062263,-0.04586714353824692,10.16123504918144,0.011615733182985446,0.1572297848209595,0.9934735192192568,0.006661980533947011,0.9607278493485505,0.9827099502443545,4.025620271423513,0.007893799804151058,0.0001079792928067036,0.1489489093893857,0.9940976167858147,0.007574515882879496,0.007416959851980209,0.00556919863447547,2.8128826834898315,3.7501012062307195,0.018702513626865896,0.9897353970636029,0.7748647836538461,1.4925305793808983,0.4599765443031948,13.51246761608301,0.016853358856375084,0.0,0.0,0.8348004569268557,-0.15963984680336105,12.73631026820014,16.192175598638507,0.7259551279349667
FaceForensics++/manipulated_sequences/Deepfakes/c40/videos/634_660.mp4,1,3.770394927356283,1.2878048770046326,0.7344732701799335,1.6711608788239467,0.09831767738359466,0.1694393550526232,0.2166917188784629,0.07572530261605394,2.400234758082959,0.10000000000000002,370.521681538179,5.599907928705216,0.7166932149150824,0.0750978737322721,0.1221581472555165,6.0716957581556406,3.031369284052444,1.1356570905820353,-0.09222294602623385,0.0,0.016287266170486796,0.21965450947025633,0.9837171360845042,0.015126382661559943,0.8466656508375061,0.9692015569755409,3.9321309847740573,0.012709989212453365,0.00012384611181914806,0.3576161519706279,0.9872723030156108,0.007534906733781099,0.008255490101873875,0.00677155377343297,2.5556310914722666,2.548866863443673,0.007589703336742055,0.9682276123373078,1.5536096885451505,1.4232077222273078,0.32812176257768666,16.32787201596214,0.7187144652357486,40.0,265.0,0.09287484725925337,-0.19997131526657352,15.304477351775997,9.393613701161113,0.6716887899479893
FaceForensics++/manipulated_sequences/Deepfakes/c40/videos/638_640.mp4,1,5.746656389983585,1.9606830509409963,0.7033250658250909,3.939300145550771,0.21560009502538696,0.2218290769091272,0.15978865850707247,0.06581121178070033,3.609994106380635,0.10000000000000002,409.91927884930465,12.114246666431427,0.863988733318654,0.0159868891535686,0.0808524945315231,6.568147552201129,3.298575124334552,2.019095841455882,-0.16966749453853394,2.7373431323852686,0.0014153101277382197,0.013305755453711307,0.8828415644553935,0.08087426141950257,0.5804620088427246,0.9752522471494965,4.041799362632342,0.03954687342047691,0.0018478194251656532,0.12170528794511226,0.9908936369200542,0.01576555334031582,0.020010411739349365,0.013842660002410412,3.6806052169057857,2.9596582426859115,0.018263526786479467,0.7268601518302915,16.4463445861204,2.5717560515748046,0.7753994820125487,13.859406806427014,0.295692194604747,72.0,147.2222222222222,-0.1033618214421149,-0.13088602734587385,18.23591666727812,32.34150986001553,0.10718060477690564
FaceForensics++/manipulated_sequences/Deepfakes/c40/videos/640_638.mp4,1,5.187197807215614,1.2982500145896096,0.7439040613956245,1.708800979417162,0.044436925476976696,0.1924225574353965,0.13202080870084648,0.06984862740200823,3.1801499831124516,0.10000000000000002,447.34676323521853,8.721121281385422,0.6246307260096543,0.004605041467892688,0.05386047532079793,6.2631198937894235,3.3111957619548074,1.4855008824618219,-0.07819118471451864,5.599561477865974,0.004609072337236336,0.1462987169099123,0.9653343918576732,0.024263897236433667,0.824905320588406,0.9765417891234718,3.71714417037206,0.01450499426573515,9.1816000349354e-05,0.41664203243514464,0.9931075928142973,0.011434338986873627,0.009622219018638134,0.006376298610121012,2.802056777977838,2.817425438731469,0.01308284349757274,0.8815417658969432,3.5948114809782608,1.5332381698098005,0.6651950814270413,20.88053725725152,0.0014261342794331033,54.0,200.0,0.18498991363731299,-0.23813875068121262,20.623932590978264,13.535492072939062,0.5483188756861165
FaceForensics++/manipulated_sequences/Deepfakes/c40/videos/639_841.mp4,1,8.0902283046939,1.725284821691055,0.7155053848016198,3.0044064337283105,0.08434286550107543,0.23793212063690672,0.24499849086460607,0.06902598675718434,3.0023447100077347,0.10000000000000002,622.5574088404987,9.390506744384766,0.7262404978531156,0.05136373736445091,0.13168386798497198,6.305019145418329,3.622994972898184,1.9348462952004086,0.09330457897514036,3.719089317977896,0.017318324066709974,0.48983415195607144,0.960896394085599,0.042349293229433996,0.7224450966240378,0.9658681291002795,3.721219629830463,0.024460503831505775,0.0005155114340595901,0.3085732178704958,0.9978621388264418,0.008758552372455597,0.006477333139628172,0.006444873288273811,4.182755959824607,5.908926575408986,0.022012688489051486,0.9040961203192499,7.668889788879599,1.9736662797769275,0.6863559072703165,27.01024805541436,0.3948800415224745,18.0,144.44444444444446,0.07691979207867548,-0.20647295661866988,16.5546206990863,25.683997865898213,0.6113353532630265
FaceForensics++/manipulated_sequences/Deepfakes/c40/videos/641_662.mp4,1,12.423512726048468,1.3973568737605997,0.7554684704803936,1.993058658390791,0.3441431493551058,0.2561195770929211,0.2458764412914324,0.08047910904091182,1.574695462850093,0.10000000000000002,395.86994153637977,7.5114088416099545,0.6444908915261577,0.026114176602696968,0.05188138062234369,6.300495716082492,4.7567590323914395,4.290595220870286,0.11103084405172362,12.054209589404046,0.004596358062068182,0.5330686904320395,0.9908243171902534,0.0077492664945586435,0.948742388827184,0.9746034207307518,3.6291147054267583,0.010929725132882595,9.27458968362771e-05,0.24807637747365965,0.9933610999557515,0.00703028216958046,0.008690732531249523,0.004364716354757547,3.899192116336617,3.648943840896631,0.012370193137731283,0.9748659839083708,1.5832299069816054,1.7464412899327657,0.4635040258128398,26.054169077650066,0.5639923398924902,24.0,200.0,0.8296603795062639,-0.19466261873435114,25.60565984197534,3.456468411122748,0.5126073550260811
FaceForensics++/manipulated_sequences/Deepfakes/c40/videos/646_643.mp4,1,12.947193119365668,1.2829350569527957,0.691432987855553,1.6672701081140424,0.14465922454505326,0.3797021429574002,0.22125905988466604,0.07103347126877199,2.3893838360643285,0.10000000000000002,264.28615082173746,2.498574045300484,0.7163314824929569,0.30517656295164036,0.20297995528141102,5.332151083866272,3.585585949188276,1.8074596963701377,-0.5911992587588603,7.848370589532341,0.017784701478326292,0.3451315374439332,0.9963296505084004,0.006957394275416205,0.8880654718223445,0.9588557980928155,3.7419061525690305,0.005209509748965502,3.082122566411272e-05,0.4346089990820067,0.9884295924399408,0.005623564124107361,0.003861644770950079,0.007310162298381329,3.5202865502977727,3.70651558393244,0.024621509024133775,0.9954441779275777,0.8695358225334449,0.6163652641781575,0.41298083161830934,35.73875432214001,1.9513263227466383e-11,12.0,166.66666666666669,0.3072953264820436,-0.1397601390259197,17.927260044320075,6.762489020553447,0.8764654385316651
FaceForensics++/manipulated_sequences/Deepfakes/c40/videos/644_657.mp4,1,15.578177512606356,3.577156753976105,0.6800138152379235,12.956922499864692,0.21203663557741015,0.37773021497502335,0.07689597101639357,0.060928957688900255,4.181085590777457,0.10000000000000002,446.36437309867523,7.120639634132385,0.8735971211086916,0.0517064706784742,0.1543553632653561,5.715100755944313,4.223726423101069,1.5862320981260871,0.3267179230735412,5.287858682088145,0.028221726483550355,0.21590854960498937,0.9888856147533729,0.009586632185595956,0.9450750840546365,0.9788300339966999,3.400498644851848,0.013156610541045666,0.00016824381600599736,0.348183306428337,0.9949498167107124,0.006893040146678686,0.006018706597387791,0.007534372620284557,4.6883995257596744,4.178214751504168,0.016458110131956107,0.9838680492841295,2.7511888586956523,2.059224619313905,0.4697465428539983,12.982666270811594,0.17618013688600123,0.0,0.0,0.28437557625356835,-0.07471491475260335,11.808516141601952,24.729348401138967,0.8204683495671503
FaceForensics++/manipulated_sequences/Deepfakes/c40/videos/643_646.mp4,1,3.9571498033973533,1.5163323060221208,0.7448230581939764,2.3203433314981874,0.4903235512478326,0.17399767739828667,0.29850663921101095,0.08099283457263436,1.4136974521517423,0.10000000000000002,580.2638097748347,8.407399094104766,0.7448625499571434,0.04568860771838647,0.08652768944235091,6.121174556839853,3.7162434984218007,2.4474993484275793,0.18543457487864806,2.5739169321804893,0.012128850565023054,0.07066655673580549,0.9650997262054565,0.026407555977044642,0.8370277319342342,0.9518419039304357,3.600646464616475,0.014078483916819096,0.00011107887257821858,0.5331544449958419,0.990864390902149,0.009562837891280651,0.00745061319321394,0.009159404784440994,5.055321810588546,8.55267015113862,0.028402986727693664,0.9460256390406394,2.3086721362876252,1.4631374036577631,0.6523419356691667,9.883217648277425,0.44924327453292306,0.0,0.0,0.3063000821825945,-0.11202449178946232,18.18018283792382,16.44768486623689,0.6867918947862831
FaceForensics++/manipulated_sequences/Deepfakes/c40/videos/650_625.mp4,1,4.853416593529211,2.522679303496587,0.6202347634973886,6.435703416760719,1.211628457758947,0.16784980546731915,0.06934865349310844,0.0750804204100918,1.9432730892437615,0.10000000000000002,1268.2932058142246,6.75591459274292,0.8497191036216651,0.09043924925010773,0.13969657570253666,5.967820075910753,3.5242982349516323,2.6415784869292103,-0.38512057725407,6.027753874725064,0.025488211033393715,0.14810886993608618,0.9883711046780687,0.00990552343710225,0.934784614690089,0.9854265994167325,3.9733510590458603,0.011469470337033272,8.744979277253151e-05,0.46808208712824784,0.9918580642412287,0.0042189015075564384,0.003612757194787264,0.004097537137567997,2.0288717258766535,2.5963066851855707,0.010968987215892326,0.9808347866598355,1.9487027069397993,0.9215268354174947,0.4820394090915915,14.334266872511314,0.2699902316811525,5.0,120.0,0.7819526894136433,-0.1518029444091348,11.772540005974827,14.449845876466814,0.7866148741080501
FaceForensics++/manipulated_sequences/Deepfakes/c40/videos/620_619.mp4,1,6.925245424919675,1.4002731182733963,0.7344803676497206,1.9775441697396665,0.2438960384335218,0.23410474853277735,0.13734275617607247,0.07837187002621562,1.8841055289134285,0.10000000000000002,269.8567717732493,9.101050984859466,0.6820204002784578,0.009781180933413947,0.054194926336848866,6.469602908038508,3.4006896460801377,2.4266946404677436,-0.09558477098135817,2.674785822071948,0.01233093899082188,0.09825036810897843,0.9649537512153621,0.03415327571922747,0.750707750377181,0.9874718001702141,3.5374062024029165,0.01669660396873951,0.00024023283913265914,0.3490601867026819,0.9970515042881058,0.00639865780249238,0.004681083373725414,0.007583620958030224,2.505785789135219,5.6075763883523715,0.015137606340399987,0.9667983786568094,1.3478195547658862,0.9281977857962195,0.5839291440002594,36.4085470035749,0.34168218280740015,10.0,200.0,0.6227069307481226,-0.238691694406223,17.59174489023557,10.173948152229993,0.599238234970876
FaceForensics++/manipulated_sequences/Deepfakes/c40/videos/654_648.mp4,1,8.292926050542116,5.629976573127706,0.6155514828689288,32.16747413617901,0.7437067084537874,0.2507699827116911,0.38205024464271664,0.055772806874621314,3.337277810555675,0.10000000000000002,854.6281276996231,4.760810306668281,0.8838845959904592,0.2044637980884605,0.2986210999045213,5.170531803577603,3.833732835384929,1.6820380796711218,0.5037199581778674,7.300584170599835,0.06905804513482773,0.1689985461315624,0.9939832738244967,0.004870860963346751,0.9670012131920571,0.989015133177222,3.0635601452966097,0.00961005687713623,0.00011298439494566992,0.46094326978657635,0.9927827971635287,0.006386429071426392,0.006505848374217749,0.00717058265581727,2.8548235239276893,3.719035148706776,0.015425915091988896,0.9844219292015275,2.845967678720736,0.7834565907226221,0.4072143492635706,19.040938214869932,0.4549893665924043,20.0,240.0,0.6456943078010233,-0.02948474640545563,16.628289311503387,26.300205265466186,0.8290969436770621
FaceForensics++/manipulated_sequences/Deepfakes/c40/videos/653_601.mp4,1,8.972205550977673,1.9144651392759762,0.6470745249667674,3.7070909499875513,0.16703822469301416,0.32754995338120363,0.07089565793600767,0.07643546813868694,2.233486364498326,0.10000000000000002,371.02816688668884,12.481349205970764,0.8116719259800256,0.04780322987254598,0.10729755842706676,6.3608160847461725,4.554358360327038,1.6097082271864058,-0.2863690186854152,7.652615837225674,0.029319217541539416,2.4573598451453065,0.970133705056889,0.024559399523580994,0.8666670680884552,0.9670936445095699,3.6230098777825384,0.019167430698871613,0.0002169379440601915,0.32852508911518224,0.995039206525834,0.008623489178717136,0.0065668122842907906,0.00555208045989275,3.4551177807129196,2.4304266486149553,0.04630525198355728,0.9634926698220269,2.3272398881688963,1.695097324805598,0.5181088982262345,33.01427272522938,0.06939689617690872,0.0,0.0,0.022199338464160005,-0.13652432423056068,13.905871319526124,17.132293364575794,0.7335811483936608
FaceForensics++/manipulated_sequences/Deepfakes/c40/videos/655_444.mp4,1,3.8060567260205103,2.9707442170852305,0.6179154970365568,9.062678413479155,0.10656104360650442,0.15742047968498468,0.0594014975148822,0.05632258624607175,6.578635002659479,0.10000000000000002,1402.4563042977738,10.637533950805665,0.8850931133185405,0.03061762468483632,0.12911867994620754,6.162924608222832,3.93648397619569,2.3800290287070944,-0.4491940737437513,5.505985357130219,0.049925044297134964,0.2605889716587316,0.9720406376526163,0.030350023059780955,0.7261671214721847,0.9793870025624781,3.365829984487217,0.01684414967894554,0.00020919785310979933,0.2848523636228451,0.9957048400521753,0.00748455012217164,0.006490889936685562,0.007490628864616156,4.210040172917363,3.7050440007445005,0.029048374454335956,0.969685093050467,2.023656328386288,0.8877332736643511,0.4674975363890421,31.955537307939647,0.3865502363036641,54.0,225.92592592592595,0.280971804719984,-0.08512536649519303,12.859563075364973,19.56823084410572,0.7969251806981048
FaceForensics++/manipulated_sequences/Deepfakes/c40/videos/658_627.mp4,1,9.583552153251322,2.8586637834464104,0.6221747229398388,8.260985598620223,0.07796720849176045,0.2615653363564718,0.12811285714542375,0.04778264856035449,5.149516658936795,0.10000000000000002,1116.00305352418,4.814041817188263,0.8615016438867709,0.3070116462570337,0.2699820551414815,5.26056729275818,3.568409201421848,1.476714054521708,-0.5457883188877032,3.962598917961152,0.06163801185549469,0.45313464186410574,0.9876936748841064,0.011338482692663951,0.93030386687493,0.9551669343790421,3.8027301274016643,0.0051918537355959415,2.1210353224887513e-05,0.34354494730146834,0.9896854680164313,0.005661685019731522,0.00474551459774375,0.0027160970494151115,3.983175653337593,0.7012860468354652,0.007685175631027808,0.9676327653739745,2.184331887541806,1.3785644579806304,0.7907915798330475,13.810720652646568,0.05335129338078512,15.0,146.66666666666666,0.15076625758219928,-0.13660713620692677,15.333169571403786,28.395204725348496,0.8422554485138056
FaceForensics++/manipulated_sequences/Deepfakes/c40/videos/657_644.mp4,1,6.453594567757426,4.244671415003373,0.6248870277672445,18.260461035260462,0.6337900423447925,0.20437055653025,0.0737097904094833,0.06616475593982821,2.4475948900231703,0.10000000000000002,843.9130758910587,9.481125664710998,0.8952214650886546,0.05193498165195615,0.15158936433454143,6.235404950292634,3.8870534546864195,1.821530971343295,-0.005871918773129325,4.72320675097213,0.04468330093277935,3.0884057854697193,0.9811964641589481,0.01824675794607168,0.8959307869807845,0.9823600948245348,3.8257709387323713,0.015425308607518673,0.00013844933710061014,0.5191476337569034,0.9968050009109115,0.007875371724367142,0.005986426491290331,0.007455770391970873,4.8263198122502375,7.278134358168844,0.022642933369148296,0.9747732549655672,2.983222068352843,1.1364956755492919,0.6120012546477787,46.921538496583906,0.12566170512344788,30.0,253.33333333333334,0.7233971741454414,-0.08574370567618456,13.894654276482989,30.059116572255835,0.8173482510751306
FaceForensics++/manipulated_sequences/Deepfakes/c40/videos/656_666.mp4,1,9.457981152289127,5.414267978831864,0.5415611273496659,29.480374342756726,0.7409281693106075,0.3063273714944583,0.13275171402393898,0.05599973391743631,3.467378761822391,0.10000000000000002,569.7690633643758,2.7115869343280794,0.8207303818641669,0.30113016815102933,0.39762082317086117,4.711373544823756,3.9560246867285613,1.72942504399563,0.1023168038663269,6.949718870259696,0.12305802035017349,0.36213624485798573,0.9917971296932093,0.009509238338512563,0.9233409210469974,0.9732386946535605,3.3847224682014563,0.00894252397119999,0.00011424582044128329,0.27131211040635145,0.9913603108255792,0.005115166772156954,0.005470199044793844,0.002774277003481984,2.1633184423503757,1.8237302329496388,0.009801289010178725,0.9868560673398209,1.7995891252090301,0.9142914658078919,0.5515946935401836,38.717143201829906,0.38347308168340366,45.0,142.22222222222223,0.11626195375014743,-0.0764992057714477,10.108671484858894,22.429008680019518,0.818625097573248
FaceForensics++/manipulated_sequences/Deepfakes/c40/videos/649_816.mp4,1,7.619989776504175,1.30984583185055,0.7394975522462742,1.7315049602664374,0.3776411005742879,0.2373410711037232,0.15658661137370197,0.07639878867936097,2.385782755187845,0.10000000000000002,474.20664916547656,4.507962155342102,0.6875714499088021,0.05800449170210819,0.06840179248788192,6.32673969790866,3.0989049210616435,0.6733767014182911,0.7750807447233519,2.804991636601128,0.00623550672481776,0.030167485944586205,0.9862985751327311,0.00984872872507106,0.9368136096649401,0.9508307259686183,3.807938569405684,0.023536302149295807,0.0006650376599282026,0.0382110733281291,0.9947898923769577,0.005186574533581734,0.004035781137645245,0.00477939285337925,1.9245235006426669,3.3004876398938685,0.01106450412405491,0.9866481878762111,4.663801212374582,1.4517695067350456,0.3604861396315836,55.145931612340966,0.5820654576724631,30.0,160.00000000000003,0.914618974681888,-0.17144895464745166,18.100002603289862,10.989892720032,0.4931596406945665
FaceForensics++/manipulated_sequences/Deepfakes/c40/videos/648_654.mp4,1,9.743850748028095,4.4634070605022,0.6581209846578866,20.15846310433495,0.5547645429229344,0.2713013852908717,0.23829852731789752,0.05952154018355027,3.4940321591549286,0.10000000000000002,738.9360454115606,4.838659483194351,0.8059720378654454,0.22413225377901416,0.3053851622692265,4.708370673423997,3.446255134644879,1.378812087868182,0.21915943252446893,7.43614487698788,0.03679119843414503,0.24255308976796483,0.9867306030415584,0.030941386817013403,0.6526592397328047,0.9842489885309962,3.589600839761647,0.02498321607708931,0.0015167014207690954,0.7037754429036376,0.9972806167124612,0.007787181530147791,0.006492089480161667,0.005084157921373844,4.19149807190498,5.620442679557944,0.02264056429124254,0.9850184348425298,2.524521843645485,1.2722957153286796,0.6274064785224316,8.1929587171471,0.26351699512013016,15.0,133.33333333333334,0.4858350528406534,-0.04993430759601944,11.285016798621,36.23767517318577,0.8641534402851475
FaceForensics++/manipulated_sequences/Deepfakes/c40/videos/651_835.mp4,1,13.543957389424605,1.712400719439234,0.7294410614987986,2.955646979296389,0.04705700171929875,0.36707203835578706,0.07915704321225336,0.07030450174048239,3.4718756647976883,0.10000000000000002,238.94392359400467,7.846610194444656,0.7118649269834101,0.024009449149612092,0.10102062578106646,6.391905277969325,4.876613498261386,2.431103005676016,0.33112291081118506,4.7163130806383835,0.0019333932551128315,0.043839902244508816,0.9822241832693993,0.01274473443220288,0.9179814536148302,0.9566524053243114,3.766626505486944,0.014027598313987255,0.00011830950097646564,0.20712144537751462,0.9933148487115768,0.007426255848258734,0.005259649362415075,0.00672557158395648,3.6826826730455213,4.804868892230037,0.013628635317279333,0.9130759959563759,1.3662762594063544,1.1524015851490594,0.46568514691834395,37.39236626236675,0.11952323930879835,0.0,0.0,0.43894774163150124,-0.18568089775297267,13.48252358158474,16.221769325743548,0.6390351441877047
FaceForensics++/manipulated_sequences/Deepfakes/c40/videos/659_749.mp4,1,8.681067909527618,1.8432649441560471,0.6580959550906431,3.427552816445741,0.31529336008366543,0.2409909442893794,0.025046545987041025,0.07533986758175937,1.840793404826396,0.10000000000000002,978.8960638859938,6.192937016487122,0.7413569319294411,0.08089418422702024,0.14163383203995275,6.2869586323201885,4.751327891689485,2.9115230969526156,0.18805624263365944,6.017095059880022,0.017341785704340293,0.15131865613079815,0.9732502887484508,0.01871395534156977,0.9019065874408038,0.9698219383590388,3.7919834588261137,0.018862968310713768,0.00032906129490584135,0.18672783443995403,0.9954885057187546,0.005986036732792854,0.004698054865002632,0.006896882317960262,2.552146823031401,2.45429755252848,0.015315124441662487,0.8511450615324568,2.9595167485367893,1.3747827349106878,0.7782338970067838,20.6394621646947,3.087242054592802e-11,30.0,193.33333333333331,0.7243815245444827,-0.12663208569856688,13.104713967983907,16.96065876226528,0.6727875858697822
FaceForensics++/manipulated_sequences/Deepfakes/c40/videos/632_548.mp4,1,5.41557840582067,1.3805698406392815,0.7244908498107154,1.9234261442643041,0.07295081180468208,0.20340609575604712,0.2343007827388331,0.06940168416173666,3.1120625062069793,0.10000000000000002,314.48499735405824,3.7900161683559417,0.72428632166717,0.14279331726183445,0.14741383947229988,5.698610430911001,3.1260447816647163,2.117878006911605,-0.10662014626121338,6.132446306915022,0.006657079652147063,0.03641243919561063,0.9811250875365459,0.020415261741740402,0.8040270199307389,0.9791017460111593,3.099129061934049,0.009511574171483517,0.00013078869960736483,0.1660142368226542,0.990737050291958,0.006125067826360464,0.0038529131561517715,0.008799788542091846,2.6762084243858153,2.5458096009212206,0.01479665750360926,0.9602704726718374,1.123928720735786,0.6531464874089354,0.882126072475922,25.86123211211132,0.6759455327738632,0.0,0.0,0.6515556518232204,-0.1949693092479677,16.423479554119027,9.751839227180225,0.710718699955936
FaceForensics++/manipulated_sequences/Deepfakes/c40/videos/652_773.mp4,1,9.503531864556404,1.010588882310882,0.7651683697073841,1.029119273096346,0.9279123053011901,0.25789296198158074,0.3252878886601004,0.08937085540270046,1.223175723986919,0.10000000000000002,313.19747728594473,2.102331578731537,0.557836760492284,0.2174359677323326,0.1906420112805565,5.716013609398694,4.045399412261831,2.0095968399841078,0.46852944561052146,22.704533387242662,0.0063323195797404756,0.11987823624699502,0.9911694938231256,0.011163480346172634,0.9150013055961018,0.9470917789590781,3.04833298246876,0.005235378164798021,3.29041613440495e-05,0.4165086827752517,0.9894353039552726,0.0045872218906879425,0.003934955690056086,0.0038270680233836174,2.815820659842121,2.961549304559466,0.010828230467273367,0.9294230255335216,1.1022843070652173,1.0988778294686945,0.5954509418020257,41.8857644988531,0.4296598418405202,6.0,100.0,0.8511384530001256,-0.1979350971705135,22.68355604086456,7.514338626127523,0.7211680717417078
FaceForensics++/manipulated_sequences/Deepfakes/c40/videos/663_231.mp4,1,9.972698467143156,6.116487501477939,0.5940850508914212,37.713997544864824,0.7137061978164332,0.308921368948997,0.020877597618732816,0.06310660891132672,3.4655673993644074,0.10000000000000002,550.387301571435,3.190347221493721,0.8418514381488478,0.3444929822710687,0.4278127438349656,4.6796313245473105,3.8819061994683355,3.5091922681956973,-0.14349115350231095,4.211376437177758,0.17519343093681972,1.225429490420298,0.9934696621590359,0.008742968145327339,0.9049869036850938,0.9882280332235324,3.1684623030793753,0.008883538655936718,0.00011199115397175774,0.3679158853459692,0.992066055618581,0.00556216249242425,0.005000935401767492,0.005963064264506102,4.110069609572648,4.575066942224247,0.02039737746404245,0.9905965042363969,2.3217365175585285,1.0480148126757187,0.47846631137726525,21.271189119756528,0.43059371009896835,10.0,300.0,-0.3021501123300766,-1.0333874208958288e-05,8.316770250023676,28.965643140071275,0.8638844764474142
FaceForensics++/manipulated_sequences/Deepfakes/c40/videos/665_679.mp4,1,13.270401349806136,2.274460821460754,0.636296515212642,5.235490911850746,0.032094432075312124,0.3562173847285337,0.1491178018631832,0.06040388091238452,4.42278198582654,0.10000000000000002,501.03605778730616,3.8691247701644897,0.7297684193215265,0.27959689059243586,0.23273045711217488,4.985888792201704,5.410922373855576,2.289073122888445,-0.3573805017867572,10.441141090610136,0.03653152597765939,0.2715716922327841,0.9869931795922774,0.015241043013742666,0.8439185095569153,0.9690389586304952,3.037479245273965,0.009966949000954628,9.195369784720242e-05,0.34825898465712196,0.9831251993256548,0.007365805562585592,0.0074189151637256145,0.008432820439338684,7.802700089302024,3.9675908280652834,0.022227610457033448,0.9694663503532523,2.457344795150502,1.469720765851621,0.7789888607789318,21.75448396523693,0.05271927638333164,10.0,180.0,0.5599570708294238,-0.06747962421067796,12.59632446425854,19.7182901855801,0.801164624961528
FaceForensics++/manipulated_sequences/Deepfakes/c40/videos/666_656.mp4,1,8.921827306318093,5.258314544015121,0.591568048621623,27.901545879570744,0.21725482067700205,0.24994014518920027,0.22538321841213566,0.04693053337442178,6.201999612811093,0.10000000000000002,1242.0837776256947,5.053919076919556,0.8970484752424841,0.12108217154456749,0.1949787146822701,5.432091086970842,4.351274740754698,1.9294357058557274,0.11054508048795553,8.845522453759882,0.04313703716535472,0.10982268062986086,0.9879646863900592,0.012410033521127602,0.8859836747707429,0.9883226357127509,3.470835368898935,0.00918399915099144,7.088932761689648e-05,0.44376249620086833,0.9928032026613667,0.0054566157050430775,0.005328086670488119,0.003339640563353896,5.665973750054165,3.1219587647886438,0.0253882112507879,0.9643688040565918,2.4532752403846154,1.0052601993719845,0.8640969964326519,25.465688715342104,0.7614025984239572,0.0,0.0,-0.14403899251579144,-0.02601614491579437,13.651727548529099,30.573434721556296,0.8296855003177832
FaceForensics++/manipulated_sequences/Deepfakes/c40/videos/668_664.mp4,1,9.885060333563832,2.6744918770241446,0.6081893112599261,7.214861461032482,0.24770755154789,0.2908246457416742,0.22551856084506183,0.06958613132703735,2.677951134275607,0.10000000000000002,345.2687001193598,4.9281281471252445,0.7764597751934438,0.16781465251407057,0.23976110020341848,5.53603833941569,3.3683956527144474,0.7894404281695898,0.06523290122296166,9.257617830173208,0.027489338875011298,1.1982783406347426,0.9927988958201199,0.006415687162544524,0.9562632003778068,0.9797822403144587,3.432078118061811,0.007373184431344271,5.0074730097549036e-05,0.45809025222713534,0.9893704811430478,0.005262911319732666,0.005062590353190899,0.0045776525512337685,2.479273896964097,3.005683430802951,0.01163542553924131,0.9762619870506859,1.9551205842391304,1.2897935696078926,0.5559651543997928,48.3704875743262,0.08638447344353892,6.0,100.0,0.32004654914458186,-0.11458618114087918,11.324873830575852,13.802766473933058,0.7978980785138733
FaceForensics++/manipulated_sequences/Deepfakes/c40/videos/669_682.mp4,1,3.876127167624111,4.422739609993059,0.5688429528763296,20.11243731850213,0.13589886111694555,0.15009242172235615,0.06748141090325813,0.06114632394269727,3.984264539418401,0.10000000000000002,2124.424103866476,2.96443053483963,0.7982316881291847,0.4306385071417273,0.1771266118282946,4.5089932354673365,5.08856242761275,2.319807583634512,-0.3006765592710747,1.6226944006863178,0.11883672117115274,1.5427109997479946,0.9856780208523487,0.01716882716512254,0.7740755891700972,0.9437853045554356,3.8192823050314595,0.007882599718868732,0.00011455066851340234,0.5888614954695334,0.9815326327983362,0.004767184611409903,0.00558117963373661,0.004088144283741713,4.664154070444765,1.2365226371378328,0.013447447692716991,0.9708656176853298,2.436605089882943,0.7954698990139965,0.4260450094834711,113.95290088519053,0.6912669818018823,0.0,0.0,0.2687349520069701,-0.08853081920332846,11.281731660053305,27.442473991333713,0.7394426591017103
FaceForensics++/manipulated_sequences/Deepfakes/c40/videos/670_661.mp4,1,5.82292391654933,2.69879059422841,0.6490389144510484,7.410477131358188,0.2644656658745831,0.20219848521821987,0.11384267206362453,0.06908994963334983,4.016858721863155,0.10000000000000002,744.6498859277065,4.374634882807731,0.7819760138804976,0.26921296432264047,0.2739125682302378,5.468473943323512,3.5414653834292436,3.0216538230606433,-0.19837379563987467,4.8809061690731035,0.05446562114322544,0.372352705313782,0.9949119532901539,0.0058852841258461115,0.9519673635961204,0.9874036862371807,2.9174558757618607,0.007713163737207651,6.425877654692158e-05,0.6014318440929116,0.996596222874507,0.004835531115531921,0.004493568558245897,0.004130102694034576,1.7647823639470368,3.863371191106991,0.012864054955103631,0.9897155192387527,1.7799141670150502,0.8893813028664272,0.6668553487226749,21.317486448765145,0.33679407773986914,0.0,0.0,0.19707037768815244,-0.08421083766616536,14.575202077161281,23.508739188741878,0.8321998642244967
FaceForensics++/manipulated_sequences/Deepfakes/c40/videos/664_668.mp4,1,7.176676215561312,2.230570539025398,0.7199568307845852,5.0414573577247515,0.14382588033508303,0.21123730360086596,0.34027447368588093,0.06407542576843649,4.128113675764543,0.10000000000000002,822.1778677658043,9.124218407131377,0.8002801895415994,0.06251867625982006,0.14255204094430526,6.157132189755454,4.307704127304447,0.7986657571101133,0.0978111363217303,7.946814267338746,0.010889453713224514,0.2205419411700769,0.9861622037168504,0.010889364526019052,0.9397204080081354,0.9908128492269298,3.851742056264451,0.01748833805322647,0.00029424999956972897,0.26647556735596173,0.9944865351029722,0.005132103804498911,0.006067945156246424,0.0044676330871880054,3.5741272655537144,4.244967395180695,0.012974468558133048,0.9810070963122867,1.2921727846746576,1.2037943847860266,0.48034482941655,27.947168847968097,0.4741630129697635,24.57337883959044,116.66666666666667,0.44818023508510874,-0.12039610395512823,16.95072784196066,13.821790415051767,0.7363809058893062
FaceForensics++/manipulated_sequences/Deepfakes/c40/videos/661_670.mp4,1,9.544714628631006,2.6590158790865024,0.6957744666173957,7.135291095679838,0.0986101059249297,0.2821962212768457,0.03156422927483174,0.04812264366194132,6.630848176187735,0.10000000000000002,358.8015191211924,7.999259412288666,0.8305347400185814,0.07572549890726174,0.1456076437254287,5.994274886578265,3.4751415415005456,1.6240690700741152,0.36649842626626167,5.619952456523051,0.022352947013318525,0.20745900909623954,0.9873300505924202,0.010050607135139012,0.9160230961714684,0.9661262828205545,3.8661320189112844,0.024992752820253372,0.0007803275948390365,0.21462827065484236,0.9906839654413765,0.006303819362074137,0.0062927985563874245,0.004977008327841759,2.3738823598199588,2.9291897347703935,0.01415742861681858,0.9817006468662522,2.2557352633779266,1.285674039644766,0.8414884150534994,10.681528429899569,0.33511322062013654,5.0,160.0,0.006800262440151036,-0.15562610109217437,12.627091607890451,13.808354674157084,0.7521229390752954
FaceForensics++/manipulated_sequences/Deepfakes/c40/videos/660_634.mp4,1,10.176950438195897,2.2295460753626077,0.7246824860368988,5.099823721025463,0.13681987179027638,0.23161705178573389,0.15356923960313457,0.06369188639323767,2.891331154085106,0.10000000000000002,804.446317489241,10.628557181358337,0.5990257365067959,-6.597798524192455e-05,0.03918763125506484,6.591654018629917,3.188058566916535,1.1542976618557594,-0.015616006194008908,5.015404857416767,0.0044669796892908035,5.277800879650276,0.9835512546342474,0.015031123229979718,0.8774240410842488,0.9764437761276278,3.7859762435097415,0.015273942612111568,0.00010678526450647041,0.41396136482793416,0.9954679514877376,0.010432175360620022,0.007073086686432362,0.00706134969368577,6.771900014519578,9.229115069433742,0.027333281337739948,0.9543648502596009,2.0937238712374584,3.07049177499673,0.4198716390320961,11.759532288875825,0.11198803133166028,0.0,0.0,0.22030604736229445,-0.2567420971193132,17.70890039535934,14.356159329021903,0.6316395047892988
FaceForensics++/manipulated_sequences/Deepfakes/c40/videos/662_641.mp4,1,12.066907323211021,1.1330145389408781,0.7537161604538541,1.2897918002947077,1.2706393274588956,0.32154125587754934,0.27857393069149755,0.09226261646073461,1.2458760289872035,0.10000000000000002,142.72213218411213,5.476232314109803,0.6345938198031941,0.06388929138954133,0.08324483513739926,6.200731873584783,3.3369295954982667,1.641123926583889,0.24648407063289798,1.4960452562872344,0.0038712714017300784,0.12807900693857463,0.9859503389422524,0.02304236478272722,0.645897855728431,0.937598607438342,3.3751739370179985,0.007248778361827135,0.00016309112834278494,0.18642861968654345,0.9984833533990852,0.005484921857714653,0.005247386638075113,0.006182408891618252,3.1599172734724426,5.8549821067934165,0.012852658458921837,0.9441622902321208,2.0198382629598663,2.013646855912014,0.42090284857279847,32.69784358330718,0.6536945639844621,30.0,153.33333333333331,0.8869382317498762,-0.18288512053728254,25.289941121599664,8.11797724576527,0.48904489758421804
FaceForensics++/manipulated_sequences/Deepfakes/c40/videos/673_728.mp4,1,7.927154034737612,3.4296910891769925,0.6161666892026322,11.89983293375329,0.2888777772981589,0.22537089062053384,0.164638553978329,0.06153784102771757,4.04302520806515,0.10000000000000002,695.4395506365834,5.279812216758728,0.8517368381355682,0.20281048159995663,0.18207087435399508,5.602974406647518,3.917193619916337,1.1931009032426996,0.44561273500141385,2.351503111843312,0.02327710651912211,0.16643055823383973,0.9940799391863774,0.004586369173680345,0.9708591946156752,0.9855905289865698,3.871254581679001,0.009128060191869736,6.944451888557523e-05,0.28809588417882875,0.9893703267492154,0.006294529885053635,0.0065917507745325565,0.004380471538752317,2.7533901840008945,3.2273850721175243,0.011009454920893951,0.9907282257599109,1.8093939433528428,0.8697234211338083,0.40795165558462454,105.72376000848098,0.12644890588429836,30.0,180.0,0.737217044088704,-0.08493644109806409,12.733745037509241,20.384724219303454,0.8224055860089742
FaceForensics++/manipulated_sequences/Deepfakes/c40/videos/674_744.mp4,1,9.77003843074959,4.0510946322720525,0.6075528703247857,16.776704761311155,0.6485632032367326,0.27325431784305676,0.20563632171538612,0.06578466305424441,3.7938422520873565,0.10000000000000002,1024.7172436810572,5.551999372243881,0.8171601525889705,0.18910268875757427,0.3080209466947431,5.610329882320205,3.92207297389651,1.3086828153285401,-0.07184324550244109,2.719858366211659,0.054872278359233605,0.6713139754261725,0.9874093305354217,0.013359631928215694,0.9029871021343586,0.9563320867606161,3.569945013645209,0.011796819046139717,0.00016043943469412625,0.4405860818676141,0.9931842283848332,0.007092611398547888,0.006206538062542677,0.0071030850522220135,5.09723080884768,7.63440014879581,0.01663439153831473,0.9791784634537304,2.9023045568561874,1.0366430961176676,0.45590029330004744,21.823888261099192,0.000934017502169174,0.0,0.0,0.7930385387472539,-0.05436649154224595,12.236541697626386,40.65403172415481,0.8627768594478084
FaceForensics++/manipulated_sequences/Deepfakes/c40/videos/675_608.mp4,1,4.953997310946276,3.234624521615296,0.6093241165909195,10.657567405980364,0.15797183723095412,0.18025006499650625,0.16412431914206843,0.0543499573741961,5.226913944399908,0.10000000000000002,1556.1823290762472,7.914533066749573,0.8279414713780808,0.07424543484645403,0.17284201389804651,5.6652812193640445,3.1785209478104632,2.056863175391491,0.020918241932059614,4.450330961488294,0.028871996563655914,0.29182608043786834,0.9864414312946643,0.010648303491825505,0.9290196095162472,0.9644084471189478,3.5337256315976178,0.016746554523706436,0.00028322151047177613,0.3242938000668663,0.9929386870874862,0.008143930695950985,0.007854838855564594,0.008194269612431526,4.873840940265195,2.884460890460669,0.010890060035061499,0.9788838015742106,2.8352777487458196,1.218752100959826,0.4841178833409655,24.268872539689937,0.09915442226840397,45.0,186.66666666666666,0.3288723836489977,-0.10517431612868622,12.605518870971222,30.646973132375287,0.7675509201707941
FaceForensics++/manipulated_sequences/Deepfakes/c40/videos/645_688.mp4,1,7.322295458033958,1.1839451674874857,0.7551494484645022,1.4262209997624065,0.7642425226116234,0.2263721209304841,0.26348616631038835,0.08375008024191957,1.610648889552412,0.10000000000000002,344.3624629714019,6.10848035812378,0.4852167508905497,0.016899695413298086,0.036942799442516626,6.407525027617714,3.3829496739049865,2.7159363635003526,0.44134440486487636,2.4930939361827296,0.0030785055625356995,0.07228799907627134,0.9811684124526808,0.018384348615399122,0.8592207466246791,0.9465246297731905,3.1570079356109653,0.02038298361003399,0.0002820442896336317,0.5259636998532153,0.9932179933396915,0.01043009478598833,0.00761372409760952,0.00830469187349081,4.117384095100159,8.903806187510478,0.026863131314385644,0.9653256802442234,4.005062447742475,1.8181443183444508,0.5923941134234487,9.142998757367788,0.3855603612193096,24.0,233.33333333333334,0.9255982841588846,-0.22747479142259266,20.514463057371156,9.909628616645465,0.39995523242321773
FaceForensics++/manipulated_sequences/Deepfakes/c40/videos/671_677.mp4,1,17.740372781045572,1.2003534883170373,0.7648167792598464,1.4505506211282804,0.047582202144884005,0.38511465797371713,0.16051798590278119,0.0705494414522568,2.3779413449996665,0.10000000000000002,247.61269946755692,5.860049307346344,0.6480485417438198,0.04471447610568901,0.05895626149451227,6.186860291547356,4.113012625154141,2.0122435482633163,0.23831637708273873,3.4805999076585326,0.003975395991749607,0.04024657297408358,0.9891109785788449,0.009068014824140665,0.9492185565205288,0.9124325662116957,3.20121728072077,0.008069047704339027,5.678626985172741e-05,0.3740543121755603,0.9857077156838148,0.006115291267633438,0.004914246965199709,0.006059627514332533,7.589660130175521,9.121598785871088,0.038653411658518225,0.9822636040159259,2.9570149195234112,1.9330388934617433,0.5126573503998058,21.532788039806654,0.14737523620047946,0.0,0.0,0.5925863049262972,-0.1682298924703744,22.738269699475016,11.940823354442875,0.541434632806842
FaceForensics++/manipulated_sequences/Deepfakes/c40/videos/679_665.mp4,1,13.198953285370331,1.7178453581131408,0.6836516419145747,2.9767056810380064,0.042572764878903845,0.3398353647810982,0.03520850506637534,0.05589179686259055,3.832371527830941,0.10000000000000002,671.1728972678246,7.390807127952575,0.8687233946639739,0.1980587246296028,0.24771977800585926,5.83313019471685,4.4431953209912365,2.9359933755940926,0.10788712140979465,6.4544188280673795,0.06321142998427362,1.6353835038907816,0.9924517896197104,0.006030693204142056,0.9579618620331324,0.956463409045989,3.7833157935082227,0.010146871209144592,6.127330561866984e-05,0.41704186385795733,0.9911399353140398,0.013034124858677387,0.012326653115451336,0.0026341204065829515,4.476593032408731,4.070396031411018,0.010913709891641287,0.9771605897683912,5.565906537416388,1.1540042782359956,0.4356576419570286,29.705006903525707,0.6495992794757951,30.0,253.33333333333334,0.2751926561576434,-0.14665378544547983,19.52475076401883,27.75154141118049,0.761515158983516
FaceForensics++/manipulated_sequences/Deepfakes/c40/videos/680_486.mp4,1,5.570905436649507,3.769839817415447,0.618807615600279,14.585967956781298,0.2264635388052411,0.2008642370749829,0.07964768043053548,0.05097992222912592,6.256284401650515,0.12500000000000003,1046.2580947256188,7.874479740858078,0.906211960965227,0.1598112441010565,0.26098044414963684,5.657484000403839,3.6874861061015447,1.8545027968013028,0.44533167371002125,17.298787607886034,0.09376573904035042,0.5604236740761697,0.9887235464205235,0.010632294514796881,0.9445163728716905,0.9884984034173536,3.5929820343598764,0.019501473754644394,0.000730779196601361,0.31518316823864273,0.9956446787813703,0.006097407545894384,0.0064646173268556595,0.0037546134553849697,3.039949526368367,5.9165626702404115,0.02375808212536167,0.9865425550586439,3.379513743729097,1.641230445272939,0.8104027337515097,17.115390195463632,0.22115047581348335,70.0,222.85714285714286,0.05660707078768306,-0.028508017399492692,14.509311283028595,32.24595828016171,0.8288519064268371
FaceForensics++/manipulated_sequences/Deepfakes/c40/videos/672_720.mp4,1,6.184389448959528,1.4780429618172133,0.7295973725401881,2.2070771912352383,0.2718209151902981,0.22597210792264466,0.3032333509678732,0.08198616064502094,1.4152416305728297,0.10000000000000002,414.1478140367966,4.555316019058227,0.7966769280682884,0.15301590850436503,0.1603048618432016,5.7081266372559245,3.9666018185785226,2.1088314919356095,-0.1438599917806711,25.551544153877717,0.014676789828495039,0.32849640757521154,0.992601625640703,0.008577246866087775,0.950510883636572,0.9824940102438289,3.500035212735787,0.008999625220894814,0.00010577163629932329,0.2944128056803114,0.9960593962216755,0.006770050618797541,0.00551085127517581,0.0072724041528999805,3.8947306379653965,4.046672531522108,0.008634977759019256,0.9780434228618311,1.0716320025083612,1.2634110725845347,0.3586967070753685,8.953592350761907,0.5619888958071313,36.0,116.66666666666669,0.7689811815959129,-0.15868090504225,15.799651630779383,12.719579858878435,0.7950168215601614
FaceForensics++/manipulated_sequences/Deepfakes/c40/videos/682_669.mp4,1,7.374421268641808,3.648829180926864,0.5909392352983192,13.48468728658643,0.21381285812855927,0.2605109069738612,0.1644079341445071,0.05469555786951826,4.302873997938617,0.10000000000000002,893.0574076852275,12.723567962646484,0.9133218609943718,9.518180063090518e-05,0.06939417619311383,6.565444797222245,3.8547060510809676,3.314883143194837,0.14503887243915872,5.73948551101605,0.014060579765677636,0.10688471969929751,0.9621879471776439,0.0281214569333876,0.8166803627585225,0.9778063426322338,3.913551087932664,0.0457783080637455,0.001435358659364283,0.30104415822989056,0.9968981635377553,0.011928948573768139,0.014600754715502262,0.009102679789066315,4.701323385013252,4.0854915320999385,0.014290000623816546,0.872966604631585,7.239130434782608,1.5271681903255614,0.7025500003087908,35.03135751473518,0.022051414327680298,0.0,0.0,0.16996241828827482,-0.06582686831582717,15.072735396805033,27.00262403941145,0.595705099085993
FaceForensics++/manipulated_sequences/Deepfakes/c40/videos/677_671.mp4,1,7.62812033189625,1.1786235058281476,0.7547618683511529,1.4017976029920425,0.15146386549692228,0.2289239480629149,0.19154700038602873,0.07625443328590423,1.645695152488487,0.10000000000000002,222.72469582273044,4.513452047109604,0.4872237467106923,0.04649311113991868,0.08431153024995545,6.143784419121172,3.9837841357273738,3.516734071093742,-0.07532049815414224,2.5293567364528364,0.0060396233303605055,0.014598422200140855,0.9867599229930509,0.014272973657043948,0.858673117017344,0.9704635591379257,3.3613581395599574,0.009119504131376743,0.0001868122781161219,0.25659276043720053,0.9951736354406978,0.0051164948381483555,0.003910568077117205,0.004458745010197163,3.811291211675589,4.146654837701289,0.018476962519837638,0.7085052101688601,3.2537821383779266,1.6437435273073808,0.6109790718413695,8.909367425474628,0.34129007418681956,30.0,140.0,0.5252008061110441,-0.21781549232432265,19.071019966975822,5.9593371466141765,0.4685730360726784
FaceForensics++/manipulated_sequences/Deepfakes/c40/videos/676_776.mp4,1,7.768887761776542,2.0188779331386972,0.72221003432846,4.120278899245051,0.17066065926907156,0.21797506348381646,0.04588918603733859,0.06898174379650476,2.861517473797003,0.10000000000000002,660.534717918943,9.294303500652314,0.7805843498785653,0.07727678840452673,0.1255191333263841,5.506135997835835,3.0646125400228734,1.4951926640786504,0.043357732421018716,1.6483511958531467,0.021290219230575804,0.4463503722156552,0.9914549091561267,0.011419781272082498,0.8490792834433979,0.9827788500862159,3.0198586086508015,0.014877520501613617,0.00023354741279035807,0.493332004843667,0.996426379963506,0.008488301187753677,0.005640811286866665,0.008678803220391273,8.25361635176497,6.617674000380699,0.022146741797766406,0.9763013450831717,2.4852274508779266,2.239909063815842,0.6586747057291238,15.01674843380789,0.07735624439932264,48.0,150.0,0.5356025484377789,-0.1481524586141537,16.243489963218355,19.485266633554726,0.714779693737548
FaceForensics++/manipulated_sequences/Deepfakes/c40/videos/689_690.mp4,1,5.469452897538872,1.830395703369949,0.6456101355485926,3.446201332883431,0.07773796803862354,0.20742078264855274,0.12044952056800687,0.07129430748668945,3.1706088000831367,0.10000000000000002,829.3264247378532,5.720592665672302,0.8012882080857464,0.1105187836253378,0.1662331680694246,5.733070474110735,4.652871636310825,2.111913287416585,0.21908871747239292,17.135518372308898,0.04158960462447475,0.277851113201161,0.9810772038146374,0.02059467302028281,0.8899533777204125,0.9786389956986484,3.792736224605135,0.010442144237458706,0.00017960151308216155,0.5931485966153653,0.9876154410668256,0.007751832250505686,0.007660747971385717,0.005131407640874386,3.9792556109725554,2.135754671158416,0.011544887099756724,0.9763293327372363,1.6436363398829432,0.932323596771535,0.5314699921783785,45.77841313316848,0.023327483961858155,0.0,0.0,0.003806954766850099,-0.12971272266217315,14.233941231102094,16.49168778788337,0.8065089886914107
FaceForensics++/manipulated_sequences/Deepfakes/c40/videos/681_711.mp4,1,10.594603833761996,1.0234689577837077,0.753304559908538,1.0531175952854848,0.0578792567371015,0.41652018608476454,0.07094059123613955,0.07447403699431492,2.3187886817173795,0.10000000000000002,103.01987525525794,3.3589329361915587,0.7256879725593467,0.21492070372944258,0.20663040551537307,5.89026613329688,3.9156165147928603,0.6503527905035246,0.516208992496825,5.492576563629455,0.008987778050404632,0.07818830388657574,0.9902300175753409,0.009976200485219201,0.9323716475852118,0.9857847685716207,3.5017594971575443,0.007331389002501965,6.761375698260963e-05,0.38997070212756824,0.9953588172583238,0.004426242783665657,0.003573634196072817,0.002948826178908348,0.9555698179560981,1.0261266631187507,0.011294027375417947,0.9829567707650928,0.8390370244565217,0.7420982552903123,0.5502109055017739,43.30748931031106,0.07166280045196051,0.0,0.0,0.21940519232227929,-0.21968336806895042,16.111502249560175,8.407796930715655,0.7750544261136032
FaceForensics++/manipulated_sequences/Deepfakes/c40/videos/690_689.mp4,1,4.2476470625030025,1.9575865796656182,0.7162525410440427,3.8935312544886846,0.12125662163053778,0.17663782840747538,0.12997271673636854,0.06611377334369531,3.0478505063108816,0.10000000000000002,653.3114329193171,4.21386171579361,0.8048693765891268,0.22059832001608226,0.22502933885387208,5.756719647642087,3.555477457855349,2.0006254892129482,-0.29772562454437324,2.0063828762034377,0.02072612469992406,0.2483336715384842,0.9879604907751504,0.012192317606859347,0.9224876514014305,0.975837397828278,3.6294757696638307,0.006609444972127676,2.8810633011744358e-05,0.5544693083321603,0.9927202028502934,0.005193963646888733,0.005715343169867992,0.0033317171037197113,6.165589416524631,3.8080764137192182,0.030965400298948446,0.9798235830747701,1.1405596780936456,0.9914475537295679,0.8020017233966973,25.536052892225257,0.39955129773616493,6.0,166.66666666666666,0.6386146941174866,-0.10904415074326562,17.51503814050872,14.930080546158129,0.7907941850262499
FaceForensics++/manipulated_sequences/Deepfakes/c40/videos/685_613.mp4,1,10.427234077688189,1.039592836667558,0.7729627682154738,1.0983062840555822,0.030482333683835912,0.3107721843461716,0.12960259400361684,0.0679343269905381,2.8161520917863094,0.10000000000000002,348.8155866315994,2.5244786202907563,0.5475326551261708,0.04868368182596862,0.11635532538229129,5.9789578829474115,4.187784875778637,2.0165996692624457,-0.09588248169349166,8.4612826383785,0.0032368402572992435,0.05084740437863366,0.9866564165600594,0.013222703924258379,0.9232966371900101,0.8757618397227693,3.7842154419161584,0.010813954286277294,0.00014696184371132404,0.41437227575587715,0.986910581407709,0.006761727388948202,0.005922810640186071,0.004112389404326677,3.194054843901839,1.2204403598280038,0.027692080621251926,0.9379097973266043,3.2431803929765888,1.2038360799499772,0.5518229741491436,19.08448605871374,0.04913292958627316,65.0,258.46153846153845,0.10968512955403403,-0.20629902811674722,16.06218837267708,9.985613250007686,0.5609272052499746
FaceForensics++/manipulated_sequences/Deepfakes/c40/videos/688_645.mp4,1,9.772815025149335,1.3515533057303388,0.7379979326406432,1.8366468211607638,0.6276230956924668,0.2965351076787101,0.18227935575297347,0.08190065320466991,1.4827351223031449,0.10000000000000002,265.3643997628134,4.589094865322113,0.5801059993061304,0.08368239715771354,0.10156768840961036,5.993301601695411,3.2787009128176803,2.179314844670011,0.2221731930414556,1.5731885210193595,0.005454223345469478,0.08415162972113152,0.9734291788148443,0.019173015234377033,0.8804773946555897,0.902229841249617,3.3087124700125425,0.010185549966990948,7.547455606982112e-05,0.2735058779368997,0.9897880446874195,0.006341580767184496,0.004812557715922594,0.006946173962205648,2.354289238880639,4.0810278321956215,0.014337512819195432,0.8678863292311355,3.5468782660953178,1.2648917289804784,0.536177114151281,12.463155833349262,0.28213865113149283,24.0,233.33333333333334,0.839605068284912,-0.20735278838732418,21.265168734563414,6.924032173632418,0.5192416464358842
FaceForensics++/manipulated_sequences/Deepfakes/c40/videos/693_698.mp4,1,6.4932560353984075,2.5702691076735187,0.6522848535881748,6.724858204453268,0.3792591019753878,0.22156747356767958,0.044641973892509026,0.07546242772850026,1.9746817464555293,0.10000000000000002,561.371908973096,8.141586542129517,0.8323807907434976,0.04286624032422717,0.09808722060002441,6.0991776071132096,3.1168866713678667,1.4123940048340962,0.2974629736559059,5.929367760827766,0.025475623308489403,1.1214550961504683,0.9916055250392266,0.005685787695515211,0.9701341760294153,0.9811328657058044,3.81605801144241,0.009718205779790878,6.392909563146532e-05,0.3755005655597719,0.9920081738750246,0.006613127887248993,0.004721322562545538,0.009385485202074051,1.953908755455651,1.851408134431021,0.010624103056944709,0.9712930771283761,1.1983303720735785,1.0087911566767809,0.6554467783504854,75.65080082159778,0.7746075627676555,30.0,380.0,0.7948471348786881,-0.16076229355199653,14.143399683855286,12.551751449847705,0.7670770884941689
FaceForensics++/manipulated_sequences/Deepfakes/c40/videos/687_615.mp4,1,9.13375148949726,1.7435652743010852,0.6969987313340887,3.0731749760798226,0.08883387750490436,0.30799678267435504,0.06313408159831328,0.05996528621311992,3.4445087700233685,0.10000000000000002,193.68916923821914,3.2337800830602648,0.7719632649026567,0.29134616112568795,0.24569146640202047,5.369692180693122,3.2453345529260225,2.4530079600262282,0.1900842329745363,1.923712572984259,0.024832688400582958,0.19034603869825267,0.9960162579340488,0.004007081703671858,0.9548130887021865,0.9747192089417817,3.198028418349432,0.00927933119237423,9.737654909258708e-05,0.3511130611204899,0.9852825596361355,0.004312112927436829,0.0053682089783251286,0.003225028282031417,2.171950951844489,4.230840717883461,0.012780971072163857,0.9898558742193885,1.1675964151337792,1.4933118845109783,0.6904861540473826,30.339477238049135,0.40890913464077755,40.0,190.0,0.4205478207474874,-0.10215496884526842,14.433040529644511,10.111554305669323,0.8197293085776152
FaceForensics++/manipulated_sequences/Deepfakes/c40/videos/667_446.mp4,1,12.963113774529806,0.9178406998661431,0.7909080285041027,0.8548891270858914,0.12035269363475429,0.2766047448173874,0.29043401090507703,0.0783612717914464,1.8022409831110893,0.10000000000000002,337.3032574949123,2.545328179001808,0.40439150098556464,0.03599727753658631,0.050151385127928994,6.299276323311453,3.5273506319133645,0.621631095220505,-0.36120105107453965,3.8710717435954947,0.0020782047437240448,0.004623408319460794,0.9894602708274143,0.008884182984617595,0.9482613640888456,0.9222884107827694,3.7943572821735807,0.008870307356119156,7.84241856308654e-05,0.2127046627490092,0.9873950332577492,0.006174344569444656,0.007352015003561974,0.005919262301176786,5.0356715709800355,8.860622452537067,0.024159035061219088,0.9711747607827125,1.6046685566471572,2.800111240732208,0.48054294344783743,13.201779527959818,5.772025080119647e-12,30.0,253.33333333333334,0.6967575822857942,-0.23092744232411022,20.784796146327167,5.5935855082798565,0.49049529999773545
FaceForensics++/manipulated_sequences/Deepfakes/c40/videos/694_767.mp4,1,5.690513375350758,1.5802289800885243,0.7259860249049065,2.5164610520092117,0.11618474328168293,0.2158116887624481,0.14460061827457893,0.06532160842198315,2.549956224408875,0.10000000000000003,743.3218994251102,5.2731581492857496,0.8596502358495569,0.246835772213527,0.24402947246684556,5.771540464145573,3.391523313293347,0.6975192908668962,-0.3971658373579751,1.5714576344258337,0.03836511581168428,0.5526313809033697,0.9766397364907418,0.023260685900369206,0.8481164525907979,0.9877396899527954,3.297558515179677,0.01198779046535492,0.00013715577370021492,0.47756298783987783,0.9957544373208345,0.0050722453743219376,0.005136341787874699,0.0037990109995007515,3.8371997391556447,2.3831439490576067,0.021929248606304335,0.9787195192759284,1.4440344484060403,1.0860132176162887,0.4263691927368808,18.4996724345442,0.13801651792753075,0.0,0.0,0.041127630381933865,-0.13514557445027614,15.717544524871904,9.615439971478777,0.7709636622085172
FaceForensics++/manipulated_sequences/Deepfakes/c40/videos/696_686.mp4,1,6.777489467956184,3.451462662119591,0.6012616114547555,12.155672951956529,0.35589625949218384,0.2509919052386399,0.21204194427504325,0.06486851407739513,3.1199703322313748,0.10000000000000002,390.4210659556266,4.391552656888962,0.8626136303691465,0.20011037911428128,0.2372732963647283,5.557399196622737,3.4867211265418745,1.3181199740018084,0.09310440456078921,4.129295442406022,0.03534325113103019,0.23628783411983564,0.9891120629971091,0.009891557035344707,0.925155828387934,0.9864433374757096,3.422728965486133,0.010009842924773693,0.00010521287913434207,0.2733808494652036,0.9907178429298943,0.005399818066507578,0.006780078634619713,0.004762515425682068,2.627870051757225,2.448062210878845,0.011256868586686144,0.9855069066927546,2.2705339412625416,0.893946793851457,0.532977089483909,33.56190834752932,0.7189215555238432,15.0,146.66666666666666,0.5178224869663809,-0.09083895564465791,14.246269965784892,19.16620029183933,0.7926427432634652
FaceForensics++/manipulated_sequences/Deepfakes/c40/videos/691_732.mp4,1,11.66451523697064,2.3518300894284296,0.707975240082403,5.591836000740999,0.23917467776000678,0.32014639961310626,0.1884825449708301,0.0588747115419385,3.663340224379264,0.10000000000000002,564.2281023958469,6.619694966077804,0.8142640803425338,0.1535614520470096,0.27548947439244853,5.610217359519206,3.2266105473081947,1.194639076054379,-0.1856204882231689,2.435499118041256,0.02171021045728528,0.5683378185937084,0.981663815369056,0.026627095542007043,0.7071967618138859,0.9771634844442063,2.5659788455983845,0.018317537382245064,0.0006403150036931038,0.2671235670317052,0.9945871893654853,0.007472766097635031,0.006430532317608595,0.008293180726468563,3.1212166331298126,3.1925915660033266,0.04445662974144784,0.959782904843949,3.620068196070234,0.9122596966161175,0.39614071368750425,10.809213451210804,0.5243207170016521,25.0,256.0,0.2798737710972951,-0.11224824775623345,15.250169594130837,11.58803874210022,0.7901820076636485
FaceForensics++/manipulated_sequences/Deepfakes/c40/videos/698_693.mp4,1,8.989293418308119,2.4529014914495137,0.6207619310168682,6.082150977939972,0.27123974074248836,0.28521456685105523,0.1807704542328005,0.07612709772627539,1.9115177023631502,0.10000000000000002,354.798984852365,5.2020061075687405,0.810321440328714,0.09739605563169253,0.17005044231150146,5.786424347508237,3.454898161195163,1.6496143351105765,-0.20836767376729332,14.683457186456197,0.0296014246415518,0.8494938149785701,0.993995650180671,0.005194588432168298,0.9703916162872787,0.9897387011000174,3.4471921502475853,0.010919908992946148,0.0001031099382089451,0.44449308040458685,0.9940866825283589,0.00858891848474741,0.0046085454523563385,0.010511469095945358,2.0242065366656625,3.6975181493444107,0.010446049884262777,0.9797019199613551,1.182996054556856,1.67786004178467,0.32309536052749765,16.19125326262962,0.3826983784272086,5.0,120.0,0.6056572075759226,-0.17041547005805288,10.786656470419603,14.980808247213785,0.814130629365947
FaceForensics++/manipulated_sequences/Deepfakes/c40/videos/699_734.mp4,1,5.594723329107381,2.504801915483863,0.6435372019583661,6.360306671824107,0.47098087803866145,0.20337029073919416,0.2329939574391901,0.06827157781797767,2.3337674692701174,0.10500000000000002,787.1203300155028,6.996112835407257,0.9244399157636712,0.16438853174698717,0.24826885658405667,5.4633393457607555,3.0024375199696953,1.65555210100563,-0.19067629553973037,6.217456426503595,0.045780255599517455,0.10793109757197694,0.9879776741561296,0.01360369142096029,0.8833266842048698,0.9847861343262151,3.230111474926579,0.00918279867619276,7.81789276516065e-05,0.5481425374689302,0.9960176418736439,0.005979023873806,0.004756145179271698,0.007050077430903912,4.074673515633862,2.7464794323168613,0.022747472876896102,0.989125366942436,1.6157112249163879,0.7695472982528146,0.24949595690920245,25.97778116544229,0.15306125647680324,0.0,0.0,-0.08032074116773387,-0.03711888972971577,12.863067100453552,19.642092470390185,0.8004910776158769
FaceForensics++/manipulated_sequences/Deepfakes/c40/videos/692_610.mp4,1,13.48736122962753,1.0989988404873874,0.7551402104406446,1.2154807978030235,0.07437517083650431,0.3802824715662916,0.06300074847116963,0.08485218110269684,2.6460960520249355,0.10000000000000002,128.8326050028882,6.364949440956115,0.5823908219690946,0.009794835920770448,0.04332167067896141,6.369381326269165,4.169791432558373,1.9245455363463264,-0.07920638731618806,6.061759645611154,0.0019448578813558571,0.26762737593137975,0.9816380199678963,0.021668959516084673,0.8301824564085177,0.9471202834883086,3.8043753439425068,0.01568758301436901,0.000198658715817146,0.226197465465112,0.9869018921137552,0.005212900694459677,0.003821728751063347,0.007733627688139677,3.9206835777970674,3.952028654516537,0.013373681647507915,0.9350019127391765,1.7995140050167224,2.151718997863918,0.4579184138062725,67.54625212791689,0.001986090638386162,0.0,0.0,0.13841090004594436,-0.20924394674551747,18.740732606902746,5.274546848655163,0.3388502003613081
FaceForensics++/manipulated_sequences/Deepfakes/c40/videos/678_460.mp4,1,8.826195914195932,0.8228642336420023,0.7897678081748347,0.6796916274966758,0.13820962684013233,0.24141047404151478,0.17833984881880097,0.08008084998742558,1.7082916702264197,0.10000000000000002,170.99304531992775,1.9061806201934814,0.3442588443324995,0.018015939306510832,0.0259796859861941,6.362473777182471,3.0045064423491814,1.4399330821055842,0.5647635960393882,1.951031320309242,0.0009917765550937763,0.021812469983021568,0.9926193770036095,0.008261865201322332,0.8832260143778227,0.9251556537780294,3.583410285736818,0.010339480824768543,6.500910239992663e-05,0.4166332516861216,0.995036567955138,0.005117570981383324,0.0031600717920809984,0.004419810138642788,2.5805212041201506,5.623030261991786,0.015047375584640817,0.9166779390062627,1.8949329797240804,1.5655642370723923,0.8675824284829317,14.686822834836203,0.5754813743517748,0.0,0.0,0.7207404658927395,-0.20824865056024663,29.188314632624728,5.565359979973481,0.2671430964438611
FaceForensics++/manipulated_sequences/Deepfakes/c40/videos/704_723.mp4,1,23.639857524023913,3.2276681164489096,0.5951720369816822,10.505630008858633,0.6131352131103365,0.4925544133336152,0.15240893503853278,0.07166613668880019,2.9008252715109175,0.10000000000000002,436.6388248768897,6.308558839559555,0.8726381125258784,0.15530434748581273,0.24567545266502894,5.5724901628687,2.923920591194567,2.23715321216845,-0.2252406683071168,2.5421111150953855,0.04253851715071211,0.13463661623331594,0.9923773061168861,0.012100287436829102,0.8655061016123172,0.9829434259358492,2.947642671379513,0.018140902742743492,0.0005910202162340283,0.23989436975002923,0.9933948089570726,0.005832719150930643,0.00662563182413578,0.004700811579823494,5.9088206925183,6.825645452881127,0.020029878715189263,0.9937117317180987,2.878497988085284,2.1507154636040693,0.5684349351478908,59.982772788712,0.7086345386689442,0.0,0.0,0.018647719952707146,-0.02078548969848248,11.640126837089456,24.109576180963565,0.7797076659380727
FaceForensics++/manipulated_sequences/Deepfakes/c40/videos/697_581.mp4,1,5.01413476379998,0.834234423704291,0.78413540139863,0.7030246564496927,2.916761381930513,0.2181177290118554,0.06618636571451998,0.10642520888666515,0.5567234242868585,0.10000000000000002,195.19635507919594,2.419724014401436,0.37108491522299913,0.04743582732377065,0.07546481290364271,6.298403354112555,4.0126938561222065,3.8045823234585807,-0.12667491485314458,7.76388351013179,0.0028853170225249533,0.028045170118501106,0.9839186077402317,0.013432906445051173,0.877605196803843,0.9779414197123207,3.4748216974539314,0.008696947246789932,5.024987694923766e-05,0.4269083764021532,0.9857960039538368,0.007730384822934866,0.00663743494078517,0.007376330904662609,1.2374849216490686,2.677267322308588,0.009934046780920552,0.8681215109491693,0.7992559834866221,0.7717381443838831,0.6141114177628539,11.974676916317291,0.15170713894140186,18.0,222.22222222222226,0.6624466345172647,-0.22388966012985478,22.58219156824081,4.901658347850136,0.462694982966711
FaceForensics++/manipulated_sequences/Deepfakes/c40/videos/700_813.mp4,1,2.7813681427333967,0.6851085488445952,0.7992357592444523,0.472682247122998,0.048252466315192706,0.16794185488277097,0.10961074110570079,0.08829159384916566,1.2537785743388274,0.10000000000000002,161.02588220754353,0.6653963670134544,0.3278118418125761,0.12809311982429245,0.11232951037729974,6.022407783733023,3.6890794135398894,1.4742785283636193,0.11029304350153915,2.2432841909318366,0.0030867956276653635,0.004209225997827657,0.9798696874930738,0.01688918977154304,0.8821589911884081,0.9024962289461138,3.832551298686541,0.00893105287104845,8.86706548044458e-05,0.26674554215654894,0.9879361368043886,0.005441848188638687,0.005156438797712326,0.005815647076815367,2.039275507939537,2.756162080152967,0.017877930057252252,0.9299954642439668,1.3227979985367893,0.7689659675382968,0.480614579422023,21.729465630957773,0.11195365608463431,24.0,358.3333333333333,0.5352841787301131,-0.18232045343715253,21.8915354375324,3.981605384892204,0.46078480465903165
FaceForensics++/manipulated_sequences/Deepfakes/c40/videos/705_707.mp4,1,7.418364973577679,3.06742822127488,0.6617211480307261,9.493423723860674,0.15686389309455784,0.2551702008848601,0.23948513572071004,0.05980626699393177,4.002367988614272,0.10000000000000002,632.6855400690947,2.6140760660171507,0.724343074952092,0.38628417835712353,0.252709979059553,4.71329060009314,3.7073523570735154,2.1874691867273053,-0.3557762778417607,9.688214543182365,0.027286922910641633,0.050621515889761,0.9927511002509517,0.008958445811757284,0.9051478111398388,0.9716668518629167,2.758224217060363,0.006509064696729183,2.509389196347911e-05,0.41979960234815955,0.985423278925001,0.0033794029150158167,0.0033745253458619118,0.002938874764367938,1.6146643512986585,1.3233696588775645,0.005032130154637238,0.9905980343534949,0.8820514997909699,0.7281024059493203,0.6072589510835491,103.6373370328557,0.7679961127831275,18.0,166.66666666666666,0.6786696485021694,-0.07584291345264291,13.430398610719893,13.802613610161306,0.8400884798553119
FaceForensics++/manipulated_sequences/Deepfakes/c40/videos/683_607.mp4,1,6.283184250925203,0.7178186399593773,0.8044183511994023,0.5210273372603497,0.3241783024935614,0.2104203699987482,0.11555432662541235,0.09662457097143763,0.7452478501535067,0.10000000000000002,266.52184572676606,0.8291380330920219,0.2621007949347035,0.029256662228671296,0.027701105339310878,6.2679375835418965,3.5319529686197675,0.8226718138038751,-0.020528413521655582,4.800745134377236,0.0010126642326191168,0.045977291099819254,0.9841066940384119,0.012328904660608781,0.9220698301443623,0.9382870478936962,3.3022219255113674,0.007889937609434128,4.646391607820988e-05,0.38721004704184614,0.9873153919859083,0.004742312245070934,0.0047680591233074665,0.004292401019483805,3.2795948869751657,2.5901656117721505,0.006806086995983649,0.954798703807677,1.4228842234531773,0.9563784131056655,0.6396022147345981,51.724723222399,0.5690598772185439,24.0,266.6666666666667,0.8463764892571344,-0.18148135188873596,34.31504789335432,6.02755556123183,0.322171391243824
FaceForensics++/manipulated_sequences/Deepfakes/c40/videos/684_717.mp4,1,10.733645420892469,1.4353218948484785,0.737754603231894,2.0789052742178695,0.20827642975837296,0.2557226387517574,0.14632248044834967,0.0708013619318501,1.7941082212246244,0.10000000000000002,461.4507877315535,6.760844802856445,0.7002177434434708,0.039000331947598874,0.08160420693566445,6.1532373154145885,4.775158863492854,2.436592245448045,0.21350945324225096,8.12772229693829,0.005131160263049555,0.2655500480664751,0.9879796182607814,0.00929254215373036,0.9280713997562732,0.973533886498216,3.7427409281265156,0.008755216374993324,6.570998812094331e-05,0.14544805316112705,0.9889191214328914,0.004636379890143871,0.004612996708601713,0.006211318075656891,3.095458024748484,2.2790855071932525,0.005664068648325393,0.9833381856938472,2.8077674278846154,0.9526997331657073,0.4811571543259284,21.591719634958782,6.77575107133066e-12,18.0,111.11111111111113,0.9033995139805313,-0.18893310978998534,13.941685278635983,7.534555624845935,0.6419209503418422
FaceForensics++/manipulated_sequences/Deepfakes/c40/videos/702_612.mp4,1,9.320717281879661,1.3830878124761325,0.7378748449561819,1.9402015650733577,0.17064180080236985,0.28115302079079135,0.13513271249108838,0.07067740339936074,2.252648987986224,0.10000000000000002,265.24376171937615,8.61649597287178,0.6572418968774879,0.023062801034884384,0.08642515666022597,6.553327591418645,3.878482781409879,3.2663441893601703,0.48854975555903923,9.443535293791937,0.017764424220849437,0.08683867064289764,0.9661083009859722,0.03269587568068146,0.7966129259921501,0.9486193334573849,4.080401261716735,0.03415940701961517,0.0009390133782289922,0.5189248203478379,0.9981786904676734,0.012640833854675293,0.00835477001965046,0.00649382546544075,3.765878862128238,2.953653212297871,0.019445659064080065,0.8665345476327695,4.442843331939799,1.9152161291054288,0.8670214150964219,22.19845525229806,0.3405782643774472,30.0,240.0,0.39975205947387243,-0.16655920523699858,17.42459796740282,16.240164690625175,0.5094208200659825
FaceForensics++/manipulated_sequences/Deepfakes/c40/videos/707_705.mp4,1,8.65203589858263,2.3076594803475663,0.6933041547987353,5.40124784637294,0.18358289775448505,0.26824097285073895,0.15045673565833254,0.06375822476651484,3.939171607790061,0.10000000000000002,468.85158722945425,8.514070200920106,0.8920743733477231,0.03902044626691978,0.1593870687459999,6.163829668909059,3.962478883555336,1.080948562909385,0.15021916202524999,2.691118261687233,0.04025843357793681,0.3036267113112199,0.9755157418470906,0.02176846676568249,0.8405372050096247,0.9893307407774753,3.6288282926449154,0.018479378893971443,0.00031500126351602376,0.10949212653287048,0.9964437731757374,0.0046977936290204525,0.0047648134641349316,0.003079767571762204,3.044441079998129,1.544893754426838,0.013829668751456572,0.9854554725251001,2.4205326348244145,0.6771173474229388,0.9690957776662,32.025019374183245,0.6635297353914162,18.0,133.33333333333334,0.16549398782778416,-0.1430900297966313,15.307844228305902,21.798652813647532,0.7654559470028528
FaceForensics++/manipulated_sequences/Deepfakes/c40/videos/703_604.mp4,1,7.564897599878232,1.2967151721846588,0.7354448743730618,1.696200696728977,0.0649680620645458,0.258805737668399,0.09027480180457068,0.0705207194785248,2.538725922361935,0.10000000000000002,259.99966754407416,3.3621726840734483,0.7577774934079575,0.1741109236594923,0.21493462109783343,5.574220286011227,3.4904933733870065,2.4049580050377592,-0.5312649733960615,10.43438064884598,0.021700584924091118,0.12736425386474012,0.994285108609127,0.009700998843648279,0.8871899891142041,0.9632847337991939,3.269273471855526,0.008387867361307144,9.023400343721732e-05,0.6254912176324402,0.9936560620676271,0.007472736295312643,0.004294823855161667,0.006130441091954708,3.046759559959634,5.816692313177235,0.029485805089636344,0.9886507500485391,1.5176173181438126,1.5177969225359709,0.4234409163762046,30.16724782668728,1.7505031128332387e-11,42.0,209.52380952380955,0.5082691455760616,-0.2153585434544752,13.700654190953868,7.301074887452932,0.7342977273452469
FaceForensics++/manipulated_sequences/Deepfakes/c40/videos/710_788.mp4,1,4.7376114337787545,1.8327530827759493,0.721540255511949,3.3891098529516213,0.05151425651413446,0.18101987704368888,0.20510668087935652,0.052256796308290956,5.566567166695853,0.10000000000000002,713.8491297731575,4.908184725046158,0.8431944203204997,0.10192286985944835,0.20004257173765363,5.742640324624774,3.388037133626985,0.5204125147452059,-0.36706980222725527,5.175511066388965,0.014399110753737872,0.046750298390215425,0.9928068727196683,0.006946604060286918,0.9394093462557799,0.9608758012021101,3.9411191067478737,0.011458290740847588,0.00017782431677915156,0.3377990598885472,0.9819850750635156,0.006540289614349604,0.006849159486591816,0.004733059089630842,4.394671333287841,4.423754739750931,0.013388190271133919,0.9860788735532574,0.960150371028428,1.032918174600174,0.2913104567097523,18.075207128912155,0.6498749443179367,40.0,230.0,-0.14919525515429702,-0.1290979963486031,13.080424476678166,13.912372111698103,0.7466959457213986
FaceForensics++/manipulated_sequences/Deepfakes/c40/videos/715_721.mp4,1,6.216890551155961,1.6573844634971064,0.6519648922079144,2.76777614208618,0.44103243596902936,0.23814891659182758,0.10646253575507236,0.07233529221319655,2.8659826021999932,0.10000000000000002,488.11507634669897,8.354829931259156,0.8649426081950216,0.07456408446657516,0.17115222469839184,6.2267407646213435,3.735991254797779,2.2594111247164683,0.15243712171882845,4.96512216186194,0.040014137558759155,1.3691636466898127,0.9637991026544119,0.03224575205163762,0.8304711398724368,0.9852599043831497,3.3687236978609905,0.01568039506673813,0.00022548288688994944,0.13707237355721055,0.9942470594020888,0.004713388159871101,0.004490857943892479,0.0036187891382724047,3.230620382029391,3.183886240858872,0.028654316958961763,0.9749986145915124,1.5253644962374582,0.8811936768191394,0.6299064302302322,39.685578585065535,0.5352104214953274,6.0,100.0,0.0806234724877035,-0.10733378913933184,18.853370311718503,24.849754123672415,0.7543124593222265
FaceForensics++/manipulated_sequences/Deepfakes/c40/videos/716_712.mp4,1,6.558007316517075,3.9182011356921214,0.5845688796106309,15.548582278218959,0.2739693449938805,0.21763131256184756,0.14812193589750194,0.05419762270207621,4.5549639377195,0.10000000000000002,813.3105567425797,9.671796417236328,0.8914028058970134,0.015655428878632412,0.09583182136968345,6.156798439971867,4.37067373875511,3.2125693218019182,-0.44594163342843407,9.633400720451089,0.01784561531893559,0.10248299775504366,0.9795477720219996,0.01747288918249514,0.8851933302230373,0.9726286669515697,3.8322233998618724,0.013817690312862396,0.00010670519259292632,0.5683269497167444,0.9939917099459987,0.00698825204744935,0.006093278992921114,0.006598205305635929,5.977763385275769,7.626265696161364,0.017724316309047264,0.984921641716126,1.830401468436455,1.0064888161961054,0.5077770005922466,14.374438287535027,0.274190202023089,0.0,0.0,0.3238038470145423,-0.13389244157189217,11.934575844882078,19.48278883075098,0.7852011167616267
FaceForensics++/manipulated_sequences/Deepfakes/c40/videos/695_422.mp4,1,4.154154795114217,0.873793457450556,0.7799692363982078,0.7710272078413449,1.0305568147428184,0.15987898251302574,0.28755655393216734,0.09935438580473221,0.7579645755127201,0.10000000000000002,318.11940216502774,2.6156610906124116,0.24373972996257193,0.016345426023156383,0.03548329450949179,6.49582764484564,3.1330854418033414,2.3427784588184344,-0.2798983660990756,7.654741157444987,0.0025648899113536747,0.1034244469898404,0.9695473595743234,0.04689676376053758,0.4064672449876542,0.9433210755499882,3.9081136716196414,0.015998566523194313,0.0004036084865219891,0.4296810203445261,0.9946452515845698,0.006353350821882486,0.005739834159612656,0.005774517543613911,2.10522918848899,4.675903654785324,0.009004797224025595,0.7212705718373966,1.9212871028428093,2.3410696355354745,0.34078887449830064,14.611769019915144,0.2677325972643014,12.0,166.66666666666666,0.9280880487010427,-0.23704953143605323,29.29802071319975,7.050821138629138,0.25142153916496374
FaceForensics++/manipulated_sequences/Deepfakes/c40/videos/714_842.mp4,1,11.016608278503984,1.842785726307138,0.7301825829039682,3.434760371314499,0.42335834971535,0.32392039094760516,0.18650603625934814,0.07881888940523042,1.864897334073858,0.10000000000000002,272.21848456519484,7.16750202178955,0.7831377395931454,0.038199015970768135,0.09961479849154418,5.973279799158527,4.731866626982186,2.6355116700992784,0.07623011913648012,8.838509220337775,0.0015254908969905322,0.04372930932022226,0.9806233908195782,0.015553012311750042,0.9036843453100654,0.9407838055773415,3.485537036545081,0.014325953088700771,0.00017237596330232918,0.15077333003869128,0.9871401135135195,0.006732195615768433,0.007328787352889776,0.006129012908786535,3.6230793784667084,3.5279673938684137,0.012994871040118074,0.8976763500890127,3.672482493729097,0.9939423156626681,0.4877274261049044,24.76047770803762,0.38330159615980897,0.0,0.0,0.27574831682065265,-0.1129305127633628,17.916694190602207,12.268692560096417,0.6239243068323056
FaceForensics++/manipulated_sequences/Deepfakes/c40/videos/719_737.mp4,1,7.259909927869353,5.129263965551078,0.5637786217160258,26.442267149747494,0.41853897999476286,0.24420915307221192,0.05039529446667619,0.049083738056251644,3.2252531030984057,0.10000000000000002,874.5183786386251,5.098344424366951,0.8831932452928877,0.13926817604801647,0.26278246889378215,5.432330177798646,3.448030731722776,1.5172851684911723,0.2959760415976829,17.713903025172456,0.021827021632002955,0.10057755200170924,0.9837019158629504,0.013644734536505625,0.9173305606411624,0.9856358234023502,3.606891153406882,0.00695009296759963,3.1384835892822593e-05,0.3867426852444329,0.9926985872522555,0.004633262287825346,0.0027663125656545162,0.005018699448555708,5.5813243553065846,1.1847816825838753,0.0211946041199987,0.9864537014414788,1.6105965196488294,0.8341680697225349,0.41348932518307446,21.854509394179075,0.5478066453386379,0.0,0.0,0.7304873856455611,-0.10845574932174169,11.296552550129933,36.26279271254357,0.8801984834483851
FaceForensics++/manipulated_sequences/Deepfakes/c40/videos/720_672.mp4,1,11.33629725429404,2.0975874844346833,0.6558271789892796,4.488867926178947,0.07050797322967464,0.3050591048078318,0.016566520086997324,0.06009125342277364,4.092036116257271,0.10000000000000002,453.9821453636782,6.426290130615234,0.6367309368125952,0.041707920277338176,0.1069500270589619,5.96190392593822,3.847453081864666,3.093770753913119,0.36958361665891715,21.449254086360774,0.009624522328148631,0.14356284840621614,0.9893169114972891,0.013665196133441946,0.8601365750393652,0.9572470998292126,3.257503049609407,0.008044174872338772,4.224912845529616e-05,0.554662113368947,0.9956704220697269,0.011065575294196606,0.006992200389504433,0.010399590246379375,6.727636464020227,9.497802930496805,0.05563511164077229,0.9574351092489307,1.6984381532190636,1.2462188458640753,0.5966313232007263,20.7044800470282,0.00013339047069345375,36.0,144.44444444444443,0.859742952618079,-0.19082050675538104,14.639267309524666,10.246409191797216,0.7237542377748103
FaceForensics++/manipulated_sequences/Deepfakes/c40/videos/721_715.mp4,1,4.749501998494604,2.10910308543821,0.6382098910961161,4.507710037520173,0.034214793596097005,0.20714276568017823,0.11353539851595587,0.050601563882926234,6.457827206443731,0.10000000000000002,611.4840736645294,8.018748700618744,0.8465105187916736,0.10443647193689377,0.19235461429087786,5.661342233321906,3.493698259192649,2.5928004724744595,0.14891934572855686,4.281939121080712,0.02370626275596899,0.06339028582669573,0.9714172884524321,0.02924766548101262,0.7874436786363812,0.9852292632208682,3.4608550568903533,0.008694402873516083,0.00010284900054102764,0.14342968694329242,0.9926284758040562,0.005461357533931732,0.004889266565442085,0.004554071929305792,5.260292523838992,2.6846067763091592,0.023421778529650224,0.9810293444492064,1.9618128135451505,0.9372007488393228,0.9110822338355925,19.444347925401278,0.3757705714940781,48.0,179.16666666666669,0.5057354454498688,-0.032104288252340935,11.45518927195903,17.312922091427325,0.8293673489662067
FaceForensics++/manipulated_sequences/Deepfakes/c40/videos/717_684.mp4,1,10.407712536931594,1.0830349310693717,0.7579010856350799,1.179573895974816,0.8634786082459162,0.2986455820742272,0.14870551239395788,0.09087523842863719,1.0103906027633989,0.10000000000000002,187.33475511276916,4.478872162103653,0.5562745093435356,0.059678576178949234,0.10353164924993835,6.008984019315912,3.0729643318649624,2.389227514263071,0.11156526017559525,1.5479627768759596,0.006138737277689829,0.14465618190743362,0.992635654339086,0.009891721206272276,0.9014438052012657,0.9559129114610868,3.110909397663086,0.006825546734035015,4.739863652503118e-05,0.4626523490791249,0.9895696529793359,0.006880203727632761,0.006133003160357475,0.005638910457491875,2.6871685332115476,5.6260184284924595,0.01945404210281381,0.8744423997097452,1.7168099393812708,1.4671848805268306,0.5618524490401651,66.60799101963096,0.5163562597032529,12.0,183.33333333333331,0.7876623521773048,-0.21377792560688164,20.910373441127437,8.106304008524262,0.5805657858561368
FaceForensics++/manipulated_sequences/Deepfakes/c40/videos/701_579.mp4,1,4.0792675035807076,1.0179461519864712,0.7558098767625971,1.043194307343185,0.022908054302826365,0.17647270510214552,0.17394132936938006,0.06386122277032658,2.432006635035105,0.10000000000000002,292.8544791794886,3.3986341774463655,0.5801359071931793,0.052230149731209846,0.1026983490384301,6.209373749674944,3.656656506509173,2.5971716321361176,-0.13023624727052674,32.46808213529243,0.00659515361081516,0.1567375706710907,0.9912553418193512,0.0077609708110977765,0.955788913467315,0.9558758851767704,3.616652546183754,0.010011863894760609,9.32658149395138e-05,0.18118249629321756,0.9926809626695653,0.0063459612429142,0.004562188405543566,0.0038686376065015793,1.0039292329902578,1.1725004675460209,0.005837642665529045,0.9866055786317287,1.3276546822742474,0.5871902064904116,0.32468481249542025,22.393299719887157,0.791711354734371,12.0,116.66666666666667,0.8685206742415993,-0.25374468172048187,18.24995094110054,7.8582664188168065,0.5902043110977817
FaceForensics++/manipulated_sequences/Deepfakes/c40/videos/723_704.mp4,1,6.323081789397697,2.1888487933880016,0.6832700571685176,4.8314216584563905,0.5001052346302994,0.21571281546600174,0.25445827170755714,0.07440439740623121,2.378087505583728,0.10000000000000002,816.973930013511,5.589023697376251,0.8218318874552641,0.1883340563743182,0.20689176506160836,5.505346352729489,2.9672291380332836,0.4887352028401695,0.6652283626311801,10.416801037218447,0.06627037177275232,0.1786205536313164,0.9858948596241364,0.020250703565678353,0.8061297248241655,0.9809338432129526,3.2589507859675453,0.0123484181240201,0.00015826789604034275,0.2425634387221729,0.9956725195656374,0.004869917407631874,0.004704438615590334,0.00351146818138659,2.5904686655448645,1.1972206884259968,0.01106638743875433,0.9918496381036621,2.7733623798076925,0.8715149835503202,0.5445087464851646,22.3509061555918,0.3801483385465613,30.0,273.3333333333333,0.5729082488953616,-0.06799160877840933,16.660952952784235,22.605830216029247,0.8435945243755891
FaceForensics++/manipulated_sequences/Deepfakes/c40/videos/706_479.mp4,1,9.199101150513462,1.0218190178224167,0.7637722797881835,1.049575307000452,0.2994444478113956,0.24240461566613267,0.16477540912535513,0.08057547239290266,1.4162167595924666,0.10000000000000002,219.3997678181664,4.685651695728302,0.34723234701210326,8.56315301212318e-05,0.02512097564436192,6.261137149969301,3.973098035298593,2.964175576180023,-0.2955825374000557,12.302287649961919,0.0020366140584472153,1.154823651009668,0.9825077684670487,0.018194750297118874,0.7408027623451441,0.9684164416095142,3.7605255449031048,0.011055510491132736,0.00019688830070663244,0.2758201109260928,0.9919928427105306,0.005747189279645681,0.003330676583573222,0.007238972932100296,3.8065608506905035,6.4260116922203965,0.01951327887328935,0.678230547135033,3.029035587374582,1.669256621798498,0.5930111481806126,10.707195412422005,0.04913084776906737,12.0,233.33333333333331,0.909679677467584,-0.2742152151555674,24.78078984742571,6.307857013897691,0.226537788385079
FaceForensics++/manipulated_sequences/Deepfakes/c40/videos/727_729.mp4,1,4.1957847373419,2.112510924312712,0.6292542563076277,4.4949900701806875,0.2849607736344339,0.17983512079210198,0.15782957690543764,0.07226067374692706,2.7159835631883356,0.10000000000000002,638.8994670105541,7.624641042947769,0.8470889763338644,0.11380691164246613,0.23184193642057457,5.953495201945515,3.79274961639506,3.281384807416935,0.01470641176779235,5.597481331698113,0.04183927530141009,0.16864943935054558,0.9856052510420302,0.011170752154991562,0.9198500389210101,0.9870464556648583,3.8991766764546196,0.012660847045481205,9.397034591529518e-05,0.4121627487994038,0.9937308738836945,0.005500112194567919,0.0046525862999260426,0.0030340824741870165,1.8057434192026807,1.9850467703231474,0.010271272037241866,0.9664221198461812,2.0153441158026757,1.0217750257772158,0.45450111685370076,27.054402992615945,0.648947108404532,40.0,220.0,-0.024447443079028686,-0.16282232405459646,13.57304846752585,15.424795425087524,0.688487739138726
FaceForensics++/manipulated_sequences/Deepfakes/c40/videos/728_673.mp4,1,8.55728603298146,3.1810458809335582,0.6240195416947228,10.452402695821748,2.065996294177018,0.24197690017873205,0.34407902928485345,0.0751523177583596,1.4762624453577555,0.10000000000000002,761.6733033925934,9.277840173244476,0.866195536014072,0.047303802961449,0.10899852722163939,5.979285374493215,3.8204371629215705,1.8414299766716238,-0.323912038213405,11.177823735958414,0.013952963593476787,0.12262847671624895,0.9931532187607625,0.006888243333837386,0.9376589064654621,0.9744305409214195,3.6533177718960754,0.01230708695948124,0.00011513348727021366,0.44655793818306916,0.9954511563029068,0.00596405565738678,0.006057697348296642,0.006275809835642576,7.368609528673429,6.163256694047226,0.019629922033057585,0.9770632235551726,3.242759066680602,1.7004028315002342,0.5488121811105371,14.482616647978023,0.43424356411537796,12.0,266.6666666666667,0.9017219461691451,-0.0937437067375932,13.782339489270454,21.533770644035624,0.768021736332182
FaceForensics++/manipulated_sequences/Deepfakes/c40/videos/708_772.mp4,1,8.6683144392899,1.7657884185269463,0.724915215521506,3.1413372165026665,0.8034614030781887,0.26640252015654015,0.011108432954199292,0.08133204714663701,1.3253251534289414,0.10000000000000002,337.43917441735266,8.076358807086944,0.6472603004863194,0.027903165424928777,0.06857711410848742,6.2943259553303355,4.2620481609101475,2.8583334870033674,0.37485534892170663,4.381367901069886,0.010463360956223237,0.020802718008131032,0.9866778562532714,0.009981003727054844,0.9422482239567295,0.9770105061487699,4.005045446003356,0.01590241678059101,0.0001742817839840427,0.449333907339839,0.9965521504662889,0.0054384381510317326,0.004214568994939327,0.006076714489609003,5.189380745536188,4.047494668853127,0.019328110144434703,0.9145163165786295,1.504464752299331,1.3742804339187857,0.5208134769737855,19.38111915380635,0.006151342209210066,0.0,0.0,0.7666842527862457,-0.23403246537554984,21.060161279422417,9.092835360798858,0.46488723030072354
FaceForensics++/manipulated_sequences/Deepfakes/c40/videos/709_390.mp4,1,12.576081667557066,1.6649087709215287,0.7353419816842355,2.798122503890337,0.6723928506192387,0.30918829001729853,0.02424423197586648,0.0789233100563567,1.9234289283150443,0.10000000000000002,315.09549506130827,7.148106122016907,0.5209620999265954,0.015348053040611629,0.04088649623348099,6.494147037624737,4.539614721863734,0.8823852681844777,-0.05602134780787209,6.800659661742291,0.0008189696921168848,0.006785929875731565,0.9789779100249687,0.0192623096509222,0.914455359057118,0.9770664058446026,3.8120495897210804,0.01938553713262081,0.00021831371122971177,0.5868022727794459,0.9951801175767544,0.007752167526632547,0.006075539626181126,0.006178895477205515,4.117528067306124,8.379347775397918,0.020893139558116856,0.934803081292538,2.6148587740384617,3.540128490630338,0.5435349428491385,14.621844093085858,0.33885189048217423,28.799999999999997,173.61111111111111,0.7835211654283316,-0.2542633290234695,17.548903651342258,6.582239001938891,0.4833770765470754
FaceForensics++/manipulated_sequences/Deepfakes/c40/videos/729_727.mp4,1,3.9217330293268886,1.9223646963003926,0.6253354916277465,3.750474641661879,0.17376873514105734,0.17899369955749309,0.13066897943599884,0.06573315053671372,2.630414399804701,0.10000000000000002,673.528259428939,5.793278750777245,0.8207351092092429,0.108885316242546,0.23568809049303105,5.924893016427567,3.847462802808133,2.824457293529863,-0.331275551391378,2.372039796582932,0.03262644160038419,0.22246271365444734,0.9853592195746158,0.018144654738089683,0.8585671734339325,0.978532387878166,3.634115443779981,0.011292489245533943,9.978111484088004e-05,0.505430115154783,0.9958281058664596,0.006770385894924402,0.004792187362909317,0.005333409644663334,3.6360692857471832,1.5186533478181796,0.013562096886501875,0.9806920733892519,1.8980880278010033,0.7912430332928597,0.7665593777822569,14.712534034985342,0.1464692270983089,0.0,0.0,0.12933934785187418,-0.169063062108319,11.134950741455727,30.878212603630583,0.8646169500341896
FaceForensics++/manipulated_sequences/Deepfakes/c40/videos/731_741.mp4,1,8.18442241439153,3.1433366038607398,0.6241433415743833,10.15376083362342,0.4286447728634494,0.2532970258138064,0.259619542538559,0.06860536545678855,3.281247230016033,0.10000000000000002,617.7987089062485,9.987022680044173,0.8440995122609041,0.09965267231419098,0.21638339975253867,6.115967282868428,4.096130606019448,1.8678672293081018,0.5943376044292137,6.91086539529487,0.022896712335256402,0.08842644469828592,0.9773781255360047,0.028955805109343737,0.799613089780328,0.9912361434139556,2.928841930499159,0.015245730057358742,0.00016312728985212743,0.6801841237254681,0.9984052576459522,0.004354635253548622,0.0034028536174446344,0.003498329780995846,6.553206464629522,2.754059308175091,0.043059285053190316,0.9810831971246746,1.9027781406772575,0.9819827796784959,0.5253914992193849,39.82369182938262,0.2543512859947814,0.0,0.0,-0.10415594637810495,-0.08388945406339314,15.083649431440833,21.557898982554534,0.7745698796259374
FaceForensics++/manipulated_sequences/Deepfakes/c40/videos/711_681.mp4,1,5.01793788093913,0.946334689079679,0.7753813374387528,0.9031752761615631,0.16059302686535662,0.2088744169875197,0.08716500907489369,0.0817324278213342,1.715154218101604,0.10000000000000002,216.21603257426463,3.5789114236831665,0.6576652740151031,0.07533439019180532,0.12315371589751901,5.999519697825528,3.159491696781362,2.0103130821966917,0.1583917251726983,4.610625364029847,0.008162425125616253,0.029282299093238557,0.987032588282092,0.013084249218496961,0.9185385379515599,0.9340128794643416,3.840722199856703,0.01402182225137949,0.00017974393267650157,0.27478835401097695,0.9907268768338257,0.006226325873285532,0.005422675516456366,0.004579487722367048,2.3286876604086366,2.9686295385822787,0.007752857874006745,0.8841303021561197,0.8386691902920962,1.275794767247823,0.40491406978138633,39.43801228747129,0.6288399211115999,25.684931506849317,232.0,0.526088530212047,-0.1692744841172012,23.767241213861723,6.222510525725334,0.6721205884252123
FaceForensics++/manipulated_sequences/Deepfakes/c40/videos/725_724.mp4,1,21.42307971722029,0.7648739244256644,0.7870173137572285,0.5867794576074965,0.9986907288608237,0.4494135904993565,0.02929177869194276,0.10139974833547694,1.0004831067163,0.10000000000000002,119.43252400803995,1.3073087990283967,0.44377186166291327,0.0922700436362867,0.06304909553246893,6.283672688940857,3.173662091942013,1.0725416197138076,-0.04788400301578031,5.815122293978472,0.0055841833545754735,0.10392062617284166,0.9909008387710323,0.009635001005199765,0.9264383440613732,0.7350985774148842,3.30983408865423,0.006446168292313814,6.422271690098569e-05,0.2922232417597524,0.9602634011357146,0.0036228736862540245,0.003204554785043001,0.0034040033351629972,1.3158159230683397,4.552208069601206,0.008158284984196499,0.9426932338559345,9.860038017349499,1.590288521263594,0.8924442284790314,144.89693258013696,0.7992280137201562,0.0,0.0,0.7126279011387291,-0.20225784090094584,26.96988760054586,4.564530040038472,0.42298966454208686
FaceForensics++/manipulated_sequences/Deepfakes/c40/videos/713_726.mp4,1,6.471987087895435,0.8828532141466537,0.775824153162112,0.791658701605835,0.0847071177301955,0.1882770725307044,0.16213087203375542,0.07708921643344237,1.8308939500888024,0.10000000000000002,324.1687698361819,3.6961879432201385,0.2545967836514512,0.013729499482047339,0.025644781074616114,6.340786704593436,4.134961554527703,2.4525874370276752,-0.0973877143397453,4.710668286734661,0.0008435111629504349,0.24784770900354508,0.9894780801095645,0.008151486181364345,0.9531782030479867,0.9359351120667578,3.8003473501233054,0.01315638329833746,0.00010724106687121093,0.30657998955198734,0.9900380623590985,0.011444751173257828,0.007545318454504013,0.00742895994335413,4.106013303158717,8.270017461926892,0.013323834129040264,0.6655227196787558,1.5908986987876255,1.8659736304690793,0.542737201049027,11.618447360161198,0.20255426205948665,18.0,133.33333333333334,0.8333261741203573,-0.2887269733314266,24.87142322714245,5.517020394834042,0.16470054308665383
FaceForensics++/manipulated_sequences/Deepfakes/c40/videos/732_691.mp4,1,3.96277787712368,2.788632162951467,0.608557227980372,7.8585772319879865,0.0868899436487028,0.15140473578156555,0.1487809148179208,0.054866345687706944,5.744857258741792,0.10000000000000002,1412.5462283723868,7.524287152290344,0.8310512943483218,0.13261126380893562,0.2237709011468857,5.676613526515923,3.8416370974939023,1.6863624541781521,-0.49454728876821097,5.729400006340842,0.024872000293559314,0.08283146322673625,0.9800903648621565,0.01649728375895399,0.8947662612734127,0.9584071878753234,3.3035088817933174,0.007992527447640896,4.7572906623827294e-05,0.40737871655279145,0.9898939293544571,0.004799948539584875,0.0038090799935162067,0.0059897094033658504,5.22674340703585,3.6540207087129115,0.010451828014906725,0.9269268034242875,6.413030413879599,0.8254248202977176,0.35809975899194757,22.846918688254195,0.5963312679630781,40.0,195.0,0.5565896489919087,-0.1395749675408271,12.602588519588751,32.277045891957215,0.7690820811362333
FaceForensics++/manipulated_sequences/Deepfakes/c40/videos/735_774.mp4,1,17.956283594663887,2.45115802221221,0.6556109788474873,6.09039811135832,0.08625524424208916,0.48607438959503446,0.019220671933585256,0.06341166031014753,2.874238120619681,0.10000000000000002,380.2334316147779,7.31549197435379,0.7934370925961611,0.11133753801247243,0.20354218267118443,6.299534072236681,3.4195905291657165,2.1556443026434824,-0.7015388809855161,32.72041046552374,0.015647538562835586,0.4253018433018234,0.9553648956815742,0.04407364408172459,0.7254288920930362,0.9792634110605198,3.680478377056368,0.017406225204467773,0.00026019965298473835,0.33114579376350917,0.9931785931304765,0.005121252965182066,0.004630491137504578,0.005144855007529259,4.566108539303344,2.6130322235684873,0.027611203650766247,0.9406197038585722,3.1424932065217392,1.7024414299661428,0.8567714649069124,55.0302657490027,0.6957687698767491,24.0,108.33333333333334,0.006201948760843948,-0.05863866495512819,16.55219783003288,15.222535509675401,0.7168783935924817
FaceForensics++/manipulated_sequences/Deepfakes/c40/videos/734_699.mp4,1,9.788009029687347,3.599359180118328,0.6167642239081679,13.165238576428354,0.2029128077682741,0.3090648088017359,0.21239426991970883,0.061172232814338076,3.937774158454077,0.10000000000000002,558.8094143825546,9.629550653696061,0.8539334292006557,0.020084987381150502,0.12684702771287207,6.079004694773416,3.5856818936463015,1.497361380136709,0.5251789544339769,4.51009410482786,0.047189226832097905,0.816930306794028,0.9666233709588867,0.030851809645056932,0.7697032478482578,0.9727279880059136,3.460544759600078,0.02059382013976574,0.00035363834467716515,0.16721232378330916,0.9942668237383803,0.00601823627948761,0.005199743900448084,0.005702994763851166,7.550047650345644,4.037010078062084,0.027367657456857552,0.9569469507306189,3.3037305340719065,1.4028844676943804,0.43139115038524,48.26949365777027,0.30701761784067355,25.0,168.0,0.4490799939148155,-0.067874168101123,13.207939688441098,32.22565045963058,0.7556816944585766
FaceForensics++/manipulated_sequences/Deepfakes/c40/videos/736_785.mp4,1,8.043069552089207,3.568995983760586,0.5977658401904336,12.839458620420988,0.5538636094081683,0.25245818229596845,0.014422427054273313,0.06381133081584522,2.98342036144336,0.10000000000000002,396.42795326374306,6.878427511453628,0.8089947871939082,0.12446323715615834,0.1941512226425447,5.751862660313875,3.667500574798563,2.4381274838567286,0.3796219617510622,5.241045417756803,0.029308295631956766,0.369306854376628,0.9887663063961576,0.00947506148880187,0.9300509126775082,0.9800151326491771,3.588196417859064,0.008755885995924473,6.423356535378844e-05,0.27096266900957466,0.9874386166520335,0.0042804027907550335,0.003149951109662652,0.0037522821221500635,2.949382705814006,5.657058226496281,0.02839837427867584,0.9857093797596693,2.3138521634615383,1.4245559093443603,0.36291574128305804,138.92574291280962,0.4957750674618719,0.0,0.0,0.47901147710075787,-0.058893382518063746,12.572885205214824,17.002910872179566,0.8272585875174153
FaceForensics++/manipulated_sequences/Deepfakes/c40/videos/737_719.mp4,1,5.847012963653984,4.731803921244935,0.5990135209488433,23.018078806599366,1.3585632763428575,0.20974326151287337,0.26675538622945555,0.06721398104146233,2.677226311078631,0.10000000000000002,992.3584159641978,6.9677724003791806,0.907375130996255,0.16844274768263287,0.2520341128105577,5.472710969952389,3.162541493511778,1.3996951610822947,-0.17485080570218786,4.090429379953187,0.08025510124598338,0.7592086322999068,0.9823805373114051,0.011841736978066245,0.926166678632636,0.9757702252780142,3.4807112701824314,0.010122489184141159,7.509208080591634e-05,0.40406415974417,0.9911651992314198,0.004524479154497385,0.00380204850807786,0.004911760333925486,4.223331435466037,1.5937798011607123,0.009501470359068571,0.9775704682659949,1.5947886183110367,0.750030615230996,0.684363830323983,71.64229346428525,0.6946645057681317,10.0,180.0,0.34970769879053987,-0.08266285535335303,12.601150351461046,20.457239621341802,0.7700962023341094
FaceForensics++/manipulated_sequences/Deepfakes/c40/videos/730_815.mp4,1,9.10410152130824,2.2607973260606955,0.6984544806889611,5.18608357367995,0.1496258749471648,0.26016145057019463,0.17373374323464716,0.055802055447734936,2.7581986296794394,0.10000000000000002,543.3944338674557,12.607506060600281,0.7673723618466076,0.003923929121135539,0.04131226216626184,6.5398485128616155,3.2247423621532216,1.7608042913455453,0.17847398889176272,7.853642111735671,0.02091257831894021,0.2910142310258284,0.9591728008035507,0.029929409024937136,0.8480015858856942,0.9536177071506744,3.8635172895763144,0.02355308271944523,0.0002973298542201519,0.31948909514296503,0.996124765940107,0.006378231104463339,0.004827587865293026,0.005670982412993908,3.9129993487039734,5.214482350782282,0.022718425877372054,0.9330833270807887,1.9913383152173914,1.8684441745340872,0.6549515549917619,35.169920500141345,0.20401587286026002,30.0,226.66666666666666,0.3058887738859893,-0.22194014886260013,17.27009248345834,12.93634820167819,0.5356503082563697
FaceForensics++/manipulated_sequences/Deepfakes/c40/videos/718_972.mp4,1,14.008881345076503,1.4380210765375439,0.741320473934872,2.0834552093687932,1.492771281532885,0.3141224923500716,0.037424077676165846,0.09011154253116026,1.1594401177190234,0.10000000000000002,272.73673593800606,7.2090232372283936,0.5774933233671156,0.010296441688141415,0.043451094038127226,6.465951391473634,3.4593190737560167,2.055150439029225,0.19881941896180932,3.7690591242377587,0.005498807266325396,0.14556701667303676,0.9880423543612218,0.013998965688485918,0.8105350664171244,0.9857689646936764,3.0499469737456453,0.01110926829278469,8.325525413965806e-05,0.3459912617076767,0.9925359054421954,0.004343945067375898,0.0024603414349257946,0.005082643125206232,1.9903159146732592,2.9457647586429543,0.010934959035013866,0.9766471669160187,1.9665029264214047,1.1313414129715855,0.6669937306584615,13.324864891208678,0.182123833556548,0.0,0.0,0.4181120913524796,-0.2803801398877963,24.99485897825494,8.957846225536253,0.3874437054280174
FaceForensics++/manipulated_sequences/Deepfakes/c40/videos/741_731.mp4,1,6.187977992565709,2.5619294941835538,0.6263108651727681,6.651866633217482,0.24798564274249363,0.20690775240980924,0.1788579711623338,0.06215270460103398,4.166064325319137,0.10000000000000002,783.733707202903,4.370926314592362,0.8133306043466775,0.22332501443371652,0.26224843104085166,5.554226281222721,2.7239240334049195,1.3922181111078562,0.08155046695147494,1.9502568972565693,0.0668113581901783,0.36981243278073445,0.9889788096673856,0.00943529241850495,0.9231677443780786,0.9917064326145726,3.437829310352256,0.007095451466739178,3.28268033626955e-05,0.44598494814387646,0.9899296582915329,0.005274780560284853,0.0045363265089690685,0.005575386341661215,4.864581989499332,1.6929967784073459,0.017675166121009268,0.9878102427968535,1.8294738973662208,1.7089556612622123,0.6724172456777979,27.039591997368884,0.30928908794342314,15.0,200.0,0.31538877743096533,-0.11178216822042654,11.299223538350683,19.301561537571903,0.8338020397809094
FaceForensics++/manipulated_sequences/Deepfakes/c40/videos/742_775.mp4,1,7.465774584421739,2.0445137628700465,0.6164906321325311,4.219014489994149,0.09652579696516522,0.28745849371459087,0.09213169367381731,0.060689280457424666,3.8562170246906957,0.10000000000000002,306.27060660202034,4.354264289140701,0.8256449379986288,0.11672728564407372,0.20602782876640627,5.687271513308239,3.864151131567909,2.897370712463049,-0.11323259031723593,6.016827057105776,0.03815975613456278,0.2565445519363917,0.988954616059366,0.010874711678625337,0.8981970881144956,0.9676617997385744,3.5460562118693875,0.01245366595685482,0.00014228644431568682,0.2837936110442417,0.9924446735603527,0.00627509318292141,0.005066693294793367,0.0057999007403850555,1.8258352943654437,1.9658252829447855,0.016144067833905984,0.9777403100480924,1.6556131114130435,1.1362092284414065,0.7807956282908199,62.45074972808933,0.6328539374274261,0.0,0.0,0.38645463309769307,-0.11125286137103743,14.64198981471654,18.422898240494412,0.7315472052613164
FaceForensics++/manipulated_sequences/Deepfakes/c40/videos/733_935.mp4,1,9.178155014759508,0.8154981000623011,0.7890960302324994,0.6698144041572012,0.14952387202407058,0.27048980841150316,0.030124123280001025,0.09460984412039938,1.0098114616887597,0.10000000000000002,151.04600857075974,1.9680127561092378,0.43452904659488273,0.03727244436125212,0.04504389469251005,6.2402475014936565,2.7763177124982947,1.625773174705577,-0.1742715778183236,2.798785066173635,0.002436318346455219,0.002874308394692106,0.9924452241544383,0.0067862620657741625,0.947782142263604,0.9559202944461058,2.71488416960492,0.006124843377619982,2.3240765585796908e-05,0.5320787101038724,0.9818773771775761,0.0046310643665492535,0.00414867140352726,0.00484867487102747,1.3228435489796595,3.4394444016147783,0.015292876880526825,0.9218710128648117,1.104884118938127,1.2863577492298426,0.5937467492685116,61.55818794773496,0.7948036796683879,0.0,0.0,0.869694058310682,-0.2161338828005613,29.76980141494472,6.149532214177146,0.3675709296426197
FaceForensics++/manipulated_sequences/Deepfakes/c40/videos/744_674.mp4,1,9.705674646330182,5.332538392291205,0.6626665342986873,29.04833454809863,0.07611055864313339,0.3063971058244698,0.08103335307057274,0.03554917260273998,10.90098308415746,0.10000000000000002,775.0509496621099,5.447357115291414,0.8137713271809174,0.29184395399890495,0.26058222955246424,5.560584965227393,5.480494222516494,3.987117555589321,-0.5830130835121329,7.088419751866513,0.02261307712570614,0.19725469226849243,0.9493620270215657,0.04383621884803642,0.7845013325221996,0.9869475352435872,3.8675059466957844,0.0140298530459404,0.00014439162623602897,0.19139706464207906,0.9936634066987872,0.005899917334318161,0.005719686858355999,0.006212854757905006,6.3419798990807426,5.063127196106077,0.028005773223261338,0.98002727831545,2.579974802687713,1.5469317383534191,0.8037607446670728,29.581276513968778,0.4949850818492965,30.61224489795918,233.33333333333334,0.35525362078625444,0.023122458040392098,11.421717434167592,28.008169453747044,0.8361222731787509
FaceForensics++/manipulated_sequences/Deepfakes/c40/videos/739_865.mp4,1,4.175256581100953,1.2604506245647078,0.7599985283135648,1.6079692254083517,0.1478036036580042,0.15586938658931832,0.18806630434779692,0.07004446402469337,2.1900274824450463,0.10000000000000002,681.3879800304181,3.959901601076126,0.7519591984619902,0.07282219396415016,0.1007759484582616,5.722697401817103,4.209294530597544,1.8898238965585574,-0.03058652290310213,8.847746233032543,0.01252344036585852,0.059483652807733156,0.9942562581094233,0.006085099009745423,0.960528656095007,0.881067716928338,3.5670385212759332,0.010105608031153679,0.00011581044236663729,0.28830578614045843,0.9860530756220429,0.007315996568650007,0.005515596363693476,0.005483519751578569,5.685742155540861,6.415021504676855,0.013975826725441719,0.8695685193924328,2.0073911737040135,1.9952418508673935,0.475403338734124,9.624444107290772,0.08842798524880671,40.0,220.0,0.3516933418107413,-0.16641523214828952,19.505738052274268,7.8067209578123435,0.7817539327171894
FaceForensics++/manipulated_sequences/Deepfakes/c40/videos/738_804.mp4,1,8.929495918560082,1.3559364774252547,0.7460407158954899,1.8655009536719251,0.020708571940427533,0.24309693689638473,0.16770971306802432,0.06969654971173724,3.8797091406599646,0.10000000000000002,253.96591138120385,5.2011439204216,0.698265138612024,0.1129006355950797,0.1397237208883129,6.15707911436062,3.2991735416685115,0.6661285563521179,0.20649406797422015,3.6501816817721013,0.011105818772425845,0.31004506426756,0.9899968727335628,0.0095262129863873,0.8976005635172958,0.9564806218413986,3.7795896584367545,0.011814801953732967,0.00012202589277876541,0.3375810653892436,0.9910757770249866,0.005881410092115402,0.004481170326471329,0.004100463818758726,4.341684597913329,6.3962220289384195,0.02249564501531156,0.9646402287430534,2.207439511914716,1.1904196735512218,0.535167451160832,28.49825550779803,0.06228126532776419,0.0,0.0,0.8779968404317566,-0.18171482712668702,17.466863471905825,8.654007275119655,0.7275157984730528
FaceForensics++/manipulated_sequences/Deepfakes/c40/videos/745_777.mp4,1,17.914613356360043,1.2749810144188631,0.7522806934452428,1.6592010103629717,0.03518299074972651,0.4927046393718483,0.03367353192938496,0.06874564493772325,2.407142590488119,0.10000000000000002,177.49810669406148,3.8340843468904495,0.7555699391936231,0.14362834976743558,0.16474364571838385,5.518300815934648,5.07904023930234,1.687232890520078,-0.08498818852575629,7.544772076683878,0.015751588938563023,0.02675526570415493,0.9927000511856803,0.007990925958820864,0.92671201804964,0.9322043511187086,3.9386752944199617,0.008409149944782257,6.439626304199919e-05,0.25092787468627964,0.9857770445447412,0.007599534001201391,0.00962862279266119,0.004831099417060614,5.138682954045331,2.033994981281062,0.0221207924671058,0.9180270834723652,1.3125032660953178,0.9831296355971766,0.4470058579500824,68.94065404886706,0.6443409996840777,0.0,0.0,0.15997274242552423,-0.13619327798863806,17.17378172762323,11.071910253823923,0.7827984477012729
FaceForensics++/manipulated_sequences/Deepfakes/c40/videos/724_725.mp4,1,17.732512338297585,0.7962995248379943,0.7818675103851799,0.6358931397142369,0.14118570133964042,0.373575836327963,0.2687787258866797,0.08210589990338837,1.379646450860022,0.10000000000000002,100.74094623081403,2.6039868354797364,0.4202351017590805,0.0288402760375435,0.04060884011531722,6.45174102012663,4.405529305193946,2.4280224671311825,0.1261021059236001,11.703748242275246,0.0029245565329318463,0.007023434723517602,0.9925769296409815,0.007807103553557617,0.9149143747017897,0.9155606133218785,3.520493912808491,0.011049267835915089,0.00012146250082878396,0.4473770375142467,0.9925494571337014,0.004739478696137667,0.004788174759596586,0.00403881398960948,2.9356432631414364,4.798466400287496,0.019370309853963465,0.9841301280208689,6.05623889527592,1.6917667930806466,0.8874452011890794,32.80669307804667,0.17468362199891616,6.0,133.33333333333334,0.9013544370221533,-0.2558024023917806,34.75432769324996,4.7067073214219795,0.35658384196890475
FaceForensics++/manipulated_sequences/Deepfakes/c40/videos/743_750.mp4,1,10.947205427649875,1.140378040912127,0.7548752278954527,1.309856354766085,0.1887691443268849,0.28877434678295716,0.08944724861046878,0.08651727980907478,1.4344443852490794,0.10000000000000002,186.9165221654714,4.6969859957695,0.5076620365898491,0.035328013605351365,0.06597434850235012,6.266355275234502,4.069557747171142,2.2414396811180763,-0.12543785928622841,5.414621094204087,0.0036125987661166656,0.3152424301468264,0.9925542172328276,0.008708553272935165,0.936970928290618,0.9797627451292584,3.118495014643873,0.008533108979463577,4.408264430821873e-05,0.5559079199166868,0.9930102658462546,0.012990658171474934,0.00942189246416092,0.009054398164153099,2.945592357952361,3.8761821877144538,0.012009319739664119,0.9450241839285379,1.2041799487876255,1.469399933157601,0.38724013928054124,7.626631547735461,0.5491441875305534,12.0,100.0,0.4870094439311196,-0.24963604087634514,18.98933609129441,5.914873501606595,0.4903235358953771
FaceForensics++/manipulated_sequences/Deepfakes/c40/videos/726_713.mp4,1,13.390560392751922,1.090563411683381,0.7572687937059859,1.2002895491538799,0.044283328668962195,0.2931502437768147,0.20354769217236485,0.07584178194423111,2.6345477579450782,0.10000000000000002,249.8092316151076,2.993286967277527,0.4092450553715497,0.10391770619775685,0.13222735250310674,6.167922209835616,3.700878606838056,2.153237594997589,0.3616823568452542,6.165275414165932,0.002918503483759554,0.032177534959857035,0.991358802207015,0.007385109785373857,0.9424328565970882,0.9524601361310959,3.7434585302432755,0.00748674338683486,4.786990029970184e-05,0.4187492100740614,0.9855578311204747,0.005696805194020271,0.00438159704208374,0.00821372028440237,4.865101804671553,4.113294369084293,0.013243387127730885,0.6827230093371036,3.5094586120401337,1.7080929217651706,0.5035925610081253,16.095135234163603,0.08992036986568032,0.0,0.0,0.8816368235564275,-0.21277395222558484,17.594267375177616,5.855368650510334,0.4310988877656079
FaceForensics++/manipulated_sequences/Deepfakes/c40/videos/749_659.mp4,1,8.425278710876563,1.8502817255341832,0.7244263638627306,3.450394674048166,0.23516925962938434,0.2846101687516275,0.04532398228991661,0.06786424322319978,3.2349405485251346,0.10000000000000002,325.32426036592267,10.27493109703064,0.8220046136359151,0.006570844416330774,0.053339975295104806,6.2352701747756365,4.5987040647152035,2.933715212240223,0.05430005223276369,3.9246256369328587,0.011032152110741305,0.11569812323222087,0.9890195783303727,0.009621248827485208,0.9356168620167129,0.978238044753148,3.6065453656193855,0.012821678072214127,0.00013686931924894452,0.33343960094223646,0.9936095795811836,0.00679321214556694,0.009042153134942055,0.0066843051463365555,3.538231507887438,5.066390749034614,0.013109767209094809,0.9237209355619611,2.4012757368311037,1.023360510859802,0.6489406626624659,29.71408557015996,0.4594110764626768,6.0,100.0,0.29322461811558176,-0.14523685594495167,16.328686860496838,16.87558668442388,0.6354109778023235
FaceForensics++/manipulated_sequences/Deepfakes/c40/videos/751_752.mp4,1,8.03794231821973,1.6942073740140864,0.6759022937298068,2.887220826988756,0.20206884468202838,0.20858901756881715,0.38183249720616347,0.07246495372978522,2.4725341905125866,0.10000000000000002,406.52956619669754,5.1766580760478975,0.6514852573941008,0.04896625490187026,0.10605691201945623,6.091271567741102,2.879925354181125,1.5744646460594116,0.2401484048043906,4.43793852076925,0.00687566384969601,1.0367052122189044,0.9858235656310075,0.01396200631831399,0.913501915550149,0.9728252192952407,3.5207877861103283,0.005719068925827742,3.5895518522011116e-05,-0.03851059648500667,0.9926255650552009,0.003969751764088869,0.003666026284918189,0.004545642528682947,3.8454663083362344,7.035199123496066,0.04009213008811583,0.922408289606989,2.50173756270903,1.6321310814916359,0.5462628725897909,21.23391923258036,0.6027014610689995,6.0,100.0,0.7406340460855473,-0.1584323820193883,13.470880349693273,5.412953565604611,0.5843910476662253
FaceForensics++/manipulated_sequences/Deepfakes/c40/videos/748_355.mp4,1,13.864095868222895,1.0395533846389697,0.7617214407404784,1.0852857785102614,0.7909035666600128,0.32013668879058255,0.3341777501783644,0.08829562637160973,1.365973838133004,0.10000000000000002,109.16710813265067,3.779022145271301,0.42962047120297286,0.0534014627861966,0.06788784125789495,6.087722019475498,4.941545800013942,3.091985133337333,0.08183768070178349,6.041322030401597,0.0020032296213149483,0.26409913699749465,0.9909211554886356,0.012770211055379736,0.9046988188783022,0.9216765543812725,3.3220605234646294,0.0050339121371507645,5.673603300238028e-05,0.09952515049137342,0.9936387438396719,0.005406014621257782,0.0036353690084069967,0.006552642211318016,2.882920207485831,6.54569532156145,0.034016091652344004,0.6218130309383738,2.0444907504180603,2.4712680138690852,0.5818044395574005,20.85752807656713,0.6678347704339485,0.0,0.0,0.5504342189666329,-0.2103197823236477,11.881195510362923,4.170975892776106,0.46789004561339165
FaceForensics++/manipulated_sequences/Deepfakes/c40/videos/746_571.mp4,1,4.157187847751825,1.8426115074679275,0.7010066760197385,3.4634190784845402,0.08491365789485487,0.18494345963268616,0.085342668118904,0.05604175931879479,4.372141430210321,0.10000000000000002,516.454012272379,5.842939913272858,0.8249960676871824,0.1351333778451342,0.1744676086741529,5.756912480843248,3.6825624948817497,1.6959375954616782,0.26929392587113093,7.912119853758998,0.043569734915340316,0.24712914248870513,0.9843230153621088,0.015026633515434666,0.9101577790669755,0.9705337022903873,3.6171614700310446,0.007721279747784138,3.879911309923045e-05,0.4988904952381976,0.9949047375452664,0.004581345710903406,0.004380985628813505,0.003419869812205434,2.6861458149005952,2.362297630348088,0.013529479764615852,0.9499000436414288,0.8789258465719063,1.2635502606596078,0.3824082961073092,23.93547764197012,0.7519235584541871,42.0,238.09523809523807,0.4333378121952745,-0.14510165394705177,14.390695383020846,8.401628344263917,0.7855526204794356
FaceForensics++/manipulated_sequences/Deepfakes/c40/videos/747_854.mp4,1,9.813930927639527,1.9739317461500245,0.6904582056046652,3.9279847418687317,0.06369137032385407,0.3015453923812469,0.33551019725171305,0.07498213514042221,1.4983219817786237,0.10000000000000002,400.47965431272195,6.4856470942497255,0.7928325306525384,0.03311642415390431,0.15553397685155754,6.0362350920266,4.753242878870953,2.0732318246260864,-0.5735278617913827,9.942126044782702,0.009749453061595505,0.03635271060509784,0.9873415646864683,0.012000525083060857,0.8626247833115529,0.9847918385024685,3.474961135748088,0.009964467026293278,0.00010691718489397317,0.249608755690736,0.9891072897999442,0.008657925762236118,0.006433846428990364,0.00480471970513463,1.7012519888185809,0.6582371029635185,0.012279301388729786,0.971732166969304,1.6652872857441472,0.8078402158777932,0.42237370574571376,33.11584892833285,0.135089817574908,0.0,0.0,0.2011925902950142,-0.19713111987116808,13.511400382468702,12.712560390637055,0.7448341679192364
FaceForensics++/manipulated_sequences/Deepfakes/c40/videos/756_503.mp4,1,8.922592512574663,5.219577243761414,0.6651893135317153,27.780926087670814,0.4625495453649827,0.26851886076629256,0.10927201739041074,0.05909741622459854,5.119321575461546,0.10000000000000002,778.2285320764785,6.152865189313888,0.8633664297079608,0.11214023263111245,0.18300535224210449,5.498647674922986,3.4348058532469494,1.0075133593822574,0.29095587040536164,4.865844156678355,0.07632330703983904,0.5908460405601661,0.9694323232373004,0.031043749619443152,0.7145191543531776,0.9883457546151133,3.580510675290592,0.023758992552757263,0.0006106456858105958,0.20162702453294795,0.9957279777052334,0.005222536623477936,0.0037772832438349724,0.005884555634111166,11.105650583773077,4.870329698396625,0.045600226241863884,0.9842005957296048,2.823395693979933,1.0705839577384462,0.702442013376924,41.55043292351464,0.12512575848435264,48.0,183.33333333333331,0.26078272348600096,-0.008640488809405423,9.479924402156849,41.28780081270201,0.8418844898165313
FaceForensics++/manipulated_sequences/Deepfakes/c40/videos/758_754.mp4,1,13.816541389642305,1.8209823738288775,0.6594221937706533,3.3273588503205005,0.2317608534192878,0.33135670605190254,0.15871357708919184,0.06695097277521135,1.9241189804137169,0.10000000000000002,383.78018814171605,3.2378123342990874,0.6444201883071885,0.42317154000085805,0.19894134720635806,5.174692053689708,3.203551167559504,1.451266535316552,-0.04555814980817097,4.176798066293204,0.022518098027715705,1.556171162396481,0.9949297353001914,0.004976795782080706,0.9637069934090029,0.9388437302207238,3.191992040255843,0.003637387417256832,1.3835289792041294e-05,0.4594156884384811,0.9872116793518589,0.0038133871275931597,0.003352973610162735,0.003194767516106367,4.248179000609397,2.8811280808629998,0.014032766223485841,0.9105536395402772,3.0290029264214047,1.3910948294867194,0.592848138542762,20.86308325911034,0.04921856028951881,18.0,266.6666666666667,0.8587724448614644,-0.09724836944893729,19.289011264151718,12.857146536708049,0.8509333167264549
FaceForensics++/manipulated_sequences/Deepfakes/c40/videos/755_759.mp4,1,5.345153492796788,2.040324448794825,0.6781260941290063,4.20731629334192,0.19316187519294897,0.2050534261743829,0.201983003204207,0.06796799399058678,2.6211792279924975,0.10000000000000002,727.2608172494974,2.1930383414030077,0.7990271334933838,0.3644177313675442,0.2660548079478701,5.1265382511444075,3.336903425464495,2.312370471450767,-0.25125490362248193,5.696977148716168,0.055763364650651744,0.34609278418870676,0.9899932578155929,0.011312811180529549,0.9159658206876155,0.9881739859299494,2.907774590102657,0.006594372447580099,6.313778430921957e-05,0.24215083532601414,0.9942850984774978,0.0037923005875200033,0.00383573304861784,0.00300271506421268,1.7482833395012107,1.3364333617583262,0.007758751374969297,0.9865919376501697,0.859339072951505,0.6298357585330134,0.31091494829060684,26.603174841942547,0.42634778854184646,12.0,216.66666666666669,0.5311851504822557,-0.1272836147830472,10.295636144640783,12.14320585804395,0.8679395215357747
FaceForensics++/manipulated_sequences/Deepfakes/c40/videos/754_758.mp4,1,20.272239835889224,1.3868127916983177,0.7463374734083971,1.9313978637159663,0.13874970885001203,0.45986113220881686,0.258430189299811,0.08933660956821954,1.031731002060367,0.10000000000000002,274.9792023937185,7.277855384349823,0.8455502457344364,0.05174154520614322,0.0938568637734641,5.9714747829496595,2.8884189555022197,1.728704165340286,-0.031150055728269274,8.385054331073535,0.00840060164967225,0.26351834654694756,0.9895333507257443,0.0092296735287478,0.9134391072639737,0.9917156920550864,3.774773197805911,0.00955766811966896,8.047464507399127e-05,0.31274183044546894,0.988311977190297,0.003711737459525466,0.003152132034301758,0.004304824862629175,1.3426060869474297,2.319707491934862,0.011403204522444007,0.9875120513540713,1.8260020380434783,0.9820308785924352,0.43863302660134973,79.97160431439052,0.001308168071270177,0.0,0.0,-0.0543067303127217,-0.14977429863725136,14.141053148789227,11.191680766792167,0.6892076466419762
FaceForensics++/manipulated_sequences/Deepfakes/c40/videos/752_751.mp4,1,7.698654559099019,2.062788574371783,0.7138406325360197,4.321789353149981,0.09099772547579202,0.21562869951570715,0.22288495015500137,0.05867815700257982,4.296078503973022,0.10000000000000002,517.4615941483978,8.487631309032441,0.7875370503912937,0.03310558784832725,0.07225619572974891,6.540514032223438,3.1328744891921536,2.0998458483970244,0.00035287815466588084,3.367521223263769,0.018416683215543236,0.2812198724252441,0.9764337320592399,0.023828827819219835,0.7478611711668723,0.986745481929135,3.408321528100414,0.019638799130916595,0.0005058562383055687,0.24888555030145146,0.9958446614001805,0.005262121558189392,0.003944180440157652,0.0063174148090183735,3.012568281148526,5.251351215890847,0.016007352562156515,0.9718661873362553,1.7389801943979932,1.5087166786045225,0.7312611954086521,27.780026797143726,0.22356789086313492,42.0,214.2857142857143,0.9471866087841276,-0.18311521223974836,17.935362017844835,8.785675024353758,0.5430110723421424
FaceForensics++/manipulated_sequences/Deepfakes/c40/videos/761_766.mp4,1,6.917782348646314,3.640047734512529,0.595570161514529,13.455428006893678,0.3191550408910669,0.22927037664023014,0.09695524526333318,0.05978988614541227,4.602353072145641,0.10000000000000002,814.3721735180591,6.013532888889313,0.8255167878759391,0.13668143011673903,0.231274370671751,5.602384030195936,2.8223261332990406,2.1015514194076226,-0.4225343249516776,4.224432372041347,0.09856323556114285,0.707947411353988,0.9853643014797367,0.015360611057485254,0.845054559332543,0.9873576863343881,3.486701496596079,0.018895845860242844,0.00030329471337608993,0.16768418357747011,0.9943683007254441,0.006622593384236097,0.00525033799931407,0.004642714746296406,4.007105643748779,4.627647959558497,0.020662599172954804,0.9867859339851716,2.363010164088629,0.6272732709231946,0.6997805286802711,23.44620858951247,0.4934308195713404,0.0,0.0,0.26338874371835735,-0.06765486825369876,8.563993645269566,27.590250136168898,0.8146240792711231
FaceForensics++/manipulated_sequences/Deepfakes/c40/videos/765_867.mp4,1,8.447735699940548,4.548584327680311,0.6225789069946538,21.04014376218529,0.2590594084908962,0.2544172170544264,0.01329493498755415,0.05716217770300706,4.563319301227383,0.10000000000000002,671.6909696406958,5.4868763327598575,0.8192885983786476,0.16895222301483248,0.22362004642483382,5.405901946902633,3.896736757504597,3.0815076094544427,0.11777733718997174,7.568096372318122,0.04000942795098518,0.1412519249242692,0.98796265206214,0.010978839209662406,0.8901361918226536,0.9820557601374825,3.3495923220843853,0.010094712488353252,0.00012217866606079042,0.16936826679688066,0.9924139490653724,0.0053880116902291775,0.0040414598770439625,0.004836444277316332,3.1439897169037985,2.483721379724296,0.01712628534207811,0.9881148517737429,1.4358734845317727,0.7690308444613057,0.648686067556824,24.027722823997884,0.8087663356878922,24.0,141.66666666666669,0.520375850810481,-0.08207248474102663,12.542435983522077,14.977316575135387,0.8148812386240619
FaceForensics++/manipulated_sequences/Deepfakes/c40/videos/760_611.mp4,1,11.966798354134756,3.2979388280728124,0.6858161328831536,10.9835617810977,0.13887989797702255,0.32942647516192225,0.047862676396917415,0.06294539777456112,4.664855556094894,0.10000000000000002,456.1652726069089,9.254223799705505,0.8892443925717597,0.07226951672478601,0.15023028145181055,6.060836805914977,4.6491959105845835,3.3118238595266747,0.6431755610353973,10.088094238951753,0.0725871766201245,1.4855840996777374,0.9841875310354008,0.023124733485640616,0.662785611979656,0.9838009284181961,3.751482943309975,0.018445216119289398,0.0003028696810360998,0.3247200325497677,0.9920365158839375,0.006444329395890236,0.005833789240568876,0.006018742453306913,7.194877092632081,4.962980872113956,0.04167425389433108,0.9504563600971082,3.262861883361204,1.8442902843303024,0.4174218358439771,44.14533916989984,0.32323275525262135,18.0,211.1111111111111,0.7837540532820187,-0.1338369202012404,9.683623222127075,27.460050047252135,0.7538160619793685
FaceForensics++/manipulated_sequences/Deepfakes/c40/videos/762_832.mp4,1,10.9874791599839,4.8952516414058564,0.5839850467614478,24.11928442612953,0.15730989783836458,0.3514372480845448,0.034922796985144694,0.044734010727229656,8.342375853715227,0.10000000000000002,372.9403967595786,5.705925911664963,0.9035602433671361,0.2790988334432547,0.23476024515875715,5.373194844611566,3.4767852815561113,0.9154413307493874,0.6262856818199127,10.424490253604597,0.06114404263875127,0.43797345046195113,0.9864211064577344,0.011910421494807507,0.9237091696213161,0.9819131456722533,3.4194355853309233,0.013360886834561825,0.00019415869610384107,0.2630457282839585,0.9930523757831704,0.004968630149960518,0.005073391366750002,0.00386723387055099,3.2942273568666844,1.944918750753192,0.019068602028061186,0.9758717921513996,2.9227601118311037,1.0862933550971732,0.54868716253226,25.385902510412173,0.3833812430880345,0.0,0.0,0.2666056235802086,-0.09461252469855715,10.220932352131042,36.766429438090285,0.8118414322492757
FaceForensics++/manipulated_sequences/Deepfakes/c40/videos/763_930.mp4,1,9.786251107937835,5.490068540098062,0.6855699819964385,30.87866104630253,1.4737490842444472,0.2504162095386729,0.04401022618985177,0.06266140536833789,2.986553060327105,0.10000000000000002,1887.2595247208537,7.204067105054856,0.8734506729030059,0.11050638928481799,0.2009447714408662,5.966851791927743,3.3320711392114535,2.114338447843036,-0.0761353240573348,3.2564485447488773,0.08334899530491145,2.846320717964221,0.9710723431557652,0.02534849340916277,0.7945084973116402,0.9777385729694094,3.5025953992637,0.0204832311719656,0.0004499845381360501,0.30029288291617023,0.9927113046663966,0.004996859934180975,0.004479316063225269,0.004882045555859804,9.964673013412174,2.4139536641250636,0.032349794171305485,0.973541404208426,3.0939622961956523,1.256391500082282,0.7585760769688785,13.980004778851365,0.16541630834864046,0.0,0.0,0.1477442185024025,-0.027550194169061855,11.374315490153753,30.984969610157513,0.7906533305440201
FaceForensics++/manipulated_sequences/Deepfakes/c40/videos/740_796.mp4,1,8.897560446723197,1.5880704104230885,0.7389944736947325,2.5602930906639143,0.03561655486647721,0.22664898756959673,0.04352542646501016,0.07189370488198207,1.6228815857587353,0.10000000000000002,554.6749966686033,7.625887370109558,0.6853139746922523,0.04943279720654208,0.08397087857784954,6.155725435853271,4.181084520784608,3.5365467919683335,-0.0432783476055221,8.034992363076725,0.007008293945201289,0.17817034244334976,0.9891951355288618,0.012563902085864066,0.9218934406286042,0.9682877655287299,3.434841423852344,0.020483823493123055,0.0003268116561230272,0.6871455040504427,0.9958000665390931,0.014169956557452679,0.013674626126885414,0.007121591828763485,8.330099348539234,15.036210004543356,0.045258208548245756,0.9810977929596775,2.686585493311037,2.419655655487009,0.4442842907066278,11.707458761008423,0.16525435930565308,62.4,298.07692307692304,0.45354182455179776,-0.1898672118246728,16.90695709594321,10.503559595667753,0.5417930121139778
FaceForensics++/manipulated_sequences/Deepfakes/c40/videos/757_573.mp4,1,3.564707021918224,1.0397181742966,0.7619583776052651,1.090724778007154,0.08097102048233641,0.16367716907311775,0.11905697911447295,0.07467579937603615,2.724575688850023,0.10000000000000002,320.6117108484773,4.947114282846451,0.6040952176601235,0.011479719534986858,0.030689711095986102,6.254484745884318,3.920513091648149,2.767044907797337,-0.005314769115991372,9.022292553823945,0.0029636041059851815,0.06501793271750964,0.980487943318286,0.012901847861521654,0.9297717757938124,0.9257144849672888,3.675817408815011,0.015325536951422691,0.00014577545516658574,0.2011839088480026,0.9937018913037878,0.011218591593205929,0.009450127370655537,0.0066333129070699215,1.6384461603555998,4.344755807243315,0.011656142230166842,0.9299493921638284,1.5588876985785953,1.4197790959869476,0.3824045068320906,12.402005218499696,0.2894463195556894,36.0,244.44444444444449,0.6428712505697529,-0.18958229898061707,22.317676269145622,10.19234273451226,0.4958504574742627
FaceForensics++/manipulated_sequences/Deepfakes/c40/videos/766_761.mp4,1,14.107617866199309,3.6089181905917096,0.5958444506558351,13.298905196152527,1.8503842039568386,0.34621347959694193,0.0633604861830844,0.07900868846376023,1.8002259579712863,0.10000000000000002,604.133265447366,4.747955352067947,0.8441960885100046,0.21951658457677967,0.23732235979330346,5.805669136326901,2.9468788281025917,1.3742280821181199,-0.5305913587977198,6.176198445540218,0.09381670794043831,0.33652144320672256,0.9909689678689318,0.008062878596059735,0.9435523728391995,0.9845457498002508,3.6360950829768397,0.023562302812933922,0.0006887303316034377,0.13117753196615176,0.9948332027792196,0.005420802626758814,0.004946012981235981,0.004285405855625868,3.0705858954350007,4.472701072593625,0.010579923658298351,0.9911733909372615,2.9340444711538463,1.866260427694651,0.5967612677927039,63.29292494780633,0.30234504338726514,25.0,304.0,0.06549266866732409,-0.03340463540697335,13.482219778458154,22.195318842910726,0.7424946722413303
FaceForensics++/manipulated_sequences/Deepfakes/c40/videos/767_694.mp4,1,6.297957892937964,2.4525356015007915,0.6369805868150847,6.125065264673803,0.41692776967379375,0.21621572256662333,0.2417666248954425,0.07262117093929224,2.088139571265107,0.10000000000000002,822.3719145230601,4.837057882547379,0.8100716022172048,0.3651607730447422,0.26456985324186777,5.316855986591703,3.6461348245734397,1.8035233619236684,-0.06639966187672254,3.409920633117411,0.04590807386818625,0.19948792890415315,0.995109695210227,0.0056743081761774505,0.9445744066273282,0.9714152656524728,3.262436779582057,0.0055412352085113525,3.490739254630171e-05,0.5528442494871254,0.9859489015967461,0.006629766430705786,0.005195415113121271,0.005476608406752348,1.4581326858749342,2.226897122082645,0.015283442742885926,0.9882652383339305,0.9745571174749164,0.71297658013749,0.5089207322245404,66.01061242561492,0.7474388421964937,50.0,232.0,-0.25949558881843615,-0.1637778444635246,14.166294349048643,20.983141699423605,0.8792126173297342
FaceForensics++/manipulated_sequences/Deepfakes/c40/videos/771_849.mp4,1,8.47059424570686,5.54318064649148,0.614843817152152,31.19688452574647,0.7914093550211019,0.23528138754500855,0.1061344158137082,0.05147293415881695,3.5239210853462892,0.10000000000000002,1551.6567780134374,8.815613174438477,0.8582866443095947,0.08557464244951979,0.178247657185455,6.0823276398584,4.109333422304549,2.106257684927264,0.2691826052106013,10.14751869541845,0.05260920294246141,0.2993239978937649,0.9749071789563997,0.030950379446783412,0.6645272993691764,0.9770738206485793,3.189364220133418,0.01670856773853302,0.0002366072149015963,0.4926227185618572,0.9970310772414969,0.006475602742284536,0.006686967797577381,0.004519479349255562,5.124860427557263,4.420934149256363,0.01340556893907818,0.9511163994319208,4.044415630225752,1.350018184549169,0.7089064081359422,23.44988217210434,0.001477348771491072,10.0,120.0,0.2227546266573967,-0.0629184184576066,15.1128461477709,33.50037967800645,0.7966948273199878
FaceForensics++/manipulated_sequences/Deepfakes/c40/videos/775_742.mp4,1,4.128982447053227,2.663204790419533,0.612180800795422,7.207633308383805,1.0435451563739506,0.1783202127519445,0.23929238249386114,0.07379238798830742,1.930431637412394,0.10000000000000002,803.3725577160599,3.4974268585443498,0.8361725177955863,0.3203369593691452,0.31592801263449244,5.185089121555973,4.494231972631917,3.2827988201346017,0.00706376636136613,24.41111836049134,0.05268962501639233,0.569582724882555,0.9881050724027294,0.011684706296296863,0.9068177464032743,0.9833802013526425,3.2484759264220893,0.0074136024340987206,6.430591020034626e-05,0.456820838958323,0.9858593076343735,0.004857945721596479,0.003373378422111273,0.004255050793290138,4.400619516326698,1.4310518530836756,0.01359736972969587,0.9854223492121946,1.7428831783026757,0.7705478948144604,0.2759376661245664,49.317530518250024,0.7457206273186154,0.0,0.0,0.3507762738144029,-0.11816691499864915,12.121431848168369,20.7125975492038,0.8412740118057613
FaceForensics++/manipulated_sequences/Deepfakes/c40/videos/774_735.mp4,1,2.4615156302431602,1.520211412949098,0.6612406480301178,2.324889259043994,0.02616640645479853,0.12065063493597732,0.322462737038339,0.05921120332405545,5.339658444070478,0.10000000000000002,1257.2104606939877,5.074089467525482,0.840745542849764,0.207431051738373,0.2521949980958737,5.4347546203137655,3.4840083622878026,1.6385906586824037,0.32949423959574986,3.0302287052739545,0.050192245236473455,0.2598396562964277,0.9886208960641404,0.009694977727202526,0.9409121851499415,0.9744647442298762,3.6858147034680107,0.01363106444478035,0.00020957450033165514,0.22497585988172408,0.9942699999288055,0.007190875243395567,0.004022226203233004,0.01024729572236538,4.298558869436901,4.403113161742195,0.011981380729124424,0.9777125296144384,2.35630160430602,1.2799805160852056,0.5099552937786169,25.603503259019288,0.6300677732982394,0.0,0.0,0.2626562676378948,-0.09124241618425169,18.123209445094428,17.275554799754918,0.7561817860226405
FaceForensics++/manipulated_sequences/Deepfakes/c40/videos/777_745.mp4,1,8.158043519821835,1.578366037423383,0.6552581224357904,2.509550141630902,0.16900888254776134,0.27342982698879725,0.175256764581958,0.07672775097026716,2.2455982180370806,0.10000000000000002,309.60438506027197,5.531769275665283,0.8389939867620472,0.19702082739135093,0.2638032071161469,5.621185497421606,4.089990089080273,1.3803912094378457,0.25371553689643883,5.425241669123294,0.00956859562995245,0.09606778578947622,0.9916427279978646,0.011309894554266503,0.9316755079433687,0.9836608896027451,3.1054538381327577,0.006286621559411287,4.7381443437188864e-05,0.6795948034655576,0.9926424905993197,0.005641184747219086,0.0037665655836462975,0.00674476008862257,2.182902226087921,2.581947860623141,0.01399962493363198,0.9522137008770208,1.6109786528010033,1.3346186408120626,0.7414873560596213,38.412633401145015,0.11683424680511857,0.0,0.0,0.6091896096892857,-0.1626244799185907,15.54021178382518,20.149299838865222,0.7561252146837515
FaceForensics++/manipulated_sequences/Deepfakes/c40/videos/750_743.mp4,1,12.114019569236048,1.2320683566422517,0.7550399656808813,1.5412656300167498,0.04936336877587473,0.32696605274532053,0.09660568637855482,0.05725586780529206,3.2344428717386173,0.10000000000000002,160.96375151468777,7.298149716854096,0.5350591806053977,0.03502494246994049,0.06224928057750928,6.455426233043848,4.491309201261521,2.305025891430243,-0.15712665292795402,1.4071760859622233,0.005068317943704674,0.03817033336985697,0.9913505032932767,0.007489590505644094,0.9397316331733038,0.9791966271776383,3.7113847513302667,0.015482730232179165,0.00011170289508299902,0.49527532194655455,0.9906951297546063,0.008950832299888134,0.005895704496651888,0.010574408806860447,6.920486204645298,9.00202609040862,0.028664701326088088,0.9363751776739062,2.6682137071488294,1.7406367354618342,0.7747418132434579,12.765697963801825,0.10196499549067127,30.0,206.66666666666666,0.8439993682972148,-0.2282923645050094,21.872361154892076,9.87909521744638,0.4393278560363436
FaceForensics++/manipulated_sequences/Deepfakes/c40/videos/769_784.mp4,1,12.641474829445844,2.4451536067791673,0.7016433020407846,6.015897112539441,0.4334568795001596,0.31764964041089805,0.1471095872209332,0.07068253960345151,1.4783340214411134,0.10000000000000002,344.7928950073998,11.999067878723144,0.902145745351886,0.03979025562929923,0.11119982057822736,6.086488630925035,3.671622153704899,1.9880350573467733,-0.1565985505237658,7.734384976765025,0.02133910904715239,0.6319519425825814,0.9940475752397531,0.005079927316628666,0.9612916559810397,0.9912207900202947,3.7651575213710617,0.012185067869722843,8.750097913434729e-05,0.43091565401253834,0.9914428972795557,0.0048744273371994495,0.005320555996149778,0.0032842527143657207,3.386692204558898,3.7460712372740574,0.02456039932427735,0.9940945735498584,2.18533131270903,1.558278041080327,0.41734155407584284,27.514598730971574,0.8206385774531695,12.0,200.0,0.415035098740832,-0.11941247555145006,13.840998541988101,34.99600824397161,0.8263867206895795
FaceForensics++/manipulated_sequences/Deepfakes/c40/videos/768_793.mp4,1,7.486169428908212,1.0194348845635557,0.7564268340487276,1.0453328550845788,0.04266458705031686,0.27975954531623515,0.19253282181850387,0.06729343404914415,2.691437908632046,0.10000000000000002,292.82164366478816,4.759365886449814,0.742444268814406,0.15915713324302266,0.20636943115711484,5.893857064099263,3.45226433705923,1.9222760514606103,-0.22679749736710927,9.412520230717682,0.01748680785483954,0.15100863519256952,0.9910181784775387,0.012624260660773037,0.9150562888143945,0.9536225484241154,2.9998580148667253,0.00714343274012208,8.047581650316715e-05,0.4678531440096172,0.9939536101171779,0.0058280411176383495,0.006762900855392218,0.0022713684011250734,3.5250997745455015,2.2242569401743975,0.011046503864279897,0.9711775529419491,0.8368520066889632,0.6124648846690758,0.1997194233055457,32.63632557809869,0.0836846926369675,0.0,0.0,0.2441189923160217,-0.20043137941261194,17.868041101430652,8.075117672879937,0.7219990007897296
FaceForensics++/manipulated_sequences/Deepfakes/c40/videos/770_791.mp4,1,6.523675129618546,2.184545882394861,0.6981570763102829,5.164845078457883,0.3571042797591365,0.21601158641517224,0.09939686843355305,0.0744705174441263,1.5113662615372685,0.10000000000000002,694.3146418187466,12.862446010112762,0.7292409736817558,0.026857581304457295,0.06967716299552142,6.476751963110923,5.767346228373751,0.2707491291291547,-0.14079953612872403,1.4284373217901252,0.011132256261143678,0.38675589283988665,0.9666224361737868,0.026636469839942646,0.8551287601238239,0.9764566797239307,3.7286489229022757,0.025069139897823334,0.00041037966730073094,0.4024873452391162,0.9968726943152314,0.008057446219027042,0.006812720559537411,0.007570100948214531,6.224723853615702,2.403255350257786,0.013673553820101401,0.97304173556936,1.9226262019230769,1.6005658003020973,0.6263041137108698,13.140265947063737,0.2585740529936382,30.0,133.33333333333334,0.2561791771380504,-0.1788520149050847,12.501787415174135,15.570567866418171,0.7492706287944156
FaceForensics++/manipulated_sequences/Deepfakes/c40/videos/772_708.mp4,1,8.579754838029295,2.0884096569995263,0.7150691172748631,4.386769370229809,1.9515645726691861,0.2486388548395025,0.2746069294777841,0.08182602471886373,1.124837378370394,0.10000000000000002,447.24244453397444,8.05317987203598,0.6689045653456661,0.009176473796483014,0.028905895714082044,6.3027344760317705,3.3240360130719897,1.3346921698892977,-0.08897244100969282,5.0480711405583145,0.002900971735749524,0.4278716275260617,0.9715160852876719,0.02126361540858489,0.8423127018562813,0.9764195539860137,3.8906572101358607,0.013007964938879013,0.00010054191807284951,0.3991136782731407,0.9970958735509147,0.007068919483572245,0.004239145666360855,0.008104939013719559,2.825374265843401,6.054372465596327,0.026315464512545125,0.9098461036812633,1.6040479985367893,1.0526101513370858,0.49877656938021875,11.601316378951127,0.3469639079054915,0.0,0.0,0.7000118371767102,-0.23490273828835967,16.717420939275986,9.886125015000154,0.5119891153565668
FaceForensics++/manipulated_sequences/Deepfakes/c40/videos/753_789.mp4,1,8.47683301894774,1.6013815452655897,0.7386732489134494,2.6053972284031763,0.43741156181099533,0.2314589705781251,0.06175429207017917,0.07711604159720817,1.4644142756333975,0.10000000000000002,390.9265600700627,7.579334199428558,0.4550654146790185,-0.0020173647746306975,0.029976582030602297,6.5774332611979744,3.4334061761278103,0.8111504513814921,0.4484424910509943,2.926874659896298,0.0009854698236193599,0.038358496105824355,0.9555577981619819,0.031482050370924414,0.8024652894213559,0.9648057463789069,3.3253190990111645,0.01967768929898739,0.0002944094594568014,0.3240889382970841,0.9956436509923242,0.016168538480997086,0.013436811976134777,0.007792197167873383,5.989608821691322,11.760827915581528,0.03883066403587962,0.8632393444826032,2.251544863085284,2.0711594807288836,0.8511854830289348,9.590295651409741,0.1936592769491907,30.0,140.0,0.894166006135656,-0.2662319356913946,18.75605070082611,9.374394163962107,0.3214249411021028
FaceForensics++/manipulated_sequences/Deepfakes/c40/videos/773_652.mp4,1,8.727325296570463,0.8304451703969498,0.7886538956406752,0.6926435286980132,0.15981068264319734,0.28999253864913177,0.017666814544768133,0.08123986974090744,1.967695808299521,0.10000000000000002,103.31738087408507,2.3379515260457993,0.5465004430964037,0.12138953350955192,0.14108870153436268,5.904969120360628,3.9320178095047376,1.300554054367322,-0.5526919155965623,8.339715680828446,0.0032974301944526823,0.009444617346897461,0.9946797941893234,0.0057429854513123355,0.9600276688146886,0.958044827909376,3.858097641993524,0.006157529540359974,5.871543908142485e-05,0.27186691661576146,0.9890559079321749,0.006082159001380205,0.006877183448523283,0.005124714225530624,2.9669232909105956,2.665470209082026,0.01461458058356904,0.92319004464766,0.7956698108277592,0.9642872140561215,0.48762395029078964,20.506573453491733,0.34896366921327937,48.0,179.16666666666669,0.7793232503126956,-0.19499681663661775,25.075815210783485,6.009699499721906,0.704621815741017
FaceForensics++/manipulated_sequences/Deepfakes/c40/videos/781_806.mp4,1,4.673609478848297,2.0165826287963005,0.6428052189242401,4.121894085932488,0.1473489415268378,0.18387947374064817,0.023152454442268072,0.06927427996783589,2.625674549564649,0.10000000000000002,686.9294008827753,3.305949681997299,0.8317595589923623,0.30062385241328315,0.29842340861405414,5.19734181212549,3.764343570020325,1.6799279576143704,0.23094660280838997,11.223019862598312,0.04386350092092921,0.45903425345129073,0.9948476860453294,0.006244803699346132,0.9219701193110955,0.978353525612039,3.2530945685706714,0.007436024956405163,4.83372641610913e-05,0.23128376705560705,0.9887018316287782,0.004357268568128347,0.004560558591037989,0.003638840513303876,2.2294102335848254,2.6735442362612822,0.00885693322524228,0.9925127864374549,1.194300010451505,0.5392512582632735,0.4102187896405839,65.25490741858447,0.11734739843868636,10.0,200.0,0.3469014887695621,-0.09629229181062936,17.010110071981337,12.304470505299102,0.8523532733193753
FaceForensics++/manipulated_sequences/Deepfakes/c40/videos/782_787.mp4,1,8.816688798507915,1.6554693176743638,0.6438521190527323,2.771866010649668,0.040247126773827906,0.31061338392865956,0.10164890689344896,0.049989456837675625,4.928901902962285,0.10000000000000002,309.15718077602776,5.420880445837975,0.78949018217826,0.16342045194690683,0.21942132817221616,5.559418560255696,4.850316991080818,2.6485901170603046,0.1471412875755388,10.404759346404012,0.042147983769011015,0.4139312558392203,0.9805873886251131,0.016822208044636192,0.9002461450327334,0.9660289039827176,3.7822315009057093,0.009609384462237358,6.271136226132512e-05,0.31641418855253833,0.9916042070965534,0.0050879307091236115,0.003973877988755703,0.005603954195976257,4.04598495693275,2.4786037973234354,0.033582643324054806,0.9903396445385617,1.3262176003344481,1.2686102001136972,0.33817446610790824,108.97185102378042,0.8041085717515308,40.0,250.0,-0.06089944968276193,-0.11037297314073304,17.24939875920896,15.197257032613976,0.8544866404498198
FaceForensics++/manipulated_sequences/Deepfakes/c40/videos/778_798.mp4,1,8.778767365386818,1.173901267875581,0.7528876899036991,1.3863290719092158,0.327250238441192,0.2621863991275714,0.033182412110721524,0.08375964298541194,1.9421487235086943,0.10000000000000002,209.852306520024,5.04602347612381,0.6024704665675649,0.057087086924749425,0.08339669725680166,6.021130837913159,4.484279467206772,2.54294432376302,0.6608928854711411,4.6148012182634774,0.006481825897333492,0.08442020348148646,0.9940412579685816,0.00543468054015906,0.961302428510498,0.9679829285803728,2.899211368518747,0.006019326858222485,2.2674936190014705e-05,0.4914592482448862,0.9881217254526905,0.004533532541245222,0.003553739981725812,0.005271389149129391,3.009937052894586,4.4868431849688335,0.015254036777362147,0.9913688496728476,1.416433685200669,1.6482899881386361,0.37303001862500007,41.832436749749455,0.008312117985658377,0.0,0.0,0.7572525700591775,-0.21957829511652185,20.75791239821894,7.25504778996939,0.6228866101818693
FaceForensics++/manipulated_sequences/Deepfakes/c40/videos/764_850.mp4,1,12.127896243586672,1.1362384360800502,0.712059310624919,1.3015077544097065,0.12545046270817203,0.2736600176278846,0.2879892075406742,0.06764303809690346,2.0489542409576886,0.10000000000000002,509.79824705467183,5.581927764415741,0.731687780923347,0.03978885573125824,0.062262776721216384,6.066708121391003,4.143160495187789,1.9882186340119132,-0.6147676295431033,3.4073995678962015,0.012047760430283225,0.04952750597130718,0.995121327817837,0.004068053696068911,0.9739491577568942,0.9459522162758035,3.8371710763039397,0.0091737424954772,7.714200182817876e-05,0.20702221003657426,0.9866990448111782,0.0061410218477249146,0.007069919258356094,0.004316918086260557,5.5695129670579915,6.328234585614723,0.015714742297092722,0.931818373813917,1.9227993049749164,1.2521060412413165,0.5213054434100497,13.615312718053202,0.11145060905589309,0.0,0.0,0.03803551946440785,-0.2049137753104557,25.553723467906316,5.774804792934345,0.5383437240497727
FaceForensics++/manipulated_sequences/Deepfakes/c40/videos/784_769.mp4,1,15.817705917652521,3.7989902318111213,0.5741272705148349,14.576971026134705,0.6741373153827973,0.3677321702819554,0.2678797778032463,0.06696358651919485,2.7574681281511473,0.10000000000000002,254.34492244036568,3.549901694059372,0.8069747548524104,0.20665514552214953,0.21788045352436738,5.192007151995442,4.293500891210406,1.7186924791833265,-0.26538785907005336,6.308878389065524,0.038013405051773586,1.2576132026505744,0.9951636890189728,0.0035831626661690518,0.9765420940621494,0.9739438852648106,3.059554240639521,0.005475817248225212,2.3481161406380124e-05,0.20149147579236368,0.9884450965448289,0.00393398804590106,0.003914860542863607,0.0035516037605702877,2.261832045284375,1.851097431778178,0.014962866122402232,0.9928749532935278,1.4758733538879598,1.3932797998720725,0.3857149234035022,29.651974987928973,0.7121123016519768,0.0,0.0,-0.09157781572035496,-0.09965936248185941,11.368306505654106,14.224107158358798,0.8275278136253191
FaceForensics++/manipulated_sequences/Deepfakes/c40/videos/785_736.mp4,1,8.217157154330602,2.9319441199348604,0.6531699399684395,8.729213564213811,0.16300018695393617,0.2704429832596505,0.02605044653029483,0.05850928369286721,4.011305770846743,0.10000000000000002,525.8873998839791,9.14627139568329,0.905023311132768,0.06363925695358061,0.12086549103560582,5.946951940804033,3.659692400029528,2.0992606430581966,0.3641515139616593,14.651665175111042,0.025236887567260294,0.1396834613878602,0.9667187993270595,0.03149796258974308,0.7691395266460679,0.9856830042336122,3.6255233837506404,0.015985380858182907,0.00015606028318870813,0.32731716579789505,0.9909780292296247,0.006704982370138168,0.005485706031322479,0.005341465584933758,4.969121807750277,4.046076800856493,0.016164926483951264,0.9522381480941652,3.4820691367056855,1.6770138377497241,0.72337884149102,50.33651254871648,0.5316244224154764,15.0,120.0,0.44168002474746465,-0.04932962981026339,11.473488604559385,18.395545917424872,0.7759353568416627
FaceForensics++/manipulated_sequences/Deepfakes/c40/videos/779_794.mp4,1,4.069929341336838,1.7037975429693901,0.7138966446517114,2.935368046563033,0.45437944370076105,0.15608196574033512,0.24329596206512258,0.07134107016068647,2.899848990630079,0.10000000000000002,732.8577435786844,6.031829077005386,0.82128318914751,0.12917872929456575,0.1903561766590005,5.548023386895949,2.798965825906567,1.2083943201809086,-0.22490507168317714,1.267132089618079,0.021920774195663538,0.07009429069865573,0.9796285509488168,0.027682780335289973,0.7754391537829919,0.9459798329038583,3.252053719039721,0.014668568968772888,0.00019912679272238165,0.34266527087740833,0.9935975997460799,0.007496297359466553,0.004509344696998596,0.009579801000654697,6.287492437796101,4.1146751345361405,0.015426396223466633,0.9654442798178359,1.976941367056856,1.2520886099836597,0.9349129106674745,34.0711735723881,0.6952884320094269,70.0,231.42857142857142,0.29662362035592554,-0.11418493978693668,18.06142688034238,10.73519361426258,0.6322539083683612
FaceForensics++/manipulated_sequences/Deepfakes/c40/videos/787_782.mp4,1,5.93931205050019,3.4393794346111832,0.6071940096198134,11.969805706012938,0.20338299380288577,0.2243858823958084,0.17170490876258976,0.05249694565748606,4.52504751904079,0.10000000000000002,608.694426071656,6.499048388004303,0.8905770048846641,0.016728539927890727,0.12720002500165314,5.917997009321311,3.4324700832846147,2.2950938706637243,-0.18306435646457783,10.385489748998582,0.04524127505867053,1.7458101209103536,0.9735222182152247,0.02209196579766339,0.8777613061165127,0.989481680733049,3.665948322170362,0.012456785887479782,9.181084169540554e-05,0.4405349538953487,0.9932187474542692,0.004790060222148895,0.0044211107306182384,0.0036654756404459476,2.894283827278272,1.676087911823566,0.007906024356498608,0.9789989583278687,1.4519328752090301,0.7363234133778224,0.3227494955493072,45.819056029740665,0.09110841811897885,0.0,0.0,0.5010651674662842,-0.1566355294170241,11.940187150205219,12.112211955747206,0.7285022616748336
FaceForensics++/manipulated_sequences/Deepfakes/c40/videos/788_710.mp4,1,9.959795273543168,1.9919011768876747,0.6546177429658958,4.0182307305122995,0.08033613903972762,0.34291950466085763,0.006900110516433669,0.0625256316206246,3.535456900542601,0.10000000000000002,242.15848406649724,7.4266823649406435,0.8072759993080053,0.025794578055128674,0.14494245494092595,6.183566828861911,3.0289432778097063,1.147420348552041,-0.12444999120818874,9.588980974129594,0.03532131894366876,1.9142589739379754,0.9790056995949119,0.022238237408574515,0.7762660241550385,0.9656978799709265,3.2252897654449555,0.009882279671728611,6.156133895274252e-05,0.35415345973048123,0.9939844122375612,0.0072633069939911366,0.008528499864041805,0.004003771115094423,5.011061155491419,6.120040635658954,0.045788381290215806,0.9859152053813329,1.472571331521739,0.9694063555821847,0.4327487984188957,20.38256472372979,0.438290760539941,5.0,200.0,0.2705580590809455,-0.1825461043778585,15.630950139517264,17.417427804404472,0.7383828768652717
FaceForensics++/manipulated_sequences/Deepfakes/c40/videos/780_869.mp4,1,5.1148649933607615,1.1830599088527778,0.7472762415796605,1.4160872394095396,0.4726919426458762,0.20216983177626457,0.16511113803952152,0.08000315650654907,2.1204123049190673,0.10000000000000002,498.7113267624769,8.924016904830932,0.7591114909069278,0.029820520442515205,0.10521046730464499,6.036934057754917,3.9978585100749036,2.437882527528287,-0.008841724099852663,5.555683405019703,0.012430964874524312,0.01973904916920305,0.9908792386522406,0.00796257255111291,0.9482087896199788,0.9742014559580617,4.021780952831395,0.010228627361357212,6.436971307266504e-05,0.4584912166546858,0.9932541000589324,0.006611087825149298,0.004973268136382103,0.004179238807410002,1.7409707529774627,3.074355762796516,0.006320056936961506,0.9882590637896347,1.6553289611204014,1.2083532260024554,0.5775916808148669,15.814036339693859,0.2048105610632974,20.0,190.0,0.7055017415692988,-0.22045533249159027,20.830952803632155,15.574670583025096,0.7342930479463007
FaceForensics++/manipulated_sequences/Deepfakes/c40/videos/792_903.mp4,1,4.135923216955243,1.7408850915414515,0.6446579837875789,3.057669060327426,0.18835733705432478,0.1766074651453881,0.28746355963110704,0.08145389608454412,1.8114651049488664,0.10000000000000002,564.9269555471834,4.942339986562729,0.7527058491265497,0.07752746534130493,0.17694246465831426,5.93684484254075,4.166587984112304,3.6826205279271784,-0.0706969746615578,7.989379339705226,0.02067484402797247,0.0843766582368024,0.9861927290774533,0.01263650997962727,0.9239485957321627,0.9644180515803727,3.598209682445334,0.007578390650451183,3.694407860166393e-05,0.5065164773904537,0.9914113696020617,0.005952194798737764,0.004033572040498257,0.005838784389197826,3.589545889579637,3.3106418204560386,0.011149688496024083,0.9867578403123793,1.4474648568143813,0.8294787079532427,0.3869752848906436,39.367780013714736,0.093598397761354,0.0,0.0,0.21477049180483113,-0.18984869479806865,13.892572334592145,14.631684696066268,0.8033805235915163
FaceForensics++/manipulated_sequences/Deepfakes/c40/videos/791_770.mp4,1,6.587869784522729,2.926918341032297,0.6509136678139603,8.809706271982366,0.10886372408084663,0.2174176835498704,0.041928240881517254,0.05320394873751888,6.402368636132801,0.10000000000000002,736.748692298662,7.9601197957992555,0.859215260202777,0.15113974319159568,0.16321298460755185,6.171453300481654,3.003326801923726,2.333529689835561,-0.49612816389077924,2.672757519441321,0.02041072757019359,0.2287674714707841,0.9854461587703908,0.015079293091512534,0.9048821852959142,0.9813289656394144,3.1252492708860773,0.009177054278552532,0.0001053107698680833,0.5372069676388339,0.9953303166594731,0.012766167521476746,0.01118629053235054,0.013346695341169834,7.698547394446861,3.039227855278835,0.01660366740026664,0.9797018435705054,1.7386895119147157,1.061030349379431,0.8087602069750985,25.307554317082083,0.44834799548985727,42.0,195.2380952380952,0.5751431457533831,-0.13846418423680193,10.660274150609451,18.91762722713646,0.8223891549328491
FaceForensics++/manipulated_sequences/Deepfakes/c40/videos/783_916.mp4,1,9.055874775067512,3.0353537817248837,0.6991708589681116,9.3325960552528,0.5107907974918341,0.25861270286935156,0.07474330222968892,0.06499235659881372,3.108840002411981,0.10000000000000002,482.2431582078037,7.140379059314728,0.8490942212657083,0.10178395578716598,0.18492187301071403,5.825485449137484,3.543367134054506,2.3747639686996727,0.26265670475553016,7.212867271624865,0.01129342559324048,0.5192189409366509,0.9851830115292264,0.01353091080835577,0.9096690009128142,0.9467635589345825,3.5225322695788153,0.012103925459086895,0.00015165279910434037,0.21691660654031736,0.992126525936649,0.00504227913916111,0.0034976406022906303,0.005361120216548443,3.0681550087033433,4.749158036401432,0.018052205201852096,0.9347303643684565,6.307444084448161,1.5523082194213655,0.6252168747976756,22.971655056135496,0.02730996558829253,18.0,200.0,0.8052680659436189,-0.06229220921745443,16.34541995759118,18.288369783270124,0.7426774992303508
FaceForensics++/manipulated_sequences/Deepfakes/c40/videos/797_844.mp4,1,11.402174050678564,2.5859033511465226,0.6167913509748646,6.742948025503696,0.06093822540675191,0.3206033952522497,0.1692395441691604,0.05485008623395329,5.3962338810966894,0.10000000000000002,603.8999586592503,3.7110317289829253,0.8167027721748333,0.4028169379371008,0.28610194059330607,4.844829189684348,4.285984659125644,2.4030657826342763,-0.3243222763064496,8.37051112458905,0.041322321634997494,0.16974833338118886,0.9949927574025914,0.0055920386683002395,0.9585856153929582,0.9817542621620848,3.7942978243133103,0.008768146857619286,6.93961774231866e-05,0.42748693318214037,0.9894791848268357,0.004204188473522663,0.00323508121073246,0.0035174789372831583,1.7177653771158063,1.835188012215519,0.010202285389417514,0.9933269032672926,1.419062891931438,1.3786391572668697,1.020170725572595,102.83567349316525,0.028702366303985826,0.0,0.0,0.44079774685757706,-0.07169862437112137,17.092324351422658,19.307860620388478,0.8270896486859848
FaceForensics++/manipulated_sequences/Deepfakes/c40/videos/801_855.mp4,1,7.035058866102766,2.124025498019499,0.6528793225703539,4.5934565518764945,0.01663497487038167,0.2306567123675603,0.12859301281401617,0.03578205564220226,9.587561263006865,0.10000000000000002,1206.0829499479833,3.3032733142375945,0.8443817140336896,0.2641671541631228,0.2525009801146156,5.260299022703258,4.01592341652924,2.740183430723688,0.3299978403996897,13.87057495591239,0.039540267835114176,0.3868192517836113,0.9895809238308768,0.009962253967911974,0.938999775205509,0.9316421970093828,3.213562660082769,0.008636497892439365,0.00011068760795751587,0.3947051064231531,0.9932714332949811,0.005918782204389572,0.004955025389790535,0.00304055237211287,4.772832159668214,0.6821875929325857,0.018438461859897726,0.9890309225139503,1.4786756636705685,0.7697482662880034,0.7030205514131197,79.26121979514342,0.002306770266470068,0.0,0.0,-0.34463939572720226,-0.12145462128231857,14.477390584296149,19.9251596452423,0.8203394278253587
FaceForensics++/manipulated_sequences/Deepfakes/c40/videos/802_885.mp4,1,7.752738594160282,5.244137728814941,0.6015984372806644,27.863452941223024,1.1195166426418304,0.239242098956219,0.14663860681709695,0.0625386308096234,3.450340177087427,0.10000000000000002,877.4058133307802,6.983088141679763,0.8789971157237038,0.03508696391210395,0.1637529945589431,5.777988383278767,3.3424718771150457,1.3966773663367076,0.3755952195458578,3.8540481975436998,0.020545510380182003,0.16842829646176183,0.986219454402391,0.013342592411093746,0.9173833133301047,0.9869530623090975,3.460623523590509,0.008959094993770123,5.6025881349341944e-05,0.4945616786184579,0.9884146233899578,0.005340296775102615,0.004457362927496433,0.00595451844856143,4.980997756761485,4.481585927169403,0.019333360977093504,0.9809621339975884,2.1533301107859533,1.1467068953261041,0.35980389101806054,17.44699700799132,0.6258912351696589,0.0,0.0,0.39945200692308314,-0.10526151795281341,10.332958205712616,28.20881029553582,0.8121728397351295
FaceForensics++/manipulated_sequences/Deepfakes/c40/videos/793_768.mp4,1,2.7760684112480396,1.0790553972949943,0.7547279729084262,1.174368093583678,0.05644809971611213,0.14328911948410186,0.10488339460178649,0.06999314320218611,1.9192467418932406,0.10000000000000002,502.85315534738356,3.0638322800397875,0.6985886810788839,0.14445859788711046,0.19048054255428837,5.892155732896672,3.309815305876278,1.8784687154263393,-0.030287453084724594,10.600424035444393,0.02500187684450796,0.32084970735284807,0.9875611695720694,0.011079990902459457,0.9236737324460805,0.9526913540632491,3.7235028269255155,0.008156291209161282,6.045088593964465e-05,0.39655702923125263,0.990145789648788,0.007281685713678598,0.006627180147916079,0.003504264634102583,2.1052255801240256,1.3750970971117593,0.00958143972027083,0.968772955684246,0.8303688074832776,0.8113639750811935,0.7017642151693111,27.61225417365816,0.5280038507678924,20.0,180.0,0.6566168826280062,-0.17673317714758643,15.19970881561921,10.160539682049508,0.8655771294465134
FaceForensics++/manipulated_sequences/Deepfakes/c40/videos/794_779.mp4,1,16.80736335868172,1.8665827477353134,0.732699907124471,3.5298131996310524,0.03694791034299167,0.44420356214681805,0.07748220495813282,0.04815298861691946,6.84697589006519,0.10000000000000002,325.7203204546002,8.437960922718048,0.8030213407693905,0.04426273153695836,0.09383546263936336,6.159644013334442,3.9983015442247103,2.7714166242452296,0.09655409379078538,5.299447458769373,0.019561738447513487,0.26292877388269825,0.9600110458902942,0.02996094582377212,0.8613674490113473,0.9641122204987509,3.796343378655863,0.037344951182603836,0.0014583368320018053,0.07490032053940167,0.994169972577489,0.007247947156429291,0.00787100475281477,0.004640826024115086,3.5697145489519104,6.588429077997793,0.04782502481544555,0.9187626731563395,3.632417302466555,1.8624713038099496,0.9111546505107907,53.622366523435694,0.41701676796256504,30.0,286.6666666666667,0.10793614497498687,-0.11252275764002308,17.11689163060494,20.21382030953124,0.7241423735004381
FaceForensics++/manipulated_sequences/Deepfakes/c40/videos/795_907.mp4,1,5.166487671957944,2.056356372599305,0.7124524156962018,4.286302017125685,0.09038458609901115,0.18877241254217417,0.08440589672772221,0.05765372889911402,4.111553391121504,0.10000000000000002,721.5462639265027,7.080828654766083,0.8099484847677612,0.1255367353949736,0.13645471473628348,5.944005215025027,3.8209984587855095,2.206209933848231,-0.44349906335426736,3.61906004676918,0.01968340013310008,0.08824142367896053,0.9813062375323297,0.020073523444947942,0.8425825352414633,0.94914822779102,3.3376477194360152,0.015496738255023956,0.00017982978897634894,0.36795488070705706,0.9950702903820838,0.008373898454010487,0.007111230865120888,0.0058059850707650185,3.257104353531097,3.576919015336728,0.012491873411006504,0.9633016528137548,1.4364646477842808,1.731153371764778,0.4223905131208704,17.852196813512908,0.02190381715803064,60.0,166.66666666666669,0.719967200715542,-0.17420694181898624,16.063318046194862,11.858101969139963,0.7353101053205913
FaceForensics++/manipulated_sequences/Deepfakes/c40/videos/803_017.mp4,1,9.81694081335915,1.3230799339566006,0.761503747177684,1.7822798027946043,0.11339351220925162,0.26635268432691944,0.1094129714996917,0.08318130274577322,1.693181914368455,0.10000000000000003,435.5217558429406,6.354633092880249,0.6792837895179518,0.051332590638264175,0.09566961032693896,6.266875963651694,4.400798196986253,0.859211821704958,-0.30974763460273874,1.1957667483289127,0.008474716215059583,0.009687847614045626,0.9868217613512406,0.01213362039148935,0.9198097219864265,0.9755553811011773,3.347106377319545,0.011560053564608097,7.630306936334819e-05,0.5735685109681657,0.9927715584618482,0.009959259070456028,0.005715544801205397,0.009517568163573742,3.537824052455711,3.833727255716622,0.018046115024777213,0.877480885028138,4.4968855574324325,1.4578314004150936,0.5982963428585395,27.292180788348663,0.6430464571347807,78.78787878787878,128.2051282051282,-0.06950878118823381,-0.17241472684536066,21.4734553475696,9.861702481358643,0.46532351993961185
FaceForensics++/manipulated_sequences/Deepfakes/c40/videos/800_840.mp4,1,4.3305627035073275,2.2163157327826832,0.7014056932595253,4.9877104844858,0.059779488083008,0.19481419906174463,0.12754272151107612,0.05796553420862792,3.7811000244019857,0.10000000000000002,480.0255104183308,7.263018846511841,0.7793170590195456,0.11312481172203058,0.15225746592092632,5.936068075930539,3.60389008927421,1.5955477542978187,0.38036500539582296,3.3637586040977467,0.02886970602546203,0.31882241993920085,0.9679952859468488,0.034321280602521924,0.7606187158662434,0.9763518980540555,3.5824080851456657,0.03126845136284828,0.0008208138751797378,0.3844529203101435,0.9948437364464318,0.010428245179355145,0.007802406791597605,0.009648564271628857,2.7830620755702316,2.68926556912541,0.015101875686635053,0.9710631450229641,1.833876593854515,1.3848284270607145,0.5914067478876002,12.67754695509584,0.48002213950388467,30.0,233.33333333333334,0.7264519120833195,-0.10242463059578472,13.423027340194295,21.364608910467762,0.771779250589908
FaceForensics++/manipulated_sequences/Deepfakes/c40/videos/796_740.mp4,1,13.149272954347069,2.2490562376294343,0.7144449264566177,5.104806524244296,1.037982279556374,0.28284084572858725,0.01915386199136602,0.07472680263383909,1.937730835853277,0.10000000000000002,696.2190014904411,10.942698168754578,0.790833378586355,0.013325411652293949,0.046978440566087694,6.591846396987708,4.148582342562786,2.852964956569691,-0.17312314827599326,4.275474633900796,0.008128233736932104,1.8686475327937608,0.938223294840081,0.05055471206563323,0.7247612178917072,0.9608276506253561,3.951091078054183,0.031303778290748596,0.0007232986390590668,0.45351188797012554,0.9963617519394343,0.005982451606541872,0.004674267489463091,0.005754076410084963,4.422564920004962,5.405730117610054,0.010519991239614042,0.9443936005054125,6.177825825668896,2.3687216529079236,0.6024353659716659,16.78295476938827,0.16602064432167987,72.0,250.00000000000003,0.780020242166607,-0.20441466965654384,22.113835819010074,14.439428228581024,0.4284705667850767
FaceForensics++/manipulated_sequences/Deepfakes/c40/videos/799_809.mp4,1,10.034910807234237,1.6656019997942273,0.7322639715933978,2.813679326816718,0.04627460358731348,0.3488744067310326,0.05656204830574916,0.07615949862178599,2.739817236457327,0.10000000000000002,333.8935100613213,13.021257495880127,0.8640535700477736,0.0012835273471566377,0.0660812041202515,6.568709208277609,3.5770379511134824,2.0311188576710095,0.7156187012997295,6.037489482675698,0.011333007233116707,0.016762750370474762,0.9658271895824947,0.023524916975475887,0.8283245846268125,0.9799415030612032,3.841728212210163,0.025293251499533653,0.0003052375395782292,0.45768059298394626,0.9959670577655574,0.005714840721338987,0.005236058495938778,0.005046834237873554,2.6549691813994936,2.707763804912788,0.016285103313297217,0.9449329576700038,3.381029211956522,1.0901425080022646,0.9336822321119533,14.395333369980818,0.21533319879644086,105.0,228.57142857142858,0.15055051162326885,-0.11166398268702231,18.568663710482653,18.00182408596942,0.6490003560697715
FaceForensics++/manipulated_sequences/Deepfakes/c40/videos/804_738.mp4,1,13.015732154080798,2.015137797730096,0.6978632680607498,4.114310733264973,1.0358332670431851,0.2929477169884779,0.2939306335432411,0.07599380189744573,2.3969973367838238,0.10000000000000002,485.86316068413333,5.38798400759697,0.7321232896455252,0.12709141877567842,0.19211910964458512,5.74277947959451,5.373198869881304,2.4391593387678054,0.1305021028640019,14.761838894540494,0.01470748408117136,0.07851019803544068,0.9956032178699925,0.004846026898006586,0.9649824012990924,0.9638548580633193,3.155298181884459,0.005886767525225878,3.53873438143637e-05,0.4145273211834791,0.9900196501168874,0.0054215737618505955,0.004494714550673962,0.005551628302782774,3.3695879778734064,4.714264022229317,0.014604523437027492,0.9866326781572032,1.3355880278010033,1.7596667338334309,0.41669099561267353,18.53365377562416,0.32059991783928726,0.0,0.0,-0.5271211352407953,-0.1787032012338834,15.19717807069766,8.688240992525069,0.7529921827308559
FaceForensics++/manipulated_sequences/Deepfakes/c40/videos/806_781.mp4,1,7.075865039449903,2.559087173717819,0.5977311740847202,6.609963024494396,0.2570239987785329,0.2693853004409287,0.20032639053509887,0.0754417191162822,1.571538743474219,0.10000000000000002,256.9592296508895,3.6904535055160523,0.8763700052794585,0.16668872437771626,0.2247544130703188,5.235659501625366,3.390557106703863,1.4370481542726496,-0.22942904005247905,0.0,0.06232052064849708,0.6173145571729612,0.9963324854198647,0.0031248980746924606,0.9813389450905946,0.9842373915727027,3.6520218764170123,0.005142535548657179,1.3790757293463685e-05,0.6150247576076795,0.9922465545747398,0.003921216353774071,0.004062388092279434,0.0029407059773802757,1.8708067293537964,2.3511664275858086,0.016668662506472108,0.9810679300852395,0.6975693718645485,1.0001538279536712,0.3602576719735765,41.51706112469665,0.06332512908213793,5.0,160.0,0.6006961305780166,-0.13798138342813837,16.571080908449797,10.792764364006988,0.8320399595812323
FaceForensics++/manipulated_sequences/Deepfakes/c40/videos/809_799.mp4,1,2.612957949482152,1.3134026527730323,0.686464281213084,1.7380118157896465,0.019489807558678063,0.1306907611584622,0.03476385124251241,0.050061589391852734,5.663968138415102,0.10000000000000002,1082.0325538465645,4.700139248371125,0.6870924464846518,0.10889395496826129,0.11057747272736994,5.707322279233048,3.104331903365768,1.5033445256124078,0.3293977257413049,2.0997621759383125,0.018890508076718545,0.07749403611513202,0.9791867631064168,0.02085404338729671,0.8699153763440824,0.9610467081446588,3.231645169693797,0.011945437639951706,0.00021205433586146683,0.31493913555564107,0.9903165777858534,0.017352648079395294,0.01013424713164568,0.006972160656005144,4.458638573334941,1.4431004235906961,0.020983893068157854,0.9551874804340135,1.6403571801839465,1.61841067217098,0.5018385900878939,12.609485360182715,0.2792176390365327,5.0,320.0,0.15281974043716265,-0.1405982866870055,18.620445299616208,17.60402020059265,0.7042229729104883
FaceForensics++/manipulated_sequences/Deepfakes/c40/videos/812_821.mp4,1,4.8887053186777205,1.9278918681657788,0.6717744716962758,3.7593986728957858,0.24018233033265415,0.19909166156054878,0.09294499493282085,0.06840699466755458,2.528204459071288,0.10000000000000002,664.1868780728686,6.3333050310611725,0.8183373741379615,0.11530545313479167,0.2182942092760198,5.948193438972677,3.4509004019518112,2.29145891068525,0.29125926435249216,3.1895461454502967,0.01940648681773273,0.22465504118712615,0.9844827923965268,0.01471336549457655,0.9149397550109647,0.9791032045072637,3.469737897356644,0.008209852501749992,6.395055970642716e-05,0.35104370374923255,0.9928470238915407,0.008122366853058338,0.007215214893221855,0.005194227676838636,10.256691816388987,3.508824803287901,0.020802150030573233,0.987700782435402,1.5176369147157192,1.4250830548112987,0.6641545982338228,22.29412857609853,0.0631100724259683,18.0,244.44444444444443,0.7480649626529465,-0.15049954536942683,13.019799913783734,16.23005012692388,0.8075323482925313
FaceForensics++/manipulated_sequences/Deepfakes/c40/videos/786_819.mp4,1,5.9151811741638,0.7970330455286658,0.7978480744180301,0.6427946022784539,0.9746566506061356,0.1916786459965459,0.3299448841927046,0.09455034207662946,0.8814612652501961,0.10000000000000002,329.32378016064723,2.4721354961395265,0.33897466758372446,0.02138027601900516,0.04004128275969887,6.497354247612393,2.670993745618622,1.4008401791070435,0.4893778022786127,2.2487305863341756,0.0021849002976678618,0.28281517434652553,0.9847995607998072,0.011836015995046169,0.9222089620782518,0.9113571870899825,3.523176429925595,0.012365568429231644,0.00010972647578455508,0.5353199575910533,0.9950408494658636,0.00422444473952055,0.0037617480847984552,0.003549753688275814,5.4264229780944095,5.52960547221692,0.016253634684121148,0.8695404710357277,1.771830581103679,1.9233131513194237,0.55513077037401,16.574422621653348,0.34702414060482945,20.0,280.0,0.724370646216432,-0.2278231990913743,23.247620001310867,5.1464250459817515,0.380672047805277
FaceForensics++/manipulated_sequences/Deepfakes/c40/videos/805_011.mp4,1,14.357791707938333,2.2511625825487127,0.6904239237516938,5.110724391895428,0.8798423096263723,0.41499592165549937,0.28519240456129,0.07188819949051037,2.265887252643119,0.10000000000000002,224.23064584233157,7.614074122905731,0.7332971373603335,0.009391561287897395,0.054405768139932316,6.340722581864178,3.51432046878569,1.8388299696292212,-0.1413968328917069,1.9506255146338614,0.01604542418629389,0.43037214362502324,0.9754109843914073,0.033601450682039576,0.6102777868841256,0.8954841702721749,2.995254907783368,0.01078869216144085,0.00010357244173064828,0.2943902866953687,0.9922936886025797,0.01224906463176012,0.0067260717041790485,0.013986483216285706,6.073087088548167,6.159611448139426,0.05872440968312459,0.9812423676013141,1.562738424958194,3.364043118842043,0.551414862777208,42.75238651277673,0.49511434769369544,0.0,0.0,0.14923943516449364,-0.22860227047799098,9.79081385342962,6.443130219935592,0.6994910467991414
FaceForensics++/manipulated_sequences/Deepfakes/c40/videos/808_829.mp4,1,8.175922662899147,3.3758858664654037,0.7276111259196574,11.466896972779661,1.7524943630796421,0.24520883962573486,0.16723042609240496,0.07062675798400006,2.557366456943315,0.10000000000000002,997.1900211318765,11.470102059841157,0.8176540707797987,0.001119766786999466,0.09222363043053239,6.394593933860193,4.297490915071228,0.6597040069056562,-0.08799562430600885,4.182172204614683,0.003205783096024344,0.033720224345536405,0.9347616953762339,0.04687476325121012,0.7073692771639677,0.9563703713941667,3.6234884388264237,0.02202710509300232,0.00038662320002913475,0.14239201167635895,0.9937928101626786,0.006560623645782471,0.006638569291681051,0.005689174868166447,6.436622603156334,4.974607025579652,0.02512692512694534,0.9564579856777171,4.005536031563545,1.9151351126935807,0.912723257585261,29.122792322494018,0.7051961245317754,0.0,0.0,0.5920765661816674,-0.1044542805399173,12.972491435289603,15.422060996791918,0.6559682532238607
FaceForensics++/manipulated_sequences/Deepfakes/c40/videos/789_753.mp4,1,13.722531022586725,1.0932845015244688,0.7600094328978646,1.1991595195359512,1.1967602071633552,0.30452422848401395,0.07980723988239398,0.0903938055223421,1.0840477478982644,0.10000000000000002,301.437360243258,3.6754321694374084,0.4912077086994703,0.04646512512874647,0.07717106244809292,6.190972132811851,3.1088706037187728,1.4495619318327881,-0.3773785858736289,8.265859921733124,0.003776655342508974,0.2480369293336817,0.9924375093070262,0.00835305793306887,0.9468261823285883,0.9741281739823308,3.4569637359167773,0.009823608212172985,0.00011674701818265021,0.4158207409261786,0.9893555569330147,0.0056562479585409164,0.007198040373623371,0.004068071488291025,3.104237913434484,5.941953095547949,0.016940075813954368,0.9793580472086315,2.67570939590301,1.8029279122553963,0.7085229233417523,15.44542801512374,0.7947471187987678,36.0,233.33333333333334,0.7578042168683412,-0.21814588761049417,16.897596891629235,5.5531111614928905,0.41552138352833645
FaceForensics++/manipulated_sequences/Deepfakes/c40/videos/810_838.mp4,1,16.440946425279527,1.4194930893623725,0.7423586755577332,2.034251084750447,0.3342269482848656,0.35610298175933097,0.03418939671399055,0.07979899324099543,1.8651639872636108,0.10000000000000002,288.8424630746125,6.64582370519638,0.6958320230552875,0.031751479524132084,0.07550572217993276,6.4792612879025775,2.969213199528229,1.8457094610965048,-0.2277391698364733,2.2424262394600056,0.007226645731474693,0.08773960966652199,0.9803630344680921,0.02195598237226944,0.7713194808673866,0.9718693675249382,2.844746675004484,0.017202487215399742,0.0011108816834166646,0.23132383620111677,0.9925112792936432,0.005607888102531433,0.0054301368072628975,0.0035323083866387606,5.904612195153249,6.608288627714035,0.012990123809843334,0.9664357282596876,4.778754703177258,1.6312099247719665,0.5722159225407297,62.08228475627798,0.261637285915235,0.0,0.0,0.1639943841615633,-0.24939371322772533,23.898969579804586,6.05502518449432,0.48291929444688503
FaceForensics++/manipulated_sequences/Deepfakes/c40/videos/816_649.mp4,1,10.894484157922188,1.3590138806611913,0.686850198275888,1.8776416972673045,0.3973298743427805,0.33408840903620696,0.12145516397313558,0.09060244520428459,1.2371904164878782,0.10000000000000002,271.9780611064724,6.93425498008728,0.7596897233080384,0.051202124356629464,0.07871482881243627,6.0547719796291695,3.553466173644596,2.4002193378808463,-0.42538564679041807,9.218757634458267,0.013120070099105492,0.08319781091180896,0.9898089725980627,0.00840255141932458,0.9427331877553834,0.9675645433779826,3.3441704734640862,0.007660853676497936,2.1994859707774594e-05,0.596633100900062,0.9907508359528252,0.0042647626250982285,0.004017766565084457,0.00522188376635313,1.9546877545691446,2.7588294947080003,0.01733338257973496,0.9911000544914814,1.1445475804765886,1.0416425662513624,0.3878300984854769,70.50972067681828,0.5375446972147025,24.0,116.66666666666669,0.6387643405958096,-0.19993554264921026,16.289058057480773,8.319768215070711,0.6994639335906239
FaceForensics++/manipulated_sequences/Deepfakes/c40/videos/813_700.mp4,1,4.812877718608997,0.9944027560443939,0.7617191024067298,0.9939032748919905,0.09873641573234349,0.16640934707640237,0.2498041867262591,0.07769086001282577,2.244841693037741,0.10000000000000002,463.02286946740816,3.752019888162613,0.450531035118797,0.05141507882001625,0.059757016706856604,6.362522882356975,3.6398086169743893,2.4014084219530467,-0.10633971918754029,2.9160339944248674,0.0031702367664469496,0.012640469808512187,0.9693755307670666,0.023937125386569502,0.8619713031591169,0.9596973909587873,3.3924274471086404,0.00826167780905962,3.388651748537086e-05,0.49657188492080945,0.9934964475207231,0.006079740822315216,0.007053407374769449,0.0046837166883051395,3.09338979817249,3.653408975455303,0.0070600651708014085,0.8320264698023431,2.5651357389214047,1.3837728939425185,0.7738091353178336,29.834009197167276,0.58860289621703,4.8,125.0,0.8601119559589759,-0.22375927660623698,21.2152277321839,5.959678180354415,0.4167093955969376
FaceForensics++/manipulated_sequences/Deepfakes/c40/videos/811_920.mp4,1,4.7643464810836065,0.9900965801510884,0.7675080966746896,0.9871406656012119,0.07158923979438966,0.206143915051434,0.10952165989938992,0.06859328279427998,2.5016949109836664,0.10000000000000002,408.2474682215868,3.160419097542763,0.6901133354102422,0.20092431360852558,0.241730977008772,5.753081483776773,3.943801116273982,0.8183091692228331,-0.15425591372618042,2.671629375961768,0.01030572988959881,0.04181239498340529,0.9804897953930328,0.022881486028615,0.8782285098875499,0.9823746491078568,3.2766491649577416,0.008062412030994892,9.411758946953341e-05,0.4820104669868708,0.9947760612696253,0.006947422865778208,0.004074155818670988,0.006216796580702066,1.5973056082499955,1.9639022317679493,0.009487895864007879,0.9774214785344378,1.1828425480769231,0.7518962076676714,0.5011702510402465,39.29588446711389,0.34191846145648014,5.0,120.0,0.2677728834883836,-0.17672579630154178,17.810602139074323,21.522651108025016,0.6933631299275598
FaceForensics++/manipulated_sequences/Deepfakes/c40/videos/814_871.mp4,1,9.814152249341808,1.2905463021421668,0.7494737250788174,1.6825825521586222,0.7843160721885064,0.2639123956543968,0.14288648474745033,0.08346806629991824,1.1929933142362337,0.10000000000000002,260.6862333098311,4.519401586055755,0.5993081495047371,0.037748220580881994,0.05864854081306096,6.168712320323326,3.832369432777175,1.916511235875392,-0.09048624121202935,6.631365640235577,0.004452912033850168,0.032667732626869644,0.990142114243896,0.007495366125934642,0.9526352332062096,0.9178316464983794,3.431037034655743,0.007703828159719706,2.913846037699841e-05,0.39627494551626563,0.9901457153307465,0.0048779989592731,0.0035963491536676884,0.004650972783565521,2.243212590483142,3.322338664003303,0.010778845815423856,0.9802960853583123,1.0528682849080269,1.2394614165623707,0.5400582487533441,21.105960479225924,0.6285477629758899,18.0,311.1111111111111,0.8258033590820995,-0.21424254206487742,18.182921675722334,6.760682412515099,0.5429149075361165
FaceForensics++/manipulated_sequences/Deepfakes/c40/videos/821_812.mp4,1,4.958361122723565,2.4051972045324015,0.6458650946388806,5.855299483798904,0.021258261642035044,0.18105685886316153,0.03162748800474276,0.043660289730107354,9.474981042684691,0.10000000000000002,1093.0744493811449,10.098636436462403,0.7968391029952488,0.043244518772597065,0.16980244241602757,6.190761125774743,4.097238501720903,1.165067718470887,0.19851344694337564,10.739574177842828,0.026088447118223928,0.25882652093087133,0.9805534125972444,0.017492851720041076,0.9029758634512844,0.9858927902590627,3.680578802917657,0.010956981219351292,8.36446342873387e-05,0.6466492253318108,0.9969275400024261,0.009664529003202915,0.00781287346035242,0.004087889567017555,3.6893037584341375,1.7217297155404938,0.01575606322998794,0.9799012636483242,1.5300154159698998,1.9899601666620381,1.5397452314411786,18.743178453359008,0.29563285125624666,6.0,400.0,0.3516974241719155,-0.2070874386921476,13.122274534041612,13.512188492756176,0.8222487025620071
FaceForensics++/manipulated_sequences/Deepfakes/c40/videos/798_778.mp4,1,11.95869814743122,1.1039645425603983,0.7614865193673219,1.2287200504456008,0.0686037781661802,0.3473867728983823,0.10516003251181101,0.07425655277724064,1.732581584374588,0.10000000000000002,109.68688749888368,4.939019960165024,0.6621945090993444,0.02318623122443033,0.046857923834966564,6.150218547084604,4.043788540873128,2.105630306342242,-0.1744880533883828,2.3005913613905093,0.004575894207668472,0.09276577221474325,0.9899056987153495,0.009069947717835142,0.9436312854396934,0.9551998273133395,3.5678209710291027,0.013508843258023262,0.00013909721747040749,0.38715220164062514,0.993825103981115,0.005766913294792175,0.006547996308654547,0.004747171886265278,2.0139182322842615,5.689031366707281,0.022857254536728492,0.9667556459614571,1.7673723609949832,1.9375077353823817,0.5630410552937211,12.084747506045266,0.7040353603435744,24.0,158.33333333333331,0.7266252110702863,-0.18816809914601307,20.25848125529131,6.043237511346735,0.49372751731569303
FaceForensics++/manipulated_sequences/Deepfakes/c40/videos/815_730.mp4,1,8.992861767361584,1.4282406166504156,0.7339898286117444,2.0581393652169995,0.2721325496419152,0.269726696589908,0.3435911513345781,0.07401796619216057,1.7149540444604425,0.10000000000000002,443.7956754982905,7.0692754805088045,0.7528430291037158,0.10439297731695514,0.1375654499434178,5.8102619289643425,3.1918048900394043,1.383757785310081,-0.3340455582558093,5.677423721951844,0.019482751517653923,0.46406900369244736,0.9897902446157216,0.011108143507351023,0.8954466935187373,0.9827205502142692,3.789290556110641,0.008881328627467155,7.057529001031071e-05,0.3695555007218047,0.9911812004028902,0.005247998982667923,0.00508118374273181,0.003587464103475213,1.6544417852738604,1.8274153206208732,0.006572439620220692,0.9751389319053082,1.6314831992056855,1.025041537240936,0.798605538238699,22.37392790452201,0.5864958603004066,0.0,0.0,0.23161122092948228,-0.16544468484232655,16.784424723859978,13.295213898217982,0.7616904334532008
FaceForensics++/manipulated_sequences/Deepfakes/c40/videos/827_817.mp4,1,15.70021616909158,3.62006357996479,0.61266542188987,13.17585961385132,0.08117620823992987,0.3900817608132891,0.012547918210489764,0.050977660770170095,5.189155802469964,0.10000000000000002,472.36250500273843,3.245051693916321,0.7443439756333828,0.4367965573403952,0.323514470165682,4.649727220667115,3.6375260876736046,1.7328794732283626,0.3535481807576371,4.558621720112405,0.024695606201863403,0.15634081282157503,0.9836067131731875,0.019930101936293933,0.8550272281817175,0.9784001403411142,3.305857322284428,0.009998423978686333,0.00012580155453179032,0.34515851663913455,0.9791611904025309,0.005543211475014687,0.005228556226938963,0.006533573381602764,9.026770102244992,8.516203629425636,0.0895830999457567,0.990249710228107,2.7100360576923075,1.4356774990852568,0.601501027082858,54.3683865634755,0.6479078309788525,30.0,120.0,0.3193797824819836,-0.029341103169168922,14.04707404880453,17.624754938353362,0.8310163372622432
FaceForensics++/manipulated_sequences/Deepfakes/c40/videos/825_074.mp4,1,10.051011745836757,1.4781722426371866,0.7191286296816142,2.1980013078002996,0.2849996518319548,0.29519976700378536,0.18910240533469358,0.07912990219548331,1.4837612060027614,0.10000000000000002,232.653358970689,3.1386856853961946,0.647669945844987,0.15141878359015978,0.16667661251802762,5.7813505129409055,3.851732574090871,1.8136087967264147,0.4467079522091317,7.640774005753257,0.011769565891751061,0.18726878824253754,0.990877344632429,0.008690062012211236,0.9156978541584392,0.968839256732043,3.883798866161329,0.004953876603394747,1.2715400771412533e-05,0.5236559031189312,0.9868541906725845,0.00361263076774776,0.0026939641684293747,0.004116389900445938,1.3806218872853153,2.1109997150328024,0.009106912424994111,0.9933349151037307,0.9161985263377926,1.0884691000064777,0.22898381779643184,31.342503437465393,0.2572434434433913,10.0,140.0,0.8229276579064413,-0.2155922524225465,15.744990577673521,8.840272113178628,0.7706463589300901
FaceForensics++/manipulated_sequences/Deepfakes/c40/videos/820_818.mp4,1,4.942826588377275,2.7055709249740625,0.679950789683509,7.370731009489939,0.1716655390860909,0.16941497121579288,0.04455022467856009,0.062287958574426996,4.032343448195651,0.10000000000000002,807.5224033582456,11.03093957901001,0.7226729904763429,-0.004690660396017686,0.05209350129609787,6.562193468583864,3.9440518338939334,2.1395962772236334,-0.5788979318724443,6.8181260460122095,0.02359347288360386,0.15940271505874185,0.9440388099655441,0.04546765797786955,0.718410666348948,0.9486990388752741,3.96821726430779,0.016342896968126297,0.00020322800264693797,0.3962635170344335,0.9949246830941704,0.005521662533283234,0.006032993551343679,0.0037925192154943943,2.033313053676637,2.6494093769321982,0.007335201349297361,0.930379349890255,6.9170673076923075,1.155530968460105,0.5349023228637386,28.290708101801858,0.8285028664900832,70.0,220.0,0.6390219356473534,-0.27484590614307,14.381289207512483,37.2224286355038,0.5361323129906379
FaceForensics++/manipulated_sequences/Deepfakes/c40/videos/828_830.mp4,1,6.794744908111085,3.3044290971385792,0.6194757708189723,11.127440194069942,0.23413714247847633,0.2295642392497029,0.20832911485286698,0.05376867849016085,3.628070248806586,0.10000000000000002,470.9843601632657,6.261617869138718,0.8615985203458918,0.1452738651270287,0.25551949315690875,5.430697283240994,2.9736263806895407,1.3041757732483885,-0.5041183002779274,5.781187048561125,0.06160307968216286,1.0849225619371583,0.9895868504162263,0.008872224844481639,0.9519837645768661,0.9766376055646497,3.4535921659435638,0.006147752050310373,4.4527863792609423e-05,0.5579469848401613,0.991908222603213,0.004985305946320295,0.004562653135508299,0.005903780460357666,8.023297540895712,5.263540318778768,0.03029640338820454,0.9884068360547946,1.4983734845317727,1.1063764767960118,0.37301765956570077,28.170257404400964,0.5883607867799671,25.0,168.0,0.8328700843727741,-0.08979409855589911,14.269965842979419,18.378028606095498,0.8304385195606925
FaceForensics++/manipulated_sequences/Deepfakes/c40/videos/818_820.mp4,1,7.421686423629832,1.3550123154790046,0.7383988100227831,1.852170087890349,0.1897797347106786,0.25207464077152986,0.2458079342053295,0.07946124440041828,1.8142435163592676,0.10000000000000002,288.63870780434144,3.3126025021076204,0.677218537939126,0.12073667431347211,0.1518926504377891,5.973677963142291,4.299584277489927,2.756335221168038,0.0027990760761317096,8.122466452426172,0.008208585487464915,0.21141368002469993,0.9874893529639199,0.010624295255961194,0.9162161376078757,0.9595227513684088,2.7351047519514973,0.01048151683062315,0.0001096414343919605,0.20300024007761455,0.9897737243570183,0.0064131817780435085,0.007261763326823711,0.002899015322327614,2.2623506537882627,1.8248497563184003,0.008805885290630994,0.9374282790697688,1.1719174592391304,0.8087082468866981,0.3989973483329585,52.65993210562917,0.525369903724372,35.0,234.28571428571428,-0.014021064286108114,-0.17330204602943433,17.001496315627392,7.1965378484443825,0.7407992080383057
FaceForensics++/manipulated_sequences/Deepfakes/c40/videos/830_828.mp4,1,6.875613163561818,3.79517219491341,0.6129742055386005,14.577879354069347,0.10982664218973866,0.22381966137667283,0.2507432788950861,0.05094294040839601,6.4808723087494275,0.10500000000000002,1084.6348876079262,3.76426040828228,0.798579159852397,0.2814318892191441,0.346354825896777,5.292690536242341,3.5290592824720766,2.694029117682086,-0.016310786721961745,8.995344707821747,0.037927609141975106,0.18077708483917124,0.9783023680146193,0.01895522921908355,0.8934621103097994,0.9890921650700514,3.26032986914713,0.009719512425363064,0.00011362163058947772,0.49440359102265835,0.9904927468263813,0.0050689601339399815,0.005559516604989767,0.004987781867384911,6.212657218835335,1.3821020613363049,0.010112745943770568,0.987292392719131,1.6172070965719063,0.8210306073411027,0.6429179706026631,32.24422056028755,0.460085165695918,35.0,245.71428571428572,0.5083407750641676,-0.039865856860595385,14.147389726651367,15.711845987566932,0.8444583628221906
FaceForensics++/manipulated_sequences/Deepfakes/c40/videos/823_584.mp4,1,6.3221433930262405,2.7693663998956652,0.6640351956815695,7.820613305504944,0.22151310177499148,0.22869313487545623,0.1947468821569729,0.06814583637080053,2.869353507788515,0.10000000000000002,573.9349052753796,5.564665579795838,0.7806856174402794,0.04004834916352434,0.16913830490534468,6.2232377854975445,3.097103428823486,1.755278185497175,0.414595390250021,7.306099313557737,0.047993382909285016,0.8317950223619472,0.9599642109034586,0.035805079283758846,0.7857148993761514,0.9737239542794391,3.6112818601084413,0.023755351081490517,0.0008443649858236313,0.3205997795463597,0.9962337119893853,0.005907898303121328,0.004565327428281307,0.006661707069724798,5.8733508726232495,2.249765909101831,0.06433816628961105,0.9816278154223628,1.802936872909699,1.124348189509458,0.8920077879999803,34.91607792928982,0.16323909300130313,4.8,250.0,0.11040090877227292,-0.17121230488692088,11.788203031204871,13.710332544085146,0.690503930044745
FaceForensics++/manipulated_sequences/Deepfakes/c40/videos/832_762.mp4,1,12.110519534211926,4.979184812333156,0.5847731020428588,25.0979641279219,0.43541618067850435,0.3144429045409004,0.10213462252461794,0.048529400291869376,5.210915180275615,0.10000000000000002,690.9970789971185,7.273222440481186,0.874261993757818,0.0658918846690495,0.19943867244358632,5.688475050287417,3.8738946305036843,1.5738090854305251,-0.30198223842722993,3.1974924694576052,0.04145742111734625,0.15115707320541907,0.9876253943972527,0.012762347135501674,0.9231462402432662,0.9857963928585277,3.2963241715144598,0.013206117786467075,0.000313673255732283,0.4312403274432077,0.9892236971391022,0.007168739568442106,0.006857886910438538,0.008018150925636292,4.435635893639955,5.52147474130329,0.02765681470854104,0.9751876435720073,3.5268277069397995,2.455789632706424,0.5320727937081915,20.98338300085585,0.4020684019384386,5.0,400.0,0.40001539068972936,-0.06097039436424298,14.231707471061359,33.082889524437796,0.855451167817327
FaceForensics++/manipulated_sequences/Deepfakes/c40/videos/826_833.mp4,1,6.323452048942039,1.504617029004902,0.7086528646065526,2.2844107499585915,0.05396207822717698,0.24652789405423464,0.018957760751289614,0.06614713946737363,2.8373970417775736,0.10000000000000002,434.5812117838592,5.750619649887085,0.6445448176816596,0.0915170722805856,0.12925379524633976,6.101820214069374,3.585387590434573,1.6919943882257416,0.3006619930767618,5.181664317968789,0.012541335877353083,0.21184595212100069,0.9589935702503071,0.06622696137329018,0.6125598035952529,0.9679997284737198,3.200541087805335,0.014575036242604256,0.0001790886599337682,0.7113597107357771,0.9982237910883605,0.008626583963632584,0.0059529440477490425,0.005630291532725096,1.563045943889398,0.6853594229659423,0.010855430270307607,0.9654077162010177,1.6194476379598661,1.792407400605723,0.5583757640204452,10.196623016627413,0.119027123840962,5.0,200.0,0.4433663110376291,-0.2783948763506726,15.743234685530457,14.170768204254635,0.721313570594781
FaceForensics++/manipulated_sequences/Deepfakes/c40/videos/834_852.mp4,1,7.19673021905867,2.015480283464716,0.6571799997194729,4.137312840347432,0.028325770223056334,0.271471070138715,0.08481831056207437,0.04723421475847879,7.480942297366641,0.10500000000000002,587.4157005988332,2.9033986389636994,0.7851183703718664,0.3434450071240691,0.2732446797015579,5.11488599972841,2.626618057061211,0.9584245842705365,-0.23041746872141783,1.5068884237797968,0.07230001412911108,0.31947290504875747,0.9898124913446479,0.013000541663400518,0.8391560190504997,0.9851325061671088,3.0900563466335655,0.009272104129195213,8.614596299594268e-05,0.32723854970993116,0.9907926497126158,0.005943357944488525,0.0060057491064071655,0.004537770990282297,2.3704966671885765,1.687126042475412,0.017464821576918792,0.9866826908884067,1.7912736465301002,0.7710954938657557,0.8434888048645849,16.332383502544346,0.20475543019196374,0.0,0.0,-0.034179303240507185,-0.1044859218457323,11.795420555140193,19.810493069932065,0.8316163031467185
FaceForensics++/manipulated_sequences/Deepfakes/c40/videos/807_273.mp4,1,6.003375910802204,0.9457069620942173,0.7700344952119726,0.904343646320123,0.025720001145036104,0.24038481857373237,0.15324915808649903,0.06711221112898538,3.370599914994197,0.10000000000000002,188.5503975494897,4.357802847027779,0.4904679097438332,0.016669164550101822,0.03905638772760526,6.499133094364591,3.276672534884547,1.8383775170983505,-0.3240250990590907,15.89309570645208,0.006559517522256513,0.06249489185938663,0.9606659295122497,0.0347941107776363,0.8030616130523328,0.9627798827934088,3.825652772095412,0.013122550211846828,0.00011367703700670972,0.41067070928648314,0.9943353621514708,0.010842585004866123,0.008299450390040874,0.005937949754297733,2.2411844586452516,2.3932725755998043,0.012792369430444836,0.9596176161465285,1.6580659489966556,1.6315295137006187,0.8751274184002111,34.75059402558985,0.46172914810426324,6.0,133.33333333333334,0.28609375897292744,-0.21859478035150423,26.51463082920623,9.456031257412459,0.4776188055904446
FaceForensics++/manipulated_sequences/Deepfakes/c40/videos/829_808.mp4,1,13.88588477906049,2.0369815489812,0.7349326782389978,4.3026864236934275,0.08657467255027859,0.35947733138468607,0.05379994395551273,0.06613687702229745,3.2853550981137145,0.10000000000000002,318.7648705627682,6.750122630596161,0.8089004306806988,0.015584992962400459,0.09864279027978512,6.299134396317883,3.6182720738777547,2.3581544747928334,-0.05190551276581184,3.688265263569288,0.0061319631256889495,0.0579419464140743,0.9798011319784101,0.017391461505146106,0.8791008999183546,0.9536022980010799,3.1411647324250143,0.02922224812209606,0.0008421246893703938,0.19255392746682018,0.9954082094081081,0.0073800827376544476,0.0063112047500908375,0.008349285461008549,4.955475660936691,6.565370374732715,0.02791476150455227,0.9336429273828221,4.766356605351171,2.477160435477212,0.803660194753964,14.128725507686108,0.10740513190731289,24.0,183.33333333333334,0.20937793381892741,-0.14896149242513038,11.87289345061432,11.886179193659892,0.4980455306129385
FaceForensics++/manipulated_sequences/Deepfakes/c40/videos/839_864.mp4,1,8.461514723328431,1.8930377676430226,0.6647268329489516,3.641133626422989,0.11289257205329783,0.27569645556529065,0.22257769565230298,0.05997502441130913,2.9828333512121863,0.10000000000000002,307.2241109328223,2.938470962643623,0.7971682781866977,0.4251014983599403,0.2890880102754384,4.963318300199742,3.519600552275857,2.6136698151861326,-0.3574772372379582,3.2243872865141614,0.03826479283973106,0.6684557111046873,0.9932483547507748,0.007579482023433316,0.9334226885739583,0.9827483420085749,3.7660249905841288,0.005681777838617563,3.4353870432823896e-05,0.2921294761868188,0.9932054494479179,0.004009762313216925,0.004785752855241299,0.00212370278313756,4.253988556443407,3.044795072548707,0.013788048018106696,0.9861447787180231,1.0416198526337792,1.0384208815609195,0.32801284316525725,68.26968387839446,0.47042255033476266,0.0,0.0,0.39915412763411723,-0.043578602394087264,15.32709612929424,11.2056072115232,0.8446798696398543
FaceForensics++/manipulated_sequences/Deepfakes/c40/videos/840_800.mp4,1,6.945252684717151,2.2902533335388577,0.6296936389302689,5.314147060731488,0.18903470747651643,0.28253925329878515,0.04205973504672497,0.060811488881696,3.5074271871403533,0.10000000000000002,277.77365623254246,7.264164018630981,0.8473561528427161,0.024190449839316227,0.13160312159950027,6.09614840016707,3.317256818126034,0.8222736035350644,0.8825719426473742,6.65878010734073,0.021906741306982988,0.17624641141890418,0.9681905537256743,0.03233317860388636,0.8018342874067957,0.9873531826346582,3.274983019534544,0.011689245700836182,9.731043974170461e-05,0.22465009010903053,0.9944725540003969,0.004933374933898449,0.003803477855399251,0.005223179701715708,3.9264072041406375,1.6048346581285635,0.03349641248833282,0.9731255644999813,1.3945965719063544,1.5188143653201234,0.9127890994358074,25.1923762723964,0.4489723376464542,0.0,0.0,0.15029196869136754,-0.10995654086297967,14.2923689481465,21.987765536681312,0.7991405149527515
FaceForensics++/manipulated_sequences/Deepfakes/c40/videos/841_639.mp4,1,7.031240985293873,2.1510059658928182,0.7055065067605686,4.680828880659353,0.2739578086694018,0.2024524089855609,0.32171672305068,0.0629211880610597,3.296747564257288,0.10000000000000002,1059.7447744466047,5.447178667783737,0.8406009521445561,0.13327968153067762,0.22300876129712804,5.710431512883063,3.19885408545613,0.9620559465894223,-0.49195079692567345,3.142957593137978,0.013213624638757113,0.032843701759985515,0.9913774349819532,0.007248731356374854,0.9513894049388751,0.9618154743780838,3.4040513564596644,0.00837189145386219,6.94597401889041e-05,0.23102254363955593,0.9909254295532823,0.006141199264675379,0.005041344556957483,0.007159640081226826,4.749945861611269,2.6401372158118983,0.01076250135894886,0.9738785053724058,0.7165911109949833,1.1030657957965833,0.6532593509962386,59.8826477761916,2.5288932799701532e-11,0.0,0.0,0.26773870148697576,-0.1122979998744341,12.102101470969535,16.424431581394682,0.8269907016891227
FaceForensics++/manipulated_sequences/Deepfakes/c40/videos/837_890.mp4,1,9.019709388352668,2.8390107454151168,0.7655995346436952,8.131302167977507,0.2806452146378862,0.27634067942989854,0.09614360167604166,0.06783598793005309,2.2265243399992833,0.10000000000000002,347.2097678562798,6.172764313220978,0.668993954414002,0.0056683563354480515,0.1603194624230662,6.183336430397483,2.8936507979931023,2.1882507945515224,0.5853881923291736,6.153474919789512,0.0036185457780339423,0.03223137551955601,0.9560256226128884,0.030794613543004175,0.8015839350368722,0.9530081748141154,3.6981171639491324,0.011332179419696331,0.00011985551100224257,0.25420676812587545,0.990312515936546,0.007228519301861525,0.004994635004550219,0.00935698114335537,3.2650224486949195,6.223368378547578,0.015231181725627317,0.8590383907573723,3.4859753867056855,1.7418828911061788,0.4437104539503852,40.849329804599144,4.330480079731987e-05,0.0,0.0,0.3940906329136953,-0.18339131239835688,8.821735873924482,7.559635424431139,0.5741407773684302
FaceForensics++/manipulated_sequences/Deepfakes/c40/videos/842_714.mp4,1,3.705952343491223,2.3716422990285873,0.631425347904485,5.721184704303672,0.09330485800216606,0.14818299692314063,0.021464700950810052,0.05482065516502551,3.9892101546378385,0.10000000000000002,821.5258931800315,6.38709774017334,0.7425142343338456,0.05788143554873064,0.1429607673058857,6.3786546056918585,4.261110901332718,1.8460658541352957,0.3509858236656709,13.134900396136056,0.047003017023534245,0.3489467567886181,0.9485699831048515,0.04181788198653066,0.73280209497342,0.9715333949310386,3.661169869131966,0.008362742140889168,3.921938332496211e-05,0.3910027755143044,0.9906373006023934,0.007001011166721582,0.005360879004001617,0.0047794533893466,6.886139218183279,3.2634480332694498,0.015397384567374661,0.9082673911102502,3.10373118729097,0.8563255138029927,0.47855743173466847,17.678374756884754,0.33118372358100756,0.0,0.0,0.9525300529480529,-0.23380933285825073,16.34261123874434,10.401540067581669,0.7469247859351459
FaceForensics++/manipulated_sequences/Deepfakes/c40/videos/836_950.mp4,1,11.075825360821238,0.6340465924623757,0.8114872432494735,0.40259796524952723,0.5605413779331052,0.4793251561121317,0.27349120756945583,0.10156350589837757,0.6587925525728452,0.10000000000000002,32.12621617645735,0.4297405831515789,0.4341564867831008,0.20285805893504658,0.11020801025086635,5.8528652475068235,3.439090698078613,2.8054038019461247,-0.12049815695072454,3.1234486112854696,0.0030998907371794786,0.12173294566329732,0.98819350196222,0.01398976935745296,0.8677108449082989,0.8643313569060267,3.382867343007965,0.006353194825351238,5.9304078604327515e-05,0.27641606237208993,0.9666471320745215,0.004967840854078531,0.005382757633924484,0.005760166794061661,0.5621218636099159,1.2118442302743262,0.009276492652965809,0.9014459367979111,1.3524835388795986,0.7562934497549506,0.3997128939382706,23.610319795677487,0.03038119262174592,42.0,171.42857142857142,0.7543258611607273,-0.1831283909533781,22.695830011218078,4.450823090209296,0.7531312487288652
FaceForensics++/manipulated_sequences/Deepfakes/c40/videos/844_797.mp4,1,7.266127793263709,4.106422905661728,0.5870447416984873,17.172766491587033,0.139061521227047,0.2310172794058815,0.3208646971230572,0.04967718108336129,4.543647978795681,0.10000000000000002,942.8606889649027,4.109335899353027,0.8872704531996881,0.35016614811612023,0.29192652161486654,5.426937808501966,3.500153940025549,1.4257192357947999,0.8126861801923828,3.9731520141147327,0.12007045984883406,2.089139014992471,0.9886256370037111,0.011854784413416109,0.9048484804864446,0.9666332904176919,3.4192128335393908,0.010795742273330688,0.0001508933346485719,0.322494311973981,0.9939959448890444,0.004219026770442724,0.004000955261290073,0.003514640498906374,3.3428093995483055,2.4264107468601206,0.010260551465494998,0.9832220702677235,2.1031302257525084,0.8541329736779003,0.45060899200258486,35.52878202300579,0.0006112581705256803,24.0,241.66666666666669,0.22288060860764292,-0.06550231566511978,10.003258952180493,21.167895150044895,0.8053158406385036
FaceForensics++/manipulated_sequences/Deepfakes/c40/videos/819_786.mp4,1,9.221266827792117,0.9114667627573466,0.7784259557527621,0.833896889921272,0.5642662772065747,0.339926562314682,0.19967360236708903,0.09076911968871401,1.0249104440388133,0.10000000000000002,68.83528056421757,3.1308498322963714,0.5416432590401212,0.06811525474402709,0.07061738999444318,6.474733172384176,3.0653422961276826,1.6274711051172133,0.8132956750613787,9.885957910585125,0.00305761184784039,0.4449346404408394,0.9849951728837519,0.010692762236656432,0.9419085947694764,0.9776577003043325,2.8226090131519115,0.013622879981994629,0.0002083083090838045,0.1036423132187187,0.9916142186568507,0.003305931342765689,0.0026087716687470675,0.0040697967633605,1.3138847997347756,2.2958095262786693,0.015305250441663584,0.90902156234066,2.4206306176839463,0.836917976733683,0.5817236592859563,11.913035166076357,0.4951912346884875,0.0,0.0,0.7444009508069463,-0.2573541470749938,21.61655596455355,6.101767855985806,0.4987552304381976
FaceForensics++/manipulated_sequences/Deepfakes/c40/videos/838_810.mp4,1,6.374631205687747,2.026687231027262,0.7299172354354341,4.149196000134225,0.12698293572662525,0.20500729347557872,0.2878667664955722,0.06671563491220799,2.2896270305543776,0.10000000000000002,687.4621441043138,4.2182010352611545,0.7064501251493855,0.14059483466543174,0.19527848529754893,5.806611338802435,3.2120240578251873,1.662089014968718,-0.09866245650234609,2.815746237570696,0.007936497195086108,0.06991334643900673,0.9744862264409049,0.02497381645242409,0.848857096445717,0.9367106113537349,3.3786090687172465,0.014059467241168022,0.0001525501284049824,0.43754595607948754,0.993136007059469,0.006877729203552008,0.005708735901862383,0.004223677329719067,4.134111044250074,4.916154086568084,0.006834715729960667,0.926625338808896,6.2011098191889635,0.8909616762589442,0.5354961578680351,73.48606396563514,1.3149813830419058e-11,90.0,193.33333333333334,0.44785997166330205,-0.13606347180203515,11.585993324065873,12.525314437607262,0.6567151375300929
FaceForensics++/manipulated_sequences/Deepfakes/c40/videos/843_859.mp4,1,7.585325041313551,2.298609465811405,0.6907402932398121,5.329401605344156,1.459057413134021,0.2558999642033893,0.06107730283158256,0.07979827645705055,1.6041283335807939,0.10000000000000002,575.3086731542727,8.514154195785522,0.8293656924776446,0.1328073590141031,0.23652200468009563,5.941242858421302,3.127412856189819,1.6992039377813435,0.17725278871098446,1.4305092533505057,0.0300940564580808,0.1908940016747008,0.9787412824180719,0.02381407562439228,0.8741836219005441,0.9805506404361404,3.5625021143776774,0.013804882764816284,0.0001598276721779257,0.5127774626788175,0.9976988088806035,0.007882661186158657,0.007332566659897566,0.0053010499104857445,4.837110522760295,4.407081367568925,0.016794988574112563,0.9516130760457463,2.514707227215719,1.8964045399073222,0.6330470658987719,21.497910357829582,0.46838869132623556,12.0,266.6666666666667,0.25141287003157836,-0.11116299520828953,12.377744093894929,15.242288486025172,0.7474204922555916
FaceForensics++/manipulated_sequences/Deepfakes/c40/videos/822_244.mp4,1,14.750657419277086,1.4832052386582966,0.7320718123865742,2.2243576652272687,0.39650781892282705,0.4121394657381803,0.11683042740867036,0.08152680488026685,1.6773255746468672,0.10000000000000003,180.8687141565909,4.359063538638028,0.7589481490468859,0.1333500148039499,0.1814775559252646,5.916421926243658,3.788941938112488,2.167989855874399,-0.25720522724398237,5.092967445582733,0.0071690178362339785,0.015572934753914308,0.9915517120959234,0.006728967495622421,0.9611312385621901,0.9436947719058613,3.5778901268735677,0.009000585414469242,8.989484194898978e-05,0.29212729449449726,0.9879846225660817,0.005115915555506945,0.004527282901108265,0.006358614191412926,2.3189545053597653,3.568202412395069,0.033789826684167086,0.9729069025472975,1.978324271537162,2.2040011907986328,0.5144052796588656,14.218484913800173,0.5655371475937755,0.0,0.0,0.7305893880357556,-0.16863577733836188,18.754444988618513,7.792758280644381,0.717372507018871
FaceForensics++/manipulated_sequences/Deepfakes/c40/videos/846_845.mp4,1,3.5688497435638915,1.2178988107755202,0.7002823665753347,1.5046715687822108,0.06777327209772017,0.15339045864365908,0.1687360932505973,0.0699816002544824,2.345053425428323,0.10000000000000002,847.2367916486119,4.232632666826248,0.7344475306700896,0.10192356554958325,0.1474993776712734,5.907257999199191,4.357517578435866,3.185662368908101,0.03829624503010491,18.631540379274107,0.018514798690048708,0.12375855688831154,0.9858159617145575,0.014183096629405511,0.8843765650091977,0.9355531747722415,3.6127211606192695,0.009442145936191082,9.247063280781731e-05,0.4766202085125279,0.9922880036355792,0.009743597358465195,0.008350523188710213,0.005763272754848003,5.986794134168702,2.5608237164158565,0.020072014616247677,0.9407417714199576,1.2618167328595318,1.4244612024897625,0.4842656072183755,34.393605617178864,0.5504171129578445,15.0,226.66666666666666,0.054952921794348145,-0.18071283900641003,19.317921307389774,8.014114314713206,0.6899973933499518
FaceForensics++/manipulated_sequences/Deepfakes/c40/videos/845_846.mp4,1,4.807658138754684,1.2973980122259328,0.7264795167900417,1.6991708632505873,0.08307413901738621,0.20766825267558042,0.027009176122468274,0.07431413801194305,1.9467978744397236,0.10000000000000002,555.7018161448061,6.4953026413917545,0.7726267923328642,0.048522003433639674,0.10696257327319587,6.09914843841781,3.4685223097030495,1.3900725466966077,0.16899108406056262,5.189534590879127,0.025831234441185066,0.5377674054211137,0.9703959778054602,0.027409537024591892,0.8141075332900606,0.9344580546070425,3.5609258697899833,0.015717437490820885,0.0002540125569794327,0.24852362884909812,0.993507046761646,0.0068008690141141415,0.005663652438670397,0.004015675280243158,2.0087747540868652,1.4327915579899788,0.00553678616956838,0.9798145125364053,1.6136764475334449,0.8309848182533623,0.5301630896932625,15.540480870461193,0.12327319805483626,0.0,0.0,-0.2220266528543354,-0.1765107192914989,17.81130791704373,14.033171319818996,0.6171141279695223
FaceForensics++/manipulated_sequences/Deepfakes/c40/videos/849_771.mp4,1,9.610823043882343,4.15284927939255,0.6145962129159389,17.39312754416986,0.11256286976649484,0.2973975886011463,0.09159939305739905,0.036959980393505225,7.943565892512337,0.10000000000000002,455.00122686929274,3.7628909945487976,0.8795873768473811,0.3929519895694874,0.26870077739218456,4.86946565439176,3.6884666089641045,2.904422410322914,0.04842386321090238,4.812383469214413,0.07836536433583785,0.4902168054016282,0.9937923476146213,0.005537154684505784,0.9640017050630908,0.9925820404095049,2.8147535930641863,0.005580932833254337,2.4685097741894424e-05,0.6012731012364319,0.9931610827550897,0.003794899908825755,0.0035688153002411127,0.004604027606546879,1.734988129428881,3.532877424550675,0.01198922183137697,0.9861740493478744,2.0019269962374584,0.668350271962565,0.4335077711855502,11.869123387438467,0.37727534348978414,5.0,120.0,0.5249291571853897,-0.006730879942891499,15.538654209675176,24.015379996186194,0.855443131280354
FaceForensics++/manipulated_sequences/Deepfakes/c40/videos/852_834.mp4,1,6.638989152535733,2.5084045073769445,0.638820367267327,6.331773139267033,0.026907046505264588,0.22848533511806873,0.10513358315721524,0.048933652738669654,5.921661068350855,0.10000000000000002,1202.3338100866417,4.591245055198669,0.8646302016714713,0.3969340031307173,0.2593789312197964,5.047514453508186,4.394816970849696,2.155414567342276,0.4142047459212398,10.644962705899063,0.06081064758369749,0.49586534365711155,0.9878529891610145,0.016579712444725916,0.8447211853465689,0.987499177946043,3.223776234193354,0.009018940851092339,0.00011367812112439424,0.49588347495827245,0.9940346736332936,0.005828393157571554,0.007976160384714603,0.0033799144439399242,4.5557004173418285,1.0224266028740152,0.03287961767498724,0.9787836960874039,1.0418386810200668,1.2088438372512462,0.551541140172157,43.26167187116663,0.22677578885048774,5.0,440.0,0.3518341347550254,-0.03766009944735398,19.355828561161932,14.820331344129922,0.8630181263143626
FaceForensics++/manipulated_sequences/Deepfakes/c40/videos/855_801.mp4,1,13.968246841364484,3.3640289574468563,0.6242721147035615,11.432968076170534,0.12848451782907466,0.3527205350031649,0.22717818024698144,0.06557546292352343,3.6192648606790385,0.10000000000000002,750.6647420685852,13.767556214332581,0.8834310315718339,0.0717624104891232,0.1422201169387999,6.1514699073590835,3.6446021683091754,1.694346775958508,-0.2666681437086892,8.013958470327852,0.007636165356506205,0.025950860105653565,0.9772976361294683,0.01969891193334501,0.8723052484114453,0.9867055427865483,3.682115173921172,0.013020177371799946,0.00013559628860093653,0.4669873184968946,0.9918721712445554,0.005742990877479315,0.007371095474809408,0.005504141561686993,4.752913668395179,2.424159011948486,0.02372309945244039,0.972522763169051,2.7449081573996654,1.045330186167339,0.6367085737353966,49.806087463366865,0.3189983187439729,0.0,0.0,-0.1074214773280987,-0.028383114823963246,17.879436084316826,24.67263921464844,0.7705777224470118
FaceForensics++/manipulated_sequences/Deepfakes/c40/videos/847_906.mp4,1,8.129954555580941,1.1811420786134352,0.7655757482626503,1.4137924626095597,1.371320342975236,0.2298961206739111,0.017215890372099786,0.09191081671408553,1.2369985264648062,0.10000000000000002,450.92612009523435,4.495733660459519,0.4623835082329908,0.025772332475264406,0.055710157061090476,6.358679005663549,6.305819348810622,4.191887645383553,0.3231752319441306,36.333320552140556,0.0030911906000422734,0.08600765653800893,0.9785961305668973,0.01813364131723668,0.8745838415256738,0.9523897642545222,3.7108170684378305,0.01096088346093893,6.539855530718341e-05,0.4327575197040447,0.9837458852185971,0.004835181403905153,0.004275067243725061,0.0054016802459955215,3.9226055544705836,3.28483780829807,0.01669073866188312,0.8890048670578443,1.9729567307692308,1.398758143532507,0.7134626943773072,46.88905601748062,6.162667783489913e-12,36.0,144.44444444444443,0.8298786937286086,-0.21920561505343433,18.233849489047984,10.745476867209458,0.35268528694417706
FaceForensics++/manipulated_sequences/Deepfakes/c40/videos/857_909.mp4,1,6.133557570915717,3.643722796989966,0.6228277683459469,13.443750080405106,0.11334289500992352,0.2440746067178779,0.2563037249949936,0.03337814047191737,6.466169777028357,0.10000000000000002,602.8503841185586,9.719155418872834,0.8917178936308128,0.003077102156667103,0.16555138104280334,6.097328095523246,3.7654065651171327,1.651170072444231,-0.060844420979896764,6.598414422736115,0.018440575470370653,0.06662599799005806,0.965011970191898,0.025959241592842186,0.8231925250888946,0.9634086759811911,3.882275617116328,0.02329505793750286,0.00037044251803308725,0.16303920791104057,0.9898850207309168,0.011919871903955936,0.010055921040475368,0.008692976087331772,7.0071552260918155,4.318214916073646,0.014447825858395155,0.8543445910447133,10.175970683528428,1.1849185787037406,0.5463396099414561,36.14864538216104,0.19963163644487442,0.0,0.0,0.034258639048633056,-0.0804166157755472,10.615538000265873,53.218634193621256,0.7711005737116322
FaceForensics++/manipulated_sequences/Deepfakes/c40/videos/858_861.mp4,1,7.970446470536585,4.142923877521259,0.5882814425861802,17.317706523695712,1.527765225680471,0.275401132003512,0.13592359538052462,0.06627122325165237,2.5278994259693066,0.10000000000000002,485.3892648152922,5.772897943854332,0.8711157073513913,0.27141842219919377,0.34893677901912706,5.402499370459137,5.276676867174316,3.3474516964096233,0.24103422686924109,7.732162740847355,0.05044973959051941,0.27789463300208583,0.9906886806598708,0.012859062697571153,0.8907392638349029,0.9882126661954562,3.1226334786071988,0.012591342441737652,0.00028602409292943776,0.3761533094421433,0.9965571540227186,0.006695210468024015,0.004467083141207695,0.006637424696236849,4.045534121511657,2.0500612285215594,0.013851485067536185,0.9852716148897565,3.133299148202341,0.8704223210212988,0.42823235450838926,35.41839501351892,0.4573606379098019,10.0,360.0,-0.0903532203434478,-0.12864765606725673,9.88140617392252,44.480572138164,0.871329252114022
FaceForensics++/manipulated_sequences/Deepfakes/c40/videos/831_508.mp4,1,7.813068739582197,0.6251577848641483,0.8058758595383152,0.3921430286842371,0.06331925918206657,0.26389124347573595,0.07759910740924317,0.08567784154852442,1.4707493486104894,0.10000000000000002,67.55817950674468,0.6806086122989654,0.23727814075128545,0.056109415035639244,0.05246151526369999,6.165825637766908,3.805559556740118,2.0338100393677427,-0.192953087674217,2.4838968097766254,0.0002687711305413255,0.00044742341713530553,0.9935673748915489,0.006480564595134572,0.9578587835307215,0.821402077527629,3.860354682197943,0.005753747187554836,2.6218456696369685e-05,0.4133374912735647,0.9940108833369045,0.0066380794160068035,0.004356354475021362,0.006215981207787991,3.91325774588327,5.063498922021674,0.015895788550093472,0.7633292818993883,2.365077602424749,1.722729851810394,0.5618555780922865,15.058777938226271,0.3898330135193367,0.0,0.0,0.7854335279837593,-0.22573999666437566,27.47449631763228,3.966688607379081,0.38123457581347747
FaceForensics++/manipulated_sequences/Deepfakes/c40/videos/835_651.mp4,1,7.665858469144827,1.4947821903344167,0.7280988971746132,2.2520210124423805,0.09932006092563514,0.22393830985135707,0.3444554517231436,0.06354011911542647,2.82946933330247,0.10000000000000002,362.9866539436968,3.8528435230255127,0.6747384771563762,0.18596142851305164,0.18902661949525218,5.883848745187094,3.8208313291295504,3.0432647321067146,-0.07907588043428856,3.3259378275094593,0.016835385531731265,0.17678886951530773,0.9915367641943224,0.007398836842130823,0.9452643423497373,0.9852668803529692,2.881874482757534,0.01006322167813778,8.17058389657177e-05,0.3986008203735422,0.9948580213985144,0.005409289617091417,0.004742254503071308,0.005430531222373247,2.4643368165611204,3.7472893920781694,0.0148177380118016,0.9750424805731545,0.7170581626254181,1.8422329691215118,0.7222907700403726,19.761001417118617,0.15708446373534415,35.0,160.0,0.8799284728659549,-0.1937928528598761,16.664103655027212,7.120130659055266,0.6814878296077018
FaceForensics++/manipulated_sequences/Deepfakes/c40/videos/833_826.mp4,1,4.6946857754865565,1.0251204642448966,0.7694939854013719,1.0602971475799905,0.035641789675302966,0.19275914641452513,0.1639895363147727,0.07150533635292468,2.7588956005128797,0.10000000000000002,368.1194425526772,5.999918615818023,0.5300011432913706,0.016691836917367628,0.06142750951701752,6.451565854840461,3.8496136423817906,2.1705184678586567,-0.29107327479668565,2.7104200316876637,0.01303638120867656,0.5742119174199266,0.9550952691257064,0.04523831727052831,0.6498377524612072,0.9684354271278811,3.7302748040402367,0.02480587363243103,0.0005407966091297567,0.2866735123818412,0.9971580658000229,0.006469573825597763,0.006363353691995144,0.003966089803725481,4.712059929591394,3.1199222174380883,0.009068850513670722,0.8974760848361715,2.9044438492892977,0.9353460777350175,0.6199217601400693,31.751601076263444,0.49477861816968643,20.0,220.0,0.26627486874391,-0.18158218472789842,26.74020673916783,18.061239318547276,0.5189405008263069
FaceForensics++/manipulated_sequences/Deepfakes/c40/videos/859_843.mp4,1,5.884201364283982,1.4058042902585792,0.6737644280100938,2.002069505314467,0.010660714199356207,0.21318417007988955,0.1799510589726264,0.05364982377048947,6.224464796538654,0.10000000000000002,658.8716833165902,5.718115192651749,0.8068058181864469,0.13365192870833317,0.19832759945794604,5.746422261286937,4.901218693463747,3.6618478771769625,-0.204121459737068,12.99329829793038,0.013616202610742648,0.2946045904548074,0.9905958325785472,0.011622687668108667,0.9284999593044079,0.9200867442750603,3.489885552932014,0.008395330980420113,5.680547110387124e-05,0.35268778223074687,0.9921970355881586,0.005960224661976099,0.007460500113666058,0.004210704006254673,2.2902332835870536,4.601691952010899,0.01608288906280235,0.9628146233186053,2.0130186559364547,2.0135455940154667,0.5004868363686152,70.84856142672352,0.11590093147452497,66.0,172.72727272727272,-0.22953868198326466,-0.1484616864583791,17.04493184062031,10.956571070063353,0.7137145646106883
FaceForensics++/manipulated_sequences/Deepfakes/c40/videos/854_747.mp4,1,5.515375499466806,1.520221431169427,0.7403735620121821,2.3495557813402703,0.04821401240498627,0.19969505963873907,0.18338547464584495,0.06035665767204558,2.542713920160633,0.10000000000000002,587.2990887959115,5.276726234526861,0.7215446322799572,0.17154635106589672,0.19266301040586684,5.81563307053531,3.4532115099508363,0.44560146584451316,0.32830683432853075,3.3128320959655677,0.008790455865834074,0.14617068101799166,0.9659196369129112,0.02939891723450911,0.8233499119991449,0.9824821884570316,3.20847149557579,0.01623285934329033,0.000247711141128093,0.47457522218172926,0.9784087287418375,0.009599554352462292,0.009546994231641293,0.007106325123459101,3.4030553799707897,3.3334080763835963,0.02064235530643299,0.8304287590270751,5.892254826151877,0.9034726947561292,0.4083382552568614,29.487705345127267,0.2141894598237358,40.816326530612244,215.0,-0.17423656436518548,-0.12303919620915749,16.703499933002245,12.86868724674147,0.5997131955197852
FaceForensics++/manipulated_sequences/Deepfakes/c40/videos/853_863.mp4,1,7.2004032896268795,1.6032350100950636,0.7231976737960956,2.604276157460977,0.0785060983246327,0.23131095100253757,0.07427279706024004,0.06996551585039881,2.57034592774534,0.10000000000000002,365.7037291038828,8.707408881187439,0.7131203034977377,-0.0016019058308106853,0.04510073733791055,6.495952180755399,5.378225765819493,2.942734595367492,-0.27580456425786043,10.305187574084695,0.012923766827457786,0.46271947528589735,0.9857342227807386,0.011458455695788733,0.9366870381526828,0.9694985735810819,3.7982358207835407,0.026140542700886726,0.00038183791912160814,0.3599574612859355,0.9952353180952657,0.015873262658715248,0.010844859294593334,0.011876224540174007,4.8992970409999685,6.815196004643134,0.016546204025427662,0.9017562069532337,7.003400005225752,2.260713544731001,0.7827971679817726,11.746799094162036,0.058122850889227445,42.0,157.14285714285714,0.40496556407953366,-0.1914769123306222,17.67341778007484,14.316018226763223,0.4397183435402169
FaceForensics++/manipulated_sequences/Deepfakes/c40/videos/851_552.mp4,1,7.916007805337273,2.503525049723128,0.6442151232321678,6.3230237406315,2.331970286207076,0.28897128182047427,0.1674108308894693,0.0763306768176275,1.9854514407231723,0.10000000000000002,316.34639209924853,11.176584488153457,0.7535030486726945,0.01908187909337116,0.08420956433322865,6.49121181347429,4.306195646056343,1.7377689057722032,-0.010308982390190022,6.070556292278962,0.024544229033002407,0.21572316752411805,0.9724160578511629,0.022924681121863924,0.8485486922398038,0.961030397051368,3.8166709910435594,0.021519949659705162,0.00025217977236025035,0.38925293105184283,0.9935264094405679,0.008282454684376717,0.008777209557592869,0.004627286922186613,3.84335299278406,3.8606595528442758,0.023512539806891334,0.9262995235977977,1.879298181438127,1.4515058868182882,0.7283826738564203,49.94396505737561,0.8519465862905297,19.2,177.08333333333331,0.20318387254618162,-0.2784542533627077,9.575389844523515,11.08026979930945,0.6619226483609493
FaceForensics++/manipulated_sequences/Deepfakes/c40/videos/861_858.mp4,1,8.910947651704454,2.8394146592813145,0.6535687668556236,8.173781144114715,0.06195562706780389,0.24988965929302007,0.2140054919179574,0.049360087958026114,5.712657315452369,0.10000000000000002,1321.2624452971108,14.987895274162293,0.8891025299478936,0.039580003663799754,0.11660397963679678,6.204100700790146,3.215534482952034,1.3293092444058299,-0.0396397088985335,2.6437505720625705,0.03496222650133431,0.16003159513654722,0.9742865049170657,0.02365663575324707,0.8296319516342054,0.9832779759260364,3.3788140615697975,0.019067304208874702,0.00024824708816595376,0.32536427980811305,0.9918118332751684,0.00845416821539402,0.007128758355975151,0.005864257924258709,5.640817353061864,5.621687413725306,0.025389345533712825,0.958246710696744,3.3495081260451505,1.024907965959743,0.8002922912259749,41.041813431396044,0.3167483757740859,25.0,224.0,0.2991056636692458,-0.037138059150050515,15.41657579657295,23.2503829736209,0.7679389636617491
FaceForensics++/manipulated_sequences/Deepfakes/c40/videos/856_881.mp4,1,9.03191909898605,2.779376214507036,0.7082051592687658,8.033098068671098,0.05288864581733109,0.2882971828568369,0.00908497282639798,0.035030786513826115,5.7064904822440905,0.10000000000000002,553.8923802900629,8.22423380613327,0.8970075335425284,0.04808178611408526,0.09765833759792068,6.013558544317546,3.4134774555308383,1.8243459146605348,0.5744860921084768,4.362665273445715,0.029980155477636085,0.23524499373306218,0.9537790741498838,0.044518500464616834,0.568526182305883,0.9812663743792877,3.5994607550214,0.029930708929896355,0.0007759989239275455,0.042188812282885645,0.9974060857362377,0.004773945081979036,0.004586538765579462,0.003953881561756134,8.629210597267308,4.885924888169659,0.05378031823709041,0.9813704516303589,1.9023992736204014,1.1297116639061844,0.4552784328223617,31.876504317255108,0.28233431552863597,60.0,150.0,0.04422978065186963,-0.11472126141966603,17.501659969823393,16.083586733783633,0.7144896960060816
FaceForensics++/manipulated_sequences/Deepfakes/c40/videos/864_839.mp4,1,8.417886544201227,1.9776476980954651,0.6273833628666067,3.975351792970276,0.0747089646771651,0.2868679305100998,0.016040357480032682,0.056744582510232885,4.094885967800426,0.10000000000000002,272.88588703016546,5.383204317092895,0.8620456596299924,0.13068124982235438,0.19982725673778137,5.689378836434111,3.3225774085057433,2.713869221707181,-0.4357662954077209,3.9755710118250294,0.02979297412061156,0.34005189570052047,0.9908209263408293,0.009810767567512372,0.9293890561116034,0.9910407552353018,3.5364056562174317,0.006858353037387133,2.4037439288804308e-05,0.6374174230835468,0.9887609272942,0.004986695479601622,0.004522704519331455,0.0039392379112541676,3.513428266058816,2.1592360290598758,0.01979345566439652,0.9872099811530572,1.613150606187291,0.883767491816874,0.47316724402887556,16.995072319322105,0.4491533786345308,15.0,320.0,0.669488999265891,-0.11779851377714995,15.613053755298312,14.598708816987543,0.8253220769500956
FaceForensics++/manipulated_sequences/Deepfakes/c40/videos/868_949.mp4,1,6.9713235325262275,2.818956117441135,0.6342388773868106,8.225792296232633,0.06403404170336043,0.22307287716476246,0.1470451481723762,0.05749305462733817,4.8542872928763865,0.10000000000000002,632.1834690844106,5.841018003225327,0.8401729945784485,0.17262160499930918,0.21149821400900795,5.497960983969535,4.22687007981829,2.077859774486635,-0.4100309551208377,15.596392343963373,0.03110686749428189,0.5305200677809332,0.9909161771079854,0.008411518861733943,0.9484785297233987,0.9830685368828544,3.54455078311683,0.009907672181725502,8.334914309671149e-05,0.40476034245271253,0.9915474180289439,0.004780808929353952,0.0038212344516068697,0.004264728631824255,2.4884196422537412,4.990296637347527,0.016822250178689605,0.9913117507557361,1.6509785221571907,1.1675112369934169,0.6639943964127346,36.53823594812132,0.7292898417446707,12.0,116.66666666666667,0.6592651692449417,-0.06461972573706556,13.294058993183757,15.432722582886159,0.7774273537502441
FaceForensics++/manipulated_sequences/Deepfakes/c40/videos/867_765.mp4,1,5.206944244659107,3.473803693388878,0.6345856521254432,12.282685054502377,0.12508154062663113,0.179569132354885,0.2980690391563504,0.057538459643647,4.827864500677121,0.10000000000000002,713.0749956142158,7.583610999584198,0.7866207125196008,0.009982296433146302,0.10019501847980768,6.510240161563782,4.247941425934954,2.3915068671424677,-0.15433562255710614,6.958909322974269,0.013903476991083739,1.0008752045690628,0.9708161693971731,0.02388646884515483,0.8659284834578094,0.9681860444638726,4.016176238001088,0.02486266754567623,0.0005951424245722592,0.2122502327743222,0.9972270133198061,0.0072985016740858555,0.005690585356205702,0.005251717753708363,5.027698775958658,6.482443160629167,0.017041949658347266,0.8596718593557549,5.829408575459866,1.2723103732650731,0.5679631079946141,11.00677686844439,0.4242701469719799,0.0,0.0,0.6407796939939456,-0.14492031014677706,17.283735441004595,23.257193379697583,0.5988482443174595
FaceForensics++/manipulated_sequences/Deepfakes/c40/videos/863_853.mp4,1,12.740224153132031,1.632413462296898,0.7385057477753233,2.682253423078687,0.9161972558844921,0.33141535643440617,0.24717625499185947,0.08287581543720404,1.0534857078771915,0.10000000000000002,194.61908355905766,7.285303127765656,0.798551635179186,0.055588059986406466,0.09418524754467572,6.014957905788845,3.7872254659524707,2.3584472042708984,0.20780710996799467,7.564248075719955,0.012619334931545712,0.43317902145353565,0.9909201650703097,0.008933861620196519,0.9104823070846607,0.9504355824600824,3.637656767172085,0.01280122809112072,0.00020449540170375258,0.2446695359847113,0.9844496886994254,0.006251999642699957,0.006019364111125469,0.007099981885403395,5.217524126345051,6.784073410058243,0.028432267171212663,0.9447937703882963,3.0242899508779266,1.735592516766906,0.5319936516448855,14.177833828315329,0.2674531186011567,36.0,200.0,0.7264393928788306,-0.13634394159479782,17.16589924037713,8.089183095940061,0.6676340287136866
FaceForensics++/manipulated_sequences/Deepfakes/c40/videos/872_873.mp4,1,6.276146030868347,2.4327883018640653,0.6132567314683623,6.053952508944828,0.12147969957451246,0.22063681648496708,0.0943349326037179,0.07240039741451305,2.577166053757241,0.10000000000000002,698.3489348047616,4.665896603465081,0.8082319586582404,0.1821416706805126,0.31311291161936616,5.366929918283024,3.5022438693600004,2.27579005100001,-0.17117547180625536,11.402926852287726,0.07354153148078718,0.08939606963825035,0.9880966100519646,0.011990181529854394,0.9107704329467455,0.9756471316334644,3.705342119219432,0.00722564896568656,5.421390233095735e-05,0.5428331625714021,0.9925211296120552,0.0036124123726040125,0.0029912630561739206,0.0031134181190282106,3.4199412497316546,1.749249974502817,0.01704318054166353,0.9832598343194009,1.1076668321488294,0.9462475248361709,0.6571638841363596,26.1921695060764,0.14479113245421388,15.0,213.33333333333334,-0.10257467065550292,-0.15332638042924274,13.558706760954506,15.554438597190762,0.807134322654116
FaceForensics++/manipulated_sequences/Deepfakes/c40/videos/871_814.mp4,1,4.8084441666154,1.499395063967241,0.7523804508262514,2.2718816730234725,0.6811050628850388,0.15956957643884875,0.07389626875955166,0.08332891938469401,1.6351547260546901,0.10000000000000002,587.1617583955482,4.4537271618843075,0.6485097008274521,0.08822656214851539,0.08191007364860421,6.051298792427538,4.172750162857031,1.8519794582204596,0.15958947153521796,3.0778179569864292,0.007761640702928643,0.23712796675476197,0.9784400024724346,0.020386941641236153,0.8391502772345071,0.9532311644431576,3.2607545584956616,0.005805520340800285,1.8866547179641202e-05,0.5660007516074743,0.9914889020909814,0.005238217767328024,0.005247003398835659,0.004472692962735891,4.034410772215015,5.055467597564947,0.008754286630818531,0.9922215124239274,2.2795385660535117,1.163273319494637,0.5937467948384503,23.08039535401305,0.4431438602375998,0.0,0.0,0.5957118429340152,-0.17832224422022297,23.927369661337643,7.809417626743561,0.692631464416582
FaceForensics++/manipulated_sequences/Deepfakes/c40/videos/870_001.mp4,1,6.947851266897352,1.6447516291806576,0.7215310945614506,2.729013324580477,0.08070924476368567,0.27324153754912345,0.04652899030685556,0.05623416466737343,3.4896073784599544,0.10000000000000002,234.78046429133616,7.032954061031342,0.7687676353257596,0.04536809013180965,0.13417606624131925,6.230126224642377,3.1518375620958796,2.112292416763527,0.6968168482395322,4.9972542357873255,0.014341928134973883,0.10584464181625354,0.9788244834145137,0.02022843843939072,0.8429850560616415,0.9760655762505275,3.55375894379337,0.012516818940639496,0.00014717843441758305,0.4898903763662932,0.991978609643204,0.007351095322519541,0.0060693975538015366,0.006868390832096338,2.5610257558873717,2.9986610639183713,0.014889361094513658,0.9832538651723426,1.434821801839465,0.8939266610015938,0.7504228301818439,60.49017296684404,0.29453638274911853,55.0,221.8181818181818,0.00337965100871277,-0.23587592705482774,16.357521432097098,17.85773208738901,0.7183971609339607
FaceForensics++/manipulated_sequences/Deepfakes/c40/videos/848_894.mp4,1,3.7714654403756867,0.8724714533842096,0.7711366135310621,0.7651377287019078,0.02791838866958094,0.17671722967908027,0.2636982940914624,0.05902376986131237,2.3624937738666034,0.10000000000000002,283.45300608250267,3.3699596166610717,0.4321452284723949,0.014822565194589212,0.060144071442274044,6.306087630150163,3.475994218867365,2.646880968093863,0.3181340772262207,5.067686466662362,0.003504177979022351,0.01534843655866537,0.9765105155870323,0.020045906650470638,0.8286966016833188,0.9635235846005231,3.714709961783134,0.012305540964007378,8.764524682192132e-05,0.400804313067806,0.9923732991409506,0.016026385128498077,0.010063298977911472,0.005912252701818943,1.974353619965735,6.081800917204081,0.012894137056072915,0.9159394405431152,3.9786625992892977,2.4382704738744865,0.6541813465239275,17.04069514074975,0.12218062187595559,15.0,386.6666666666667,0.5313723049275995,-0.2736258802570164,20.044703926129003,11.952874171137491,0.38223967012911175
FaceForensics++/manipulated_sequences/Deepfakes/c40/videos/873_872.mp4,1,4.632596371073048,2.5047771474099743,0.6669884867519886,6.348190534450914,0.1252583763790992,0.17528833943305244,0.17888022395171405,0.06167639406935314,4.261257778823053,0.10000000000000002,937.8318669613709,8.28148149251938,0.8459458212343988,0.060835769948553955,0.13579464901618576,6.303961432229379,4.085062412409102,1.8985142291620853,0.505148739115493,3.475785386688383,0.025182949522206195,0.08338332647382891,0.9791242462253343,0.01625161184646592,0.8847421645119572,0.990745158165778,3.681255871396323,0.013782104477286339,0.00022601544333156198,0.3260103406788274,0.9966544814123949,0.005446497350931168,0.004672372713685036,0.004860354587435722,1.8392977493546452,2.1129757747733375,0.012262877328903812,0.9656162197434228,1.3036129546404682,0.695572106382032,0.6826375277548623,67.64536326267178,0.00030466049231304173,0.0,0.0,0.2288271369659779,-0.18121482392180602,12.79553727388579,12.95824234693993,0.7486254263118521
FaceForensics++/manipulated_sequences/Deepfakes/c40/videos/875_979.mp4,1,3.547847982539847,1.5830744974705229,0.7226410061039973,2.5720561925214778,0.1364634896533002,0.16340289369469413,0.19035206224819784,0.08205121134232343,1.5482596795770225,0.10000000000000002,525.8547071240326,4.608789026737213,0.6703118870398213,0.09416524621140514,0.18533460446270233,5.893868343560496,3.1255886808902074,1.2615420640632438,0.5748848447450692,18.845321118678775,0.017642336138863745,1.4264736411840875,0.9803068999020613,0.016553631183537233,0.9028524356654569,0.9546000741109658,3.8691777995676473,0.01571541279554367,0.00013897049939259887,0.3250331552039102,0.991504759390975,0.005234565585851669,0.004282317589968443,0.005672473460435867,4.435626198572875,3.010103872397956,0.016283167848061504,0.9606141510135586,1.2655988712374582,0.8743315258762343,0.532249239516468,21.928790014187193,0.4585941344270664,24.0,150.0,0.6630824519439562,-0.1529625158938363,14.923859625106344,11.7227324662626,0.7243780796364727
FaceForensics++/manipulated_sequences/Deepfakes/c40/videos/876_891.mp4,1,4.239462556492641,2.6627865252241056,0.6600176764043673,7.183650732406595,0.11118426360550826,0.1822336314784809,0.12951262282167672,0.052232050007414196,4.840050985458673,0.10000000000000002,638.3134157307728,2.7684998393058775,0.8315176196055811,0.2990763058532644,0.3706523509034364,4.946353126602928,4.57759522238563,1.8188558069583867,-0.009283030517982743,2.9982026364883203,0.03761469739208375,0.39337273261655914,0.9854218017420091,0.016813515459845985,0.8928034865630508,0.9811519302804916,3.535155682455638,0.013800917193293571,0.0002160723233828321,0.29906068424729765,0.9917880018918064,0.004087850917130709,0.0036243044305592775,0.0034810903016477823,1.8679428226105612,1.7408515520319197,0.007921629014799,0.9888962905825772,0.8455561507107023,0.5682107525657384,0.22398422721334088,42.216787864969845,0.33239438191313675,36.0,150.0,0.5668004881804914,-0.10818081755178856,11.402772498905449,8.864782011379832,0.8217987975870098
FaceForensics++/manipulated_sequences/Deepfakes/c40/videos/879_963.mp4,1,8.061835469688258,2.0278578455351237,0.7074803869509977,4.1742786712434246,0.06781848385571003,0.275050972769058,0.04021014861843417,0.05890339909310507,4.909260030564567,0.10000000000000002,411.2841347051749,4.778843057155609,0.7414132658610789,0.04444754635918145,0.15997462821700034,6.177821117176842,4.030171325656013,1.8666130173389675,0.7354106606276398,14.799647614479188,0.015745341136812464,0.17896949254343292,0.968875049813167,0.027772514277673084,0.7848851017930849,0.9851115230805917,3.708238925415787,0.015090045519173145,0.00018685941176954657,0.354831135090278,0.9898328443573324,0.006454015150666237,0.004605763591825962,0.006634186487644911,3.2142137353460534,2.267332834808932,0.015921546571865716,0.9723131059297228,1.9596343279682273,0.9713477915765595,0.5104077267880422,53.572504233181526,0.43048410899982625,0.0,0.0,0.33828905372502405,-0.17535199854974537,15.638967917084448,10.925388639903234,0.6991971845772087
FaceForensics++/manipulated_sequences/Deepfakes/c40/videos/881_856.mp4,1,6.834263705434401,2.493214305342943,0.6277451735706674,6.293642638533184,0.04284804670890227,0.2467143014199713,0.0400799411357866,0.048698142473343614,7.54017075451237,0.11500000000000002,490.95463456529615,2.3591724634170532,0.7375522748981155,0.2624002969931916,0.23853251048463991,5.280829863473579,3.535627091127333,1.221076957364831,-0.36581096955430986,6.829122272864241,0.040339012543538964,0.3026428159077262,0.9917231995478402,0.007943359404909388,0.935464265372963,0.9649757142839027,3.4352088400300183,0.008451687172055244,6.326617585727945e-05,0.16025087870653076,0.9886562271902984,0.00488050514832139,0.004689827095717192,0.0035956164356321096,1.6444411410108621,1.2182014078468955,0.01017230198696137,0.9811002525807871,1.2796855403428093,0.6576234835049403,0.48989959611162803,41.93199892344363,0.6056250884529883,24.0,191.66666666666669,0.14915208957573556,-0.12489890010963992,11.431214569538538,19.639551726105246,0.7652591548041563
FaceForensics++/manipulated_sequences/Deepfakes/c40/videos/878_866.mp4,1,3.0485721744644403,0.9843489650309859,0.7634000241609404,0.9755809906340452,0.5059603727199947,0.1424430113492802,0.14181871150737752,0.08972542801634602,1.2264890479066555,0.10000000000000002,438.4996874446492,4.085780191421509,0.5945297146884261,0.09429582050993293,0.1275151780641702,6.245414265507554,4.124812588971501,1.6912612181798223,-0.5119152037671164,8.008262302090804,0.010649659470500821,0.420210720376799,0.9900678330439104,0.009258365779198557,0.9270272825143514,0.9712152016008129,3.1610358283253355,0.010557168163359165,0.00010209844913333654,0.3833295390157468,0.9936240692225117,0.005785822868347168,0.005794089287519455,0.0030906912870705128,1.6222109869778922,2.4045806065375364,0.006070548269094326,0.9780909932018264,1.724955581103679,0.9112837173560058,0.5953955719432862,32.08351246895876,0.006544895424883985,18.0,188.88888888888889,0.2666399250794938,-0.20680150661709168,23.011593001620454,6.86758130298081,0.5191137380085569
FaceForensics++/manipulated_sequences/Deepfakes/c40/videos/860_905.mp4,1,19.872950423065973,1.7051212455333258,0.7043581890914455,2.926419824645443,0.11838683946780884,0.38477536035614796,0.05978211576106457,0.06412203470698422,3.3050625809888836,0.10000000000000002,443.0953446398782,1.7768200725317,0.6637752573887578,0.38574547999480135,0.1982122437036808,5.2390953428159595,3.7286777475376174,2.2115427274655635,-0.1360642389478366,4.961787949735069,0.03924247190568741,0.19738452548563137,0.9951544345019887,0.008500234157051194,0.8733592895732928,0.9669556877306462,3.7668869388542237,0.007351354230195284,8.201352466130629e-05,0.21939116971380854,0.9949125882749859,0.0035407834220677614,0.00380155723541975,0.0033673967700451612,1.1302966741839202,4.103140879986706,0.02187080279245897,0.9963293310079074,1.632979070861204,1.298241990955926,0.9476597783208972,117.7765481807956,0.02223551616469588,0.0,0.0,0.4588939486671114,-0.1277822132896388,17.814185123183304,6.538334101765654,0.884374169365286
FaceForensics++/manipulated_sequences/Deepfakes/c40/videos/885_802.mp4,1,8.39016496491092,4.538662071620571,0.6093657149532988,20.975692561233313,0.44446636359925196,0.23188342641413517,0.3454481977145045,0.05888004865599507,3.812337933785669,0.10000000000000002,769.0152183473862,6.879495641589164,0.8929818117174024,0.1698512848633863,0.2716874722806018,5.661336627435086,3.709234369398126,1.5782952695167103,0.09518962986589224,4.59314912768042,0.05501020098297487,0.4054002089244568,0.9875646355407394,0.011095613431296083,0.9217528079684046,0.9862177516826955,3.5073538802629525,0.01088758185505867,7.77991590439342e-05,0.38277196426377486,0.9942404707779762,0.005114391911774874,0.005091740284115076,0.004041527863591909,5.451984368015272,2.1291488784448216,0.015600175329531934,0.9866374842723203,2.1825877926421406,0.9090896555577315,0.44272247512179275,19.02189109526235,0.5319378769675974,0.0,0.0,0.4416811362319405,-0.0750757820546601,14.067756658139137,23.428339684568844,0.8176154517514153
FaceForensics++/manipulated_sequences/Deepfakes/c40/videos/886_877.mp4,1,5.889335731487801,2.027932821347332,0.6208744386319118,4.202453775276032,0.5180007401336373,0.2309456066383971,0.05958738949273422,0.07976355946373227,1.4019546530832083,0.10000000000000002,712.889630466779,3.9955401331186295,0.8946620846472669,0.16627570906402322,0.2304432089376961,5.428149956963555,3.034241650931774,1.9415003985799482,0.0810744107412077,1.9544264487762721,0.0587547313233579,0.179329355789666,0.9922435143650805,0.008494205412624491,0.9334303494778968,0.9670033702109093,3.0790005931460804,0.0060476395301520824,4.118733340874314e-05,0.42129093428620745,0.9936837035911591,0.003857806557789445,0.003231177106499672,0.003156148362904787,1.2718771006814373,0.6946916868761484,0.005844235004145218,0.9902464367043594,0.9690341502926422,0.5145481973322842,0.42118684015242713,73.51518500583113,0.1465934152241246,0.0,0.0,0.5190269876090969,-0.1769499121939145,11.813808249895574,10.709150804738918,0.7985973551625974
FaceForensics++/manipulated_sequences/Deepfakes/c40/videos/883_013.mp4,1,5.824603043934049,2.3978411333541687,0.6349977666501085,5.841328461603737,0.3700058821948168,0.2112997717737076,0.13791808800738187,0.06274238235388353,3.1974004535100553,0.10000000000000002,729.1888352676415,3.2693153440952303,0.8289393254398666,0.3494974300344584,0.2873573525406029,5.187484301632935,4.997672342087927,1.5716926510709672,0.6222303377764785,14.299024006067704,0.0769438635151016,0.29674525581973826,0.9946883208432772,0.00589044237082693,0.9554722029343031,0.9732080540996784,3.5504822864086063,0.008485802449285984,8.10538767836988e-05,0.4287835471907577,0.9922459468800402,0.005057374481111765,0.004743160214275122,0.0035978336818516254,5.152625821871202,3.332360567902693,0.011767588502396188,0.9902119593567598,1.2249686454849498,2.714799700660866,0.840809908125612,51.52996076915754,0.5734484756509954,25.0,208.0,0.4256267354615594,-0.05961151923887109,12.381416676879281,15.945693007810142,0.8530873265216061
FaceForensics++/manipulated_sequences/Deepfakes/c40/videos/865_739.mp4,1,7.388299121227595,1.077255187084828,0.760161725120386,1.1747500906675583,0.3100192917192516,0.28949007793457937,0.2188730596649354,0.09177857216077011,0.8115617305875318,0.10000000000000002,153.82783127898352,6.666798198223114,0.5056671633971698,0.024553490129161602,0.06161683589715281,6.341651839360408,5.658019998033441,4.96220600483068,-0.043761908173802946,4.957521358542756,0.0034233403237275166,0.06364435901629378,0.9833983831052118,0.013702862944540392,0.8934630307183956,0.9369686439429832,3.695714420128807,0.011523542925715446,0.00014051875041332096,0.25580397820020184,0.991574538759063,0.005226950626820326,0.0049161771312355995,0.004346767440438271,3.5015148313205238,3.703573830613901,0.019331713634914094,0.9782505148391089,1.2989979619565217,0.8656893110066092,0.34907680032854227,23.609453203280832,0.6598840010898349,0.0,0.0,0.44119163646491855,-0.2770433449260448,21.386188473328023,5.675813360333676,0.4792840247522664
FaceForensics++/manipulated_sequences/Deepfakes/c40/videos/884_968.mp4,1,5.67585318772842,2.2324318338513693,0.6424643613252102,5.078720369629147,0.27020061072240353,0.19021912733973736,0.3419011088727669,0.0644274126881744,2.678145578924454,0.10000000000000002,776.854972922841,5.329633778333664,0.7543194012073197,0.19474413822576098,0.23346357719006683,5.703723215642633,4.003303282896392,2.7407629716152875,0.2163598175682474,7.309533160132119,0.027406165259054385,0.3092518737504293,0.9666920056851183,0.02614807819070678,0.7526991205224569,0.9766639757561951,3.4863594638709983,0.0090312659740448,0.0001489505812060088,0.1652344795310796,0.9931856119362269,0.005987223703414202,0.008243510499596596,0.003904249519109726,4.328406001976083,3.9982499499483293,0.007254959169011359,0.9742906213530688,0.9357526390050167,3.5168448542030455,0.8770329301887398,46.7826719510427,0.4328465447768008,0.0,0.0,0.2668660588003501,-0.12175845093400514,14.019150586032017,9.134636918762093,0.780725179037852
FaceForensics++/manipulated_sequences/Deepfakes/c40/videos/866_878.mp4,1,7.600312671491534,1.0856755652563357,0.7547834370271109,1.1864349548298034,0.4804341835739387,0.29058751242414643,0.19496778068119686,0.08567107171668763,0.9696756939547525,0.10000000000000002,176.6350568375056,6.119278430938721,0.5572375185893063,0.04102560410073726,0.04931242894979443,6.237723350570634,3.4062149563047233,1.9970279775732533,-0.22849165933379875,16.414043678994737,0.001286956846646581,0.21407631126877744,0.9686824488133475,0.026885801041380157,0.876805517992213,0.927936523423916,3.501793974605354,0.016716117039322853,0.00020920211682096124,0.4217620129311816,0.9956648889349825,0.009346051141619682,0.008023399859666824,0.004031851422041655,2.2470319278230413,3.667407300391885,0.01431557559973451,0.9493314621674942,2.889818274456522,0.8808320970034701,0.43151962147104717,29.62989458692036,0.1425087383529729,30.0,273.33333333333337,0.5407223150743677,-0.19874117355113297,22.463613146073005,14.784913688444387,0.6394126265310984
FaceForensics++/manipulated_sequences/Deepfakes/c40/videos/869_780.mp4,1,6.433048162559414,1.4728242240780003,0.7440220496835173,2.21871897724492,0.11317426294396112,0.2331124399136056,0.019491527970360224,0.0670231940244624,3.3662094242890177,0.10000000000000002,451.95651660400455,3.372284322977066,0.6965966231715016,0.1427161654776692,0.13895782747638263,5.851574021535595,3.5344405725030543,1.3884859615787564,-0.40314842249698035,5.34666648413875,0.012358706485448241,0.04642709121520531,0.9577276155648873,0.0396750921341514,0.6728080618709568,0.9880778451688549,3.9099492852319004,0.026396406814455986,0.0007023334037512541,0.3827145162210063,0.99617742215616,0.005632625427097082,0.0040503437630832195,0.0033759598154574633,4.447945170167068,2.01752419154814,0.009644202159756088,0.9751503409379467,1.431725543478261,0.7530120719823966,0.7404733396747911,33.01889096501265,0.4149221600139349,0.0,0.0,0.24010055772621267,-0.20238056130588014,18.60401363135581,6.378180647254625,0.5865035772095604
FaceForensics++/manipulated_sequences/Deepfakes/c40/videos/888_937.mp4,1,2.6422838750568305,1.2096579333474848,0.6946376956556628,1.4740645146011973,0.08426196901136998,0.13663357635537215,0.18958827232302733,0.07841555702211869,2.195839778101088,0.10000000000000002,736.8041863267147,4.090425637364388,0.7639067058929986,0.11702689059464268,0.18834068710135324,5.808761883791143,3.070991081892627,1.9805343990506845,0.1741546885715798,2.9722704452981947,0.020037082044209988,0.0830558607543558,0.9846297557032938,0.014792185993812526,0.8866424898440876,0.9645178533022972,3.82781468799468,0.007321096491068602,3.997523890575394e-05,0.4553437362137123,0.9918643799614879,0.004873698577284813,0.004217681474983692,0.00453686760738492,2.4015560851117184,1.5477687028030112,0.007333166639902289,0.9734011169828073,1.345618206521739,0.5961277980250187,0.39425682925522343,13.446202616736121,0.6090264606323835,0.0,0.0,0.07778203421819818,-0.169009292791062,20.48306821168423,8.361123598007982,0.718952769572698
FaceForensics++/manipulated_sequences/Deepfakes/c40/videos/887_275.mp4,1,13.641812758478636,1.822031320754314,0.670306959772623,3.359980099977959,0.3530935804809537,0.30778809958954784,0.12609225247805939,0.07718383799310342,2.3769570807113443,0.10000000000000002,484.18751926283494,8.439571821689606,0.7447786557977044,0.0020778031132409345,0.08066956570382361,6.3603309892936775,3.4497830310641366,2.5561431572869684,0.05869952861261862,7.204988665781604,0.009722269487695829,0.019000754587162265,0.9776179942750659,0.01648780027615392,0.9079290918393027,0.935218688916848,3.6971805371873923,0.007683904841542244,3.5039414797211066e-05,0.44091553610366957,0.9879206244316922,0.00471239211037755,0.005932829808443785,0.003241461468860507,5.4333912586065285,10.661569792329376,0.03435813018885751,0.9659144506723943,2.0566471571906355,2.4073431937974146,0.33489437585624016,11.104659409335593,0.19940671243315117,20.0,260.0,0.2861637609375326,-0.25551911678676276,14.557624864136894,8.737829158963313,0.5355531409307198
FaceForensics++/manipulated_sequences/Deepfakes/c40/videos/890_837.mp4,1,5.893321347849023,1.6706815811840177,0.7170505530342912,2.84544406994643,0.5390457223928627,0.19570581757937164,0.08022391991580527,0.07841472088126224,1.7554646126479052,0.10000000000000002,555.1889165798264,6.0026775598526,0.5814377808836457,0.0318292667147202,0.08584805715950143,6.23811588216244,4.104951018340094,1.1075617390304062,-0.30969690051749477,4.861593789861385,0.006946441681113205,0.1274772930834337,0.9849430049097788,0.013106563831464196,0.9013816348494733,0.9564089160688187,3.576705336960069,0.010952115058898926,6.997918535489589e-05,0.5724295746168887,0.9924775470227066,0.007364375051110983,0.004108179826289415,0.00738792959600687,3.6453455225850053,5.747521111430016,0.01492333419827749,0.9256257471669088,1.8437695965719063,1.8048023342352197,0.5155108998445777,11.53206861964763,0.2948569746131603,6.0,100.0,0.7222576315662181,-0.2498557086829984,16.77739681172246,9.331902566165507,0.5110020212628155
FaceForensics++/manipulated_sequences/Deepfakes/c40/videos/896_128.mp4,1,4.407843067695564,5.581806922534338,0.5756840590839538,31.70555753076827,0.6487773746090526,0.17139135327192662,0.15325117931575424,0.05639214491419446,3.486283458597046,0.10000000000000002,1898.6662151341643,4.344403842091561,0.8368949264928445,0.23944153686305292,0.4071189771169644,5.068039395404961,3.8537492840125047,1.830965229593818,-0.37250819962877535,4.624864727244422,0.13779223048028752,0.33210035166719676,0.9824976504492489,0.014748263549851802,0.9144212897981908,0.9767835440619463,3.615519862064337,0.014076653867959976,0.000254918442806229,0.291975676873258,0.9940566667963703,0.006004769820719957,0.004297043662518263,0.008270037360489368,3.1886198975197564,1.9218791417206031,0.009148229832642574,0.9812246995797673,2.483587871028428,1.1121728926277532,0.5513040961419666,33.02148137907988,0.6710617578948197,20.0,190.0,0.36312941942894467,-0.047528677484179827,10.142440843342557,28.71002634094493,0.8069926906394842
FaceForensics++/manipulated_sequences/Deepfakes/c40/videos/898_922.mp4,1,5.103099106703821,2.0420836897614656,0.6246407914847592,4.241162914089895,0.1644351692478802,0.22269243813707487,0.056288323780544415,0.06547442631480715,3.135397765366874,0.10000000000000002,593.6663442421248,8.117899179458618,0.9087737416412359,0.07656438124373095,0.27171480864853015,5.620798468011506,3.2089295890541982,1.4951852404486257,-0.033989978115315754,19.22528120756405,0.0631453482018769,0.9723645916426737,0.9889796382309801,0.011161400760794117,0.9197018616716237,0.9865187255699454,3.7716271085855717,0.01074659638106823,0.00010145266423933208,0.43161072310620824,0.9937629790544622,0.007157672196626663,0.007141302805393934,0.005237335804849863,3.226980277150632,1.8220909502778937,0.011861864203704275,0.9792149238211545,1.6313688858695652,1.031719918556991,0.33041532706420307,32.074677419565596,0.5857923410647069,50.0,184.0,0.28771540060318995,-0.12647702422129906,11.732347345514205,22.964748559784287,0.8092614538747546
FaceForensics++/manipulated_sequences/Deepfakes/c40/videos/874_291.mp4,1,10.628691998733917,1.2074214512029267,0.7491931310216587,1.4695864322420518,1.7869235198843145,0.27016662732850805,0.30731869622583985,0.09568635470362605,0.8189568058020278,0.10000000000000002,278.006510061423,4.759790933132171,0.5970664265373496,0.02416284996372778,0.05056090804375278,6.246716636639824,3.9865153022841966,2.88747821292897,0.6554175408204119,9.072794487295395,0.003627525660215806,0.19633832404611878,0.9810517024119322,0.017262466332877757,0.8677560010347969,0.9610426786641145,3.1712600545111447,0.012246242724359035,0.00011212656681891531,0.3617434944991879,0.9916437052605269,0.005059807561337948,0.004231346771121025,0.003978940658271313,2.0379772358554793,3.299709667193895,0.010150502495683087,0.9487002397713298,2.017744695861204,1.0914912508626375,0.5080129926396149,54.67630583480515,0.5671531202262812,0.0,0.0,0.5348603106709363,-0.18703745454749818,19.83143628889629,6.888748320845827,0.53795487489909
FaceForensics++/manipulated_sequences/Deepfakes/c40/videos/897_969.mp4,1,11.016817927640739,7.4140320806924915,0.5902947462468715,55.82944197948346,0.6090087563586679,0.2825542335901649,0.1894472745034621,0.051256639878758246,6.426756977245896,0.10000000000000002,1012.6150484593211,8.382632049918175,0.9002180377663349,0.1182445718164323,0.2841769792996843,5.946283346379293,3.2892292513133046,1.6674312641906373,-0.1879229948840801,1.7328030858684202,0.09817320683753186,0.7659784868315794,0.983791057989673,0.01611736207511757,0.8306963379835829,0.9927104766313445,3.721645868405952,0.02863389439880848,0.0013722528237849474,0.19826851920889427,0.9949878533157671,0.00728191202506423,0.005957894492894411,0.007226600311696529,4.488923753478808,3.034930706703452,0.01549886751370551,0.9803015753705315,5.26385804243311,1.3611690847284812,0.6085582252867543,52.99585063803279,0.06696077439366763,20.0,200.0,0.2895664785196821,-0.04614470051284199,8.760212904422982,50.64423486779775,0.8235858660967099
FaceForensics++/manipulated_sequences/Deepfakes/c40/videos/893_913.mp4,1,8.779885995808723,3.114639707319719,0.6907880104347062,9.834767457585457,1.9366854183854048,0.24045730498077464,0.1828096192863697,0.07427647150964187,2.356420320677306,0.10000000000000002,1101.1506256648381,6.231818383932113,0.8429137836817724,0.21547208616531138,0.22689519233772143,5.4559212860356885,2.807252138083173,1.5590450891990706,-0.37279344766719413,3.146863244855873,0.043124361140897585,0.24025627593147358,0.987099423521624,0.013160028168397234,0.9103892988843993,0.9920501899066131,3.22381553501079,0.009421156719326973,0.00010721062426455319,0.48621633562222444,0.9901369310667928,0.006441815290600061,0.007876832969486713,0.004497957415878773,5.35488888328171,5.442699016119553,0.017864180959177835,0.9888656575851815,1.7677642924331103,1.6580505425263892,0.6459267377618889,29.578556773576718,0.7244331209429765,42.0,238.09523809523807,0.6373964672930624,-0.0913181919052809,11.915943867330206,30.976215025615875,0.8620177880655026
FaceForensics++/manipulated_sequences/Deepfakes/c40/videos/895_915.mp4,1,6.503212381786586,1.0706507298903234,0.7496458690609163,1.1566145094937836,0.008471521343104447,0.23961391253934153,0.018675655077981895,0.060298166623572444,4.120103942547064,0.10000000000000002,469.36454009427194,4.352401415506999,0.6604783850556325,0.1520745213502021,0.1565783074291426,5.850031018537724,3.509549225263655,2.419028048325934,0.011050910287945977,3.1613609808240124,0.01863418954799415,0.2603766818209185,0.9837903780932858,0.014124448988062855,0.8908901150533667,0.9559405281792872,3.96617711313509,0.007705937139689922,4.2433966882526875e-05,0.3329327546050586,0.99250656296449,0.007371034473180771,0.005706106778234243,0.004919700790196657,3.7865543177444785,1.207377135435584,0.011813700504673275,0.9563391705830063,1.6710150917235496,0.765520323199584,0.45694766195467496,11.43745215456858,0.010443424477306064,0.0,0.0,0.20674746676756772,-0.2564376745898763,16.786510670848617,14.424103403208319,0.7280214192251891
FaceForensics++/manipulated_sequences/Deepfakes/c40/videos/899_914.mp4,1,2.868793165146955,1.7229670464007867,0.6456858602685148,3.000659276637764,0.4486973041753107,0.14499185296254824,0.23678640491748237,0.08081427366477095,2.0463591950940425,0.10000000000000002,680.4235652318714,3.354938280582428,0.8601498463718672,0.2958967072493045,0.22714847566208746,5.1856184926813285,2.971563950860128,1.2341297266748583,0.14134739345472883,3.2331443422746973,0.05804287999266833,0.8734629851625015,0.9892381899057154,0.011304669243447552,0.9321322809449407,0.9777226599542911,3.7972176795705996,0.00808016862720251,4.554554834612645e-05,0.4170390563596316,0.9945516726193819,0.005088574253022671,0.005758203566074371,0.002979682758450508,3.163109366818746,1.3422852644713856,0.014220265583688873,0.9907374429524367,1.1301506323160535,0.7174792145024154,0.22869195509328588,46.383962995733626,0.5678281141898709,60.0,230.0,0.4360124605262486,-0.09246258829717843,14.301229657270984,10.868977058279826,0.859762749807546
FaceForensics++/manipulated_sequences/Deepfakes/c40/videos/900_926.mp4,1,15.544118604451516,2.68846979111379,0.6218334469728546,7.3347875709994055,0.20799294757001396,0.4141829609918116,0.041986669747904555,0.06693772815335347,4.140351942425623,0.10000000000000002,266.34646414268406,7.397858411073685,0.8627789321091412,0.1440609806277137,0.23288053781614526,5.7440892388939275,4.554286945280646,0.3301587320768799,0.33697802387070996,5.916440607497684,0.02844647919103847,0.07927106177458806,0.9907183704956762,0.008334372095506441,0.9536109397495831,0.9831468879433771,3.299011706850538,0.013996521010994911,0.00017890275921672583,0.44038730884130906,0.9937509529707674,0.0061068120412528515,0.004525437485426664,0.008037068881094456,3.089809191650873,4.685758725886246,0.024739748084889872,0.9874401074826495,2.5979599968645486,1.6523999677519239,0.5098854237975086,15.031985014135174,0.4773764416266994,30.0,253.33333333333334,0.590088479155635,-0.0992170286272609,11.83880490989105,24.812049297143936,0.8506099357361447
FaceForensics++/manipulated_sequences/Deepfakes/c40/videos/903_792.mp4,1,4.947421485327027,2.4796973483724067,0.6119288545547586,6.283870662681249,0.18899581730452408,0.19855749167536943,0.047973251788153,0.06739045773447269,3.288594773305346,0.10000000000000002,594.4255742180087,7.3525023519992825,0.8104691494852672,0.14995904691546577,0.2418927197625313,6.183344264443013,4.582856208299682,2.2952548479861425,0.15450582728708007,3.4717058327582437,0.02360505875778502,0.15236985500691336,0.9810091155529969,0.01588163639987439,0.896881961522419,0.9785534906170597,3.8836346324935036,0.009081486612558365,4.805022763321176e-05,0.45968035145880426,0.9933733843220652,0.006404206156730652,0.00533249182626605,0.0038323455955833197,4.184718049707586,2.232646619790888,0.023529770399743955,0.9678111918151217,0.9944084448160535,0.6627082582658733,0.38732585239613604,33.41078428860062,0.28366056841967846,25.0,208.0,0.4439635223473542,-0.17327702871539852,14.723020416180523,12.429122571127904,0.7823328773504269
FaceForensics++/manipulated_sequences/Deepfakes/c40/videos/891_876.mp4,1,4.934782867447694,1.1344734638541172,0.7473884163418234,1.2985173034377755,0.03541292681658075,0.26881434871676796,0.024989454356392746,0.07301002232698627,2.8956430804616633,0.10000000000000003,143.41489937248343,5.875801183960655,0.5850500183889525,0.04246599349665228,0.07902642703956785,6.209736746573684,4.658559855633218,2.719820412084903,-0.13710744680087053,6.249332386781606,0.0065806264201763295,0.11709524710308811,0.9171268647357014,0.06269417159718464,0.6187956164803553,0.9153612010081269,3.525405670021231,0.03443508967757225,0.0008696427685208619,0.3087835893133907,0.9921906383914346,0.014855392277240753,0.011264899745583534,0.011895679868757725,4.287963518729756,3.988651102241982,0.06433265964511604,0.8308452776246982,3.043309719279661,2.1186382340590453,0.6060276615051081,7.529719852390052,0.23376530330209086,36.486486486486484,244.44444444444443,0.06838193773356947,-0.22445584963863457,15.061135096145112,10.50325826016889,0.41205698412246927
FaceForensics++/manipulated_sequences/Deepfakes/c40/videos/905_860.mp4,1,4.068977410307282,2.039600831035941,0.6710070524033659,4.303348101053883,0.13100929697679015,0.14156669425180718,0.40498009526160317,0.04558874016918214,8.057317328851017,0.10000000000000002,1390.8747691783258,11.463206458091737,0.8115927408865536,0.04970037945080265,0.09834903174712126,6.114971734865535,3.4599199414628634,2.220938139396283,-0.4576810417354473,2.0559744426873374,0.01144719121687597,0.04235933650677255,0.9672041527249017,0.04757968069158023,0.5871438416693453,0.9603347733627596,3.3199824952407546,0.015019834041595459,0.00030071663786657155,0.3239084218040397,0.9956703726259254,0.008335436694324017,0.006606440991163254,0.008080268278717995,11.157615497123684,8.020582570135126,0.015969977406768015,0.9781388951637967,2.2586420882107023,1.91230323009951,0.6174578277371412,26.882443179745867,0.6184133202991494,36.0,216.66666666666666,0.47185471264607315,-0.1603281527298726,11.455908921356869,13.110253218511492,0.6510039509551844
FaceForensics++/manipulated_sequences/Deepfakes/c40/videos/909_857.mp4,1,12.726488254596731,4.181278942597711,0.5944943565094593,17.617020761313828,0.8271190883669611,0.34242697253604154,0.07290341438586743,0.06770081506987052,3.2116715498283632,0.10000000000000002,936.9956013693948,7.066517049074173,0.8748127946421859,0.08414656314330295,0.1624032219373223,5.924547158137599,3.51199026237554,2.437210340818139,-0.14022986621310074,13.013130017158181,0.025570920986269258,0.08997863989101584,0.9784383875468936,0.018725444614176866,0.8573937922784918,0.9790863775729243,3.477322372169018,0.01787884533405304,0.000369700719602406,0.16985019542947058,0.9922099604019016,0.005579521879553795,0.0050577507354319096,0.0045009758323431015,2.6530494855077604,1.0501431543852007,0.013986166470001636,0.9484167344215707,3.8953281772575252,1.288463181421706,0.43297609447638574,47.91441340722599,0.4464690024529403,18.0,188.88888888888889,0.26062971055281076,-0.0691120426925958,13.851347807191718,31.67099868326555,0.7988644519773043
FaceForensics++/manipulated_sequences/Deepfakes/c40/videos/901_902.mp4,1,8.261410055877482,1.3551551701474862,0.7459157669966466,1.8535269838151542,0.160498875456178,0.2579369661200088,0.09217765233525917,0.07290411067180624,1.943504726305169,0.10000000000000002,548.5007842485869,6.434104782342911,0.7336384917420431,0.08178692723334396,0.17592027855743658,6.002791685257856,4.300867722708172,1.1419518745739268,0.2840646706494673,19.668619453700565,0.006018983072895225,0.09586734164502152,0.9918116874428158,0.009470788114064353,0.9210432350844342,0.9794125428622592,3.145015467589194,0.009609867818653584,7.329580694204196e-05,0.49238453080728645,0.9933757857730017,0.00750766834244132,0.0051478734239935875,0.003228125860914588,4.8630609226910595,2.387058445990184,0.01224674706884423,0.9545973667698868,1.6413468070652173,1.1814070733839035,0.4190794954560261,30.725114829382964,0.005190358612483165,12.0,183.33333333333334,0.5894461959032758,-0.16374205372050046,19.910339465494992,9.413081251280198,0.6857079408877045
FaceForensics++/manipulated_sequences/Deepfakes/c40/videos/902_901.mp4,1,10.831137105827723,1.3416669793284468,0.746280529284148,1.8310026267526887,0.09653706317565275,0.32503734306954696,0.07156182166126582,0.07052346286592927,2.7334675091223875,0.10000000000000003,267.98507156096304,3.8913474841551348,0.689254294001051,0.14702892823090635,0.16395274198907342,5.773701326682946,4.143759324240971,3.026382714612237,0.18784816656727374,4.715089408249911,0.006813359834059629,0.14609716497070094,0.9774850177645552,0.022277265258833334,0.8346412013299944,0.9440695729247274,3.850009873284398,0.011449523270130157,0.00010703529551392421,0.3263337124202568,0.9875456106099332,0.005380033981055021,0.006077834405004978,0.0037303047720342875,2.5425786266875012,3.794466887278441,0.02256962761599605,0.9354462906951008,1.5299910980017006,1.027983885794213,0.4414911321445216,12.323563079176932,0.6015950644480771,0.0,0.0,-0.005836607760148144,-0.14374123407235476,19.46020306927508,10.629822726424141,0.717509142020331
FaceForensics++/manipulated_sequences/Deepfakes/c40/videos/882_952.mp4,1,14.394045276041785,1.7306692390482266,0.7427306952258945,3.057369125925162,0.5746466623005939,0.29361535442477954,0.06131824102603213,0.0758155363794984,1.493917029092826,0.10000000000000002,474.31330434380624,7.507888126373291,0.6123664617115462,0.0384905444098431,0.06481265704274618,6.286593239812187,4.763092370269049,2.429865945206212,0.24255871840696144,5.101191190051572,0.003979512611032152,1.160245741769027,0.9860530781846933,0.03696927480543074,0.5883664084831266,0.9570254223874466,3.8736595322676997,0.011493568308651447,0.00041890234570018947,0.09141937768522145,0.9976780747342427,0.008354411460459232,0.0056245531886816025,0.008507665246725082,6.761334879562453,9.1041577936635,0.019677030043075958,0.9120632061917391,3.335365933319398,1.7994943813416808,0.8263260327915012,7.750328914998499,0.5083047592016318,24.0,141.66666666666666,0.9250426265675219,-0.21178915525871023,24.34497737980787,6.7360747661163005,0.5051626683131143
FaceForensics++/manipulated_sequences/Deepfakes/c40/videos/907_795.mp4,1,6.080588072824127,1.5863045829348543,0.7448391099855063,2.5453379991038405,0.5615134200988934,0.17607150357331985,0.08639200212916988,0.07661781477300908,2.073269195768703,0.10000000000000002,1102.8881501899727,7.925747168064118,0.6778497425417168,0.0652627390057038,0.07971200019309668,5.689884100935516,4.3474342359776434,2.8744470489394183,-0.2207509226466162,4.192934590335243,0.009683207671781517,0.09458820359970092,0.991494817834121,0.009379380987804626,0.8609471987575794,0.94704454873117,3.8172277065117983,0.01120616402477026,8.115925447782502e-05,0.25636439930884247,0.9895443096562706,0.008630077354609966,0.006671861745417118,0.00604551425203681,5.461952282310332,6.92947721130089,0.0219174808964032,0.9683256702381937,1.212985341764214,1.8146685019140119,0.5094638972637335,27.48164128486258,0.16161779381377542,30.0,120.0,0.8972907570365852,-0.181453859211998,18.271851200580137,11.943295421119926,0.704630372496003
FaceForensics++/manipulated_sequences/Deepfakes/c40/videos/912_927.mp4,1,4.416638601658126,2.540160409205381,0.6133145354840149,6.56942743715237,0.2511500548006952,0.19914133833233583,0.032260190944965496,0.06504860975701973,2.3579381073222843,0.10000000000000002,717.8371051359169,8.482772564888,0.7921559774532063,0.055264107739515435,0.15110919730128386,6.429968320136432,3.028241929260406,0.9645568727352921,-0.1553918431266344,2.747568388965776,0.00988942461224712,0.22657619481825936,0.9539991737524421,0.04363815958576594,0.705632732887947,0.963323385840016,3.7140647407912786,0.02049850858747959,0.0002959698613267392,0.45353493342459644,0.9961078374330339,0.009543691761791706,0.009263591840863228,0.0070779044181108475,2.1633707966882687,1.1528778654192393,0.01820729672702213,0.9817687062218777,1.6829601275083612,1.0176789159309714,0.599562767559157,14.729122454853785,0.35451729169389057,5.0,200.0,0.350123848448226,-0.23150126708681584,16.089749105595523,28.826538847582288,0.6740626312148982
FaceForensics++/manipulated_sequences/Deepfakes/c40/videos/914_899.mp4,1,4.763920779938312,2.024256972615059,0.6309356564404388,4.143967136252081,0.07490375599455473,0.20702224729952534,0.10459205213993146,0.05909533344196412,4.755198256923586,0.10000000000000002,591.7285338715952,4.528805786371231,0.7552591729105192,0.17386635609383747,0.17218708780666164,5.762003630484832,3.307151670936941,2.68358383448592,-0.3005495778852029,6.191076736034072,0.03555346112532381,0.5816758682385507,0.9869476276394724,0.011649849094299265,0.9318282960334665,0.9707700378331796,3.9055154450606855,0.007767333649098873,5.128237171447836e-05,0.3005604973718252,0.9924986864871198,0.004921502899378538,0.004060023929923773,0.003957779612392187,1.8220742930649914,1.382749422146814,0.00803610396125631,0.980637959879128,1.3431686350334449,0.7571826152259385,0.6532246402040862,50.43512185331877,0.049549788045339896,6.0,233.33333333333334,0.2326725759132759,-0.14963669860683715,12.28377508254669,13.740486163810138,0.793189128992987
FaceForensics++/manipulated_sequences/Deepfakes/c40/videos/913_893.mp4,1,7.114335479340674,3.062854751430249,0.616217527974961,9.56986955083421,0.33692851087649583,0.21715462232643828,0.25044758672401024,0.06177602097741645,3.439358053196923,0.10000000000000002,1126.2792539505247,8.739386808872222,0.7910741622393743,0.08444566235127225,0.15163878837956626,6.250986931701649,2.9821556629902632,1.2710716581542778,-0.5271884392756297,2.7462328086321963,0.024963421960776538,0.7291987493504589,0.9600897223002056,0.044516264823259086,0.739928026107786,0.9720857537546271,3.6482531563155285,0.03261822462081909,0.0010072821751236916,0.4672533149525125,0.9981745139348693,0.015562854707241058,0.013872530311346054,0.008104750886559486,4.933761326593469,5.289252296737538,0.039072809748560526,0.9178841476838234,6.257512019230769,1.9112083908181254,0.8655759560603825,9.4408942875738,0.07713075415005172,66.0,281.8181818181818,-0.16534444269728912,-0.11456907182676171,12.588250241402301,43.24454971102611,0.7425074867413467
FaceForensics++/manipulated_sequences/Deepfakes/c40/videos/889_045.mp4,1,7.703529367913971,1.1844821772841632,0.7490765747044714,1.412647575803186,0.2573887154602282,0.21325832789396498,0.07685976203256398,0.07848440882022562,1.528806329286708,0.10000000000000002,330.7297255983502,5.970774614810944,0.3902470051089985,0.010906857932178292,0.029625364666279238,6.566853930212216,2.6072496859805625,1.4716932787105999,-0.09014014091954187,1.7555320685428306,0.002421037462417077,0.5803286388404513,0.9655656451184393,0.03131081580884197,0.7478631173635724,0.8783391554790034,3.5890482960336194,0.010364254005253315,0.00011147498298669234,0.3156732965114146,0.9935683322014814,0.004575847182422876,0.003540818113833666,0.006013385485857725,4.289601759047386,6.679115792676091,0.014924504919225295,0.4564203557435542,7.143972747700669,2.1801905309223355,0.6254273765614244,27.514824463935355,0.7721514695030326,0.0,0.0,0.8373542823285902,-0.3078984114337093,22.381472972862774,4.748309488948996,0.15404310700682364
FaceForensics++/manipulated_sequences/Deepfakes/c40/videos/894_848.mp4,1,5.988393696181449,0.7797096454197379,0.7910055539608308,0.6101383163079215,0.06734043801882911,0.2222734441037975,0.25355014056640146,0.08307572919128511,1.2604148016816779,0.10000000000000002,222.15290890482487,1.1637214541435241,0.38961831435468613,0.0556801269592825,0.084698145254724,6.190743801574817,2.3839389469659373,1.9413569772154524,0.18696485291096882,2.628501410984353,0.0001098472435406632,0.00016150236572958437,0.93955788935337,0.051377574538446734,0.7503658647243715,0.6276160801472812,3.530667041552259,0.026104170829057693,0.0014149285852909088,0.5132033984463255,0.9913125312103153,0.020976273342967033,0.016980070620775223,0.0222500991076231,3.432230385404186,4.0794920499469365,0.008603446133528128,0.6631728250364579,16.20055458298495,1.6260294810538716,0.6909868762210698,43.072316125968435,0.020048167605797126,35.0,222.85714285714286,0.11486868906705522,-0.16735847204551,22.680465111260556,9.215607433613952,0.07685276320033169
FaceForensics++/manipulated_sequences/Deepfakes/c40/videos/892_112.mp4,1,12.684058360604222,0.9834885312270876,0.7663436315349851,0.9717888286093832,0.7176243095107181,0.28968215943307607,0.19896762789592654,0.08584726234954329,1.4445385929379433,0.10000000000000002,169.22046556811415,4.18466414809227,0.33065827872624143,0.02124328638676307,0.03320831270060689,6.346445057962489,5.311261135619393,1.0862859311328033,-0.16044160273900665,18.34655136053284,0.0024431002609611556,0.01957747344170054,0.9908124648815397,0.007198265680441664,0.9581176372529286,0.9597837972436536,3.6693785448357388,0.010658749379217625,8.523475844413042e-05,0.21449741753846607,0.9916648125043405,0.006746052298694849,0.007215510122478008,0.00820962991565466,2.20524005620506,6.611128384798972,0.014070645449376125,0.8655042124939749,2.9982559051003346,2.9342971397240305,0.6760987722160388,20.042008334790665,0.1951689216568802,60.0,153.33333333333331,0.949251312863798,-0.2448979238301562,23.32840248876693,6.645659915803807,0.22491843071027642
FaceForensics++/manipulated_sequences/Deepfakes/c40/videos/917_924.mp4,1,7.835846135364109,4.398243924046583,0.6176829090461362,19.64843984620724,1.6415753507603674,0.2385667686190597,0.14372793352120425,0.07155268164646905,1.945952338536058,0.10000000000000002,772.0188095320616,8.939421403408051,0.8688865033296688,0.008419608257619074,0.0700945145212626,6.0555987359352415,3.476156661070208,1.5922732031413414,0.3788129163343435,5.172970972688287,0.030734053808533418,0.526753330171575,0.9913363798310024,0.006409061941476241,0.9506465809045842,0.987788871357897,3.7226560196618053,0.011622152291238308,9.608288382878527e-05,0.4321934743800439,0.9936638798884416,0.0071713062934577465,0.0046104807406663895,0.010186410509049892,3.231096891285449,3.0875944895930445,0.010229783096844199,0.9777313567666512,2.0095859897575252,1.0041055838843922,0.5062643964781979,17.023193822557094,0.3185278497520446,15.0,213.33333333333334,0.4935933181210687,-0.09333963669839905,13.162958592962942,25.870606166356932,0.8304966780300044
FaceForensics++/manipulated_sequences/Deepfakes/c40/videos/910_911.mp4,1,6.942457603334232,1.5747381918853127,0.7177950337091733,2.49109856068687,0.05009634856507216,0.23085581153340237,0.33454481086481147,0.05631303240994777,3.394381617612418,0.10000000000000002,398.3217488602034,2.022636280173347,0.7034077906610315,0.3191663533807399,0.24289810068645554,5.362900727734877,4.159716311236092,2.239298705544893,0.07592590118354199,2.3393932957689083,0.012670440414267648,0.2033958606953271,0.995264591881388,0.004765049078427769,0.9535071400775907,0.9834261627428321,3.329686759364409,0.005583488382399082,4.4799144234275445e-05,0.18018251799777055,0.9929112739654347,0.0035588713362812996,0.003224131651222706,0.00369994412176311,1.7740425816774106,1.8631989772801332,0.006189737939253853,0.9889230043969851,1.0241959299828178,0.884979936028124,0.6087639185509108,57.87224297149647,0.8748424211462135,0.0,0.0,0.3425634498335139,-0.12590703691402602,13.507023573663078,8.178603485010257,0.8367308184185985
FaceForensics++/manipulated_sequences/Deepfakes/c40/videos/911_910.mp4,1,7.344945643655867,1.3218906853016332,0.7556706729517833,1.7607125672534736,0.022578267040442152,0.2582778446367914,0.02051313248940711,0.06403173389142736,3.4253495759280854,0.10000000000000002,266.5956487943914,3.485868340730667,0.7657164719139021,0.16187833244634262,0.1701060584562389,5.9056629959872415,3.5077201429895295,1.3400991089175873,0.32748420171118175,7.681597201359159,0.02230367476073495,0.21427000564159582,0.9886543469510313,0.011684746728229299,0.9193776267125012,0.9850435337285864,3.5468306238661276,0.007074479479342699,3.682266833493486e-05,0.4573813134925256,0.9933609323902667,0.0037459309678524733,0.004004668444395065,0.0026430997531861067,2.5266782780504244,2.8029415205079253,0.029611054929132536,0.992226060475452,1.0933286737040133,0.8009893776308893,0.32280447910971555,29.632452585636287,0.5858444556187338,48.0,233.33333333333334,0.6273072304302207,-0.15436124359670036,19.28696967259041,8.998613671085426,0.8181778223415475
FaceForensics++/manipulated_sequences/Deepfakes/c40/videos/919_015.mp4,1,6.957261909085266,2.893234346880705,0.6283969918179058,8.472846365103722,0.47750842342833816,0.23118304243266485,0.4127924019960383,0.06182353656064922,2.2855008816509326,0.10000000000000002,1005.2183224574504,6.893324029445648,0.8538531500294747,0.18225430084667688,0.27531351666382403,5.404922594847821,4.075491894723661,2.4033430070683686,-0.4013871387715694,14.642234665005665,0.03639365774344897,0.7609516886722097,0.9902842741482929,0.01016472214277284,0.9186734969411086,0.9747479053125788,3.6725515768537944,0.012342757545411587,0.00015957080177031457,0.3576050681182073,0.994978507738414,0.008132095448672771,0.006072918884456158,0.007414955645799637,3.0439097168622027,2.08623204477969,0.008204146591465959,0.9844237151059458,2.2113718906772575,1.5961476633169591,0.6037649562436023,24.87266942036881,0.5197301632025428,12.0,100.0,-0.02698175501234673,-0.06449065172832488,12.40316760780205,24.92576948502392,0.8187731814983992
FaceForensics++/manipulated_sequences/Deepfakes/c40/videos/918_934.mp4,1,4.987218859670811,1.6427749066486215,0.6436049825374908,2.7327495211846,0.7318596971198852,0.17576055800868035,0.08315079053288811,0.08191243471167899,1.6414591831677687,0.10000000000000002,647.741519008315,4.125560432672501,0.816631090913835,0.2485017339228668,0.21674271812683368,5.110291145979425,3.4503293615069346,1.9679722466478378,0.6857683737142906,7.479948457309775,0.03873433304045012,0.29110725652047575,0.9924891067287313,0.011105593108804598,0.8879298148872173,0.9923202804872546,2.681267495489075,0.005242243409156799,4.652690404327586e-05,0.4432064090048019,0.9938564647036795,0.00557825667783618,0.005559250712394714,0.006621561013162136,2.3353828579511355,2.176486615747826,0.011501765702717165,0.997181207983509,0.8266879180602007,0.7281663062931735,0.3153259699005174,32.96917134788907,0.48751382941342436,5.0,320.0,0.6860398836663721,-0.15999647696424937,11.520574217225032,12.241311638848853,0.8800032120082734
FaceForensics++/manipulated_sequences/Deepfakes/c40/videos/915_895.mp4,1,5.689570479924596,1.8080548396964702,0.726076197410635,3.348878420848327,0.5288132813968947,0.22286644190391405,0.10207054675049476,0.08280198315610841,2.2521699583890324,0.10000000000000002,589.7824365775454,4.941564089059829,0.7363719858814923,0.1429040524378524,0.2183936334565911,5.884505805536171,3.148082291768973,2.0347761824610897,-0.24073201011734258,3.6193352007940316,0.009851932621665558,0.04270441918731754,0.9657370278640104,0.04547840448083405,0.7413373960159224,0.9723706585314251,3.313506226793834,0.01357862539589405,0.00017005216795951128,0.3668812473868477,0.9935148703295111,0.005945272743701935,0.005437141750007868,0.004940912593156099,3.5841252597651563,2.551420634973779,0.012078511762315147,0.9894426850308986,1.2477039349916388,0.9546728840585587,0.4485212237811119,26.511496541673235,0.6249837292788647,35.0,137.14285714285714,0.1548899739095748,-0.12608086110296146,15.441340511719579,12.188000871777122,0.7562214057215519
FaceForensics++/manipulated_sequences/Deepfakes/c40/videos/922_898.mp4,1,4.023037749549128,2.87767963093974,0.6066005660923421,8.362550250344729,0.1270908369398024,0.17318993323741486,0.09830166968822171,0.06308799141566074,4.260033036767861,0.10000000000000002,1036.495613219027,7.7195339560508724,0.8810102919040697,0.049930708536240244,0.2088871555214902,5.800066761533786,4.018911544287832,2.427989679378732,-0.5039219121707441,5.155418624580296,0.05771342528416001,0.07107495048844628,0.9812163405612463,0.01858063519150835,0.8463860417826955,0.9750814131663584,3.9190971128219685,0.023487333208322525,0.0006326109287329018,0.24776807956628102,0.9954824756211549,0.007366286125034094,0.006541179493069649,0.006685091648250818,2.901676307068434,2.1110677194335254,0.009734362324415774,0.9753217597417103,2.767470343854515,0.7909536359294874,0.6884324873126089,46.28282913869339,0.47733429510007624,40.0,290.0,0.4431596539781499,-0.09106403527242972,10.781096289207316,28.673305609088782,0.8112418899088588
FaceForensics++/manipulated_sequences/Deepfakes/c40/videos/924_917.mp4,1,8.483228543761314,3.7775312145538713,0.5952442171253759,14.505444722954621,0.390961667762137,0.2422385677092787,0.22926474515230902,0.06319260195259355,4.535743729958773,0.10000000000000002,621.9089279597468,6.406446897983551,0.8840017517286439,0.03973688312081775,0.1383137668246869,6.362243414761327,2.9145334320270644,2.2555654505686444,0.5754140622278481,1.770600263523508,0.028539579667552453,0.13110939882951406,0.9757566060824274,0.017124394078021705,0.864819444459248,0.9777666575456352,3.6767133484458094,0.022841520607471466,0.0005167571944184601,0.15088523388602904,0.9962686007715835,0.006492273416370153,0.005218960344791412,0.007539492566138506,2.9383754061778617,3.1570657506981252,0.0066354669255623165,0.9755915496374323,2.436797789506689,0.8942911819471825,0.7128809923087163,31.626820543983673,0.6269109174927248,0.0,0.0,0.4257160910772529,-0.09657546195658578,13.639470813510444,18.37291921065316,0.6095664144616412
FaceForensics++/manipulated_sequences/Deepfakes/c40/videos/916_783.mp4,1,9.581274092592874,5.656810074769448,0.7226259609327611,32.39066158206047,0.5286112967049013,0.24622448524268345,0.05987501465034205,0.04848086809492248,3.3800837793842122,0.10000000000000002,1228.6542143531462,10.039275586605072,0.8787281702919246,0.06447403578772223,0.13211702836438954,6.075713220873555,4.69997750440715,3.7375169103307235,0.09468014396564718,6.923751810036527,0.009582517978505851,1.663357176753734,0.9269155588907853,0.049300159218424754,0.7360343472028807,0.9487614806547575,3.64138177891689,0.015645919367671013,0.00025105878012254834,0.08098593893528643,0.98806754536377,0.005462614353746176,0.004753822926431894,0.005961207672953606,8.048485045225293,6.004482016915859,0.03341603491210981,0.9206008221828487,4.769188309991639,1.934103258606145,0.6160665211784924,18.78578791700031,0.12140432243647067,24.0,233.33333333333331,0.7119127871737301,-0.03616105223316427,12.813020682043192,16.597268225085767,0.7426511935401608
FaceForensics++/manipulated_sequences/Deepfakes/c40/videos/904_046.mp4,1,6.817589233067851,1.37145454422242,0.743983781285027,1.932140866110896,0.4164994530018289,0.19395503997760638,0.5241532989095292,0.0873212870307881,1.1340553926471926,0.10000000000000002,341.7158335327388,5.404457151889801,0.5675046691495663,0.07340437453250757,0.09922181094525949,6.076287761801066,3.544371856189479,3.018034302290161,-0.19207444928737996,9.772483470981383,0.0025226966075673155,0.009022853556779084,0.9967592538462752,0.0035775355436876177,0.955634670755203,0.9645524466827007,3.67537572730858,0.006570914294570684,5.230080569162965e-05,0.3746685223772643,0.9876071175954756,0.003530748188495636,0.0031491853296756744,0.003947223071008921,8.41810211599149,7.608890000919951,0.011789191731572382,0.851094784056199,0.7456691576086957,1.515962506779397,0.45307527646766266,12.72010102304526,0.4207329579158162,30.0,133.33333333333331,0.9306917122851818,-0.19989133186704308,14.252985692340376,5.81307868611349,0.6573848030803844
FaceForensics++/manipulated_sequences/Deepfakes/c40/videos/926_900.mp4,1,11.023760433745048,2.95440008605472,0.5985188350496019,8.850833194686054,0.42110764778407495,0.2924601654122708,0.2849880619335619,0.06757603946984643,2.5716066719409283,0.10000000000000002,331.08993122846425,5.280041188001633,0.8532671814967815,0.2373416870062745,0.23848890341165024,5.317286181903562,2.6523647489635307,0.9579743231393019,0.262703306579781,6.699055191925698,0.04281468808232445,0.4973630434126365,0.9959673559823327,0.003248281059435329,0.9778861759652613,0.9864811997580123,3.4459129755466664,0.005618017632514238,3.398428816581145e-05,0.36807640311799245,0.9916047391114423,0.0048119984567165375,0.0037163591478019953,0.005228023510426283,3.6185106709500285,3.258985996311369,0.01172309922116092,0.9869318642612184,2.1089765363712374,1.0695229734456944,0.44148881374333315,64.68722781864042,0.6325980120635247,0.0,0.0,0.5759854676711887,-0.049889785095131735,14.278908406627954,19.14788900528922,0.7849706007046815
FaceForensics++/manipulated_sequences/Deepfakes/c40/videos/927_912.mp4,1,5.466854839127707,1.813979687064841,0.6189802870244502,3.327655799561216,0.06535066380302175,0.23053646092219893,0.16983918365623601,0.0623959983891061,3.4599136926312304,0.10000000000000002,558.0915761010483,3.2725516736507414,0.8528045002615107,0.1675772504585534,0.24094516080923592,5.4783987589630545,3.3184604346331854,1.675259319074948,-0.28072730198604673,9.927727364361678,0.024893782288237014,0.13557634711988592,0.9857663401164898,0.013569293779522963,0.8961691458755221,0.9486380292370278,3.091695519193256,0.010548961348831654,0.00012827861064579338,0.21570311753932508,0.9916284305491997,0.004910068586468697,0.004274682141840458,0.005630158819258213,2.3140509451484745,2.4667028611821107,0.008296598352780278,0.9736595674006293,1.483777304556856,0.865876386386708,0.518960629786974,61.278658021074705,0.6921747310660178,20.0,140.0,0.30079115074626583,-0.07124273917597412,13.205442016773445,11.100232187416058,0.7416492200940626
FaceForensics++/manipulated_sequences/Deepfakes/c40/videos/906_847.mp4,1,6.029320608425648,0.9683939429837961,0.7750844111115971,0.9558537032060137,0.11621243907164455,0.24376385845411339,0.20470886083246378,0.08055509684989795,1.5478104664688672,0.10000000000000002,257.15723848285836,3.387692379951477,0.5277127605357925,0.054362928803156685,0.07014141862265434,6.060509588031846,4.720075130935427,1.0219257770405448,-0.3995943450851329,4.184155621271554,0.0077684133731470584,0.12237756545635128,0.9767457206588837,0.018114098741768007,0.8721652958381293,0.9316671204902537,3.5122255830207254,0.01410673651844263,0.00013948047126177698,0.3043772472953946,0.9923299760597903,0.005816624965518713,0.0048790182918310165,0.0046425373293459415,3.399689622217828,1.7554307183528577,0.019619459106498944,0.8836433924746271,2.9812624111622075,1.1658791992641022,0.3096437947871048,28.345605370142106,0.1916704199603773,66.0,172.72727272727272,0.24582495749947558,-0.16663645392740595,21.904119378424976,9.418326867251182,0.49382640530079225
FaceForensics++/manipulated_sequences/Deepfakes/c40/videos/929_962.mp4,1,11.598063815697115,4.382080007245438,0.5706872496907635,19.39085787922933,0.9691414228184787,0.29825731398055166,0.24185968244232278,0.06524976322537403,2.98567763915045,0.10000000000000002,629.4631618423456,3.129951110482216,0.795774269081823,0.22012317642841714,0.2740887267600783,4.917135970330276,3.9514399661267174,1.3580841982290441,0.5371355076340747,3.2110276464134024,0.05756767844163857,0.0851903529804652,0.9958831309949525,0.0035202981711759673,0.9667489679279558,0.9544269347373734,3.865733722706158,0.009806804358959198,9.38146622502245e-05,0.3034193465127692,0.982495232936135,0.003526889719069004,0.0034002927131950855,0.0031512475106865168,2.2245207741850797,4.1444810172938995,0.015054013779001235,0.981674381834059,4.0566602215719065,1.0696337089680388,0.37530305400396136,20.631344912358063,0.6379822274395157,0.0,0.0,-0.07515283440950302,-0.03600992347870315,15.250848680868481,19.796793806397964,0.7478363307749128
FaceForensics++/manipulated_sequences/Deepfakes/c40/videos/930_763.mp4,1,15.184519017287107,3.0104292060985705,0.6522219360584905,9.200606524574798,0.06939876770654933,0.3039181070527962,0.21229653666706091,0.045230998565047656,9.21069252898609,0.10000000000000002,1418.8851426079054,6.91932737827301,0.9031294206376105,0.1469370238971355,0.20642983400199458,5.658378046266796,4.042736877345752,2.109598528700184,0.19434406427917272,8.89738404387148,0.03637883728785024,0.2272497708351836,0.9921520893803697,0.006194441935356579,0.9502711733215823,0.9664472640576562,3.954497740487952,0.01899132691323757,0.00040003604954108596,0.3570055504531785,0.9903711925873024,0.007829135283827782,0.007390077691525221,0.009378868155181408,4.352754287744831,5.829859764195497,0.011636444391624779,0.9704187785628674,2.4314544575668897,1.5286713226020645,0.5580405256739449,19.675444854072715,0.18035446465806987,18.0,266.6666666666667,0.08139556773839794,0.008832711580167359,15.600079080452979,18.33687022144395,0.7764251558501566
FaceForensics++/manipulated_sequences/Deepfakes/c40/videos/931_936.mp4,1,7.404446122777247,4.295397831016239,0.586498717982886,18.765239427920534,0.9095254027443869,0.22252837900637656,0.14035053324221583,0.06986175178015584,3.549187959263034,0.10000000000000002,992.3637016807148,4.867293593287468,0.819685092769436,0.1825705244233016,0.2389384475071469,5.631599052844411,3.14757717132794,1.7459450352480363,-0.10702956472940438,2.401405893008805,0.07186766508512975,0.3404099266180243,0.9924057605996374,0.00765625320816585,0.9459552465791108,0.9849243420866046,3.4747246168583272,0.009106941521167755,0.00011884164996445179,0.40749810507579143,0.9924124132496662,0.005515672266483307,0.004939189646393061,0.0071759349666535854,4.5685467223295,2.3376868251252736,0.009175843835163577,0.9847925705337899,2.5815184730351173,0.6626523030032246,0.3801375143835749,42.137216165124315,0.6283215144971719,20.0,320.0,0.5427208913580325,-0.0935803947213599,12.603156055544684,24.900663029316743,0.8467514480449536
FaceForensics++/manipulated_sequences/Deepfakes/c40/videos/925_933.mp4,1,6.931668554400227,1.1188822552943318,0.7587750024742832,1.2651791288780965,0.0324788508640863,0.2689795620149933,0.15952606368043337,0.06689620403680382,2.448653827621379,0.10000000000000002,208.0888211925147,3.7002991795539857,0.7505494509387353,0.16772925294610355,0.19050513774402983,5.9513216351697915,3.534670222774654,1.8916870587439834,-0.5444041537355476,8.050378882078551,0.016475491172185892,0.5622044534325515,0.9879665638347633,0.011024936976869447,0.9379813086030561,0.9797240993337824,3.8989495662951192,0.007518503814935684,3.1574920285493135e-05,0.42937391775233585,0.9913057407492931,0.005364021752029657,0.003830769332125783,0.0037379839923232794,2.870322667530032,2.388508519803419,0.016562494713263723,0.9590550857897657,1.2801917851170568,0.9621695731638118,0.70907056546836,47.98464432565685,0.6509615532478318,0.0,0.0,0.4646369675534209,-0.19991215942353593,19.008264436741612,7.623571994556942,0.777740909582559
FaceForensics++/manipulated_sequences/Deepfakes/c40/videos/936_931.mp4,1,5.171235520531931,3.7126891513456868,0.6128630991070854,14.073678608385928,0.7576076417779014,0.17845395547761253,0.09780674483423409,0.07152458242599334,2.136615235375125,0.10000000000000003,1396.0226807764807,10.751699079166759,0.9147930428646093,0.006816767622520768,0.03943537687054944,6.280985514365651,3.2128539727165077,0.6905883116082198,0.267399845007844,2.8896472839077423,0.02924435421598946,0.4054619297671601,0.9777280786714079,0.016201128875431913,0.9117452243828927,0.9817146391535695,3.835804128094657,0.014163827523589134,0.00013377552386373281,0.26843370854401677,0.9883650498281509,0.007166817784309387,0.005783919245004654,0.005429372191429138,2.3711296368589108,4.6268599218424304,0.020730346622147688,0.9740865353035897,2.4102453283361487,1.2340032054654475,0.6731729690472585,16.34428266330434,0.25293269832476023,20.2020202020202,130.0,0.6356828993785935,-0.1680926854644908,14.437309962993075,28.732345909014512,0.8345808867685476
FaceForensics++/manipulated_sequences/Deepfakes/c40/videos/937_888.mp4,1,5.9241921766380035,1.6447503386415008,0.6601071689264734,2.7265034827228165,0.03304963788760834,0.2551210024015521,0.14108324411780873,0.05519992004468286,5.012331296261531,0.10000000000000002,401.81939157195865,4.231302613019944,0.8391018955830118,0.20219923688542682,0.2571704546093607,5.547437235694623,3.5664628801708353,1.902553938042871,-0.10914503003155696,5.409930605191486,0.04045484659797849,0.2326573524587017,0.9904704449722608,0.014122377722751376,0.8360740470957565,0.9837435219758076,2.2531068719469602,0.005556467920541763,7.239725528052077e-05,0.1919690876076452,0.9941882757086717,0.0049446322955191135,0.003767634043470025,0.0029938919469714165,3.6757354109468334,1.5979238876571842,0.03643919426129777,0.9860217825034882,0.8437042746655519,0.7489067157263264,0.7733345244125377,28.1420672987346,0.6905338099930002,0.0,0.0,-0.2969529942311611,-0.17907464810131504,17.664784806650953,13.357392965816699,0.8476102225720408
FaceForensics++/manipulated_sequences/Deepfakes/c40/videos/928_160.mp4,1,11.286059379670444,1.1873494149295576,0.7576965553277806,1.4329814122636724,0.026700080623523286,0.35332079269513655,0.16136616849057048,0.05481713874434121,6.768478003738449,0.11000000000000003,258.8964421456217,5.132853102684021,0.624917843412493,0.0519246963547227,0.1168462592024648,6.147866092535959,3.4412249537542743,1.2335787599997987,-0.18485621746650405,3.165059288077622,0.003753461203467,0.07112069489033344,0.9598040061745113,0.03437280155600385,0.8185487126929457,0.9630836184762704,3.4483674560986244,0.012049967423081398,0.0001139826126745902,0.5581778468046725,0.9953668198567445,0.005364131182432175,0.005356678739190102,0.0050507220439612865,4.344105369915744,1.5947862744776018,0.02280173127537941,0.9155051949993606,2.6260516826923075,1.723779899718633,0.4976513624381139,44.96089058534367,0.6373112417556178,12.0,133.33333333333334,0.5828625746716913,-0.1582062275658666,19.812414776825303,16.101747103790185,0.4365760993772942
FaceForensics++/manipulated_sequences/Deepfakes/c40/videos/938_987.mp4,1,6.8837947926882475,1.9746144599703168,0.6272000738862465,3.9293991277649374,0.03782764070010798,0.25353824854040136,0.1527257238530724,0.05021739578737947,5.749311007674498,0.10000000000000002,345.4530430717716,1.8362433940172196,0.739060541121865,0.39802314017956797,0.22061592390016505,5.118387844296737,3.001734132210756,1.8511065984452177,-0.2992175951935322,10.745033692449356,0.02832966242790807,0.185806040660367,0.9950578366129041,0.00609472700164066,0.951582483329422,0.9930577564706944,2.8061625082864596,0.0042072138749063015,3.662419112515636e-05,0.24572516507756909,0.9923999356859836,0.003187062917277217,0.002172834472730756,0.003372303443029523,1.4991372483891316,0.9443190416668459,0.005709113828556118,0.9875375573880583,0.5270269387541806,0.700359187990617,0.838236454895277,67.6202776529531,2.275171347617307e-11,0.0,0.0,0.674714451049035,-0.15510620556244678,12.507605874953843,9.662693139783446,0.8081274280795528
FaceForensics++/manipulated_sequences/Deepfakes/c40/videos/939_115.mp4,1,6.054326193393993,1.226565903708706,0.7138824651705744,1.523958028317312,0.04621324430515863,0.23172187542712502,0.20368727082427823,0.06443454979390059,3.820827748985374,0.10000000000000002,631.9947265683929,2.3233268946409225,0.6948539535904883,0.3881786698341382,0.2397943153893852,5.086537610061447,4.043739722683858,3.0791233127624613,-0.005696933955358828,6.163522102045553,0.030050603015259764,0.30752631478379494,0.9939198434911097,0.006830411025041565,0.9609343485878544,0.9563365636583326,3.8181382416740592,0.004787941928952932,2.015586505876854e-05,0.4626681416506423,0.991609937636054,0.005182967055588961,0.005156277678906918,0.0027258472982794046,4.753325683077653,1.7844356301390818,0.021496525279192463,0.9917570467361897,1.0779976222826086,0.8748367703423422,0.5197656218767868,33.2705611809109,0.27249841568213523,0.0,0.0,0.13010292011912547,-0.0802788622489426,18.27814100400673,12.65387941002958,0.86868727511931
FaceForensics++/manipulated_sequences/Deepfakes/c40/videos/932_384.mp4,1,10.422008214244789,3.3092489084166212,0.6798286098074033,10.994662282214355,0.2128082144540128,0.29943526341238885,0.13139778526658513,0.05597903406722228,3.176025865644801,0.10000000000000002,500.02313301494615,5.855703151226043,0.6851742201338247,0.029021151059606006,0.13427272718173863,6.509454207896564,2.704868948985327,2.0166548928150987,0.04242845446463969,1.740336236652823,0.01205273692022126,0.49088464204558985,0.9354544511970356,0.037595683502266324,0.806474848959633,0.9517590893266001,3.9658721507427015,0.010811824351549149,7.82744973548688e-05,0.2889428145429751,0.9895146327144623,0.005696077365428209,0.004420963581651449,0.005854060407727957,4.330064151142555,3.5325961469492855,0.04400550884288216,0.7384100293044036,7.922874425167224,1.1501042154670442,0.47030990981759857,40.256115205373554,0.3376035543213261,5.0,200.0,0.6183569190962938,-0.2566301594756448,10.658061364111454,7.335214612954105,0.4948818073167259
FaceForensics++/manipulated_sequences/Deepfakes/c40/videos/933_925.mp4,1,2.626378739492309,0.9930648290081237,0.7575902735748479,0.9940925523310856,0.05449488972013501,0.13377331987992022,0.08193844058457159,0.07277950038841201,2.7318168322726013,0.10000000000000002,501.22223660712945,3.2231315970420837,0.6708619677469351,0.09214514072529255,0.15085857043897055,5.823062211555677,4.017858719398303,1.6201722768054363,0.08377786232920345,3.9735070072839838,0.019144655645127084,0.09361900031944523,0.9851759582649519,0.014597062170086805,0.899714712032172,0.9577835533668969,3.8564117613236197,0.008054628036916256,8.377344784094021e-05,0.4195285728266387,0.9896005905224827,0.0054640863090753555,0.004407804924994707,0.008098849095404148,2.8630452019369246,2.1970517726139427,0.008144797649562113,0.9528547049951996,0.8916570861204013,0.9401397272410934,0.36176490039403697,10.571244941315202,0.45780343747633284,48.0,204.16666666666666,0.44499560790243803,-0.2296344305681861,15.080925915369747,8.069183105681907,0.7159308369862766
FaceForensics++/manipulated_sequences/Deepfakes/c40/videos/940_941.mp4,1,13.253870658820878,5.318163901538533,0.5796726248334679,29.163148105240687,2.465607731347947,0.34126746387260565,0.02637945901280943,0.06740486031370461,3.60149223052099,0.10000000000000002,567.977536984687,7.48351880311966,0.9020634265699867,0.019401387402270306,0.12837322065023424,5.954541788155817,3.0512838614507967,1.8534141665152637,0.41245021469131804,5.16326721509839,0.036116622512456086,0.10444869379464154,0.9890741044684969,0.009235254149259488,0.9273346657064682,0.9790914390015172,3.8577213695788704,0.017593778669834137,0.0002914196520578116,0.29926021134339514,0.9915178150278996,0.006875939667224884,0.0074480315670371056,0.0047393906861543655,7.495817252193123,3.457104499757789,0.020047915976043194,0.9761160260939963,3.356317934782609,1.9949172243987743,0.5471235200509432,22.462622260619764,0.3551855876142091,30.0,240.0,0.8879584389062863,-0.06701451920059333,9.01529284559704,30.378832664691284,0.7642912784686892
FaceForensics++/manipulated_sequences/Deepfakes/c40/videos/934_918.mp4,1,15.265576037878713,1.6596252126919826,0.7281063337504226,2.787803898454671,0.26907787600269517,0.3615335742458467,0.31145865360117975,0.07744418219874989,1.772159176398017,0.10000000000000002,245.80829654490603,8.45586217045784,0.8432983090884418,0.11935063921573305,0.13383571568059818,5.962812562402162,4.594767066488158,1.830780814212566,0.030138177979933324,37.34788294226824,0.024594596354490197,0.5103074897416436,0.9948330532276866,0.0044535650865142285,0.9615393263194392,0.9785751295697914,3.8958802656343137,0.009942428208887577,0.00014413594908546656,0.1920530585302851,0.9916966911828122,0.004141093697398901,0.0034748029429465532,0.004244057461619377,2.509875624594717,2.2125373970445925,0.01208761842250878,0.9911038117578346,1.2049670777591974,1.095236306398814,0.39128516319751516,24.458750193515595,0.5444716537765267,0.0,0.0,-0.27833884558074873,-0.15670500216189528,17.168845215548945,9.973961062321324,0.7630272065045405
FaceForensics++/manipulated_sequences/Deepfakes/c40/videos/944_032.mp4,1,10.148023769689225,1.2917131802346824,0.7097321057154422,1.6931823291677723,0.05407789005186492,0.33401894880310934,0.0644659803604419,0.06474798899832021,3.479088741694704,0.11500000000000003,233.74635351044935,4.956714528799057,0.7248621756489907,0.2263185433989471,0.20538598065169253,5.728168072419788,2.816369038668608,0.5628732797677837,-0.4614869875161912,4.895580384066217,0.021320113825488846,0.18879240202572684,0.9923150032290805,0.011379004517405658,0.9099774188890649,0.9870880518246259,2.3401300789634014,0.009033686481416225,0.000118195493996609,0.5369743011511441,0.9960623975171413,0.007536612451076508,0.006329036317765713,0.008414367213845253,2.5452019908239296,4.833099961909972,0.024592144898373094,0.9647061336074534,0.7658176996237458,1.4456403967363736,0.6132664814450473,27.730878411800223,0.5510190652607442,0.0,0.0,0.37649008137819345,-0.11945112047024171,14.875715394299156,9.135772465029175,0.7697540621940487
FaceForensics++/manipulated_sequences/Deepfakes/c40/videos/941_940.mp4,1,7.835050475110774,2.755250741306475,0.7045786747339176,7.653432261475186,1.049011439308089,0.2431312743786743,0.13570250596576652,0.07331982527751386,2.23146825444414,0.10000000000000002,785.6434828728453,7.563001918792724,0.8795934401996579,0.21998416943566051,0.30911552069426407,5.654682282776694,2.7548523205712865,1.7545373751631854,-0.04224988813093707,2.965562992626985,0.048698560978413186,0.4661078435936617,0.988196127587352,0.011836005334466878,0.9130561771645006,0.9889080819567376,3.42276200394497,0.009194598533213139,6.441814184654504e-05,0.597912177602557,0.9943910029651841,0.00474899634718895,0.004534414503723383,0.00410063099116087,2.909515385755161,2.400261143934976,0.008197899900754998,0.9897211404785882,2.586058345526756,1.516845635184766,0.6063364694995559,44.823099616892456,0.5609774300640421,0.0,0.0,0.3847440999530861,-0.005763636174916817,12.920848717365795,19.585300614435777,0.8188598552150806
FaceForensics++/manipulated_sequences/Deepfakes/c40/videos/949_868.mp4,1,11.896447407367999,3.149764525608764,0.6163125733350909,10.100932268629032,0.0697356918623818,0.32977525432186516,0.04175408196163631,0.04915042424617687,6.628290368214975,0.10000000000000002,438.8952705354066,10.020092797279357,0.8658754904714765,0.03889165355889641,0.11818962925239258,6.439080270201389,3.564575463532975,1.1187595661458591,-0.5388725621227324,3.720700959956684,0.014084189434276258,0.04021034674690095,0.9662436379984096,0.027373553243515193,0.8228011230131026,0.9776608266533113,3.9665599884917957,0.02164631150662899,0.0003322646371088922,0.22085656293205516,0.995637537564254,0.006836517248302698,0.00548290042206645,0.007031956221908331,4.15900791783871,5.7272648801130375,0.02386055172057945,0.9564492978229856,3.0934691158026757,1.3134623117759339,0.5806443861932229,38.66831487975541,0.5009209583628321,0.0,0.0,0.7624358447932821,-0.12348901649095236,14.238187531733637,24.23269893276061,0.6585948851723812
FaceForensics++/manipulated_sequences/Deepfakes/c40/videos/942_943.mp4,1,4.6984499517289615,1.1668287213877564,0.7353002278767897,1.3710478435669116,0.08784312028011283,0.17396365087400018,0.18555650179586597,0.0675524690787193,1.9711970502060123,0.10000000000000002,764.2224744157107,3.0678223580121995,0.7775607031820965,0.2788932773557196,0.24350660643733651,5.471742201925782,2.8277365823334297,1.1361473134096445,0.3233507762897885,5.972996485484695,0.03196564568220445,0.1645863871551027,0.9928424600174877,0.0067548527826319,0.9631580922900816,0.9791844854319546,3.117961896383309,0.006130856927484274,6.0896836657775566e-05,0.28223561360141347,0.9873859576113823,0.0035111147444695234,0.003624027594923973,0.0019181427778676152,0.8711662963907868,1.3907371160932827,0.00600521871227545,0.9694031395097189,0.6895739705267558,0.7974785028145434,0.5158745500496622,65.73227612126657,0.3873015313213198,30.0,220.0,-0.11851989703146393,-0.24770803194941637,15.68288563228583,10.998563395962888,0.7771634775083027
FaceForensics++/manipulated_sequences/Deepfakes/c40/videos/943_942.mp4,1,3.2546779928284786,1.5876718158742023,0.6989839330924184,2.560425225752612,0.4434894406732705,0.15369388502541198,0.11949918237662657,0.07640751362730965,1.946405594863732,0.10000000000000002,717.2054908134382,5.334849834442139,0.6424627161056244,0.11831023348952854,0.16259704188518737,5.787426508040005,4.443820077176862,1.4349159875172106,-0.7451067243912315,4.332558429731741,0.017842679395948233,0.046628945665959265,0.9729540888919886,0.03012023923130713,0.8402702634003816,0.9768758825414585,3.8196465231152374,0.010538138449192047,0.00017651871894486248,0.43655759222402524,0.9947347086326743,0.019999563694000244,0.015806136652827263,0.004156606271862984,2.471553504427663,2.3747752607233905,0.017667589690067285,0.9682276332429399,0.9245042067307693,0.8916120900034564,0.4540163866476812,12.514749141122119,0.3413664030353543,0.0,0.0,0.43394705825470203,-0.24935062124912177,13.857283192362262,14.630350459587993,0.7415547278011944
FaceForensics++/manipulated_sequences/Deepfakes/c40/videos/920_811.mp4,1,5.250831980259037,0.8217734852633937,0.7867865477278342,0.6782769233918112,0.07340103381843273,0.21664509312971628,0.019396623708688037,0.08094303410081313,1.5682240641591698,0.10000000000000002,199.8394835396645,2.8276362478733064,0.48552524062595437,0.05715155954567194,0.106625147594206,6.242601143919796,3.482778721647761,1.0837949822930772,-0.10467860728008883,3.9265240238155013,0.005553634677817465,0.05075313894419703,0.9866577618573067,0.015825739502253692,0.849670772056839,0.9600504254432705,3.404357197570033,0.009085160680115223,7.565012492705137e-05,0.3178250817949318,0.9932277254301,0.006758727133274078,0.006546790711581707,0.004014519043266773,2.706450232500382,3.549259861263668,0.011427993729161614,0.905096248535619,2.369437839673913,1.1876888116309827,0.4977793532179696,31.254591140530685,0.6133138961909909,0.0,0.0,0.1704353319817269,-0.20764408355790528,22.080608258577918,10.629698005171234,0.6785333393595213
FaceForensics++/manipulated_sequences/Deepfakes/c40/videos/921_569.mp4,1,5.188054499658219,0.9898927750625943,0.7765167238725774,0.9901324216023372,0.10587756869405181,0.1993401511835606,0.10795448219441633,0.07825916369926701,1.2664015339851846,0.10000000000000003,352.65221117070865,3.0765902887691152,0.42506969168336767,0.02483510731001507,0.04614358400606059,6.37640185931567,4.571591077914626,0.9375751654555845,-0.015430835037497734,13.988865947062266,0.0026800255319239094,0.02313438625022466,0.9701564439230826,0.01585135536730186,0.9168818917010159,0.8841464399453703,3.696453132464364,0.015310931019484997,0.00017335503071080893,0.2795824487813438,0.9913341234301348,0.00792357325553894,0.0065276725217700005,0.0051923771388828754,3.0856385684767176,2.034961035073075,0.013876258030381046,0.92374764654456,1.5146252648305085,1.8347608061043363,0.5854334681270701,11.88478683474862,0.38912816285938845,6.081081081081081,166.66666666666666,0.6369736335814561,-0.2388444896475414,25.375790756495665,7.534184318343389,0.37107232479281743
FaceForensics++/manipulated_sequences/Deepfakes/c40/videos/946_049.mp4,1,14.084076326130562,1.5840340071767949,0.7383894385799407,2.5426517389510384,1.0160844600348657,0.3539282076097054,0.20944959023549722,0.08115428911048449,1.1751897837142447,0.10000000000000002,272.3241814586606,7.028957957029343,0.8518551229810771,0.14957495970909412,0.21292453945200554,5.8261883996588635,3.522427361471595,1.1543874764122892,-0.45535820609807204,4.527235628980538,0.021919745184088967,0.156945101947375,0.9943199967192099,0.006065187771319668,0.9536349402290797,0.9714231457899518,2.925597560636824,0.01160101406276226,8.844937838148326e-05,0.49112101517092754,0.9927026117116157,0.0054941121488809586,0.005162432324141264,0.003836038988083601,2.7608386381797767,4.766718524449839,0.02312420800588961,0.9833009240149908,2.4348283340301005,1.2767629495385024,0.49328263347476264,134.78120474275423,0.5006171792968257,0.0,0.0,0.7469754992377696,-0.0766310627172171,16.627334664208593,17.900878017106546,0.7299344042092922
FaceForensics++/manipulated_sequences/Deepfakes/c40/videos/947_951.mp4,1,14.590455624523608,1.713853120858964,0.7194698897267916,2.9884753000218147,0.8055381213620059,0.3616393312718371,0.12818804221478372,0.08549817628956594,1.5087658112967088,0.10000000000000002,219.19827734684395,6.384561705589294,0.7126367309034694,0.11421515193715566,0.1693008745710873,6.017617945997594,2.8546417980461722,0.8739367226090845,0.15689828474071965,2.1082710652911327,0.030154862806816826,1.3019083780591985,0.9907603410890063,0.008150196777425883,0.9507162682915536,0.9809033775591762,3.6082188618400877,0.017299290746450424,0.0002895853540394455,0.17953567246567276,0.9929682313454378,0.006819006055593491,0.006083212792873383,0.007283580955117941,2.509766892943637,4.201727369813103,0.02008106037543395,0.9913707915771539,3.0291923599498327,2.2822580618535118,0.5634282824283339,38.024302171610024,0.1505022044707456,66.0,190.9090909090909,0.6552857781269266,-0.11347056570667195,15.224076185318562,13.69851711129272,0.7225649211469578
FaceForensics++/manipulated_sequences/Deepfakes/c40/videos/945_044.mp4,1,12.364856452235875,1.871197765477993,0.6995616817145471,3.530419839060883,0.3476783546873725,0.2599042083951333,0.3374904281737098,0.07136686713216904,1.9595515779337345,0.10000000000000002,1037.5816681035035,5.171712517738342,0.6893848101225022,0.05858329186635652,0.14673884090532166,6.233508133552828,4.209900226715331,3.6706957493610544,-0.6121594948630509,16.28997507521069,0.012436950567001002,2.3783890833950383,0.9831496567128715,0.01761028637157035,0.8887306795254335,0.9795186341973074,3.105890335398258,0.011252881027758121,0.00013952168228570372,0.40163976034531895,0.9865815321367778,0.005602548364549875,0.004597729537636042,0.006938840262591839,3.0190293423658754,4.055279007874167,0.00782607209782779,0.9909471892810494,3.410326086956522,2.1026519116315017,0.6161980718676987,11.021883509412541,0.4838270666563642,0.0,0.0,0.3884436741254997,-0.17447254759856737,18.121679154895677,8.785246794456146,0.6878430459729595
FaceForensics++/manipulated_sequences/Deepfakes/c40/videos/954_976.mp4,1,5.9056813958542955,3.741151061166555,0.6058539541221654,14.241859049601365,0.3943055186677137,0.21037192725045611,0.325259777379601,0.06814558877169564,2.3179217314104625,0.10000000000000002,862.4059405385781,6.12550716996193,0.8719856434941088,0.16479101876007032,0.3026064362726137,5.379076794416615,3.623830238758766,1.9723427228462316,0.20549717333821477,3.882618713126659,0.06852596059701213,0.5227512826310127,0.989723184157578,0.008898127772755789,0.9552316659920674,0.9848800377980337,3.350365515007179,0.01100026536732912,0.0001459902705391869,0.34160015703725066,0.9940771414386605,0.00646379915997386,0.005223517306149006,0.00807510782033205,6.2430121134828305,2.9122384594553066,0.016737137446932088,0.9803716735979284,2.2303772993311037,0.9347876357772119,0.42378452664536004,23.17703454038803,0.16071757642993234,5.0,120.0,0.3946687048080937,-0.03307126107043358,11.262258337308243,22.151131545275426,0.8463048220212028
FaceForensics++/manipulated_sequences/Deepfakes/c40/videos/955_078.mp4,1,7.3451545503262,1.5697390362318473,0.6577338833195718,2.4815168191515453,0.05801512864238181,0.23957740149372309,0.2656155191375447,0.07048040036893946,2.4739235282351784,0.10000000000000002,472.5633774964905,5.6327760219573975,0.8010516860937689,0.03826840081974238,0.12408266058380067,5.884731037205836,3.8096097479501903,1.8827010374312125,0.42525798930030945,6.2952424972936205,0.016112915841974794,0.2673815912843023,0.9894453578967164,0.010230152460969933,0.9135780214213484,0.9778013893440862,3.6652456809466507,0.007287678308784962,3.020563417521771e-05,0.44561954971132095,0.9937189321519866,0.004309230018407106,0.0034131028223782778,0.004469555802643299,1.489239932441491,2.7269538064719296,0.0075224101264748005,0.964699730543967,1.2825041806020068,1.1033852911089748,0.2869959948396499,91.08828653553996,0.026197717244688702,0.0,0.0,0.04367370413589863,-0.16599871054243048,18.758771424727193,11.047247521609897,0.7058969749334614
FaceForensics++/manipulated_sequences/Deepfakes/c40/videos/951_947.mp4,1,17.220972024245,2.6581018182445177,0.6944100695455191,7.165000442104043,0.15527349854775482,0.38761549484175095,0.20405878534501148,0.06281719868688058,3.548573866951638,0.10000000000000002,313.53068600303675,12.336910939216613,0.876494430993701,0.015818118875355527,0.09084522891508502,6.477666669454704,3.8769967048514062,2.68686919238733,0.7503275539381709,5.083230911881058,0.009233219202787246,0.038629552543760846,0.977680711657963,0.023791307746673852,0.7703769452358589,0.9766433081672752,3.7182799435124014,0.04405347257852554,0.0025916683953255415,0.07956402236768477,0.9959439061847886,0.006232069339603186,0.005083002615720034,0.007207274436950684,3.464469847146052,5.96215704422917,0.012749860086404814,0.9781181305014197,2.7780916858277593,3.3789499242767267,0.7616654310439914,37.388944611120635,0.6047059836971606,18.0,133.33333333333334,0.8150290931501287,-0.19896306077926568,13.356267793901088,16.03923475988623,0.5846478967016012
FaceForensics++/manipulated_sequences/Deepfakes/c40/videos/956_958.mp4,1,11.51794156240708,2.39983924474238,0.7077131379083366,5.837526336295701,0.07901430297845108,0.3160404839196608,0.124973919882076,0.06431629517123766,3.9602602036284082,0.10000000000000002,476.41680172032,6.441345155239105,0.884201069390571,0.24168978961663412,0.2092535155508027,5.343666491352732,4.618047865269111,3.1867876465133023,-0.1463750363798321,10.68229805993175,0.04926073000545138,0.10714623931144938,0.9923658438700339,0.010729890386652364,0.9101923862410063,0.9888426902836034,2.9072702247243405,0.010053732432425022,0.0001308156206505373,0.5112435685774098,0.9945541926742303,0.009568697772920132,0.009453502483665943,0.005640134681016207,6.853870311847047,4.203905146581258,0.012498144090379918,0.9898836429914422,2.438976275083612,2.145797112116823,0.4680370892556952,13.739031219099097,0.22673412216745717,5.0,200.0,0.017893628330670406,-0.08748214708746033,13.240426623008236,23.569108093598775,0.876499330914162
FaceForensics++/manipulated_sequences/Deepfakes/c40/videos/958_956.mp4,1,6.206544428161213,2.8990067401128377,0.6282183838362907,8.556194277935132,0.09117117196166621,0.20992819508583088,0.10741112294095581,0.051732372387937466,7.825328343543029,0.11000000000000003,542.4961225039015,6.759392762184143,0.8654441760987803,0.18046529614839482,0.19169895255523597,5.5532536981512495,3.623199129378962,1.774575187193452,0.26483723615052923,8.833038620291616,0.04489283979318976,0.28037207811434156,0.9947193313218476,0.004354390461621758,0.9632675633357167,0.9871460767892929,3.321262028386288,0.013237614184617996,0.0002048239839496091,0.1938238484006495,0.993436906098592,0.005784275475889444,0.0058875358663499355,0.004442824982106686,4.485898631394293,6.609867176887529,0.022042856970558678,0.9823608651353475,1.5530217913879598,1.170039362071065,0.8902753042047274,22.139862301779868,0.163845320154418,10.0,240.0,0.6648670500150893,-0.07329796586680314,12.14003137133658,24.084654095831095,0.8254056384571862
FaceForensics++/manipulated_sequences/Deepfakes/c40/videos/935_733.mp4,1,8.282142918243945,0.8113063739497676,0.7861186887759528,0.6607044027522023,0.49821285608426236,0.2930986159583011,0.13744558318681538,0.09178872994521622,1.018325546013612,0.10000000000000002,91.37199464643462,1.993356615304947,0.3621354898958712,0.038297870183261924,0.06046097681109041,6.176702503686429,3.846190307413221,1.8495458048893332,-0.5886669980554293,2.346906433922122,0.0020483716868766335,0.0888542789780583,0.9901906070753753,0.006958327270863462,0.9436146513151544,0.8866826657167002,3.877166811827486,0.0060941241681575775,3.716024002642371e-05,0.16598164952170477,0.983321532345268,0.004762084688991308,0.004417454823851585,0.005125001538544893,1.6912847437518195,1.3243295199709861,0.009672313830864228,0.9773147290614741,1.0492167903428093,0.8989406145160967,0.36689288460391545,14.28066349203319,0.4818548490218968,20.0,210.0,0.8835442566008292,-0.2277844236424603,23.380026371705917,4.714799591155066,0.4607235156433354
FaceForensics++/manipulated_sequences/Deepfakes/c40/videos/953_974.mp4,1,5.415928696237794,2.8066579645297773,0.6849094181399251,8.00460275456189,0.1300389769494001,0.19348466970578918,0.1462212690963456,0.053683917482364764,6.147696983465538,0.10000000000000002,656.8424446862485,6.856548184156418,0.8194623639253337,0.05493626013897566,0.13649221223509508,6.1853224849997845,3.9516366912870486,1.5002388167221312,0.026920088086266444,5.294961919699077,0.028434014540521614,0.30811684666150063,0.9842790987300538,0.014903105298120922,0.7765815145385211,0.9724699036879956,4.051957357387112,0.030805185437202454,0.0008843026007525623,0.1504967036192546,0.9911411932180164,0.006033625919371843,0.004742299672216177,0.005676789674907923,5.036245045036258,5.408161671826956,0.013098916065150996,0.966510769351313,2.145791962792642,0.886272046024858,0.7387356925973072,41.89949447066121,0.25520112757330027,0.0,0.0,0.28590267950760856,-0.10395435072216846,15.58658100372915,22.161026469302676,0.661197901518886
FaceForensics++/manipulated_sequences/Deepfakes/c40/videos/962_929.mp4,1,11.414487465613389,3.0505669200930603,0.6458883718229156,9.40346938371873,0.18169914167188297,0.27767930160943183,0.03385218450272388,0.059689197438174225,3.4236816329426802,0.10000000000000002,693.7231606437872,3.600868558883667,0.7738482741485619,0.3776393146123957,0.20829496121270505,4.919082730713327,3.9075533152133097,3.13057792657187,-0.07204799128704431,9.624830337088003,0.047129938632848874,0.20657858545938804,0.9819181806730892,0.020448206385699098,0.8659106005589611,0.9767115138462759,3.12263372758264,0.006572411861270666,3.340125476825051e-05,0.6108721270094473,0.9946229212475274,0.004785875789821148,0.004220152739435434,0.0052088405936956406,3.2065739608514012,4.6057515628322365,0.025580619190095487,0.968986067507749,4.571808371655519,1.253319900928646,0.4418388847170954,19.21047251491126,0.4688813642733636,36.0,177.7777777777778,0.7419637080962955,-0.016610306904232715,16.65664971519899,19.268310425157317,0.8084901935305597
FaceForensics++/manipulated_sequences/Deepfakes/c40/videos/952_882.mp4,1,9.524666900759353,1.857320335210996,0.7114785884172721,3.486546493448008,5.055848927924419,0.24147233675348284,0.14269185894954572,0.09120108252704166,1.1578197614003525,0.10000000000000002,327.22325734453926,6.7701025128364565,0.619670378967675,0.03480322816963712,0.05062697081654362,6.428883929374963,3.6757836936687225,2.063590958578373,-0.18886122934771304,4.134533112286582,0.006472629367541033,0.4802628459081538,0.9874533941287915,0.009661191047017513,0.9469516397166812,0.9831461225272854,3.882934595856322,0.013113413006067276,0.00013233481149654835,0.20057439733751373,0.9954823495583598,0.0056982762180268764,0.0045904237776994705,0.006201986223459244,4.162797621836435,4.94047620648228,0.013726190974875829,0.9703327382075388,1.4440942464464883,0.8721034956044594,0.566424401609745,26.894513854653656,0.09537428375376836,0.0,0.0,0.6770354407034206,-0.2633651299382482,17.355989737603547,6.183893098249586,0.4641980566648354
FaceForensics++/manipulated_sequences/Deepfakes/c40/videos/964_174.mp4,1,9.07200655522482,3.9826214845348473,0.603266360141788,16.074862251807073,0.6320555976882953,0.24701929651231577,0.2749080836020048,0.05797087165911036,4.3233075589493115,0.10000000000000002,785.5347186726119,7.453452581167221,0.8323837619055254,0.045202944354847376,0.19766939859373323,5.685430937367525,5.954589548672871,3.5561157416711087,-0.12960515785876306,13.899543628098908,0.01932826674612903,0.07267540003011155,0.9847405608161512,0.013759100014417975,0.9144981343960631,0.9852307697566262,3.4642572288120954,0.009049590677022934,7.425343937939033e-05,0.4663237701840733,0.9887800220567216,0.00661747669801116,0.0070449598133563995,0.007336599286645651,4.736843620735092,2.5351304358005806,0.011459104215632825,0.9862085119850607,1.3466143655936456,0.950916992624777,0.547740917578786,17.823361374001127,0.7670378453764625,0.0,0.0,0.47342297230232866,-0.08936165446890777,10.027481304705608,16.519404718036984,0.8577712429654734
FaceForensics++/manipulated_sequences/Deepfakes/c40/videos/963_879.mp4,1,4.636961696087278,1.4418938651491087,0.7345207868281389,2.1423325346891184,0.04084786399152496,0.17857088143581407,0.22585726268758594,0.05906230891108982,4.691071363692316,0.10000000000000002,667.3926712148091,4.659960651397705,0.7005506955588803,0.05394497802482074,0.095961011717603,6.158058104580026,3.492016871949143,2.487029680859801,0.0018806443436916506,2.9952726155836973,0.012442906846416944,0.22072297743564961,0.9566188947355327,0.04071082994072757,0.8009601011619077,0.9638680474342212,3.6019591741884955,0.01643046736717224,0.00020221411250531673,0.33639652311993234,0.9947981862646763,0.0059705800376832485,0.005135549698024988,0.005669544916599989,5.593442639521412,3.7747028472457287,0.014977995175146572,0.9790806482552283,2.7043955110785953,1.2510517212613854,0.5326233150396,29.430254220345073,0.014815033733822579,0.0,0.0,0.16639473642911137,-0.14723421913174609,21.360052834095605,10.661774186196961,0.6055915212361079
FaceForensics++/manipulated_sequences/Deepfakes/c40/videos/966_988.mp4,1,9.342156669645899,3.5753260734907557,0.5779190513015473,12.937121282308425,0.16398889856459897,0.29664053566673976,0.0396732120012265,0.05248770864081816,4.416399651585854,0.10000000000000002,395.83994073151007,5.195820105075836,0.7260290486896914,0.19136344950294415,0.18783027664152954,5.4082238666490605,3.523938006189299,2.8673706218147585,-0.18873487956451943,2.8464739842384343,0.0382051874028677,0.20793468161125564,0.9880380435245096,0.010146263455967785,0.9439193737399179,0.9731773661774421,3.491755587849486,0.009352466091513634,6.955325079616159e-05,0.2947712523321039,0.9859989370437772,0.004567878786474466,0.003690193872898817,0.004053907003253698,2.142120142307364,2.999305002141463,0.018518911222662932,0.9850437741346278,1.8994924487876255,1.2433970107756869,0.6931181677378362,36.314680187706436,0.7017575588560137,0.0,0.0,-0.18003794685931782,-0.045803395479270766,12.969101468019726,29.800514864626354,0.8424379564677703
FaceForensics++/manipulated_sequences/Deepfakes/c40/videos/960_999.mp4,1,7.359972634607004,1.8875573489162307,0.7127023552115964,3.579182483831046,0.1484765962599644,0.2391131631782309,0.12602614200112391,0.06985888131715082,2.819699888393733,0.10000000000000002,474.48516444229483,9.40241522192955,0.775267631581835,0.02222523312421329,0.05728883862860221,6.234255039247984,3.9384381851551775,3.2752599958737663,0.06012360394605965,10.214318441346169,0.012192289445826182,0.19226962559430635,0.977349278778219,0.01942804646420809,0.8664422398005351,0.9844913333220298,3.461000251616482,0.01903696358203888,0.0002835575432982296,0.4810441659014087,0.9880309810670354,0.009824641980230808,0.010266367346048355,0.006872739177197218,8.04434341376729,7.8967972645823235,0.03277361791653722,0.9630447202283111,4.232216110994983,2.4972883770304946,0.5459498244080392,14.680629316054667,0.2663665448248869,0.0,0.0,0.4976690420272831,-0.15212032328616418,15.434484712595328,16.236082353939647,0.6463754147197044
FaceForensics++/manipulated_sequences/Deepfakes/c40/videos/969_897.mp4,1,15.399269483632242,5.079748830028918,0.6053781291904847,25.989117403110942,0.18515986111861824,0.34511931965018094,0.19791128564693422,0.05103694710656588,6.344101057386909,0.10000000000000002,870.7842299892278,5.1294492244720455,0.8833931117642075,0.16132102490691136,0.25275202654323586,5.086737306702192,2.9117457005072813,1.2984391106114088,0.05038247384663179,1.653407689843567,0.08436021793009098,0.3441992918681928,0.9919039415132691,0.007267280582084679,0.953239404035282,0.9696449427938222,3.487781677976332,0.014340673573315144,0.0003443094901740551,0.23366088810074517,0.9892284921493355,0.006526641082018614,0.005568560212850571,0.007887197658419609,3.6062657936203464,4.553356023462103,0.016375933285289825,0.9881891558292756,4.590794183737458,1.4097947642577882,0.42403232499000454,14.951777121400848,0.6226206092523842,20.0,170.0,0.33657277966612653,0.0053565022516476124,10.8363216630737,31.07614491730387,0.825943712691549
FaceForensics++/manipulated_sequences/Deepfakes/c40/videos/961_069.mp4,1,18.670490087062984,1.3428328372422285,0.738487444219756,1.8141646612342275,3.047070173938009,0.4011132205305269,0.12360147447701668,0.09472496375297497,0.921618812121395,0.10000000000000002,195.4669449100039,4.584996110200882,0.6361013383696689,0.09095161721261963,0.13152185931315996,6.004442686135829,3.835601285585601,0.5352359357149565,0.1716944695231889,3.713206398655191,0.00595734742368983,0.23117613289864414,0.9938614315962635,0.011305680622480174,0.8379607786010483,0.9521847638667496,4.00671221079563,0.005928609054535627,0.00014651429955847561,0.15210281943490836,0.9958597892555042,0.005289048422127962,0.004632203374058008,0.006334648467600346,1.711403285291361,3.944984500700585,0.012309123773599015,0.9554675814087994,1.323454483695652,1.5335597200508122,0.5054652948195995,6.980919378015922,0.461388546743709,12.0,116.66666666666667,0.9268158918969288,-0.20637772030736404,14.820218233673344,8.766036013506755,0.6938388250109924
FaceForensics++/manipulated_sequences/Deepfakes/c40/videos/948_965.mp4,1,12.91124374233535,1.1406593302829295,0.7623127024804981,1.3085547627683018,0.4723464773282061,0.29593431675668885,0.291996076685462,0.07807195464626121,1.4923827445575182,0.10000000000000002,149.0391255178128,7.477465701103211,0.44606490026875445,0.019863774705257915,0.033107973129699805,6.368702186177989,4.089467466907224,1.2902971649357928,-0.48865723265213434,6.763498555355588,0.0019740838298280597,0.010797853985806957,0.9806589205659597,0.01596051297276917,0.8261046957932816,0.9576287063213517,3.425800898993667,0.008687582798302174,7.016681774985045e-05,0.3667410975856228,0.9889909781887453,0.006044955924153328,0.005758999846875668,0.005608146544545889,4.784821595644579,6.425892038875518,0.021872987787977218,0.9695204765740021,2.6193365907190636,2.6612050987091562,0.4037752957121389,14.365832882801454,0.5380463573305212,18.0,166.66666666666666,0.8893947327361331,-0.22902963720441807,24.6964504876203,6.1711946232369685,0.37966124420731545
FaceForensics++/manipulated_sequences/Deepfakes/c40/videos/970_973.mp4,1,6.023189052741525,4.058427288932688,0.593923050935752,16.817454578665775,0.3945793012305164,0.20629129348541575,0.01733762480574974,0.06077649141483815,4.668767808476106,0.10000000000000002,640.2926091088925,7.886346554756164,0.8835344099727523,0.07585797783739762,0.19034874714252378,5.747709562780509,3.788773640529706,2.5812079518904945,-0.07747052756912368,0.0,0.08016674662289526,0.44403375458400535,0.9930205175888822,0.0077489055745139125,0.9222672953184545,0.9901328716605946,3.0315806369215412,0.013663121499121189,0.00014624821778852493,0.5908011077571376,0.9956392462061873,0.0072409044951200485,0.006126935128122568,0.007413013838231564,6.128772912023322,2.280349263146594,0.012009263176098869,0.9870057872738742,2.0082468906772575,1.809424284703365,0.455311324513907,35.08590440887558,0.7341395148735483,15.0,293.3333333333333,0.36353690343028733,-0.08196628400239621,13.423977231914293,22.09034006155208,0.8512629568984577
FaceForensics++/manipulated_sequences/Deepfakes/c40/videos/967_984.mp4,1,5.5730398934396375,1.5242860541895378,0.7251544650838102,2.334682450905478,0.09226437644816063,0.19614693300156277,0.29757005822254295,0.07085278345300357,2.543668461451733,0.10000000000000002,463.3666472293703,5.619772243499756,0.7290958162383178,0.09821965990506486,0.10947574762863095,6.044821747230205,3.2436713351909976,1.893097269375431,-0.4863808411735782,5.43682521876302,0.014001533179602713,0.16542848038647814,0.9902010389034945,0.009057758755388454,0.9440850131429036,0.9671380944578383,3.6152041180622603,0.009419201873242855,9.87382372841239e-05,0.33876104805433316,0.9913435132202957,0.005802718456834555,0.005411272868514061,0.004769669380038977,3.8237551011559865,8.161322814804864,0.021122579957591703,0.9623906680382928,3.5428185096153846,1.284791644975441,0.45538757059881785,16.599153628098357,0.15014794754735736,35.0,165.71428571428572,0.8666535388062295,-0.1695141217085896,16.809115743216747,12.367562293355663,0.7556212396612658
FaceForensics++/manipulated_sequences/Deepfakes/c40/videos/950_836.mp4,1,6.0519755972957885,0.7941121585101797,0.7938746878471138,0.635045342713558,0.5258554352023196,0.19239506031649417,0.2447640782076669,0.09000912723687873,1.233777764216386,0.10000000000000002,266.3119056230406,1.9808376282453537,0.2863005385344014,0.02057325489602783,0.03247808725589271,6.363044447897834,3.093834641741346,2.291454840074439,-0.3382120017211544,9.660693276394175,0.0005949833040146977,0.009482595350452774,0.99033935315616,0.008363982437182692,0.9040310562851377,0.9477609891343844,3.234679893045049,0.014135160483419895,0.00015487799828406423,0.21385888046696944,0.9935533764221524,0.005981472786515951,0.005669965874403715,0.005237009841948748,5.551583931571661,6.280798141858191,0.01331300660631503,0.9707033564968568,2.893208481396321,1.3386051069294718,0.7720414620719406,30.28259841671735,0.46787589437179206,48.0,216.66666666666669,0.7342545435251513,-0.223903459971711,26.555859295126417,5.796747478701785,0.3224890339146368
FaceForensics++/manipulated_sequences/Deepfakes/c40/videos/973_970.mp4,1,9.517093929852905,3.5062701842594293,0.5904480288279211,12.624343939752368,0.2665517651298758,0.26806126750488746,0.15154829607042147,0.05763115241154557,3.9302495610016797,0.10000000000000002,764.5561938990103,6.32143183350563,0.8966850710793244,0.16585116575812744,0.268782151436612,5.717497760861323,3.3642427094814367,2.603352516553409,-0.004761417085625219,8.79147509401673,0.04965875285023143,0.2485260079180627,0.9935772553820836,0.007071459184242524,0.9212872367501194,0.9840836925282224,3.7567888395520397,0.0073638055473566055,5.056812733528204e-05,0.5142881512862332,0.9938980393576902,0.004553081002086401,0.003633216954767704,0.005710956174880266,2.6438618623911223,3.409094542285219,0.009363776772212678,0.989110418648835,1.678031589673913,0.9222363997312767,0.3181381269200644,51.106633826103995,0.3931632534181092,0.0,0.0,0.44408135729794507,-0.11831450502550542,13.210353194508745,14.477831054511364,0.84616570829623
FaceForensics++/manipulated_sequences/Deepfakes/c40/videos/974_953.mp4,1,6.360773876960487,2.9165804623653004,0.6095902352187268,8.673186006156923,0.2395355136226213,0.23477250505873043,0.09596108959311847,0.06035862237971645,2.4803039586196363,0.10000000000000002,590.7804121262905,11.477631831169129,0.8881940402153704,0.011720049850783924,0.11291092735506089,6.260404245713574,3.457968881421564,2.2638402381045832,0.46547842748195567,10.89473319949388,0.030799219715939487,0.20183888590759855,0.9579226658630177,0.03251762137293542,0.7852022101690644,0.9704686543347342,4.013596304671306,0.016305631026625633,0.00015585898654535413,0.2948183436651122,0.9941920811223087,0.005950856953859329,0.005033579189330339,0.004291779361665249,6.463566236723662,3.5959066711979584,0.028838615034838394,0.9638417883353694,2.007825564381271,1.030116757722258,0.4437947210515274,28.92645534200242,0.5883342206255423,0.0,0.0,0.1179751212920849,-0.14502635255861632,16.289875464323906,19.31821391056012,0.7006509593425364
FaceForensics++/manipulated_sequences/Deepfakes/c40/videos/968_884.mp4,1,7.207728721172657,2.909010001736559,0.6897083275593564,8.553097328679375,0.21060554662964842,0.21242378893059416,0.052147960398863644,0.060649194324294886,4.844698334745433,0.10000000000000002,839.1726762177743,8.197752571105957,0.6800408966854155,0.032587411810102884,0.11915827709294986,6.230499312545351,2.9487986588002726,1.7226171442481542,0.36398469876540746,3.1499993149933245,0.014646672601870697,0.19055373741156498,0.9700845371779435,0.026514407049131692,0.6544642903026535,0.9648192482576194,3.626353245365432,0.013147891499102116,0.0001335605193162337,0.14178470554198996,0.9919407341760171,0.008314491249620914,0.009486370719969273,0.006207979284226894,4.127939056054713,3.916503583169079,0.012845383326844068,0.9655124607061177,1.6521510503762542,1.1021248628285107,0.5260547591596505,29.438132690111065,0.5239381255745512,5.0,120.0,0.4886066599169508,-0.21542189980503956,15.884042170922717,25.174415695579896,0.7775550599782923
FaceForensics++/manipulated_sequences/Deepfakes/c40/videos/976_954.mp4,1,9.719378282099926,5.020377974765499,0.6389203778522614,25.553992975014047,3.639384756067963,0.26948458954232435,0.1934604954301249,0.07495564997571529,1.6226919479469646,0.10000000000000002,842.6805544208335,5.854405128955841,0.9137265167148924,0.08342822088105734,0.19269713822530846,5.697735760530523,3.0499237993282,0.8157621439523629,-0.01705428393739724,1.838273334855183,0.06695403918177945,1.4837586702538266,0.9905198191306479,0.008306859895257522,0.9216477003300019,0.9898960835063497,4.095455117987606,0.014114666730165482,0.00018768920563161373,0.2764259177173201,0.991095093501053,0.0060801380313932896,0.005214856471866369,0.00438110064715147,5.00472591855982,2.4973862562131197,0.015125147602936411,0.9885358692067636,3.7885431908444818,1.1029177564299684,0.6927411305642104,15.86244245546243,0.28780763427303424,30.0,140.0,0.48065613268476715,-0.058284666990931704,10.909933393271553,41.06653179696048,0.8056657131116629
FaceForensics++/manipulated_sequences/Deepfakes/c40/videos/977_075.mp4,1,6.300517348025057,1.206918476794045,0.7479167819310957,1.468784999047611,0.6048447127536514,0.24285720484281942,0.011118939434475615,0.08803076524320451,1.3477457884097037,0.10000000000000002,237.13171140883645,5.238844764232636,0.5074410187433076,0.025379708192764663,0.0554841406986443,6.416233838454059,4.024339563535416,1.6941780231867543,0.15018053028427925,2.8159490367518365,0.002685377487985132,0.033180589352694634,0.9838193283257409,0.014276778380677002,0.8755230599726582,0.9571684857353148,3.759161249445961,0.01031193882226944,6.295971252257004e-05,0.3098893167685206,0.9929940896001556,0.004706048872321844,0.005378101021051407,0.0035868100821971893,2.3082365985796343,5.151937881979377,0.01912293958409738,0.9411074882819851,1.5710473714464883,1.4140983521184316,0.6961594321273963,21.37084053127736,0.15965328495723008,6.0,200.0,0.9260184319219288,-0.2651572263747377,19.952186856598,7.3197627279727575,0.5282273867179259
FaceForensics++/manipulated_sequences/Deepfakes/c40/videos/980_992.mp4,1,7.964106593788609,4.14387914551473,0.604414911853499,17.47289912173966,0.27487889811556243,0.2358669134122509,0.13476575577994465,0.05410784744235787,4.441093729266506,0.10000000000000002,815.1937012125152,10.066397488117218,0.9261954012666772,0.08176668469747125,0.18823379310036772,6.059743425737178,4.477915229046479,1.3482989975637156,0.14855409172813636,8.444940540997088,0.05840212920816834,0.28658861962423243,0.9917347825108624,0.010293024004575027,0.8936724178490246,0.9898502235860968,3.6248098207076502,0.01697426848113537,0.0004173388588242233,0.41510053460860497,0.9946325262122669,0.006478305906057358,0.0068706632591784,0.003960179165005684,2.908251242987061,6.32347648294936,0.025205242348151014,0.984996510379296,3.276680732650502,1.381794786453285,0.48219217706588813,52.471284733141445,0.629690060942445,45.0,262.22222222222223,0.06683852560242777,-0.04383515992441124,11.521070793734943,27.05979476515123,0.7693151243577484
FaceForensics++/manipulated_sequences/Deepfakes/c40/videos/957_959.mp4,1,9.808758644266865,1.058228099780367,0.7621201165988231,1.1318073431165252,0.2409188136583261,0.24790804687082227,0.20355175902051897,0.08061475406780375,1.583484908538216,0.10000000000000002,259.92287103417027,5.722800052165985,0.4304852138055927,0.045172351138279776,0.07727969857789584,5.874438129920442,6.286669735548153,2.9157840510043687,0.09602741790665545,17.227537230323378,0.00598143969228091,0.8103650697948791,0.9919986602216613,0.007303069429460457,0.9562563603770217,0.9560480468068749,3.65617715325843,0.009270052425563335,7.224328874144703e-05,0.47424288987606344,0.9935397575122813,0.01328433770686388,0.01373349130153656,0.006274017505347729,3.1719004652381795,13.938631601562081,0.027338421867421726,0.9243915954603964,2.270520876881271,4.025751022475151,0.4467278132656325,7.854277968177726,0.026394908622734577,36.0,205.55555555555557,0.7930033050981262,-0.25292369745890037,20.175686764304466,7.300688536849323,0.42752161159871765
FaceForensics++/manipulated_sequences/Deepfakes/c40/videos/981_985.mp4,1,7.245215113752307,5.017403645045553,0.5790903960777845,25.925866231606506,0.42830541454059945,0.22839209030308522,0.21095325145754346,0.056044746120026225,3.5316531149793855,0.10000000000000002,850.8464107586163,7.979461020231247,0.9037985121665242,0.08154804248299287,0.19199798275010924,5.853572142746718,4.540771225517424,2.415070462720361,0.05796832572312463,16.767305301027577,0.07559701682563826,0.3422015788586379,0.9880733600951468,0.010641107256844914,0.8947854123436855,0.9866070557709585,3.8225095867342023,0.011725366115570068,0.00011923354759346694,0.40238588131914865,0.9948253372714775,0.005421217530965805,0.004558197688311338,0.004828379023820162,2.0775264148084522,3.22267202001087,0.00972836969296264,0.984295423428844,2.4345605142140467,1.5064406882710244,0.4468465944340486,19.59575744203542,0.2000924711798649,5.0,120.0,-0.01089004185471406,-0.05006833710853465,8.733232680757464,26.012821379037863,0.8438511225465564
FaceForensics++/manipulated_sequences/Deepfakes/c40/videos/975_978.mp4,1,8.555938263634811,2.3140991275669647,0.7026436643713015,5.406573423473316,0.20349660183689985,0.26001552314951887,0.1759316369867244,0.07373086120504313,2.551081441044606,0.10000000000000002,458.8990959544769,5.522788298130036,0.7631767842932788,0.13716335888677844,0.20827700179959405,5.657289424343474,4.296728180747171,2.62236035465519,0.057912253929233465,9.889173832029915,0.01270881038551982,0.1428464387910121,0.987795386556739,0.011716538413548205,0.9210363057603683,0.9621186552415208,3.4983466732764006,0.009779565036296844,0.00015585967048536986,0.3344676382588862,0.9881331643298784,0.007762525696307421,0.00762843806296587,0.00623084744438529,2.4377394617268924,2.067298110803616,0.010714583927912306,0.9926285094564284,1.0139037677675586,0.9600574152219026,0.3100322076713553,22.23375194718036,0.6478490354644831,48.0,145.83333333333331,0.7178826944387098,-0.17157176087140658,14.154755367851191,9.849568075126916,0.733215472339568
FaceForensics++/manipulated_sequences/Deepfakes/c40/videos/959_957.mp4,1,18.46329736901503,1.3373469998240037,0.756757550954439,1.8022275733306312,0.07618853054164429,0.35327505059331205,0.13231784133781804,0.07005253486102567,2.590190363314832,0.10000000000000002,330.6748194963072,7.879265403747558,0.4944380499943712,0.014583552870852484,0.03486372630570817,6.349608107307313,3.581829136618645,1.7492742377078583,-0.08136115818635396,6.16562961051523,0.006069962734185146,0.043684224305353125,0.9895260442258188,0.006434023372755877,0.9432505245048809,0.9493743839413373,3.8380297216424233,0.013065720908343792,0.00012502276513259858,0.2424263587756159,0.9875142284581209,0.005011678673326969,0.00535046448931098,0.004569874610751867,5.361510986909506,6.704721509715333,0.014976866257010587,0.9479811546957052,6.628857258570235,2.8691291975717426,0.6611515227058145,17.122970886764175,0.5812766721581735,54.0,151.85185185185185,0.338247593075288,-0.21291990166524413,23.344401363901834,9.504692042575384,0.3458762854505426
FaceForensics++/manipulated_sequences/Deepfakes/c40/videos/982_004.mp4,1,6.087496029666778,2.013418818933719,0.6884167511090447,4.0923177002382385,0.27313240321299814,0.23733001434762618,0.12350526976904594,0.06173303414467139,3.0410442968880878,0.10000000000000002,494.876630594777,6.396875,0.7406449338827449,0.03759608670472427,0.11194918261384207,6.357770978635903,3.376020029748699,2.862279244246958,0.08973736590051315,5.918490789158011,0.018950281159186032,0.31570651129174754,0.9662702069122023,0.02671017964570991,0.8696033648388102,0.9711400340004135,3.966705666207839,0.019835881888866425,0.00032845864188857377,0.30630242222646564,0.9950618172279466,0.007194660138338804,0.006385809276252985,0.004495424218475819,1.8608127113690272,2.43835485929953,0.02349199066640408,0.9766601548808758,1.9825688492892977,1.451246569069548,0.5764040341851315,11.82541555286314,0.5142652655272806,25.0,240.0,0.6558119798022647,-0.1893020625821295,15.574866944900176,17.273726427700677,0.6847296309350269
FaceForensics++/manipulated_sequences/Deepfakes/c40/videos/979_875.mp4,1,4.755671771056482,1.5596273895909016,0.7176148248819252,2.499510560698704,0.0529323179732081,0.19186227531020686,0.027409211716870913,0.06681700684322203,3.9216510128664352,0.10000000000000002,391.3103882179128,7.0145141065120695,0.7420963612529983,0.03710507453788914,0.1290303355737653,6.117661682254431,4.459281577882828,3.3384906975879507,0.04999365017730699,15.553382104188074,0.012940830701447654,0.3702585444689424,0.9784713174685562,0.01743518525882645,0.8918784560121886,0.9832916385373603,3.980797487402894,0.014488456770777702,0.00013198662782087922,0.36447533395632525,0.9930416690973837,0.007215022575110197,0.004754102323204279,0.006536202039569616,3.1764009474473873,6.300210698095649,0.017847186395132636,0.9682287948401949,1.3640128553511706,0.9622693675528048,0.6673890066115673,21.33948149019724,0.7225433527460846,18.0,133.33333333333334,0.6216976814981732,-0.18476475917594606,15.287730014377722,13.692251626583214,0.7408361803956327
FaceForensics++/manipulated_sequences/Deepfakes/c40/videos/985_981.mp4,1,9.849711587156962,4.692919233101929,0.5762616182376792,22.24846169884247,0.6103273338511161,0.2908987306506935,0.056355556093205895,0.05882944106620443,4.8888129838464565,0.10000000000000002,457.0620386197813,2.98942331969738,0.8452299296920478,0.2166171552650657,0.32035371127281254,5.264596684012177,3.179303042902714,1.8465000437838233,-0.24550147828826407,4.93022092033075,0.06990333759237773,0.32014773291100845,0.9926590152846734,0.007614469713234344,0.9406596513654466,0.9926327929094747,3.475775795893332,0.007451455574482679,6.75568007864058e-05,0.23574041767280604,0.9960572655958821,0.004949482623487711,0.00457932660356164,0.004279550164937973,1.693004991644364,1.717123428251614,0.009371382705868516,0.9857347206192029,1.7464105612458194,0.7842541465574965,0.7002437950059477,95.48250413507164,0.03585272132838437,5.0,120.0,0.666650534468618,-0.06655699222592103,8.645540710758118,25.95442964090685,0.7836787354575973
FaceForensics++/manipulated_sequences/Deepfakes/c40/videos/983_113.mp4,1,7.346601192703543,2.9271863853713262,0.676203278675148,8.659734403586475,0.9952978522568753,0.2345083600864041,0.154907514958683,0.07619336535116646,2.327820401292379,0.10000000000000002,698.4788855593129,3.4953842788934706,0.7357385022195022,0.3350107516684348,0.2600516393560036,5.267195227002344,3.0290144994710864,2.2290219182880455,-0.2781408602197516,3.801634500247303,0.01999645915098359,0.32451966787286224,0.9859448992474864,0.013053710905054923,0.9202080864035841,0.9799861125880919,3.453286614730408,0.010281831957399845,0.00013086509716231376,0.18776901883134392,0.9762975349437504,0.00489417091012001,0.0035769669339060783,0.006296586710959673,1.680369968820165,1.8659189117400765,0.011284395756572526,0.9822148938768669,1.5172155884197325,0.643845081057703,0.4214285358639449,20.980836763459063,0.301118859401497,5.0,120.0,0.5882027225917688,-0.10958959574674536,11.410899180870848,13.93727456869728,0.8471533709748128
FaceForensics++/manipulated_sequences/Deepfakes/c40/videos/987_938.mp4,1,5.0404933982844655,3.1802508283626625,0.5764259359462303,10.319879778863651,0.47245814644915446,0.19929938905042502,0.22693146870781344,0.07268563081467899,2.334838551210108,0.10000000000000002,676.3587020621236,2.824391719698906,0.7949088689592528,0.39286685370255997,0.32863373596855117,5.035710690623141,3.8074837924317273,3.2122985032184723,-0.4908374564899265,6.67338335452767,0.04704830326744912,1.5679539715394049,0.9832063385110242,0.01656764696547313,0.8776786080839089,0.9708046606834068,3.582301802200569,0.007753956597298384,5.098055407870561e-05,0.32947634138894916,0.992486958260056,0.004849689081311226,0.003870737738907337,0.003806957509368658,3.092925395143262,2.2362349117278275,0.01717155738371902,0.9823224399157962,1.0478711590719063,0.6239257664983692,0.4131791101199078,42.02790267891461,0.04766694953272989,50.0,272.0,0.1368141497826938,-0.07095912289647784,14.21336264841976,16.72607258914093,0.8245784318071177
FaceForensics++/manipulated_sequences/Deepfakes/c40/videos/978_975.mp4,1,8.129313744744506,2.5337190914580185,0.6931662320224791,6.494992362660392,0.26867359894959936,0.24036328311670335,0.3107953835790283,0.06713394134484915,3.237736805537152,0.10000000000000002,380.9331874856625,9.250635612010957,0.789304588350418,-0.00034537031587142077,0.08790729081357407,6.543956629088418,3.107524654578131,0.9307477460445154,0.42604810380115454,4.05358726913421,0.002158994592601799,0.04115247911905763,0.9728018078469652,0.018817024137674512,0.8841149290500199,0.9800952248263917,3.842488265574966,0.02491423301398754,0.00043174272286705673,0.2153612055735479,0.9948198356815863,0.006311976816505194,0.0045401365496218204,0.005359449423849583,2.102954988943897,2.5908914328548147,0.012145531354283227,0.9547774080288519,2.2575218175167224,1.0336576846333447,0.6235778555533671,20.5560981184932,0.6871846603204393,6.0,100.0,0.9397663149820044,-0.20587846899019835,13.490779190215557,12.58968249262406,0.5620856572258313
FaceForensics++/manipulated_sequences/Deepfakes/c40/videos/988_966.mp4,1,5.033954569265074,4.047674430892258,0.5568826466159063,16.547918819382005,0.3336001206022313,0.19353221129017234,0.13870048941397006,0.06383970774452526,3.4513391715338217,0.10000000000000002,945.2669258205002,7.963810133934021,0.876795324509339,0.20915189606916146,0.2774976961781841,5.8162912569476415,3.1625214624501155,1.0048915746751672,0.32706435040504667,6.080803079269833,0.06079946262647853,0.15614337934965944,0.9861830753817655,0.013037200136592443,0.9070412433673903,0.9930000215613536,3.5125060399837764,0.010465948842465878,0.00011244016786804423,0.576458422719719,0.9940800950743579,0.004090894479304552,0.003885665675625205,0.0038043055683374405,7.864845681094198,3.251282882020674,0.035709340141385014,0.9860360245728117,2.612164245401338,0.8646123822355603,0.31339530332255483,52.09061595601202,0.5080462577888027,0.0,0.0,0.06754939887412437,-0.10164872686158724,11.165009105090368,30.417622089622892,0.7528304064976782
FaceForensics++/manipulated_sequences/Deepfakes/c40/videos/965_948.mp4,1,9.916270077567212,0.9376952958259265,0.7768512167557434,0.8848997621337231,0.11012179743767447,0.2683537428700187,0.043494620303026706,0.07937926214531313,1.8741880348482773,0.10000000000000002,190.82553660396187,2.1434152007102965,0.40392211156969715,0.07897716971380134,0.08207294232766561,6.094000914758442,4.555697787734597,2.6367640137033295,0.19776624655922231,5.06016285318578,0.0030260717611662784,0.02842329763021138,0.9914445486301097,0.00691511317308059,0.9586582420828133,0.944784083769209,3.7104148085786224,0.005033675115555525,2.044628854491748e-05,0.4330487692670559,0.9899858061048948,0.003694389248266816,0.003991852980107069,0.0043099974282085896,1.6666627927325557,3.16990530210785,0.016100467686553772,0.8150567679099784,1.2290969899665551,1.3937840692824441,0.4685464744754143,81.45378129834212,0.44477864693278285,0.0,0.0,0.4495163854863874,-0.2058669903414742,26.95130012822385,4.449037126925962,0.40925451957976977
FaceForensics++/manipulated_sequences/Deepfakes/c40/videos/989_993.mp4,1,9.20790197337106,7.237504303915394,0.5863796889873305,53.22410084378191,0.8055184146110197,0.27126089094758266,0.015636805991713954,0.054246408922109614,4.960830702571974,0.10500000000000002,922.71497589145,9.191624653339385,0.9053407795733432,0.0430361743714873,0.2113881341257554,6.246110133972683,3.5117866688216233,2.148883891110254,-0.12854004713014242,4.120388349527286,0.044326103795081354,0.935757409941982,0.9534397761264755,0.04571597559720578,0.5862025977501997,0.9515897234962553,3.948874540014338,0.036860253661870956,0.0015408783219754696,0.18268990561340637,0.9960730668007355,0.006389860063791275,0.005474600940942764,0.006122094579041004,3.8421204965743923,3.469301065341223,0.018035211906831213,0.9401584126160442,5.167289402173913,2.0263145103715354,0.7694246262942867,13.042676322297792,0.4384959610877215,35.0,222.85714285714286,0.411129760533187,-0.021124707299682702,12.697477104400727,36.52217321148875,0.7315411549803943
FaceForensics++/manipulated_sequences/Deepfakes/c40/videos/991_064.mp4,1,5.381023784147593,1.3956254627594409,0.6794968622138086,1.9711795760726876,0.12346279372255946,0.2504618289913047,0.1261116101889793,0.07390208172778778,1.7122980751180001,0.10000000000000002,334.58931173270315,4.420020321011544,0.8356146720848322,0.30381423531679147,0.22974785048429813,5.252149979119922,2.876130497088701,0.7908941863849152,0.5059745797974923,8.037833242047746,0.044252342720554304,0.61905708011764,0.9909571699524424,0.008687239655878266,0.945872884701486,0.9795699465358975,3.4409094458024203,0.005920080002397299,3.4009150112979114e-05,0.5644869554975437,0.9946657621571788,0.004619076382368803,0.0043846433982253075,0.00351479509845376,1.5553669764289124,2.312741335039736,0.010694114473924677,0.9580256969907395,1.1719533862876255,0.8340255241355825,0.25253916533148457,18.7427524793031,0.24831089652880356,30.0,286.6666666666667,0.5821847529304078,-0.09650387391648937,14.681031484935307,14.231161237358899,0.8573965455788354
FaceForensics++/manipulated_sequences/Deepfakes/c40/videos/992_980.mp4,1,11.145811908882667,4.645050755590011,0.5810165488680578,21.896535181433133,0.11708075179280267,0.28938717340227643,0.24826535001876066,0.0461872354612763,5.500522854157124,0.10000000000000002,810.8675516253246,12.43964809179306,0.8924109002297695,0.06859810594384078,0.17318919432426738,6.113292833408168,3.8900479684865923,1.0339998913088042,-0.011516538576039674,2.9650013982178995,0.020110617278129336,0.0584138255803258,0.9856115666748764,0.015050900212534225,0.8787322991749708,0.9866651492599887,3.273038345412655,0.025767048820853233,0.0006557757733389735,0.31130681943948046,0.9957596718774456,0.0070724450051784515,0.006829477846622467,0.006849587429314852,4.85001641726835,3.5494442560775012,0.014348710685064034,0.9768383301327975,3.498415943770903,2.3717562439420328,0.8024497847524343,29.938401496698173,0.031804561676711945,10.0,120.0,0.36107625740969435,-0.036388398609237524,11.930412380581172,28.263381416632928,0.7588989543014958
FaceForensics++/manipulated_sequences/Deepfakes/c40/videos/993_989.mp4,1,8.389483123468594,7.2805437102951105,0.5967023257867126,53.755392532715085,2.1361008964994417,0.24382193089266027,0.05430781066180647,0.06310292191913078,2.651272085970464,0.10000000000000002,1260.1515257642468,4.450406271219253,0.8557999723352964,0.14397221525749432,0.1600658829585175,5.174529655152945,3.793809095427847,3.2493834568154276,-0.20038499326450243,4.631608686623171,0.049555190099470944,0.43034017134144004,0.988459647751767,0.010559895466639282,0.8922207840553963,0.9833241269013699,3.7257778826240924,0.009487008675932884,7.774163532303646e-05,0.19896112573196104,0.988410026539879,0.005762131419032812,0.00526450527831912,0.005359766539186239,3.5720736360355585,3.3474363856142997,0.014392073238520634,0.9816573952231348,3.726990358486622,1.072786375676973,0.6842595394564328,18.084798479369393,0.2124076670170419,10.0,220.0,0.4798069178930688,0.00011525516823293775,10.109947249086392,41.741278441483516,0.8297402131162671
FaceForensics++/manipulated_sequences/Deepfakes/c40/videos/990_008.mp4,1,13.322722190632195,3.7641932495938955,0.6949918337436831,14.516891367460342,0.1550609786620493,0.32629883040364616,0.11020455868957994,0.05025523507812124,5.636897396142659,0.10000000000000002,621.1445145697738,4.048992842435837,0.7929882883008731,0.2494180909378011,0.2696258156065122,5.134794757111032,3.907776733966679,3.2669974451120525,-0.14237352199685913,5.192590822511171,0.04546505888767739,0.3539333459170536,0.9910171934975429,0.010247746729297565,0.9037031846056406,0.9788339392270079,3.8640382114946714,0.01569666713476181,0.00040032161632552743,0.2244804006639205,0.9896941541606298,0.014769908040761948,0.01575072668492794,0.00669470801949501,5.746518869350396,4.819707775544466,0.01883373919548889,0.9841872822792574,3.6899169105351173,1.0551384884824728,0.6725222293576247,19.759643702253573,0.47063550884391303,15.0,240.0,0.09831247393015914,0.008807345629093535,13.01710994263041,38.904267716287485,0.8200224829284234
FaceForensics++/manipulated_sequences/Deepfakes/c40/videos/994_986.mp4,1,7.986950995161744,3.3547594619827508,0.5978566269190462,11.485914024108185,0.08122718486821051,0.2759734257213025,0.04752939498522065,0.05718979288176514,5.981655299627226,0.10000000000000002,467.3518966454997,8.62642103433609,0.8752435965711545,0.07234223197942051,0.18085443819270222,5.850337891607484,2.7201518845146064,1.4602670259314585,-0.1378930621202653,7.735807120314248,0.052842530155457146,0.5861690484718144,0.9865872026773652,0.011122213462701116,0.8904677558001274,0.976846380264571,3.7702321962111425,0.01453616376966238,0.00017979547556024045,0.2214474988779519,0.9917908375701566,0.00923487264662981,0.007694651838392019,0.0057337721809744835,2.804884335251772,4.287275562392737,0.021666690243459352,0.9799653510933459,2.440129206730769,1.3678267191921913,0.5012656217841955,41.0252544798421,0.6303843824188369,10.0,120.0,0.27460344137741927,-0.08318347084054055,10.367910799998345,24.35866245270921,0.7683110630495451
FaceForensics++/manipulated_sequences/Deepfakes/c40/videos/984_967.mp4,1,7.450772555310887,1.5817526575950447,0.7135767767290464,2.527356213843703,0.17988290206518615,0.2657832995335011,0.07614256623131888,0.08252840106929117,2.3494722303807545,0.10000000000000002,230.72741277718984,4.828431731462478,0.7713873599664007,0.23730166239372197,0.22304419217755675,5.758760055105781,3.3987648450826318,2.313041371188731,0.30235441777788796,4.927405484613673,0.02796987033633957,0.8049584300400229,0.9944655656098526,0.005494164866569806,0.9374785415636533,0.9751271740518996,3.523619956389571,0.01018759049475193,6.757359369657934e-05,0.36299067948861785,0.9892150285463439,0.004110099747776985,0.0036008607130497694,0.003952267579734325,2.6894229817714623,3.252011097193019,0.010595767696745155,0.9385821570173984,2.235031485158863,1.3486170082074722,0.3969528019597308,28.833714376254925,0.3936596233643455,0.0,0.0,-0.0014261791289429365,-0.1854614149992631,14.567026505718937,7.594561348460177,0.7402232562781651
FaceForensics++/manipulated_sequences/Deepfakes/c40/videos/995_233.mp4,1,6.42049845798339,3.4325551947110995,0.6097012476071746,12.107076414556895,0.09479091887185345,0.22784262937876143,0.28455907211395076,0.05452948836826661,4.078013134252307,0.10000000000000002,775.2040723652341,6.028370232880116,0.7395178278191193,0.3694172449513934,0.3123540487923523,5.567583834826303,3.642240002684619,0.8466134000590965,0.23851942998150538,3.0341693008986392,0.0650406145292631,0.17891381876328882,0.9900455416648676,0.013449055879865479,0.9115067391299929,0.9730229332664245,2.8769590336657944,0.010508839972317219,0.00013596033386420459,0.6259321316911975,0.9973314208303615,0.031736597418785095,0.0346604585647583,0.006885399576276541,11.87638084536012,3.59301782588891,0.030978163886293073,0.9815660184974078,1.1528957201086956,1.3822856304653486,0.7440359082977495,19.515977150527164,0.2916889615371815,42.0,214.28571428571428,-0.08291447451248363,-0.12378251299084633,12.81358653915592,47.14741735006994,0.8080493466476153
FaceForensics++/manipulated_sequences/Deepfakes/c40/videos/997_040.mp4,1,15.933719409163595,3.6018315190200205,0.6053283678237487,13.127957795621361,0.30029443389058597,0.3786275329477313,0.06724602793389006,0.05613067057683622,4.43841985894793,0.11000000000000003,503.32999922379565,8.567970073223114,0.8987441977206696,0.15436968686154928,0.2261600476836384,5.6596610652244275,4.152697263930476,1.955520833784574,-0.34413418237667237,8.346393671169386,0.039842857334038015,0.20864000011709233,0.9897738093356302,0.012928140951850431,0.8718891768335875,0.9784242262194887,3.2089593237710474,0.011908739805221558,0.00019266577146481723,0.4669714176997865,0.9966334606366988,0.008806479163467884,0.007152071222662926,0.009987873956561089,4.66836529094798,5.466732503463783,0.018150798329547843,0.9849901068150154,2.458066602215719,2.7609617406463904,0.5061263582345219,14.133123661245609,0.4120749232580541,10.0,320.0,0.77145726588547,-0.05347864505024272,13.009782049964109,28.78263563626033,0.8302692044275464
FaceForensics++/manipulated_sequences/Deepfakes/c40/videos/996_056.mp4,1,4.419033370182578,1.5784840664235975,0.6871312737602258,2.509506824845697,0.05007245586306839,0.1867688526086716,0.1872136952162577,0.06131062888043074,4.794883603519965,0.10000000000000002,559.76574499162,6.657793879508972,0.6818374064735936,0.03061706999489859,0.13195165056406769,6.223723025926765,5.367000223012117,2.184828507955013,-0.3911021917528116,16.07225346252877,0.01260058690510065,0.25589733607124104,0.9759725925087078,0.01944375773854093,0.8912681774870507,0.9654028317936979,3.558795391874926,0.015377476811408997,0.0001346811041003093,0.34984537243829505,0.9918326862270037,0.010567362420260906,0.008283867500722408,0.006719283759593964,2.543261044188306,4.881969978213353,0.02737761444836815,0.9493346429515344,3.5585022993311037,1.1310266258135693,0.34607563295965427,9.102218785325363,0.2803012684541659,80.0,222.5,0.03284332972930219,-0.19127568715212678,14.278577807989585,20.78189479759737,0.697369469883985
FaceForensics++/manipulated_sequences/Deepfakes/c40/videos/999_960.mp4,1,11.723800491103262,2.1153694129694114,0.6432987366662039,4.574743394321649,2.71922203981656,0.31393154779845406,0.17035196006996256,0.08805073627767675,1.355547159944218,0.10000000000000002,480.4375081622926,6.2073122441768644,0.8760102262233895,0.20112096210628977,0.2471640053742946,5.479517648729285,2.7392117965313547,1.4966092553310237,0.29492478114000725,2.0214382614236763,0.029868804129370534,0.5345545700207271,0.9926916324670472,0.008263159439701386,0.9520492793889698,0.9833065524121041,3.4184743287461496,0.00800700020045042,7.284599996637553e-05,0.4795479664004486,0.9910381300572191,0.011295351199805737,0.007092038635164499,0.009278832003474236,3.4395857777156635,4.069176700704321,0.021176294363029483,0.9883405783869571,3.566860237249164,1.3320723223914994,0.2800998236481379,22.772147525697868,0.00143010229850442,0.0,0.0,0.5340052169093755,-0.09095225542440594,12.314514985484308,24.558375580305338,0.8143753902703719
FaceForensics++/manipulated_sequences/Deepfakes/c40/videos/971_564.mp4,1,7.704296295264851,0.8668571779851769,0.7846611283319758,0.7562957498821825,0.8736244022582385,0.2902946111269988,0.2073919110516246,0.09441564528517457,0.804295724540434,0.10000000000000002,146.97914478676398,3.0812180757522585,0.5284893918289216,0.06788446739692187,0.1115561090085854,6.2135776384520485,3.0288559550101954,1.6711693642372139,0.20580079037615404,3.6032331379758853,0.0029753163269011134,0.0854086081857148,0.9880861720220923,0.012320046955833334,0.930659991360382,0.9553865671211728,3.4290706666460857,0.016652582213282585,0.00024323660181835294,0.5000748899813623,0.995419342559021,0.02607986330986023,0.024256115779280663,0.0072037167847156525,2.3466511054355625,2.6540969121648286,0.02382962952495357,0.8930394453204477,2.080231631479933,1.6407037859175755,0.5743913009644885,18.57796648280082,0.005433775845449794,66.0,215.15151515151513,0.16363633829928,-0.2236356860033643,24.087485964533094,6.559612083457138,0.45307614204072627
FaceForensics++/manipulated_sequences/Deepfakes/c40/videos/972_718.mp4,1,6.722737537351554,1.104407716065685,0.7682323148088512,1.2281110792231278,0.8830951431335704,0.1960825639769282,0.17487025292197658,0.09109896092765586,0.8522924258696929,0.10000000000000002,330.8822814917422,4.389199829101562,0.560781441774707,0.022148334585197473,0.07171197263694574,6.39191073335599,4.583099187351544,1.3025005019330569,0.029748834368778086,10.693763068392082,0.00537610596494646,0.18370892458769048,0.9955521255570301,0.0032203118297640322,0.9784226723985311,0.9658385383843486,3.873350664395982,0.011935061775147915,0.00011259297752985731,0.17791216439832677,0.9938338899585393,0.005590385291725397,0.0035892745945602655,0.006971696391701698,2.3731212511453936,4.375295505208152,0.009187798204014512,0.9072127552443107,1.0737288357023411,1.1598340751138112,0.3959700723517683,20.14818505511946,0.5267367544720948,10.0,120.0,0.743244954346637,-0.22785387860968032,16.311774269535725,6.652623951969848,0.5865456467133519
FaceForensics++/manipulated_sequences/Deepfakes/c40/videos/998_561.mp4,1,6.148487350056005,1.7248940713933592,0.699514063489279,2.999591718256655,0.059185131238260136,0.22982029480935523,0.1109729527346796,0.06608251155844284,3.639776387361464,0.10000000000000002,229.57727198765284,4.811945062875748,0.7884212848083262,0.12942776030290393,0.1999644777945728,5.8372485941721655,4.339963987174909,2.242301191292266,-0.44787279958532744,4.451410102472502,0.015781394872934226,0.2617544970095238,0.9911882478073394,0.008287050791396524,0.9343219163706747,0.9851950530594772,3.71416438259349,0.009399956092238426,7.90999474702403e-05,0.4049900181432297,0.9933522501525766,0.00561920739710331,0.005042694974690676,0.005762084387242794,1.8309132714659158,3.0653102241478183,0.012441291824961667,0.9899864128350426,1.021281877090301,1.0036665675317378,0.295167977423359,27.22310883029579,0.3387634116030683,18.0,100.0,0.8422465338876355,-0.19770030464237512,14.969186893399945,9.554722832616411,0.7136066472381619
