video_path,label,median_face_energy,median_bg_energy,median_face_bg_ratio,median_face_bg_corr,median_temporal_consistency,gaussian_face_energy,gaussian_bg_energy,gaussian_face_bg_ratio,gaussian_face_bg_corr,gaussian_temporal_consistency,wavelet_face_energy,wavelet_bg_energy,wavelet_face_bg_ratio,wavelet_face_bg_corr,wavelet_temporal_consistency
/home/iiitn/Datasets/FaceForensics++/manipulated_sequences/Face2Face/c23/videos/009_027.mp4,1,4.037685717138948,144.77752006511062,0.02788889957034134,0.8815992581092829,0.4753881007423047,2.5784569794911456,76.54153488529164,0.033687029968177795,0.9224251568965655,0.4567253612780729,0.8149251511052609,1.1225977495550041,0.7259280106594689,0.9924424701750594,0.2142675294726906
/home/iiitn/Datasets/FaceForensics++/manipulated_sequences/Face2Face/c23/videos/008_990.mp4,1,57.77189027537221,121.21562938251998,0.47660430069674875,0.9353056567005926,0.5412633674879719,32.08583799164908,74.58032978689567,0.43021850511160925,0.9833422501526611,0.49764488014349917,1.5241830301701136,1.1077646565227655,1.3759087015417795,0.9962318257398355,0.21093917107611998
/home/iiitn/Datasets/FaceForensics++/manipulated_sequences/Face2Face/c23/videos/010_005.mp4,1,49.031632467537406,87.27873855919279,0.5617820935196486,0.9449969182943171,0.18527417603953253,29.73652926561394,58.84682757889757,0.505320855669668,0.9826419204905363,0.15922798231111024,3.5077555338375768,3.547167702851931,0.9888891159606955,0.9979192602868528,0.05294548098041112
/home/iiitn/Datasets/FaceForensics++/manipulated_sequences/Face2Face/c23/videos/007_132.mp4,1,46.53811690030371,226.39278294027588,0.20556360629473255,0.9536018826437055,0.20060957012563954,25.870728521358032,126.63528863462805,0.2042932013682303,0.9796295172191806,0.16972444292159222,2.915091982052236,3.7312895366294847,0.781255904543251,0.9964091074108636,0.08896631170630417
/home/iiitn/Datasets/FaceForensics++/manipulated_sequences/Face2Face/c23/videos/003_000.mp4,1,29.620717093639843,10.209828959286327,2.901196211195917,0.808910441904055,0.04063981811235529,17.349267581848125,13.730984258617537,1.2635123058246724,0.8725276898452569,0.04613751366388784,0.13692570514798136,0.07049300525306311,1.9424013014685817,0.9839335807912452,0.0026661002472429737
/home/iiitn/Datasets/FaceForensics++/manipulated_sequences/Face2Face/c23/videos/000_003.mp4,1,34.22712716735563,25.74690316482172,1.3293686991498277,0.873038003424348,0.25204154061517053,21.719789350259486,26.691744358151926,0.8137268609657594,0.9042092975082907,0.2420364425089858,0.7455464030208706,0.40267750500247895,1.8514726890847326,0.9904355931269224,0.03410390689153871
/home/iiitn/Datasets/FaceForensics++/manipulated_sequences/Face2Face/c23/videos/005_010.mp4,1,46.546639006485044,116.92448597800036,0.39809145720976624,0.9087091146280875,0.3506665048921541,29.039117975159996,64.90145420183224,0.44743401102929664,0.9647009410613068,0.28098239420627363,1.5524254079878137,1.057638204753072,1.4678227403389426,0.9930345538883807,0.05777321138398883
/home/iiitn/Datasets/FaceForensics++/manipulated_sequences/Face2Face/c23/videos/013_883.mp4,1,13.46411261223904,159.19029702924175,0.08457872661526482,0.9205767977545398,0.11460242806479576,7.52856227469857,102.18303282661498,0.0736772247450621,0.9704965608382529,0.05230310652898928,1.2909478137476784,1.9077338848421104,0.6766917671300476,0.9974722021322456,0.01122592517761434
/home/iiitn/Datasets/FaceForensics++/manipulated_sequences/Face2Face/c23/videos/012_026.mp4,1,10.631290840979863,23.546800858537363,0.45149618858416074,0.8063972067160554,0.32536786276253254,6.097704843712388,14.041348346173374,0.4342677564419352,0.9182329037821299,0.2774457348053122,0.9602583137584745,0.7212289374454427,1.3314195588985407,0.9965531144655314,0.06007159649753291
/home/iiitn/Datasets/FaceForensics++/manipulated_sequences/Face2Face/c23/videos/016_209.mp4,1,51.66751789252602,213.4635943064969,0.24204369864746295,0.927131190857181,0.4202167744586418,26.34682289220541,124.55329329850099,0.21153051994428876,0.9736311497506166,0.3889988129273979,2.6954421252705676,2.9140974339471377,0.9249663699883905,0.997465514452274,0.2145483437053305
/home/iiitn/Datasets/FaceForensics++/manipulated_sequences/Face2Face/c23/videos/002_006.mp4,1,10.780870219838278,18.752949579747398,0.5748893086920728,0.9258861465270604,0.0905424768523485,6.3378799058126125,19.406229013203717,0.32658997796534356,0.9518929070359743,0.05967544377855871,0.6367778182434313,0.4808938056179382,1.3241547526801378,0.9942828488280481,-0.0046089159135314535
/home/iiitn/Datasets/FaceForensics++/manipulated_sequences/Face2Face/c23/videos/015_919.mp4,1,9.477291474686446,189.96288997301198,0.04989022580164412,0.8680110546446939,0.16602135682599564,5.9981697617737195,85.14005633082466,0.07045062007554842,0.9442723520600106,0.09563620906084579,0.7182119951699372,0.6667180553699187,1.077234956193661,0.9913420574741577,0.012134988929997795
/home/iiitn/Datasets/FaceForensics++/manipulated_sequences/Face2Face/c23/videos/014_790.mp4,1,85.34700606717104,603.1104638264047,0.1415113999609477,0.8571896637987146,0.29674897998322153,54.46432763763846,355.48473117435543,0.15321144021492505,0.9790993006930702,0.20837438276093243,4.441060556118066,5.931185685123691,0.7487643772908537,0.9962857075508698,0.029020824507102888
/home/iiitn/Datasets/FaceForensics++/manipulated_sequences/Face2Face/c23/videos/011_805.mp4,1,14.854522467394725,4.5191583192689,3.2870108586498596,0.9246219141797289,0.142906555794222,10.856704358697455,3.510463459336973,3.0926698096860346,0.9519136807576469,0.11029291919404402,0.023007470119497626,0.012396619123193536,1.855947165179226,0.9775904004338019,0.013547100324203483
/home/iiitn/Datasets/FaceForensics++/manipulated_sequences/Face2Face/c23/videos/019_018.mp4,1,12.69419612250499,92.16402965439438,0.1377348209502874,0.9132693028012602,0.0681296903415479,7.946453736716891,73.61023745150304,0.10795310559828432,0.9465036387906881,0.03758728774697888,0.8442780441809111,0.7807127180100988,1.081419611470951,0.9965960206690797,0.011286401272490715
/home/iiitn/Datasets/FaceForensics++/manipulated_sequences/Face2Face/c23/videos/001_870.mp4,1,7.807294779944414,61.94655087626794,0.12603276000852262,0.963407238805277,0.17932644534800465,6.759215652837191,41.83280132424423,0.16157693099361917,0.965380462639969,0.1471473470456625,1.7399017082245205,2.762400689492965,0.6298513155033556,0.9962030557460196,0.020560625351723642
/home/iiitn/Datasets/FaceForensics++/manipulated_sequences/Face2Face/c23/videos/006_002.mp4,1,3.659415025904462,34.40888867912918,0.10635086358148185,0.892568727974559,0.0956973127894255,2.5997394134252514,21.79646448972385,0.11927344522552835,0.911718053589145,0.12193546084558951,0.03563468330358354,0.020249077384295964,1.7598176266154122,0.9834867161047954,-0.0016276782398960917
/home/iiitn/Datasets/FaceForensics++/manipulated_sequences/Face2Face/c23/videos/021_312.mp4,1,43.61959411525927,96.44500402105041,0.4522742733852622,0.9036224324707575,0.24078684471872333,26.17913146505623,64.08310282980935,0.4085184753706801,0.9760760914120276,0.2112062915658519,2.1519316097681727,1.8493121749961796,1.1636389133557823,0.9898700940052994,0.08660990883863497
/home/iiitn/Datasets/FaceForensics++/manipulated_sequences/Face2Face/c23/videos/018_019.mp4,1,8.549200658816702,11.341739235717833,0.753782156434459,0.8446696541682158,0.0699036214012057,5.825500961127933,24.617094112639695,0.23664454197852774,0.8721982027572718,0.02515120649651105,0.003677276793483718,0.0019128387392987392,1.9224186116346822,0.9704016742763754,0.006126143610796853
/home/iiitn/Datasets/FaceForensics++/manipulated_sequences/Face2Face/c23/videos/017_803.mp4,1,3.3531021738428897,16.671458146550457,0.20112830829597772,0.7775302418254671,0.05737560247093904,2.3807728510946173,16.396419747722614,0.14520077478653812,0.8039463829478032,0.025513397397307857,0.14574040577855885,0.08915588013910962,1.634669587145128,0.9907672911119096,0.0027450911064119832
/home/iiitn/Datasets/FaceForensics++/manipulated_sequences/Face2Face/c23/videos/004_982.mp4,1,21.964565472425093,29.962503538420545,0.7330684314900524,0.9254170849351798,0.05121038684326138,12.152487778394308,20.310302842528696,0.5983410426036407,0.9542677428016854,0.039805445834375515,0.9763944595629682,0.6430361642144931,1.5184129818821188,0.9904515662576386,-0.0028675650794104516
/home/iiitn/Datasets/FaceForensics++/manipulated_sequences/Face2Face/c23/videos/024_073.mp4,1,14.783934914368308,22.19048571582267,0.6662285406320237,0.907041593682794,0.02453810825521113,7.4716347225360495,19.033699726847036,0.39254768278167734,0.9046843831803443,0.022297610177309926,0.8588596237141485,0.6899753686509137,1.2447685275975122,0.9972167940290148,0.0014966483779282915
/home/iiitn/Datasets/FaceForensics++/manipulated_sequences/Face2Face/c23/videos/023_923.mp4,1,17.088725220552984,38.11923554590975,0.4482966401561699,0.9486036123349946,0.2371243593707661,9.149848556019473,20.76617557133494,0.4406130789267559,0.9718629602317651,0.22907361072997148,1.436213837516539,1.5121614297748558,0.9497754731982387,0.9957226996539438,0.04128528272058278
/home/iiitn/Datasets/FaceForensics++/manipulated_sequences/Face2Face/c23/videos/026_012.mp4,1,41.46798179922116,50.3646184943238,0.8233554236868624,0.757347426249381,0.19588652363998932,26.30157666156101,34.67813952939725,0.7584483198490137,0.8810768675613471,0.10857137534329889,1.168770750004598,0.7744037512764449,1.5092524385091375,0.9975918260439037,0.031585160446186984
/home/iiitn/Datasets/FaceForensics++/manipulated_sequences/Face2Face/c23/videos/029_048.mp4,1,13.097821732981869,10.310509956136249,1.27033694634927,0.948422372375837,0.18279460729235167,7.944098140787948,7.856443165500711,1.011157081320482,0.9738934964901879,0.1921561006168421,0.983498150283144,0.6612877168128828,1.4872469656977365,0.9977800397342086,0.034678073359212774
/home/iiitn/Datasets/FaceForensics++/manipulated_sequences/Face2Face/c23/videos/027_009.mp4,1,10.299979706854316,73.21879115727727,0.1406739928924734,0.9592624079756251,0.01815137999286373,6.293005983039784,74.67953671015029,0.08426680534273388,0.9511736690330004,0.011749623266126276,1.0150588739452397,1.452913010147218,0.6986370600689905,0.995548043901155,0.010149369104107691
/home/iiitn/Datasets/FaceForensics++/manipulated_sequences/Face2Face/c23/videos/028_068.mp4,1,14.16896325403682,54.27034514553992,0.2610811340159915,0.9447603536605672,0.1812684992867578,10.96776928871376,31.00724347630765,0.3537163597626513,0.9661826085479861,0.14637922756484553,1.0015239945128267,0.8545497938515,1.1719902125292272,0.9960157455091748,0.020459734668324955
/home/iiitn/Datasets/FaceForensics++/manipulated_sequences/Face2Face/c23/videos/022_489.mp4,1,27.927092500152384,28.368153479033367,0.9844522492728698,0.9094186194424273,0.08891645038465427,16.172162006728882,19.801566487732448,0.8167112443729101,0.9665096524811256,0.05623574776453138,0.9766904224145264,0.6797725004399099,1.4367901346148428,0.9906939762355115,0.00944076563776533
/home/iiitn/Datasets/FaceForensics++/manipulated_sequences/Face2Face/c23/videos/033_097.mp4,1,112.82873125869096,224.9383522220865,0.5015984608409184,0.8487911191279112,0.16550287931829696,56.45445358345469,125.16222887102897,0.4510502416957364,0.9317963426392619,0.14370724943674348,3.1907042916725024,2.0569059367421003,1.5512154613770073,0.9936550571156927,-0.005355347182135607
/home/iiitn/Datasets/FaceForensics++/manipulated_sequences/Face2Face/c23/videos/020_344.mp4,1,6.124169912349177,32.954955137453915,0.1858345698486157,0.9266294076279662,0.08022651958941676,4.139605075775399,25.68232979885632,0.16118495121730517,0.9353500053822587,0.09511601922331459,0.08227185378880364,0.05307659569163234,1.5500589801725737,0.9871297795743245,0.007430731066433611
/home/iiitn/Datasets/FaceForensics++/manipulated_sequences/Face2Face/c23/videos/035_036.mp4,1,6.684885115484097,31.09820395028788,0.21496048859188907,0.8067215703886852,0.09409472865960088,4.284532702862188,23.707562723794357,0.18072430105022855,0.8705540071536637,0.06306483078736816,0.343814504493735,0.22288928328657379,1.5425349277635971,0.9933152144437303,0.019304502806505714
/home/iiitn/Datasets/FaceForensics++/manipulated_sequences/Face2Face/c23/videos/037_072.mp4,1,50.941739747649734,27.98922071655642,1.8200485202332284,0.933485652039114,0.25818553743630956,30.34248603126144,31.57523379419193,0.9609583963505839,0.9527098751745727,0.24418281000182618,1.7014174706164529,1.0817422461261677,1.57284924085142,0.995916255385207,0.09413100143154217
/home/iiitn/Datasets/FaceForensics++/manipulated_sequences/Face2Face/c23/videos/036_035.mp4,1,9.711318717583348,34.213306575208804,0.28384624842488143,0.8805758196448387,0.3245523513576927,7.77014668809035,16.315395848633226,0.4762462866471775,0.965463461807179,0.2825567893369648,0.8623764906601599,0.7752312527661243,1.1124119255810319,0.9947865577510591,0.007458767783006759
/home/iiitn/Datasets/FaceForensics++/manipulated_sequences/Face2Face/c23/videos/031_163.mp4,1,10.391628513175553,44.93626643047344,0.23125260148734766,0.8131351708026436,0.09940088182509946,6.702314431615467,31.630590361879,0.2118934346446172,0.9106475362186665,0.03471092811248551,0.1340131931164041,0.07502163833497089,1.7863271996012204,0.9851023303511813,0.015875739599910017
/home/iiitn/Datasets/FaceForensics++/manipulated_sequences/Face2Face/c23/videos/038_125.mp4,1,18.652561033005384,9.826932010253596,1.898106246541949,0.8002492135828349,0.16387759898115115,16.19805368226381,7.079114325515523,2.2881469259340177,0.8767624376148305,0.08939031333511817,0.10037667937019008,0.051979355602015415,1.9310874136019136,0.9843874104091617,-0.004313470416789717
/home/iiitn/Datasets/FaceForensics++/manipulated_sequences/Face2Face/c23/videos/034_590.mp4,1,12.348025324489733,22.851263491245657,0.5403651018780766,0.910325270512362,-0.015117143045293813,7.983197625331257,21.674817307203444,0.3683167203756826,0.9478303399412832,-0.010816241040804855,0.07536697162821086,0.04037412205771015,1.8667148110485838,0.964514669335348,-0.004069842883974292
/home/iiitn/Datasets/FaceForensics++/manipulated_sequences/Face2Face/c23/videos/032_944.mp4,1,5.3125266496539885,11.637104415741357,0.45651619680131117,0.8952016060032699,0.10564863087841901,3.8047502356671523,8.634440786546802,0.4406481357304898,0.9270718512407896,0.09847959566660312,0.5495872841979185,0.5829810560398538,0.942718941728953,0.9941055548092687,0.0042125646826104545
/home/iiitn/Datasets/FaceForensics++/manipulated_sequences/Face2Face/c23/videos/039_058.mp4,1,12.611008989906788,182.63233889634535,0.06905134690885321,0.9779223656047654,0.22432874146219794,7.498718141367166,96.32810150331177,0.07784559255649152,0.9770284313080598,0.21136149836297188,2.3025721173219194,4.919103950814042,0.4680877127918543,0.9959371960523304,0.040962808078225416
/home/iiitn/Datasets/FaceForensics++/manipulated_sequences/Face2Face/c23/videos/042_084.mp4,1,10.673645054354543,2.876874021128556,3.710153790525532,0.9241387874457376,0.005767001415554545,7.700542150121756,3.029609960995444,2.5417602428239894,0.9322458783653844,-0.016294929203089413,0.36647039239370177,0.2075394638219589,1.7657865431708177,0.9872596217793519,-0.0032472607371696236
/home/iiitn/Datasets/FaceForensics++/manipulated_sequences/Face2Face/c23/videos/041_063.mp4,1,47.180785160308254,59.15157785271418,0.7976251331416234,0.8271185165449687,0.0674568597296742,27.662090029442012,40.42645706403996,0.6842570939526612,0.9241638980580579,0.044212499107014455,1.9525351641109896,1.3689385135070407,1.4263132674299965,0.9974576632435421,-0.0024649758089391794
/home/iiitn/Datasets/FaceForensics++/manipulated_sequences/Face2Face/c23/videos/040_997.mp4,1,27.38002251658263,38.549270262272145,0.7102604622681855,0.966597983188428,0.07314845638734177,17.0701579827424,27.04649399283821,0.6311412483726172,0.9782730499314424,0.08078848992377544,2.4350487906159217,2.544194357236631,0.9571001459419722,0.9978142145348912,0.013833019106640004
/home/iiitn/Datasets/FaceForensics++/manipulated_sequences/Face2Face/c23/videos/025_067.mp4,1,5.505685544851038,10.440327989990935,0.5273479482760788,0.8764729332586674,0.16791677997709792,3.6318360833810672,12.395945691651688,0.2929858014646679,0.8325113887013965,0.1631399797489932,0.3531717326269483,0.23557906373847345,1.499164344328236,0.9827050250561157,0.018135033490942455
/home/iiitn/Datasets/FaceForensics++/manipulated_sequences/Face2Face/c23/videos/049_946.mp4,1,13.743228497428133,18.405670225301197,0.7466844906596295,0.9450651949444984,0.19221750130092796,12.029351709618105,28.27720612472923,0.4254080709585411,0.9377708761837873,0.17607190467461156,0.7118346227078142,0.47496506122082605,1.4987094437602435,0.980828250315818,0.024045940457143228
/home/iiitn/Datasets/FaceForensics++/manipulated_sequences/Face2Face/c23/videos/048_029.mp4,1,29.722343781792393,149.7638036056047,0.19846146442744378,0.8976566909499978,0.15879361833336564,19.344258701444478,89.61267348402181,0.2158652113519815,0.9610519649342422,0.1825700471292455,1.640664176725493,1.5607651262893423,1.0511922319959235,0.9970741473424485,0.02850727479854695
/home/iiitn/Datasets/FaceForensics++/manipulated_sequences/Face2Face/c23/videos/047_862.mp4,1,14.601687547207424,187.50602124432032,0.07787316615385607,0.8374366287193377,0.4812843563403371,8.98860561956399,89.67761281608925,0.10023243636065349,0.9197355114401072,0.48838871217677576,2.1767860815769224,2.9799465846629105,0.7304782215830083,0.9978961362365726,0.17515830795164267
/home/iiitn/Datasets/FaceForensics++/manipulated_sequences/Face2Face/c23/videos/050_059.mp4,1,9.98340677640921,35.36479857364352,0.28229785490280124,0.7984424199602834,0.4508579066252674,6.174212380236676,60.10463017102594,0.10272440513597934,0.7285111464123881,0.477169702005816,0.20118326161207492,0.1056458535357372,1.904317631775486,0.9838985031219574,0.08388106952501916
/home/iiitn/Datasets/FaceForensics++/manipulated_sequences/Face2Face/c23/videos/043_110.mp4,1,2.613321852545255,5.1817091995693545,0.5043358768111581,0.7172322937611287,0.06216603987257573,2.4076745104579533,4.311955495012668,0.5583718369177834,0.8082292422180867,0.05621572401476023,0.034596459055740415,0.018747057269094845,1.8454341158264793,0.9850831507062718,-0.009448491104932911
/home/iiitn/Datasets/FaceForensics++/manipulated_sequences/Face2Face/c23/videos/054_071.mp4,1,27.267783964082728,102.34681094072464,0.26642534059879197,0.8888389572820093,0.09070473149732176,18.167569821189904,59.249586359519135,0.30662779164315757,0.924073844889432,0.08492986344560036,1.4482338870398428,1.017574987463847,1.4232207993332744,0.9923456046763498,0.003444379617134836
/home/iiitn/Datasets/FaceForensics++/manipulated_sequences/Face2Face/c23/videos/046_904.mp4,1,13.505795064770519,12.24502187455848,1.102962101916008,0.9434507033833329,0.07400449239075803,8.70641935470589,7.3588194717486815,1.1831271833927701,0.9540752412069212,0.056362104228365593,0.07176903686897464,0.040540109622274056,1.7703217267459581,0.9884574062488275,0.008372153739732756
/home/iiitn/Datasets/FaceForensics++/manipulated_sequences/Face2Face/c23/videos/030_193.mp4,1,2.1856930490491,2.3522196165346796,0.9292044984596682,0.9218414650501224,0.004558840888407436,2.1442187429707933,5.530174712537016,0.387730741690639,0.8704845558217041,-1.0242853814100772e-05,0.21156054542521052,0.14956279581237006,1.414526549039763,0.9818960142576456,-0.006286139273690789
/home/iiitn/Datasets/FaceForensics++/manipulated_sequences/Face2Face/c23/videos/055_147.mp4,1,4.165649082901021,147.49216533094685,0.028243188874161735,0.9080732619271853,0.1494049841690219,3.2371023169954567,64.44966977580889,0.05022682549430997,0.9351193512524051,0.13010039201936952,0.8964650941211894,1.1271855528665147,0.7953127964081987,0.9928374708065577,0.006196677194968977
/home/iiitn/Datasets/FaceForensics++/manipulated_sequences/Face2Face/c23/videos/044_945.mp4,1,6.7219970014321575,3.411601733065748,1.9703346191560314,0.8654861036617457,0.0013214535305563946,3.365523671617945,3.0816794117804704,1.092107004626247,0.9124950635648496,0.009699123397535026,0.18486231793414767,0.11864300126613525,1.5581392577845523,0.9809236536174248,-0.006911784316756717
/home/iiitn/Datasets/FaceForensics++/manipulated_sequences/Face2Face/c23/videos/057_070.mp4,1,37.448821834159155,34.386582716301795,1.0890533131227846,0.8371459084651701,0.10698732709286576,21.770444264504942,28.21035956870124,0.771718070855742,0.9179823161108095,0.0863088574375443,0.3818047120318937,0.21522331329832292,1.773993282515221,0.9926164183615117,0.007190537782885262
/home/iiitn/Datasets/FaceForensics++/manipulated_sequences/Face2Face/c23/videos/053_095.mp4,1,92.3949527260818,74.76255044629072,1.2358453821403292,0.8945274648894078,0.15147002620567868,56.61385130436306,63.742696030472594,0.8881621711968137,0.9634571922045967,0.14900791053002166,1.6401673042660188,0.9073345251804757,1.807676506016099,0.9930823191264444,0.03329130033252575
/home/iiitn/Datasets/FaceForensics++/manipulated_sequences/Face2Face/c23/videos/058_039.mp4,1,5.445339697533392,76.16831461614863,0.07149087812924919,0.874444124858246,0.10388225074440367,3.504359095354429,65.0437515098439,0.05387695226687639,0.9277372198873435,0.08857828216260043,0.538092658470122,0.5777437496654132,0.9313690693871561,0.9846329984348424,0.007302138384560885
/home/iiitn/Datasets/FaceForensics++/manipulated_sequences/Face2Face/c23/videos/051_332.mp4,1,20.474269657703946,16.992932074816604,1.2048697404049922,0.7909218961908099,0.03572564490978346,14.059509531831855,17.441244508590067,0.8061070140325906,0.8567714524862229,0.0149993063176574,0.11802397738339304,0.06446057815961234,1.830948166352947,0.9728481489378735,-0.0007519923002141753
/home/iiitn/Datasets/FaceForensics++/manipulated_sequences/Face2Face/c23/videos/056_996.mp4,1,4.335230106444051,29.244310581139832,0.14824182961727664,0.7468711108450714,0.08704260921613763,2.984138776137012,28.81634798220733,0.10355714672725254,0.8549025283891742,0.0818100313855373,0.07286825163362626,0.04045678648263382,1.8011379046357312,0.9792873421718308,0.010789382753342956
/home/iiitn/Datasets/FaceForensics++/manipulated_sequences/Face2Face/c23/videos/059_050.mp4,1,25.915956694649992,16.021759366981815,1.6175474928214484,0.9160331729994668,0.043438165762020566,14.317087489385386,22.166617670697036,0.6458850737662035,0.9366987451007814,0.023773020101867916,0.4490709496530805,0.2708825674349788,1.657806753330013,0.9920404793078713,0.0014884132483543968
/home/iiitn/Datasets/FaceForensics++/manipulated_sequences/Face2Face/c23/videos/061_080.mp4,1,75.77827922023684,121.30888093923829,0.6246721479377342,0.9309576673436967,0.3046958265072189,42.407304121389,72.9111763376474,0.5816296794472667,0.961347751073618,0.28546085718735276,1.413597382393388,0.9190853739480076,1.5380479577442985,0.991893247877166,0.09909230398683891
/home/iiitn/Datasets/FaceForensics++/manipulated_sequences/Face2Face/c23/videos/062_066.mp4,1,19.974339765480327,16.195589447602742,1.2333197152288218,0.9348941605751057,0.37768712235342283,11.941761026674698,10.305290383663506,1.1587990810628115,0.9541456096412041,0.36989605499930217,1.3026199473675646,0.8360374163180088,1.5580880974256288,0.9959767929350284,0.07326224255966167
/home/iiitn/Datasets/FaceForensics++/manipulated_sequences/Face2Face/c23/videos/063_041.mp4,1,23.304685295125775,55.91277374741167,0.41680431381218325,0.8746662447850438,0.1181190692803162,14.883851660774008,38.70807663117345,0.3845154023692135,0.9488075352754947,0.1014423412793693,0.8331761406160348,0.5477157384161253,1.5211834938784101,0.9939525938699912,0.014254026307389984
/home/iiitn/Datasets/FaceForensics++/manipulated_sequences/Face2Face/c23/videos/064_991.mp4,1,3.731824832920401,42.57807994995184,0.08764662092106908,0.9215355124156481,0.1277896298445312,3.215503751210979,25.374181164032336,0.12672344894301163,0.9293386184269509,0.12232153220562712,0.6771170933993185,0.8734458934726561,0.7752250007235464,0.9920820132023896,0.009489549702687946
/home/iiitn/Datasets/FaceForensics++/manipulated_sequences/Face2Face/c23/videos/060_088.mp4,1,18.72433487849722,314.6876881540193,0.0595013265003646,0.9376588004045736,0.0593202259233977,12.361411774599114,133.40815398675235,0.09265859248623305,0.9600598877302419,0.037746684536233546,2.8088101897397295,3.9507535245332392,0.7109555613372707,0.9965157563707874,0.009130254091787311
/home/iiitn/Datasets/FaceForensics++/manipulated_sequences/Face2Face/c23/videos/066_062.mp4,1,29.926623656729305,135.67406259771988,0.22057733868752188,0.9489388096961022,0.3006968156986964,18.262515692401646,82.53292470173382,0.22127551832678474,0.9697568330985075,0.3153863823876712,3.1855197174974896,4.004412279407508,0.7955024346216465,0.9976824751578862,0.06648089995574487
/home/iiitn/Datasets/FaceForensics++/manipulated_sequences/Face2Face/c23/videos/068_028.mp4,1,14.298580828927783,3.4771781739989396,4.11212198898731,0.9436662947540267,0.08683840037844753,9.7381874095212,4.457752461023951,2.1845509580593285,0.9485812667714573,0.03949762598293873,0.18319248650390305,0.10531404453888325,1.7394877132106166,0.9890043515159669,-0.0003469129146532987
/home/iiitn/Datasets/FaceForensics++/manipulated_sequences/Face2Face/c23/videos/045_889.mp4,1,3.430700173698092,2.6097994417111954,1.3145455236394135,0.8961227458742838,-0.018101693768952126,4.8659643949408915,5.418407266790832,0.8980433096574638,0.8586997229013041,-0.030321591654217776,0.02620755419898567,0.015770807557833687,1.6617762979402937,0.983235612890446,-0.007375939148052119
/home/iiitn/Datasets/FaceForensics++/manipulated_sequences/Face2Face/c23/videos/072_037.mp4,1,46.09763076781434,155.34937091003212,0.29673522652699363,0.9346459098223828,0.3678649412289309,25.560815746400674,92.14454705233713,0.2773991143706247,0.9732133786088001,0.31337669055956874,1.4194764636975894,1.3185881715534709,1.0765123594467398,0.9943057968430096,0.11975153459226485
/home/iiitn/Datasets/FaceForensics++/manipulated_sequences/Face2Face/c23/videos/070_057.mp4,1,27.2122335414723,61.34704341058616,0.4435785659521532,0.8536602317538305,0.11902076404747061,16.558008330808253,48.63392727026926,0.3404620860411255,0.9101632658284021,0.06696179467919597,1.895715239404008,1.4957212938034203,1.2674254536976313,0.9975866117937381,0.026520595362397953
/home/iiitn/Datasets/FaceForensics++/manipulated_sequences/Face2Face/c23/videos/071_054.mp4,1,9.704040279536324,44.67325931065984,0.21722257183103644,0.9318641459588769,0.08808660004619348,5.649620420037093,26.53559419826109,0.2129072512123101,0.9512731160696196,0.056512353277142366,1.0026024967578853,0.8676509251814686,1.1555367114351796,0.9943866302829362,0.04061802088687883
/home/iiitn/Datasets/FaceForensics++/manipulated_sequences/Face2Face/c23/videos/069_961.mp4,1,3.3824902215871453,13.248807306157827,0.25530526208310234,0.8091252869537208,0.06489236785377794,2.9921482470211274,15.837870480000769,0.18892364669855427,0.8515125994909312,0.04959724474563565,0.2654393507257407,0.20637913005225625,1.286173416171151,0.9896812469237783,-0.0005728302487354127
/home/iiitn/Datasets/FaceForensics++/manipulated_sequences/Face2Face/c23/videos/052_108.mp4,1,2.036448549811958,1.285195426053605,1.5845438822212388,0.8996902872701295,0.01585802337775593,3.1176695792491818,3.942884171577125,0.7907078786953401,0.87104397198434,-0.02430373376469857,0.17863653633271329,0.1293595897925962,1.3809299845424943,0.9937904334915278,-0.0020364787807109776
/home/iiitn/Datasets/FaceForensics++/manipulated_sequences/Face2Face/c23/videos/077_100.mp4,1,17.482716992746248,99.43853847642477,0.17581429957250538,0.9268763953538347,0.11216538900015928,11.822022343352595,49.59323103897099,0.23837975658538357,0.9716336127873794,0.06713701442593148,1.242469066335933,1.2424550097532068,1.0000113135547088,0.997707744983375,-0.004530988671244009
/home/iiitn/Datasets/FaceForensics++/manipulated_sequences/Face2Face/c23/videos/080_061.mp4,1,26.148329397484826,71.46536069946555,0.365888160943409,0.8599919780052904,0.24006040050927838,14.577567913641564,60.79377615099529,0.23978717619768888,0.939112123638327,0.1664097358322214,1.233843527076319,0.851239313935665,1.4494672730418212,0.9853389624729777,0.0357813834680595
/home/iiitn/Datasets/FaceForensics++/manipulated_sequences/Face2Face/c23/videos/073_024.mp4,1,8.574333901322873,31.309940246511683,0.2738534099335485,0.8679108435801034,0.38758464738928405,4.977067428173289,18.563707634607837,0.26810740214927065,0.9011084946941189,0.37813847899758196,0.06147275414328316,0.035336107016358746,1.7396583645964319,0.9852947783925213,0.05224644802159224
/home/iiitn/Datasets/FaceForensics++/manipulated_sequences/Face2Face/c23/videos/065_089.mp4,1,1.91553798994034,1.4783005711278643,1.2957703104172427,0.8633966095211396,0.1273117979533138,1.9523144090679583,2.0289703075234002,0.9622193098779205,0.8897214170142623,0.1064012526875892,0.2517649330563842,0.17220451958770386,1.4620111810024834,0.9945949836092737,0.01211760447234964
/home/iiitn/Datasets/FaceForensics++/manipulated_sequences/Face2Face/c23/videos/067_025.mp4,1,9.98191525174291,5.316591431311682,1.8775027911596025,0.8582362030462279,0.03331471496548554,5.402104919413731,3.5388395949805136,1.5265187286465516,0.9032418072989032,0.0321268158079152,0.23855212380755483,0.15155179326167947,1.5740633526892998,0.9960573744935742,0.007338852015694372
/home/iiitn/Datasets/FaceForensics++/manipulated_sequences/Face2Face/c23/videos/081_087.mp4,1,52.72892601968736,211.7773505393624,0.2489828392195642,0.9267863689883495,0.23690617781856,29.96507097798575,118.15554511729545,0.25360698008915966,0.964370033086485,0.21443881826239278,1.1752858764915177,0.8626798263911652,1.362366245896896,0.9909363365977232,0.08418184560651054
/home/iiitn/Datasets/FaceForensics++/manipulated_sequences/Face2Face/c23/videos/076_079.mp4,1,2.608275012343859,4.703104460013088,0.554585813374981,0.9456645068275075,0.08405387472588094,2.2769672844437934,3.4336695028812936,0.6631294253955201,0.9531842544509672,0.11035217732315745,0.4933462179123584,0.43616842393085875,1.1310910896900768,0.9946699529457389,-0.005223501333267402
/home/iiitn/Datasets/FaceForensics++/manipulated_sequences/Face2Face/c23/videos/079_076.mp4,1,6.41652142295018,25.872477448106768,0.24800568232477915,0.9202361943773602,0.045007151233224435,5.04748172862329,12.220305836572102,0.4130405405663031,0.916574214560276,0.017833066326640785,0.8544611406740873,1.2370705764389012,0.6907133327297993,0.9961232385149108,-0.012819469387014677
/home/iiitn/Datasets/FaceForensics++/manipulated_sequences/Face2Face/c23/videos/082_103.mp4,1,78.42987658527174,79.15980237585138,0.9907790852342715,0.981374454473726,0.44591205412752627,49.9193269048709,49.23103466916035,1.013980860657022,0.9921244543455665,0.4359862706496826,2.2209735685152445,1.7436896176104308,1.273720704696796,0.9955626199491504,0.13603307151238245
/home/iiitn/Datasets/FaceForensics++/manipulated_sequences/Face2Face/c23/videos/085_124.mp4,1,57.33382097494024,210.58158931793778,0.2722641668753728,0.9666825116811811,0.37773079381495,33.70017934570331,120.81533329277397,0.27893958843814187,0.9838893080436328,0.3778154710888521,4.334797101441118,5.1665369141351745,0.839014057865629,0.9951894747627823,0.14270573391945685
/home/iiitn/Datasets/FaceForensics++/manipulated_sequences/Face2Face/c23/videos/075_977.mp4,1,7.825572244856718,11.098723700864932,0.7050875808582265,0.8930649844059783,0.03447842410064979,4.991473729367118,9.11329340249174,0.5477134893958707,0.9410596595477155,-0.014769382730732375,0.6475652152979042,0.8619150788906769,0.751309764914833,0.9967759953931786,-0.009169864057513811
/home/iiitn/Datasets/FaceForensics++/manipulated_sequences/Face2Face/c23/videos/078_955.mp4,1,5.470993191618618,80.59238602541872,0.06788474025192745,0.8654902965095147,-0.0047139610539483475,3.2210737144460837,54.235240441464875,0.05939078887135259,0.9064112535789507,0.026788587363243632,0.3517380232423437,0.28757027574906935,1.2231376220164925,0.9893558575625777,0.008424034234126934
/home/iiitn/Datasets/FaceForensics++/manipulated_sequences/Face2Face/c23/videos/091_116.mp4,1,33.79652111057435,337.3218930362311,0.10019071340544249,0.9648046260285449,0.2942267878092574,18.181543896281227,171.24023352537765,0.10617565464594358,0.980799037907142,0.26155244582068204,2.809715455510355,3.983773311859967,0.7052899940731163,0.9973905675868742,0.12431044126804461
/home/iiitn/Datasets/FaceForensics++/manipulated_sequences/Face2Face/c23/videos/092_098.mp4,1,15.317822735686585,87.11011538235579,0.17584436283262253,0.9271662210150698,0.5717763930595522,8.038695062633703,97.12060973095613,0.08277022853236327,0.9599016773617116,0.5197487502746964,1.0952382631847273,1.3094523265328004,0.8364094217043592,0.9976318713396592,0.17774161683455544
/home/iiitn/Datasets/FaceForensics++/manipulated_sequences/Face2Face/c23/videos/088_060.mp4,1,24.722935199309816,20.284695636715885,1.2187974442446448,0.7420085576646628,0.16763279825821453,16.090718045604422,18.618567811209914,0.8642296340278377,0.8300576080388314,0.16689914722074312,0.4980760155560577,0.2706788376434334,1.8400995803453821,0.980000120688663,0.0045129561606935265
/home/iiitn/Datasets/FaceForensics++/manipulated_sequences/Face2Face/c23/videos/087_081.mp4,1,20.637260695488774,208.5202479387577,0.0989700563829654,0.8798337956969032,0.06846011474937211,11.139660378345397,110.0040621423886,0.10126590019854255,0.9210098279411015,0.05435957915638761,0.2763655499311738,0.16046122887031675,1.7223197895021098,0.9733784334813755,0.013340046124600762
/home/iiitn/Datasets/FaceForensics++/manipulated_sequences/Face2Face/c23/videos/086_090.mp4,1,1.8960171544943643,9.668139110288934,0.1961098338434749,0.8312389635434115,0.20001762696159436,1.5180565947709985,9.87546943139904,0.15371994266362063,0.8848741552386162,0.1604317806674616,0.048436468635227915,0.027928110514121446,1.7343267318688356,0.9734629700665103,-0.0020567247640188207
/home/iiitn/Datasets/FaceForensics++/manipulated_sequences/Face2Face/c23/videos/095_053.mp4,1,32.35741389422752,39.67074048550237,0.8156493551223856,0.8856675224484435,0.18423645275929057,17.074969534520488,21.707080925809077,0.786608277404027,0.9448001296846193,0.16794010566452472,1.7326799181114605,1.1146293671334553,1.554489742691308,0.9947344001857173,0.03255031060118107
/home/iiitn/Datasets/FaceForensics++/manipulated_sequences/Face2Face/c23/videos/089_065.mp4,1,2.562003188077574,1.3755726165391442,1.8624994109895965,0.9172762842947723,0.06560875254793203,2.1310708869321022,2.2485935343729424,0.9477350416407679,0.92801342002582,0.07783711156279759,0.40999818977751296,0.34770586014496785,1.1791523720841914,0.997931205859684,-0.009804093446358663
/home/iiitn/Datasets/FaceForensics++/manipulated_sequences/Face2Face/c23/videos/098_092.mp4,1,27.174390117190935,11.147310050007645,2.437753143609054,0.9288276097190901,0.3636417138271858,14.772269761026763,18.556896529364153,0.7960528172181888,0.936154686698892,0.2634373959511748,0.9910203279372162,0.6660666273773946,1.487869662287857,0.9960511862993687,0.09561339160613065
/home/iiitn/Datasets/FaceForensics++/manipulated_sequences/Face2Face/c23/videos/074_825.mp4,1,8.285928574441341,6.771984115894418,1.2235599541637387,0.9406587425320397,0.21065045820484526,5.43135600519894,9.918382364932697,0.547605023214468,0.8805036908141832,0.13238923256152646,0.5682609739446058,0.40124445260425573,1.4162463063509994,0.9968599306663325,0.018099925358434705
/home/iiitn/Datasets/FaceForensics++/manipulated_sequences/Face2Face/c23/videos/094_111.mp4,1,2.3289473688174867,67.22512179169014,0.03464400371090697,0.8498826795411945,0.06542625035718187,1.8598425162555083,44.856586318106565,0.04146197178416973,0.8469516929081141,0.05535730530615771,0.5320431177752293,0.5153698287375393,1.0323520860321473,0.993616521091557,0.010938705410518001
/home/iiitn/Datasets/FaceForensics++/manipulated_sequences/Face2Face/c23/videos/093_121.mp4,1,6.973703302378226,4.129985333725997,1.6885540114222826,0.8826997005972999,-0.009456682603346133,4.451150197793066,2.3953879920027368,1.8582167952138504,0.8884905615833171,0.029478657739829047,0.006937647066471778,0.003645349340766066,1.9031501285453862,0.9813673027908073,-0.00013246928166619302
/home/iiitn/Datasets/FaceForensics++/manipulated_sequences/Face2Face/c23/videos/097_033.mp4,1,39.681321895549125,190.44014135910257,0.20836637492682925,0.9177306861080424,0.2506219843228957,20.42459363773946,129.3671625048219,0.15788081953933383,0.9713972548073263,0.21870936728510712,2.0658454892296216,1.9253302904824858,1.07298238616083,0.9937129716703129,0.07948325243833511
/home/iiitn/Datasets/FaceForensics++/manipulated_sequences/Face2Face/c23/videos/090_086.mp4,1,20.08883165850221,58.83357062796552,0.34145185213275725,0.9171896082801885,0.037016685615888216,10.657834031512555,44.8837942350165,0.23745394553114116,0.9329919491002593,0.016137898672137708,0.5035505038654664,0.35186573546093197,1.4310870684973989,0.9940902660254259,0.005412580765466694
/home/iiitn/Datasets/FaceForensics++/manipulated_sequences/Face2Face/c23/videos/100_077.mp4,1,40.51024483822507,52.87664330060744,0.7661273921629532,0.9414066215178988,0.128489746784554,25.312341355168105,43.463661402890125,0.5823794070300059,0.9570042724811305,0.07734368645866813,1.7551112158915732,1.5043368883874126,1.166700909510356,0.9976433175309564,0.02467221257354991
/home/iiitn/Datasets/FaceForensics++/manipulated_sequences/Face2Face/c23/videos/103_082.mp4,1,17.145783795848153,46.48440204908665,0.36885026030328477,0.8639335980022925,0.2174934290464791,10.463396419402649,34.72814944802974,0.30129438469104136,0.909667890461089,0.21700572225902084,0.4275003690767061,0.25287425863800356,1.690564992179313,0.9920778185807038,0.06650769102356811
/home/iiitn/Datasets/FaceForensics++/manipulated_sequences/Face2Face/c23/videos/101_096.mp4,1,32.04090815730009,143.24998102533218,0.22367129076012937,0.8700162357144823,0.08220126105141552,17.842816587906707,92.87627179754368,0.19211383319521447,0.9501695657017691,0.05684798894622806,0.8985533579458204,0.6169643524360092,1.4564104950277774,0.9922262090954218,0.013250232978681237
/home/iiitn/Datasets/FaceForensics++/manipulated_sequences/Face2Face/c23/videos/084_042.mp4,1,9.382494625530848,6.062012180658806,1.5477525194466335,0.8977331878577499,0.04766408994038787,5.679076528416437,12.239515363024495,0.463995212226531,0.8633793153988004,0.019440823691205016,0.17410946504092753,0.11152874581476757,1.5611173941657794,0.9928041871364337,-0.012792775363403503
/home/iiitn/Datasets/FaceForensics++/manipulated_sequences/Face2Face/c23/videos/104_126.mp4,1,18.997030657085762,7.73065486981893,2.457363700357602,0.9280752505025478,0.14393728370885533,14.315504540307407,8.538318524651121,1.6766187041367544,0.9732800256122426,0.0851474000248197,0.8399910032161356,0.5776996339387348,1.4540272381498807,0.9958166129795826,0.015261271922493524
/home/iiitn/Datasets/FaceForensics++/manipulated_sequences/Face2Face/c23/videos/083_213.mp4,1,6.45041375702126,7.91842241419999,0.8146084434007749,0.8944807773829404,0.04358890075527461,5.667909378146052,9.449218296601591,0.5998283879402505,0.8981573070970071,0.019622254945311456,0.48835416013214433,0.32209081653863736,1.5162001990005896,0.9909914984355089,-0.005146333660411757
/home/iiitn/Datasets/FaceForensics++/manipulated_sequences/Face2Face/c23/videos/105_180.mp4,1,64.38346173310245,86.81806238102465,0.7415906318035312,0.931396727544748,0.09666626861987429,35.23322269290966,49.48650331916515,0.7119764042666665,0.955109920257278,0.0854799830958136,3.510633230628431,2.514345048044235,1.3962416309404915,0.9926339006697191,0.031570351520103714
/home/iiitn/Datasets/FaceForensics++/manipulated_sequences/Face2Face/c23/videos/107_109.mp4,1,12.97075003914,46.98445248078344,0.27606472682521976,0.915220372641174,0.6660376100495147,7.819713550970346,32.07103731509562,0.24382477791853832,0.9630097198394697,0.6278649421105794,1.1634566944985216,1.3135486548452742,0.8857355151686922,0.9979825385322245,0.22452873186872158
/home/iiitn/Datasets/FaceForensics++/manipulated_sequences/Face2Face/c23/videos/106_198.mp4,1,14.896591532615508,263.893734336754,0.056449205094070226,0.9636126001113965,0.07157465493804534,8.427771591325557,132.72824072761367,0.06349644616040019,0.9622054173999167,0.08277950455229961,1.7646887718865873,2.7668406096072893,0.6377992161019561,0.994766864040864,0.042323648500982865
/home/iiitn/Datasets/FaceForensics++/manipulated_sequences/Face2Face/c23/videos/102_114.mp4,1,20.792253154175402,118.62026775409002,0.17528415293480473,0.95432757540874,0.12687101046520974,11.795278698933188,72.51585162199486,0.1626579352666052,0.9779152164261662,0.10054761180144724,0.8083965371527052,0.7443006313056397,1.086115613975269,0.9940468357360109,0.003941806912182963
/home/iiitn/Datasets/FaceForensics++/manipulated_sequences/Face2Face/c23/videos/109_107.mp4,1,15.244185528017246,35.91910209875965,0.42440330178920743,0.9136655165140812,0.4073590942828886,7.5949643146388155,25.839307998977187,0.2939306391231318,0.9436620197984018,0.36662089490366656,1.621871312332205,1.4903708191017906,1.088233405770563,0.9975992427673789,0.105150887570394
/home/iiitn/Datasets/FaceForensics++/manipulated_sequences/Face2Face/c23/videos/114_102.mp4,1,12.896248037590942,103.72976172854119,0.12432543777879464,0.6920993552343648,0.39249911117136416,8.050008442740584,58.23700250432324,0.13822841314923426,0.8553863506300132,0.34314000618479584,0.3601143775809083,0.2198507631601823,1.6379946669483725,0.9895098467647635,0.06948827423997865
/home/iiitn/Datasets/FaceForensics++/manipulated_sequences/Face2Face/c23/videos/111_094.mp4,1,1.5063603754000117,87.16312903492944,0.017282082367607043,0.9076242179548153,0.03945649461922363,1.1336989585175692,53.88640895348902,0.02103868082016931,0.9185947462815346,0.00997789647518647,0.7187818547355943,1.7238080550943302,0.4169732544243513,0.9942345108283508,0.003472270633825812
/home/iiitn/Datasets/FaceForensics++/manipulated_sequences/Face2Face/c23/videos/116_091.mp4,1,15.145356938455231,37.02392576019868,0.4090694497539409,0.9487078445714063,0.20976308489382064,9.826999149488936,24.741554142348267,0.3971860091306389,0.9741125655456161,0.189614226316189,1.259845149110914,1.1965026722633545,1.0529396869024439,0.9968091434002323,0.019877718441842235
/home/iiitn/Datasets/FaceForensics++/manipulated_sequences/Face2Face/c23/videos/110_043.mp4,1,2.9886021774717517,0.8138023690584565,3.6723930663036404,0.8652176622732538,0.05701316154442809,1.914263761942502,4.571706335527246,0.4187197561371216,0.8358550414798693,0.05203183214948387,0.013482994788346017,0.007013059773503705,1.922555236059246,0.9727086677340798,0.010369365639046231
/home/iiitn/Datasets/FaceForensics++/manipulated_sequences/Face2Face/c23/videos/096_101.mp4,1,0.0,0.0,0.0,0.0,0.0,0.0,0.0,0.0,0.0,0.0,0.0,0.0,0.0,0.0,0.0
/home/iiitn/Datasets/FaceForensics++/manipulated_sequences/Face2Face/c23/videos/118_120.mp4,1,35.804806182281474,87.73974759335626,0.4080796579017359,0.9308602796344708,0.40064290807584796,20.124977914817297,46.74648056254918,0.4305132209448163,0.9751541146028281,0.3690888104518503,1.830769682411616,1.58409196840357,1.1557218387115775,0.9948071679106006,0.08362281104487765
/home/iiitn/Datasets/FaceForensics++/manipulated_sequences/Face2Face/c23/videos/120_118.mp4,1,86.76196432401075,61.63388061439005,1.4076991982191347,0.9146660343971922,0.2920542066281724,44.980717648505504,54.440945633512854,0.8262295433166795,0.9483973446919639,0.22746927225047148,0.8592912974321837,0.5159237765186085,1.665539245410587,0.9926934071754271,0.0618176798484685
/home/iiitn/Datasets/FaceForensics++/manipulated_sequences/Face2Face/c23/videos/119_123.mp4,1,78.38189615106076,135.6295739042469,0.5779115416700902,0.9737130574434101,0.2945972514251968,39.71922659786457,107.62870140536296,0.3690393554807438,0.9773333808995398,0.24188577848008752,1.874551803826962,1.7301082163622035,1.0834881807384693,0.9978342436009825,0.058608192403572255
/home/iiitn/Datasets/FaceForensics++/manipulated_sequences/Face2Face/c23/videos/113_983.mp4,1,18.436154778339688,79.6498269484973,0.2314650952130852,0.8842503790790955,0.09403078904187392,16.714042978702366,43.329946816559676,0.3857388297627602,0.9617959369004803,0.08969204941817033,0.6757430317948635,0.515719279913952,1.3102923588732451,0.9901219687692905,0.005477276554310823
/home/iiitn/Datasets/FaceForensics++/manipulated_sequences/Face2Face/c23/videos/115_939.mp4,1,0.9644826322813193,11.598089798105955,0.0831587484724274,0.7794762307964681,0.05780969211835488,0.8447717844281571,9.075390435071332,0.09308379517905747,0.7946100846584594,0.07537813286980292,0.0655960966734065,0.04060868635225861,1.6153218083538947,0.9875463817647203,-0.01124828536704714
/home/iiitn/Datasets/FaceForensics++/manipulated_sequences/Face2Face/c23/videos/108_052.mp4,1,3.5682321415250784,5.093881060001135,0.7004938080600341,0.8781480879220376,0.030491406675517193,2.7075774981283582,15.918650425264923,0.17008838223063735,0.8512254018376354,0.0029013878391705465,0.19667606153772546,0.12110695832347589,1.6239864683283103,0.9751854582855324,-5.11171668422024e-05
/home/iiitn/Datasets/FaceForensics++/manipulated_sequences/Face2Face/c23/videos/099_295.mp4,1,4.317304165111866,17.744112110195214,0.24330911224525448,0.8996700210511722,0.00554725082566191,3.4581109507013115,18.894957257096234,0.1830176646418491,0.9018187741462261,0.00750506522040574,0.5347058533828245,0.663896287347075,0.8054056990128766,0.9966648166368058,-0.001651451169040737
/home/iiitn/Datasets/FaceForensics++/manipulated_sequences/Face2Face/c23/videos/123_119.mp4,1,20.065333832794142,20.73940366571485,0.9674981092134756,0.9568658961321704,0.09104106824943792,12.232278590303531,15.370358853490378,0.7958355889345917,0.9762970420503571,0.06312309083532684,0.9713460428217188,0.7575036747111764,1.2822987864607744,0.993087172668477,0.0002448623907337983
/home/iiitn/Datasets/FaceForensics++/manipulated_sequences/Face2Face/c23/videos/124_085.mp4,1,35.597502709072664,182.05175438379138,0.19553507094486983,0.9449698880791816,0.24323065071049313,22.17220012755264,123.397928895123,0.1796804883686256,0.9389156462055741,0.20191583949015543,1.052234137379106,0.7031986450066529,1.4963540456895377,0.9896942459835357,0.03392458913891
/home/iiitn/Datasets/FaceForensics++/manipulated_sequences/Face2Face/c23/videos/126_104.mp4,1,15.59356828938192,2.9047639810580903,5.368273770628966,0.8981005695622911,0.06058456461732003,10.623858947315377,8.435993085082076,1.2593489397356488,0.8957400356567232,0.03734818716163395,0.2962121090222506,0.16108245744445518,1.8388849643940348,0.9924307506651547,0.001833332128827471
/home/iiitn/Datasets/FaceForensics++/manipulated_sequences/Face2Face/c23/videos/117_217.mp4,1,7.1533960879795195,2.9205212678672496,2.449355930629255,0.8934817517811368,0.03749290462687946,4.863501482427132,2.5888445799542694,1.8786378757866737,0.9419648457880445,0.024452532291447327,0.5660051441921587,0.494370845006396,1.1448999266630215,0.997478255543007,0.004919046083062277
/home/iiitn/Datasets/FaceForensics++/manipulated_sequences/Face2Face/c23/videos/128_896.mp4,1,61.790604496425736,173.15748223585823,0.3568462863895226,0.8635858305247534,0.222166394895107,35.73062637316387,117.70244219601021,0.3035674171795141,0.9635755237250077,0.18303133313642944,3.1137026608500435,2.558384700791493,1.217058036614568,0.9963040728477985,0.05824093469200006
/home/iiitn/Datasets/FaceForensics++/manipulated_sequences/Face2Face/c23/videos/122_144.mp4,1,6.285117742233429,28.5780806288664,0.2199279169184267,0.9158390481199107,0.008827847275194674,3.7019101315165632,19.186194484099076,0.19294655511725328,0.9291981056456512,0.014739799739026142,0.3655385004307914,0.3008269339992225,1.215112275923193,0.9903317581571791,-0.010340418399576641
/home/iiitn/Datasets/FaceForensics++/manipulated_sequences/Face2Face/c23/videos/130_139.mp4,1,31.695941490189867,28.077339322757876,1.128879810363618,0.8864654686568539,0.10443356503191181,18.99023171475038,25.5402755766364,0.7435405956277998,0.9441322554558843,0.07308604578497191,0.6107365224898417,0.37845016678580157,1.613783203418461,0.995346892307071,0.008529550387067757
/home/iiitn/Datasets/FaceForensics++/manipulated_sequences/Face2Face/c23/videos/131_518.mp4,1,22.39351950257171,159.9938600013032,0.13996486804174427,0.9086233220750312,0.09114643807353877,13.57461629628989,88.61108985205055,0.15319319871761805,0.9540984996827838,0.06597121930717355,0.973189474139342,0.7157336112385787,1.3597090577529751,0.990543062128752,0.007441341532875299
/home/iiitn/Datasets/FaceForensics++/manipulated_sequences/Face2Face/c23/videos/132_007.mp4,1,35.127283403267946,26.350944272019078,1.3330559634087982,0.7574562482263841,0.23511661402826275,20.139588415629614,25.36513044450938,0.7939871809328344,0.8466167805911998,0.22380532128617048,0.2614382149432961,0.13805841373876535,1.8936782472236027,0.9761083035004939,0.04121005754268734
/home/iiitn/Datasets/FaceForensics++/manipulated_sequences/Face2Face/c23/videos/125_038.mp4,1,25.665006723313482,147.43117550970825,0.1740812730725562,0.9062744605083011,0.1788402681381194,14.152614525509799,72.00351975649964,0.19655448196658837,0.9489502266220425,0.13168062047640738,0.9736811970399196,1.2135518918158195,0.8023399770594194,0.9923369364127378,0.029373406873311567
/home/iiitn/Datasets/FaceForensics++/manipulated_sequences/Face2Face/c23/videos/133_148.mp4,1,8.649253925844631,207.89228341375966,0.04160449721277229,0.9087372353669521,0.22261468206844764,5.22480787828781,95.1102946135105,0.05493419928430777,0.9510274591357128,0.19216967020344008,0.7557038408535353,0.8004228768963038,0.9441307372220923,0.9905297337160676,0.019388251753997603
/home/iiitn/Datasets/FaceForensics++/manipulated_sequences/Face2Face/c23/videos/127_129.mp4,1,3.37176672720977,10.978819364855646,0.3071156027945181,0.9217802453296216,0.05623410049701401,2.290094251618834,11.282730450344133,0.2029734080502636,0.9436194238475873,0.03203193550992338,0.44474701710950276,0.389802685452255,1.1409542153192211,0.9919256518284202,-0.004735956187185758
/home/iiitn/Datasets/FaceForensics++/manipulated_sequences/Face2Face/c23/videos/112_892.mp4,1,4.522020008030144,10.28815333673253,0.43953660681600193,0.8851306007111566,-0.02133304732550233,3.082094825363003,11.377705654731804,0.2708889576591577,0.8747258544228708,-0.02201825727603134,0.036298001056448766,0.02108339519569914,1.7216392672776584,0.9809470182649228,0.0033452053019975714
/home/iiitn/Datasets/FaceForensics++/manipulated_sequences/Face2Face/c23/videos/137_165.mp4,1,25.28897983304616,335.3901984252748,0.07540166633307432,0.9147087081595804,0.16339182182113313,18.315527455175936,203.41493420448833,0.09004022997035094,0.9603890001598145,0.1692027514321218,1.6843156271585566,1.6110112353164279,1.045502098455403,0.9937896626497128,0.02853569254865864
/home/iiitn/Datasets/FaceForensics++/manipulated_sequences/Face2Face/c23/videos/139_130.mp4,1,41.14615530276561,88.75439505233805,0.46359569324428285,0.8709764767011755,0.15131734921070408,25.28740355390762,52.246630471813965,0.48400065852188645,0.9526270635627337,0.13189654131361356,1.3178777927932621,1.0546388153982353,1.2496010705765905,0.9975686316563667,0.019825039921285096
/home/iiitn/Datasets/FaceForensics++/manipulated_sequences/Face2Face/c23/videos/142_138.mp4,1,42.016356354254015,87.73458985202383,0.47890297800582693,0.7925289818367678,0.06827592436543078,24.643305389342743,49.24342248268302,0.5004385184236295,0.8468244722836769,0.07260298086695982,0.012314936220344734,0.006194065601087206,1.9881830470415374,0.968706686886052,0.0013498903692267966
/home/iiitn/Datasets/FaceForensics++/manipulated_sequences/Face2Face/c23/videos/138_142.mp4,1,101.4932783912388,39.510863301180365,2.5687436292541537,0.835989771365287,0.11276165503754863,54.55207573686249,27.155495807254436,2.0088779127460903,0.8993325560963568,0.08831605763378686,1.1855785666012306,0.6230653047195277,1.9028158968583844,0.9942320943425611,0.011229736189456717
/home/iiitn/Datasets/FaceForensics++/manipulated_sequences/Face2Face/c23/videos/143_140.mp4,1,15.502005520081504,49.60836626451739,0.312487725103122,0.9455378266829172,0.14873765627182953,9.160381021809835,43.26389921549958,0.21173267291932088,0.9729111295243954,0.11829187232180467,1.1271719037873869,1.088468221984287,1.035557934555538,0.9984217022098686,0.021440123740026896
/home/iiitn/Datasets/FaceForensics++/manipulated_sequences/Face2Face/c23/videos/141_161.mp4,1,41.1156318026465,24.640925595135712,1.6685912079034484,0.9171807671922373,0.10707199643671163,20.87871107276946,17.712292574037075,1.1787695458110128,0.9528006024725064,0.07235498893448292,0.6600618287274811,0.40527587260340914,1.6286728950514107,0.994472095625218,-0.001018260289581884
/home/iiitn/Datasets/FaceForensics++/manipulated_sequences/Face2Face/c23/videos/140_143.mp4,1,18.20126791568273,92.95177333960653,0.1958141008153011,0.9165196368792566,0.24758929440415245,10.951824944501771,51.722075704359106,0.21174372442246664,0.9641822542226633,0.20467447830200322,1.756904453270181,1.8810048058448523,0.9340244362007721,0.9908487782125782,0.1367780802069877
/home/iiitn/Datasets/FaceForensics++/manipulated_sequences/Face2Face/c23/videos/134_192.mp4,1,13.588564301016875,82.97884873830822,0.1637593737154797,0.8986702796782836,0.1977347451455538,8.834511776439264,44.047844214767075,0.20056626910874986,0.9401145505752782,0.1358874865082817,0.5226288739420414,0.3867068054719149,1.3514861040634,0.9915587871473518,0.03369411343083445
/home/iiitn/Datasets/FaceForensics++/manipulated_sequences/Face2Face/c23/videos/121_093.mp4,1,8.118153397223546,26.03103030328275,0.31186446723930755,0.8233286711974447,0.053968896176260925,6.687368256593476,21.373428034077506,0.31288234371815443,0.8710476162174562,0.07391983365294091,3.5617483548306035e-27,2.3606332235497904e-27,0.0,0.0,0.0
/home/iiitn/Datasets/FaceForensics++/manipulated_sequences/Face2Face/c23/videos/135_880.mp4,1,20.588086061827884,43.04276141923233,0.47831703596574393,0.8303828762741744,0.04106926354644597,16.087907817978255,57.58406806191888,0.27938123094532474,0.9372352120278412,0.01872346668364313,0.3469514687352349,0.2082875574505382,1.665733051853686,0.9927873085051014,0.016146787978128657
/home/iiitn/Datasets/FaceForensics++/manipulated_sequences/Face2Face/c23/videos/129_127.mp4,1,12.418484257877425,54.676652958146946,0.22712590449498324,0.8997800885116383,0.04049443337632583,8.52300677415195,48.20867444418997,0.17679404946134397,0.969632711311135,0.029829935078627474,0.5543272168465211,0.4932337011775943,1.1238632224908114,0.9967142311470923,0.006157458198038204
/home/iiitn/Datasets/FaceForensics++/manipulated_sequences/Face2Face/c23/videos/136_285.mp4,1,7.200515561517441,38.960138411849165,0.18481750463513516,0.8456409588501653,0.2574225920624896,5.059530910984187,30.0226661746356,0.16852370410922032,0.8927551032339021,0.24245046895870265,0.3285156492381705,0.2057243477295213,1.5968729655183578,0.9881407810569671,0.03951519690791461
/home/iiitn/Datasets/FaceForensics++/manipulated_sequences/Face2Face/c23/videos/147_055.mp4,1,18.528820236051338,123.00144029400865,0.15063905098803848,0.911549813307714,0.058432448874970115,11.830255927881993,73.37362522504559,0.16123308466219569,0.9504912884922416,0.05163044455209762,1.0547092304305858,0.8325016920320744,1.266915419542415,0.9855113357658126,0.0015444118796152807
/home/iiitn/Datasets/FaceForensics++/manipulated_sequences/Face2Face/c23/videos/145_299.mp4,1,32.63831850339169,62.11922796465416,0.5254141040188537,0.7033953185093336,0.19834552589575227,15.519125206041664,39.6041124633166,0.39185640684199874,0.8188235663107232,0.13492804655119814,0.011218559525630655,0.005719366138802221,1.9615039942136148,0.9663191151827819,0.030008014995319666
/home/iiitn/Datasets/FaceForensics++/manipulated_sequences/Face2Face/c23/videos/149_152.mp4,1,19.733716429718655,48.00758720253975,0.41105411830975497,0.9170674826423145,0.29846239121985335,15.748465675605212,27.75429131479089,0.56742452894888,0.9721965036148273,0.32064073329685266,0.8641663580867713,0.6593824381807445,1.3105692661015234,0.9848118228720014,0.039639685022188155
/home/iiitn/Datasets/FaceForensics++/manipulated_sequences/Face2Face/c23/videos/148_133.mp4,1,8.433068634639968,194.34181192376317,0.04339297113247102,0.828935654547377,0.0908026379281898,5.267290656252167,92.87505591511683,0.05671372796874769,0.9417641240457839,0.010087618580826987,0.6051594331472857,0.5715604112066123,1.0587847256071201,0.9946464020217815,0.007961044451996344
/home/iiitn/Datasets/FaceForensics++/manipulated_sequences/Face2Face/c23/videos/156_243.mp4,1,0.0,0.0,0.0,0.0,0.0,0.0,0.0,0.0,0.0,0.0,0.0,0.0,0.0,0.0,0.0
/home/iiitn/Datasets/FaceForensics++/manipulated_sequences/Face2Face/c23/videos/150_153.mp4,1,10.776798333545534,207.22376520192446,0.05200561008552435,0.7506103351096644,0.15292248758081664,6.839958846351063,85.05654719716237,0.08041660603146673,0.8727740313652438,0.12604476379951074,0.18092601257825366,0.10066019508125514,1.7973938201908528,0.976003837211756,0.003475126733436009
/home/iiitn/Datasets/FaceForensics++/manipulated_sequences/Face2Face/c23/videos/152_149.mp4,1,28.93967428475607,537.998934456118,0.053791322679871474,0.9221700897558079,0.10131022110369703,17.400271593146567,263.698693378527,0.06598542969710243,0.9492848736464006,0.05978181389274737,4.566465680971111,9.44823088535589,0.4833143618504094,0.9943196417522747,0.0021138528390738623
/home/iiitn/Datasets/FaceForensics++/manipulated_sequences/Face2Face/c23/videos/153_150.mp4,1,27.145725867942513,72.2031201033713,0.3759633355051512,0.8594608778867467,0.1686625215687712,17.057864898213005,45.73842453316763,0.37294386661358087,0.9507960593467253,0.13301061966378205,1.3538111535645967,0.9587730968509098,1.4120245530576414,0.9936749564682569,0.03458557408494064
/home/iiitn/Datasets/FaceForensics++/manipulated_sequences/Face2Face/c23/videos/157_245.mp4,1,24.74899566290961,55.675859313947115,0.4445193297036342,0.8792239662540734,0.38857509123689365,12.892885273471103,29.39751702663533,0.4385705521248489,0.9484850669740386,0.33671481989844115,1.6903465740562404,1.5765706909156858,1.0721666867182928,0.9981048062522936,0.09211966489958012
/home/iiitn/Datasets/FaceForensics++/manipulated_sequences/Face2Face/c23/videos/144_122.mp4,1,3.4888818925663085,1.7908541943726533,1.9481663574451322,0.9361823145047525,0.04591915733331883,4.132207000989339,4.616226715328693,0.8951481926283834,0.8988246186418648,0.055099062499072635,0.1641195062660757,0.10479235115535623,1.566140128135555,0.9774897677117962,0.007894932366666378
/home/iiitn/Datasets/FaceForensics++/manipulated_sequences/Face2Face/c23/videos/155_576.mp4,1,15.929817894040156,202.47701802282927,0.07867469626722806,0.9349869887219308,0.239468191509716,10.102946504385732,95.54627950375402,0.10573877451700028,0.9710247391151671,0.258513326762451,2.0136851807239435,3.062313077250776,0.657569990372033,0.9962461083919397,0.035427405558742096
/home/iiitn/Datasets/FaceForensics++/manipulated_sequences/Face2Face/c23/videos/158_379.mp4,1,46.84756361376187,68.40395716914588,0.6848662789773925,0.9424713795654585,0.3932199868416177,24.884154776422694,39.39145782431809,0.6317144921978644,0.96752205257299,0.3659650353495408,4.365498816965284,4.0074751323302555,1.089338966010463,0.99552101905353,0.169466054659722
/home/iiitn/Datasets/FaceForensics++/manipulated_sequences/Face2Face/c23/videos/159_175.mp4,1,33.049251185363374,69.5595748973168,0.47512152330071555,0.8383764181468116,0.18052065436243278,20.258775481168215,54.18951789062324,0.37385044690854724,0.9454319667122247,0.1363873756747369,1.9537553583063378,1.70259307434944,1.1475175059389142,0.9963764643343392,0.007524350928102143
/home/iiitn/Datasets/FaceForensics++/manipulated_sequences/Face2Face/c23/videos/161_141.mp4,1,21.77541737926065,96.21182948930563,0.22632785900491667,0.9183771093563863,0.39311358670019464,15.013767657722253,69.41512560030276,0.21628956985790962,0.9646436057354988,0.3859845112175368,1.8557823900447632,1.7710033481587348,1.0478706276722576,0.997449549727066,0.10888422596783398
/home/iiitn/Datasets/FaceForensics++/manipulated_sequences/Face2Face/c23/videos/151_225.mp4,1,38.773356074591646,94.0769522768053,0.4121451124448387,0.9322067502981959,0.25542231656754305,20.697549540872348,88.02978900784031,0.2351198358436249,0.9646984112283304,0.19483203587651446,0.8617968798426695,0.8913789223647827,0.96681316802552,0.9974618230359181,0.059672257455371115
/home/iiitn/Datasets/FaceForensics++/manipulated_sequences/Face2Face/c23/videos/146_256.mp4,1,6.574445515678728,37.00258321334059,0.1776753119579077,0.8989353854162404,-0.026905601000610197,3.714368315324642,19.065956272454795,0.19481678559658244,0.9262860519612087,-0.01780442762312836,0.6140641982155391,0.6847391107964634,0.8967856348986436,0.9958458433910776,-0.0037412543640614783
/home/iiitn/Datasets/FaceForensics++/manipulated_sequences/Face2Face/c23/videos/166_167.mp4,1,32.76609356729728,44.89772957020744,0.7297939980697757,0.9444598425946643,0.1043534668315761,22.763131047623023,48.285077601676015,0.471432007118342,0.9394826923912284,0.07361948546568704,1.2287075301951778,0.8126768507360512,1.5119263321975056,0.9907136421345782,-0.009837359148575562
/home/iiitn/Datasets/FaceForensics++/manipulated_sequences/Face2Face/c23/videos/165_137.mp4,1,22.61216301570901,61.759388288886406,0.3661332089291122,0.8483418534580215,0.2979337710291191,14.78654293937525,41.038222747098274,0.3603114840157345,0.938957530076594,0.26373541563666286,1.473891237677493,1.1251696586819966,1.3099279973510685,0.9964182899595552,0.06929078661515864
/home/iiitn/Datasets/FaceForensics++/manipulated_sequences/Face2Face/c23/videos/164_216.mp4,1,9.8682193602997,300.67305783691,0.032820431039925047,0.9217259060505304,0.21806428934904912,7.110823227772262,138.95258510442468,0.05117445798096081,0.9265264895216463,0.18041188034613834,1.57760083615162,2.80796084653842,0.5618314935183105,0.9898843262300506,0.048277111005230265
/home/iiitn/Datasets/FaceForensics++/manipulated_sequences/Face2Face/c23/videos/154_386.mp4,1,6.108450740582598,7.854402498740757,0.7777104294772168,0.9356592445568971,0.03310908804365622,4.208825997588079,6.323773752229239,0.6655560686535307,0.9602547348636231,-0.0127849906079624,0.6506283994130747,0.670932014764882,0.969738192685704,0.997394711861452,0.008921114897926284
/home/iiitn/Datasets/FaceForensics++/manipulated_sequences/Face2Face/c23/videos/160_928.mp4,1,17.65858796383563,22.191474222599812,0.7957374884924099,0.8600353062400948,0.170724429310215,10.704189961337084,17.527812031404363,0.6106974414238652,0.9298818430990042,0.11430429155520173,0.20008731702755866,0.10539620160942682,1.8984300569866315,0.9860494673772008,0.009079217187919271
/home/iiitn/Datasets/FaceForensics++/manipulated_sequences/Face2Face/c23/videos/167_166.mp4,1,41.85668922796658,80.04812284799662,0.5228940759478925,0.9360000568019254,0.0652428044905334,24.650283491507242,48.99512577071826,0.503117057130597,0.9613100718049669,0.045861109214799675,1.1830727332812765,0.8617835828711642,1.3728188338650966,0.9945862763392159,0.0031064406753082553
/home/iiitn/Datasets/FaceForensics++/manipulated_sequences/Face2Face/c23/videos/168_222.mp4,1,30.8597476124709,74.49052570120698,0.414277484579101,0.9412942959661986,0.2796313243598818,18.08462800022716,71.60973901895785,0.2525442523319274,0.9379032190747862,0.23246883327108986,1.6714180220960848,1.4971559357187232,1.1163954149463433,0.9982126133365151,0.05330084333408673
/home/iiitn/Datasets/FaceForensics++/manipulated_sequences/Face2Face/c23/videos/169_227.mp4,1,20.08288141720996,33.71633186250954,0.5956425360595312,0.7723037731289452,0.13675468418879885,13.651032816446781,30.40033405645357,0.4490421977303521,0.8474813493609742,0.12563231593326102,0.44006431622892506,0.23674675718681862,1.8587976513725468,0.9945745090980984,0.019658700217450607
/home/iiitn/Datasets/FaceForensics++/manipulated_sequences/Face2Face/c23/videos/172_582.mp4,1,14.035271972168937,191.2498434361896,0.07338710306893297,0.8986879811816181,0.21238135407492492,7.12154918704791,80.22531302915205,0.08876935368840633,0.9479345068757988,0.17238723254066388,0.993612281403253,0.9928475423559687,1.0007702482150176,0.9934911116437153,0.0205761968699091
/home/iiitn/Datasets/FaceForensics++/manipulated_sequences/Face2Face/c23/videos/162_330.mp4,1,6.6380323344159775,7.70540978793922,0.8614768736642743,0.9454928901401688,0.07881066882580692,5.187253229952237,7.174384908866135,0.7230241053197198,0.9544570084661022,0.09063801459858445,0.4577631018282555,0.31772774350248423,1.4407401027750553,0.9923894065829725,0.010593542465232881
/home/iiitn/Datasets/FaceForensics++/manipulated_sequences/Face2Face/c23/videos/163_031.mp4,1,7.685266780628592,37.785902857692996,0.2033897882385498,0.8216515744399663,0.19095656065549194,4.840790517634968,37.13891403547995,0.1303428127438086,0.8781907327108613,0.15600036276203214,0.3706591446465179,0.2534641698101208,1.4623729457468961,0.993677765239663,0.027042678138305274
/home/iiitn/Datasets/FaceForensics++/manipulated_sequences/Face2Face/c23/videos/175_159.mp4,1,18.527889442984648,17.129255563684836,1.081651760877747,0.8122993099429919,0.12714259620772764,10.801081444404852,16.35660704625781,0.6603497543138696,0.8902761899702801,0.0642643362171469,0.1940487267965517,0.11370172028991815,1.7066472371901118,0.985549022995411,-0.002838357905114054
/home/iiitn/Datasets/FaceForensics++/manipulated_sequences/Face2Face/c23/videos/179_212.mp4,1,8.224187972559301,35.18289315803132,0.23375530646722661,0.9222239545565536,0.21148197013538753,5.1511388347224,19.429886010187445,0.26511420767067617,0.9484181091675475,0.19107523279262634,0.6612717540066814,0.5297007442546944,1.2483874360741394,0.9854074123421211,0.024079149852081042
/home/iiitn/Datasets/FaceForensics++/manipulated_sequences/Face2Face/c23/videos/180_105.mp4,1,72.66276187324398,231.68292623205548,0.31363019733471587,0.9640931604887796,0.4223679429408059,41.071507079268216,132.8558812095973,0.30914331157438646,0.9799383085913854,0.4002832707708181,3.2973238476704014,3.5765554218160225,0.921927234108443,0.9973363068265407,0.21072258523896537
/home/iiitn/Datasets/FaceForensics++/manipulated_sequences/Face2Face/c23/videos/181_199.mp4,1,13.098809889694145,13.764618609944383,0.9516289743204931,0.8623935414844418,0.3861321871747864,8.693414250564564,10.162895275663558,0.8554072451560267,0.9678226772341029,0.32420070490755665,0.7896116751882717,0.6654101940868515,1.1866540101205738,0.9945396803611383,0.07171607422374475
/home/iiitn/Datasets/FaceForensics++/manipulated_sequences/Face2Face/c23/videos/178_598.mp4,1,42.52802873408897,40.91722898167896,1.039367273701043,0.8469459610151004,0.1889915502633433,24.189909027276524,55.38819359911878,0.43673403040285075,0.9054896534267108,0.15319869269710884,0.27528836374133847,0.1429626644260944,1.925596202662065,0.9882254638313718,0.03982725150291224
/home/iiitn/Datasets/FaceForensics++/manipulated_sequences/Face2Face/c23/videos/177_211.mp4,1,10.071440617688394,4.076097127996094,2.470853932433095,0.9358576850811442,0.06798635955621402,7.412530228064999,3.7658150224199782,1.9683734288418602,0.9613955174202754,0.03488176994627741,0.5705222878423734,0.4244699290648859,1.344081756508036,0.9970245366734193,-0.005214063815541892
/home/iiitn/Datasets/FaceForensics++/manipulated_sequences/Face2Face/c23/videos/174_964.mp4,1,45.81636458264018,72.9295189844131,0.6282279825873021,0.9522271427562483,0.31101315208224684,28.30922118919033,51.452069783311835,0.550205682850338,0.9781081224991647,0.3030848273146098,1.343293026597238,1.0383253048727557,1.2937111522692355,0.9968393881467206,0.10077983017937465
/home/iiitn/Datasets/FaceForensics++/manipulated_sequences/Face2Face/c23/videos/173_171.mp4,1,3.3863377418000353,51.972486002595495,0.06515635487651913,0.8378149780922853,0.013140877523495851,2.552268304047264,26.643042502253405,0.09579492671797522,0.9065087232372875,-0.007963100085190893,0.274691535627326,0.2138159326462651,1.2847103217596645,0.993624602484425,-0.0036349046429862146
/home/iiitn/Datasets/FaceForensics++/manipulated_sequences/Face2Face/c23/videos/171_173.mp4,1,3.298833434671046,7.906165383084542,0.4172482201964799,0.8671607151552498,0.03678338101427083,2.176017925344639,5.320002035378757,0.4090257693274957,0.8955792679377964,0.014184484700859633,0.4869701709298466,0.3983387301308186,1.2225026945532524,0.9928778098673701,-0.002549224295001449
/home/iiitn/Datasets/FaceForensics++/manipulated_sequences/Face2Face/c23/videos/185_276.mp4,1,11.814724323632086,118.67342063823448,0.09955661731238234,0.9398183815936214,0.13852376238829525,7.860423084601146,55.72632333669614,0.14105404078264405,0.9436040824659532,0.14434948861651684,0.8089095421087148,0.6292356364996667,1.2855431180098829,0.9773626668263654,0.034952099565470005
/home/iiitn/Datasets/FaceForensics++/manipulated_sequences/Face2Face/c23/videos/182_242.mp4,1,11.294578939924591,16.651723907677052,0.6782828614349881,0.8485052305280142,0.16428277970704877,6.385078072361743,15.142749463456619,0.42165909749551045,0.8913979991787867,0.14464928717151188,0.31024447424150065,0.18166297046025778,1.7078024952221758,0.993292530273583,0.01943039562960018
/home/iiitn/Datasets/FaceForensics++/manipulated_sequences/Face2Face/c23/videos/183_253.mp4,1,4.231256760699417,72.59147019805529,0.058288621915977834,0.9123037274454312,0.005631151570623568,2.5821449894994,44.80513351361335,0.0576305612104661,0.9025603118739515,0.044841388454608035,0.4860676658198834,0.5006795177985784,0.9708159581942928,0.9926398253681489,-0.0062500147826357105
/home/iiitn/Datasets/FaceForensics++/manipulated_sequences/Face2Face/c23/videos/184_205.mp4,1,17.859818158385963,30.47258903672732,0.5860945434226242,0.8851937686971822,0.391410577173766,10.48437472968207,17.382065396667002,0.6031719758511805,0.9253565812657487,0.3649120434041191,0.15267907612604648,0.08278173160043542,1.8443571205176796,0.967844781790495,0.04881043461818641
/home/iiitn/Datasets/FaceForensics++/manipulated_sequences/Face2Face/c23/videos/189_200.mp4,1,35.50566217589621,151.4116721852408,0.2344975236285463,0.9051603725632454,0.12934229174702927,19.366219188885648,123.9619513194166,0.15622712439387237,0.9530410618485124,0.08853039531074991,1.3100160877294647,1.144204232687069,1.144914561846184,0.9918983821157932,0.005625352709774899
/home/iiitn/Datasets/FaceForensics++/manipulated_sequences/Face2Face/c23/videos/194_235.mp4,1,26.48330498985276,67.03363550199599,0.39507487236111777,0.8695720437980666,0.4971297020601264,15.927292879421094,37.60707881888589,0.42351848055325614,0.9617656561567035,0.4753561780266002,1.5489189432302783,1.6014031836137956,0.9672260921418433,0.9973193886683026,0.0775524863543752
/home/iiitn/Datasets/FaceForensics++/manipulated_sequences/Face2Face/c23/videos/170_186.mp4,1,2.869698331432597,0.7558615088857542,3.79659275898694,0.8291865389469046,0.018282950712400246,2.250636047635342,8.897139807587596,0.2529617490910922,0.6315801860955879,0.01594883990467961,4.181078182961178e-27,5.536078252193669e-27,0.0,0.0,0.0
/home/iiitn/Datasets/FaceForensics++/manipulated_sequences/Face2Face/c23/videos/188_191.mp4,1,6.332326561190574,6.944497440617622,0.9118480660894875,0.8813918581855175,0.1408126506196304,3.678455302769041,7.3744603750883755,0.498810098050728,0.9129327609574381,0.13093950328327225,0.3601429537974183,0.26042143018078456,1.382923646289044,0.9931070415018288,-0.009696967026666786
/home/iiitn/Datasets/FaceForensics++/manipulated_sequences/Face2Face/c23/videos/187_234.mp4,1,11.608675975775789,30.27994614121064,0.38337835614497745,0.9433671775406236,0.023065322264235202,6.876108263245622,20.133411144675794,0.3415272361864017,0.953146641841817,-0.0031485423753400063,0.6410858042942956,0.647917476416017,0.989455953311352,0.9934620668870476,-0.011626169887102881
/home/iiitn/Datasets/FaceForensics++/manipulated_sequences/Face2Face/c23/videos/196_310.mp4,1,11.689195424839042,111.57790861363172,0.10476263240706546,0.9388166336450938,0.08749415094271307,7.496463975025471,76.23926717710707,0.09832812214224025,0.9584130063065212,0.08378230213567674,0.825190890704722,0.7504134723733897,1.099648288689205,0.9923144430633813,0.0009998446184311441
/home/iiitn/Datasets/FaceForensics++/manipulated_sequences/Face2Face/c23/videos/192_134.mp4,1,16.262884254152862,14.794900293037728,1.0992222949826804,0.908391090214583,0.17978349153056108,10.570915890365981,8.748443891089158,1.2083195619661145,0.9205887212709901,0.17954829902721328,0.4892687000841616,0.2996609978903462,1.6327406753921236,0.9947602860902207,0.026552280261501447
/home/iiitn/Datasets/FaceForensics++/manipulated_sequences/Face2Face/c23/videos/198_106.mp4,1,13.229203254294475,37.19371750664238,0.3556838127818734,0.9248442484244905,0.6019691022368346,8.57225248682937,65.52763285218423,0.13081889446802492,0.8918694019364063,0.5775488753819037,1.4835352350490272,1.6038628107166133,0.9249763914571826,0.9978111005046074,0.24211578928252808
/home/iiitn/Datasets/FaceForensics++/manipulated_sequences/Face2Face/c23/videos/197_224.mp4,1,68.07501097772825,69.62082701896094,0.977796643512843,0.8834285400750751,0.3035697081733484,35.205288317394384,51.301000660914234,0.6862495441383656,0.9545405786882061,0.2511520088499229,1.0145262729938314,0.6339320845908163,1.6003706038142507,0.9947300832377768,0.0483490274196004
/home/iiitn/Datasets/FaceForensics++/manipulated_sequences/Face2Face/c23/videos/176_190.mp4,1,5.680178461483236,2.707085263832917,2.0982635964117238,0.8864921204915804,0.027233924730720047,5.9147189994185,9.351093936469342,0.6325162638299513,0.8489954979209359,0.014887557911119799,0.4107408307294326,0.37949245502483037,1.082342548029203,0.9972998013040956,-0.002300056214397431
/home/iiitn/Datasets/FaceForensics++/manipulated_sequences/Face2Face/c23/videos/201_203.mp4,1,63.856783123141916,142.1822011992447,0.4491193875501847,0.9563056926558026,0.25438072754055097,33.49623398238813,77.2400350973661,0.433664147616763,0.9825932706451406,0.2072764657742548,2.9288687127600688,3.1974449932430495,0.9160028456938132,0.998079150750396,0.07859460205914617
/home/iiitn/Datasets/FaceForensics++/manipulated_sequences/Face2Face/c23/videos/195_442.mp4,1,8.456578454758445,51.85572049332154,0.16307898866910087,0.8186316563939112,0.02974266813982767,5.42874309927776,45.62070340822343,0.11899735632526863,0.8762589532236582,0.030912133263275444,0.3363544841942163,0.20830188647887496,1.6147452616965516,0.994303988996946,-0.0048144577420279975
/home/iiitn/Datasets/FaceForensics++/manipulated_sequences/Face2Face/c23/videos/200_189.mp4,1,23.37422625986049,81.71053548730123,0.28606135206999245,0.7956056236070217,0.29062778231045366,13.939087327705153,47.97192011788707,0.290567634012793,0.9099713409313771,0.20394747423865373,0.33957720593891444,0.19948335369783718,1.702283421870284,0.9904542129080541,0.020037345247914243
/home/iiitn/Datasets/FaceForensics++/manipulated_sequences/Face2Face/c23/videos/202_348.mp4,1,36.64607601077958,23.465607215983425,1.5616930631063481,0.8146288150721896,0.16652763310119334,20.416514065337488,26.11858806612465,0.781685212602183,0.8878213428378485,0.138583600671,1.3359651923293323,0.7446313133336563,1.794129750397308,0.9919851670132256,0.053628270822574875
/home/iiitn/Datasets/FaceForensics++/manipulated_sequences/Face2Face/c23/videos/203_201.mp4,1,51.72350644120694,31.444963763566317,1.644889999877702,0.9481613750625408,0.09497004069132049,32.8832157644905,28.12353848893174,1.1692417644185127,0.974555087396919,0.07300317742124884,1.4611482678200194,1.0192632066400662,1.4335338098160122,0.992949305317249,0.010900357431440206
/home/iiitn/Datasets/FaceForensics++/manipulated_sequences/Face2Face/c23/videos/199_181.mp4,1,29.8217252074384,84.90608407765605,0.35123189970889623,0.8926789478368944,0.24044216960845324,19.9225672611327,53.59171050333047,0.3717471801892684,0.9379224038945697,0.19488681520853515,0.19828038407816204,0.10757186198224437,1.8432365157989907,0.9770481171977496,0.025381765512486203
/home/iiitn/Datasets/FaceForensics++/manipulated_sequences/Face2Face/c23/videos/204_230.mp4,1,5.430221654276032,13.708680404896478,0.3961155628324708,0.910527755111716,0.023012994288429275,3.6982259677920175,11.642677821965018,0.3176439324650007,0.9433898074157279,0.01911064771700579,0.15493427497703985,0.09543067936236256,1.6235268994443022,0.9722423819779232,-0.0077698815618840586
/home/iiitn/Datasets/FaceForensics++/manipulated_sequences/Face2Face/c23/videos/206_221.mp4,1,46.92393867884681,40.6810775317635,1.153458598588224,0.742639882360105,0.22417401410382445,28.75939576553326,46.77112000471709,0.614896452396965,0.8709334238330465,0.13364111462189115,0.22443226340130895,0.115084704298556,1.950148499483306,0.9807765546319712,0.008207231423955897
/home/iiitn/Datasets/FaceForensics++/manipulated_sequences/Face2Face/c23/videos/208_215.mp4,1,6.209774762899268,29.13402051333573,0.21314513594362375,0.9585000571671355,0.37931685114693314,4.3547092231182924,15.869066524190659,0.2744149579611387,0.9709412294545041,0.40074157131536897,0.9891072380867186,1.005891215504769,0.9833143215097788,0.9956487241213337,0.06149953013619689
/home/iiitn/Datasets/FaceForensics++/manipulated_sequences/Face2Face/c23/videos/191_188.mp4,1,5.2615982950833695,23.085173028815557,0.2279211114647352,0.8447554066028452,0.09396684931610262,3.799442314145637,22.67557810232617,0.16755657990284586,0.9054289655186546,0.0907700151471094,0.3908395980292352,0.2781485115501432,1.4051471850453408,0.9956110925724445,0.019313087419602276
/home/iiitn/Datasets/FaceForensics++/manipulated_sequences/Face2Face/c23/videos/190_176.mp4,1,1.239871336943331,0.3860279107742944,3.21186966625392,0.7854430733196623,0.024444720337024498,1.0541442703569543,7.698163376620148,0.13693451525833591,0.6528785793647471,0.01200920304385717,0.024284001218926505,0.013308995279023426,1.824630688478867,0.9738558152396445,-0.0013687449461057721
/home/iiitn/Datasets/FaceForensics++/manipulated_sequences/Face2Face/c23/videos/209_016.mp4,1,10.510960686838052,122.0968166395697,0.08608709855119688,0.9138475594029547,0.258136603000836,6.072754233922571,62.2373057668772,0.09757418254365537,0.9605594409877298,0.22524197613032707,1.8148747537789358,3.1947343198513596,0.5680831556169516,0.9964792881456724,0.05259616264043005
/home/iiitn/Datasets/FaceForensics++/manipulated_sequences/Face2Face/c23/videos/205_184.mp4,1,11.215036080165504,29.090236653569548,0.3855257766969507,0.9323828420328782,0.10402394095777318,7.2678546688898065,19.2975668978907,0.37662026033365953,0.9695676709336783,0.08098835725209692,1.4957705400500505,1.7214961906221167,0.8688782166340472,0.9977333223426563,0.0002929182696740555
/home/iiitn/Datasets/FaceForensics++/manipulated_sequences/Face2Face/c23/videos/186_170.mp4,1,15.636902978550674,17.958284429260278,0.8707347876210677,0.9158437601576969,0.019386857331253254,7.911184431792248,12.741184248781929,0.6209143732105252,0.9137930256753485,-0.0035052990770327273,0.5103068580289758,0.4506480212580766,1.132384552814299,0.9856830446051119,0.010852545423574961
/home/iiitn/Datasets/FaceForensics++/manipulated_sequences/Face2Face/c23/videos/193_030.mp4,1,2.187438128648138,1.3784770974469047,1.5868512670246901,0.8924949919244428,0.004148622842541792,1.6791573388845746,4.5646618946833275,0.36786017839357754,0.8500333083447881,0.01281754585472356,0.29134995229567456,0.2483546583388463,1.1731205456116995,0.9946070626129342,0.0027004449676124903
/home/iiitn/Datasets/FaceForensics++/manipulated_sequences/Face2Face/c23/videos/210_241.mp4,1,2.736814144225837,178.1662412025067,0.015361014105445086,0.9462868350003376,0.34966069190247756,1.9606937693879383,90.79156898593287,0.021595548918112932,0.9361026289852697,0.3086659703009381,0.8859703367049828,1.5934477212088634,0.5560084117681907,0.9934545918581869,0.10058292035678482
/home/iiitn/Datasets/FaceForensics++/manipulated_sequences/Face2Face/c23/videos/214_255.mp4,1,15.184106561993232,19.912518679041135,0.7625407316240321,0.8502361521645229,0.04195507931480624,14.411843301887734,33.978051910616166,0.4241515475872491,0.8900375056998479,0.022021548496548523,0.23698340413720695,0.12618074014328726,1.8781265973562633,0.9808583855617686,0.004467519952353452
/home/iiitn/Datasets/FaceForensics++/manipulated_sequences/Face2Face/c23/videos/215_208.mp4,1,14.224574155348387,41.51306343129527,0.3426529622149005,0.8875846252153842,0.6222506007017555,10.181204041013222,34.035379306788165,0.2991359064707893,0.9391760347519961,0.5900578603466349,0.6956118613100896,0.492741376210396,1.4117179820780257,0.9939482450516421,0.11332055048334708
/home/iiitn/Datasets/FaceForensics++/manipulated_sequences/Face2Face/c23/videos/220_219.mp4,1,10.850988503520256,41.37703031941878,0.2622466721210716,0.9287631907615529,0.5023010218279088,7.539079671768886,34.69544741727796,0.21729305234480145,0.9530622767672355,0.4324671035052318,0.8081722082996795,0.7592057096329553,1.0644970105538294,0.9949696579402408,0.09372380630171949
/home/iiitn/Datasets/FaceForensics++/manipulated_sequences/Face2Face/c23/videos/218_239.mp4,1,2.834420353110225,23.78264422396386,0.1191802024374652,0.9177797856580336,0.11994460384204429,1.665169735391185,18.148182190091614,0.09175407861511992,0.9227279649514474,0.1155112366472595,0.6069839462855849,0.7350127395468206,0.8258141847443718,0.9966351011416305,0.02271060919330401
/home/iiitn/Datasets/FaceForensics++/manipulated_sequences/Face2Face/c23/videos/211_177.mp4,1,12.447850135467723,33.28242781229811,0.3740066742026598,0.9597706061684889,0.14451887381817877,8.138130741676134,27.817968452432194,0.2925494273815167,0.9714558832033172,0.09306881889260682,0.6715067328192328,0.6835841073561547,0.982332277174154,0.998021859491486,0.020985033017767756
/home/iiitn/Datasets/FaceForensics++/manipulated_sequences/Face2Face/c23/videos/216_164.mp4,1,17.763266391661766,22.605664623804913,0.7857882830375243,0.9145134318053283,0.03421349348072598,9.768511593318099,13.709702107065288,0.7125254449025483,0.9668617052500794,0.012750450540668258,1.0117905129977736,0.953256266781703,1.0614045228505955,0.9978887445885166,-0.0023809048221254164
/home/iiitn/Datasets/FaceForensics++/manipulated_sequences/Face2Face/c23/videos/221_206.mp4,1,0.0,0.0,0.0,0.0,0.0,0.0,0.0,0.0,0.0,0.0,0.0,0.0,0.0,0.0,0.0
/home/iiitn/Datasets/FaceForensics++/manipulated_sequences/Face2Face/c23/videos/212_179.mp4,1,14.28899009953053,120.45655862720594,0.11862359561302678,0.9270581356412885,0.11811390979569547,9.876430643574276,67.01899314985342,0.14736763683528836,0.9552559753297283,0.124123057775182,1.097125555616341,0.9306492424961861,1.1788819090140046,0.992188449830554,0.03601941088970868
/home/iiitn/Datasets/FaceForensics++/manipulated_sequences/Face2Face/c23/videos/213_083.mp4,1,3.605357067272149,3.8957024338271453,0.9254703429004559,0.9324250284068826,0.08275957689194614,2.424192979685532,2.691081886531112,0.900824680147653,0.9323347041124466,0.03013186538280151,0.30097518159096065,0.21859520656533793,1.3768608485062979,0.988767742315045,-0.0031676676445825626
/home/iiitn/Datasets/FaceForensics++/manipulated_sequences/Face2Face/c23/videos/219_220.mp4,1,12.314759463591093,60.04789558528876,0.20508228212760396,0.8399230624700881,0.12551389872310792,7.8285645004701365,60.64022299530664,0.12909854406498542,0.9267153672760221,0.08670482046178055,0.5004751517544643,0.3358168756553553,1.4903216247777131,0.9947225347626693,0.0015203361673986145
/home/iiitn/Datasets/FaceForensics++/manipulated_sequences/Face2Face/c23/videos/222_168.mp4,1,20.641434682491067,39.40576603417179,0.52381762264414,0.9473528997597856,0.20853936034035228,13.08650774560443,40.627386542677726,0.3221104988345112,0.9349633631143194,0.1846740602021975,1.225029361139217,0.9355251783090482,1.3094563241509378,0.9968828096814303,0.013085093261984839
/home/iiitn/Datasets/FaceForensics++/manipulated_sequences/Face2Face/c23/videos/228_289.mp4,1,18.875723141290603,76.33058040465296,0.2472891342005304,0.9293552339843686,0.2213558635398834,9.42275446995638,35.80967112612469,0.2631343481700416,0.9504698695072484,0.16867351623901095,1.003262679421199,0.9740961468148382,1.0299421496550738,0.9880274840326223,0.04135774374366259
/home/iiitn/Datasets/FaceForensics++/manipulated_sequences/Face2Face/c23/videos/224_197.mp4,1,45.96781664929944,60.55391860101329,0.7591220801444587,0.9336759685488927,0.22491916443046622,24.918976846821664,40.895453135764555,0.609333677367402,0.9692885056162277,0.2081651233640361,2.5852897636742993,2.4334332725987435,1.0624042141551648,0.9969080988344708,0.06017355153462014
/home/iiitn/Datasets/FaceForensics++/manipulated_sequences/Face2Face/c23/videos/229_247.mp4,1,13.46975625163065,41.70274809092226,0.3229944516429292,0.8540915204347698,0.14442134326938907,8.176248228836128,22.468885557644455,0.36389202338762067,0.8856858693275779,0.14387747098172846,0.48403175106337715,0.28780858667715936,1.6817835654303297,0.9851593420110243,0.01723781034426292
/home/iiitn/Datasets/FaceForensics++/manipulated_sequences/Face2Face/c23/videos/231_663.mp4,1,23.119192493882366,14.518678991521986,1.592375760038675,0.8728228753062229,0.4249986700577599,17.14456189583965,35.63706331091203,0.48108795458996206,0.883697006372187,0.43522919090985335,0.2633913674745964,0.13606783254602092,1.9357357469886356,0.9878936454744854,0.11536930049980074
/home/iiitn/Datasets/FaceForensics++/manipulated_sequences/Face2Face/c23/videos/225_151.mp4,1,11.951645423896622,53.84169701684476,0.2219775023093619,0.9067142162553358,0.004020954901023677,6.626205989838077,45.293282503104344,0.14629555694895652,0.9292718980646594,0.01895911176478659,0.41866427710225773,0.2982679512717908,1.4036515667107599,0.993730306405601,0.003890442066945881
/home/iiitn/Datasets/FaceForensics++/manipulated_sequences/Face2Face/c23/videos/232_248.mp4,1,24.165178898799354,5.599563942907056,4.3155465577653205,0.9105864022116043,0.21064062616230697,14.964788916533978,5.435595218426303,2.7531095151832403,0.9430862710461922,0.1882033382565472,0.6596185835137441,0.3730923738493345,1.767976591716981,0.9954825879851938,0.023000701403623907
/home/iiitn/Datasets/FaceForensics++/manipulated_sequences/Face2Face/c23/videos/226_491.mp4,1,2.2826621233206987,19.563812339743965,0.11667777648242215,0.7679966029429762,0.04130607321371711,1.5519924373037302,14.177694436669055,0.10946719470054818,0.828310275305897,0.04894079203085948,0.05423297399598054,0.0314903103755698,1.722211478679312,0.9817378567764452,-0.0058426649944871515
/home/iiitn/Datasets/FaceForensics++/manipulated_sequences/Face2Face/c23/videos/207_908.mp4,1,7.398856260116272,85.762053835193,0.08627191081890934,0.6924236205635196,0.03039224559593506,5.235760279132701,56.78015068075867,0.09221110223131135,0.852638690741428,0.03308859630889518,3.879459419428714e-27,4.4764555034876564e-27,0.0,0.0,0.0
/home/iiitn/Datasets/FaceForensics++/manipulated_sequences/Face2Face/c23/videos/227_169.mp4,1,85.60751945159126,16.068041771995862,5.327812851519472,0.8684787377886334,0.10314299881842856,42.788168794613085,14.217347295335918,3.0095747051666937,0.9167763541430295,0.06670467552202092,0.6084156907410233,0.30944614715612445,1.9661440167618573,0.9915983052654838,0.0024928372716479744
/home/iiitn/Datasets/FaceForensics++/manipulated_sequences/Face2Face/c23/videos/230_204.mp4,1,7.306765926266024,134.17868143277303,0.054455490605837424,0.801607107577694,0.04398564204668744,4.123451427457337,72.78432756372132,0.05665301261246568,0.8671537266941677,0.044144057827272806,0.5371425634689925,0.4359838802462522,1.2320239068600516,0.9913007172327605,-0.002971768633810246
/home/iiitn/Datasets/FaceForensics++/manipulated_sequences/Face2Face/c23/videos/236_237.mp4,1,35.21251442904128,311.663646013584,0.11298242473716849,0.9622660229346645,0.07456362299093866,19.850279392435866,170.11920449366679,0.11668452983610592,0.9733333361823301,0.07776373799090801,1.605911295225156,1.4868058740720518,1.0801082530208865,0.9955697355853164,0.04299461572621468
/home/iiitn/Datasets/FaceForensics++/manipulated_sequences/Face2Face/c23/videos/233_995.mp4,1,53.07323527708347,49.273466758906906,1.0771159158897563,0.8795904796980336,0.3195373271890474,34.99820759777675,54.47713763856251,0.6424384450955938,0.9623284541152561,0.24768265568194853,0.8254273697692517,0.49977994126024256,1.6515816294824843,0.9922150672260589,0.09481302615038056
/home/iiitn/Datasets/FaceForensics++/manipulated_sequences/Face2Face/c23/videos/239_218.mp4,1,17.57115589974586,11.09345796619424,1.5839205370671163,0.9393988217837702,0.10572791892242867,10.997710149326185,11.164804357162506,0.9850338436312029,0.9661089631910188,0.0793476211368339,0.8843879199153012,0.6142929660108138,1.4396842693128489,0.997264304274206,0.01041593591198061
/home/iiitn/Datasets/FaceForensics++/manipulated_sequences/Face2Face/c23/videos/238_282.mp4,1,54.58058365606718,28.650589286090394,1.9050422701974081,0.8276581719198894,0.4089170046711715,31.748921001578072,20.700062913240494,1.5337596380574445,0.9049161944456792,0.3643279587294076,0.6852564666961047,0.3570463377272402,1.9192367888663107,0.9949161341620604,0.09804793762426767
/home/iiitn/Datasets/FaceForensics++/manipulated_sequences/Face2Face/c23/videos/237_236.mp4,1,0.0,0.0,0.0,0.0,0.0,0.0,0.0,0.0,0.0,0.0,0.0,0.0,0.0,0.0,0.0
/home/iiitn/Datasets/FaceForensics++/manipulated_sequences/Face2Face/c23/videos/235_194.mp4,1,24.695407687983813,265.8802072254637,0.09288170768966776,0.9634487507796573,0.1719867720598268,16.9369322479952,130.8760425070374,0.1294120140214698,0.9755992990256087,0.14649653478972474,2.3177246219088636,3.4872437578312874,0.6646293700301162,0.9950648623423538,0.058164569991843704
/home/iiitn/Datasets/FaceForensics++/manipulated_sequences/Face2Face/c23/videos/240_290.mp4,1,39.13775529464427,199.23182479267282,0.19644329080141842,0.914861165889873,0.16812297151418926,22.160030575588248,109.2393165964035,0.20285764563559916,0.9691739071534989,0.12821808218809497,2.634342364959972,3.3729035083504555,0.781031048898377,0.997934024173218,0.027398394856085712
/home/iiitn/Datasets/FaceForensics++/manipulated_sequences/Face2Face/c23/videos/242_182.mp4,1,45.66390678327804,29.444058627451227,1.550869985726246,0.9442946177321877,0.05987554346858386,22.659990921772003,22.203723820224084,1.0205491252387282,0.9443162548592549,0.01895499077772931,0.29997655483157953,0.16467889384795922,1.8215847084115995,0.9847815762832489,0.006701628594114955
/home/iiitn/Datasets/FaceForensics++/manipulated_sequences/Face2Face/c23/videos/217_117.mp4,1,6.073429118562998,8.703189399995582,0.6978394746374336,0.9241320184654075,0.01217620456587614,4.136052431557511,13.0362346610533,0.31727354862016016,0.9314325543210265,-0.0007598171572966571,0.2393037060447596,0.19278163151710329,1.2413200581484287,0.9935837396425065,-0.006423174419928312
/home/iiitn/Datasets/FaceForensics++/manipulated_sequences/Face2Face/c23/videos/245_157.mp4,1,69.97027008496636,126.60033659980553,0.5526862879215586,0.9448393056913732,0.28120397426007976,35.01226647806593,83.63189161696825,0.4186473102679675,0.978303993078193,0.24264156708582807,2.9356951495795727,2.5910265555026633,1.1330239527437198,0.9974811406540297,0.10054280754116585
/home/iiitn/Datasets/FaceForensics++/manipulated_sequences/Face2Face/c23/videos/223_586.mp4,1,7.715697557292906,1.2773437153435043,6.040423939626926,0.8490725091054573,0.014385011002855065,4.775354617472444,3.722016816661869,1.2830018919031303,0.8021977105839313,0.04089427448781282,0.3509725769161374,0.24866350558665432,1.4114358119745498,0.9969872180697368,0.008468771918520758
/home/iiitn/Datasets/FaceForensics++/manipulated_sequences/Face2Face/c23/videos/247_229.mp4,1,53.98005992112991,26.674128980061052,2.023685945339774,0.8671107507654073,0.046027128962667474,30.694811917733833,26.202653117658325,1.1714390821381435,0.9335252661651662,0.03220914739193304,0.5401988782343502,0.32456058782209457,1.6644007267156422,0.9946602110884442,-0.0049418275612200515
/home/iiitn/Datasets/FaceForensics++/manipulated_sequences/Face2Face/c23/videos/241_210.mp4,1,9.730636012247489,102.72100709686299,0.09472878320859701,0.8943118023269264,-0.008837808669553304,6.223443243750797,52.57998449428012,0.11836145072328445,0.9368929670472387,0.004578030206308155,0.8204664636521043,0.9938430594046332,0.8255493217848792,0.9962969210882259,0.00015121643723249072
/home/iiitn/Datasets/FaceForensics++/manipulated_sequences/Face2Face/c23/videos/234_187.mp4,1,3.581147000908578,44.964193796025505,0.07964441700331619,0.7843489468900776,0.07768986774277639,3.4221489093434485,21.26708630484465,0.1609129177495218,0.9118426195884318,0.02340133398955937,2.774303178826608e-27,7.94086622660138e-27,0.0,0.0,0.0
/home/iiitn/Datasets/FaceForensics++/manipulated_sequences/Face2Face/c23/videos/249_280.mp4,1,22.968311420731556,18.177822121026114,1.2635348320503328,0.9537610488847988,0.10538892009938343,17.336626027960662,12.791979954124718,1.355273076578778,0.9656173438492207,0.09258773421777027,1.059354111669489,0.845187467802825,1.2533954324043848,0.9967730461142318,0.001340317777081623
/home/iiitn/Datasets/FaceForensics++/manipulated_sequences/Face2Face/c23/videos/243_156.mp4,1,6.688559572524674,8.279412800496148,0.8078543410861043,0.8338163137893377,0.17076670392722573,4.69964972965844,5.155546755734087,0.9115715465932706,0.8885592103864991,0.18589592388244322,0.35657736841352555,0.18945384571422103,1.8821331763906215,0.9810075075960163,0.014069710028097109
/home/iiitn/Datasets/FaceForensics++/manipulated_sequences/Face2Face/c23/videos/252_266.mp4,1,25.74196258973231,126.08182549948663,0.20416870145838048,0.9249668240409014,0.1941396812332663,16.52401422478112,69.94577801696211,0.23624033777669876,0.9606911320779754,0.1850473847275124,1.588461819951916,1.35823387893807,1.1695053735471899,0.993724192005437,0.011007906680553648
/home/iiitn/Datasets/FaceForensics++/manipulated_sequences/Face2Face/c23/videos/246_258.mp4,1,7.7564842239772025,32.23022270902008,0.24065872252897716,0.892067129879074,0.10969261227393842,5.2677066232607075,27.6429184144493,0.19056260790854887,0.916889402378251,0.07092316700606248,0.48263060871156965,0.362734966218984,1.3305323546343872,0.9960881317698943,0.01958959157451836
/home/iiitn/Datasets/FaceForensics++/manipulated_sequences/Face2Face/c23/videos/254_261.mp4,1,0.0,0.0,0.0,0.0,0.0,0.0,0.0,0.0,0.0,0.0,0.0,0.0,0.0,0.0,0.0
/home/iiitn/Datasets/FaceForensics++/manipulated_sequences/Face2Face/c23/videos/248_232.mp4,1,26.51408836212703,92.22971570919532,0.287478803965169,0.8762360540729875,0.12892336996793088,14.72301023876303,74.70414091785675,0.19708425875551092,0.951379385549747,0.11266350931094044,0.40999263350978726,0.279412986798998,1.467335638929069,0.9942060300738887,0.003018511236650906
/home/iiitn/Datasets/FaceForensics++/manipulated_sequences/Face2Face/c23/videos/253_183.mp4,1,4.006215015928022,15.98594808299058,0.2506085341407262,0.8637672872962474,0.14991002595885958,2.7829502138900986,15.00635250560947,0.18545147549011753,0.8695435515713436,0.12143519848999067,3.090983195846493e-27,4.4544602697489625e-27,0.0,0.0,0.0
/home/iiitn/Datasets/FaceForensics++/manipulated_sequences/Face2Face/c23/videos/260_331.mp4,1,6.1290535392558265,48.871263040182704,0.12541221891925372,0.8696133197323958,0.04656222918204156,5.428373972950971,37.53233581441115,0.14463192484989593,0.9067833706451044,0.02658812875268244,0.31033069696981036,0.1834624545138679,1.6915215584142995,0.976459346485588,0.007081216907945306
/home/iiitn/Datasets/FaceForensics++/manipulated_sequences/Face2Face/c23/videos/250_461.mp4,1,8.333983387454081,14.115093632103461,0.5904306131203562,0.8687005290728047,0.14215022767051919,5.8120110500649345,8.64369238543841,0.6723991080312084,0.9371477808862535,0.09826382896820465,0.39673240648607405,0.2813553753887487,1.4100758016011206,0.992619820749748,0.014266768558603734
/home/iiitn/Datasets/FaceForensics++/manipulated_sequences/Face2Face/c23/videos/259_345.mp4,1,25.256534958560568,46.846686400209705,0.5391317273284778,0.9065501351424675,0.32500316574370036,13.65340923418671,47.95606860253364,0.2847065998538789,0.9422729532404853,0.27758112218261566,1.6037320873899317,1.2618898748932568,1.2708970246120657,0.9950569823824132,0.10558398592042496
/home/iiitn/Datasets/FaceForensics++/manipulated_sequences/Face2Face/c23/videos/261_254.mp4,1,57.16487682670942,108.2623174711091,0.5280219208494631,0.8922468152744992,0.3136292523132367,32.48662443971435,61.653287357976694,0.5269244485064953,0.9545375876592649,0.29496381170242947,1.1369587810793529,0.8136455088197551,1.3973638012561322,0.9753613215148427,0.0972713681082465
/home/iiitn/Datasets/FaceForensics++/manipulated_sequences/Face2Face/c23/videos/255_214.mp4,1,9.202493851048915,3.8539456991664376,2.387810978509455,0.962963442470017,0.030562864903393525,6.442885217952287,3.0587626882880823,2.1063697561834123,0.9543982151032413,0.010134335216987677,0.28156400048006697,0.175991261057539,1.5998748959927718,0.991502143800162,-0.0022646066967365224
/home/iiitn/Datasets/FaceForensics++/manipulated_sequences/Face2Face/c23/videos/262_301.mp4,1,39.240488038257375,54.16909541651527,0.7244072978610899,0.8043485209326892,0.23743965915525161,22.12726009619814,36.674568759370395,0.6033407029644922,0.9289295229901988,0.15188575278291094,1.3028879124154875,0.9536559821973457,1.3662032606490515,0.9963903345996462,0.012247810605640607
/home/iiitn/Datasets/FaceForensics++/manipulated_sequences/Face2Face/c23/videos/257_420.mp4,1,41.32451006503877,49.73011961056,0.8309754810294819,0.8784139494017337,0.39382054025520985,23.273336043560857,33.3910923647963,0.6969923532090722,0.9439868291166124,0.36841188011610115,0.8864074380076978,0.5602936042110553,1.582040971636363,0.9932349879970453,0.12204320496146318
/home/iiitn/Datasets/FaceForensics++/manipulated_sequences/Face2Face/c23/videos/244_822.mp4,1,7.617696555255492,29.989605952832097,0.2540112253304251,0.9200011945189406,0.07655132616617417,5.178868239305083,33.78912842064874,0.15327025233773847,0.9162118951183391,0.057068043494411434,2.30983878284221e-27,2.87081917694836e-27,0.0,0.0,0.0
/home/iiitn/Datasets/FaceForensics++/manipulated_sequences/Face2Face/c23/videos/258_246.mp4,1,14.414283634098966,101.45378189799862,0.1420773416666818,0.8873515160590654,0.15916934577536737,10.34475430982644,75.51725349338186,0.136985309068914,0.9412461912777564,0.13429311665897445,0.6753808247081875,0.5523648302392877,1.2227078693906137,0.9947329250521593,0.0019808728543277004
/home/iiitn/Datasets/FaceForensics++/manipulated_sequences/Face2Face/c23/videos/268_269.mp4,1,32.71998631403136,66.63473304822436,0.49103500257668187,0.9266257995528943,0.2627976688798705,16.099054821340918,47.88789549678824,0.33618213233907207,0.9619292935109526,0.2165438545690818,1.2533873043170336,0.9098992662426255,1.3775011705337683,0.9950238573196151,0.08173912690642117
/home/iiitn/Datasets/FaceForensics++/manipulated_sequences/Face2Face/c23/videos/256_146.mp4,1,6.217324136114089,3.4961290623819714,1.7783451426355874,0.9180522844446047,0.08201999099551097,5.1559409367975375,2.7484009917501133,1.8759784151854648,0.8983624978301945,0.0720250693261072,0.004323057861409557,0.0022581098023062712,1.9144586578537042,0.9720460008104664,0.006946986166944227
/home/iiitn/Datasets/FaceForensics++/manipulated_sequences/Face2Face/c23/videos/264_271.mp4,1,67.0741298985966,158.3496075938516,0.42358254572145176,0.8801269316446158,0.29705974556993675,37.7675872153063,99.28940839009856,0.3803788120775287,0.9722282389138925,0.2259060453878772,1.0853180175672437,0.8118935013864738,1.3367738696194043,0.9933751307654076,0.0557340947805045
/home/iiitn/Datasets/FaceForensics++/manipulated_sequences/Face2Face/c23/videos/270_297.mp4,1,28.59764779106479,31.643316666994764,0.9037500111640723,0.8433282225084339,0.2916116948314179,16.315985102657688,27.029086285062043,0.6036454555134155,0.9193079538387667,0.22733788914516967,0.6290478747822004,0.36587878068646656,1.7192794662810795,0.991391650477852,0.08569280377412518
/home/iiitn/Datasets/FaceForensics++/manipulated_sequences/Face2Face/c23/videos/266_252.mp4,1,6.719820554851448,33.010552897194444,0.20356582865422296,0.9073476362119911,0.3184496307522321,4.545078987420589,24.762683657561453,0.18354549330248857,0.940054574492267,0.3138574827558997,0.8230781853433821,0.8587550650752696,0.9584551158032932,0.9955537243734028,0.0877946221281752
/home/iiitn/Datasets/FaceForensics++/manipulated_sequences/Face2Face/c23/videos/271_264.mp4,1,79.39593828912162,186.89364290949956,0.4248188277199343,0.9519104996074154,0.4411834790008996,50.188205014437045,106.76980093097342,0.47005992871414715,0.9709709603870668,0.40930727927013544,2.6575820806557195,1.965975219991254,1.3517881881886296,0.9939269002215797,0.1048500801090346
/home/iiitn/Datasets/FaceForensics++/manipulated_sequences/Face2Face/c23/videos/263_284.mp4,1,2.4834201548474106,20.442406059626936,0.12148375037672703,0.8325988337031655,0.002989739050124798,2.462075479718818,26.665647628080738,0.09233135883510608,0.8581320872803483,0.0420535089255711,0.2483405309135975,0.2002569333135852,1.2401095273176759,0.9931201238521664,0.0009859716202440577
/home/iiitn/Datasets/FaceForensics++/manipulated_sequences/Face2Face/c23/videos/251_375.mp4,1,7.978455071145312,3.816186640531227,2.090687857456228,0.8730318620492912,0.10267602583414263,5.464811946638531,6.740771836754043,0.8107101202924059,0.808184521580627,0.07324695330271427,0.2785722566621858,0.17268250808919192,1.6132048332208668,0.995921689731636,0.002164092801471705
/home/iiitn/Datasets/FaceForensics++/manipulated_sequences/Face2Face/c23/videos/275_887.mp4,1,7.819646147357872,1.167867625791593,6.695661370061212,0.9092247573632536,0.1441326659209109,7.907463894963229,1.8333326783038224,4.313163665570572,0.9006487999871607,0.07694318157603326,0.4205233348170283,0.22400059473076714,1.8773313317425233,0.987840266074933,-0.005604368188095819
/home/iiitn/Datasets/FaceForensics++/manipulated_sequences/Face2Face/c23/videos/269_268.mp4,1,42.434029136625014,124.95929323744701,0.33958281963064635,0.9141085229477092,0.03953910128635185,25.407235919370336,89.1870115652672,0.2848759642627703,0.9533321743678034,0.00693192994416803,1.2882091874026755,1.075868144851597,1.197367162107368,0.9876282101011457,0.007470873975286288
/home/iiitn/Datasets/FaceForensics++/manipulated_sequences/Face2Face/c23/videos/267_286.mp4,1,13.796875773562371,52.48201995405884,0.262887666778827,0.8682869470230807,0.03773581970608849,8.868415869569283,29.388938725509387,0.3017603307284983,0.9158773096109537,0.018652640173459505,0.017248769064647864,0.009108093243249864,1.893784857487177,0.9810637452461303,0.0028761865906263727
/home/iiitn/Datasets/FaceForensics++/manipulated_sequences/Face2Face/c23/videos/276_185.mp4,1,3.9343605209387227,51.91897677551626,0.07577885323029078,0.8457639958761671,0.2682417990613804,3.099018085350977,24.54842680872322,0.12624100556414267,0.8994056576623409,0.2658987013021708,0.5917222711340241,0.5020823217018973,1.178536358596089,0.9936024284844335,0.02537219037084733
/home/iiitn/Datasets/FaceForensics++/manipulated_sequences/Face2Face/c23/videos/281_474.mp4,1,0.0,0.0,0.0,0.0,0.0,0.0,0.0,0.0,0.0,0.0,0.0,0.0,0.0,0.0,0.0
/home/iiitn/Datasets/FaceForensics++/manipulated_sequences/Face2Face/c23/videos/278_306.mp4,1,52.859906633560854,112.90413082619966,0.4681839915576817,0.9255725225244008,0.2296755458773892,28.13627775569381,76.46086135480603,0.3679827464293309,0.9660899248323306,0.16263030303064657,1.2664477983490936,0.8212063498814485,1.5421797438998388,0.9943515849423333,0.020739943380433074
/home/iiitn/Datasets/FaceForensics++/manipulated_sequences/Face2Face/c23/videos/279_298.mp4,1,73.1300455465652,161.24539138159864,0.4535326245293905,0.9263102713268682,0.13154342179944573,41.41489117442913,143.88833018327173,0.28782661611041455,0.9645258533638177,0.10750920240898748,2.943025211172727,2.732517384136641,1.0770380559180222,0.992548708079921,0.03722057674006428
/home/iiitn/Datasets/FaceForensics++/manipulated_sequences/Face2Face/c23/videos/280_249.mp4,1,4.66307486100156,6.839940841540937,0.6817419871062859,0.8466323460011811,0.048055448717814864,3.6225008166854367,15.301945213249311,0.2367346612605086,0.7986729950121911,0.031679168712065164,0.11633118313873987,0.0627993069711636,1.8524278172712516,0.9713163789292617,0.015128113991351493
/home/iiitn/Datasets/FaceForensics++/manipulated_sequences/Face2Face/c23/videos/272_396.mp4,1,16.399709639046193,21.789570572950833,0.7526403324076744,0.8716775810160463,0.03387406778650191,11.777175823901771,29.952186504232515,0.39319920174233525,0.8947053192478297,0.023402598578291574,0.4756717794669038,0.2847229260004395,1.6706479739751252,0.9924426329620583,0.00812117211002305
/home/iiitn/Datasets/FaceForensics++/manipulated_sequences/Face2Face/c23/videos/283_313.mp4,1,5.044180261058713,39.12261899636201,0.12893258146975714,0.8017300260818431,0.25768592896931786,3.27228632301876,29.46845339659778,0.11104370762113207,0.8713019618917883,0.24166935393572422,0.36772629152668707,0.2518655677019553,1.4600101748002148,0.9952348239526391,0.01965356993031465
/home/iiitn/Datasets/FaceForensics++/manipulated_sequences/Face2Face/c23/videos/277_335.mp4,1,3.2929984232858573,12.140836115296105,0.27123324884824407,0.9099019718840342,0.06500340581701189,2.1139362798169543,12.832865420471864,0.16472831363482227,0.9105252311564506,0.08664971567581634,0.5389050856722141,0.5849592831554963,0.9212693963332831,0.9972979258026843,-0.00266831474134691
/home/iiitn/Datasets/FaceForensics++/manipulated_sequences/Face2Face/c23/videos/274_412.mp4,1,12.608857900218004,44.62675886444711,0.2825403014034059,0.8427526529389668,0.09180062094515756,7.782061665651206,43.065460764144085,0.18070308612906982,0.9001721653749527,0.072858668686363,0.7547802567993411,0.5571491623077236,1.3547184629570748,0.9933440771448848,0.027261069585261654
/home/iiitn/Datasets/FaceForensics++/manipulated_sequences/Face2Face/c23/videos/282_238.mp4,1,71.90070210590773,112.58320310261591,0.6386450209661613,0.9170640236620651,0.3964088815868219,36.83787247738271,69.81996519735576,0.5276123007689189,0.9729986810337273,0.3249844485820702,1.5355748570686192,1.0853031635320562,1.4148810292519372,0.9938392611958474,0.08768005964878825
/home/iiitn/Datasets/FaceForensics++/manipulated_sequences/Face2Face/c23/videos/273_807.mp4,1,4.25964982651415,66.91874412006186,0.06365406109343183,0.800403615331304,0.014547264425119333,2.602746287146392,56.93708280905901,0.04571267368710854,0.8498028315079785,0.005863066151036103,0.27583965081601475,0.19452613552031406,1.4180081770411217,0.9906043984232262,0.009024558464253582
/home/iiitn/Datasets/FaceForensics++/manipulated_sequences/Face2Face/c23/videos/288_321.mp4,1,29.38495561024349,52.787992805417936,0.5566598396449646,0.8871890995457637,0.32670709012654425,21.790532730223877,34.917302513544676,0.6240611720155407,0.9681184269099029,0.2877437831318237,0.42423438987155615,0.254637778596324,1.6660308309714433,0.9920422000352681,0.05504874524033165
/home/iiitn/Datasets/FaceForensics++/manipulated_sequences/Face2Face/c23/videos/265_475.mp4,1,0.8449875154593679,2.002929491503979,0.4218758169189848,0.7548119772212946,-0.006107719897482692,0.6207568304353546,15.495912417791358,0.040059392031839544,0.5948595821709898,-0.002484881260347245,0.024936205945617556,0.014836581246839441,1.680724523442999,0.9879129792292719,0.001210705441079139
/home/iiitn/Datasets/FaceForensics++/manipulated_sequences/Face2Face/c23/videos/289_228.mp4,1,11.659044671723663,83.85911288627581,0.1390313380435456,0.8250659620162105,0.3230172816938026,6.9253285358975765,58.811906456267,0.11775385212256816,0.948039477256664,0.31742398433946534,0.4286311204015482,0.3504402323523477,1.2231218930667298,0.9886458371450958,0.06321181108734841
/home/iiitn/Datasets/FaceForensics++/manipulated_sequences/Face2Face/c23/videos/293_296.mp4,1,11.063843969107037,56.12684847790489,0.1971221308365901,0.9037468839760483,0.184734045617667,8.556128903166927,39.79450492294787,0.215007798683103,0.9665633181064422,0.19848805792201193,1.5256393147775924,2.059577211456309,0.7407536392863981,0.9969574503875849,0.059705910621007184
/home/iiitn/Datasets/FaceForensics++/manipulated_sequences/Face2Face/c23/videos/286_267.mp4,1,4.120049737392001,10.095490616759582,0.4081079259835359,0.89448200598365,0.2102177619502363,2.660974748589035,8.046541325291274,0.3306979534455708,0.9227032941850384,0.16774524584283756,0.4646650571590412,0.4471095087929884,1.0392645381518402,0.9964852924859562,0.04565511913577768
/home/iiitn/Datasets/FaceForensics++/manipulated_sequences/Face2Face/c23/videos/287_426.mp4,1,1.277597075972095,8.882943200250383,0.143825874732159,0.8889140891460796,0.015459757541153528,1.6488664748146267,4.014872919553178,0.41068958043088744,0.8914663893186593,0.027725221577498807,0.38228668721681464,0.38672206027415923,0.9885308506729608,0.9963195487314181,0.0029815445145448673
/home/iiitn/Datasets/FaceForensics++/manipulated_sequences/Face2Face/c23/videos/285_136.mp4,1,16.633274443883327,9.505075787164857,1.7499360148547163,0.8682635030832319,0.024227329692818444,11.243274731495527,10.042040107081005,1.1196205762579545,0.8881149476851142,0.031418990329106465,0.5202784080496313,0.3048604217951873,1.7066118487468573,0.9973975194687803,0.00990173989525529
/home/iiitn/Datasets/FaceForensics++/manipulated_sequences/Face2Face/c23/videos/290_240.mp4,1,16.190948424219524,208.29527016395562,0.07773075409477676,0.9208839956893916,0.21001407768759026,10.167890418091355,104.50455938440939,0.09729614169932821,0.9541349670082292,0.19289810194998305,0.9891985341454109,0.8882330034585447,1.1136700959024637,0.9879790349434083,0.02200422061631795
/home/iiitn/Datasets/FaceForensics++/manipulated_sequences/Face2Face/c23/videos/297_270.mp4,1,15.27107188087861,11.223250622943922,1.3606638926568781,0.9057396473368836,0.6184172823338916,8.933767537316607,16.1748673019385,0.5523240080149483,0.9477418912446639,0.5684637410085198,1.3485664599079772,1.1486466800147135,1.174048106673414,0.9973559223950467,0.22399022994148282
/home/iiitn/Datasets/FaceForensics++/manipulated_sequences/Face2Face/c23/videos/296_293.mp4,1,18.417010577140342,36.91394454971357,0.4989174362641569,0.8904959298725039,0.16108480295229888,13.20135896717314,22.332709525353113,0.5911221364423495,0.9520959198864519,0.11783615619264316,0.7626345895573357,0.5523990007733672,1.3805864755179413,0.9877305243178721,0.025480055099534046
/home/iiitn/Datasets/FaceForensics++/manipulated_sequences/Face2Face/c23/videos/299_145.mp4,1,8.232192451905282,61.49987679000523,0.13385705600703177,0.901694174900817,0.04273206901954234,6.061529493461959,33.97456725922098,0.1784137365816428,0.959366814017816,0.019473424199628747,1.618012010199841,1.9595866563295632,0.8256904612886503,0.9981769464106898,0.00848172413036541
/home/iiitn/Datasets/FaceForensics++/manipulated_sequences/Face2Face/c23/videos/294_292.mp4,1,9.01348309410144,20.10948908817591,0.44822039260068713,0.9397590738779882,0.19274581790193987,5.863098686112354,16.672479421957558,0.3516632732136222,0.9651099395625753,0.177166516605703,0.5363677532850787,0.4117760015626269,1.302571668211953,0.992333232743643,0.023309003914011337
/home/iiitn/Datasets/FaceForensics++/manipulated_sequences/Face2Face/c23/videos/300_304.mp4,1,22.421189356916276,192.68165092272193,0.11636390517490768,0.9238825850403641,0.20384789461885297,11.707112149347916,111.65061532672264,0.1048548824839832,0.9646364597709809,0.17870524853810427,0.9767642676273806,0.8637295772421597,1.1308681482763787,0.9918425436283562,0.023883634597183248
/home/iiitn/Datasets/FaceForensics++/manipulated_sequences/Face2Face/c23/videos/301_262.mp4,1,37.18575993067063,52.405641110025904,0.7095755178836366,0.9142500624323683,0.4021098744553796,25.84719145762379,32.313500576184786,0.7998883128333456,0.9785908583839276,0.36089514361560465,1.2318488276332422,0.9368517951946108,1.3148812159530014,0.9944351051486148,0.08381513074393097
/home/iiitn/Datasets/FaceForensics++/manipulated_sequences/Face2Face/c23/videos/298_279.mp4,1,9.861649145412256,61.6699662358802,0.15991007855740727,0.9224576530769233,0.19466536815873434,6.477691499308876,54.58305512560939,0.11867586899271344,0.8917187514429952,0.1667692597346606,0.948040034803767,0.9264836425331464,1.0232668892153154,0.9977991283639915,0.049266288901902655
/home/iiitn/Datasets/FaceForensics++/manipulated_sequences/Face2Face/c23/videos/292_294.mp4,1,11.067733732355421,65.93233500104493,0.1678650351482321,0.8656698279128429,0.046628604357867275,7.043646651081084,55.05099085614387,0.1279476816227912,0.9020241483854102,0.03193931999208869,0.6256714335562473,0.41099465697019166,1.5223347139562098,0.9923943480626222,0.013307659613983258
/home/iiitn/Datasets/FaceForensics++/manipulated_sequences/Face2Face/c23/videos/302_323.mp4,1,15.413134338420072,60.80214447685785,0.253496557909837,0.9552632076025366,0.3699171361708709,9.134814159944279,60.359935251309274,0.1513390317917237,0.9065256575304129,0.3274472591057024,1.2586296575841305,1.260164641240359,0.9987819181668851,0.992440381296055,0.1577409951696638
/home/iiitn/Datasets/FaceForensics++/manipulated_sequences/Face2Face/c23/videos/304_300.mp4,1,63.717841496641476,121.35543482690389,0.5250514044758344,0.9259770163304246,0.3312759075887235,37.360267953468195,69.07463160317171,0.5408681463275834,0.956248763832953,0.30431825456943884,1.3982706293737674,0.9104659218737353,1.5357748113143346,0.9931791597155956,0.08336360136861448
/home/iiitn/Datasets/FaceForensics++/manipulated_sequences/Face2Face/c23/videos/306_278.mp4,1,29.54003753091594,89.91160356472288,0.32854533074422965,0.863775188454145,0.19910689088688094,16.692703181895833,45.9257439714656,0.3634715899706987,0.9311416054530524,0.1767617593911875,1.1013545794912936,0.7550017650688009,1.4587443770955033,0.9934753188164409,0.05270571331193969
/home/iiitn/Datasets/FaceForensics++/manipulated_sequences/Face2Face/c23/videos/307_365.mp4,1,13.841070186079683,57.355740964639416,0.24131969970735603,0.9295910722725494,0.3790813935221324,7.89209203511754,44.90246887750154,0.17576075953970285,0.9529881657222085,0.29386225334840377,0.9255076048655814,0.8090650359952595,1.1439223840974437,0.993382367514676,0.1470780835412712
/home/iiitn/Datasets/FaceForensics++/manipulated_sequences/Face2Face/c23/videos/303_309.mp4,1,34.74217024906299,15.388556855124254,2.2576626629867604,0.8068336096908143,0.13681833646931235,18.24848995970431,24.581847334374093,0.7423563295093158,0.8689083408009863,0.0921966431959442,0.4583642267685203,0.262593257824994,1.7455293047698826,0.995255533497046,0.019813810267786038
/home/iiitn/Datasets/FaceForensics++/manipulated_sequences/Face2Face/c23/videos/284_263.mp4,1,4.438149065261256,2.01650357261468,2.200913068309903,0.9202559449397932,0.027366881099048727,3.5693503745307003,5.532894254836808,0.6451145115253929,0.8514722105076588,0.0007247023798910688,0.2674695597740624,0.17380229078501896,1.538930002395096,0.99621007092088,-0.005592790352131008
/home/iiitn/Datasets/FaceForensics++/manipulated_sequences/Face2Face/c23/videos/309_303.mp4,1,29.67507295470743,61.83769725145182,0.4798864491030303,0.8521788238039466,0.12209205019831693,18.224019817636886,35.6734789234476,0.5108562542146271,0.9209943723221835,0.09614809206851133,2.161573508760345,1.6376329938781395,1.319937688627928,0.9971194945543441,0.014692521290379196
/home/iiitn/Datasets/FaceForensics++/manipulated_sequences/Face2Face/c23/videos/312_021.mp4,1,57.974659504109184,495.41300628590074,0.1170228854885014,0.9266989632517797,0.23364411575226396,37.31536804193376,230.11539893941472,0.1621593696637322,0.9755332080112309,0.14193149037640088,1.5614425215595578,1.3079707109946574,1.1937901272820899,0.9928069524439511,0.03325762916861494
/home/iiitn/Datasets/FaceForensics++/manipulated_sequences/Face2Face/c23/videos/315_322.mp4,1,8.56245155549346,2.3747332388427655,3.6056477483197398,0.9416357843002139,0.13618477612393534,6.081439223519688,1.8332201166796798,3.3173535290101244,0.9403312502395647,0.11798074969960165,0.6019719400930588,0.36577291440864795,1.6457531883307388,0.9935150474737116,0.0122925467300312
/home/iiitn/Datasets/FaceForensics++/manipulated_sequences/Face2Face/c23/videos/316_369.mp4,1,17.986286985728572,17.946768247877902,1.0022019974462724,0.9323468142869623,0.2832351925440612,11.29743423864412,14.616459037753609,0.7729255224855345,0.9528126779424125,0.25928519408199513,0.36832581015751836,0.23191534510309517,1.5881907684624472,0.9950097265444301,0.038217690268341376
/home/iiitn/Datasets/FaceForensics++/manipulated_sequences/Face2Face/c23/videos/317_359.mp4,1,23.2838337364342,39.60347387329818,0.5879240243147671,0.8727791605684802,0.36648014097862236,13.426852800128202,19.778057831303837,0.6788762028431716,0.9329424893869255,0.2958574694327747,0.75806330090417,0.4686682190614327,1.617483904546136,0.9925537176077842,0.034825886077647444
/home/iiitn/Datasets/FaceForensics++/manipulated_sequences/Face2Face/c23/videos/305_513.mp4,1,4.111290544030054,31.542759901300872,0.13034022884790428,0.8777799338953115,0.06591433432611694,3.121396789199511,23.445872333383093,0.133132038971105,0.8773242252338204,0.04615973895990902,0.7315272264326733,1.405362197023053,0.5205257605350784,0.9964946689384772,0.005970900732563897
/home/iiitn/Datasets/FaceForensics++/manipulated_sequences/Face2Face/c23/videos/313_283.mp4,1,16.67962024924698,34.355083860497864,0.48550660848263943,0.9151636566417789,0.08120412145916775,10.43079574522357,46.279335446367384,0.22538775988500753,0.8910171807824917,0.05566047493359474,1.0301113657132728,0.6945655167933801,1.4831017964568938,0.9910569996528705,0.009907840070857724
/home/iiitn/Datasets/FaceForensics++/manipulated_sequences/Face2Face/c23/videos/311_387.mp4,1,7.383028371172973,241.30666477672662,0.03059604001408023,0.8960343358406399,0.024233475629376982,4.053353577553776,112.9340122957675,0.03589134482301295,0.9274945374573993,0.015016443685776332,0.3600243802008973,0.28310743651004344,1.271688178307973,0.9888096660034043,-0.005284141033976311
/home/iiitn/Datasets/FaceForensics++/manipulated_sequences/Face2Face/c23/videos/291_874.mp4,1,2.4754198166644863,1.2069186996389278,2.051024495191809,0.8623748931453269,0.005939947769246181,1.917347183672119,7.385283543220761,0.25961727433364784,0.7531141002059619,-0.016864019706749486,0.03708111784942016,0.020099133195864035,1.8449112948338813,0.979749760778585,0.0018159712056815634
/home/iiitn/Datasets/FaceForensics++/manipulated_sequences/Face2Face/c23/videos/310_196.mp4,1,7.521340863852516,82.01066414677736,0.09171174190701967,0.9336846718612798,0.14542758617260026,6.309123509013209,59.590847974039775,0.10587403474710953,0.9548705000786685,0.12616488979368193,0.7682665248594573,0.692032397883139,1.1101597659437785,0.9891286608337216,0.008463289355772645
/home/iiitn/Datasets/FaceForensics++/manipulated_sequences/Face2Face/c23/videos/308_388.mp4,1,4.306185283601894,100.60350774102103,0.0428035302177247,0.7852328054564461,0.05400725449975407,3.4275308695406252,59.991582150121985,0.05713353018367854,0.8464633294326669,0.06841240415252402,0.5242171400271176,0.4057960152921831,1.2918242670511892,0.9881688421400071,0.006676312397718972
/home/iiitn/Datasets/FaceForensics++/manipulated_sequences/Face2Face/c23/videos/314_347.mp4,1,5.333870245886786,17.720960582260798,0.30099216242409266,0.8406591265721054,0.26205270230876254,3.1997261586999337,11.671828025896888,0.2741409616043465,0.9166888028106012,0.2586489621703924,0.2757724152075171,0.19441281344958924,1.4184888861712,0.986697528315292,0.0013314701531826959
/home/iiitn/Datasets/FaceForensics++/manipulated_sequences/Face2Face/c23/videos/319_352.mp4,1,11.895459893240227,57.02369339632322,0.20860556699765126,0.9033600659574978,0.16503326069196322,8.11540798998554,39.6282246803405,0.20478858327487937,0.9369903976458823,0.1313950790852164,1.0384067851337475,0.8081809502341825,1.2848691680159667,0.9927033364281277,0.026540267971754742
/home/iiitn/Datasets/FaceForensics++/manipulated_sequences/Face2Face/c23/videos/321_288.mp4,1,44.9238911352892,226.48055711499413,0.19835650224261578,0.8980938431026481,0.13588985211586757,28.00827588069922,130.94281229933404,0.21389700884591178,0.9557651857807912,0.10395397778946103,2.829812698385543,2.5887286547606743,1.0931283559524538,0.9972009150529321,0.022390596340220767
/home/iiitn/Datasets/FaceForensics++/manipulated_sequences/Face2Face/c23/videos/318_334.mp4,1,22.774519627609585,55.60837005528487,0.4095520081773221,0.86152807575536,0.05660127941164844,14.58680301998765,41.1227247668728,0.354713922841473,0.9476613428757997,0.046645868088882596,1.6274940721203608,1.3265813097679224,1.2268332593989895,0.9968488262354905,0.000744580224965555
/home/iiitn/Datasets/FaceForensics++/manipulated_sequences/Face2Face/c23/videos/324_356.mp4,1,15.071647523668522,15.558936236173736,0.968681103572345,0.8646183271497957,0.126018976454008,9.963258406407705,31.18037969079798,0.3195361475777052,0.8582058985502995,0.09041629886160267,0.8911406547545365,0.5906896949481194,1.508644322689269,0.9954168159285612,0.01675373659620493
/home/iiitn/Datasets/FaceForensics++/manipulated_sequences/Face2Face/c23/videos/327_329.mp4,1,33.119858388007906,71.13422822765293,0.46559665034972286,0.7858680009866958,0.323940083435967,19.42296266727386,44.361229861269045,0.43783643348066154,0.8564555008752643,0.2900634744004396,0.4850607743976938,0.2707098725961625,1.7918104343438335,0.9897714259838845,0.05950769461455751
/home/iiitn/Datasets/FaceForensics++/manipulated_sequences/Face2Face/c23/videos/326_501.mp4,1,10.506527149020364,106.58234935394137,0.09857661435225097,0.865604997685676,0.02768178011871154,7.100497011218295,54.3271043126559,0.13069897799732685,0.9235026101915493,0.029234740246085748,0.6832771248420287,0.5200837873300891,1.3137827817123693,0.984011507978857,0.00941807947615922
/home/iiitn/Datasets/FaceForensics++/manipulated_sequences/Face2Face/c23/videos/323_302.mp4,1,60.31087045696876,58.0353884232024,1.039208525963042,0.8344282106116223,0.10630826470754733,36.8541866986172,35.27422297304153,1.0447908867272047,0.9185653581993511,0.08068131269433663,0.6000053454787864,0.31882847554526994,1.881906390113491,0.9925397604345919,-0.006074178514228182
/home/iiitn/Datasets/FaceForensics++/manipulated_sequences/Face2Face/c23/videos/295_099.mp4,1,1.8757868215930216,3.074880124872575,0.6100357560022784,0.6999887602794015,-0.00930043887077826,1.383124594543285,8.363106060659845,0.1653840791341294,0.7438178862044508,0.005984017679332164,3.8516736127530814e-05,2.1567330662630607e-05,1.7858833218645918,0.9880915476750018,0.0023328011042739456
/home/iiitn/Datasets/FaceForensics++/manipulated_sequences/Face2Face/c23/videos/320_328.mp4,1,6.123642703858638,5.374349533486146,1.139420252758747,0.8958358687525964,0.05371143836668995,4.536684881393779,11.061842107415716,0.4101201985474412,0.8633050941749439,0.0630096752561894,0.13992432468428131,0.07712364961518468,1.8142855710595414,0.9767806597131585,0.01739132717040592
/home/iiitn/Datasets/FaceForensics++/manipulated_sequences/Face2Face/c23/videos/322_315.mp4,1,11.826043298660204,49.657301083356685,0.23815316258949606,0.9186036946934637,0.1602225030107174,6.676022163503834,33.31832943071412,0.2003708552491116,0.9427807492986666,0.10212638015010085,0.3940509363897597,0.2528356714200507,1.5585258764183627,0.9915382303347249,0.027293763668132364
/home/iiitn/Datasets/FaceForensics++/manipulated_sequences/Face2Face/c23/videos/329_327.mp4,1,21.152313008968196,35.51339589787802,0.5956150481861432,0.9015465555772352,0.7023017850098315,14.660600275956618,32.02952935730412,0.457721376808597,0.9663675970314326,0.6597042338027925,1.8840332995787434,1.6392398213638053,1.1493335355965646,0.9952915785279766,0.259546225597039
/home/iiitn/Datasets/FaceForensics++/manipulated_sequences/Face2Face/c23/videos/334_318.mp4,1,55.61257750550863,133.61508549432662,0.41621481062383464,0.9095938801270999,0.2006734467664061,33.48804533765368,92.66860369950636,0.3613742303298789,0.9598083300528959,0.15843855293676593,2.0946855725818367,1.7298342828489168,1.210916903052722,0.9942676694582163,0.027704010554280435
/home/iiitn/Datasets/FaceForensics++/manipulated_sequences/Face2Face/c23/videos/333_377.mp4,1,25.093936048542748,58.95252200534108,0.4256634863945133,0.9408722021469286,0.40485820646808635,15.644982902386749,45.46382291306269,0.3441193876789368,0.97402797095929,0.36311542733041835,1.7042203814029888,1.6360154410572798,1.0416896678564547,0.9956613156479227,0.06730333394885146
/home/iiitn/Datasets/FaceForensics++/manipulated_sequences/Face2Face/c23/videos/325_492.mp4,1,6.805535752949435,77.82012739790265,0.0874521281384185,0.8912326145878531,0.22988755072556186,3.8216674259306807,63.60280355878722,0.06008646179249574,0.8915947878681317,0.18992171199380295,0.4489113518410785,0.39892818185805634,1.125293654988774,0.9936191755751015,0.03444361539262077
/home/iiitn/Datasets/FaceForensics++/manipulated_sequences/Face2Face/c23/videos/336_338.mp4,1,20.958926665926562,18.45819845086314,1.1354806224302179,0.885036802464828,0.09242724589944229,14.348369759375192,13.764754947094602,1.0423992155707629,0.9584641821247031,0.0637139632171429,1.1290075098226229,0.8107155021271059,1.3926062926641982,0.9940910276174726,-0.007946388525755431
/home/iiitn/Datasets/FaceForensics++/manipulated_sequences/Face2Face/c23/videos/338_336.mp4,1,27.279768914659936,136.0571279276271,0.20050231347798897,0.8788061920203379,0.37778275006240275,16.87784322320886,70.50872739513896,0.23937239894606946,0.9492438138249737,0.32443390484851076,1.1385921169928346,0.9825057936966702,1.1588655500023983,0.9898496806044664,0.09157117378131475
/home/iiitn/Datasets/FaceForensics++/manipulated_sequences/Face2Face/c23/videos/328_320.mp4,1,4.917002662005826,1.5952560092978008,3.082265563237208,0.9052902465455986,0.01808367789252784,3.6109578947416545,1.7106473363419659,2.110872193250128,0.930990205765171,0.02088301484700292,0.2499105564423365,0.16344876822368606,1.5289840306433151,0.9906639666724066,0.009283422426472145
/home/iiitn/Datasets/FaceForensics++/manipulated_sequences/Face2Face/c23/videos/337_522.mp4,1,20.15151426501271,30.842212344540144,0.6533744739157806,0.9078013293441467,0.3326387341257016,10.653437794295554,20.63996213263948,0.516155878864162,0.9621039615041815,0.2812120337102336,1.5659065132458032,1.1277894203144074,1.3884742000942487,0.99516908382054,0.0387349269853829
/home/iiitn/Datasets/FaceForensics++/manipulated_sequences/Face2Face/c23/videos/331_260.mp4,1,36.952656151775905,48.806076394956484,0.7571322851839513,0.8850953434145766,0.1302632754389869,18.402406156860383,40.0860253590626,0.4590728562391629,0.9501367098082231,0.10641270148943817,0.4243713696584955,0.2631917855792005,1.6124035509869374,0.9910306710403289,0.03969213737839078
/home/iiitn/Datasets/FaceForensics++/manipulated_sequences/Face2Face/c23/videos/330_162.mp4,1,3.8659435622858624,7.987924317363511,0.4839734840604816,0.8215637540526443,0.07487203813594469,2.4066178534140645,5.4800222323723915,0.43916206018240916,0.8711198600679936,0.018149752067771797,0.2171986807560283,0.14725500008706724,1.4749834004115687,0.992914862729915,-0.0029548412945645296
/home/iiitn/Datasets/FaceForensics++/manipulated_sequences/Face2Face/c23/videos/343_363.mp4,1,5.680371764447453,54.78632500080155,0.10368229233051034,0.809505329126831,0.22417874256647147,3.0707400712554067,26.79209004417922,0.11461368135863473,0.8715067531108827,0.1955010751415408,0.7668801445558787,0.6336397674377505,1.2102778013080089,0.9949068963354201,0.0316972743414256
/home/iiitn/Datasets/FaceForensics++/manipulated_sequences/Face2Face/c23/videos/346_351.mp4,1,27.868560942171243,185.39243461898693,0.15032199668474008,0.9081595098603161,0.09649153308356494,15.193686517054559,108.25674703669806,0.1403486335304721,0.9690350375180788,0.08571159891144597,1.5890464427308324,1.6150701119576363,0.9838869724390724,0.9970136761099188,0.029705169346893857
/home/iiitn/Datasets/FaceForensics++/manipulated_sequences/Face2Face/c23/videos/339_392.mp4,1,6.774926883485815,14.821309068474134,0.45710718615918444,0.8899189733341819,0.11906082851689531,6.2053690368081575,13.380178962152646,0.46377324655826707,0.8998218317941026,0.10115398140613847,0.15467252940465323,0.07755971612615278,1.9942379514782462,0.9722206412622912,0.002942359000254951
/home/iiitn/Datasets/FaceForensics++/manipulated_sequences/Face2Face/c23/videos/341_340.mp4,1,8.709497436719166,93.89820101057079,0.09275467839622056,0.7826946051571863,0.14493420713132232,6.146500636324956,61.379212548545944,0.10013977666239325,0.8168063740636761,0.11951813383221527,1.5327693511945835,5.579674234563703,0.27470588546186636,0.9833367976789317,-1.547940071486106e-05
/home/iiitn/Datasets/FaceForensics++/manipulated_sequences/Face2Face/c23/videos/345_259.mp4,1,24.740256626012002,58.559621089255586,0.4224797935134061,0.8603244113389862,0.4748539953104803,12.780575032327121,38.32059768887784,0.3335171109827588,0.951273304909563,0.4574796032997167,0.8031072433947148,0.5483947666114476,1.4644691968108037,0.9917537004918956,0.17833018140309068
/home/iiitn/Datasets/FaceForensics++/manipulated_sequences/Face2Face/c23/videos/347_314.mp4,1,6.060926903637352,61.54484669335832,0.09847984403690818,0.9015471243624038,0.20870360014518805,4.789047709591682,38.27752351784512,0.12511383364075293,0.9498889997016299,0.14892055206686136,1.1238365881664134,1.4874432840403398,0.755549203270284,0.9970827276637952,0.0360547583519655
/home/iiitn/Datasets/FaceForensics++/manipulated_sequences/Face2Face/c23/videos/342_416.mp4,1,11.202899395340973,40.629982026019185,0.2757298634335281,0.8375060497257746,0.08809150013833493,6.963583367062593,28.68779719142187,0.24273677482441283,0.8795162990156985,0.08802923368420411,0.009094162376344082,0.004871725049055407,1.8667232417205843,0.9867202246011741,0.008483283505795356
/home/iiitn/Datasets/FaceForensics++/manipulated_sequences/Face2Face/c23/videos/332_051.mp4,1,3.3691106844943963,87.605508850025,0.038457749161209684,0.9018244199418587,0.04572967626615577,2.7333264816212997,82.45530413051091,0.033149189254034754,0.9318394106102095,0.06021498776122232,0.7230140862118658,0.9724610959241726,0.7434889572880585,0.9931376141822271,0.002879278892528715
/home/iiitn/Datasets/FaceForensics++/manipulated_sequences/Face2Face/c23/videos/348_202.mp4,1,52.26835221064994,54.33655441127519,0.9619371853251688,0.9292083278631583,0.45138599785185773,28.23080469404772,40.78180469533303,0.6922402013581901,0.9560554714542056,0.4306783240887242,0.7312598355064855,0.4252293472333582,1.719683366786026,0.9833434962662327,0.1348566467279796
/home/iiitn/Datasets/FaceForensics++/manipulated_sequences/Face2Face/c23/videos/335_277.mp4,1,4.226520760088743,20.035092320987122,0.21095589141166002,0.9400743732841533,0.01482513402423265,2.519254650812089,19.45512334684407,0.12949055145521618,0.9190100273768081,-0.01569561846212245,0.6593462429999111,0.8528127121412309,0.7731430753939317,0.9979755360031776,0.017471319379136298
/home/iiitn/Datasets/FaceForensics++/manipulated_sequences/Face2Face/c23/videos/344_020.mp4,1,0.3148936964408771,89.44017841250188,0.0035207185632901367,0.5618118461394768,0.09935286306803955,0.27825539839634866,74.59757952905959,0.0037300861522987336,0.6538518348524752,0.09744824895701124,0.23748755956147247,0.3750657673893126,0.6331891103113231,0.996319184924834,0.0328410473539766
/home/iiitn/Datasets/FaceForensics++/manipulated_sequences/Face2Face/c23/videos/351_346.mp4,1,32.92304169411805,32.76543440255571,1.0048101694494866,0.9275499781986257,0.1485713885593896,17.169624509401203,20.41651291012098,0.8409675337304926,0.9573747923660032,0.13601379942694625,0.7405035694144576,0.49618730866355704,1.4923871620355385,0.993744453343458,0.032704918806117866
/home/iiitn/Datasets/FaceForensics++/manipulated_sequences/Face2Face/c23/videos/350_349.mp4,1,18.45985507601841,38.74473655576026,0.47644807313250254,0.9579237125330486,0.150637294176886,11.544029857455179,38.118665764524586,0.3028445415368844,0.9590473762162798,0.14271884288793013,1.5998222519481866,1.8054199618946096,0.8861219470894359,0.9965478237689886,0.0313774901566115
/home/iiitn/Datasets/FaceForensics++/manipulated_sequences/Face2Face/c23/videos/352_319.mp4,1,12.597733256151614,51.91420473925948,0.2426644753478181,0.9451941300736056,0.26221906265094075,6.109724603389992,44.869421529221746,0.13616677895905036,0.9534613625851239,0.2154665184063355,1.1339942816283868,1.411144914450172,0.8035987445486616,0.9967846658255709,0.031647328829756106
/home/iiitn/Datasets/FaceForensics++/manipulated_sequences/Face2Face/c23/videos/357_432.mp4,1,5.225241482350614,70.79961017175744,0.07380325216020761,0.9045453498722672,0.21553991400295927,3.3606270670596707,37.28080494470819,0.09014362946411365,0.9346458232481784,0.17828920482572108,0.7751597102126012,0.8468974390077765,0.9152934871556312,0.9947229581388276,0.03527594465916632
/home/iiitn/Datasets/FaceForensics++/manipulated_sequences/Face2Face/c23/videos/349_350.mp4,1,53.147573763122296,41.92571198566376,1.2676606131649186,0.8607569307166424,0.2225699707174541,29.151339560321365,43.01572532539645,0.6776902944168289,0.9422968111805111,0.20711085629893003,0.5336903142986933,0.32843051411279167,1.6249717713970084,0.9936946535677187,0.031021794153689677
/home/iiitn/Datasets/FaceForensics++/manipulated_sequences/Face2Face/c23/videos/358_380.mp4,1,6.049317661531606,45.831618634339996,0.13199005057611182,0.8704281073188563,0.258294144882728,3.659455662907256,27.816403676147072,0.1315574689493483,0.91908870319932,0.23162813417665254,0.6359400299345165,0.5590329861172111,1.1375715668434285,0.9966515199927933,0.05748679541991596
/home/iiitn/Datasets/FaceForensics++/manipulated_sequences/Face2Face/c23/videos/359_317.mp4,1,22.856455879747557,23.29266260256732,0.9812727840409415,0.9180767316531115,0.06722171615668388,15.366636059588865,16.272361641063362,0.9443396354227468,0.9471595433671821,0.0709426459338641,1.113065869246773,0.6663074243386546,1.6704989747811225,0.9947455917160885,-0.003156723749523362
/home/iiitn/Datasets/FaceForensics++/manipulated_sequences/Face2Face/c23/videos/354_362.mp4,1,7.759121602829677,30.0986484460702,0.2577897016449833,0.8835577921903571,0.016879071460167223,5.093349271013614,19.290853637315234,0.2640292320274154,0.9219159342599709,0.02443794185038344,0.19326762496206065,0.12299020457455813,1.5714066468187677,0.9897387608446152,-0.0008786748681907017
/home/iiitn/Datasets/FaceForensics++/manipulated_sequences/Face2Face/c23/videos/353_383.mp4,1,6.317014655590934,42.89551691684119,0.14726514819339578,0.8770833372063898,0.10399333254837666,3.9114463677051403,48.409357834385865,0.0807993855462132,0.8880285758710881,0.07004907216871635,0.4780398475436051,0.3391140285138743,1.4096728750460612,0.992737298787531,0.0169445899804411
/home/iiitn/Datasets/FaceForensics++/manipulated_sequences/Face2Face/c23/videos/363_343.mp4,1,12.909291184460997,128.3925976586855,0.10054544747804399,0.9666585179085523,0.046902014008252925,8.946493132180146,83.32465088406103,0.10736910430778053,0.9726415904457383,0.09684741429352592,2.4165123984758163,4.538882577697347,0.5324024927081843,0.9947609065180835,0.017334620647579856
/home/iiitn/Datasets/FaceForensics++/manipulated_sequences/Face2Face/c23/videos/365_307.mp4,1,52.19224456892609,197.27166487204423,0.26457040651418134,0.8204971138636887,0.6428225561630377,28.59075579267127,112.15281082671174,0.2549267876740699,0.9241950062558416,0.5933939003674465,1.7730723031063977,1.2689858344137186,1.3972356940655457,0.9946172535319588,0.26970700038373147
/home/iiitn/Datasets/FaceForensics++/manipulated_sequences/Face2Face/c23/videos/364_440.mp4,1,12.635744453534196,20.260041552420443,0.6236781114609619,0.8579014134925192,0.13518590592582175,7.187363348802871,16.946470242768438,0.4241215572233948,0.9402104277741404,0.07981291621145456,0.6378152167255627,0.44933944574508383,1.4194507576960063,0.9938220225482614,0.015252714227378327
/home/iiitn/Datasets/FaceForensics++/manipulated_sequences/Face2Face/c23/videos/366_473.mp4,1,76.35683991294322,180.04093913639227,0.42410820716225067,0.9317135697231141,0.3134378085277967,42.773712944992674,104.39133796790775,0.40974389041878434,0.970470660609406,0.28155634226880794,2.7328539254689432,2.4425192551860673,1.1188668910864978,0.9952100381725063,0.06274335445929355
/home/iiitn/Datasets/FaceForensics++/manipulated_sequences/Face2Face/c23/videos/360_437.mp4,1,2.6651846144945623,0.6145447325568695,4.336843964809231,0.8754376429129861,-0.009469723504231402,2.3913387752447584,0.6157691262881891,3.883498982255853,0.8807536606680669,0.007826507961356722,0.22004789078588236,0.14780431337387998,1.4887785461934244,0.9929299378459119,-0.0003536445963000741
/home/iiitn/Datasets/FaceForensics++/manipulated_sequences/Face2Face/c23/videos/368_378.mp4,1,4.596935595821228,6.52156830277264,0.7048819214032986,0.8904033622878283,0.1278323252361511,3.7606749437108333,38.01720172656533,0.0989203511283941,0.7613263183600569,0.05810650286846335,0.4129453489169525,0.3009206467451289,1.3722732334372034,0.9960905369365758,0.00019053149260723923
/home/iiitn/Datasets/FaceForensics++/manipulated_sequences/Face2Face/c23/videos/367_371.mp4,1,45.07483197031757,15.154274303432905,2.9743972603232307,0.9585432773616053,0.12381323523543697,21.72492845510202,28.809045676325898,0.7541009410441764,0.952574763328391,0.08836591859180343,1.1465655385332203,0.8505304923625676,1.3480592980838806,0.9984166629766964,0.014308375092304211
/home/iiitn/Datasets/FaceForensics++/manipulated_sequences/Face2Face/c23/videos/369_316.mp4,1,15.766192928933743,67.72131307404051,0.2328099118765813,0.9611198784755851,0.16446801408086784,10.268592077923087,54.739512986716484,0.18759012489597676,0.9569415594479217,0.17079501772406772,2.273335070486663,2.6903013229876436,0.845011319387105,0.996802522295061,0.044727294085977386
/home/iiitn/Datasets/FaceForensics++/manipulated_sequences/Face2Face/c23/videos/361_448.mp4,1,4.506205479384336,13.880181332439482,0.32465033211438293,0.9177179310012521,0.023772582394803173,3.680652223138051,13.315493293815363,0.27641876586334213,0.9159172191019666,0.03162733454213183,0.5963594974240545,0.6835853074622676,0.8723995248493139,0.9927009559291644,0.007575764171606125
/home/iiitn/Datasets/FaceForensics++/manipulated_sequences/Face2Face/c23/videos/362_354.mp4,1,8.153926127711395,3.7822585162166784,2.1558352219317927,0.889110862626651,0.16701704446230536,5.9728504472050545,4.110746098102421,1.452984520246144,0.7876138422350731,0.10337949457864803,0.08025797426611617,0.043665804640673773,1.838005160481059,0.987995571612965,0.013546477508984888
/home/iiitn/Datasets/FaceForensics++/manipulated_sequences/Face2Face/c23/videos/371_367.mp4,1,30.63911609698218,76.34665942519354,0.4013157396493974,0.8734903232916666,0.07915152395439667,18.758503414452452,48.38006325093485,0.3877320977683918,0.9246263222280667,0.05355654239851093,1.039881876822286,0.6972380250445288,1.4914302425715729,0.9911739786978199,0.015602855869559982
/home/iiitn/Datasets/FaceForensics++/manipulated_sequences/Face2Face/c23/videos/356_324.mp4,1,7.5038642819787,67.21909641321412,0.11163292401091499,0.8969127805449105,0.06602668535754441,5.313897862470492,60.52802031237585,0.08779236186887128,0.9192003920804735,0.07100990735766775,0.4331759291156148,0.3314500417578749,1.3069116745866967,0.9940287741506791,0.007521006987269519
/home/iiitn/Datasets/FaceForensics++/manipulated_sequences/Face2Face/c23/videos/340_341.mp4,1,6.483038201434965,6.362862956140449,1.0188869768409112,0.8834684006751156,0.15147223545540295,4.967402495563518,15.332980707889007,0.32396848272350126,0.8217852094431368,0.13051481381931468,0.26269228582306886,0.18026801362912548,1.4572318213009159,0.9935863114773106,0.0046407025220352284
/home/iiitn/Datasets/FaceForensics++/manipulated_sequences/Face2Face/c23/videos/372_413.mp4,1,21.86685089314712,4.652315764234953,4.700207810753146,0.7710118888849982,0.19735232055300472,14.509733376932891,4.447712950079632,3.2622908761846037,0.8087945625653331,0.18457909376054954,0.3706113013936543,0.16842536255163218,2.2004482922222617,0.9921893233852104,0.027593035640763618
/home/iiitn/Datasets/FaceForensics++/manipulated_sequences/Face2Face/c23/videos/355_748.mp4,1,3.939873879537807,3.2352786185259146,1.2177850330964466,0.8286309619809558,0.08241141447784607,2.748293152919254,6.598837485305154,0.41648141192132465,0.8546156268997454,0.0322909419448382,0.1012717095167097,0.06611307431462153,1.5317954968297778,0.9939224017615708,0.017114779148382192
/home/iiitn/Datasets/FaceForensics++/manipulated_sequences/Face2Face/c23/videos/377_333.mp4,1,14.83532921421031,45.26292841873988,0.3277589350155291,0.9092941229555555,0.3187916120549512,8.259957511037422,27.755980778055033,0.2975919884469753,0.955606972409521,0.26822791768962584,0.8540040727429284,0.8287577788042574,1.030462813845436,0.9975040879119058,0.10567731502240382
/home/iiitn/Datasets/FaceForensics++/manipulated_sequences/Face2Face/c23/videos/379_158.mp4,1,72.28233980400125,333.7999400191762,0.2165438969217573,0.8861966365528259,0.37476460389350386,42.969373596978585,236.6092516820855,0.18160479056293785,0.9217983761787466,0.3389796091483966,2.08389772171774,1.468271689375473,1.4192861830661072,0.9860815469495471,0.07950781233643356
/home/iiitn/Datasets/FaceForensics++/manipulated_sequences/Face2Face/c23/videos/376_381.mp4,1,31.513936621246557,39.38724183689911,0.8001051901969787,0.7903931722383337,-0.012461911324930415,17.939465536330417,41.71892177409033,0.43000789026795455,0.9161506791693682,-0.07989014388566897,0.3741492932140669,0.21922517054184545,1.7066894841012326,0.9911008212336874,0.003179243012633347
/home/iiitn/Datasets/FaceForensics++/manipulated_sequences/Face2Face/c23/videos/380_358.mp4,1,9.56197483142286,10.195520225774121,0.9378604151311801,0.9310353686396119,0.3099364583541176,5.378007776768336,7.4533880883847985,0.7215520932217805,0.954006610638715,0.2704496048554293,0.7745030511717084,0.5967413736699555,1.2978873015097305,0.9978426057049409,0.07706361576398227
/home/iiitn/Datasets/FaceForensics++/manipulated_sequences/Face2Face/c23/videos/382_409.mp4,1,24.737709469394986,180.80291330903003,0.13682140965899736,0.9000509409558358,0.47104439689766847,13.983199135091569,102.39657478384038,0.1365592468752999,0.9553073736248224,0.41009224926946825,2.2339708874055937,2.312170759567977,0.9661790238291074,0.9883098360941883,0.19631287318467674
/home/iiitn/Datasets/FaceForensics++/manipulated_sequences/Face2Face/c23/videos/381_376.mp4,1,55.49080264886678,26.65726573490497,2.0816389497969867,0.8296089299672529,0.17628016816822986,33.36225159108836,21.183944336798824,1.5748838394148574,0.9138607190598701,0.1527690647870896,0.5400606486501341,0.2776134396522127,1.945369249149857,0.9917988687551285,0.02331000079082593
/home/iiitn/Datasets/FaceForensics++/manipulated_sequences/Face2Face/c23/videos/373_394.mp4,1,3.8524835781192,6.204804581798825,0.6208871733720794,0.9013616025170164,-0.021179134245160356,2.014147493815694,3.996326474405978,0.5039997374376379,0.9349451138578503,-0.01970604669607385,0.3617183434302769,0.3496355825269258,1.0345581557117993,0.9950672418494774,-0.010839186527298726
/home/iiitn/Datasets/FaceForensics++/manipulated_sequences/Face2Face/c23/videos/375_251.mp4,1,8.847292315103354,27.777581628958444,0.318504772419783,0.8960456780399527,0.1294604231114896,6.625759643294697,19.390655314365503,0.3416985932593018,0.9389729216688242,0.0736570484770165,0.08326727429366564,0.04848659661185922,1.7173256139264574,0.9859848911407085,0.007566996658454824
/home/iiitn/Datasets/FaceForensics++/manipulated_sequences/Face2Face/c23/videos/374_407.mp4,1,24.255335704385146,99.30331958597304,0.24425503402618678,0.8394917766574199,0.06769276098485588,14.224358028008838,61.96746623266623,0.22954558081496076,0.923169082102572,0.053567105170331135,0.4005032630720886,0.24108282960227814,1.6612683024038308,0.9920392882631317,0.013612670606502605
/home/iiitn/Datasets/FaceForensics++/manipulated_sequences/Face2Face/c23/videos/388_308.mp4,1,7.504828513474773,141.10139350011008,0.05318748686538605,0.9375090808952019,0.26097315445072605,5.09718523476922,72.51989459829069,0.07028671598330427,0.9561173816183168,0.24757551880394005,1.034538225446741,1.2356770753570283,0.8372237747858423,0.9952032591796875,0.06486979801849173
/home/iiitn/Datasets/FaceForensics++/manipulated_sequences/Face2Face/c23/videos/378_368.mp4,1,2.9150535881926523,9.076271064935101,0.3211730420276398,0.903811330222155,0.040376230088044224,3.2775241890130733,7.425294068314417,0.4413999174792399,0.9292483450030752,-0.023064305380699344,0.41125090815162446,0.49255453711507285,0.8349347679555454,0.9969612528259278,0.0006486946915587689
/home/iiitn/Datasets/FaceForensics++/manipulated_sequences/Face2Face/c23/videos/391_406.mp4,1,14.593355165766281,65.11456705581121,0.22411813247960288,0.93838445194789,0.19995489002523667,9.066669247932731,48.309122821578285,0.18768027068963697,0.9707900751178514,0.17316571010798498,0.9167436027195445,0.7560811425866106,1.2124936744002046,0.9973746647027674,0.0475472055804512
/home/iiitn/Datasets/FaceForensics++/manipulated_sequences/Face2Face/c23/videos/370_483.mp4,1,19.065494706121488,6.283064090277929,3.0344262659396386,0.8755784887078953,0.1348497778926893,10.667248900570485,8.360421590121971,1.2759223665435822,0.9156385739086907,0.04577084726183415,0.5532857940553986,0.32710705686004843,1.6914517203220103,0.9933389609962148,0.021601850344158735
/home/iiitn/Datasets/FaceForensics++/manipulated_sequences/Face2Face/c23/videos/393_405.mp4,1,38.051448179374326,129.5994667066062,0.29360806140905743,0.9608758461503228,0.31391920591534866,20.512946695109296,79.06790084410143,0.2594345679614636,0.9652753919933712,0.3233920108733118,1.1464507812723281,0.928872626649306,1.234238956322661,0.9897768632981085,0.07212762584317295
/home/iiitn/Datasets/FaceForensics++/manipulated_sequences/Face2Face/c23/videos/387_311.mp4,1,1.6275165259041937,0.25293410817300016,6.434547470327789,0.7780214751829119,0.13684315911383027,1.3503285647628755,0.6298325258609022,2.143948604301033,0.7761288937849214,0.11179275245762266,1.5464750883139628e-27,2.5809300389511966e-27,0.0,0.0,0.0
/home/iiitn/Datasets/FaceForensics++/manipulated_sequences/Face2Face/c23/videos/390_709.mp4,1,17.83012126638167,32.83661140427929,0.5429951661838662,0.9538339568728288,0.06938254335874604,15.379336552622368,19.18675393805815,0.8015601076801466,0.9462270976207786,0.07743587894539805,0.25084089286081174,0.17458405709982516,1.4367915205303299,0.97624708336313,0.003906919340241178
/home/iiitn/Datasets/FaceForensics++/manipulated_sequences/Face2Face/c23/videos/385_414.mp4,1,8.268568910955048,4.405066867933939,1.8770586596868544,0.9104224951357205,0.027647904751296738,8.1087376856339,4.0573704685549,1.9985204083476165,0.9530942057771495,0.026795219796694053,0.6299709735561617,0.6219409836742339,1.0129111766111458,0.9975321848046957,-0.012929219301524604
/home/iiitn/Datasets/FaceForensics++/manipulated_sequences/Face2Face/c23/videos/392_339.mp4,1,14.006946747854702,14.444468171708946,0.9697101050275304,0.9189830538059269,-0.005813514758400826,8.875606063085772,10.270453154344537,0.8641883595302973,0.9527660604512371,0.016451772044482522,0.6916372587133991,0.5401209238496724,1.2805229869337502,0.9949396437430952,0.010719925327520086
/home/iiitn/Datasets/FaceForensics++/manipulated_sequences/Face2Face/c23/videos/398_457.mp4,1,14.384979829831366,37.398583469953735,0.3846396974203141,0.8802074226961393,0.1438368715341471,9.901343778901401,22.57143247977626,0.43866705348776114,0.9463488359567354,0.13261166943882452,1.3515023969780036,1.2057997392852713,1.120834872446644,0.9968896562856778,0.01076282354642532
/home/iiitn/Datasets/FaceForensics++/manipulated_sequences/Face2Face/c23/videos/383_353.mp4,1,3.4015911543946484,8.324283517101497,0.40863470680766495,0.8784612652531667,0.14805982893947353,2.221753581814133,13.198804195844858,0.16832991450191886,0.8044342731748296,0.1312175688096326,0.5956803871241111,0.6048600091417148,0.9848235593709866,0.9974733656653495,0.004796865963976589
/home/iiitn/Datasets/FaceForensics++/manipulated_sequences/Face2Face/c23/videos/396_272.mp4,1,4.708248288349307,23.89397784245249,0.19704748700252625,0.77733157309554,0.1928635308172873,3.902235588803302,17.839656346056064,0.21873939234631032,0.8463961033972417,0.18697622660423244,0.027182242955850557,0.014655124272563026,1.8547944357415314,0.9703894794626832,0.020746212978234924
/home/iiitn/Datasets/FaceForensics++/manipulated_sequences/Face2Face/c23/videos/395_401.mp4,1,5.018647264179402,15.669169704690994,0.32028801517651145,0.9219272894776912,0.20044254392070293,3.413294121866342,15.361228429441397,0.2222018986010525,0.9419730845506042,0.17256859716406694,0.5753957218681246,0.5592589285520807,1.0288538859054464,0.9964161285931725,0.04510616562437837
/home/iiitn/Datasets/FaceForensics++/manipulated_sequences/Face2Face/c23/videos/394_373.mp4,1,2.5015936027769823,6.2232420706289515,0.4019759434689898,0.8838160993092242,0.044788285229443316,1.7707859551567229,5.933415023331946,0.29844296213790333,0.9214796033803164,0.020024591001445758,0.45402268151474834,0.397648553781828,1.1417687231520783,0.9964802105489158,0.0014578323961562498
/home/iiitn/Datasets/FaceForensics++/manipulated_sequences/Face2Face/c23/videos/400_476.mp4,1,11.117455507170847,13.52676805133513,0.8218855727383839,0.8618466608837486,0.08409382411427735,7.2864015992305085,9.564247027661343,0.7618374533987946,0.9192559309508246,0.05837329637904726,0.3471017669305847,0.23677467875225178,1.4659581369077612,0.9911561282748059,-0.011175366220739336
/home/iiitn/Datasets/FaceForensics++/manipulated_sequences/Face2Face/c23/videos/399_488.mp4,1,7.825595318018242,3.420665188885806,2.287740800661999,0.9106510333169409,0.021524260915857418,6.469094881397122,5.567596947578589,1.1619186773587489,0.9059383745487507,-0.0009566318288251014,0.022098424462120455,0.012107924825946371,1.8251207188506156,0.9826430748608592,-0.008460226673382984
/home/iiitn/Datasets/FaceForensics++/manipulated_sequences/Face2Face/c23/videos/403_497.mp4,1,4.9535442658905575,21.335906280736776,0.23216938623145755,0.962847606655775,0.23227871230847963,3.359422701211171,13.67779277942777,0.2456114634419631,0.9549978671114728,0.2116974819627359,1.3104858565957682,1.6848798751947447,0.7777918627251081,0.9947068098777382,0.029823315822782342
/home/iiitn/Datasets/FaceForensics++/manipulated_sequences/Face2Face/c23/videos/384_932.mp4,1,3.4456493630605416,35.6268273934464,0.09671502109936327,0.8953507694628337,0.17896953882952724,2.188520271782387,33.81909015674734,0.06471257096624608,0.8967533527786898,0.2166581791072876,0.323087045928061,0.3067611700603438,1.0532201512483006,0.9964015967474152,0.013173591088296101
/home/iiitn/Datasets/FaceForensics++/manipulated_sequences/Face2Face/c23/videos/406_391.mp4,1,35.49894795160129,188.73223613809122,0.18809159832996145,0.9099035939644864,0.3082501845754745,22.076572589233695,94.93939430253535,0.23253332035049798,0.9671707093277382,0.22971946498373147,2.2933338376866508,2.5569477042798,0.8969029103912003,0.997135809955207,0.03894486618349029
/home/iiitn/Datasets/FaceForensics++/manipulated_sequences/Face2Face/c23/videos/401_395.mp4,1,2.946558527496022,35.60722087151051,0.08275171314629544,0.7604748301164296,0.11699258512118564,2.3982390193107928,29.31488403867378,0.08180960279927788,0.8868110129732364,0.05225939403675037,0.26607212607763414,0.1856400337290671,1.4332691108317397,0.9941387757106955,0.0010090211954414368
/home/iiitn/Datasets/FaceForensics++/manipulated_sequences/Face2Face/c23/videos/405_393.mp4,1,15.723400486994883,131.65484185373234,0.11942895730689099,0.9337755067060183,0.2195648242886936,9.093931893264566,99.97861231077881,0.09095877291231555,0.953372974869993,0.18163264105090268,1.1504290306626368,1.390761115047339,0.8271938424331617,0.9955461889917809,0.06360931094347735
/home/iiitn/Datasets/FaceForensics++/manipulated_sequences/Face2Face/c23/videos/409_382.mp4,1,27.098210119241866,65.22575430574078,0.41545261388961574,0.8246408594711602,0.5483004669873187,16.881195592909066,42.750038790385695,0.3948814099486987,0.9255478937158532,0.5189658786814146,1.1779256214641336,0.8291641317187558,1.420618157978491,0.9962024857281531,0.1729815520422841
/home/iiitn/Datasets/FaceForensics++/manipulated_sequences/Face2Face/c23/videos/407_374.mp4,1,17.67317781650187,101.17225623017491,0.17468403369688612,0.8510437175362476,0.09506546425476609,9.706816880644622,48.54824237252586,0.1999416746369761,0.9046339245305045,0.05856761141719599,0.9075861764146186,0.6164132000567406,1.472366549468888,0.9922347657675215,0.01733791188192038
/home/iiitn/Datasets/FaceForensics++/manipulated_sequences/Face2Face/c23/videos/408_424.mp4,1,27.606497766037535,68.87909784372255,0.40079644812818227,0.9315046903992444,0.28262562340696645,14.710404626910618,53.26195638205024,0.276189716378277,0.9376780653087224,0.29160512257000404,1.6030455234042542,1.5769216647471784,1.0165663642279048,0.9953819643476388,0.08572018623619868
/home/iiitn/Datasets/FaceForensics++/manipulated_sequences/Face2Face/c23/videos/389_480.mp4,1,11.668946101638625,6.202193148240447,1.8814225585588362,0.920105323878217,0.08646704614448629,7.992091981103386,8.459123817204686,0.9447895732237159,0.8840612554833802,0.09351565309570761,0.5500707581483845,0.36172151518087,1.5207023499095293,0.9968689974502488,0.012155993415067876
/home/iiitn/Datasets/FaceForensics++/manipulated_sequences/Face2Face/c23/videos/386_154.mp4,1,3.4857300995532037,0.6535426671510364,5.333592242337312,0.8486279735989924,0.0026610153536075595,2.5044286753121594,4.399801137659027,0.569214061489305,0.7961308019893748,0.0019137985110592812,0.022460830582292274,0.012312278838526548,1.8242626630587453,0.9859112643732343,0.01090870308219961
/home/iiitn/Datasets/FaceForensics++/manipulated_sequences/Face2Face/c23/videos/404_429.mp4,1,5.540859271596246,86.44525997940501,0.06409673905678943,0.9134953626386996,0.06209062496502828,3.7587750674819467,71.31921988190082,0.05270353592911127,0.9303409409443489,0.06647170881421303,0.9449800680524607,1.1324458031777194,0.8344594199570371,0.993930418142873,-0.021708100973691417
/home/iiitn/Datasets/FaceForensics++/manipulated_sequences/Face2Face/c23/videos/413_372.mp4,1,12.286689056589891,13.645641726842085,0.9004112303799517,0.8347051559145706,0.06985638443283344,8.916051677055373,7.925180444535106,1.125028223578623,0.8887703243404433,0.05541619274751934,0.621265387264894,0.41294190278737936,1.5044861833379473,0.9969740983011851,0.012072828091862447
/home/iiitn/Datasets/FaceForensics++/manipulated_sequences/Face2Face/c23/videos/415_484.mp4,1,44.38729761079375,86.05579873191654,0.5157967070768853,0.7861323028705495,0.15420279666453834,24.578635796584297,46.78280534618867,0.5253775530283946,0.8681708624862315,0.10812944154236491,0.10263769875775695,0.05119473480774774,2.004848724057145,0.9668353527440162,0.010775078024851779
/home/iiitn/Datasets/FaceForensics++/manipulated_sequences/Face2Face/c23/videos/412_274.mp4,1,7.667869794391922,12.208238640310357,0.6280897695653981,0.8134170501987334,0.21435478385141177,5.4627258235966485,12.163313679390455,0.44911493426768256,0.8755941025817146,0.17228849720546177,0.36419330156303564,0.2576491923147704,1.4135239404053717,0.996914029452847,0.008570631902798404
/home/iiitn/Datasets/FaceForensics++/manipulated_sequences/Face2Face/c23/videos/420_257.mp4,1,28.761963444353455,67.15155379161416,0.4283141911147442,0.8828215367905609,0.3869048221506911,13.999369771134363,69.66365762285487,0.20095657117121463,0.9123496129619415,0.33029967819596107,1.6034148819732896,1.3064430133964653,1.2273132968921183,0.9947008249297399,0.08832444225864351
/home/iiitn/Datasets/FaceForensics++/manipulated_sequences/Face2Face/c23/videos/416_342.mp4,1,11.084425775640065,24.741160091237617,0.44801560374550703,0.8082163750103067,0.08347265580675113,7.081357390212226,17.19702870331525,0.41177795957548635,0.9085199070749693,0.07743888299542752,0.9330312757982622,0.6211057938514222,1.502209905357053,0.990320832972882,0.0007612552740170318
/home/iiitn/Datasets/FaceForensics++/manipulated_sequences/Face2Face/c23/videos/397_602.mp4,1,4.245519747551595,13.203992548049591,0.3215330311723567,0.8508332991855821,0.025842058475669918,3.0579498654915693,13.096211031287764,0.23349882329980123,0.8564794348298385,0.009051724463983205,0.2861149941769835,0.18122757770564898,1.5787607923651297,0.9863844472909834,-0.003971351120658858
/home/iiitn/Datasets/FaceForensics++/manipulated_sequences/Face2Face/c23/videos/417_496.mp4,1,41.41927650061883,36.381247110839844,1.1384787435799004,0.9208463313943455,0.15739914117555842,21.769798920185753,58.39378081679225,0.3728102310841539,0.9782768575069283,0.10614282187536518,1.684824626822029,1.498634927796391,1.124239529969726,0.9957052821892511,0.026648515633262277
/home/iiitn/Datasets/FaceForensics++/manipulated_sequences/Face2Face/c23/videos/418_507.mp4,1,2.202549415650464,0.438433333257753,5.0236814780585926,0.8125949710983029,0.10346518213288036,1.997727512039587,0.6216982370988794,3.2133395155853623,0.8161664897759406,0.031207660821950107,0.21886605432569803,0.13581137714346894,1.6115443266177285,0.9857263382568745,-0.0018585529096995113
/home/iiitn/Datasets/FaceForensics++/manipulated_sequences/Face2Face/c23/videos/421_423.mp4,1,18.003817242581636,132.6937655598872,0.1356794508514884,0.8661086394950654,0.21332944868354745,11.882001871492648,66.1938682521645,0.17950305950134757,0.9169420147021349,0.21111658166742497,1.0515738045493348,0.8256567808158733,1.2736209875370021,0.994753797387864,0.010463707687112734
/home/iiitn/Datasets/FaceForensics++/manipulated_sequences/Face2Face/c23/videos/419_824.mp4,1,4.155190877612443,9.772293557923184,0.4252011928400878,0.9321955104034564,0.04442925067931985,3.3491485609973655,7.526441256321605,0.44498434876965925,0.9332525867599926,0.02485722090793262,0.6196267579217606,0.6306330717976231,0.9825471984136688,0.9902323003041982,-0.012929013186034148
/home/iiitn/Datasets/FaceForensics++/manipulated_sequences/Face2Face/c23/videos/424_408.mp4,1,11.183286266132297,8.37557019267997,1.3352268572599628,0.837167648097715,0.3367268161656579,5.773379557046174,17.175837177456447,0.33613380805820775,0.8807827187048431,0.2617792707272061,0.2913808916337654,0.18483151976093015,1.5764675419574068,0.9950641663771269,0.05161273086783076
/home/iiitn/Datasets/FaceForensics++/manipulated_sequences/Face2Face/c23/videos/427_637.mp4,1,0.0,0.0,0.0,0.0,0.0,0.0,0.0,0.0,0.0,0.0,0.0,0.0,0.0,0.0,0.0
/home/iiitn/Datasets/FaceForensics++/manipulated_sequences/Face2Face/c23/videos/423_421.mp4,1,5.393528812769919,120.84862221243105,0.04463045348824105,0.957266781776501,0.09478169210417754,4.860356105464867,63.98690561313407,0.07595860526293714,0.9584346197091649,0.08644276750703757,1.6879208576154248,2.4709991094912325,0.6830924588892142,0.9958774849422847,-0.008655756422538546
/home/iiitn/Datasets/FaceForensics++/manipulated_sequences/Face2Face/c23/videos/425_485.mp4,1,46.71532002298312,93.96399041894769,0.49716194272612596,0.8758990735694846,0.08747854836625449,26.891133670621116,61.383582085974375,0.43808348676942904,0.9129058219256286,0.061156951473698956,1.4371313967253083,0.8835991606460317,1.62645174501362,0.9927880224167186,0.009580123571219911
/home/iiitn/Datasets/FaceForensics++/manipulated_sequences/Face2Face/c23/videos/402_453.mp4,1,4.749331775477587,2.1399127014617267,2.2194044515149725,0.8914959871168859,0.049404629031572604,3.7605590687567125,2.8568169622176263,1.316345820712836,0.8715811747260581,0.009973836945257306,0.3724902310848239,0.26545038814481564,1.4032386002073314,0.9956347576294656,-0.009743552937503066
/home/iiitn/Datasets/FaceForensics++/manipulated_sequences/Face2Face/c23/videos/432_357.mp4,1,12.8280259193288,84.5675631602769,0.15168967202018638,0.9158954276550141,0.27094500899620544,8.13462639365165,56.04201125498836,0.1451522922087772,0.919818257618175,0.26501376518561875,1.1931743526684961,1.0905892805571247,1.0940638918245795,0.9936331560209403,0.08555794760958457
/home/iiitn/Datasets/FaceForensics++/manipulated_sequences/Face2Face/c23/videos/410_411.mp4,1,1.9547915760634391,1.0515454839865581,1.858970064378525,0.8801732009794933,0.0030191955487421625,1.9222542289417854,3.10196692967259,0.6196888208426766,0.8595205112654994,0.011266237734866031,0.14277643392122072,0.10064000208203687,1.4186847274191854,0.9928091332917743,-0.003715540001629556
/home/iiitn/Datasets/FaceForensics++/manipulated_sequences/Face2Face/c23/videos/414_385.mp4,1,5.295670557693206,21.395344440940622,0.24751508779451029,0.9112440153144471,0.017515218641184112,4.094272341325465,21.128412843196596,0.19378040232888724,0.9044701306848557,0.009945213249837399,0.3352217300621659,0.3603597656041571,0.9302418362387201,0.9926140894237042,0.0003031637220159574
/home/iiitn/Datasets/FaceForensics++/manipulated_sequences/Face2Face/c23/videos/429_404.mp4,1,11.084783917855694,61.0634408554452,0.1815289764639464,0.9497062692345528,0.12723159464854852,6.216077650131079,67.30307403452406,0.09235949084498658,0.88981281241232,0.09664430348415153,1.206255198652172,1.443214081626054,0.8358116886533542,0.9977926480025086,0.01023030200879856
/home/iiitn/Datasets/FaceForensics++/manipulated_sequences/Face2Face/c23/videos/428_466.mp4,1,2.9451075389953814,4.093116446205593,0.7195269369200478,0.900386125357052,0.051426267508911876,2.353158060341664,12.936548968722533,0.18189998476649644,0.8984715687943151,-0.007970076066452714,0.2466463646219603,0.17453873321258687,1.4131325470407012,0.9943035210743488,0.00705038772272489
/home/iiitn/Datasets/FaceForensics++/manipulated_sequences/Face2Face/c23/videos/411_410.mp4,1,2.942613522766339,10.843446508120328,0.27137253091650376,0.9173598176502799,0.08160751782781595,3.0646298447942546,13.673573147062873,0.22412794460038757,0.8922840036836082,0.041753179986776405,0.5370502082105608,0.5410860008921626,0.9925413101153099,0.9960257752364567,-0.011756322267621211
/home/iiitn/Datasets/FaceForensics++/manipulated_sequences/Face2Face/c23/videos/434_438.mp4,1,21.95331251873556,101.95908302181626,0.2153149270088884,0.8120538922087376,0.22146137882228367,12.488235937058988,48.37353003060915,0.25816259283035264,0.8891626012806864,0.1813927010660336,0.049772144632825144,0.02587197511244639,1.9237860432573217,0.9734614097863075,0.0223504458489024
/home/iiitn/Datasets/FaceForensics++/manipulated_sequences/Face2Face/c23/videos/431_447.mp4,1,11.228552839228245,16.848217843522374,0.6664534459082437,0.8602700972904289,0.13575506660529604,6.059417076072904,13.23774194347832,0.4577379663348193,0.9174206746421915,0.0712790011169777,0.5103059791418593,0.3995284602858456,1.2772706574564352,0.9958079447404632,0.007878094098244364
/home/iiitn/Datasets/FaceForensics++/manipulated_sequences/Face2Face/c23/videos/438_434.mp4,1,7.41727453693296,24.280663582969606,0.3054807176742656,0.947759816532676,0.12424957637915361,4.772584768471055,18.609117209189773,0.2564648669155677,0.9778787463571258,0.0933658721033372,0.8902034858208608,0.9145812329888668,0.9733454544126834,0.9983062544423523,-0.00020040179851345732
/home/iiitn/Datasets/FaceForensics++/manipulated_sequences/Face2Face/c23/videos/435_456.mp4,1,15.922812243222575,68.05352047469749,0.23397484997330484,0.8995480667408539,0.17624089481347086,9.286400186004796,46.159003684384516,0.20118285588443852,0.9706168301784315,0.13533282981353043,0.932541345169471,0.8295240514618962,1.1241884349537836,0.9953691415807878,0.01535574545181523
/home/iiitn/Datasets/FaceForensics++/manipulated_sequences/Face2Face/c23/videos/433_498.mp4,1,6.3720659350163205,87.60097776933357,0.0727396668082281,0.8750606685246005,0.21893172745992895,3.9403668555586164,65.09805637663088,0.06052971586065883,0.8967986622972989,0.14688220110880099,0.4824859658357094,0.361871311812015,1.3333081404539506,0.9934436933065718,0.0194027609559441
/home/iiitn/Datasets/FaceForensics++/manipulated_sequences/Face2Face/c23/videos/439_441.mp4,1,3.404569686583647,26.84635694573657,0.12681682261266072,0.9182468270088021,0.09540459469324,3.8070618925667126,15.976205696574416,0.23829574836927736,0.9472773255870451,0.06999926317492587,0.7014185409996928,0.8346022769509552,0.8404225106624184,0.9957379539939498,0.007141907350120506
/home/iiitn/Datasets/FaceForensics++/manipulated_sequences/Face2Face/c23/videos/440_364.mp4,1,7.914943488068267,30.622589528503138,0.2584674780916595,0.8953334303363715,0.0025222919258351254,4.727330944259609,23.045744025627737,0.20512815463899273,0.9376886526462535,-0.001985002687412612,0.8816421519809897,0.8682206441995358,1.0154586370079095,0.9925559572767582,-0.0003719692273745165
/home/iiitn/Datasets/FaceForensics++/manipulated_sequences/Face2Face/c23/videos/422_695.mp4,1,2.619900075587284,1.050857988159103,2.493105733703214,0.8613569360623492,0.054640152068318425,1.8020357992873273,7.226033712720342,0.24938103957571015,0.7039286138039843,0.011359772652623836,0.013946097157089984,0.007290344503776201,1.91295447696145,0.9712255637744026,-0.01133273529631997
/home/iiitn/Datasets/FaceForensics++/manipulated_sequences/Face2Face/c23/videos/441_439.mp4,1,7.488620237977291,49.20211540384617,0.15220118437005048,0.9266012228869384,0.09733103866485342,6.515862543968592,24.60101395357802,0.2648615441730975,0.9479548068302054,0.08108851923278423,0.9502326931895325,0.8924748910563934,1.0647164449240394,0.995820244888152,0.005686575777924515
/home/iiitn/Datasets/FaceForensics++/manipulated_sequences/Face2Face/c23/videos/443_514.mp4,1,82.2618237720917,75.1272154958327,1.0949670266516767,0.8929888993268137,0.46673445732755786,44.933134983430726,65.49466423221615,0.6860579485393954,0.9570046852566209,0.3994217404125448,1.4317851348564588,0.8613589487100352,1.6622398095482604,0.9956021406749356,0.13003881473147447
/home/iiitn/Datasets/FaceForensics++/manipulated_sequences/Face2Face/c23/videos/437_360.mp4,1,9.9077815820664,21.84327796843034,0.4535849242218097,0.8908112326515774,0.06329515884144624,8.199441278298364,11.864201052091486,0.6911077486210436,0.9152311359754108,0.04597779487242111,0.2923980621361546,0.19690231909507694,1.484990443383078,0.9902091505410752,0.012853508814781337
/home/iiitn/Datasets/FaceForensics++/manipulated_sequences/Face2Face/c23/videos/447_431.mp4,1,2.325949483263518,31.585894059458656,0.07363886799864047,0.9041056311977052,0.030530674155829687,3.744834963901005,25.105730811723205,0.14916255543345272,0.8851911993376443,0.08445703225106194,0.6672236629666242,0.8357115783728174,0.7983898754469219,0.9912134341000124,-0.0001093754446960089
/home/iiitn/Datasets/FaceForensics++/manipulated_sequences/Face2Face/c23/videos/444_655.mp4,1,48.4369951756348,270.8438466978742,0.17883734766795784,0.9285111284027655,0.29757140843230684,25.390991518854438,176.36260437075052,0.14397038198345805,0.9509844509875034,0.23101981107937092,2.4824809474257905,3.7308206296349162,0.6653980970585328,0.9964780885785708,0.08389995330635315
/home/iiitn/Datasets/FaceForensics++/manipulated_sequences/Face2Face/c23/videos/426_287.mp4,1,8.619295208694567,5.256285547179499,1.6398072614832815,0.8954809259438132,0.0313919425842859,5.494865513704596,8.983152367195894,0.6116856632389314,0.8714376874937161,0.05141173373587327,0.29479858970559064,0.21889921655255104,1.3467320456801108,0.9918355846407478,0.005937320726887962
/home/iiitn/Datasets/FaceForensics++/manipulated_sequences/Face2Face/c23/videos/436_526.mp4,1,20.760143743240384,42.83024268027359,0.484707590807136,0.8098894205778828,0.1280708761443922,11.693483797442235,29.38868857325025,0.3978906295289988,0.8908470268566212,0.08070900816320402,6.781474445276431e-05,nan,0.0,0.9424904178279001,-0.0008068920587880812
/home/iiitn/Datasets/FaceForensics++/manipulated_sequences/Face2Face/c23/videos/452_550.mp4,1,12.215294277418751,85.65018703895366,0.14261841917360019,0.9124848437378444,0.3389399704120989,6.551472132504085,40.99225978905802,0.15982217536230722,0.9655033518039349,0.27699209595290075,1.8106843671739068,2.185049448330165,0.8286697440909856,0.9982121725375914,0.06724729018473376
/home/iiitn/Datasets/FaceForensics++/manipulated_sequences/Face2Face/c23/videos/430_459.mp4,1,4.991215366196228,2.5394466473338277,1.965473608762964,0.8995493485982343,-0.001306733621397202,3.27794236389413,9.10124701159677,0.36016409176867625,0.8591704740298561,-0.00933314116299487,0.2485157464422134,0.20540395988635182,1.209887806348597,0.9963263358838038,-0.005961094709781392
/home/iiitn/Datasets/FaceForensics++/manipulated_sequences/Face2Face/c23/videos/449_451.mp4,1,4.453095352763402,28.508132612375217,0.15620438607158502,0.894209290894957,0.24445628090296206,3.2929229308161467,18.919597298147877,0.17404825689067416,0.9344572597044073,0.1828445292451363,0.4842133245601463,0.42510894871055865,1.1390334784267966,0.9941252333041927,0.018673025208279504
/home/iiitn/Datasets/FaceForensics++/manipulated_sequences/Face2Face/c23/videos/454_527.mp4,1,13.909190671377159,25.073755071421648,0.5547310577038562,0.8838813811449483,0.05625859496775134,10.41242527625718,22.66303939850752,0.45944522679261157,0.9360172726347072,0.015287891453062436,0.5920085857229104,0.4050961296656071,1.4614027199213013,0.9930476461940431,0.0168614578823703
/home/iiitn/Datasets/FaceForensics++/manipulated_sequences/Face2Face/c23/videos/448_361.mp4,1,5.603348687186528,5.8146683086314965,0.9636574933893859,0.913878171992302,0.015318975367772244,3.8855435873549737,8.191984810078651,0.4743103994253706,0.8914001226046778,0.003212908910506414,0.6019951267879994,0.4786008241614706,1.2578230048866317,0.9939988025919537,0.006941839750594292
/home/iiitn/Datasets/FaceForensics++/manipulated_sequences/Face2Face/c23/videos/455_471.mp4,1,13.6497028194778,200.60043281594764,0.06804423414181515,0.8780886169596113,0.14216874331890714,9.693276035424134,97.87202817583356,0.09904031025094855,0.9584963459634356,0.15767689747941172,1.8782997336312457,2.6306985355859123,0.7139927696857552,0.9954337266242539,0.01564633293085141
/home/iiitn/Datasets/FaceForensics++/manipulated_sequences/Face2Face/c23/videos/445_494.mp4,1,0.996706929018084,5.72163660073529,0.1741996212919214,0.8238683086052442,0.06977384874954126,0.8609247819778639,3.286394300326451,0.26196636900579606,0.8539739510762807,0.08889465112666768,0.1807959140641161,0.12541674580837034,1.4415611958259704,0.9940694912103348,-0.004059979292660268
/home/iiitn/Datasets/FaceForensics++/manipulated_sequences/Face2Face/c23/videos/451_449.mp4,1,4.021730644388594,47.03736114914549,0.0855007710070414,0.8420443526311416,0.21207097449407156,3.257336042794814,42.894022235104025,0.07593916058841979,0.9159869022152805,0.13910137984835413,0.20587316039412315,0.1386512189096882,1.4848276272870027,0.9897025035577869,0.028251099020138507
/home/iiitn/Datasets/FaceForensics++/manipulated_sequences/Face2Face/c23/videos/456_435.mp4,1,0.0,0.0,0.0,0.0,0.0,0.0,0.0,0.0,0.0,0.0,0.0,0.0,0.0,0.0,0.0
/home/iiitn/Datasets/FaceForensics++/manipulated_sequences/Face2Face/c23/videos/453_402.mp4,1,4.200101652793465,1.9401998000806149,2.164777902058825,0.8519744691817474,0.010205310993926395,4.0278642093855,11.266912277164712,0.3574949471781191,0.7630770501380582,0.00016798853913174464,0.069368616177495,0.037159183499416236,1.8667960284591498,0.9838029758485964,0.003274233065491367
/home/iiitn/Datasets/FaceForensics++/manipulated_sequences/Face2Face/c23/videos/457_398.mp4,1,31.650260611239855,75.31618905665225,0.42023183870114267,0.9147918982615021,0.07935427706465312,18.07078905801575,39.13261533555619,0.46178332071755235,0.9592069184998593,0.052343699017166845,0.672702058539287,0.45444039921797863,1.4802866551849325,0.9793168942981615,-9.893918256220708e-06
/home/iiitn/Datasets/FaceForensics++/manipulated_sequences/Face2Face/c23/videos/458_722.mp4,1,16.671667930286713,23.55027780250461,0.7079181005887606,0.8250809474809367,0.06202777891497209,8.4318015463397,14.616415562823562,0.5768720456871621,0.9141744813049143,0.0529451190498911,0.39925864532923,0.25718975356872037,1.5523893926145438,0.9862267332782396,-0.001092003645531503
/home/iiitn/Datasets/FaceForensics++/manipulated_sequences/Face2Face/c23/videos/463_464.mp4,1,59.49178703132975,63.51930114123078,0.9365938535604142,0.8964399234522314,0.34492787216142395,33.57179564918598,62.468712335967275,0.5374177631296639,0.9576971834813066,0.298798695293279,1.3412648508553768,0.8634671995775678,1.5533477722275506,0.9939782297399712,0.09043430702744383
/home/iiitn/Datasets/FaceForensics++/manipulated_sequences/Face2Face/c23/videos/462_467.mp4,1,27.212346565854485,42.47308280966631,0.6406962896430328,0.8855321371890917,0.11391814391452164,17.484679322214067,30.959400905927794,0.5647615525682307,0.9352221418311114,0.08608472199784342,1.7564464980070589,1.1752266227937578,1.4945598269647948,0.9926372897657828,0.013613959592063319
/home/iiitn/Datasets/FaceForensics++/manipulated_sequences/Face2Face/c23/videos/442_195.mp4,1,6.585901891634826,4.1199419874010665,1.5985423852507523,0.8708291384306984,0.04359931030086817,6.619106779273479,7.591940813893965,0.8718596392585005,0.8583187929061771,0.046928666521122,0.44967325513441325,0.2706761594707343,1.661296126018931,0.9881358247312879,0.011584020438331717
/home/iiitn/Datasets/FaceForensics++/manipulated_sequences/Face2Face/c23/videos/464_463.mp4,1,23.05014934783719,256.57120324304606,0.0898391910568472,0.9467609425206586,0.045628206592838116,13.112271143051464,154.33307997290453,0.08496085962486798,0.9588861763566925,0.009167452702698826,3.1562321456830045,5.934642878046028,0.5318318575425702,0.9950478045809623,0.00953112441027834
/home/iiitn/Datasets/FaceForensics++/manipulated_sequences/Face2Face/c23/videos/467_462.mp4,1,13.546822310324131,100.97501172731582,0.13416014594687525,0.8548797917741604,0.06901983051193142,7.872364354460064,50.56090920746927,0.15570060898543125,0.9317546840443368,0.060844621541648325,0.5756192175134612,0.39769947147852647,1.4473723471984585,0.9807104069132032,0.003195591763367294
/home/iiitn/Datasets/FaceForensics++/manipulated_sequences/Face2Face/c23/videos/460_678.mp4,1,1.8331298021566915,13.600757784726772,0.13478144609083761,0.8029330059273793,0.07203053618051099,1.5726875794314026,10.837837081915508,0.1451108341585664,0.9108162256422592,0.07395689189763137,0.3287579702089166,0.3376671224228755,0.9736155769325935,0.9868110878961117,-0.002054757127259917
/home/iiitn/Datasets/FaceForensics++/manipulated_sequences/Face2Face/c23/videos/469_481.mp4,1,7.371369825894192,2.316706185668725,3.181831978303464,0.9309320319268591,0.10433867973238328,6.318704413958986,1.909681194000597,3.3087744874954295,0.9346606461394149,0.06655488995241654,0.3699546841415134,0.20841839424518074,1.7750577413349775,0.9911019936623354,-0.0014622657261608091
/home/iiitn/Datasets/FaceForensics++/manipulated_sequences/Face2Face/c23/videos/446_667.mp4,1,2.0540729114241874,0.9731747714981749,2.1106927260989314,0.8834647369651719,0.014541673230701225,1.7484140088613802,1.870347023554156,0.9348072773890533,0.8506885146772176,0.007045944612615439,0.17235603143625763,0.10774854762092023,1.599613500523819,0.985153737770629,0.006345895982649491
/home/iiitn/Datasets/FaceForensics++/manipulated_sequences/Face2Face/c23/videos/461_250.mp4,1,8.850698814030514,96.23595270589925,0.09196873481450937,0.9101778140726413,0.2841541954116043,5.1368442002162125,53.631313873997726,0.09578068910049076,0.9531817959848518,0.23663666713862744,0.8292975206226335,0.9778317073214108,0.8480984144954153,0.9972828652993062,0.01901889925056433
/home/iiitn/Datasets/FaceForensics++/manipulated_sequences/Face2Face/c23/videos/468_470.mp4,1,13.100880575936385,5.983359430921652,2.1895526630460806,0.9095696040820695,0.07299943058808131,7.910828468124527,5.128139709049554,1.5426312302226093,0.9090092258903605,0.06223655416104399,0.6584056868739617,0.3462535457243047,1.9015131974943007,0.9944537665894995,-0.013770631663906956
/home/iiitn/Datasets/FaceForensics++/manipulated_sequences/Face2Face/c23/videos/471_455.mp4,1,31.155181031683743,28.126133325648635,1.1076951343067436,0.9350098992569729,0.2320438560077352,17.17103015485898,18.949301239950213,0.906156376819734,0.9737686213519382,0.22095587669540312,1.0082899355524966,0.7050413865598735,1.4301145362150605,0.9964110820636343,0.06044215821673535
/home/iiitn/Datasets/FaceForensics++/manipulated_sequences/Face2Face/c23/videos/465_482.mp4,1,1.7962462324011506,4.116065470433668,0.43639884868301143,0.7805615048465678,0.029535731688480473,1.5409040661970639,1.836385959971641,0.8390959742585158,0.8172964373692923,0.05095665187514387,0.18393203966990132,0.11307912625889371,1.6265781825090375,0.9902113766631814,-0.003220096395991265
/home/iiitn/Datasets/FaceForensics++/manipulated_sequences/Face2Face/c23/videos/470_468.mp4,1,10.245587128131309,117.62115028627179,0.08710667344431784,0.8972323734880072,0.038633387301715644,6.669586193797506,63.41444087518085,0.10517456436973568,0.9166758404580512,0.014002770302583624,0.3689994289408723,0.23924785600986495,1.5423311836309925,0.9851327132336022,0.0008180913150013225
/home/iiitn/Datasets/FaceForensics++/manipulated_sequences/Face2Face/c23/videos/472_511.mp4,1,33.80246863075312,22.808023518247765,1.4820428698571426,0.8271628035619369,0.10985420151738187,16.036723514503873,16.847038269344765,0.9519016493056018,0.8824286058832063,0.08807395857857772,0.46283492936493315,0.24109277181335895,1.9197378912845842,0.986095587526286,0.008668756439171903
/home/iiitn/Datasets/FaceForensics++/manipulated_sequences/Face2Face/c23/videos/473_366.mp4,1,52.833153727359075,33.46222073712994,1.5788896422147798,0.8825834000959051,0.39462534344013667,32.00572178335897,26.44707690964424,1.210179933786471,0.9494606920520224,0.3474493108558258,0.5385364285281153,0.3094727758332865,1.7401738394534123,0.9927871812596477,0.08479748381366123
/home/iiitn/Datasets/FaceForensics++/manipulated_sequences/Face2Face/c23/videos/450_533.mp4,1,1.0652894764948753,1.784826482530075,0.5968588470206794,0.7565295701344068,0.01279247489233659,1.0437096204970346,6.0330047089427765,0.17299996781867824,0.6953583836016914,0.019208163402504193,0.00011094237088779293,5.9995454296934114e-05,1.8491796118203958,0.9849000069315728,-0.0069866217919628375
/home/iiitn/Datasets/FaceForensics++/manipulated_sequences/Face2Face/c23/videos/474_281.mp4,1,71.7417938854205,192.502089532884,0.37268059821846905,0.9365745004372328,0.465975029870257,42.849036314919545,114.03142927240918,0.3757651428936988,0.9824349231391754,0.4054048232935524,3.2181621805393372,2.7556999426524107,1.1678202444065076,0.9974071476862468,0.13899492421777251
/home/iiitn/Datasets/FaceForensics++/manipulated_sequences/Face2Face/c23/videos/466_428.mp4,1,6.93276612435533,20.300774556269914,0.3415025424344776,0.9247977952689524,0.025926101153571423,5.170966047913422,14.521866038499866,0.356081376470788,0.943539107032254,0.013309559704211283,0.5076270236873734,0.516607470681223,0.9826164980115221,0.9941699636099691,0.008000450326665149
/home/iiitn/Datasets/FaceForensics++/manipulated_sequences/Face2Face/c23/videos/476_400.mp4,1,16.108920739507205,7.3041736821963354,2.2054405385748326,0.9525945695669463,0.04698775169108305,9.730861824920684,12.47642843136608,0.7799396981637016,0.9000731453719041,0.04480441004873306,0.9077282270499474,0.6548383894407209,1.3861866403788767,0.995887444993241,0.009301867803152208
/home/iiitn/Datasets/FaceForensics++/manipulated_sequences/Face2Face/c23/videos/478_506.mp4,1,25.742229100092498,95.86808886351359,0.26851718236233374,0.7649534162754957,0.28462962578400003,17.648523291963684,55.26653233434794,0.3193347320073345,0.8583179728387759,0.19772832888439812,1.5971623185339006,0.998445353620936,1.5996492073819295,0.9960366090334802,0.05306813183306288
/home/iiitn/Datasets/FaceForensics++/manipulated_sequences/Face2Face/c23/videos/485_425.mp4,1,17.406055238929046,65.24099834025408,0.2667962735357072,0.913033760559566,0.20124291878698414,9.355032930932737,32.852160107301074,0.28476157733243457,0.9359414814681427,0.18646033494990957,1.0527671678351875,0.770215517683607,1.3668475169149326,0.9962576649733883,0.042589116837657114
/home/iiitn/Datasets/FaceForensics++/manipulated_sequences/Face2Face/c23/videos/482_465.mp4,1,8.243666118010063,24.8310934026079,0.3319896544364118,0.9395102106521077,0.02431275389146059,7.5687658268691225,21.304311699094534,0.3552692024868753,0.9400589835815193,0.019601175085349514,1.1500406037586766,1.7381398579709824,0.6616502109911779,0.9966972111124667,0.004367851481164538
/home/iiitn/Datasets/FaceForensics++/manipulated_sequences/Face2Face/c23/videos/484_415.mp4,1,13.251589048519568,37.14573327307565,0.3567459269440434,0.9506740063831044,0.10670574420206197,7.7215572937982495,26.84454200528208,0.28763974785931956,0.9722785998540928,0.048728492549314016,0.9778708898285987,0.8618850819850468,1.1345722420167892,0.9966363125577775,0.016824038820515162
/home/iiitn/Datasets/FaceForensics++/manipulated_sequences/Face2Face/c23/videos/477_487.mp4,1,4.692808191486154,4.868883569257509,0.9638366012933421,0.891107034311062,0.1630489157275338,3.428400500021327,6.045193702720383,0.5671283119478076,0.9383806358808225,0.13107547829000102,0.9520231832088789,1.3762884722222715,0.69173229480856,0.9932257031440287,0.015126873718496027
/home/iiitn/Datasets/FaceForensics++/manipulated_sequences/Face2Face/c23/videos/486_680.mp4,1,18.297398750185103,79.51242001364471,0.23012000825839762,0.888755895247698,0.5758876665206881,9.537956467134718,43.428362769373244,0.2196250528205756,0.9484066170994868,0.5516497817653283,1.2232248592041726,0.9886054491532233,1.2373236059460417,0.9940050493502587,0.15594387263678242
/home/iiitn/Datasets/FaceForensics++/manipulated_sequences/Face2Face/c23/videos/459_430.mp4,1,2.648008147280125,2.9778710901698555,0.8892286022794508,0.9338666967825814,-0.017277735965754878,2.1116511670604026,4.320351151299084,0.48876841097174506,0.8942445483605406,0.008779143530413817,0.18305583083378363,0.13767668062993474,1.3296066552172685,0.9882964555292318,-0.005031399026402726
/home/iiitn/Datasets/FaceForensics++/manipulated_sequences/Face2Face/c23/videos/480_389.mp4,1,15.345629707535627,17.638553571346847,0.8700049947669186,0.8828712898643661,0.07292291569843257,8.318014315847638,13.754893160405464,0.6047312922641734,0.9220912444947661,0.06297232446188371,0.6238901181156734,0.5056675177947718,1.233795124583982,0.9957223759740224,-0.0015613391058904758
/home/iiitn/Datasets/FaceForensics++/manipulated_sequences/Face2Face/c23/videos/475_265.mp4,1,3.253651572253721,1.3734199135365592,2.3690144144448593,0.8692852255682015,0.14473581448271222,2.720059364306836,1.4908473042092283,1.8245056731343814,0.910830265776147,0.054997766606787415,0.3381102992750787,0.3106572493006899,1.0883708654350974,0.996119719272976,-0.0139824485960669
/home/iiitn/Datasets/FaceForensics++/manipulated_sequences/Face2Face/c23/videos/481_469.mp4,1,42.54412170374278,44.9908931585453,0.9456162951426584,0.9096791131150971,0.05509062001829403,23.438489836146037,33.91501754022375,0.6910947284148568,0.9376104780392639,0.04279926842945447,0.41777513881302203,0.24776287211966083,1.686189440891092,0.988012657442875,0.007313160469461375
/home/iiitn/Datasets/FaceForensics++/manipulated_sequences/Face2Face/c23/videos/483_370.mp4,1,8.718703658128197,38.684867568575065,0.22537762712184323,0.8623850660912495,0.05203994668820827,5.577120148067414,29.48672146810941,0.18914005594345926,0.9104052996842239,0.047522827313811994,0.45836433723609504,0.34282765665164966,1.3370109684640854,0.9956041295022494,-0.01026499485468879
/home/iiitn/Datasets/FaceForensics++/manipulated_sequences/Face2Face/c23/videos/487_477.mp4,1,2.1468252299110984,9.878625507106454,0.21732023633922776,0.9072550816876852,0.03250413333295961,1.589409371080426,5.949160956622211,0.26716529989177734,0.9136064698061427,0.02467154599882297,0.326934744184122,0.3738661686714691,0.8744699884075695,0.997198223886961,0.00047979948449763097
/home/iiitn/Datasets/FaceForensics++/manipulated_sequences/Face2Face/c23/videos/489_022.mp4,1,20.369892226298802,18.60246681451236,1.0950102709178127,0.9624611426499887,0.12047410553799422,11.328921990814315,17.64576057964177,0.6420194776916953,0.9720660794512653,0.08001680519608483,1.3796785968610694,1.1284639678285862,1.2226164380913958,0.9976001632715105,0.016647054915711692
/home/iiitn/Datasets/FaceForensics++/manipulated_sequences/Face2Face/c23/videos/491_226.mp4,1,0.0,0.0,0.0,0.0,0.0,0.0,0.0,0.0,0.0,0.0,0.0,0.0,0.0,0.0,0.0
/home/iiitn/Datasets/FaceForensics++/manipulated_sequences/Face2Face/c23/videos/488_399.mp4,1,2.741224983615437,2.013850476956345,1.3611859544599447,0.942394934496862,0.06433050267047821,2.340971897584945,1.8797590797734045,1.245357409241581,0.9389371021361811,0.06320203424853514,0.5946480006928797,0.47908163094806583,1.2412247981959086,0.9955295648183186,-0.0031528400738740497
/home/iiitn/Datasets/FaceForensics++/manipulated_sequences/Face2Face/c23/videos/493_538.mp4,1,40.3008941662761,30.88226926234334,1.3049848708954,0.8457752880799165,0.037185330666668355,25.241886117023075,25.386836956323023,0.9942903151129331,0.9378181595827265,0.007294654996764154,0.2097313637134551,0.11085980586241902,1.8918611852319065,0.9857075880158485,0.005787437095951553
/home/iiitn/Datasets/FaceForensics++/manipulated_sequences/Face2Face/c23/videos/495_512.mp4,1,23.11551453513634,19.219990263167485,1.202680866047789,0.9266746515722023,0.022638258839619254,14.829194698414776,32.415074962869916,0.4574783404141741,0.9257634878856686,0.006978986833786397,1.016596569961191,0.6505622387727129,1.562643063758208,0.9942040132415331,0.008962814008103203
/home/iiitn/Datasets/FaceForensics++/manipulated_sequences/Face2Face/c23/videos/496_417.mp4,1,23.364842945586417,113.69269224501004,0.2055087489285126,0.9692125238554105,0.24698023655865436,14.156030115224242,57.30494995355392,0.24702979632122193,0.9779635056834063,0.2075252294868714,1.8496010192225973,1.788923001765421,1.0339187418336595,0.9903283069309351,0.04736140096017497
/home/iiitn/Datasets/FaceForensics++/manipulated_sequences/Face2Face/c23/videos/497_403.mp4,1,24.211333445807668,37.33789944647065,0.648438551839751,0.8627698482067764,0.031437247369247065,13.927921254360703,26.130971724407306,0.5330043368173524,0.9340621597697719,-0.004480280050812241,0.2868108973828439,0.155838311072345,1.8404389486080692,0.9911155851199277,0.0021290722041533224
/home/iiitn/Datasets/FaceForensics++/manipulated_sequences/Face2Face/c23/videos/479_706.mp4,1,7.2580424296848145,1.1360455951767239,6.388865429785632,0.88277746436482,-0.021180125055564724,4.621677720348669,6.624292379418449,0.6976862516980884,0.7676948999715725,-0.05320618446834824,0.2386825432031807,0.15937471164983807,1.4976186669287266,0.9940129135317927,0.0004606710617753067
/home/iiitn/Datasets/FaceForensics++/manipulated_sequences/Face2Face/c23/videos/498_433.mp4,1,12.996905418923143,53.22046884180958,0.24420877346185416,0.9055272768720087,0.24908107278723718,9.050981598054834,34.06072478009162,0.2657307399208693,0.9360467035471179,0.21126877731664814,0.6692894837960081,0.47523674682198425,1.4083285610207932,0.9935130462191545,0.06585181267370274
/home/iiitn/Datasets/FaceForensics++/manipulated_sequences/Face2Face/c23/videos/503_756.mp4,1,93.44104262626206,141.26602145721793,0.6614544790203527,0.9579627494648241,0.5469436340083521,56.87020625456063,83.02044686150825,0.6850144561306624,0.9890941226287646,0.4887872123954907,3.88707652185677,3.774706982273346,1.0297690761458123,0.9956205624739222,0.15330594090763905
/home/iiitn/Datasets/FaceForensics++/manipulated_sequences/Face2Face/c23/videos/501_326.mp4,1,88.79382866168685,162.60678886812974,0.5460647078745067,0.8144334155336556,0.3098622545915332,42.44242151143405,100.20517877958325,0.4235551697861116,0.9479281212271514,0.22050178282113483,1.832837871703665,1.376120799401038,1.3318873404874156,0.9956203073860147,0.06606906589671267
/home/iiitn/Datasets/FaceForensics++/manipulated_sequences/Face2Face/c23/videos/505_600.mp4,1,15.445045341036556,13.20466167016365,1.16966611692408,0.9171672350063181,0.30569730955752755,9.072032832685734,11.02703084053932,0.8227085753069346,0.9324097512929125,0.27536425687222155,1.3557714285668705,1.0093299538890335,1.3432390699819903,0.9972400916344135,0.0402203997339254
/home/iiitn/Datasets/FaceForensics++/manipulated_sequences/Face2Face/c23/videos/499_539.mp4,1,7.885274530980076,225.8425967933774,0.03491491261143391,0.9126626476115063,-0.009189796480643253,4.913446735103492,155.16088392685944,0.03166678747086552,0.903996608777453,-0.009104590465664378,0.3685397079120781,0.33365864212003604,1.1045411728897863,0.9882009437090756,0.004867479881354461
/home/iiitn/Datasets/FaceForensics++/manipulated_sequences/Face2Face/c23/videos/502_504.mp4,1,2.854095889258654,81.78085969325691,0.03489931384878781,0.9009672381580952,0.08656950515509788,1.9859416528399148,43.424136222786366,0.04573359024693305,0.8988347132141673,0.07619074967459001,0.003958526352659585,0.0020858480767395916,1.8978018566180497,0.9613904363063968,0.0025325697512541888
/home/iiitn/Datasets/FaceForensics++/manipulated_sequences/Face2Face/c23/videos/506_478.mp4,1,18.91338178858921,92.18091984196765,0.2051767526405006,0.9518767489237074,0.04580610964673771,10.52278395794359,54.31948909923225,0.19372023066565106,0.9745179356112951,0.03192302113894986,1.4274509782915448,1.6974338672460092,0.8409464461832045,0.997731262944893,0.006082030102204039
/home/iiitn/Datasets/FaceForensics++/manipulated_sequences/Face2Face/c23/videos/494_445.mp4,1,8.38893319405791,32.21339250338157,0.26041756369427066,0.8271574070488471,0.0063982590602964795,5.919642613947218,27.413683890185638,0.2159375090797814,0.9144220496915807,0.01084916253835713,0.14918820750409978,0.08811215109814219,1.6931626982744876,0.9866624003257264,-0.00012951200527348857
/home/iiitn/Datasets/FaceForensics++/manipulated_sequences/Face2Face/c23/videos/492_325.mp4,1,1.344207590479872,103.02482790619774,0.013047414082591325,0.8861479834552849,0.338072144777231,1.4113395617493867,66.42947202717791,0.021245683861102697,0.8835975871963756,0.34980605232272177,0.2994222223894129,0.28164609181236044,1.0631151331185358,0.9842341847819688,0.03178396443306033
/home/iiitn/Datasets/FaceForensics++/manipulated_sequences/Face2Face/c23/videos/509_525.mp4,1,11.156050543486058,78.93432494604824,0.14133332426813355,0.8152157123074903,0.3211944707043116,6.949074644209364,37.72353344230995,0.1842105977383185,0.9213583617958709,0.2886846099335746,1.0330417332042998,0.9041856895189829,1.1425105984080184,0.9955342766250282,0.04888626879834872
/home/iiitn/Datasets/FaceForensics++/manipulated_sequences/Face2Face/c23/videos/504_502.mp4,1,3.9751412315791996,31.296915917446086,0.1270138323553889,0.8983406200835721,0.016057378218175232,2.564207549224315,28.586113569320542,0.08970116007571935,0.9525225307905005,0.04386452447707286,0.7166791596221266,1.2287566295136356,0.5832555791831628,0.9951831737124697,-0.0012069782623847297
/home/iiitn/Datasets/FaceForensics++/manipulated_sequences/Face2Face/c23/videos/511_472.mp4,1,49.35234033849692,35.08321507431014,1.4067222811239846,0.8695125293989872,0.10854135531155266,30.131001012325186,39.103189786968564,0.7705509749070796,0.8964958366989206,0.10113422452252059,1.0044554735725169,0.5257623577757549,1.9104743021578798,0.9908839419776431,0.017118652801633442
/home/iiitn/Datasets/FaceForensics++/manipulated_sequences/Face2Face/c23/videos/510_528.mp4,1,11.501333476613437,37.48813350866711,0.30679930954562923,0.8840505911531856,0.25753874215731365,7.516854496661477,21.788307232225637,0.34499488264713823,0.9314607803320293,0.219038975730997,1.204069445001519,1.2133942966774482,0.9923150688103094,0.9928672303024065,0.03461915738886765
/home/iiitn/Datasets/FaceForensics++/manipulated_sequences/Face2Face/c23/videos/512_495.mp4,1,12.662864641780478,27.372657026402226,0.4626099917726856,0.949346460183241,0.09721722182962908,8.430057188341058,20.945681972259674,0.4024723186146802,0.9764477066652505,0.08744450003561863,1.561480139267353,1.488897490170636,1.0487492588145868,0.9962448429990056,0.0040039390323428695
/home/iiitn/Datasets/FaceForensics++/manipulated_sequences/Face2Face/c23/videos/490_534.mp4,1,3.67845321856959,0.6421024081634426,5.728764090903809,0.7919875125945203,0.053366777829650484,3.580478548985146,3.6085286772956633,0.992226713206686,0.7044246196200935,0.10603429303044085,0.08357654452096702,0.04819014204055507,1.7343079099171785,0.9879579970398651,0.006208423535359654
/home/iiitn/Datasets/FaceForensics++/manipulated_sequences/Face2Face/c23/videos/517_521.mp4,1,7.636183780026113,25.901897551278967,0.29481175133630544,0.922504669935535,0.41543081933293385,6.119294296446978,14.156212461871078,0.4322691760192873,0.9549777733243636,0.4259046952370612,1.7562093290664151,2.486886782057186,0.7061878899101532,0.9957759436469299,0.17569517461178832
/home/iiitn/Datasets/FaceForensics++/manipulated_sequences/Face2Face/c23/videos/518_131.mp4,1,15.52710572352751,161.38996468058477,0.0962086196267408,0.8698690697107226,0.3532998668009792,9.65396577649249,78.464937610654,0.12303541008846312,0.901942441707002,0.2965733678523556,0.45541812798937537,0.2640602444322784,1.724675098171293,0.9759933584855928,0.02394436365576091
/home/iiitn/Datasets/FaceForensics++/manipulated_sequences/Face2Face/c23/videos/515_519.mp4,1,26.09670134651107,168.01860689609893,0.15532030546265044,0.9662801959605659,0.18042518457172316,16.600996618004505,96.5769813802512,0.17189392731837033,0.9799375680411436,0.16191929652903117,2.8177729455583687,4.27712479400802,0.6588007320959841,0.9945834730876336,0.05981909659395076
/home/iiitn/Datasets/FaceForensics++/manipulated_sequences/Face2Face/c23/videos/521_517.mp4,1,43.83360875122071,26.900808761603823,1.629453193756222,0.9175772612857696,0.016024696470270362,23.006550848096946,24.064869892733288,0.9560222411609249,0.9626644736558992,0.002216238592015602,1.1408074000146187,0.7740575916597571,1.4738017071423146,0.9982109575855569,-0.004451052196179856
/home/iiitn/Datasets/FaceForensics++/manipulated_sequences/Face2Face/c23/videos/514_443.mp4,1,25.156600192722014,76.39041677688753,0.3293161793605153,0.8209878335748476,0.6444004255664294,13.453674382236747,42.539392604018815,0.3162639040823009,0.9209498906434709,0.5947664225126681,0.6217050739959155,0.39013527625061334,1.5935628276704394,0.990968111936514,0.19127401378726144
/home/iiitn/Datasets/FaceForensics++/manipulated_sequences/Face2Face/c23/videos/522_337.mp4,1,66.24228568123517,55.72599426200217,1.1887142895968703,0.8311638071186583,0.517409328651136,35.84027814046805,38.638235160576336,0.9275857965955153,0.923374784740559,0.479697586461034,2.468795978056559,1.6392981772064958,1.506007883363598,0.9965175484167587,0.17998450687167472
/home/iiitn/Datasets/FaceForensics++/manipulated_sequences/Face2Face/c23/videos/519_515.mp4,1,48.19420924777044,65.03361727746592,0.7410661018923467,0.9068100905321685,0.1890357134830001,23.508209692963003,47.52987980188717,0.49459855128919583,0.9575896626327424,0.1631614183887172,2.1718035969345806,1.79364514732429,1.2108323656852733,0.9976110737632009,0.046758712890185336
/home/iiitn/Datasets/FaceForensics++/manipulated_sequences/Face2Face/c23/videos/500_592.mp4,1,17.422415841697454,11.585443746497054,1.5038194671624254,0.8057881694835425,0.22518090042074948,8.812959035658578,25.704663385244228,0.34285448144470393,0.8646773771530786,0.18239100875235015,0.1969585820184423,0.11291824670451522,1.744258237854543,0.992431505041102,0.014191890623162402
/home/iiitn/Datasets/FaceForensics++/manipulated_sequences/Face2Face/c23/videos/524_580.mp4,1,33.373958687125416,34.44691070881381,0.9688520102496778,0.8994779947933113,0.4603068584789479,19.524103025503596,17.66662810679944,1.105140319220806,0.9067209512837998,0.4193292821969256,0.24302013529917144,0.12580224250198022,1.9317631424205028,0.9810590483469813,0.0891225831635457
/home/iiitn/Datasets/FaceForensics++/manipulated_sequences/Face2Face/c23/videos/523_541.mp4,1,16.768676370960094,17.842047549488655,0.9398403588180482,0.9320565756914436,0.17948087990754194,10.180353737417105,38.80168951410225,0.2623688263295111,0.8983684680419287,0.10038980257510258,0.5178308077721502,0.33994133800849974,1.5232946096105633,0.9938202260536612,0.03413455002523138
/home/iiitn/Datasets/FaceForensics++/manipulated_sequences/Face2Face/c23/videos/520_542.mp4,1,5.679790926895056,11.279262671840657,0.5035604801610826,0.8292468570383215,0.05339059994699433,4.7452048068656465,10.078262635995047,0.4708355971909183,0.8379114776926148,0.03709782459910204,0.24703862783868216,0.14920409096524767,1.6557094798172922,0.9924373691080982,-0.0026747197129226995
/home/iiitn/Datasets/FaceForensics++/manipulated_sequences/Face2Face/c23/videos/525_509.mp4,1,22.753734544346425,5.278341239672124,4.310773690289078,0.8457846338898932,0.29971905439416313,12.590229493688648,3.4446382320665863,3.6550222825969243,0.9076839147063832,0.255084714791035,0.3900549437252068,0.19163062420954838,2.0354520334843826,0.9869252021121767,0.04042066702544283
/home/iiitn/Datasets/FaceForensics++/manipulated_sequences/Face2Face/c23/videos/507_418.mp4,1,1.327096799443642,9.23234127284696,0.14374433962344285,0.7013349110270948,-0.009405113752605707,0.8604499195380729,8.036128185149797,0.10707269716380634,0.7041066071439909,-0.03482275238837189,0.12380547518251687,0.08194658552484696,1.5108070017752957,0.9925309032438623,-0.005929995800458063
/home/iiitn/Datasets/FaceForensics++/manipulated_sequences/Face2Face/c23/videos/528_510.mp4,1,8.048456626941208,37.676804380067786,0.21361834580639474,0.858726509799734,0.32569570307067586,4.491908676903428,23.27779678127335,0.19296966629234874,0.9299481925650195,0.25427175595421386,0.943424128842041,0.930551909599003,1.0138328868172275,0.9944714230544823,0.039286973255211244
/home/iiitn/Datasets/FaceForensics++/manipulated_sequences/Face2Face/c23/videos/513_305.mp4,1,1.4632865885641617,79.54496608768947,0.018395715788615097,0.6965300585955155,0.039315798276449376,1.2820163099997928,65.0682647467119,0.01970263560877543,0.8177978606398831,-0.02055566205721679,0.40906649024092206,0.3836439138667688,1.0662660750118975,0.9901333491815185,-0.008556870564262548
/home/iiitn/Datasets/FaceForensics++/manipulated_sequences/Face2Face/c23/videos/508_831.mp4,1,0.8058367949252018,1.648711909552567,0.4887674979820413,0.8051988310745702,0.09127940786200196,0.6532633462368722,6.407554605279756,0.1019520529249318,0.7095918914846809,0.011778409456016091,0.002530648083839076,0.001175949125490656,2.1520047330135834,0.95604674760158,0.010154894976124687
/home/iiitn/Datasets/FaceForensics++/manipulated_sequences/Face2Face/c23/videos/531_549.mp4,1,3.051577103037013,42.90501727848912,0.07112401524581027,0.9393095962830577,0.14053320455644155,2.2456301421811604,21.534255577558593,0.10428176326287267,0.9447135453508201,0.09427474857941799,0.8993583650391552,1.125859536202851,0.7988193341350479,0.9956212285375251,0.02070667234284569
/home/iiitn/Datasets/FaceForensics++/manipulated_sequences/Face2Face/c23/videos/527_454.mp4,1,5.75473170253294,93.32394723468832,0.0616640409354001,0.8561932230407402,0.14583819358769107,3.7853806237730403,76.22213985105766,0.04966248167750061,0.8963979578622098,0.148898541343978,0.22663918634423616,0.15097732985493897,1.5011471362090858,0.988982633812875,0.0031129973654678623
/home/iiitn/Datasets/FaceForensics++/manipulated_sequences/Face2Face/c23/videos/526_436.mp4,1,17.76329742802822,43.934370922951864,0.4043143683377165,0.9472218340412026,0.13450878312379339,14.05503189549381,27.40432361145032,0.5128764385785173,0.965152485568158,0.15433713035039512,0.7108763188479013,0.5318442050545782,1.3366251095561916,0.9872781390880272,0.023381770242688185
/home/iiitn/Datasets/FaceForensics++/manipulated_sequences/Face2Face/c23/videos/530_594.mp4,1,9.618413763206224,25.93651008745363,0.3708445635428406,0.8704796708320618,0.16626264834878163,5.492959277416236,17.216696329600804,0.319048391878304,0.9032850643243813,0.11936280013043365,0.07767152609035625,0.043216328999978515,1.7972726487341133,0.9848796936032683,0.011723586257677283
/home/iiitn/Datasets/FaceForensics++/manipulated_sequences/Face2Face/c23/videos/535_587.mp4,1,25.828494031394882,91.88675333429201,0.281090506456666,0.9563269637357394,0.23038857539249993,14.518834558337014,123.91835231612713,0.11716452234046923,0.950040939691403,0.1922234351434644,1.217946583425501,1.1630952229390819,1.0471598192517828,0.9954864586641249,0.05111595475909082
/home/iiitn/Datasets/FaceForensics++/manipulated_sequences/Face2Face/c23/videos/532_544.mp4,1,8.658614882073918,4.128985998317992,2.0970317859157532,0.8935597616892715,0.056820307472348494,4.826682514267044,2.709563975919544,1.7813502678522342,0.909464258054529,0.007042477208216794,0.3080971075540286,0.1911415471267326,1.611879322865117,0.9944400811025901,-0.0013976031538664145
/home/iiitn/Datasets/FaceForensics++/manipulated_sequences/Face2Face/c23/videos/541_523.mp4,1,5.409775956072475,102.22736061355128,0.05291906123374327,0.8870716429284758,0.2900073363510545,3.597256687294017,53.72691902814953,0.06695445695312029,0.9009084882572771,0.2654509372100029,0.673019039585398,0.5424209447229199,1.2407689012252106,0.9938993764317948,0.09223352594389742
/home/iiitn/Datasets/FaceForensics++/manipulated_sequences/Face2Face/c23/videos/539_499.mp4,1,2.377566562120072,3.4223854618692386,0.694710338332694,0.8565201598858584,0.07755621062256733,1.9528900835625704,7.961139942912894,0.24530282064706796,0.7945710358150135,0.06691572378649732,0.49699225338955094,0.3664419508101098,1.3562646206058768,0.9962652693760047,-0.000978572388328136
/home/iiitn/Datasets/FaceForensics++/manipulated_sequences/Face2Face/c23/videos/538_493.mp4,1,45.94026887636695,127.50449327486824,0.36030313674774633,0.9275202472150488,0.30897040035615075,27.636437019894327,71.050297059801,0.3889700418371725,0.9206150889919398,0.27579846523664125,1.1896229092409956,0.7993557614776341,1.4882271030885428,0.9949105725229549,0.040127078923208874
/home/iiitn/Datasets/FaceForensics++/manipulated_sequences/Face2Face/c23/videos/516_555.mp4,1,1.4048963647501853,1.4982557242719778,0.9376879674081292,0.8447168060459104,0.0029577714093197735,1.1363316639556393,6.0651710004535175,0.18735360699157058,0.7241691852603261,-0.014121420417689753,0.1827311010056217,0.11875089101691232,1.5387766730912142,0.991500547378967,-0.00933663800863204
/home/iiitn/Datasets/FaceForensics++/manipulated_sequences/Face2Face/c23/videos/543_559.mp4,1,4.764884928256781,21.71604739823306,0.21941768872011577,0.8788189716743421,0.16887276018641528,3.463723926925495,15.323389111169982,0.22604163490181253,0.9301051276922001,0.11616981494873971,0.617697604569695,0.4938297750951479,1.2508310266441125,0.9908083754042257,0.008819130623839632
/home/iiitn/Datasets/FaceForensics++/manipulated_sequences/Face2Face/c23/videos/537_563.mp4,1,4.637660722101205,48.01227100171724,0.09659323804815088,0.9071292665665097,0.08609309715632703,4.036764368542937,34.11753928094044,0.11831932940128691,0.9406525220240985,0.10643166416056231,0.9258586206547044,1.023354084004507,0.9047294920949637,0.9945404776532604,0.0023056601260390596
/home/iiitn/Datasets/FaceForensics++/manipulated_sequences/Face2Face/c23/videos/534_490.mp4,1,3.727208054311923,0.9078305099651672,4.105621053047593,0.9190597618253676,0.02434247463906456,4.062833461038346,0.8782102652305527,4.626265055068274,0.9118570491208509,0.015806042116663834,0.3049892591060501,0.20258925923164775,1.5054562135365457,0.9944415122893563,0.0015241316042740216
/home/iiitn/Datasets/FaceForensics++/manipulated_sequences/Face2Face/c23/videos/536_540.mp4,1,9.808244386689815,5.638791356151859,1.739423179045121,0.9178426817400885,0.11161994430465383,6.0626169410732755,3.873391793236855,1.5651958966967716,0.924526966460328,0.0719351661937021,0.20513960076264562,0.10840505271120227,1.8923435359526104,0.9882132210923826,-0.0034632077116578926
/home/iiitn/Datasets/FaceForensics++/manipulated_sequences/Face2Face/c23/videos/545_553.mp4,1,8.792277241380344,33.88878098584197,0.25944507254638566,0.8977116424165427,0.20639130314549872,6.7330932226268585,24.335399090996088,0.27667897277748166,0.9375354142921402,0.16069504068743065,0.7587772529013309,0.5732441637319153,1.3236545627635599,0.9889254511226057,0.012696921962428567
/home/iiitn/Datasets/FaceForensics++/manipulated_sequences/Face2Face/c23/videos/542_520.mp4,1,4.839138758270722,25.641896014614407,0.18872000555312646,0.7697365318875656,0.12299315119757685,3.1218825191984814,41.263846198986364,0.07565660515851694,0.88055153940917,0.11487636941597945,0.3422822409858383,0.25588693661028034,1.3376307736535191,0.9956048300899907,0.011963986569359424
/home/iiitn/Datasets/FaceForensics++/manipulated_sequences/Face2Face/c23/videos/546_621.mp4,1,5.988044084949056,11.344532604908908,0.527835239537146,0.900978010002302,0.15711244813169298,4.300343230411454,7.944279141715266,0.5413132083728566,0.9526823529838265,0.1521353364947226,0.6103024390940367,0.6063469594774785,1.0065234591428756,0.9964808822958447,0.014711725970773767
/home/iiitn/Datasets/FaceForensics++/manipulated_sequences/Face2Face/c23/videos/540_536.mp4,1,10.209751706938086,7.591329338616222,1.3449227732753273,0.8613629953733071,0.10927709954405444,6.648625682939392,8.949330523991113,0.7429187764510365,0.882653712570865,0.05094165634163127,8.512986109185184e-06,4.746538412384571e-06,1.7935146352072648,0.9801926250642167,-0.008408433734470923
/home/iiitn/Datasets/FaceForensics++/manipulated_sequences/Face2Face/c23/videos/550_452.mp4,1,31.88043860013036,77.8322209838481,0.4096046367062589,0.9692854692428332,0.6035644277803087,15.800743350588107,49.596679849188455,0.31858469959348806,0.9883481658151517,0.5767619538889676,4.0361970014371265,4.820194506563392,0.8373514794768677,0.9986099549188538,0.2810508969238599
/home/iiitn/Datasets/FaceForensics++/manipulated_sequences/Face2Face/c23/videos/547_574.mp4,1,0.0,0.0,0.0,0.0,0.0,0.0,0.0,0.0,0.0,0.0,0.0,0.0,0.0,0.0,0.0
/home/iiitn/Datasets/FaceForensics++/manipulated_sequences/Face2Face/c23/videos/544_532.mp4,1,6.968052147982906,12.848253153205135,0.5423345932629487,0.9350481041890077,0.04022942697049966,4.586544595391143,7.0776891912286075,0.648028540314437,0.9516095058730962,0.02518921826147329,0.6999329440512844,0.6323156574130331,1.1069359675749468,0.9952040950798272,-0.008100505176637207
/home/iiitn/Datasets/FaceForensics++/manipulated_sequences/Face2Face/c23/videos/553_545.mp4,1,12.036083192476518,32.234239476234045,0.37339435916738756,0.8993513091626427,0.22058202964306142,6.618662636758931,44.729886708370316,0.14796958194665805,0.9081365761726211,0.17142053902979457,0.6243927877063894,0.5343252710616819,1.168563086050089,0.9938039030353867,0.01815507047890643
/home/iiitn/Datasets/FaceForensics++/manipulated_sequences/Face2Face/c23/videos/551_631.mp4,1,35.17144825930021,23.27276298829076,1.511270848115286,0.9233303556499418,0.08779618618910764,19.96337644593321,20.800827613238866,0.95973952657669,0.920938987988726,0.08233860421450571,1.9810578987487393,1.3465971664916658,1.4711585231610542,0.9950132920047885,0.0029366142120619393
/home/iiitn/Datasets/FaceForensics++/manipulated_sequences/Face2Face/c23/videos/529_633.mp4,1,7.038841571740783,4.893814259646348,1.43831400177608,0.8173762782756914,0.03410488838705774,4.343487523593589,12.982251485954867,0.33457120502500554,0.8520085885296566,0.031947380129597434,0.30100202263667714,0.2054788701554898,1.464880658575274,0.9961514107108868,0.012144933908942123
/home/iiitn/Datasets/FaceForensics++/manipulated_sequences/Face2Face/c23/videos/548_632.mp4,1,6.832851153729767,1.5738500188387319,4.34148811636537,0.888496382939819,0.01416845892877776,3.949324710927287,1.6698051644588345,2.365141032610963,0.9048531179268483,0.006527826822407007,0.004725314052505959,0.0024397150896570464,1.936830276837859,0.9822528293859567,0.001527696900327752
/home/iiitn/Datasets/FaceForensics++/manipulated_sequences/Face2Face/c23/videos/556_588.mp4,1,11.557116144725903,27.74221130727939,0.4165895795658288,0.915857756749482,0.05622508540787373,6.81536183066937,13.717145862134869,0.4968498475679736,0.923826467396586,0.024468991290224597,0.4932713198230623,0.31029524476028053,1.5896837871432432,0.991733827265807,-0.0011983674955785399
/home/iiitn/Datasets/FaceForensics++/manipulated_sequences/Face2Face/c23/videos/549_531.mp4,1,27.352987383446294,866.440301658134,0.03156938490868906,0.8735076128843807,0.10394095764945695,16.700252171856434,414.7017076919927,0.040270517005587175,0.8800528860443587,0.08117458869044927,9.213232684985263,47.254472449248546,0.19497059659020222,0.9724878571308313,0.019804187382792663
/home/iiitn/Datasets/FaceForensics++/manipulated_sequences/Face2Face/c23/videos/557_560.mp4,1,5.499571757093574,37.877458355919295,0.1451937906027459,0.9399470465407465,0.22690700891620194,3.4691804767810432,19.906862592080262,0.17427057934087617,0.9510537935091333,0.182113044224568,0.7487560926618803,0.8761327007484505,0.8546149367809731,0.9976240938076802,0.004999132514246028
/home/iiitn/Datasets/FaceForensics++/manipulated_sequences/Face2Face/c23/videos/554_572.mp4,1,6.358121533474585,18.4750718621855,0.34414597035956823,0.9585182567942914,0.1213832749610926,3.9734392449735267,15.897329943085703,0.2499438118979038,0.9602133931348624,0.09031108376998237,0.6340191054267666,0.5978626447322349,1.0604761996975494,0.9957572690254501,0.020255807742523897
/home/iiitn/Datasets/FaceForensics++/manipulated_sequences/Face2Face/c23/videos/563_537.mp4,1,7.147469056551292,51.097507516533035,0.13987901570812758,0.8112248294024454,0.25334566554284504,5.7986625386632475,22.99406666630883,0.25218081789592767,0.8903728103116905,0.2410832887095253,0.4318994441459889,0.2746439233868994,1.5725796472021658,0.9920303474953464,0.04815279916649986
/home/iiitn/Datasets/FaceForensics++/manipulated_sequences/Face2Face/c23/videos/560_557.mp4,1,7.502623625758729,9.219287548152913,0.813796466003697,0.9202269529182528,0.2812681581879718,6.051447922921184,21.721134087404597,0.27859723615583354,0.9357627018277359,0.22410963333470274,0.7988821062746143,0.6280545104417562,1.271994855530458,0.9953225229872396,0.03948310621845814
/home/iiitn/Datasets/FaceForensics++/manipulated_sequences/Face2Face/c23/videos/533_450.mp4,1,3.7805876673202348,0.5801103969749583,6.517014152882752,0.8426018494782785,0.08767735134207304,3.050555627517594,3.5001968007254214,0.8715383166127577,0.7372062637565211,0.03337344434326126,0.0009172170618447061,0.0004770213060311332,1.9228010368678232,0.9723857783774877,-2.598779859090746e-05
/home/iiitn/Datasets/FaceForensics++/manipulated_sequences/Face2Face/c23/videos/552_851.mp4,1,3.322454068499647,2.2853004281823655,1.4538368905580572,0.8624226649250829,0.08176114708613913,2.3891006237917876,2.3665269369345423,1.0095387407195482,0.8515034169442277,0.08050037632341414,0.2283443999339453,0.13670075884154506,1.6703959939141801,0.9893655636970009,-0.007004434082045695
/home/iiitn/Datasets/FaceForensics++/manipulated_sequences/Face2Face/c23/videos/565_589.mp4,1,9.266178166097276,178.2978977119495,0.05197020427614531,0.9048902016143389,0.376020589120919,7.773033436630811,108.04266380185,0.0719441113640676,0.962727884969972,0.35454846985759386,2.148076896015645,3.6808030686769233,0.5835891939711347,0.9948347576852816,0.06074578153889658
/home/iiitn/Datasets/FaceForensics++/manipulated_sequences/Face2Face/c23/videos/567_606.mp4,1,54.759060658665305,138.31516827074614,0.3959006184446578,0.7870960037459929,0.44741173604699114,29.84738701936168,81.75173721082044,0.36509789317860714,0.9246318678012779,0.4010569815014053,1.6436854144549702,1.1101381119348777,1.4806134451056403,0.9935676285873433,0.10663529054155989
/home/iiitn/Datasets/FaceForensics++/manipulated_sequences/Face2Face/c23/videos/566_617.mp4,1,32.32210235779032,86.98219529146623,0.37159446539010754,0.9352546704293502,0.19251678348658424,19.200417621120447,64.98380867842624,0.295464639755637,0.9425629971868444,0.16265580783562006,1.7528612809084603,1.938294694102072,0.9043316716710537,0.9979041253500999,0.04653662538851309
/home/iiitn/Datasets/FaceForensics++/manipulated_sequences/Face2Face/c23/videos/558_583.mp4,1,22.857707383982856,126.84222305754027,0.18020582447229552,0.9180356715099651,0.012888363627181933,13.11453201251606,108.94392463486945,0.12037873664336965,0.9444343072049691,-0.01268177115833816,0.5167315697321205,0.4252915850932066,1.215005393579264,0.9937775291186077,-0.0059931256101089765
/home/iiitn/Datasets/FaceForensics++/manipulated_sequences/Face2Face/c23/videos/568_628.mp4,1,13.23922036886195,39.52958807742203,0.3349192595412789,0.955630929002572,0.06924842034122036,8.18682630641546,33.62864868596822,0.2434479714860344,0.9693286747765123,0.042422317987085296,0.8317121627075794,0.7073056320025589,1.1758879402003268,0.9944957283922303,-0.008036649385352479
/home/iiitn/Datasets/FaceForensics++/manipulated_sequences/Face2Face/c23/videos/559_543.mp4,1,6.8636453077477215,141.11790227593679,0.04863766536386575,0.8884380691958361,0.028437840572198298,3.877259986120253,74.74491371025215,0.05187322847345051,0.9170903518972668,0.013521118323114948,2.4028794080927858,14.515453185772564,0.16553939979276616,0.9725531667933716,0.006318852115809734
/home/iiitn/Datasets/FaceForensics++/manipulated_sequences/Face2Face/c23/videos/562_626.mp4,1,6.535125512112759,41.92990959540803,0.15585832583880543,0.9016457410885529,0.08586348721420743,3.7953521068024556,32.262331217107295,0.1176403552880874,0.9419112086269864,0.04428118708400942,0.7260174904486574,0.8443695174911999,0.8598338469226229,0.9928215231095638,-0.0058642351251558715
/home/iiitn/Datasets/FaceForensics++/manipulated_sequences/Face2Face/c23/videos/574_547.mp4,1,9.43389937524699,65.55263216002983,0.1439133573189946,0.9259235706472305,0.05264265400977436,6.852673042434433,38.285649562137344,0.17898803130694158,0.9604642264718249,0.009795238211852143,0.6332688958810797,0.5179695772922307,1.2225986305828902,0.9918042745548062,0.012419779376323848
/home/iiitn/Datasets/FaceForensics++/manipulated_sequences/Face2Face/c23/videos/555_516.mp4,1,1.6135651375827251,3.870431622187695,0.4168953995551238,0.8700998589308283,0.05358544863753729,1.8519899132565814,5.804456801310658,0.31906343291906286,0.8987824255100595,0.05506183687790033,0.36061863031813907,0.36880705447661116,0.9777975392306619,0.9972225830418865,0.006442919545031131
/home/iiitn/Datasets/FaceForensics++/manipulated_sequences/Face2Face/c23/videos/570_624.mp4,1,1.7918522086341995,48.08335653469087,0.037265539217118206,0.8480594822228401,0.08684466699145382,2.208814463870224,37.917461206351255,0.05825322670865534,0.8463558631926887,0.05144390383811224,0.9308499359433595,1.8446992020133273,0.5046079788658328,0.9952352446683306,0.0136273966742713
/home/iiitn/Datasets/FaceForensics++/manipulated_sequences/Face2Face/c23/videos/571_746.mp4,1,15.726171405099626,27.316833180394653,0.5756952609128327,0.9145700390507742,0.054063915415395354,9.096440118275517,17.354694862907596,0.5241486635249031,0.9619736984344431,0.041314780066702826,0.6538377125675949,0.5346534906264885,1.2229186267940577,0.9918443711330225,0.011333622333801368
/home/iiitn/Datasets/FaceForensics++/manipulated_sequences/Face2Face/c23/videos/573_757.mp4,1,2.146785002952896,2.433812922468675,0.8820665644158716,0.894745006880329,0.10692684511288246,1.9868763267066865,6.7447441577888005,0.29458142224894485,0.8880724359310697,0.07256711649756045,0.35241351606887045,0.28760277820803926,1.2253480938697676,0.9957548925696657,0.0047446265412644465
/home/iiitn/Datasets/FaceForensics++/manipulated_sequences/Face2Face/c23/videos/575_603.mp4,1,5.835447432176238,1.65532908392334,3.5252491416060225,0.882549786157469,0.0556788026363595,5.844883656628664,2.111655979291051,2.767914714304445,0.9098958838227241,0.009139811389327098,0.3938351610970842,0.2893408315847356,1.3611461574228132,0.9940196629560148,0.0032413346181839188
/home/iiitn/Datasets/FaceForensics++/manipulated_sequences/Face2Face/c23/videos/572_554.mp4,1,8.868254907509838,61.101057284818694,0.14514077663453567,0.9199165322718298,0.06104428887004582,5.644882795171387,33.90521944018761,0.16649008289504091,0.9261875751706087,0.049448458280567716,0.9615223405639767,0.8764985498019864,1.0970039149308328,0.9950198192844879,0.005994898729201347
/home/iiitn/Datasets/FaceForensics++/manipulated_sequences/Face2Face/c23/videos/564_971.mp4,1,1.2989704398639852,4.630848062981176,0.2805037915728451,0.8100211420381692,0.15569584267933825,1.2739086193863247,9.398724246962844,0.1355405889047104,0.7447723383826484,0.15758911738199238,0.24316533585127487,0.18448668170209734,1.318064445670554,0.9926219141761061,0.017515292761677355
/home/iiitn/Datasets/FaceForensics++/manipulated_sequences/Face2Face/c23/videos/561_998.mp4,1,6.001409513669626,5.239707359029148,1.1453711252266598,0.8413338632797452,0.06148021256269034,3.4860374830546768,8.332818882079167,0.41835032446845366,0.8386625562407503,-0.01851936286567816,0.15440127322637615,0.09039210327503877,1.7081278964886428,0.9887777746143446,-0.003348395650603631
/home/iiitn/Datasets/FaceForensics++/manipulated_sequences/Face2Face/c23/videos/578_636.mp4,1,20.827924384880756,32.48505930533927,0.6411539590896626,0.8835594188896027,0.15286385803224398,11.419241169648076,24.894742901528332,0.45870090785099166,0.9307096415860542,0.11142042236333911,0.82944704453128,0.5486874736036772,1.5116930574041108,0.9949108943365436,0.006854372630302097
/home/iiitn/Datasets/FaceForensics++/manipulated_sequences/Face2Face/c23/videos/569_921.mp4,1,1.8479832569580203,0.8898288223249461,2.07678511933296,0.8616198373753376,0.02934881993292313,2.384296297147207,5.424338179918904,0.4395552449096846,0.7533696519245879,-0.0007292952008565843,0.08549323976643819,0.049033200388979625,1.7435786179205444,0.9893467833350126,-0.002178657601696972
/home/iiitn/Datasets/FaceForensics++/manipulated_sequences/Face2Face/c23/videos/576_155.mp4,1,23.312374107351445,20.371732657697653,1.144349108593993,0.8770761973049758,0.04595439411087046,14.072379066539128,42.82901786531803,0.32857113629809903,0.8692901652981021,0.03855723080220881,0.34179902675128865,0.2134894208138273,1.6010115416883035,0.9878831452602528,0.0054880200508656395
/home/iiitn/Datasets/FaceForensics++/manipulated_sequences/Face2Face/c23/videos/582_172.mp4,1,36.669394383637,75.50976256826836,0.48562454888510886,0.9344870981310719,0.2734359059294691,22.82717893452018,46.5858672084418,0.4900022324878752,0.9788663533022754,0.2559971118540055,2.037759387235342,1.7645190298166509,1.154852598811067,0.9964289867561058,0.08874568016337248
/home/iiitn/Datasets/FaceForensics++/manipulated_sequences/Face2Face/c23/videos/580_524.mp4,1,43.96947966832166,25.215879595130477,1.7437218282408342,0.9033729868196193,0.049109519231326275,26.74895577718114,19.908124851369454,1.3436200534648102,0.9454445681635132,0.03411151274679779,0.8458644989561694,0.5239698122179083,1.6143382294787467,0.9968345107402369,0.015155155762980002
/home/iiitn/Datasets/FaceForensics++/manipulated_sequences/Face2Face/c23/videos/587_535.mp4,1,11.312116210112698,68.35696128974412,0.1654859431530919,0.9381234197045282,0.15176365204030226,6.347862108559004,35.130160281665695,0.18069550658645672,0.9492093915652274,0.11768225046665057,0.6977165674686532,0.5997003149335942,1.16344205613084,0.9925051281895145,0.025449859334682735
/home/iiitn/Datasets/FaceForensics++/manipulated_sequences/Face2Face/c23/videos/588_556.mp4,1,8.220499496407266,16.151776954231227,0.5089532575704476,0.8674631093708308,0.14292296102906657,6.483961313472122,12.09588946289967,0.5360466738192037,0.9177284134694504,0.09264949152688641,0.492428705287167,0.33356038383881886,1.4762805451294707,0.9919635176340966,6.169189508352983e-05
/home/iiitn/Datasets/FaceForensics++/manipulated_sequences/Face2Face/c23/videos/589_565.mp4,1,22.925314205445392,103.19982214843634,0.22214490033200848,0.934858876890353,0.21819056770113526,12.803444785468384,60.1656781790144,0.21280313249978766,0.9697752663632099,0.19021026743037073,1.7775727787919404,2.042455222582753,0.870311749867466,0.9957635106955584,0.03906265731199869
/home/iiitn/Datasets/FaceForensics++/manipulated_sequences/Face2Face/c23/videos/583_558.mp4,1,14.718620494504288,22.25097204337925,0.6614821350640183,0.9252428101389999,0.20513383158163292,8.926849288566535,18.248867785213733,0.4891727746419191,0.9345173902660511,0.19247961168717037,0.4643119605173051,0.3151969262875464,1.4730853057041702,0.9929833128798912,0.025891509412360774
/home/iiitn/Datasets/FaceForensics++/manipulated_sequences/Face2Face/c23/videos/585_599.mp4,1,13.17976544808399,20.382157840092855,0.6466324886444872,0.9063983738730607,0.12771121789844025,9.011042386792674,13.659859530503846,0.6596731369506477,0.9246786427016298,0.1051501591767264,0.5692065996586771,0.38821862192298723,1.466201175098688,0.9953460845825853,0.017270384805156132
/home/iiitn/Datasets/FaceForensics++/manipulated_sequences/Face2Face/c23/videos/584_823.mp4,1,31.764786498368835,124.69118581451619,0.25474764949000006,0.9043143460428932,0.07504824527411409,20.660151112497747,96.6958075149148,0.2136612914609667,0.9616075175822427,0.038525291143874776,0.3887573347443176,0.28592147166587467,1.3596647096116519,0.9811525295914079,0.0035985142175523344
/home/iiitn/Datasets/FaceForensics++/manipulated_sequences/Face2Face/c23/videos/592_500.mp4,1,5.806861997230047,15.076544068082674,0.385158692271081,0.823152694186947,0.2510832036417928,4.7798101001224875,14.521436911482676,0.3291554499226521,0.8807502780623414,0.2325813541500453,1.444318552156709e-27,7.029484484513792e-28,0.0,0.0,0.0
/home/iiitn/Datasets/FaceForensics++/manipulated_sequences/Face2Face/c23/videos/596_609.mp4,1,65.57803764234318,68.9845147448056,0.950619684503631,0.913711256158756,0.4331079283860639,36.96832222979183,48.41756783105649,0.7635311703137478,0.9591413775254694,0.36654916725765946,2.5893278316383035,2.327979715812834,1.1122639145222182,0.9974519340033409,0.10623500805307506
/home/iiitn/Datasets/FaceForensics++/manipulated_sequences/Face2Face/c23/videos/577_593.mp4,1,3.2149946777797176,5.225848522786529,0.6152100780880302,0.7768539776208986,0.05213335746216115,3.310359092067286,8.34092138939827,0.3968817037737484,0.7990390697160051,0.03490620576896205,0.2516978674407275,0.16936526306729402,1.4861245032325205,0.9948857851035058,0.020011152456471552
/home/iiitn/Datasets/FaceForensics++/manipulated_sequences/Face2Face/c23/videos/579_701.mp4,1,3.906156493240582,18.07346066075453,0.2161266492654931,0.8664801345073844,0.04158199469767127,2.3069626731037203,13.491617313087303,0.17099229985317566,0.8878287453927357,0.014544513918485233,0.3769768257664754,0.3204640077089653,1.1763468492500198,0.9943254484833483,-0.01163251670419791
/home/iiitn/Datasets/FaceForensics++/manipulated_sequences/Face2Face/c23/videos/597_595.mp4,1,12.562470490186335,14.643699015291935,0.8578754915044183,0.9227779290457971,0.10476626022094879,8.776173959251748,9.742906551924554,0.9007757502834878,0.9584726520258459,0.08314738606526376,0.8689275084701101,0.6104692499127463,1.4233763757868312,0.9949321144604969,-0.0038281779424442727
/home/iiitn/Datasets/FaceForensics++/manipulated_sequences/Face2Face/c23/videos/591_605.mp4,1,14.193226774297536,51.72282451820676,0.27440935228317687,0.9041925170121449,0.0007121067209639788,9.346248721915321,46.75251097333082,0.199909021512165,0.9299649697286755,4.5651270340701025e-05,0.41979504990522215,0.2782563072788127,1.508663196211354,0.9912890282878566,-0.0072866971810428335
/home/iiitn/Datasets/FaceForensics++/manipulated_sequences/Face2Face/c23/videos/598_178.mp4,1,77.9437455547614,139.55432205117904,0.5585190369537745,0.7829298320923433,0.4292298827356711,41.351737691798185,107.77227918415656,0.38369549205819564,0.8762699860343005,0.3801453446651248,0.15459328908805312,0.07811706771203449,1.9789950341957976,0.9808232236965523,0.08562649909635642
/home/iiitn/Datasets/FaceForensics++/manipulated_sequences/Face2Face/c23/videos/595_597.mp4,1,13.42760907851662,7.962825948515442,1.686286899316192,0.8845515158339549,0.4179070089377038,7.390666122502185,15.489457891979116,0.47714169043509796,0.8564387280052378,0.41993902201328737,0.0942632726833094,0.051308332025993185,1.8371923031049797,0.9908744963024425,0.09664326486134868
/home/iiitn/Datasets/FaceForensics++/manipulated_sequences/Face2Face/c23/videos/581_697.mp4,1,0.7201040290627757,4.102459181735477,0.1755298461636729,0.8251469073342287,0.012346472184059156,0.6215946931261885,6.943255909665063,0.08952495791793072,0.7554319366666177,0.024074130356235745,0.02110347764555165,0.012912886829606682,1.6342958723347263,0.9838574948035929,-0.011239879601413927
/home/iiitn/Datasets/FaceForensics++/manipulated_sequences/Face2Face/c23/videos/594_530.mp4,1,6.482647343160212,4.112642394154074,1.5762730434270162,0.9039577413969908,0.019281807604314197,4.316056276552563,4.30286071564555,1.003066694875582,0.8961904510086668,0.022178885152141274,0.4118332084513388,0.25256242910525123,1.6306194468842161,0.9929408413114846,0.0033557293838893314
/home/iiitn/Datasets/FaceForensics++/manipulated_sequences/Face2Face/c23/videos/586_223.mp4,1,2.587817704182759,27.47824999593564,0.09417694738804429,0.7610177154937098,-0.018478717970792324,2.106685912235569,36.66664602358511,0.05745510268052562,0.8283353613630138,-0.007723103258503059,0.23760274760326835,0.17342164308280106,1.370087051302032,0.9851180361040449,-0.008568159170488133
/home/iiitn/Datasets/FaceForensics++/manipulated_sequences/Face2Face/c23/videos/601_653.mp4,1,11.520035070527852,163.582130203993,0.07042355455428989,0.9123931436106858,0.12969809051282,7.586165581940949,77.41129179403713,0.09799817838106792,0.9609997140027605,0.124270523596735,1.0112683026039053,1.1110609879212126,0.9101825314701953,0.9969973841699256,0.004859479102737249
/home/iiitn/Datasets/FaceForensics++/manipulated_sequences/Face2Face/c23/videos/600_505.mp4,1,14.18598278622261,91.64109209615008,0.15479936414702086,0.9502029907525383,0.2622516155581767,8.028976085678478,66.2602273394932,0.1211733857256622,0.955021680533274,0.21065616476472246,1.6268771653814647,2.1565034116084,0.7544050969843259,0.9957850301153175,0.039023040996980986
/home/iiitn/Datasets/FaceForensics++/manipulated_sequences/Face2Face/c23/videos/605_591.mp4,1,8.600270924541338,9.527699199656984,0.9026597864100248,0.9201095799000759,0.16800026062225304,4.7668855261773695,8.229740444204499,0.5792267154104817,0.9222467068235876,0.0845348598736128,0.37040963674342614,0.23029141149653512,1.608438779094457,0.9927148709260388,0.021332646042422482
/home/iiitn/Datasets/FaceForensics++/manipulated_sequences/Face2Face/c23/videos/599_585.mp4,1,3.628730278204795,43.57697691510669,0.08327173051205475,0.8762555431643021,0.06405093061267304,2.263261381813511,29.268602123442538,0.07732727966535728,0.8814022805994322,0.05106855539861983,0.5021287805567182,0.4788684391242192,1.0485735528426945,0.9937197671868052,0.005159186555049238
/home/iiitn/Datasets/FaceForensics++/manipulated_sequences/Face2Face/c23/videos/608_675.mp4,1,20.089133354061122,36.916888126125464,0.5441719054278679,0.9360556659074032,0.18181345103643054,11.001623376660534,35.555824116023835,0.3094183203505742,0.9422058311410613,0.13452887100500796,1.3249112714758338,1.1239987742622544,1.1787479682488533,0.9953379343954284,0.03246294310503456
/home/iiitn/Datasets/FaceForensics++/manipulated_sequences/Face2Face/c23/videos/606_567.mp4,1,34.4521553941424,88.61108493004163,0.3888018685398373,0.8935675172718428,0.4457530123960686,18.36727176930386,46.26994459431546,0.3969590180049705,0.9391643697118776,0.445431851697363,1.0779013761028409,0.7744331331154699,1.3918585478988321,0.9915301059139751,0.13576945723877024
/home/iiitn/Datasets/FaceForensics++/manipulated_sequences/Face2Face/c23/videos/609_596.mp4,1,23.748364165569072,50.04902573493687,0.47450202709922995,0.9003411141145669,0.23806002879952287,13.153594380594948,38.99249093664654,0.3373366016027647,0.9373794079627396,0.1758474674936365,1.564397887045872,1.3243314939696107,1.181273641961557,0.9950673488020678,0.028268458894523982
/home/iiitn/Datasets/FaceForensics++/manipulated_sequences/Face2Face/c23/videos/604_703.mp4,1,17.93111211682035,82.63824019036026,0.21698322804933123,0.8755498769474177,0.05130982342671602,11.948259389031842,66.90245360030558,0.17859224506793378,0.93098478331429,0.08541719424784931,0.2580298839593062,0.18252948467560667,1.4136339913405203,0.9903418931625262,0.009087785907608502
/home/iiitn/Datasets/FaceForensics++/manipulated_sequences/Face2Face/c23/videos/611_760.mp4,1,35.103106256864585,11.5073164323398,3.050503257059302,0.9540607950914147,0.4181414600948966,26.097998249067633,7.574694190635259,3.4454193914961073,0.9745263318991558,0.43968942359661084,1.4174841962232325,0.8662486812302935,1.6363478836239547,0.9973778941562438,0.07639935633805991
/home/iiitn/Datasets/FaceForensics++/manipulated_sequences/Face2Face/c23/videos/590_034.mp4,1,8.932750175196889,14.910707420845988,0.5990829222970611,0.8924191415984505,0.06289050335243336,5.837440666367565,20.3495404089525,0.2868585997057439,0.9026108152377968,0.04573829026425953,0.3937392500442743,0.29041544891082255,1.355779286263725,0.9875263749542159,-0.0038749503249334775
/home/iiitn/Datasets/FaceForensics++/manipulated_sequences/Face2Face/c23/videos/603_575.mp4,1,3.8407721393236334,7.368186215413978,0.5212642605705157,0.911719910297105,0.0253183835703606,3.8593491244882028,4.8068021862993,0.8028932697684965,0.9278455403630881,0.04647939120232787,0.5743049235650709,0.7088539832199295,0.8101879049283506,0.9956121446724122,-0.0019754732122951087
/home/iiitn/Datasets/FaceForensics++/manipulated_sequences/Face2Face/c23/videos/593_577.mp4,1,2.612039644236514,23.44523963590954,0.11141023443564312,0.7448478433496573,0.0020187327275067975,1.7425847730583888,45.87927468402157,0.03798195993855328,0.7745740302542551,0.0077327787232715495,0.0010211706528893748,0.0005588388117784334,1.8273080383225875,0.9835312283679969,0.0072423072378146654
/home/iiitn/Datasets/FaceForensics++/manipulated_sequences/Face2Face/c23/videos/610_692.mp4,1,4.496868048161395,5.746004934813627,0.7826077595088686,0.9462041840712457,0.0018618821758115852,4.936456641662196,3.2548737432108585,1.5166353693315595,0.9357872767224528,0.013745907973937477,0.3560819552089664,0.2676177119369763,1.330561989457646,0.9922627296802564,-0.0036052562647148284
/home/iiitn/Datasets/FaceForensics++/manipulated_sequences/Face2Face/c23/videos/616_614.mp4,1,12.339763974899776,25.713372610338894,0.4798967510756708,0.9354147873965348,0.2012184645773914,8.224428947656081,16.417837042579812,0.5009447301935053,0.9563843090273941,0.1955047354632686,1.0834966416949794,0.8393566631638008,1.2908655989111206,0.995326203897072,0.03247624734922389
/home/iiitn/Datasets/FaceForensics++/manipulated_sequences/Face2Face/c23/videos/617_566.mp4,1,29.513691965994933,96.09763197014126,0.3071219483864619,0.9279246013195516,0.1673587517546291,20.730667827668288,59.27612941808254,0.3497304569509269,0.9640576465153773,0.10663008414173705,1.2210295126633173,0.9195046204461538,1.3279210191144666,0.997262639814216,0.013153115080432402
/home/iiitn/Datasets/FaceForensics++/manipulated_sequences/Face2Face/c23/videos/612_702.mp4,1,5.509129058881817,18.714583954605683,0.2943762507488719,0.9043501956249392,-0.007206453242599814,3.409002705928819,20.111004295899036,0.1695093221487686,0.9318875354487236,-0.04547933680324984,0.48830907936032436,0.40346892845505483,1.2102767894175535,0.995002055481455,-0.020479145937869366
/home/iiitn/Datasets/FaceForensics++/manipulated_sequences/Face2Face/c23/videos/613_685.mp4,1,1.8746459812382712,22.500985877181236,0.0833139486185533,0.8920361215928613,0.07612875727860152,1.2586077965675684,22.323676180682998,0.05637995222564015,0.8947670098842271,0.06851952744247765,0.31946102166690005,0.2918978273661019,1.094427541820063,0.9776857066440886,0.013601648517468807
/home/iiitn/Datasets/FaceForensics++/manipulated_sequences/Face2Face/c23/videos/614_616.mp4,1,22.41648713031608,49.681661054255436,0.4512024488439687,0.8421589283247458,0.2301117014022419,15.417047916809812,39.908308967035374,0.38631173096170107,0.9606321859363476,0.19198384209276428,0.5583533678742139,0.40040426169762816,1.3944740885297158,0.9944598699223572,0.02854751109820678
/home/iiitn/Datasets/FaceForensics++/manipulated_sequences/Face2Face/c23/videos/615_687.mp4,1,13.695576013687218,57.15973093724376,0.239601827879906,0.9193461758052859,0.060777609883113176,7.9018537049762925,55.809634636633405,0.1415858347115844,0.9394036138442479,0.03383428629723396,0.7189974242208859,0.7035816381778149,1.0219104439436422,0.9933625423957925,-0.0015178170454797366
/home/iiitn/Datasets/FaceForensics++/manipulated_sequences/Face2Face/c23/videos/602_397.mp4,1,3.447346473108432,1.0747645142965812,3.2075365601037484,0.7926411489416806,0.0549079331259223,2.2155667443081,5.653266482362611,0.39190912921235077,0.7808482017397959,0.040751480498413616,0.40364639915680206,0.439337190407316,0.9187621898855763,0.9975803580718717,-0.0023004279615414028
/home/iiitn/Datasets/FaceForensics++/manipulated_sequences/Face2Face/c23/videos/619_620.mp4,1,12.155690279406864,17.372436134913972,0.6997113234439908,0.8336751345769735,0.044721542472183254,7.157459988880075,29.45874225396416,0.2429655661187273,0.8955977617173522,0.021268171065498675,0.18799403241513843,0.11248515688360387,1.6712785724223933,0.993752871614285,0.0005728870125719975
/home/iiitn/Datasets/FaceForensics++/manipulated_sequences/Face2Face/c23/videos/623_630.mp4,1,45.47196325011108,99.88108331515366,0.4552610138061269,0.8502929865259611,0.19788609847479063,23.884198340333437,67.54320932696639,0.35361361383812356,0.9456982550134727,0.18298847026598294,2.0866025457293262,1.69582489352629,1.23043514321249,0.9973139674390964,0.06532890309332558
/home/iiitn/Datasets/FaceForensics++/manipulated_sequences/Face2Face/c23/videos/607_683.mp4,1,0.43417444536306343,0.5737217795083726,0.7567682818928566,0.8292961036355116,0.01807496125683146,0.5968592681298622,2.9898324320994116,0.19962967212538976,0.7832039778479375,0.03882207609933146,0.11252140061095367,0.0791267532795304,1.4220399036650762,0.9927312380731234,-0.003351561024193528
/home/iiitn/Datasets/FaceForensics++/manipulated_sequences/Face2Face/c23/videos/627_658.mp4,1,18.226893560710717,140.0881533638325,0.13011017079633,0.8831885581030319,0.16014276730181626,12.242716948648239,68.5360223582582,0.17863185704959522,0.9472404933098539,0.11623328074569751,1.9907036584188567,2.330688073047966,0.8541270200158129,0.9969030163493307,0.025004321004109643
/home/iiitn/Datasets/FaceForensics++/manipulated_sequences/Face2Face/c23/videos/625_650.mp4,1,16.08405746068058,46.31344538476228,0.3472869989925742,0.8655660269642711,0.10135811765167461,8.758042913513451,27.90713434298605,0.31382809878917667,0.9193099325268245,0.08222983536360273,0.8379782337656846,0.5487209195853608,1.5271483259630416,0.9962821861726859,0.0018516916289400705
/home/iiitn/Datasets/FaceForensics++/manipulated_sequences/Face2Face/c23/videos/624_570.mp4,1,21.487714505523723,36.134115110763595,0.5946655795958037,0.9732547329001348,0.1448247224900558,14.140793826879218,20.191920372491555,0.7003194132116287,0.9844942670830831,0.1109892204361827,1.880107239677158,2.177049736122999,0.8636032555808068,0.9979055844224192,0.012306747915572546
/home/iiitn/Datasets/FaceForensics++/manipulated_sequences/Face2Face/c23/videos/626_562.mp4,1,10.283434309422963,49.76045911728912,0.20665875057913233,0.9124320206537675,0.10914247864645077,5.981077104770776,51.78937376886148,0.11548850023683656,0.911718570376404,0.05948696172197008,0.9410432118156423,1.1310280572075946,0.8320246397237858,0.9980439431703174,0.002953351937572063
/home/iiitn/Datasets/FaceForensics++/manipulated_sequences/Face2Face/c23/videos/628_568.mp4,1,9.607454573996456,61.318867207517485,0.15668023581522744,0.87522134266468,0.19010850591817263,5.535061920817053,33.45210173792962,0.1654623067985331,0.9173468975104765,0.19462442755878032,0.3315378401820179,0.201943435776498,1.64173615699472,0.990430632559662,0.006410859134794552
/home/iiitn/Datasets/FaceForensics++/manipulated_sequences/Face2Face/c23/videos/618_629.mp4,1,19.69292163777381,15.40055858384438,1.2787147641795436,0.7921515345834931,0.04595838659905801,12.321822789544676,25.981110189303866,0.47426082641447065,0.8759071417182315,0.03868027340268526,0.13403095543129134,0.07596082821346756,1.7644746454663875,0.9952509717991568,0.001398448153198491
/home/iiitn/Datasets/FaceForensics++/manipulated_sequences/Face2Face/c23/videos/621_546.mp4,1,9.21524633732941,20.745264775174572,0.4442096274595205,0.7968405172711703,0.13618900755739857,8.084802429193106,23.24590537994062,0.34779468887323495,0.8067971400434186,0.13763728732405753,0.0011151493488566293,0.0005786186357386534,1.927261377319884,0.9663937261085707,0.005962833559214157
/home/iiitn/Datasets/FaceForensics++/manipulated_sequences/Face2Face/c23/videos/630_623.mp4,1,11.683562524996617,36.00561216476629,0.32449281716225625,0.9549049850766096,0.4298843902908253,7.054523648673025,20.09753786026249,0.3510143231336541,0.9627062144535793,0.40341430935422234,1.6435040750871164,1.8563645123195505,0.8853347842948892,0.9959073575479733,0.12239840213700194
/home/iiitn/Datasets/FaceForensics++/manipulated_sequences/Face2Face/c23/videos/622_647.mp4,1,9.973984309560025,91.3034247586548,0.10923998016421148,0.8947968692030231,0.03241007152986003,4.862034714773486,49.25387960764505,0.09871374099876622,0.926974419248884,0.011781616446532516,0.11985718787804016,0.07483055492602168,1.6017145402240074,0.983606252538283,-0.008850207940742863
/home/iiitn/Datasets/FaceForensics++/manipulated_sequences/Face2Face/c23/videos/631_551.mp4,1,69.14911080030133,118.6699540569427,0.5827010834361726,0.8946370036195198,0.14707355009652193,36.70952534349625,73.69580900194002,0.49812229271450004,0.9511068913067442,0.08759876018143832,1.0060747849647067,0.6324116318609553,1.5908543332832097,0.9916431053515327,0.02962505519477014
/home/iiitn/Datasets/FaceForensics++/manipulated_sequences/Face2Face/c23/videos/629_618.mp4,1,10.088922916781577,46.74433812498389,0.21583197712215021,0.8721140222288432,0.08977463770025138,5.810579662713233,51.36496769907158,0.11312339758014214,0.9188766908512509,0.022117269072037295,0.3226880752630566,0.2549642142908409,1.2656210447438019,0.9908544450323928,0.004710337077328122
/home/iiitn/Datasets/FaceForensics++/manipulated_sequences/Face2Face/c23/videos/636_578.mp4,1,8.818055227592485,8.499287837080841,1.0375051882724715,0.9303526796010438,0.01138132299375487,4.869290119828551,19.957019652084124,0.2439888422578192,0.9148496561477741,-0.006916431680841319,0.7189448220702532,0.6360973120310355,1.1302434524910798,0.9939747017352901,-0.008338705682303865
/home/iiitn/Datasets/FaceForensics++/manipulated_sequences/Face2Face/c23/videos/635_642.mp4,1,17.020586177005317,105.95970827447768,0.16063262587431107,0.8458292950456391,0.2776907507684631,11.108848701712754,49.9207361707001,0.22252974522905478,0.9347928045651838,0.2232126792214685,1.7305547602601248,1.5997693590564246,1.0817526604465284,0.9976074416327313,0.016982685081306844
/home/iiitn/Datasets/FaceForensics++/manipulated_sequences/Face2Face/c23/videos/620_619.mp4,1,6.882419025444661,7.377855601209546,0.9328481604216187,0.904303018313883,0.17834629621007086,4.190502128734343,12.667121724012626,0.33081723062552976,0.8526914560503087,0.15570267603850846,0.5233629703114729,0.3571273949112294,1.4654797637172707,0.9968875284073863,0.02750852170581797
/home/iiitn/Datasets/FaceForensics++/manipulated_sequences/Face2Face/c23/videos/633_529.mp4,1,2.6639200099039493,9.590661510674295,0.27776186313520057,0.9022121112514848,0.12369178568546162,2.1258510891877695,7.312782759407402,0.29070343795636555,0.9103516217534998,0.052830757135441046,0.4305492723092546,0.3558451405789578,1.209934387775406,0.9919778954341686,0.022260840151977393
/home/iiitn/Datasets/FaceForensics++/manipulated_sequences/Face2Face/c23/videos/634_660.mp4,1,5.766376254406673,18.690054444910114,0.3085264556827996,0.8471944158907689,0.07403492861602379,3.6587146088169913,12.59873845666001,0.2904032511987661,0.8991561287250622,0.06331241076449644,0.5223693248148206,0.42189234217684196,1.238157872502607,0.9961041632825015,0.01277234376582045
/home/iiitn/Datasets/FaceForensics++/manipulated_sequences/Face2Face/c23/videos/638_640.mp4,1,5.370971941087599,15.660156842027789,0.3429705075924468,0.9299377320224008,0.11585376786967334,3.702480440719288,12.476419655151455,0.29675824820388685,0.9516427980376747,0.1074001535064202,0.44343351688490823,0.34912028877520207,1.2701453657722948,0.991395139475039,0.0021747983763085745
/home/iiitn/Datasets/FaceForensics++/manipulated_sequences/Face2Face/c23/videos/637_427.mp4,1,4.1118299291712015,22.72424180674642,0.18094464775280084,0.825292024703168,0.08147888605526997,2.871951340750735,10.750881115400759,0.26713636863090523,0.8442947623947231,0.08673141791636994,0.05097153758189068,0.028145820542940108,1.8109806926441165,0.9871327833089824,0.0027548777219382615
/home/iiitn/Datasets/FaceForensics++/manipulated_sequences/Face2Face/c23/videos/644_657.mp4,1,36.72053153550803,80.58798491210575,0.4556576464290268,0.878237636432185,0.05249145922760024,21.19722828268664,50.58330170761315,0.41905584584440647,0.8982369305220143,0.031694994824399636,2.4930391887481975,1.6476530737757915,1.5130850228289283,0.9971067541706531,0.0022223237964181138
/home/iiitn/Datasets/FaceForensics++/manipulated_sequences/Face2Face/c23/videos/642_635.mp4,1,47.406072102064115,32.16254594310204,1.4739527208427163,0.8674478921741132,0.14700603978566296,26.43493641457833,26.27787760082394,1.0059768454720814,0.9135011985548562,0.11863333924318922,0.7191131473654443,0.43406935004836034,1.656678010749496,0.9959620871532939,0.03922465155040555
/home/iiitn/Datasets/FaceForensics++/manipulated_sequences/Face2Face/c23/videos/639_841.mp4,1,11.710777580111332,38.57318447335472,0.3035989312264537,0.8935364038848418,0.14323173330656022,6.485418332199391,39.15169971799134,0.16564844895403488,0.8986424143569911,0.10919412089570299,0.40870706954959485,0.2693586224991318,1.5173342726420878,0.9945317545512641,0.0005284187293194089
/home/iiitn/Datasets/FaceForensics++/manipulated_sequences/Face2Face/c23/videos/646_643.mp4,1,4.249362627911123,14.465424169294645,0.29375997400277604,0.9358293870781242,0.13523597935319231,3.3026464545436505,10.272646000480789,0.32149910104846185,0.9385969521775136,0.17835500932754494,0.5227958149659023,0.4325757514339624,1.2085647732977771,0.9907203736919827,0.021593246025560467
/home/iiitn/Datasets/FaceForensics++/manipulated_sequences/Face2Face/c23/videos/641_662.mp4,1,5.530724043497565,15.281475055691958,0.36192344150949696,0.9295711552938469,-0.017457939026091128,3.6493931210835733,7.960232842097067,0.4584530620491456,0.945806419101182,-0.02796288217016123,0.2979159485010281,0.21708311751609513,1.3723589006360193,0.9875342580122329,0.003037335110226437
/home/iiitn/Datasets/FaceForensics++/manipulated_sequences/Face2Face/c23/videos/640_638.mp4,1,10.41201242014678,43.784762878627895,0.23779990425000258,0.9045807956020769,0.0441609304756395,5.691707134668154,41.820713361051524,0.13609780123858328,0.920853612727182,0.03840658878922284,0.4709248198015287,0.376256580547782,1.2516055376783624,0.9927386218254876,0.014995101860773108
/home/iiitn/Datasets/FaceForensics++/manipulated_sequences/Face2Face/c23/videos/650_625.mp4,1,28.648597632938884,8.252782462635809,3.4713865005704965,0.8995046097989476,0.29763061982140065,16.27607502161526,6.146696588953269,2.6479385774248767,0.9370744264728682,0.2564146774419695,0.9334218777540366,0.5540144894628317,1.6848329700890594,0.9968005711219431,0.013547435343874908
/home/iiitn/Datasets/FaceForensics++/manipulated_sequences/Face2Face/c23/videos/647_622.mp4,1,0.0,0.0,0.0,0.0,0.0,0.0,0.0,0.0,0.0,0.0,0.0,0.0,0.0,0.0,0.0
/home/iiitn/Datasets/FaceForensics++/manipulated_sequences/Face2Face/c23/videos/643_646.mp4,1,10.470836260034007,9.145740113699336,1.1448867046145144,0.8297194450894464,0.05308918147275771,6.280841044833145,10.286589198383274,0.6105853868277635,0.8277575832601048,0.020306688123421117,0.3478430666150336,0.20449128819890913,1.7010165551731764,0.9950295177995917,0.006089802152415111
/home/iiitn/Datasets/FaceForensics++/manipulated_sequences/Face2Face/c23/videos/653_601.mp4,1,6.824965101147153,31.49412950237893,0.21670594517088096,0.8531322780664943,0.0668597181090159,4.676950070063026,21.958933135598233,0.21298621573199716,0.893375539024286,0.06662897176207981,0.9712830084584078,0.7718875223649405,1.2583219449934249,0.9899618152818439,-0.0009627550146555955
/home/iiitn/Datasets/FaceForensics++/manipulated_sequences/Face2Face/c23/videos/648_654.mp4,1,30.532424442519247,45.12587471095638,0.6766057087665959,0.8357963163814566,0.21957498994338506,18.611782226012476,42.113821845899444,0.44193999523756533,0.93574459139185,0.19102769034891157,0.5328093753134434,0.3299896282064441,1.6146246117169285,0.9945816141908417,0.03938039309625606
/home/iiitn/Datasets/FaceForensics++/manipulated_sequences/Face2Face/c23/videos/654_648.mp4,1,87.73474161234041,53.242611616314754,1.6478294161185827,0.8674029445793559,0.4117319094717211,58.750464196688846,33.098815510787155,1.7750020141216722,0.9298610022034733,0.38247591003287623,0.9123238457877637,0.4521317767809839,2.0178273075234445,0.9897604998319847,0.11539285093122138
/home/iiitn/Datasets/FaceForensics++/manipulated_sequences/Face2Face/c23/videos/656_666.mp4,1,33.93109166517115,57.092543634736955,0.5943173925171968,0.9358392921641473,0.4655605589138435,16.57902426071068,43.216090411908795,0.3836308213605111,0.9461619230212656,0.42333583555280685,1.3053560193880376,0.9915733539054109,1.3164492715004514,0.9889042695747262,0.16518659255368562
/home/iiitn/Datasets/FaceForensics++/manipulated_sequences/Face2Face/c23/videos/655_444.mp4,1,47.855647465095274,102.52580237623333,0.46676686605662465,0.9251124927880329,0.21623956421732887,23.168915388758382,104.45264049080174,0.22181263470116558,0.9522249642235642,0.14521814529155022,1.4271475924322863,1.2115396045115563,1.1779619808695023,0.9953952274808838,0.05191884799086391
/home/iiitn/Datasets/FaceForensics++/manipulated_sequences/Face2Face/c23/videos/658_627.mp4,1,19.89001378348281,151.01688840308293,0.13170721495991813,0.9468887343958202,0.1615795269260914,12.55214255015062,85.03295638242001,0.14761503167900783,0.9721057132659846,0.09750347431196539,0.8994318296021122,0.8436089008620883,1.066171573916513,0.991387492427787,0.05623126187099975
/home/iiitn/Datasets/FaceForensics++/manipulated_sequences/Face2Face/c23/videos/657_644.mp4,1,42.90906132360232,48.14977407055375,0.8911581030624937,0.9250960934099891,0.08395235157364198,24.706087811259064,35.13225631670606,0.7032308881200677,0.9543059048385573,0.05518021227018354,0.5728111488579893,0.343291917841612,1.6685832642359872,0.9915659281187695,0.01758507451541244
/home/iiitn/Datasets/FaceForensics++/manipulated_sequences/Face2Face/c23/videos/649_816.mp4,1,5.089320168090231,6.510277159885439,0.7817363290535833,0.9129564382476844,0.21062426007348642,4.434107990170776,4.124690267489239,1.075015989714516,0.9516372582536313,0.2029484581773686,0.9473184402052447,1.059922320663809,0.8937621387310319,0.9975895522915806,0.022877991897279314
/home/iiitn/Datasets/FaceForensics++/manipulated_sequences/Face2Face/c23/videos/659_749.mp4,1,12.341416177528112,19.91479574462259,0.6197109092048082,0.9054864275588091,0.16375623888142093,10.295705296248839,12.491337381417658,0.8242276212605479,0.951769034220983,0.1414229683923179,0.3987344921047112,0.26108408379783055,1.527226349092462,0.9917446086900646,0.03232739464538379
/home/iiitn/Datasets/FaceForensics++/manipulated_sequences/Face2Face/c23/videos/651_835.mp4,1,10.091371650233805,71.40768222813216,0.14132053212417744,0.9035251588606773,0.008071409004510696,5.65343115815206,47.06852678423949,0.12011064599636173,0.9317855502841366,-0.018571950397191075,0.6907027679959246,0.5789875856849157,1.192949184184761,0.9935761283022696,-0.007321471159488069
/home/iiitn/Datasets/FaceForensics++/manipulated_sequences/Face2Face/c23/videos/632_548.mp4,1,3.1505477151118235,35.441375453490124,0.08889462315722767,0.8953711517564589,0.11001161925859422,2.3854474674403496,29.326492659318944,0.08134104187472063,0.8930757895875748,0.11157871186651447,0.5500075746440696,0.8758151697539215,0.6279950309591071,0.995436730987224,0.0068665064680591015
/home/iiitn/Datasets/FaceForensics++/manipulated_sequences/Face2Face/c23/videos/652_773.mp4,1,3.5280539461442704,1.4336489006166673,2.46089118795175,0.8950060996887667,0.11032544989680146,3.3359281320010297,1.2452139894251604,2.6789998830169144,0.8941529891922269,0.021487625461232885,0.36373836970206225,0.28852318127942156,1.2606902782962115,0.9955234082879323,-0.0111777826992071
/home/iiitn/Datasets/FaceForensics++/manipulated_sequences/Face2Face/c23/videos/665_679.mp4,1,9.131709559098818,188.49022422285876,0.048446595025013445,0.793404774531936,0.28555253945617987,5.569235994749036,111.77369903398524,0.04982599701791821,0.8528646089203481,0.3273213940582431,1.3288835800993912,1.2146313416111785,1.0940633051149988,0.993301426569718,0.08185755019532763
/home/iiitn/Datasets/FaceForensics++/manipulated_sequences/Face2Face/c23/videos/663_231.mp4,1,73.15369426891068,70.78558021101374,1.0334547523780626,0.7772609830894718,0.4697194556538481,42.85612520346632,51.13228758709463,0.8381421451263771,0.8710203318218698,0.3978016701343227,1.2882238222693945,0.6482313969508097,1.9872900762428667,0.9943902159447239,0.09176529475273773
/home/iiitn/Datasets/FaceForensics++/manipulated_sequences/Face2Face/c23/videos/666_656.mp4,1,59.77312866334743,147.62959775844953,0.4048858059015224,0.9386285950799019,0.4043475113521422,37.248212050191206,89.74130513336648,0.4150620719727202,0.9808520040449585,0.3483992085733384,1.544097851846655,1.2066477832627185,1.2796591294200927,0.9932443017179393,0.10710111697907879
/home/iiitn/Datasets/FaceForensics++/manipulated_sequences/Face2Face/c23/videos/668_664.mp4,1,9.862334061550571,55.38232336241115,0.17807729005902076,0.9392083027919477,0.2960632224380011,8.987807070450422,29.57867508748626,0.30386104326399865,0.9589567999167965,0.258718714242796,0.42335660012829335,0.2942028665592693,1.4389954968130982,0.9851504402677884,0.05435589152470365
/home/iiitn/Datasets/FaceForensics++/manipulated_sequences/Face2Face/c23/videos/670_661.mp4,1,43.70759533143115,56.143568279145235,0.7784969262038608,0.8088458293619446,0.112466649700057,25.900811518937576,56.73428472274869,0.4565283874734769,0.921556366557546,0.05776967778957085,1.1379988672066548,0.7548856916859291,1.5075115076894585,0.9970832718839162,0.005152684102185915
/home/iiitn/Datasets/FaceForensics++/manipulated_sequences/Face2Face/c23/videos/669_682.mp4,1,33.272600199420765,174.34062952245918,0.19084822792345413,0.8563476223297939,0.19997556523306512,15.017458015684594,79.75832450512819,0.18828702970959507,0.9059471273386116,0.15967651044934944,1.4782360330757143,1.0312150461266814,1.433489589419856,0.9917533657284521,0.04502797402939831
/home/iiitn/Datasets/FaceForensics++/manipulated_sequences/Face2Face/c23/videos/660_634.mp4,1,10.333535421421429,64.34181372400553,0.16060373221288368,0.9322164677929816,0.03433697872335095,7.173181671763067,33.29802257145815,0.21542365335266656,0.9481875687901516,0.0014392621792204648,0.472148275772027,0.3606664669036011,1.3090994564188934,0.9936482101812841,0.01152308886091423
/home/iiitn/Datasets/FaceForensics++/manipulated_sequences/Face2Face/c23/videos/662_641.mp4,1,5.375398116335023,1.167688889256044,4.603450598694819,0.8680296860825134,0.05762348897464742,5.163310445005073,1.1477321251199721,4.498706912525737,0.8803676605417747,0.06432432685331542,0.5805035691992878,0.37985300002765293,1.5282321560104244,0.9968580076718315,0.004622520526695663
/home/iiitn/Datasets/FaceForensics++/manipulated_sequences/Face2Face/c23/videos/664_668.mp4,1,21.690814533814798,42.46840757097636,0.5107517746589273,0.9025796565707395,0.07011140484633614,12.586605780064835,48.147050720163556,0.26142007852609084,0.9400326202189634,0.06517362289084339,0.6053443324024769,0.4120583344551396,1.4690743561901674,0.9916380236050676,0.011998576491674223
/home/iiitn/Datasets/FaceForensics++/manipulated_sequences/Face2Face/c23/videos/661_670.mp4,1,6.751777131581363,94.7818535704841,0.07123491340629284,0.9323792155357621,0.12396300762618041,5.301532760985018,76.1153088075766,0.06965133353643174,0.9585817543602372,0.1214531743946667,0.9354660723883383,1.1569268629516298,0.8085784005409937,0.9953121104398921,0.006196938282301756
/home/iiitn/Datasets/FaceForensics++/manipulated_sequences/Face2Face/c23/videos/674_744.mp4,1,26.150804697930074,48.46417992705858,0.5395903683357185,0.9585347322147962,0.3455255891942755,16.358796219020544,36.04833772644695,0.4538016799320783,0.9793801252038995,0.3543020694407143,1.5060381696527638,1.2879170677818363,1.169359586364202,0.9969362926335467,0.08535713663168559
/home/iiitn/Datasets/FaceForensics++/manipulated_sequences/Face2Face/c23/videos/673_728.mp4,1,21.831430693288116,51.62296740184942,0.4229015066752244,0.9648401085153852,0.1779594852176117,12.80326411483717,37.13102718101296,0.344813087244302,0.9783601909711078,0.11199094312814163,0.856254428690363,0.7513448290811638,1.13962909645295,0.9951557524509979,0.016654681924643342
/home/iiitn/Datasets/FaceForensics++/manipulated_sequences/Face2Face/c23/videos/645_688.mp4,1,6.1108276787365625,1.7921661304787353,3.4097439823305877,0.9046146066203539,0.00018133768421808679,4.636665594925629,4.48721299614659,1.0333063304343657,0.8472270952723274,-0.002208556053628753,0.44439031756996533,0.3572091400115223,1.2440620012008394,0.9974533508135651,0.00018206089111737838
/home/iiitn/Datasets/FaceForensics++/manipulated_sequences/Face2Face/c23/videos/671_677.mp4,1,6.462994222837587,41.034133921910836,0.15750287882612204,0.9434480484682228,-0.0027949633014341148,5.480285130322493,21.05393717103548,0.26029740118451017,0.9640357254636246,0.04818023717596633,0.5228978200744335,0.5640505343376007,0.9270407317112193,0.9965376736232788,-0.006351206238212326
/home/iiitn/Datasets/FaceForensics++/manipulated_sequences/Face2Face/c23/videos/679_665.mp4,1,21.117468257485694,104.56083531893417,0.20196346168307325,0.9445936691750112,0.259716411720993,12.16831298044527,60.623567997170994,0.2007191820351634,0.950534189311802,0.2466772945812797,0.8285839995180533,0.7042160390105326,1.1766048394499298,0.9934831248613673,0.06384241315804441
/home/iiitn/Datasets/FaceForensics++/manipulated_sequences/Face2Face/c23/videos/682_669.mp4,1,47.16994359843068,80.39569366465227,0.5867222664336558,0.8015344767624378,0.11128451998131408,24.76056369608682,47.603635873676176,0.5201401792458231,0.911192454322688,0.07285338500635599,0.8609943360224565,0.4619066549271005,1.8640007171109956,0.990364861129942,-0.0060402520569630665
/home/iiitn/Datasets/FaceForensics++/manipulated_sequences/Face2Face/c23/videos/672_720.mp4,1,10.30502217224045,9.265233306143093,1.1122247904332803,0.8305569004394031,0.08637822585292032,6.562103546554172,6.897063461558884,0.95143441598419,0.8937836158608127,0.0533608048670888,0.24470068188259497,0.15097118820606856,1.6208435847281673,0.9909105392986608,0.008388324316860736
/home/iiitn/Datasets/FaceForensics++/manipulated_sequences/Face2Face/c23/videos/680_486.mp4,1,48.517563263408604,92.29198732392247,0.5256963759283212,0.9581148926881945,0.1122795645104075,28.840222438845636,64.47493994725367,0.4473090236677932,0.9871021041702742,0.08270759383156462,2.5534158937414206,2.2324033998207393,1.143796812863866,0.997810804424323,-0.010925295229717016
/home/iiitn/Datasets/FaceForensics++/manipulated_sequences/Face2Face/c23/videos/675_608.mp4,1,16.133333596284814,94.1590328084606,0.17134132663728002,0.9511448423201593,0.16342378271189562,9.923857400604312,59.465251068773775,0.1668849827797246,0.9779891553729292,0.11493358399088571,1.9723699415513858,2.7293138581302543,0.7226614614790323,0.997613234309726,0.04204000237771902
/home/iiitn/Datasets/FaceForensics++/manipulated_sequences/Face2Face/c23/videos/677_671.mp4,1,4.0711789869082775,25.295953322450867,0.16094190778313117,0.856368408473596,0.013392946893198858,3.3437215395198208,16.13989684903998,0.2071711839793269,0.8991225326741228,0.05130259816250722,0.4185807343167561,0.33761235985178767,1.2398264521491857,0.9886702693886932,0.00207861511321378
/home/iiitn/Datasets/FaceForensics++/manipulated_sequences/Face2Face/c23/videos/676_776.mp4,1,12.447596063793604,33.71195580677702,0.36923387462709295,0.930761937670671,0.06502991992164421,9.155365095752087,29.739215322889795,0.3078549651142056,0.9276102458750021,-0.007318930614159505,0.45874619060735194,0.30954686399697035,1.481992693073582,0.9927236162830116,-0.01198237972861961
/home/iiitn/Datasets/FaceForensics++/manipulated_sequences/Face2Face/c23/videos/681_711.mp4,1,1.15532044935213,17.828516888246526,0.06480182600683833,0.8574106291112912,0.20638858508645191,0.8724810264904166,9.449155541469281,0.09233428560482258,0.8684539274618915,0.2419315421866448,0.28795166676878603,0.2871622191485479,1.0027491346966844,0.9943130969081514,0.028797239755419278
/home/iiitn/Datasets/FaceForensics++/manipulated_sequences/Face2Face/c23/videos/689_690.mp4,1,12.266682051415431,70.9010144868293,0.17301137565096636,0.8224998813748737,0.2192087745129214,7.190492644716684,38.464274623644805,0.18693950984575533,0.9407535467687743,0.18786977786202572,0.541021071146505,0.37268613234395404,1.451680178556238,0.9953457699874445,0.006634202333014498
/home/iiitn/Datasets/FaceForensics++/manipulated_sequences/Face2Face/c23/videos/686_696.mp4,1,22.61977859613492,46.04945599488108,0.4912062066194521,0.8453298892311215,0.29571435310551614,13.384036589838386,40.05994309883525,0.3341002396537985,0.9684302316981905,0.2793079464736027,0.5163474716714634,0.3573912361449125,1.444768140487078,0.9945831664332176,0.09282457220415358
/home/iiitn/Datasets/FaceForensics++/manipulated_sequences/Face2Face/c23/videos/667_446.mp4,1,3.8764117943038747,12.378896680377027,0.3131467928356447,0.901203989328175,0.06111745624899236,3.829707673749366,11.513358776124585,0.3326316627682171,0.9031980400563321,0.010196401435348083,0.40949268783398346,0.48920856787772626,0.8370513411292765,0.994011491368512,-0.008453073501249972
/home/iiitn/Datasets/FaceForensics++/manipulated_sequences/Face2Face/c23/videos/685_613.mp4,1,2.6598227764318882,46.50266882407101,0.05719720703546145,0.8225597296403807,0.07792944169767849,1.941153300055776,40.88501041095642,0.04747836139808303,0.8578556540161691,0.05233538310305099,0.41977708060395197,0.363901359310498,1.1535463384894316,0.9952592724819302,0.010599755878069774
/home/iiitn/Datasets/FaceForensics++/manipulated_sequences/Face2Face/c23/videos/693_698.mp4,1,25.034999547195696,27.214306598549353,0.9199205372563185,0.8266502804524053,0.20256087044428936,15.773219668260714,24.44217740671604,0.6453279266325375,0.9069840493044374,0.11964102354774125,0.4323551545423445,0.2561012595366304,1.6882195555172754,0.9949972404672845,0.011305386749178198
/home/iiitn/Datasets/FaceForensics++/manipulated_sequences/Face2Face/c23/videos/690_689.mp4,1,13.763490590665654,50.60965790900219,0.27195383567723097,0.9336440365987926,0.03573044460468858,8.999818186865781,44.692905392505395,0.20137017515032646,0.9461464544880395,0.055994168982112756,0.9903206053424246,0.9442805205726899,1.0487567875929626,0.9942204882519793,0.009920691434267074
/home/iiitn/Datasets/FaceForensics++/manipulated_sequences/Face2Face/c23/videos/687_615.mp4,1,4.690883511450014,47.62939123686718,0.09848716075587946,0.8662056378128794,0.278888599957399,4.367546280567021,46.5997726562804,0.09372462635777243,0.9425531112304792,0.3340975400146644,0.7013662259724368,0.6580038194667295,1.0658999313117208,0.9939353989585374,0.05963028172684572
/home/iiitn/Datasets/FaceForensics++/manipulated_sequences/Face2Face/c23/videos/688_645.mp4,1,3.251833184502703,3.2853729211722427,0.9897911934278765,0.8696871620496189,-0.013047343088978413,2.364284704990703,6.495987011431306,0.3639608116257246,0.8779147520569553,-0.02485681760267393,0.21267994570496682,0.13303243609054607,1.5987074427488506,0.977173979478629,-0.005986904984685952
/home/iiitn/Datasets/FaceForensics++/manipulated_sequences/Face2Face/c23/videos/696_686.mp4,1,19.88487408735386,45.93845065153577,0.4328590495615483,0.8485935758803361,0.28023898242148765,11.889197241662222,28.4235669740728,0.4182866018366809,0.9218143601905172,0.26177168293317604,1.2902857800290934,1.0054612328423527,1.2832775027850316,0.9955502623526146,0.05072170364180089
/home/iiitn/Datasets/FaceForensics++/manipulated_sequences/Face2Face/c23/videos/694_767.mp4,1,12.94364787147596,33.55276229496118,0.3857699630715587,0.9127436622879804,0.31160053244410585,8.922220276296962,22.090409514951556,0.4038956484830258,0.9546480835487635,0.26014425348217385,0.5955449658734481,0.4125822822654189,1.443457442242581,0.9911665336739323,0.0553492579858414
/home/iiitn/Datasets/FaceForensics++/manipulated_sequences/Face2Face/c23/videos/691_732.mp4,1,14.858236897036791,25.538269868981683,0.5818027992210755,0.8685941185023154,0.20690999056058118,10.140353761874719,15.710557363997616,0.6454483776057748,0.9204073339144392,0.23078752823157145,0.4667707187736374,0.2974675789015882,1.5691482093517832,0.9900650840303445,0.04084763989421664
/home/iiitn/Datasets/FaceForensics++/manipulated_sequences/Face2Face/c23/videos/692_610.mp4,1,6.153235608999705,21.460517679740306,0.2867235404488232,0.8105367948536285,0.010474719171455583,4.59632414909968,20.9889196504016,0.21898812447984833,0.8857360034052301,-0.011603950568598973,0.7042985140601674,0.6271781024504596,1.1229641330084537,0.9948082488083788,0.004770597650371418
/home/iiitn/Datasets/FaceForensics++/manipulated_sequences/Face2Face/c23/videos/698_693.mp4,1,12.418465623757212,30.241929337545113,0.41063734674956026,0.7766545147052244,0.17424304644083033,7.400618500844846,20.657520211104078,0.3582529957718147,0.8714763346143815,0.17741077343888753,0.5252305557340997,0.375928865780333,1.3971540989379845,0.9953322843333688,0.028282423581377083
/home/iiitn/Datasets/FaceForensics++/manipulated_sequences/Face2Face/c23/videos/699_734.mp4,1,27.13555510590398,19.55165281187381,1.3878905976391125,0.8978174408057001,0.07495490592553093,16.8715541167476,17.897238027061217,0.9426903800037331,0.9545234548742183,0.05390056791419497,0.8887021515193272,0.546135271317688,1.6272564659211826,0.9921183616769423,0.013606658554530691
/home/iiitn/Datasets/FaceForensics++/manipulated_sequences/Face2Face/c23/videos/697_581.mp4,1,1.6584251408425736,0.3699911165082632,4.482337728791213,0.849943801437714,0.026703646112262735,1.1874859120375365,0.34230667591516717,3.4690702682404813,0.8335699029853014,0.02561157985974209,0.04952233146475044,0.026904661141586943,1.84065992149602,0.9878831393385209,0.004965916185895136
/home/iiitn/Datasets/FaceForensics++/manipulated_sequences/Face2Face/c23/videos/684_717.mp4,1,10.84394847080704,14.47572530886798,0.7491126171179778,0.9465463321190176,-0.012789736761542835,7.099054073681706,11.914182999412398,0.5958490040006795,0.9521194644839049,-0.006009516052588049,0.16723349964469006,0.10469106212079797,1.5973999714677398,0.9885130957195966,0.0003572555495838599
/home/iiitn/Datasets/FaceForensics++/manipulated_sequences/Face2Face/c23/videos/683_607.mp4,1,2.6940075182966154,1.2713932915785022,2.1189411145561907,0.8808089704821612,0.0334933536661348,1.6745914619800282,4.438640439307376,0.37727576380152533,0.7870296742318464,0.0007563924956010035,0.14454762113849542,0.0947634792120044,1.5253515630754142,0.9872326804799961,-0.009067955638654148
/home/iiitn/Datasets/FaceForensics++/manipulated_sequences/Face2Face/c23/videos/704_723.mp4,1,21.33651466317581,19.236009106478818,1.109196535781922,0.8605944357959633,0.07327867307602244,13.743760098845371,14.627250000315177,0.9395997264386149,0.9150622614446942,0.04348550857079576,0.7197332830327152,0.3944651993703683,1.824579922846245,0.9893415288156603,0.013457746419252839
/home/iiitn/Datasets/FaceForensics++/manipulated_sequences/Face2Face/c23/videos/678_460.mp4,1,1.1507739193989905,4.51243547676685,0.2550227976275724,0.8990233674946749,0.023609660605351662,1.1972969197442191,8.959387075118443,0.1336360299767929,0.873664020804441,0.022458850603346604,0.3191492382390768,0.3055887039089307,1.0443751164774313,0.9942409420607232,0.007138426511176246
/home/iiitn/Datasets/FaceForensics++/manipulated_sequences/Face2Face/c23/videos/700_813.mp4,1,1.643275373852391,13.078518192051527,0.12564690813758184,0.8340517556290488,0.0129671995744733,1.8163075774318322,9.470710242484254,0.19178155924189674,0.9257858486427576,0.014088432896366274,0.13701904650066224,0.09346113954511098,1.466053668589469,0.9845714908155183,0.008770719835776956
/home/iiitn/Datasets/FaceForensics++/manipulated_sequences/Face2Face/c23/videos/705_707.mp4,1,9.702780542675788,69.33104322416368,0.13994857269498168,0.8783422421177889,0.12866333597635154,6.408030956810243,38.18664334656513,0.16780817571876588,0.9168379106269121,0.11830599981501892,1.4103048369832285,1.3592937140787928,1.0375276677704688,0.997111453494572,0.007541198090917824
/home/iiitn/Datasets/FaceForensics++/manipulated_sequences/Face2Face/c23/videos/707_705.mp4,1,23.90082662820458,38.944314362840686,0.6137179975881132,0.928596233406942,0.2933286949849549,15.00133676640071,25.26907166742521,0.5936639447558016,0.9697118501865892,0.30335586304445666,1.341338168844026,1.1877046389079216,1.1293533130234874,0.994093073645116,0.06846521415217267
/home/iiitn/Datasets/FaceForensics++/manipulated_sequences/Face2Face/c23/videos/702_612.mp4,1,6.527799679943112,21.338733990256745,0.30591316630704063,0.9338180015364813,0.03543937856001127,4.349756035398727,12.071322611613384,0.360337982452228,0.9462959796434086,0.006899153989972135,0.8062898843684295,0.7201256516906792,1.119651664227566,0.9905132248207829,-0.00223204438456627
/home/iiitn/Datasets/FaceForensics++/manipulated_sequences/Face2Face/c23/videos/703_604.mp4,1,7.74436176922261,37.92510387162252,0.20420146495676003,0.8834612909747305,0.07241532285690422,4.9659182297273174,22.08256935589171,0.22487954864737658,0.9463320658336779,0.04932010913400315,0.7695079383998517,0.786560149118198,0.9783205254709848,0.9969032477875278,-0.0033860087933525167
/home/iiitn/Datasets/FaceForensics++/manipulated_sequences/Face2Face/c23/videos/710_788.mp4,1,13.29655358067681,80.39944998477613,0.16538115103019424,0.9648865387359616,0.25059465387205965,8.148094981427091,39.71507192123517,0.20516379770347093,0.9744885921866396,0.2278283575713904,1.6277488517284626,2.0201282420323534,0.8057651083036507,0.9949002132748909,0.03251826786035446
/home/iiitn/Datasets/FaceForensics++/manipulated_sequences/Face2Face/c23/videos/695_422.mp4,1,1.0883332362584988,3.9763173027110774,0.27370382024504597,0.7004665388827291,0.01716092502017807,0.9402497057033464,3.5326403846899725,0.2661606060379858,0.7166580156799957,-0.01278827869518995,0.018766609187409092,0.009992814307711852,1.8780103992251866,0.9800699126817763,0.010841722343541494
/home/iiitn/Datasets/FaceForensics++/manipulated_sequences/Face2Face/c23/videos/715_721.mp4,1,6.366669034216496,7.630637655972106,0.8343560946356342,0.9125916391911687,0.11755163190374718,4.062538820844338,7.385271582495552,0.5500865845574725,0.9484444498517618,0.06214354837711562,0.8393784614351333,0.6933417970006976,1.210627233301339,0.9951620217286088,0.00969272564203873
/home/iiitn/Datasets/FaceForensics++/manipulated_sequences/Face2Face/c23/videos/716_712.mp4,1,39.00765566919772,80.77609544092691,0.48291088417024014,0.906152580460561,0.1894692172969706,21.842436089993797,49.53791741482268,0.4409235839910001,0.9754676637590304,0.1254370686298696,2.5270183912217195,3.1358362701961178,0.8058515092893156,0.997288484449722,0.028261623498648535
/home/iiitn/Datasets/FaceForensics++/manipulated_sequences/Face2Face/c23/videos/712_716.mp4,1,55.31046075828524,49.0467959755177,1.1277079299103272,0.8164354239244812,0.1745206768015249,28.763593413041036,45.31687972336185,0.6347214015755098,0.9285040339100412,0.1396467538634052,0.42017998612979035,0.2472780835566979,1.6992204892814455,0.9928807722275456,0.01791347795719813
/home/iiitn/Datasets/FaceForensics++/manipulated_sequences/Face2Face/c23/videos/719_737.mp4,1,29.24776552875488,92.33569576605134,0.3167546991020592,0.933223015463816,0.3145301212075704,16.96799305047624,67.77552667041657,0.25035575353016953,0.958647871411089,0.24212272238297536,0.13706258077056296,0.08073131010752439,1.6977623748210218,0.9892757741723791,0.053208954148651046
/home/iiitn/Datasets/FaceForensics++/manipulated_sequences/Face2Face/c23/videos/714_842.mp4,1,13.766172188331737,10.780711322386546,1.2769261486248844,0.8633071346808091,0.048109199497199655,8.501425049223606,7.162584840554597,1.1869213752399117,0.9133344671177258,0.06899194854462186,0.5468907447774041,0.36338233674877135,1.5050009025493813,0.9961290739756935,0.006163489710971961
/home/iiitn/Datasets/FaceForensics++/manipulated_sequences/Face2Face/c23/videos/701_579.mp4,1,3.013456593001268,59.001584083433265,0.051074164190913644,0.8244833368939556,0.02160639589828251,1.6413684409578935,39.27729547737661,0.041789242894875685,0.8257939617132216,-0.010892989133893152,0.3040583562516304,0.26067318582299775,1.1664351102767128,0.9850722409344287,0.003500345033324319
/home/iiitn/Datasets/FaceForensics++/manipulated_sequences/Face2Face/c23/videos/720_672.mp4,1,5.142659503688244,74.36649875001068,0.06915290608175238,0.869346609783148,0.0741378877805769,4.589978350567176,43.12897084478652,0.10642448128627251,0.9334877727319141,0.07041205608047053,0.4734690758965805,0.3934779617205057,1.2032924889269756,0.9923149519881785,-0.0005976803455846764
/home/iiitn/Datasets/FaceForensics++/manipulated_sequences/Face2Face/c23/videos/717_684.mp4,1,3.591475168307054,1.8829207436752897,1.9073958266011886,0.882081081826351,0.018853626428418722,2.5935648672831846,3.322778162676343,0.7805410834872554,0.8746598698058207,0.004214486998903123,0.2056132742045087,0.12345888082994867,1.665439317303701,0.9912969511292843,-0.00594389298475218
/home/iiitn/Datasets/FaceForensics++/manipulated_sequences/Face2Face/c23/videos/721_715.mp4,1,11.012878324698868,184.41752821709983,0.05971709105510999,0.9674965076817209,0.11366189583739972,6.5804377548232305,110.30575364011717,0.05965634191932112,0.971108854182396,0.09352960358529112,1.7207070642530446,3.1062009955145236,0.553958699626268,0.9967742119263981,0.0174645303441571
/home/iiitn/Datasets/FaceForensics++/manipulated_sequences/Face2Face/c23/videos/723_704.mp4,1,18.940538758302207,13.125609717996353,1.4430216321557299,0.8628038247473421,0.28021093580047157,9.0475409726384,16.29521252558429,0.5552269391045568,0.8954979713028104,0.22908508395951413,0.8028015828429661,0.5253632562002406,1.5280885622822864,0.9960786519715054,0.06862513912280306
/home/iiitn/Datasets/FaceForensics++/manipulated_sequences/Face2Face/c23/videos/706_479.mp4,1,3.5196308575237674,3.6341949463086025,0.9684760750379661,0.8683063281351896,0.02868170192261313,1.995191380793998,10.211963144133284,0.19537784778828002,0.8658469724612657,-0.006625564285241887,0.1425091175611967,0.09507446067082359,1.498921125144282,0.9778107351252426,-0.00656792001044249
/home/iiitn/Datasets/FaceForensics++/manipulated_sequences/Face2Face/c23/videos/708_772.mp4,1,10.493545871652083,9.874660398139737,1.0626741020510373,0.7893983372140388,0.04539368767954522,7.181047088597285,11.919404753057849,0.6024669215763506,0.7851471145248793,0.030977708339918014,0.21939449064183206,0.13257741796464292,1.6548405754918412,0.9914959835247971,-0.004366279604060361
/home/iiitn/Datasets/FaceForensics++/manipulated_sequences/Face2Face/c23/videos/722_458.mp4,1,10.4191056746276,94.00529035119041,0.11083531188195155,0.9448381276737471,0.04428017838524204,6.068345878552672,73.7399331398543,0.08229388907965943,0.9483037890497777,-0.0024033446837548864,1.4304808289117774,2.1336821804875803,0.6704282587132493,0.9925294790952105,0.0008430454548374301
/home/iiitn/Datasets/FaceForensics++/manipulated_sequences/Face2Face/c23/videos/713_726.mp4,1,4.088768228240505,9.772840288708123,0.4183807478123641,0.9072461075300357,0.028208704053505063,2.824848418512461,11.546862909457447,0.2446420677774542,0.8899241436967976,-0.010385091134046742,0.2544889563154729,0.19316422178331413,1.3174746025221535,0.9883237995629287,0.011380426756608875
/home/iiitn/Datasets/FaceForensics++/manipulated_sequences/Face2Face/c23/videos/727_729.mp4,1,9.555742434120353,22.783767552740937,0.4194101090612108,0.9217283025074433,0.1252287350144076,5.187350158602729,13.799247981790865,0.37591542419179824,0.9509695430654391,0.10458096441473158,0.9934692842582398,0.8869772179359195,1.1200617830637605,0.994860395322721,0.008418446657308716
/home/iiitn/Datasets/FaceForensics++/manipulated_sequences/Face2Face/c23/videos/728_673.mp4,1,27.368924988291976,7.941178824014838,3.446456199364997,0.8755825686197296,0.17749093107418526,16.41048373152645,9.849748791977655,1.6660814481778796,0.9200850483189731,0.15872151634479112,0.08107501135754498,0.041579135955446156,1.9498964924239977,0.9775297474184738,0.0011549205693458136
/home/iiitn/Datasets/FaceForensics++/manipulated_sequences/Face2Face/c23/videos/729_727.mp4,1,8.822518964863173,38.67051747462015,0.22814587290313562,0.9658059787437034,0.255686542765615,5.294171056401568,23.44976793579977,0.2257664583673419,0.975272249085417,0.21974625461160863,1.2559255471009017,1.5033234487440652,0.8354326862593346,0.997079977583993,0.04258363144252251
/home/iiitn/Datasets/FaceForensics++/manipulated_sequences/Face2Face/c23/videos/731_741.mp4,1,29.585447906744765,33.52513234873208,0.882485640891547,0.9098116097620009,0.2535552329184352,16.56555923265059,33.71923389703535,0.49127922903690463,0.9411847069376836,0.22976013781124766,1.325082131106003,1.1657937938088168,1.1366350877343139,0.9969616166854559,0.06441418141848397
/home/iiitn/Datasets/FaceForensics++/manipulated_sequences/Face2Face/c23/videos/709_390.mp4,1,6.62549688039816,6.063020819381175,1.0927715866023355,0.9254970484436239,-0.007026819179671258,4.223213045260536,4.7499334944998655,0.8891099317813103,0.930059682036135,0.005364967887688322,0.8708717267480006,0.8895805458734877,0.9789689430459423,0.9972879259842348,0.010643100692727774
/home/iiitn/Datasets/FaceForensics++/manipulated_sequences/Face2Face/c23/videos/718_972.mp4,1,1.9268098916668432,1.1989689177757725,1.6070557485687793,0.8812629805542697,0.039724186865102526,2.0209004244776656,3.4851539759324095,0.5798597245440207,0.8550322626163934,0.015372031255592573,0.3323067579420224,0.24936073662238015,1.332634649877746,0.996659704127191,0.008520838618630145
/home/iiitn/Datasets/FaceForensics++/manipulated_sequences/Face2Face/c23/videos/732_691.mp4,1,7.0409496174137045,121.67135337415101,0.05786858962406798,0.9285309856566063,0.13297476196399619,5.055861283040798,58.398923206924856,0.08657456345772625,0.9625548104760298,0.14604491336482037,1.00435382496003,1.4785842275189898,0.6792672383941893,0.9950996377620479,0.014421332923712114
/home/iiitn/Datasets/FaceForensics++/manipulated_sequences/Face2Face/c23/videos/735_774.mp4,1,14.902452091211279,92.65215709855916,0.1608430128114419,0.8196924497973518,0.18294603326700934,10.335419420107568,48.41120789645811,0.21349228555116748,0.8854228820045931,0.17032505671258538,0.26673533823791834,0.14198096138824742,1.8786697570565791,0.9892216132658348,0.027528128513111483
/home/iiitn/Datasets/FaceForensics++/manipulated_sequences/Face2Face/c23/videos/734_699.mp4,1,12.646861591311685,83.30359518147274,0.15181651600703577,0.8511612040789895,0.1272087804319254,7.949858274081259,38.14959892407666,0.2083864181613718,0.8952089263823826,0.1196745400461236,1.3189895104886304,1.0721123734485005,1.230271698335164,0.9929546874610614,0.0024509159540884147
/home/iiitn/Datasets/FaceForensics++/manipulated_sequences/Face2Face/c23/videos/730_815.mp4,1,4.667546743935188,40.851056318893235,0.11425767567671172,0.8397720622809551,0.024449235666188795,3.75175178520869,51.85845724047684,0.07234599687011808,0.8599590492221513,0.012909621399410494,0.020474745692169363,0.011484504283401677,1.78281492930967,0.9860080202811631,0.014553684561007441
/home/iiitn/Datasets/FaceForensics++/manipulated_sequences/Face2Face/c23/videos/725_724.mp4,1,3.431836778270339,0.9497743186643607,3.613318143931738,0.8668399686496918,0.058135625712874846,3.1589725061350786,0.9704000359836275,3.255330161785337,0.8589437773768598,0.08677892512823723,0.3253449620579189,0.2215098199429526,1.4687608980121418,0.9947626438124505,0.0025264950419521576
/home/iiitn/Datasets/FaceForensics++/manipulated_sequences/Face2Face/c23/videos/736_785.mp4,1,18.15678611858081,28.142211052393233,0.6451798007192028,0.9005781603379664,0.2139087674229718,12.067283265517197,18.387944778394296,0.6562605778377238,0.9491992731938561,0.19650276774838388,0.5253595846009853,0.318491427030541,1.6495250421626173,0.9904233327093976,0.03251083856844492
/home/iiitn/Datasets/FaceForensics++/manipulated_sequences/Face2Face/c23/videos/711_681.mp4,1,5.864371276891036,7.355258335829827,0.7973032365598633,0.8642331257238619,0.04960961765309947,3.5780496204381183,8.347317345060993,0.42864665047809725,0.8726208581278513,0.05016619516731162,0.6354820717716916,0.41265425509216996,1.5399867175239743,0.9970620202595227,-0.005682811759936959
/home/iiitn/Datasets/FaceForensics++/manipulated_sequences/Face2Face/c23/videos/737_719.mp4,1,98.78798824093978,29.842008117074055,3.3103666433365255,0.9432823822980736,0.3427555596477924,48.02684156752739,26.28154842461451,1.827397716131021,0.9589140406699136,0.28016195632578883,1.7833951983688465,1.017028398209413,1.753535300989337,0.9927992940006541,0.10170118628814212
/home/iiitn/Datasets/FaceForensics++/manipulated_sequences/Face2Face/c23/videos/744_674.mp4,1,50.57171701262816,527.8044143210524,0.09581525966902286,0.9799656931291416,0.204663393649843,30.085486999286882,283.58236645013716,0.10609082424938743,0.9795529089042967,0.1548889891890295,4.6568631756649115,6.862111236746851,0.6786341717585752,0.99646984959511,0.10307902760756113
/home/iiitn/Datasets/FaceForensics++/manipulated_sequences/Face2Face/c23/videos/733_935.mp4,1,5.832042791192457,5.454422618576374,1.0692319240775374,0.7726228120362469,0.04956904010064923,3.2975176033362676,3.079776445406799,1.0707003127627037,0.878657904541781,-0.0022841204338566305,0.05887995931323134,0.030247949800373226,1.9465768655998241,0.9728089323339028,0.0020359890957133576
/home/iiitn/Datasets/FaceForensics++/manipulated_sequences/Face2Face/c23/videos/742_775.mp4,1,19.484826241527,55.22145326185419,0.35284884932549765,0.909670815619073,0.20298583103330792,10.452107831689561,31.012324582887402,0.33703077638549656,0.9693241221701762,0.16994128981579576,1.3628795505860107,1.2877476372440013,1.0583436623520464,0.9969845681806078,0.01191327968861565
/home/iiitn/Datasets/FaceForensics++/manipulated_sequences/Face2Face/c23/videos/741_731.mp4,1,12.964071574682952,33.673965772931126,0.3849879655429282,0.8623728527882605,0.18906741208616268,8.09089608571812,36.3698878670524,0.22246139760710368,0.9496083198410307,0.0954280897651131,0.8649669477750832,0.6915772486835419,1.2507163146584115,0.9957143970335475,0.04557454343706876
/home/iiitn/Datasets/FaceForensics++/manipulated_sequences/Face2Face/c23/videos/745_777.mp4,1,7.38106209270762,51.69542683992261,0.14277978815347508,0.7940048389488622,0.21886899849962124,4.9386394701681775,25.116679550521983,0.19662788069713383,0.8536588411842501,0.18611261072880178,0.35873776630884296,0.20117734250398436,1.7831916946697817,0.9803906597920538,0.029450504868452673
/home/iiitn/Datasets/FaceForensics++/manipulated_sequences/Face2Face/c23/videos/738_804.mp4,1,11.249200822617041,102.34688895001023,0.10991248427796903,0.8418970198918062,0.08472494786531985,7.018671207174485,86.66379583219918,0.08098735048213476,0.8933221782722477,0.05020788152359386,0.6450502432774358,0.5995598869401796,1.0758729149967214,0.9941143533104592,0.0015262359443217167
/home/iiitn/Datasets/FaceForensics++/manipulated_sequences/Face2Face/c23/videos/739_865.mp4,1,20.306986998856292,21.72196774013588,0.9348594584888773,0.8936647308796782,0.11300598899878248,12.78836231127738,19.721673237048165,0.6484420544628937,0.9407008472808464,0.13628442921398642,0.6432478031022085,0.5002402482151972,1.2858777465372824,0.9942613496198153,-0.0006277309722660031
/home/iiitn/Datasets/FaceForensics++/manipulated_sequences/Face2Face/c23/videos/743_750.mp4,1,2.8949307684338694,9.304479799049682,0.31113300592361376,0.8481235849680765,0.03609606391184473,2.382840856364256,6.340205618305902,0.3758302174750208,0.8987859398509194,0.01517156641442016,0.31299716165994984,0.2333464138999958,1.341341212100605,0.9954531984515057,-0.008405983961030435
/home/iiitn/Datasets/FaceForensics++/manipulated_sequences/Face2Face/c23/videos/724_725.mp4,1,1.1976578080817457,5.171497472058207,0.23158820333041547,0.8872761107527513,0.00965429117352332,1.0584311609874006,5.087342166008036,0.20805189162614085,0.8887697059927553,-0.001191732828598311,0.2813930629790704,0.26483028107309114,1.062541118179035,0.9971115368177003,0.006609454848790952
/home/iiitn/Datasets/FaceForensics++/manipulated_sequences/Face2Face/c23/videos/726_713.mp4,1,4.297337136724516,31.77535053647456,0.13524121887472657,0.8560562130687682,-0.003859137911788862,3.478581947677269,25.985004767679005,0.13386882083639418,0.9257073865645222,0.03690119672365622,0.5605198755574837,0.9212878240354531,0.6084090779603245,0.9961884623913773,0.008725979201238455
/home/iiitn/Datasets/FaceForensics++/manipulated_sequences/Face2Face/c23/videos/747_854.mp4,1,1.7676970303780652,61.259120857194425,0.02885606266695978,0.6300090269048136,0.043748522102162866,1.3124571286898064,40.080759427804956,0.03274531589287513,0.7154874377323974,0.08115725651450277,1.772750854644045e-27,4.146496875283925e-27,0.0,0.0,0.0
/home/iiitn/Datasets/FaceForensics++/manipulated_sequences/Face2Face/c23/videos/749_659.mp4,1,16.16901999513869,17.25137758922798,0.9372596426870204,0.9107890426009518,0.09326470182126285,9.41623643295179,16.523218558299238,0.5698790704564171,0.9507470474303202,0.0927443685410141,1.0134646107525114,0.7940626398056265,1.2763031024864624,0.9971923560447706,0.005710600610394928
/home/iiitn/Datasets/FaceForensics++/manipulated_sequences/Face2Face/c23/videos/746_571.mp4,1,11.954881167388796,59.99992911127245,0.1992482548640675,0.9546935888998079,0.07991882848022688,7.101029540570413,46.8724921954529,0.15149673524846805,0.9567474979946274,0.07645654106908312,1.2352894215907086,1.478346861161689,0.8355883548330565,0.9948375322284417,0.015464356381661553
/home/iiitn/Datasets/FaceForensics++/manipulated_sequences/Face2Face/c23/videos/751_752.mp4,1,9.579410181870651,22.547345317622497,0.42485756291600324,0.9254580978065422,0.01240299357211598,7.206593433993574,14.998620105999818,0.4804837633770562,0.9594668893730532,0.025688604813857218,0.7485978331870022,0.6370269237827296,1.1751431615193804,0.986673088234919,-0.007171952422893195
/home/iiitn/Datasets/FaceForensics++/manipulated_sequences/Face2Face/c23/videos/755_759.mp4,1,15.599631115198974,25.856777459091813,0.6033091764772025,0.9109759405973527,0.37990758189281637,8.973417352308125,18.96302397288491,0.4732060332328404,0.9384154924555985,0.32041713449958126,0.9215207629369967,0.6229627659601925,1.4792549623999232,0.9917264525594817,0.14130147378317756
/home/iiitn/Datasets/FaceForensics++/manipulated_sequences/Face2Face/c23/videos/748_355.mp4,1,2.1593467846516283,1.7750334800860503,1.2165104539588443,0.8747215525496682,0.03229793190774659,2.6565000269015493,1.5753565493184443,1.6862849416856434,0.8490752552172599,0.017584219838325338,0.39847335171578485,0.3186799164344227,1.2503873986605047,0.9911505716579175,-0.0023949393098371256
/home/iiitn/Datasets/FaceForensics++/manipulated_sequences/Face2Face/c23/videos/756_503.mp4,1,39.39737150082919,66.4624463941441,0.592776426964332,0.9704859887169346,0.07213149217585675,19.625373090484526,41.84868821281753,0.4689602931083898,0.9737236470202415,0.06898605388882881,2.363621502945413,2.32825343335532,1.0151908160354874,0.9975950406601082,0.008814532102827928
/home/iiitn/Datasets/FaceForensics++/manipulated_sequences/Face2Face/c23/videos/752_751.mp4,1,10.286357908754617,68.13767376151934,0.15096432473988897,0.9380393207218641,0.16249226712852713,7.616081083100217,38.83881980541458,0.19609455491328928,0.939832149289655,0.12425201625629795,1.1326822783240251,2.047399707773069,0.553229676659488,0.9953724556427151,0.008092912999861328
/home/iiitn/Datasets/FaceForensics++/manipulated_sequences/Face2Face/c23/videos/758_754.mp4,1,6.444395865312045,25.47854976533058,0.2529341710838317,0.8227673054078531,0.23774558705031928,6.889882195405147,17.249798938928205,0.3994181161066473,0.8972590523552629,0.22449166802434836,0.3400308100522249,0.19494591100995481,1.7442315578235514,0.9806511134330235,0.041704722415745
/home/iiitn/Datasets/FaceForensics++/manipulated_sequences/Face2Face/c23/videos/754_758.mp4,1,7.172760853539775,16.851313855545055,0.42564994724013894,0.7515197789653989,0.03688316524547298,4.488189146171131,8.644193986892857,0.5192143018743619,0.7868989473408572,0.012011470733731221,0.11414090515151498,0.060205998491370816,1.895839418191437,0.9848418302030244,0.007501109652972167
/home/iiitn/Datasets/FaceForensics++/manipulated_sequences/Face2Face/c23/videos/759_755.mp4,1,0.0,0.0,0.0,0.0,0.0,0.0,0.0,0.0,0.0,0.0,0.0,0.0,0.0,0.0,0.0
/home/iiitn/Datasets/FaceForensics++/manipulated_sequences/Face2Face/c23/videos/762_832.mp4,1,45.58514893209293,180.18804185764702,0.2529865381860707,0.9634303102140954,0.20690311778409515,20.43316096257112,104.17265782506927,0.19614706381863914,0.9612515880420379,0.15947618911267886,2.4055348005193165,2.526404343031918,0.9521574830862004,0.9972866842943859,0.06006335546527978
/home/iiitn/Datasets/FaceForensics++/manipulated_sequences/Face2Face/c23/videos/760_611.mp4,1,9.955115129949695,95.01081361003735,0.10477875887695792,0.9055000066821325,0.07124645442266736,8.228848762726736,46.14586091374186,0.17832257541166063,0.9370329910804087,0.06321473334532005,1.5189348947964068,1.919904336233805,0.7911513433924718,0.9976296640690298,0.010868948044026595
/home/iiitn/Datasets/FaceForensics++/manipulated_sequences/Face2Face/c23/videos/761_766.mp4,1,18.23302870071731,67.00807258752508,0.27210197214524506,0.8805505218966214,0.2088750819208691,8.935354359455546,56.03060214791871,0.15947275269086958,0.9553585702721877,0.1391462694911504,1.2129600317186375,1.284569533918317,0.9442540864399537,0.9970005125286932,0.026285529424580893
/home/iiitn/Datasets/FaceForensics++/manipulated_sequences/Face2Face/c23/videos/766_761.mp4,1,44.188473370829364,11.270052743731002,3.920875471981205,0.9076710237169311,0.44561846086998136,25.441305367069628,10.047084903469477,2.5322076613769027,0.9178760130580857,0.400342579717481,1.277280129839004,0.6112285398880846,2.0896932104526287,0.9950428085216364,0.09886310703355618
/home/iiitn/Datasets/FaceForensics++/manipulated_sequences/Face2Face/c23/videos/767_694.mp4,1,5.234023564614593,52.42082779401667,0.0998462592994765,0.9179680612925276,0.38240439158575823,3.7987466041658693,41.83140259819084,0.09081088293057045,0.8888621520226986,0.38353081923774945,0.8763378355093293,1.1142664908439193,0.7864705999061424,0.9971133364112484,0.07720908679504804
/home/iiitn/Datasets/FaceForensics++/manipulated_sequences/Face2Face/c23/videos/757_573.mp4,1,5.030918050416114,13.683285545316936,0.36766886386712366,0.8907144983179128,0.03486589144640286,3.2225334312123635,12.325912973714921,0.2614437922841443,0.9230797662411833,0.03203272995436373,0.5357161272932681,0.493510565870203,1.0855210898041148,0.9966869405582329,-0.000923302928039937
/home/iiitn/Datasets/FaceForensics++/manipulated_sequences/Face2Face/c23/videos/763_930.mp4,1,36.17965089711961,66.41080506434345,0.544785609240337,0.9046631735005439,0.2869624256321719,21.852503940393074,35.88753740282084,0.6089162289155962,0.9371609425296716,0.23579557097915554,1.3740400061901605,0.9385365278506731,1.464024004837432,0.9907963720539374,0.05226174593436079
/home/iiitn/Datasets/FaceForensics++/manipulated_sequences/Face2Face/c23/videos/750_743.mp4,1,4.537971067250909,48.51874707388988,0.09353026079465673,0.8861680623143436,0.03271581521892231,3.7154365511184317,29.91751523066549,0.12418934268010683,0.9257833722708159,0.01634047385602335,0.2339511857694654,0.17101941702931314,1.3679802553026221,0.9850620796032495,-0.0055635972075462345
/home/iiitn/Datasets/FaceForensics++/manipulated_sequences/Face2Face/c23/videos/765_867.mp4,1,62.883176859771844,116.29052476262818,0.5407420508947635,0.9686482136021036,0.06073319174260234,32.86845472782916,120.17106405819692,0.2735138861041581,0.9548326051103083,0.050221869747691314,1.7289655991153834,1.5431888392724111,1.1203849814845492,0.996744968436532,0.010954302355171365
/home/iiitn/Datasets/FaceForensics++/manipulated_sequences/Face2Face/c23/videos/771_849.mp4,1,49.06981100693818,52.16194443017864,0.9407205107666292,0.8263535631027148,0.3480874210420235,28.992720716550718,73.06112937045651,0.3968282582868806,0.8919214064467109,0.27736716121731936,0.4714615245648668,0.2536060545709872,1.8590310289019512,0.98970415934795,0.06071524161111728
/home/iiitn/Datasets/FaceForensics++/manipulated_sequences/Face2Face/c23/videos/740_796.mp4,1,13.224933322507278,83.88530253783121,0.15765495173058475,0.6841666694450937,0.01464530124977626,9.01963796714169,49.96838180418975,0.18050690539643235,0.7748152605100518,0.005701732233365891,0.005075365895528409,0.0025749560811802416,1.971049499687814,0.9701136598977023,-0.010345941422227688
/home/iiitn/Datasets/FaceForensics++/manipulated_sequences/Face2Face/c23/videos/775_742.mp4,1,17.399275529122576,14.888488374822828,1.168639494560483,0.9213614894941419,0.2739929129146471,9.718252547983605,10.651996864509012,0.9123409133139614,0.9380768893955421,0.270285498612901,0.9066052216145403,0.580019722309642,1.563059300819001,0.9960348500275152,0.07863139881963524
/home/iiitn/Datasets/FaceForensics++/manipulated_sequences/Face2Face/c23/videos/774_735.mp4,1,17.40489011743918,110.71728910477854,0.15720119466588336,0.9312943545952325,0.16202632559839109,11.045244576106368,72.47871590633257,0.15239293960975556,0.9732053016231075,0.1412935288091863,1.3665631993547276,1.5916826934995842,0.8585650927384947,0.9979035793306487,0.05453087508105193
/home/iiitn/Datasets/FaceForensics++/manipulated_sequences/Face2Face/c23/videos/777_745.mp4,1,1.8083119801819523,19.051687751206362,0.09491610422113123,0.8187398669726415,0.1155050880912964,1.3568355182541598,9.217057198401614,0.1472091893375097,0.8883938185126999,0.12198867490995606,0.4701039175014213,0.42640060371783467,1.1024935551275785,0.9952138000953594,0.011853909439783244
/home/iiitn/Datasets/FaceForensics++/manipulated_sequences/Face2Face/c23/videos/753_789.mp4,1,5.727073066615024,7.097994460822533,0.8068579227872991,0.8822886048950929,0.0066288039986011045,3.587677926716055,13.626888293161205,0.26327932316848657,0.9190640390708275,-0.005664496062464502,0.04896056509451897,0.02825452469036099,1.732839806405302,0.9835081631539558,0.0032274454941052483
/home/iiitn/Datasets/FaceForensics++/manipulated_sequences/Face2Face/c23/videos/770_791.mp4,1,32.22099110184259,18.91609305486875,1.7033639562028555,0.8300593384613585,0.15613635292456943,19.232280884697655,22.368465286388698,0.8597943863587537,0.8481626983345883,0.13159240110475148,0.11911707315137543,0.0625217302469402,1.905210759217672,0.9868195090098295,0.019839845904319656
/home/iiitn/Datasets/FaceForensics++/manipulated_sequences/Face2Face/c23/videos/768_793.mp4,1,2.1517896680967525,31.54239605236234,0.06821896676855645,0.8327400296812971,0.14629133482828743,1.512338507434295,16.732791129366756,0.0903817238703277,0.884636481045268,0.13224766673599914,0.5731014921187909,0.5433965299466386,1.0546653512400408,0.9958490790780797,0.01860200160272012
/home/iiitn/Datasets/FaceForensics++/manipulated_sequences/Face2Face/c23/videos/769_784.mp4,1,42.81998765249339,21.581814115967262,1.9840773079781604,0.8645111902123448,-0.003288642986098547,24.910154118220465,20.041035472245,1.2429574386372775,0.8638509146313877,-0.005604518338669926,0.01077397564832319,0.005767105172668115,1.86817741756887,0.9835444605536182,-0.010782714219219718
/home/iiitn/Datasets/FaceForensics++/manipulated_sequences/Face2Face/c23/videos/773_652.mp4,1,0.9318282898272177,5.589134422650308,0.16672139536507238,0.8680783869868399,0.05754778170628677,1.4438680744223047,4.958966844353551,0.2911630829043236,0.8780852598449158,0.042978131789725434,0.32454294399969924,0.30808622667564045,1.053415946248661,0.988497956948279,-0.007128971942916901
/home/iiitn/Datasets/FaceForensics++/manipulated_sequences/Face2Face/c23/videos/772_708.mp4,1,6.7952797057239565,2.8414758789627244,2.3914613374105294,0.9095748229029587,0.04297767110511883,4.2141710112703175,2.054592086241321,2.0510986290128947,0.9147638904648078,0.028973037655264523,5.469747034951221e-07,2.894681425963508e-07,1.889585149471359,0.9712689592764512,0.0
/home/iiitn/Datasets/FaceForensics++/manipulated_sequences/Face2Face/c23/videos/781_806.mp4,1,21.038059306845234,36.661748661606914,0.5738422217944232,0.8582597746612418,0.48207715335199636,13.125846853807964,46.24257724331472,0.2838476494236827,0.8659153624791959,0.43975007721290604,0.35124194606604964,0.22731194151926634,1.5451979500878061,0.9937959217253937,0.1269433910303905
/home/iiitn/Datasets/FaceForensics++/manipulated_sequences/Face2Face/c23/videos/776_676.mp4,1,0.0,0.0,0.0,0.0,0.0,0.0,0.0,0.0,0.0,0.0,0.0,0.0,0.0,0.0,0.0
/home/iiitn/Datasets/FaceForensics++/manipulated_sequences/Face2Face/c23/videos/764_850.mp4,1,7.86132695780956,12.00143899593751,0.6550320307815272,0.9407084910226627,0.020999150975970764,6.367594004802498,14.10798924832473,0.45134667263505507,0.9267134284063699,0.030318818087208835,0.20888474301093599,0.12439704838809434,1.6791776470391535,0.9764708376319057,0.0020552456542347257
/home/iiitn/Datasets/FaceForensics++/manipulated_sequences/Face2Face/c23/videos/782_787.mp4,1,25.150273600008223,97.42144810375828,0.25815951301834517,0.9540183902007482,0.20494387292617275,13.898787383467502,54.027202501614966,0.2572553591508286,0.976927758579763,0.1785844241128656,1.137572395394645,1.1670587578357252,0.9747344662442174,0.9887720998365449,0.03832833899812462
/home/iiitn/Datasets/FaceForensics++/manipulated_sequences/Face2Face/c23/videos/778_798.mp4,1,2.7091566699637464,4.904018139647078,0.5524361029705965,0.9251706976699999,0.060400577506353074,2.6917008056648366,4.519099218388257,0.5956277292413233,0.92533060449273,0.040550032306861106,0.4776673967215584,0.4971393725666083,0.9608319579587493,0.9971119231642112,-0.012116682723753373
/home/iiitn/Datasets/FaceForensics++/manipulated_sequences/Face2Face/c23/videos/784_769.mp4,1,15.568126303756983,28.616707819859943,0.5440222684509058,0.9091497539633439,0.2240144542913577,8.249301611101474,17.40817717024179,0.47387509504459485,0.9385801371028792,0.18194092568262377,1.135157516630053,0.875027674483342,1.2972818457431121,0.9911388324532348,0.02274003647838807
/home/iiitn/Datasets/FaceForensics++/manipulated_sequences/Face2Face/c23/videos/785_736.mp4,1,50.90390397333275,111.63925377573541,0.4559677913611836,0.9007454688562532,0.08062863626837427,29.80646466105519,75.35779013026081,0.395532626547737,0.9476835286490349,0.06507912504359034,1.7006682913261866,1.2564427024779017,1.3535581749746348,0.9953759691686971,0.020359348432711543
/home/iiitn/Datasets/FaceForensics++/manipulated_sequences/Face2Face/c23/videos/780_869.mp4,1,1.8834909391596533,2.838271582798915,0.6636049032708419,0.8794872116447712,0.10192517755309677,1.410930380332007,3.931120606045848,0.35891302295891747,0.9040202265109233,0.08644782922185905,0.2934638590542476,0.23718025950773414,1.237303052384417,0.9963145984930434,-0.02333833689635542
/home/iiitn/Datasets/FaceForensics++/manipulated_sequences/Face2Face/c23/videos/788_710.mp4,1,4.6033433880143235,85.11570249731135,0.05408336244607433,0.8871373731110944,0.10827156434041214,3.5407762518401165,53.15818599775616,0.06660829720543088,0.9249199048603822,0.099860290990343,0.7208983117005641,0.9790638077941436,0.7363139214846138,0.9947619139979228,0.010448954135886366
/home/iiitn/Datasets/FaceForensics++/manipulated_sequences/Face2Face/c23/videos/787_782.mp4,1,12.11894749041109,85.40614560772991,0.1418978388987763,0.9286813868361522,0.154116620622852,8.06221794001714,45.654519240880575,0.17659189219537247,0.9750867469741338,0.10058928566294707,1.3299245629280543,1.6581930577508317,0.8020324031099009,0.9978874445831628,0.0237143350975531
/home/iiitn/Datasets/FaceForensics++/manipulated_sequences/Face2Face/c23/videos/792_903.mp4,1,11.882986846714488,20.33707301150726,0.5843017252281474,0.8547900866366005,0.11641773109359806,6.799138881373487,15.637721426805784,0.4347908941336285,0.915095076967638,0.08584952781669852,0.5907771541949164,0.39510405820770594,1.4952444600919417,0.9955894128274871,0.017322140624181893
/home/iiitn/Datasets/FaceForensics++/manipulated_sequences/Face2Face/c23/videos/791_770.mp4,1,11.860527284118865,102.50476672485138,0.11570708039320267,0.8852837738942686,0.20552968219175072,7.393437889085576,67.63819986558615,0.10930861412305722,0.9428092094707642,0.16905814766272576,0.9940883420961604,1.0686943085839802,0.930189609986159,0.9947836071830207,0.020487511989487145
/home/iiitn/Datasets/FaceForensics++/manipulated_sequences/Face2Face/c23/videos/783_916.mp4,1,20.58199452142217,25.30418268498957,0.813383098661843,0.8962536040989448,0.13808361097280922,12.664786177470198,23.38520435306283,0.541572610880839,0.9292732738224133,0.1199536377158675,0.8561614283072676,0.5798597999053882,1.4764972989108087,0.9970245903479006,0.010166157242612968
/home/iiitn/Datasets/FaceForensics++/manipulated_sequences/Face2Face/c23/videos/779_794.mp4,1,7.083836204805252,7.631709809000509,0.9282108966526585,0.9348963267256855,0.26478321322271575,4.802379013999622,5.470739681537073,0.8778299267660152,0.9674906503913153,0.22812166913437212,1.204418174781212,1.1557208080161916,1.0421359262784322,0.997905764101346,0.024247536014824916
/home/iiitn/Datasets/FaceForensics++/manipulated_sequences/Face2Face/c23/videos/797_844.mp4,1,25.81414992022133,161.76883815768124,0.15957430500341144,0.880006909636981,0.4647178429630288,18.210227290819944,98.18582487425645,0.18546696851751482,0.961911692575839,0.4505146813052323,1.0131420788883574,0.7950230125966078,1.274355663717652,0.9931208175872057,0.05301942081379492
/home/iiitn/Datasets/FaceForensics++/manipulated_sequences/Face2Face/c23/videos/790_014.mp4,1,2.815882354284891,13.51139091423636,0.20840802935528416,0.7478536860959777,0.06966285691557221,1.711833079278174,11.145469646208875,0.15359003555856912,0.8144295083270963,0.08151932919934358,0.5469952621077734,0.40815174911353524,1.340176204795869,0.9964985878767936,-0.005935564230149974
/home/iiitn/Datasets/FaceForensics++/manipulated_sequences/Face2Face/c23/videos/793_768.mp4,1,7.724560160633868,28.869635271904457,0.26756694665108244,0.8770241556762958,0.17877954168397037,4.607526129791168,28.080477754468358,0.16408289666859344,0.9204858447549645,0.1501313312485369,0.09751443556670591,0.060644598326760814,1.6079657258390223,0.9947173886865989,0.013319382183308845
/home/iiitn/Datasets/FaceForensics++/manipulated_sequences/Face2Face/c23/videos/794_779.mp4,1,20.194769273937414,134.0326399152502,0.15067053283966286,0.9125284075411241,0.1255534326307794,13.203683714569756,115.07058229773968,0.11474421568847067,0.9527547408537634,0.11389071427635615,1.078966667779057,0.9511663241813318,1.1343617202887444,0.9942745887597843,0.013160277830682337
/home/iiitn/Datasets/FaceForensics++/manipulated_sequences/Face2Face/c23/videos/796_740.mp4,1,13.359195044468928,6.979271338035055,1.914124612359616,0.9563640232725735,0.0836783739016821,7.795807766914986,4.185479557532456,1.8625841220237602,0.9543834686492776,0.05282809303225842,0.4300039361535186,0.31126299568152455,1.3814810694474149,0.9913187959818011,0.00742828056814566
/home/iiitn/Datasets/FaceForensics++/manipulated_sequences/Face2Face/c23/videos/801_855.mp4,1,26.206525044805733,334.26279890556503,0.07840096214897527,0.9427744441648951,0.28853097975114583,14.154740161113892,213.39243014895246,0.06633196946692806,0.9325289143899784,0.2290255437464993,2.113480104177299,3.3202350009448858,0.6365453359704467,0.9959442268407104,0.07774195466967546
/home/iiitn/Datasets/FaceForensics++/manipulated_sequences/Face2Face/c23/videos/802_885.mp4,1,41.10148648878343,30.670777868940245,1.3400862105426474,0.8746557082573986,0.20539104339008307,24.224473108396392,39.364570864990895,0.6153877097118456,0.9206319645603201,0.16767986298214343,1.2901318252265452,0.8736886106481466,1.4766494715656873,0.9970917669961062,0.02858097456809875
/home/iiitn/Datasets/FaceForensics++/manipulated_sequences/Face2Face/c23/videos/795_907.mp4,1,5.732138985750044,51.672253186552545,0.11093263080778148,0.8565635444646431,0.08078395399579315,5.871492203570547,40.405582347790734,0.14531388640885617,0.9413890418237019,0.08920654424710035,0.36892420078678456,0.27383463784387263,1.3472517709652474,0.9961001483300013,-0.0035152966129435846
/home/iiitn/Datasets/FaceForensics++/manipulated_sequences/Face2Face/c23/videos/799_809.mp4,1,6.297110532337553,88.12306463407299,0.07145814275168501,0.6356482759710528,0.1243651663940546,5.498117120791275,40.71278247118624,0.13504645929524645,0.8661660245713714,0.07297092809529718,0.34866426576245196,0.2269128662032559,1.5365557343501974,0.9934875285109884,0.002468884293319279
/home/iiitn/Datasets/FaceForensics++/manipulated_sequences/Face2Face/c23/videos/803_017.mp4,1,6.21276574543862,17.081405560739057,0.3637151359322806,0.8725907171754402,0.058535683190048766,5.15706228535651,10.93599371513659,0.4715677806415142,0.919374132562269,0.03893417182443714,0.5262898980387002,0.3824768460691826,1.3760045959579594,0.9929461302643839,0.011180333183092145
/home/iiitn/Datasets/FaceForensics++/manipulated_sequences/Face2Face/c23/videos/804_738.mp4,1,9.068320439864673,4.990687073856356,1.8170484956608364,0.9100835415364857,0.1343626138743246,6.269265101596808,4.318593531921339,1.4516914025959784,0.951000494832294,0.07828646859179424,0.8972989832525137,0.7959236802573088,1.1273681202228234,0.9974085614935883,0.01637002099954918
/home/iiitn/Datasets/FaceForensics++/manipulated_sequences/Face2Face/c23/videos/806_781.mp4,1,9.863294345375207,29.544254114860625,0.33384814207964775,0.7380600275377068,0.33159454855055814,7.659500916259091,17.27182239298762,0.4434680221913848,0.8482018477050509,0.3367960624849024,0.3578975654852295,0.22109647629049234,1.6187393462345285,0.9893766169590014,0.04694703107852067
/home/iiitn/Datasets/FaceForensics++/manipulated_sequences/Face2Face/c23/videos/800_840.mp4,1,28.71753784607581,106.923688613114,0.26857975270555395,0.9072465283282138,0.0008184485647250871,15.111540167241003,76.45828276504534,0.1976442527970245,0.9334508879760458,-0.0002341935276198014,0.6015084089909627,0.354396551093686,1.6972750077129046,0.9898685757808058,0.01645067813405009
/home/iiitn/Datasets/FaceForensics++/manipulated_sequences/Face2Face/c23/videos/812_821.mp4,1,13.344971522732274,28.85457254545622,0.4624907023560718,0.9039750767857209,0.11721439599345108,8.632740322304734,19.3897890580018,0.44522095090777514,0.9430779046182515,0.09955624681146939,0.3934262063540521,0.24877394474223205,1.5814606580351571,0.9905671033471731,0.013036667969864133
/home/iiitn/Datasets/FaceForensics++/manipulated_sequences/Face2Face/c23/videos/805_011.mp4,1,6.510002652139877,6.0142490126901835,1.082429849246954,0.9248917236093784,0.060161177310778656,4.991556678150771,3.9951590380173663,1.2494012455203476,0.9338564050588447,0.07258709366101102,0.45720181966037376,0.2786844173002865,1.6405718844614559,0.9873918548799802,-0.014224592656713459
/home/iiitn/Datasets/FaceForensics++/manipulated_sequences/Face2Face/c23/videos/809_799.mp4,1,10.800774574453873,134.11400312388582,0.08053427921674083,0.9627333603364802,0.01983164124717388,7.54852811265945,109.24529941829128,0.06909705179860193,0.9654421165303498,0.023207427719581744,2.0044297594874165,4.085146405600583,0.49066289441656685,0.9959797217326495,0.002809324668866578
/home/iiitn/Datasets/FaceForensics++/manipulated_sequences/Face2Face/c23/videos/789_753.mp4,1,3.9607514034952733,1.5335811106731552,2.582681395806139,0.8468574351890634,0.042592937730157,2.7939600063909205,5.707484724314767,0.4895256214157208,0.802893203861489,0.03072815518697251,0.3080299185695779,0.2126255944676727,1.4486963309415242,0.9936626043983933,0.003192237739403125
/home/iiitn/Datasets/FaceForensics++/manipulated_sequences/Face2Face/c23/videos/811_920.mp4,1,2.172224381592944,16.455215176075885,0.1320082635413437,0.8451536974327948,0.11612460694028555,1.7868090454203553,15.323788251927736,0.11660361106827317,0.8759137653463928,0.07057161136211097,0.2658863031042112,0.19000861581439876,1.3993381403500675,0.9893999041547689,0.01534839176813117
/home/iiitn/Datasets/FaceForensics++/manipulated_sequences/Face2Face/c23/videos/813_700.mp4,1,3.3608846470668396,10.565555273214125,0.31809825041447465,0.8591691623368507,0.017261664078448303,2.457250207072167,6.433109629117401,0.3819692728303921,0.9296616226951134,0.0005472148309074781,0.5563026605861427,0.637498587627297,0.8726335577567991,0.9970671772141809,-0.0018470740911344793
/home/iiitn/Datasets/FaceForensics++/manipulated_sequences/Face2Face/c23/videos/810_838.mp4,1,4.89885462217801,15.518347647076574,0.3156814587215979,0.9307079904974486,0.08724298325595288,3.4646654304932234,10.383869210275018,0.3336584234964051,0.9460158922390227,0.07143392520973953,0.5894433467216694,0.48207580054159066,1.2227192197979158,0.9966125477615192,0.009219103345118813
/home/iiitn/Datasets/FaceForensics++/manipulated_sequences/Face2Face/c23/videos/798_778.mp4,1,8.482770812564688,23.880776359146267,0.35521336010986976,0.8581731732416623,0.06184666172001493,4.742001918120043,23.317608019593106,0.20336571033081427,0.8848756890247026,0.018892922474188566,0.2807474843393327,0.1887610090912976,1.487317140816641,0.9919513309287938,-0.004167287392234347
/home/iiitn/Datasets/FaceForensics++/manipulated_sequences/Face2Face/c23/videos/817_827.mp4,1,0.0,0.0,0.0,0.0,0.0,0.0,0.0,0.0,0.0,0.0,0.0,0.0,0.0,0.0,0.0
/home/iiitn/Datasets/FaceForensics++/manipulated_sequences/Face2Face/c23/videos/808_829.mp4,1,14.587228282084913,21.773350488377133,0.6699579051865143,0.9196715261711382,0.06173504418675279,11.797082951752296,18.191347709525072,0.6484996680908524,0.9538479322970005,0.036788755609285274,0.529537435835177,0.34297616319529656,1.5439482175723367,0.995252697377149,-0.007941578653534495
/home/iiitn/Datasets/FaceForensics++/manipulated_sequences/Face2Face/c23/videos/786_819.mp4,1,3.1563803405406965,0.7706866752174878,4.095542899648506,0.8943230529164289,0.04233756420087298,2.869777288484491,2.921220541863756,0.9823898084235557,0.8200420942259519,0.014665476339838193,0.11792149345734822,0.08396800041451506,1.4043622912921458,0.9970608363768018,0.00042337512351836896
/home/iiitn/Datasets/FaceForensics++/manipulated_sequences/Face2Face/c23/videos/816_649.mp4,1,3.358775615745456,8.072132884101572,0.4160951837600091,0.860649390572816,0.07140458569051891,2.357711965342408,4.141305774310221,0.5693160789932519,0.8966479373904156,0.053185802690620204,0.4017322397785104,0.2738565297477328,1.4669441701776194,0.996403859725393,-0.006787387125587966
/home/iiitn/Datasets/FaceForensics++/manipulated_sequences/Face2Face/c23/videos/814_871.mp4,1,4.107707218096951,3.186918395175295,1.2889276438065205,0.8372817040362599,0.07683348385766985,2.4904219539196335,5.014823383270106,0.49661209649534244,0.8564164857371147,0.0684716827166327,0.03545631787866016,0.01899260710054952,1.866848384266017,0.9847157364152537,0.007706682528790954
/home/iiitn/Datasets/FaceForensics++/manipulated_sequences/Face2Face/c23/videos/821_812.mp4,1,10.870423115090391,312.76735678613073,0.034755619086308774,0.9216634455617563,0.09670698175959327,6.356803685202877,158.12045921386485,0.040202284491249934,0.9350584913435864,0.11577907371744134,0.7647930359040163,0.8133323141764716,0.9403204847189638,0.9872469743346435,0.014418244308107247
/home/iiitn/Datasets/FaceForensics++/manipulated_sequences/Face2Face/c23/videos/824_419.mp4,1,0.0,0.0,0.0,0.0,0.0,0.0,0.0,0.0,0.0,0.0,0.0,0.0,0.0,0.0,0.0
/home/iiitn/Datasets/FaceForensics++/manipulated_sequences/Face2Face/c23/videos/815_730.mp4,1,8.132032551521354,9.301340013524102,0.8742861286328011,0.8481428275015283,0.13845641785383964,5.292960025676409,7.882968490176295,0.6714424943182841,0.9135495099938223,0.11818366352575725,0.14594941685496696,0.08461547432310339,1.724854915989249,0.9752537512279634,0.01239850944837807
/home/iiitn/Datasets/FaceForensics++/manipulated_sequences/Face2Face/c23/videos/807_273.mp4,1,1.9560404428991884,45.87960224286835,0.042634206646881743,0.8735023381859208,0.04455336644246745,1.5275517218881822,38.21961118530519,0.03996774625680914,0.8769890675156004,0.026991475214304294,0.5731785959945874,0.6891146562594709,0.8317608554515632,0.9926608334208513,0.00880625059817683
/home/iiitn/Datasets/FaceForensics++/manipulated_sequences/Face2Face/c23/videos/825_074.mp4,1,5.024751826191706,13.11109682163269,0.38324420104205953,0.9286746544654112,0.08387152766016383,3.425916361917768,10.665869575559562,0.32120366160937563,0.9312231864185568,0.06297687611398253,0.581207613868144,0.521426334539851,1.1146495206864626,0.9855487489312215,-0.005529381109105891
/home/iiitn/Datasets/FaceForensics++/manipulated_sequences/Face2Face/c23/videos/828_830.mp4,1,15.707327024177564,92.6072644222876,0.16961225582209633,0.8360427717624197,0.3242242757002389,12.013631733096611,49.621038446611884,0.24210762428969076,0.959298374780805,0.23651778107235097,1.3048569772702072,1.4925966398591735,0.8742194256804172,0.9918505063701776,0.06796615587139358
/home/iiitn/Datasets/FaceForensics++/manipulated_sequences/Face2Face/c23/videos/827_817.mp4,1,38.17086202496495,206.0009577321905,0.18529458525425205,0.9006037410241335,0.30423500127549835,22.036336602084827,106.04053083185329,0.20781050820112812,0.9377437942129667,0.29012651362403585,0.4044364017132704,0.24867864257229047,1.626341520646275,0.9857455447459597,0.07840569872464186
/home/iiitn/Datasets/FaceForensics++/manipulated_sequences/Face2Face/c23/videos/820_818.mp4,1,6.644545863557329,49.773350086501175,0.13349605465595069,0.8883561564815979,0.08375657778499898,3.539453269755544,43.08335088831556,0.08215362075551703,0.9079583624164203,0.0567614039878184,0.5237783038409906,0.5130333927378178,1.0209438825138306,0.9961282311909802,-0.008136780268575628
/home/iiitn/Datasets/FaceForensics++/manipulated_sequences/Face2Face/c23/videos/818_820.mp4,1,16.46895855367183,16.438718113123386,1.0018395862950105,0.7773186917052195,0.09646758117376183,11.330457447027742,12.996756364182412,0.8717911707765177,0.839485496618246,0.08116336670561754,0.46916601166409544,0.3177152666633863,1.4766870241749148,0.9955626704144352,0.005030331881279745
/home/iiitn/Datasets/FaceForensics++/manipulated_sequences/Face2Face/c23/videos/830_828.mp4,1,40.909561131134865,158.09104827696422,0.25877215425546574,0.8476897348263375,0.43261892762374976,23.971808540905553,86.53957153407482,0.2770040123374853,0.9181124200141572,0.3853107570579973,1.8939445029398045,1.4660555657599545,1.291864065164574,0.9921453563611823,0.16963421628054937
/home/iiitn/Datasets/FaceForensics++/manipulated_sequences/Face2Face/c23/videos/832_762.mp4,1,62.0194311779239,86.5129264741576,0.7168805137628746,0.910745648887389,0.19088661675391272,36.578736498683185,66.93722110315696,0.5464633263205189,0.9584081694871524,0.14107617770176895,3.7802585697676707,3.72372483139995,1.015182039739082,0.9976586490647041,0.0369066262987725
/home/iiitn/Datasets/FaceForensics++/manipulated_sequences/Face2Face/c23/videos/823_584.mp4,1,13.484770036985253,47.538350851406484,0.28366087160102416,0.8433158018614072,0.15309255026033614,7.762084474459203,34.67283585262582,0.22386644425195956,0.9195653052217634,0.07188667499393754,0.5082682226574899,0.3529934800876702,1.4398799165674545,0.9936668283598739,0.02104170743387674
/home/iiitn/Datasets/FaceForensics++/manipulated_sequences/Face2Face/c23/videos/826_833.mp4,1,1.8494208082021881,47.951570984639375,0.0385685134027126,0.8472441010538309,0.05005771870347542,1.5470840132950479,41.501525224684634,0.03727776280315741,0.8892191696270598,0.020199568758808795,0.3236037030967289,0.31103567528406506,1.040407029840502,0.9958984959273244,0.000495734724803715
/home/iiitn/Datasets/FaceForensics++/manipulated_sequences/Face2Face/c23/videos/834_852.mp4,1,8.409839474336177,181.366124731965,0.04636940601098911,0.960894714858418,0.0984892811011819,5.467267114148984,136.84808636702599,0.03995135963747273,0.9707049926932788,0.11811348908693257,1.5417857104715573,3.4990616249613815,0.44062833860165973,0.9959263270096153,0.041543742670563814
/home/iiitn/Datasets/FaceForensics++/manipulated_sequences/Face2Face/c23/videos/839_864.mp4,1,14.756503638772793,42.87567521916737,0.3441695918103225,0.9123779618218529,0.46161018299378165,11.560044787181837,29.048655313363046,0.3979545580501949,0.9717709111576118,0.5027272283706189,1.0141880107360206,0.874155139312108,1.1601922417731338,0.9899795770474183,0.15976787882917587
/home/iiitn/Datasets/FaceForensics++/manipulated_sequences/Face2Face/c23/videos/840_800.mp4,1,13.883089617091144,42.129863711564745,0.32953084567610896,0.9190172853572373,0.2040463209201305,7.893290007971572,31.409401050200135,0.25130342330807603,0.96036109085041,0.1364371125194217,0.7651480279942531,0.6106866495833163,1.2529306617662739,0.993660064596748,0.044826535563489936
/home/iiitn/Datasets/FaceForensics++/manipulated_sequences/Face2Face/c23/videos/829_808.mp4,1,21.58063021803729,64.90548108233843,0.3324931863714302,0.9310682444999592,0.10317189492917726,12.77734297501309,42.452112985792326,0.3009824971324596,0.9504773843292394,0.06199666958084137,0.8268610760239433,0.5375964448954225,1.5380702083786861,0.9939159548838888,0.004954412893782283
/home/iiitn/Datasets/FaceForensics++/manipulated_sequences/Face2Face/c23/videos/837_890.mp4,1,17.514832793442128,41.71965803251677,0.41982206037716974,0.8813381044348062,0.020289676551161363,11.07378659046735,30.834279474347998,0.3591388149569047,0.9404690015287732,0.003522009816437911,0.2346391519917165,0.15243653735022847,1.53925795003218,0.9908915249801401,-0.0004209304905101679
/home/iiitn/Datasets/FaceForensics++/manipulated_sequences/Face2Face/c23/videos/841_639.mp4,1,10.562221409850928,24.087397642137756,0.43849574648004735,0.9352709073979933,0.10377323723950195,7.698055775059025,19.03331150134642,0.4044517305627275,0.9567127546337568,0.06979421044037273,1.173865777768092,1.0592998907813242,1.1081524580374174,0.9873436799867982,0.010163763890457693
/home/iiitn/Datasets/FaceForensics++/manipulated_sequences/Face2Face/c23/videos/842_714.mp4,1,14.0092533752052,76.70026973445032,0.1826493364848347,0.96126234222803,0.07742630671876702,7.767907197566207,39.19752188021153,0.19817342589424652,0.9568283177117524,0.05815480710691188,0.8418156543697654,0.7093512565707902,1.1867402032095444,0.9806599913475097,0.0029732343387478943
/home/iiitn/Datasets/FaceForensics++/manipulated_sequences/Face2Face/c23/videos/843_859.mp4,1,6.602894274246105,4.524302764996762,1.4594280306196152,0.8667998529887595,0.10983277176108495,4.353202003367492,3.8977586451362796,1.1168475012683317,0.912091562555382,0.0685670105992147,0.19283615957673325,0.10297549132212187,1.8726413159177315,0.9871337755514628,-0.0038821693581493843
/home/iiitn/Datasets/FaceForensics++/manipulated_sequences/Face2Face/c23/videos/844_797.mp4,1,16.134083764683876,147.29705793889022,0.1095343246528216,0.8540256182106853,0.47551905479152806,8.424163630127817,63.696269592911904,0.13225521186668135,0.8986197766594236,0.41887789334366804,0.5678661257032042,0.359057190217315,1.581547845788884,0.9834478739866758,0.10803087378306112
/home/iiitn/Datasets/FaceForensics++/manipulated_sequences/Face2Face/c23/videos/819_786.mp4,1,0.7652638221360121,2.241155689475514,0.3414594647438808,0.9002071513833334,0.08848012227978659,1.4719540254415258,3.607860992689383,0.40798523790804286,0.8139233134580506,0.07908981315890301,0.13992520385248108,0.09928730728458275,1.40929598837261,0.9916691387421691,0.01156126525664358
/home/iiitn/Datasets/FaceForensics++/manipulated_sequences/Face2Face/c23/videos/836_950.mp4,1,1.0341121037045908,1.0384203239632124,0.9958511787960979,0.8520246789482796,0.07588950544185132,0.8098460954716394,1.3044949003690949,0.6208120056601991,0.8279282054066486,0.049674322017609636,0.03992493742100587,0.02344804356540299,1.7026980229563429,0.9912039672225422,-0.01246540779111787
/home/iiitn/Datasets/FaceForensics++/manipulated_sequences/Face2Face/c23/videos/845_846.mp4,1,6.7639772975397925,28.842856063354617,0.23451135638864665,0.8626547893999669,0.1477881028508344,4.136842011315466,18.138516852573563,0.2280694747502751,0.9123706923231775,0.1226647642813714,0.4199657296291332,0.2803140045074924,1.4981974602624897,0.993498286757172,0.027726991475721822
/home/iiitn/Datasets/FaceForensics++/manipulated_sequences/Face2Face/c23/videos/822_244.mp4,1,7.563318289114463,6.294338628979787,1.2016065126035897,0.9141391360103132,0.0614652423156157,4.975538198958148,12.089153422237326,0.41157044047484104,0.8378542463621942,0.021353249964580424,0.4643413657225693,0.29039899510988604,1.598977178095482,0.9956652542114194,-0.003908275280919954
/home/iiitn/Datasets/FaceForensics++/manipulated_sequences/Face2Face/c23/videos/846_845.mp4,1,7.3689359835248895,29.66729859453089,0.24838580971721297,0.9173089734516019,0.1594836678042194,5.5550363941905685,37.11576710535272,0.14966783196000383,0.8778940285863892,0.12284886973204599,0.5170357194664049,0.37564615344411273,1.3763902937004986,0.985013113886847,0.001421920317010611
/home/iiitn/Datasets/FaceForensics++/manipulated_sequences/Face2Face/c23/videos/838_810.mp4,1,12.016705343319671,44.56749478798904,0.2696293655383605,0.9123381053998533,0.010417689486201571,8.861958809279757,34.70231520222597,0.25537082346342443,0.931703758275446,-0.006510446035593939,0.3344068742907784,0.20646003938061583,1.6197171873743976,0.9892896721843535,0.007417440524907509
/home/iiitn/Datasets/FaceForensics++/manipulated_sequences/Face2Face/c23/videos/850_764.mp4,1,3.3075479094575577,10.79649029016999,0.3063539928775762,0.9183953089585621,0.03645866109778291,3.0193485916705094,10.618494658184849,0.28434808217784086,0.9295223635222607,0.015537060091856495,0.2765523000310362,0.19468649948892647,1.4205006549350698,0.9818081247114648,0.001976472753262871
/home/iiitn/Datasets/FaceForensics++/manipulated_sequences/Face2Face/c23/videos/852_834.mp4,1,31.374493406602586,272.5062756438579,0.11513310411832985,0.9077087892834187,0.36267345248433713,17.467885837742532,141.96757027627783,0.12304138053323677,0.9352125376934701,0.3131985186452437,1.68340058975574,1.3088132066029117,1.2862038534322924,0.9891994144615514,0.10127632607285117
/home/iiitn/Datasets/FaceForensics++/manipulated_sequences/Face2Face/c23/videos/849_771.mp4,1,49.43317481414325,219.50307300200723,0.22520493284251747,0.9611324677217746,0.3527093841805624,31.435751710143506,130.53934488355966,0.24081438234720737,0.9872844672146336,0.3160450187406967,5.489218028063333,7.281645470465624,0.7538430771351913,0.9954460893510856,0.08509641942706914
/home/iiitn/Datasets/FaceForensics++/manipulated_sequences/Face2Face/c23/videos/833_826.mp4,1,7.862828694663151,38.389763421975154,0.20481576320843628,0.8574788246070314,0.09746380752261659,4.922499998195083,33.639846601171215,0.1463294424780076,0.9170987210021267,0.04900894539847152,0.4405269407370973,0.3432969488572077,1.2832241655614942,0.993453871007946,0.013868970771025127
/home/iiitn/Datasets/FaceForensics++/manipulated_sequences/Face2Face/c23/videos/847_906.mp4,1,5.256570181952072,1.8640334569196935,2.819997764760365,0.8854095220827607,0.05355654286689113,4.219698677882285,2.4042461844329153,1.7551025785978638,0.9365130149491971,0.03246910406340533,0.4510432381007556,0.3544809436999146,1.2724047543796477,0.9965739038270035,-0.0021349027767187142
/home/iiitn/Datasets/FaceForensics++/manipulated_sequences/Face2Face/c23/videos/851_552.mp4,1,5.006048090458414,3.59861042594792,1.3911058708556254,0.9073723656414313,0.2432843118606158,2.91029535765281,2.9734147966389295,0.9787720707324562,0.9247196441604498,0.24432335163768867,0.3681740660976502,0.24290906396463707,1.5156868174801799,0.9959504192473491,0.011320822760209206
/home/iiitn/Datasets/FaceForensics++/manipulated_sequences/Face2Face/c23/videos/835_651.mp4,1,5.049206068484588,27.889530692693942,0.18104306322398242,0.9025858315696658,0.11484426182157746,3.1018497595190837,32.798835922549365,0.09457194660334108,0.9130457400623387,0.14257010775834147,0.3317826489216058,0.2625787790862486,1.2635546942375948,0.9948543259007437,0.008416538749238717
/home/iiitn/Datasets/FaceForensics++/manipulated_sequences/Face2Face/c23/videos/855_801.mp4,1,23.749453990833032,99.6677776554077,0.2382861798418403,0.8623934791948921,0.27272492518378005,16.061160272805868,52.43833897486308,0.3062865946326975,0.9435069222180338,0.17896777574335723,1.4464646241296626,1.0696534101112871,1.3522741202490738,0.9943083475444401,0.07804877053926239
/home/iiitn/Datasets/FaceForensics++/manipulated_sequences/Face2Face/c23/videos/831_508.mp4,1,0.4518691694921577,6.350891586924006,0.07115050907537476,0.7857396133737152,0.009975221682939862,0.5353364508777334,9.431053597366626,0.05676316493707682,0.7838580746009765,0.0034649786930335104,0.2263556721845447,0.24260643128884227,0.9330159591484624,0.9943208191618452,0.008155370445315729
/home/iiitn/Datasets/FaceForensics++/manipulated_sequences/Face2Face/c23/videos/857_909.mp4,1,39.03914716396442,130.26082677726987,0.29969982633932307,0.7999573497126115,0.0812035617861016,24.122505832145475,117.95400286307499,0.20450773391851482,0.9472051056379046,0.051359357084917005,1.7700272498048502,1.4345259928973286,1.2338760388927537,0.9851342219623991,-0.002095104580751336
/home/iiitn/Datasets/FaceForensics++/manipulated_sequences/Face2Face/c23/videos/859_843.mp4,1,8.543853009949158,206.8249766365518,0.04130958044280624,0.8883034302750978,0.18379630462093277,5.940055005976647,92.65205033764498,0.0641114253201062,0.9361317739982077,0.16046331692818497,1.1055055479132767,1.1459137668215529,0.9647371206470821,0.9938294769757099,0.02667526212049745
/home/iiitn/Datasets/FaceForensics++/manipulated_sequences/Face2Face/c23/videos/858_861.mp4,1,16.230040742293557,15.42674825354815,1.0520714071133332,0.8549983585986207,0.3311543444094033,9.204540053074965,12.988882014608476,0.7086475989790887,0.928770743680244,0.3605255189260492,0.5725714964731461,0.3325880333671627,1.721563733596669,0.9930899440176786,0.0783638687134924
/home/iiitn/Datasets/FaceForensics++/manipulated_sequences/Face2Face/c23/videos/854_747.mp4,1,13.569596753627879,50.96887951945276,0.2662329814107236,0.8275347670662806,0.06601863936840938,6.999575674561378,39.282557843329506,0.17818533361492808,0.8880481126696629,0.07923183592402822,0.3169304164983234,0.18571339659017116,1.7065565668249527,0.9690174665545088,0.0018594105279494725
/home/iiitn/Datasets/FaceForensics++/manipulated_sequences/Face2Face/c23/videos/853_863.mp4,1,6.521423152168125,38.24875125839571,0.17050028922804777,0.8772318718310045,0.05808153508236157,5.035922599852275,26.179592199576913,0.19236062049635977,0.9024363731701364,0.04584503233520961,0.2736712132778119,0.16794462471534802,1.6295324351205736,0.9900318768470555,-0.011482019110421578
/home/iiitn/Datasets/FaceForensics++/manipulated_sequences/Face2Face/c23/videos/862_047.mp4,1,0.0,0.0,0.0,0.0,0.0,0.0,0.0,0.0,0.0,0.0,0.0,0.0,0.0,0.0,0.0
/home/iiitn/Datasets/FaceForensics++/manipulated_sequences/Face2Face/c23/videos/861_858.mp4,1,48.061053223273944,166.75874641062663,0.2882070911286922,0.8991635913911243,0.1744613135282561,28.480988209845478,104.55586156313652,0.2723997276101743,0.9510117158873715,0.11542103833199814,1.4877889777227862,1.1307035797963747,1.3158081430950435,0.9905205402273207,-0.0021030770955277173
/home/iiitn/Datasets/FaceForensics++/manipulated_sequences/Face2Face/c23/videos/864_839.mp4,1,6.504851608435725,73.95214409058035,0.08796028415982439,0.9291625882433577,0.2308458875306835,4.353454518429538,49.44057465489478,0.08805428635928145,0.9445723728768908,0.18157079551566724,1.0067962309278522,1.0678501831240181,0.942825357750512,0.9923269333591801,0.04448201792958558
/home/iiitn/Datasets/FaceForensics++/manipulated_sequences/Face2Face/c23/videos/856_881.mp4,1,26.75299185727978,186.6988270663375,0.1432949112624792,0.9424364882688074,0.09601834730804147,15.5995564213152,109.83495445220007,0.14202724896748686,0.9472527249813076,0.07857317787736631,0.4533564052949454,0.3087075900009587,1.4685625490890506,0.9827037563511875,0.017390283897726292
/home/iiitn/Datasets/FaceForensics++/manipulated_sequences/Face2Face/c23/videos/867_765.mp4,1,28.425436823123334,132.16829419593446,0.2150700135463934,0.9298405610815278,0.14135958281969363,15.844987641388578,70.95576164470037,0.22330797773308134,0.9595033607732409,0.13231931460880594,1.4149709360894427,1.3263709595280841,1.066798791035716,0.9957109923537958,0.0380820011534437
/home/iiitn/Datasets/FaceForensics++/manipulated_sequences/Face2Face/c23/videos/868_949.mp4,1,17.826301067231494,157.27320073332325,0.11334608174890685,0.9163666007321707,0.15972189448706783,13.334456159411635,86.87634860795932,0.1534877601680186,0.9568566730839955,0.12196113595449008,1.8255428866571763,2.2112399061516683,0.8255743221612982,0.9975408783485267,0.03769052361587884
/home/iiitn/Datasets/FaceForensics++/manipulated_sequences/Face2Face/c23/videos/848_894.mp4,1,3.284133055984024,29.617771147998884,0.11088386899788424,0.8787744993472856,0.020145358463869466,2.126730508511556,25.517251003297215,0.0833448128184635,0.892286673966022,0.006283068099819559,0.014964283191105902,0.008928372063170808,1.6760371415112725,0.9848880115710914,-0.0017869102988238518
/home/iiitn/Datasets/FaceForensics++/manipulated_sequences/Face2Face/c23/videos/871_814.mp4,1,14.594458292403393,12.779370534291454,1.1420326418458118,0.8892093703627971,0.06997704871409618,10.24706051527389,8.5491077268756,1.1986116964066882,0.9201045622617888,0.0073694408050739065,0.700939847988192,0.7226098543671245,0.9700114712690826,0.9947614075894909,0.0043649613051061536
/home/iiitn/Datasets/FaceForensics++/manipulated_sequences/Face2Face/c23/videos/863_853.mp4,1,10.241617513643332,4.643999831309014,2.2053440752939277,0.8823975368430075,0.04379818234310822,6.955106126954714,3.685136639496777,1.8873400927419797,0.8998670463324926,0.04190137244215729,0.011228261391091843,0.005926376515523792,1.8946250481521176,0.977689027924094,0.007167371201665474
/home/iiitn/Datasets/FaceForensics++/manipulated_sequences/Face2Face/c23/videos/872_873.mp4,1,20.38914810042338,62.81154279018824,0.32460829960076,0.8131164331670057,0.19680242619188132,11.054561702567613,29.399422784054867,0.37601288242173203,0.8976804675346409,0.14975665169474062,1.152144024173929,0.7991433484395198,1.4417238489486404,0.9921928826952492,0.028191201427833948
/home/iiitn/Datasets/FaceForensics++/manipulated_sequences/Face2Face/c23/videos/870_001.mp4,1,3.150029611739555,46.91477971864318,0.06714365133185915,0.9282799575100013,0.13551611724094723,2.257658479708958,30.209553569329085,0.07473326193079184,0.9159157753777193,0.06625662645037561,0.04192552520469022,0.026869838471268503,1.5603192125445982,0.986986388609331,0.010899343416914837
/home/iiitn/Datasets/FaceForensics++/manipulated_sequences/Face2Face/c23/videos/873_872.mp4,1,10.005555043805787,55.933043194070386,0.17888451034372652,0.8483725965754688,0.381624697547941,6.303861139106227,47.643656444817736,0.13231270665398115,0.9489167550629655,0.2991797276888577,0.8155883928184045,0.8996347873010491,0.9065772070299903,0.9968670950658657,0.033630939881288166
/home/iiitn/Datasets/FaceForensics++/manipulated_sequences/Face2Face/c23/videos/875_979.mp4,1,10.706841908432311,29.62535064826302,0.36140810738589757,0.8904969796199241,0.09343999974021855,6.593490142548781,16.13494305908942,0.4086466322441975,0.905517676177816,0.06989294976199971,0.11075404618446742,0.06554394909405221,1.689767670628772,0.9925554691483955,0.009128965100590747
/home/iiitn/Datasets/FaceForensics++/manipulated_sequences/Face2Face/c23/videos/879_963.mp4,1,11.505780365480163,69.81176414970959,0.1648114827868596,0.9221323469831658,0.06357670511309206,6.700515339974963,48.644689694568086,0.13774402472389863,0.9404669290990944,0.04351250946855633,1.1362473698216455,1.8427702863239876,0.6165974013441823,0.9970334040178063,0.00787975009767609
/home/iiitn/Datasets/FaceForensics++/manipulated_sequences/Face2Face/c23/videos/865_739.mp4,1,1.1472535421928463,3.1273599747365766,0.366844095806234,0.7402803980592824,0.06345426439489436,0.8813898097092324,3.2546586764588077,0.27080867683127313,0.7453672682690513,0.055979801514715835,0.01643198956460037,0.00926686980080541,1.7731974137774353,0.9864848642953342,-0.01057710855177651
/home/iiitn/Datasets/FaceForensics++/manipulated_sequences/Face2Face/c23/videos/876_891.mp4,1,15.426949330427647,74.67741278434032,0.2065811971148342,0.9243900713239878,0.30053579200701674,9.3714755048168,57.438942915291534,0.1631554313009807,0.9515834659392701,0.25189773456963394,0.6731882315602981,0.6137380618923024,1.0968657043767116,0.9948305021399926,0.045087429144153944
/home/iiitn/Datasets/FaceForensics++/manipulated_sequences/Face2Face/c23/videos/860_905.mp4,1,8.746843880069067,31.53016054099197,0.2774119677791492,0.9534064888670231,0.15965004812101338,6.072398780690968,29.63262268357282,0.20492275845894906,0.9635552544272171,0.18797125486089084,0.7717561582835843,0.6980621794536929,1.1055693618691171,0.9946437632127467,0.06421402002562608
/home/iiitn/Datasets/FaceForensics++/manipulated_sequences/Face2Face/c23/videos/880_135.mp4,1,0.0,0.0,0.0,0.0,0.0,0.0,0.0,0.0,0.0,0.0,0.0,0.0,0.0,0.0,0.0
/home/iiitn/Datasets/FaceForensics++/manipulated_sequences/Face2Face/c23/videos/878_866.mp4,1,5.495060082148766,4.030193572119356,1.3634729905191827,0.8760829223196657,0.13602479897991443,3.493100480844023,4.212843282587406,0.8291550970532808,0.893393884329509,0.11991913182797957,0.3419611129856451,0.20247523553850644,1.6889033963889941,0.9943152131949294,0.00907677825104112
/home/iiitn/Datasets/FaceForensics++/manipulated_sequences/Face2Face/c23/videos/877_886.mp4,1,19.563031893523622,43.35322896732137,0.4512474009322297,0.8800801305574546,0.14263466250440884,10.211647674314767,41.66100584723785,0.24511284513289794,0.9458863821248992,0.09508024404478314,0.7376729356738713,0.5464601075002031,1.3499117786445136,0.9950021269801207,0.03076389212111647
/home/iiitn/Datasets/FaceForensics++/manipulated_sequences/Face2Face/c23/videos/885_802.mp4,1,58.205196172289426,66.05266474618465,0.8811937625219199,0.9257403925659444,0.2338475347611992,34.880939485523776,37.91802706783468,0.9199038605864802,0.952342275733582,0.19940698438828938,1.787450549844227,1.2718639230827533,1.4053787652941605,0.9965218998061066,0.06611376227595374
/home/iiitn/Datasets/FaceForensics++/manipulated_sequences/Face2Face/c23/videos/869_780.mp4,1,4.31309180709635,26.19011379032503,0.16468396592800075,0.904505510629536,0.07530275649939068,3.5919549632823755,35.46886505877649,0.10127064842165213,0.9123537431605054,0.0714725734296374,0.5409793135909796,0.4719704704727487,1.1462143236400113,0.9937788196397772,0.003630704297695623
/home/iiitn/Datasets/FaceForensics++/manipulated_sequences/Face2Face/c23/videos/886_877.mp4,1,13.516645923140763,15.488560978159972,0.8726857157485607,0.7977231967799631,0.30319009295444366,7.6273689171607755,14.935933176415565,0.5106724050697211,0.8368924734369791,0.26438969368677173,0.33720634433869306,0.18815661893262084,1.7921577579975922,0.9879959978975718,0.0639334323744696
/home/iiitn/Datasets/FaceForensics++/manipulated_sequences/Face2Face/c23/videos/881_856.mp4,1,6.65974581579395,176.05528146977812,0.0378275832465564,0.9286923168619077,0.38303861947314294,5.079873612387062,79.70437239054628,0.06373393905538845,0.972358969989828,0.4045967528833846,1.3328080116985532,2.3539422251738134,0.5662025165465306,0.9973378383716108,0.07635333118145969
/home/iiitn/Datasets/FaceForensics++/manipulated_sequences/Face2Face/c23/videos/888_937.mp4,1,9.731371664526296,25.57441301107433,0.3805120242764665,0.9066334860018257,0.14110058198375078,6.084850171678461,16.98071436002949,0.35833888037133754,0.9282001779852224,0.08128747158361276,0.7287299143498599,0.5592246229572526,1.303107703835073,0.9958073007008158,0.0355527839325763
/home/iiitn/Datasets/FaceForensics++/manipulated_sequences/Face2Face/c23/videos/887_275.mp4,1,9.470961139204443,15.54950121181364,0.6090845622757942,0.9179421030508116,0.028540078496183813,5.789147231121711,14.16857025327682,0.4085907842241762,0.9299545247845326,0.005272367793720951,0.4873688617012126,0.33138964788330144,1.4706822159780895,0.9890350363724623,0.004768171047725138
/home/iiitn/Datasets/FaceForensics++/manipulated_sequences/Face2Face/c23/videos/884_968.mp4,1,23.72931037098536,27.437035599979307,0.8648642191871215,0.9367548008427912,0.19659124444686596,16.416433454665587,18.349622951723212,0.8946469089777085,0.9388066516304815,0.19398318270256876,0.30430967024557787,0.17975584471450934,1.6929055671535276,0.976854320192099,0.02788460496377259
/home/iiitn/Datasets/FaceForensics++/manipulated_sequences/Face2Face/c23/videos/883_013.mp4,1,38.385540058016,20.328566134985238,1.8882561516207927,0.929969685752646,0.41746564403539826,19.3083673955665,16.154423248460457,1.1952371866576306,0.9576412811550904,0.3957118424834298,0.6643642826036102,0.3963990087397542,1.675998849532396,0.9800747154200486,0.09045479577965626
/home/iiitn/Datasets/FaceForensics++/manipulated_sequences/Face2Face/c23/videos/874_291.mp4,1,7.443831475928524,1.0311287789651278,7.21910941463527,0.8938856287061183,0.05382503200334456,4.673504336970916,5.2944762723269,0.8827132461426502,0.7910885907566084,0.03771929100753677,0.10132848729680859,0.05315990421626924,1.9061074091589065,0.9851201316612349,0.002406390422412172
/home/iiitn/Datasets/FaceForensics++/manipulated_sequences/Face2Face/c23/videos/866_878.mp4,1,1.931913985670531,10.42348427489256,0.185342437780043,0.8869282944753362,0.00957777167873097,1.3392309327757488,7.3068287991969,0.18328483800290282,0.8478027758121436,-0.010025648728644759,0.2266657165398993,0.1558724932461162,1.4541739329337828,0.9846763264115523,-0.004671077528751057
/home/iiitn/Datasets/FaceForensics++/manipulated_sequences/Face2Face/c23/videos/890_837.mp4,1,2.86144690350474,8.503675388613596,0.33649531205485705,0.9405046929536169,0.055803746119464266,2.2006128976479036,5.762925843448795,0.38185688267176404,0.9483726669443273,0.027133831973072044,0.6253589176750883,0.5769903127737539,1.0838291455341997,0.9973619668418418,-0.0023052340204292344
/home/iiitn/Datasets/FaceForensics++/manipulated_sequences/Face2Face/c23/videos/895_915.mp4,1,2.366592390563667,162.5401755983099,0.014560045735475844,0.8689881407682499,0.06668618027647269,1.509994440380351,88.25754139378553,0.017108956543929674,0.8744640269891821,0.032826133324306846,0.35114773148059236,0.33919788165433024,1.035229730115001,0.9945817545288302,0.006773876609890189
/home/iiitn/Datasets/FaceForensics++/manipulated_sequences/Face2Face/c23/videos/897_969.mp4,1,65.12956473014016,121.36841185777577,0.5366269833575933,0.91969152182176,0.16062907879446045,37.930712621978266,82.130337452664,0.4618355871706934,0.9749216268858185,0.16088437902941316,3.273482305904533,2.4504241728990714,1.3358839429141405,0.9978200150814756,0.03906542081084327
/home/iiitn/Datasets/FaceForensics++/manipulated_sequences/Face2Face/c23/videos/893_913.mp4,1,22.385762567927298,6.887165627638523,3.250359259270921,0.931874088131015,0.1173084742813123,14.340317681483748,12.41281802052328,1.1552830032449966,0.9183544228405633,0.08304018983619028,1.265783142279088,0.8375955930502327,1.5112103654575648,0.9973154010969584,0.00971034500413342
/home/iiitn/Datasets/FaceForensics++/manipulated_sequences/Face2Face/c23/videos/899_914.mp4,1,12.47268264396889,12.00021960046758,1.0393711997972854,0.931096080202813,0.4246472176864891,6.738298993327568,9.440358671998622,0.7137757396140332,0.968242989530714,0.330585953440736,1.076442747030952,1.0274316996420205,1.0477024870908773,0.997447679375763,0.12153444771924135
/home/iiitn/Datasets/FaceForensics++/manipulated_sequences/Face2Face/c23/videos/896_128.mp4,1,38.402961067611635,57.00241631904627,0.6737075995632841,0.8261787316757135,0.33553194612570597,19.743937137905956,65.51274353768757,0.30137551981085703,0.9148319475344769,0.23034725964940586,0.20776464451698354,0.11180495486766139,1.8582776117829967,0.9846879835813928,0.06839585244772303
/home/iiitn/Datasets/FaceForensics++/manipulated_sequences/Face2Face/c23/videos/898_922.mp4,1,11.678201632863471,31.221461173230164,0.37404404515431744,0.8101048866691843,0.1253099679359316,6.634566009309175,33.078423222499396,0.200570806071447,0.8957890804305807,0.09008183476647538,0.3179779055494858,0.18344511813785305,1.7333680436812482,0.9934223068400603,0.016470422445755053
/home/iiitn/Datasets/FaceForensics++/manipulated_sequences/Face2Face/c23/videos/900_926.mp4,1,18.224015786669067,47.677787407723706,0.382232833726609,0.9411973291893201,0.1591090720013177,9.820727196183649,35.44979919227869,0.27703195560900945,0.9469627764921604,0.14244622942725324,1.4145753827838419,1.2335753332398502,1.1467280065244292,0.9947346478477677,0.0051327115143447385
/home/iiitn/Datasets/FaceForensics++/manipulated_sequences/Face2Face/c23/videos/891_876.mp4,1,4.141874492607093,38.034643656102695,0.10889741810273344,0.8592505294998625,0.038906613790085295,2.5128871732084583,22.914853812028024,0.10966193342631939,0.916169806484134,0.06552162822647953,0.3085584716702659,0.22287657025958016,1.384436557467183,0.991634713960693,-0.006246095960401528
/home/iiitn/Datasets/FaceForensics++/manipulated_sequences/Face2Face/c23/videos/903_792.mp4,1,13.746911849354666,49.21205594277499,0.27934032801514974,0.9638646711729137,0.14589205360467125,8.274039787029144,28.359825755468332,0.29175213763200736,0.9666142230101665,0.10663041983462317,1.0723419328545027,1.008953007181824,1.0628264401032261,0.9958398533748123,0.020846509604467073
/home/iiitn/Datasets/FaceForensics++/manipulated_sequences/Face2Face/c23/videos/901_902.mp4,1,3.9300356994026457,15.98311475183342,0.24588672235815814,0.8631178961324957,0.1656204458718072,3.4742530875048536,13.113368155380485,0.2649397962703693,0.9048037299382994,0.14251555566495344,0.4273672960609239,0.31471755440486676,1.3579391746007896,0.9901431121151628,0.02148719008851204
/home/iiitn/Datasets/FaceForensics++/manipulated_sequences/Face2Face/c23/videos/905_860.mp4,1,17.765046895871674,24.267508061748995,0.7320507260435756,0.9474221351416018,0.015130184504664084,11.338656718903357,79.84618448586816,0.14200624352826985,0.8868930663104452,-0.012002696808378158,1.1215544568179527,1.4794383823200639,0.7580947406941846,0.991789119704789,-0.011692654588528356
/home/iiitn/Datasets/FaceForensics++/manipulated_sequences/Face2Face/c23/videos/902_901.mp4,1,4.905261258993536,19.80473027652605,0.24768129585726267,0.9002508587711295,0.14124784781844582,2.8485500461295756,15.568675569280897,0.1829667548439477,0.9017869785984098,0.10290035290954337,0.40547344677842884,0.2934008272231808,1.38197785812648,0.995935265257914,0.019020310345825516
/home/iiitn/Datasets/FaceForensics++/manipulated_sequences/Face2Face/c23/videos/909_857.mp4,1,27.33391004357868,23.654006865030425,1.1555720855052487,0.8237452934175874,0.15989072670304486,15.598557229986453,16.65055431930217,0.9368190950798443,0.9247629758146143,0.16196121660284096,0.8240072937688471,0.45948954314683504,1.7933102201316609,0.9954362447010482,0.04289054208729682
/home/iiitn/Datasets/FaceForensics++/manipulated_sequences/Face2Face/c23/videos/889_045.mp4,1,4.339200053864057,5.993491118220184,0.7239853982052146,0.8999573871444283,0.05009195843728217,3.0473172939190447,11.390913060987899,0.2675217761388796,0.886994833668255,0.01573741738406611,0.09615647585389486,0.054213001865560016,1.7736792382821425,0.9868181841214003,-0.0044746944718028455
/home/iiitn/Datasets/FaceForensics++/manipulated_sequences/Face2Face/c23/videos/907_795.mp4,1,10.704590162331648,5.3616392764441505,1.9965144259818526,0.9141688008829171,0.03679157930636733,6.782868782141429,3.9108465629713374,1.73437353599166,0.9535365691541825,0.04433335687551567,0.8695145386812165,0.7755275971185335,1.1211909697500009,0.9977713577903198,0.015336347885271079
/home/iiitn/Datasets/FaceForensics++/manipulated_sequences/Face2Face/c23/videos/882_952.mp4,1,13.927164296395574,7.178898389786667,1.9400141275449148,0.9113990686876946,0.06582605084822521,9.096840859314296,9.99802656005115,0.9098636420573539,0.8836208618521354,0.05682690872787067,0.04730497453757306,0.02713087735515342,1.7435844008408978,0.9786151403775363,-0.010202705477243959
/home/iiitn/Datasets/FaceForensics++/manipulated_sequences/Face2Face/c23/videos/894_848.mp4,1,1.066376625327048,9.931545155738792,0.10737268054516758,0.7312219324656177,0.0289798719464608,0.9911581666727289,10.318251639129107,0.0960587317830122,0.7714150299047119,0.021684179547131824,0.26807847252449135,0.18554189628878515,1.4448406418528936,0.9913282266344279,-0.005411569210964283
/home/iiitn/Datasets/FaceForensics++/manipulated_sequences/Face2Face/c23/videos/892_112.mp4,1,2.196553407721105,1.504992504954105,1.459511193903314,0.8706552010902184,0.014177006178866091,1.9342702188420091,4.103605681290403,0.4713586950278728,0.8660597946084523,-0.0010950846896713615,0.37201100463521225,0.34658601568166364,1.073358380901615,0.9978395021444441,0.0010274344433107078
/home/iiitn/Datasets/FaceForensics++/manipulated_sequences/Face2Face/c23/videos/910_911.mp4,1,5.240400301814983,51.61115751390761,0.10153619012328599,0.8844643432439631,0.2622971016939381,3.8409136133090374,30.772691603314872,0.12481565352883495,0.9214515916383763,0.2894032041464871,0.09823058010474879,0.0595536192198541,1.649447697580074,0.9786564984175691,0.041834453285507896
/home/iiitn/Datasets/FaceForensics++/manipulated_sequences/Face2Face/c23/videos/912_927.mp4,1,3.976847950310532,29.355623323018126,0.13547141910600255,0.8487017770157234,0.13875931203517314,2.3761552893017157,18.43799852579605,0.12887273453120782,0.8944078628103712,0.07510754318500078,0.19649440992793854,0.12074372574998293,1.6273674570454135,0.9882979130875658,0.0034596318383476403
/home/iiitn/Datasets/FaceForensics++/manipulated_sequences/Face2Face/c23/videos/913_893.mp4,1,27.678635456983187,36.55491376490027,0.7571796129788709,0.9295498815221923,0.08831840474448882,15.894626427610723,24.424144571743586,0.6507751532882464,0.97099002829782,0.04443055561256216,1.20846282297735,0.8677944648353074,1.3925680238196674,0.9957071125016714,0.002604337125101085
/home/iiitn/Datasets/FaceForensics++/manipulated_sequences/Face2Face/c23/videos/914_899.mp4,1,5.094349152949799,80.09933201319087,0.06360039497096998,0.8969476179165063,0.08549825154216541,3.5792567743240338,40.133706499039526,0.0891833096554312,0.9389551910691147,0.1054786212981976,0.8044508881097464,0.8296141340649651,0.969668735232459,0.9922009495119681,0.016621535806836174
/home/iiitn/Datasets/FaceForensics++/manipulated_sequences/Face2Face/c23/videos/911_910.mp4,1,9.564598657390997,87.77255197521588,0.10897026965892173,0.8581143579697779,0.1652874600189816,5.597129364463767,64.23387552172878,0.0871367221579273,0.9069178383854825,0.11587652994490734,0.7043665358575123,0.6409988244441537,1.0988577654074614,0.9938567726285257,0.038747474416729454
/home/iiitn/Datasets/FaceForensics++/manipulated_sequences/Face2Face/c23/videos/919_015.mp4,1,16.33526869534524,25.47915813216466,0.6411227800624912,0.813568816169321,0.22344435403979554,10.177178118302775,13.11073878923427,0.7762474931359052,0.8828284629132046,0.19072583983655517,0.052482667256078884,0.027609355541830475,1.900901568548504,0.9658000570489481,0.03786138454896914
/home/iiitn/Datasets/FaceForensics++/manipulated_sequences/Face2Face/c23/videos/915_895.mp4,1,8.44642523142335,8.948781423314365,0.9438631733051138,0.9192103244787262,0.18187535811642325,6.043657167823998,9.708303526620783,0.622524538015515,0.948699964300701,0.11792726723490979,0.6332132561725899,0.4335369885882961,1.4605749286456255,0.9956762555898688,0.03358594985338518
/home/iiitn/Datasets/FaceForensics++/manipulated_sequences/Face2Face/c23/videos/922_898.mp4,1,16.546990684379825,76.12240009963965,0.2173734756487027,0.8215285336657695,0.36146771891811624,8.783507046358531,36.37094340806516,0.24149791628475636,0.9289132537261858,0.33834106696255156,1.4803675460195322,1.2963445281420853,1.1419553319989615,0.9968771614537556,0.09190235814459276
/home/iiitn/Datasets/FaceForensics++/manipulated_sequences/Face2Face/c23/videos/906_847.mp4,1,5.290229868617916,10.660931576776049,0.49622585329618296,0.8280050311614223,0.07017783253256081,2.852471672271999,11.989149773819117,0.23792109749942264,0.8670869718154389,0.03239300028720212,0.32853237026380194,0.2364402170444102,1.3894944539071126,0.9944569489579393,-0.00998125053087925
/home/iiitn/Datasets/FaceForensics++/manipulated_sequences/Face2Face/c23/videos/916_783.mp4,1,49.317764961677575,89.30266734339914,0.552254108738253,0.921943878012429,0.11019403327399951,30.94938881207904,53.66028084314451,0.576765315532877,0.9186967788347723,0.06378341733527314,0.04454772509591304,0.02426770274002969,1.8356795273592732,0.9814718768983055,0.00827559651573493
/home/iiitn/Datasets/FaceForensics++/manipulated_sequences/Face2Face/c23/videos/908_207.mp4,1,21.51345427358952,2.3623699385617587,9.106725378789399,0.8239639043890725,0.041059448512872083,15.014827239090602,5.084846699459487,2.9528574068293265,0.843881634635085,0.012436786571796237,0.002132158194283643,0.0011338555485123946,1.8804495837948756,0.9811676879041448,0.0038142557373681478
/home/iiitn/Datasets/FaceForensics++/manipulated_sequences/Face2Face/c23/videos/918_934.mp4,1,5.082913784368883,4.1115301563263715,1.236258422317018,0.9241383329840476,0.2832974045382349,3.132289788274908,2.9835471608768085,1.0498542906740536,0.9368025053895689,0.2471585328498634,0.45751415904767184,0.3060835871021061,1.4947360078312535,0.9921070413516464,0.02460139701233298
/home/iiitn/Datasets/FaceForensics++/manipulated_sequences/Face2Face/c23/videos/917_924.mp4,1,35.110625246538454,18.648037886860592,1.8828053363875563,0.840376989680431,-0.024349741696131702,19.95509035061053,25.642212570488272,0.7782125000233765,0.9285820553501556,-0.0204743340905049,0.38921773059543935,0.2178069191709592,1.786985152156428,0.9940265006153104,-0.001855885797534328
/home/iiitn/Datasets/FaceForensics++/manipulated_sequences/Face2Face/c23/videos/904_046.mp4,1,2.12624586323757,10.979531311754888,0.19365543053383089,0.7229461670749467,0.06236711470480475,2.366007949790263,11.191454104590216,0.2114120227522388,0.7695022285547678,0.07597821846371063,0.046227639580000486,0.026457221680414172,1.7472597893459847,0.9584373425114956,-0.001065424057014388
/home/iiitn/Datasets/FaceForensics++/manipulated_sequences/Face2Face/c23/videos/923_023.mp4,1,0.0,0.0,0.0,0.0,0.0,0.0,0.0,0.0,0.0,0.0,0.0,0.0,0.0,0.0,0.0
/home/iiitn/Datasets/FaceForensics++/manipulated_sequences/Face2Face/c23/videos/924_917.mp4,1,40.06599229260117,45.250736040129574,0.8854218914156351,0.9188241819016376,0.3193656971380502,23.378851897650815,33.340193224540165,0.7012212478853521,0.9652545153183443,0.254081042900361,1.9627073081345376,1.7359081508325378,1.1306515884456372,0.9980892636742108,0.05409907994714302
/home/iiitn/Datasets/FaceForensics++/manipulated_sequences/Face2Face/c23/videos/926_900.mp4,1,23.40380471823977,28.61225011465614,0.8179644950835785,0.8749122632903109,0.3192022012625974,16.47243607686477,21.75553481276819,0.7571607050173366,0.95733753978257,0.27900370303007926,1.1571830973138004,0.8714041207144523,1.3279522896506868,0.9900233784256525,0.060381202770740196
/home/iiitn/Datasets/FaceForensics++/manipulated_sequences/Face2Face/c23/videos/927_912.mp4,1,20.179692084132263,76.50060271336262,0.2637847463730819,0.8626707539457081,0.38903987439394816,10.611212356160207,41.199286170743044,0.257558160405594,0.9152547496002074,0.37602712036439867,0.9730074366241706,0.7550388919582307,1.2886851882564985,0.9924045039335452,0.08206801435043463
/home/iiitn/Datasets/FaceForensics++/manipulated_sequences/Face2Face/c23/videos/931_936.mp4,1,42.836126388360576,36.08257993532371,1.1871691676466116,0.9591204031973725,0.3601743564579695,25.937648993679602,20.253929996061967,1.2806230197656818,0.9781442264225392,0.3279238144777625,2.473837926209774,2.0420319627201557,1.2114589640969267,0.9978737533918185,0.119232303237578
/home/iiitn/Datasets/FaceForensics++/manipulated_sequences/Face2Face/c23/videos/929_962.mp4,1,18.338032012758507,23.280465791787293,0.787700391253669,0.8929438923517115,0.3568821193634975,14.212467350057137,13.41433647054392,1.05949834949092,0.9369786303428413,0.3235046971190911,1.2296986102407936,0.8536137215639036,1.440579713254686,0.9931322767968845,0.04483178477196794
/home/iiitn/Datasets/FaceForensics++/manipulated_sequences/Face2Face/c23/videos/930_763.mp4,1,37.97496801885507,158.29055992844076,0.23990671355273882,0.9079875211823989,0.2024870130340976,32.09559932319633,95.27619490522675,0.3368690296156611,0.9746091743539775,0.1356474650676751,2.425947889412102,2.2682070738756095,1.0695442745740873,0.9972660231365683,0.006483857006496585
/home/iiitn/Datasets/FaceForensics++/manipulated_sequences/Face2Face/c23/videos/936_931.mp4,1,40.01744743696922,26.60405046880703,1.5041862698271926,0.8304506919013566,0.19802225729233305,21.047730146369165,25.37935881149104,0.8293247399473055,0.9090114382079166,0.13460617698906194,0.3271078352018327,0.18840915431764568,1.7361568039860205,0.9941542522450432,0.03255693387460628
/home/iiitn/Datasets/FaceForensics++/manipulated_sequences/Face2Face/c23/videos/937_888.mp4,1,3.269510919547193,105.90624222042747,0.030871748926207875,0.9203043277061864,0.1833217505568087,2.1635805647669173,70.0631545439155,0.03088043321558962,0.9210317114572307,0.13921358880533474,0.5142990427964645,0.5572356665936503,0.9229471005335051,0.9888686871472686,0.04551236034547359
/home/iiitn/Datasets/FaceForensics++/manipulated_sequences/Face2Face/c23/videos/925_933.mp4,1,10.715090416298708,48.711641959439305,0.21996980568260943,0.8871981020242331,0.1412611569250925,5.460123342853439,39.53529552330554,0.1381075636486584,0.9292741979654148,0.1178837799530055,0.2340361584517211,0.15685116317499978,1.4920906782859211,0.9873339996600713,0.021835653075246993
/home/iiitn/Datasets/FaceForensics++/manipulated_sequences/Face2Face/c23/videos/938_987.mp4,1,8.961651171375944,138.6521744485082,0.0646340470823562,0.9047901454765511,0.3810662738446972,4.834768850093955,75.3454901244723,0.06416799256474165,0.9400520436146674,0.3406657023859578,0.7585025491115109,0.9611809474849667,0.7891360633980671,0.9924778836883571,0.08058245412876175
/home/iiitn/Datasets/FaceForensics++/manipulated_sequences/Face2Face/c23/videos/939_115.mp4,1,8.628500135117752,41.376108123068086,0.20853822475166955,0.8728599390768806,0.46712027837116765,6.019488037338863,27.35985688882974,0.2200116784893144,0.96569814872898,0.49907316701180354,0.7277890307669491,0.6704391637849807,1.0855407471398275,0.9964375962149541,0.13647822400322052
/home/iiitn/Datasets/FaceForensics++/manipulated_sequences/Face2Face/c23/videos/928_160.mp4,1,3.0398747414639047,52.93927738933908,0.05742191603990566,0.9301724169441715,0.07210593719653385,2.114500016161098,31.921879655964684,0.06623983421245679,0.9372409980524283,0.06144769190829014,0.7283812286304329,1.652534690456964,0.44076607458631845,0.9951323713249733,-0.005066060018381426
/home/iiitn/Datasets/FaceForensics++/manipulated_sequences/Face2Face/c23/videos/932_384.mp4,1,11.851152063618251,78.51192185528052,0.15094716552045748,0.8911646748283847,0.026555715172198683,7.107573585247074,51.155558406607405,0.13894039683337792,0.9347358127903042,0.008740217768372797,0.4933623946027108,0.3882900741130159,1.2706026434739934,0.9942920959987352,0.008210513181758501
/home/iiitn/Datasets/FaceForensics++/manipulated_sequences/Face2Face/c23/videos/933_925.mp4,1,2.5713674648795695,20.885841712118793,0.12311533814735176,0.9172924988629022,0.05450119370848468,1.7368140937819858,12.295231425400845,0.14125916249074286,0.9236323399073313,0.05382811770922083,0.4593760181687994,0.500568102908954,0.9177093296580928,0.9953975974149442,0.005327418034320756
/home/iiitn/Datasets/FaceForensics++/manipulated_sequences/Face2Face/c23/videos/940_941.mp4,1,12.186223093451963,12.828896960370946,0.9499041991759516,0.9772856363589,0.2554908853652863,9.850433158405433,18.27141023862453,0.5391172892381498,0.9681750436159757,0.19938991215674107,2.2433790062934116,2.3367120103943413,0.9600579773263634,0.9978727214642681,0.024221794262602948
/home/iiitn/Datasets/FaceForensics++/manipulated_sequences/Face2Face/c23/videos/934_918.mp4,1,8.762951872063278,13.5965247229418,0.6444993886766742,0.8658163398561142,0.04084534589487529,6.248224324585152,11.342899293990442,0.5508489639765656,0.9043570928314998,0.043488495678457244,0.35827900631544285,0.23295817420658996,1.537954216612794,0.9934373491218492,-0.007899472004996005
/home/iiitn/Datasets/FaceForensics++/manipulated_sequences/Face2Face/c23/videos/941_940.mp4,1,45.683955262489945,11.234570355034009,4.066373151690646,0.9193118196810287,0.17604406561465907,25.700155721668224,28.433969148606334,0.9038539638046943,0.7306321728546564,0.17124765228120023,1.134942592822476,0.5897624444624522,1.924406349503886,0.9952553526588283,0.039611213028653836
/home/iiitn/Datasets/FaceForensics++/manipulated_sequences/Face2Face/c23/videos/944_032.mp4,1,4.9857152578106225,36.450705759374586,0.13677966321758722,0.922997292517079,0.14139724822287106,3.4464626054392924,22.81378591295074,0.15106929724815352,0.9535361518788287,0.1402610829864194,0.9222354992604567,1.130168714200892,0.8160157750540293,0.9975600655337821,0.04288345614765504
/home/iiitn/Datasets/FaceForensics++/manipulated_sequences/Face2Face/c23/videos/921_569.mp4,1,3.2067267630869147,7.696213684420144,0.4166629065378555,0.907786194129563,0.003481731144385488,2.2085155850084153,6.962204868659082,0.3172149666192995,0.9251920097024673,0.000856261842519316,0.04423214552246959,0.02742570677659484,1.612798746912054,0.9881553234861915,-0.001791205951086876
/home/iiitn/Datasets/FaceForensics++/manipulated_sequences/Face2Face/c23/videos/949_868.mp4,1,13.005286562771794,164.25454322730977,0.07917763677789992,0.9493305707280283,0.06966929105091016,7.576342953831637,88.07582182614351,0.0860206898640911,0.9565600720312023,0.030560560448404578,1.624368127369113,2.1642046584936647,0.7505612378173652,0.9976485052362462,0.00395436398934409
/home/iiitn/Datasets/FaceForensics++/manipulated_sequences/Face2Face/c23/videos/920_811.mp4,1,0.7314796025491191,5.799610700616836,0.12612563847972078,0.7406277410169938,0.04641213300035673,0.6213933193924741,18.4615492234209,0.033658785179531685,0.6088402186182779,0.039511043795078214,0.04613126348208615,0.027711109957979815,1.6647208845852088,0.9868679309508842,0.00362478042616321
/home/iiitn/Datasets/FaceForensics++/manipulated_sequences/Face2Face/c23/videos/942_943.mp4,1,11.782337206478934,20.469748316653106,0.5755975610551815,0.9517701037744949,0.1927260847904157,6.188869375271601,22.48392337852036,0.2752575371780547,0.9536772761873511,0.11394225867777064,0.059957803948422046,0.03725754327307987,1.6092795896111611,0.9844413235011813,0.0016614621532428592
/home/iiitn/Datasets/FaceForensics++/manipulated_sequences/Face2Face/c23/videos/945_044.mp4,1,10.418309831489296,14.451975698656689,0.7208917347167749,0.9193587911464848,0.10601092981912766,8.063263886553758,11.256897655013518,0.7162953891619152,0.9399885797783322,0.05647154006914911,0.230563234340066,0.1471455585467331,1.5669058353999834,0.9904582287130405,0.0044263046989683605
/home/iiitn/Datasets/FaceForensics++/manipulated_sequences/Face2Face/c23/videos/943_942.mp4,1,5.933094321150157,7.243013615553489,0.8191471997801522,0.8095777029679708,0.11019703468867097,3.9707992403921337,15.033369522574155,0.26413235132879354,0.7775281373911032,0.06091832546719123,0.41608156758735415,0.2987606002408348,1.3926922333532112,0.9978462775952205,0.0118944293301074
/home/iiitn/Datasets/FaceForensics++/manipulated_sequences/Face2Face/c23/videos/946_049.mp4,1,9.426953266948354,4.820172231490854,1.9557295495295293,0.9250642614048473,0.18412906857742167,6.809835674719355,3.6531236987228852,1.8641130813884133,0.9300383628555622,0.1652138719726374,0.23034698788052402,0.12285883440545547,1.8748915289261088,0.9895617269712976,0.01928208648846225
/home/iiitn/Datasets/FaceForensics++/manipulated_sequences/Face2Face/c23/videos/954_976.mp4,1,55.20041703839655,53.21298222403518,1.037348683184001,0.7972787215745188,0.3567002850926997,30.145967985242702,29.508989722243356,1.021585905481515,0.8338757633855337,0.3101631257915239,0.44598747429423785,0.2307559704815888,1.9327234453065716,0.9893531344422603,0.07533059203351213
/home/iiitn/Datasets/FaceForensics++/manipulated_sequences/Face2Face/c23/videos/955_078.mp4,1,3.7869163433354576,56.722445332763954,0.0667622194550922,0.8147162266421913,0.13297741562768814,2.83542163384548,35.104923966950764,0.08076991240644371,0.8681398202467675,0.1038138649526362,0.39523085371629024,0.28104755461188285,1.4062775043963314,0.9901705621053137,0.0004550796026928483
/home/iiitn/Datasets/FaceForensics++/manipulated_sequences/Face2Face/c23/videos/952_882.mp4,1,5.614672106462816,1.0021409370351997,5.6026771275042755,0.8177890489882191,0.0580685943363235,4.44163241162605,1.1461504685226624,3.875261175219968,0.8516461322632644,0.033553194365478614,0.2288743968667717,0.1583933967046002,1.4449743589602844,0.985949757776411,0.007836433096580336
/home/iiitn/Datasets/FaceForensics++/manipulated_sequences/Face2Face/c23/videos/956_958.mp4,1,24.649296235769807,93.45771672976853,0.2637481108921465,0.904552516564585,0.1183980432415911,16.705979571369763,70.5267981633259,0.23687420961153047,0.9045838061575204,0.09240333315483086,1.6491073986153424,1.2614383527550503,1.307323021385549,0.9974089892609248,0.018666774952101242
/home/iiitn/Datasets/FaceForensics++/manipulated_sequences/Face2Face/c23/videos/951_947.mp4,1,6.135812816062013,54.03922603998791,0.11354368420305722,0.8379154265264935,0.0920840216025268,4.869904866628713,36.371413020414366,0.13389374957457267,0.9102984810323084,0.09206039725553972,0.9094335568063455,0.7633163218380798,1.1914242245160076,0.9902856181173348,0.005668262925067904
/home/iiitn/Datasets/FaceForensics++/manipulated_sequences/Face2Face/c23/videos/953_974.mp4,1,13.45033878622801,78.4916136353745,0.17136020223396486,0.9050157807056733,0.13023908020059255,8.314251666043127,73.59137286854421,0.11297861885108218,0.9615209273618801,0.07158700434404776,1.178003497512164,1.4806235038415057,0.7956131281556802,0.9963324516793686,0.020690781330582733
/home/iiitn/Datasets/FaceForensics++/manipulated_sequences/Face2Face/c23/videos/935_733.mp4,1,0.6611891117167338,1.3472085511745284,0.49078452711741877,0.8863608472100069,0.02108444481816562,0.6462233812489112,4.546320551110065,0.14214206279210212,0.7371155468665478,0.013571872760624734,0.1713508565473799,0.13499633236231254,1.2693000880016247,0.9930457803314884,0.009430647918772574
/home/iiitn/Datasets/FaceForensics++/manipulated_sequences/Face2Face/c23/videos/958_956.mp4,1,14.20519793386609,93.39153656576923,0.15210369650425815,0.9638938155109846,0.24329117246496254,8.823534506409002,100.5956568214937,0.08771287732696356,0.9697760227559516,0.21199967947188714,1.6410172474973883,2.0428028589821245,0.8033165022664324,0.9969455934991484,0.02901400532829201
/home/iiitn/Datasets/FaceForensics++/manipulated_sequences/Face2Face/c23/videos/947_951.mp4,1,8.715772833685582,5.8155417470665896,1.498703510826295,0.9125626832247153,0.1308050823548403,6.574626551462878,6.893384027204469,0.953758926750109,0.9120741640301793,0.09394163746022141,0.3225274682204073,0.19798705894876437,1.6290330788936656,0.9903942309811292,0.010904681613855298
/home/iiitn/Datasets/FaceForensics++/manipulated_sequences/Face2Face/c23/videos/962_929.mp4,1,47.35556815378794,69.7024600486708,0.6793959369686694,0.9499274077639117,0.18516493248247232,25.560553743663814,75.9109561934906,0.33671758367148114,0.9555555352017618,0.12016529610376937,0.8571719634190442,0.5999136411899427,1.428825591828223,0.9942989164818664,0.046681978106093196
/home/iiitn/Datasets/FaceForensics++/manipulated_sequences/Face2Face/c23/videos/964_174.mp4,1,35.86672010308486,33.337607835966146,1.0758636396337409,0.9706069405341194,0.08172210075612496,20.634845471529506,22.47455140544928,0.9181427072455955,0.9820221520255817,0.09386594198664684,1.4274807015297106,1.3940255578117389,1.0239989457370406,0.9971846823826841,0.016606322555272734
/home/iiitn/Datasets/FaceForensics++/manipulated_sequences/Face2Face/c23/videos/963_879.mp4,1,9.758748219090855,55.17879610521758,0.1768568527751567,0.9580371376716417,0.07799465378676718,6.26668514843832,38.25432362160584,0.16381638871531187,0.9654883173827038,0.08510780166883716,0.9527802242643766,1.0858028713016767,0.8774891367916253,0.9973031306507202,0.015035616903538704
/home/iiitn/Datasets/FaceForensics++/manipulated_sequences/Face2Face/c23/videos/966_988.mp4,1,36.216376384220354,124.47531175627859,0.29095228502123904,0.8986319771334107,0.09733728720203247,16.926851929255594,78.60630613880167,0.21533707358499266,0.9303519850585523,0.08299515856664325,0.854576839320622,0.558058215989046,1.531339947761644,0.9815673460703134,0.008947494598552166
/home/iiitn/Datasets/FaceForensics++/manipulated_sequences/Face2Face/c23/videos/948_965.mp4,1,2.2913106726402788,2.769884254176803,0.8272225343658794,0.8936743421428076,0.014321203253150148,2.2900824076657402,6.99877751812124,0.3272117740185707,0.8806623367211323,0.0002511558834251843,0.12441522358227246,0.07266883347533366,1.7120850525900257,0.9640048397725117,0.009837194268828054
/home/iiitn/Datasets/FaceForensics++/manipulated_sequences/Face2Face/c23/videos/960_999.mp4,1,7.033402413194359,27.0760408695575,0.25976480265629415,0.8710901444215882,0.08022207624940803,5.416392299562152,20.02847192629827,0.2704346252421878,0.8960174461023535,0.060876387614246734,0.2242669407926745,0.12932243668473464,1.734168846040211,0.9898844758696693,0.008062287994283485
/home/iiitn/Datasets/FaceForensics++/manipulated_sequences/Face2Face/c23/videos/950_836.mp4,1,1.7043030654232847,1.449172399297695,1.1760526671976588,0.885953730255947,0.04570895828766171,1.8244465269141272,10.02095952523608,0.18206305716728716,0.7499596550559579,-0.03054385577529267,0.3622917451375445,0.35106844095595996,1.0319689920034494,0.996955430986727,0.0040660008404483795
/home/iiitn/Datasets/FaceForensics++/manipulated_sequences/Face2Face/c23/videos/969_897.mp4,1,98.91067467419737,181.96868662138135,0.5435587655803598,0.8788009596744173,0.2900991663457226,54.90228274555475,92.84576927192018,0.591327781288136,0.9498496959785139,0.23927687909307316,3.2531760980152344,2.3411868309537605,1.3895414304419031,0.9951745064848163,0.027694703445309873
/home/iiitn/Datasets/FaceForensics++/manipulated_sequences/Face2Face/c23/videos/967_984.mp4,1,11.58298373766664,35.75867836814485,0.32392091280379054,0.8885970615309441,0.05795390012740347,7.534687531011109,33.108784722999665,0.22757366644680832,0.943107985115975,0.033900958309297964,0.443986453160534,0.35201553560489796,1.2612694845913395,0.9942302293706683,0.004358721443957015
/home/iiitn/Datasets/FaceForensics++/manipulated_sequences/Face2Face/c23/videos/961_069.mp4,1,3.949813518827439,1.1102495260055776,3.5575908174786255,0.9040065614015211,0.05884323280352078,2.4870844924742896,0.9747679707480791,2.551463083635784,0.9070481201778176,0.024009223644963943,0.06472751007166712,0.03632797066398523,1.7817540833855765,0.9858216593193978,-0.0014395292101399113
/home/iiitn/Datasets/FaceForensics++/manipulated_sequences/Face2Face/c23/videos/970_973.mp4,1,20.237062883673964,51.133564062226526,0.3957686747406587,0.8362723141508145,0.09432312617971102,13.829790656712257,35.0514883647403,0.39455644544396007,0.9625469594109389,0.07605681642637664,1.6321398506462732,1.4852083501314872,1.098929891218143,0.9979428032773964,0.02239301301608481
/home/iiitn/Datasets/FaceForensics++/manipulated_sequences/Face2Face/c23/videos/974_953.mp4,1,18.662038304492228,54.808215362163935,0.34049709849475046,0.7647698129970036,0.07157339748617005,10.837030213336364,38.07177151212269,0.28464738526510835,0.9147075412529183,0.03179510016209405,0.4729246890260894,0.2969696083375038,1.5925019791540889,0.9922830890060067,0.0066292458179896116
/home/iiitn/Datasets/FaceForensics++/manipulated_sequences/Face2Face/c23/videos/973_970.mp4,1,33.3934604885225,68.8003061261913,0.4853679055914852,0.8892097032165213,0.2925916529399775,20.170989555240237,45.40383020750816,0.4442574439877251,0.9635566639078096,0.21964777102064018,1.6688074052155484,1.6356074058182763,1.020298269180716,0.9963478961187722,0.04716487637901429
/home/iiitn/Datasets/FaceForensics++/manipulated_sequences/Face2Face/c23/videos/968_884.mp4,1,8.002685146553135,48.849927942049796,0.16382184137603323,0.9131244035365208,0.026062836100297113,5.190719190392731,54.983047783185185,0.09440581051202017,0.9515747537879986,0.0036798791469162483,0.7827439648103955,1.0548213666803745,0.7420630540256944,0.9966066327492792,0.0015629541924533593
/home/iiitn/Datasets/FaceForensics++/manipulated_sequences/Face2Face/c23/videos/976_954.mp4,1,28.871416202299827,8.29371196669689,3.481121157598912,0.8308359109816447,0.36450236376209266,17.45302392024051,8.978554105929282,1.9438568520420048,0.8702913568833353,0.3448387060777937,0.49094746952790946,0.24852173732477292,1.9754709379257638,0.9814374856694285,0.05094899769493375
/home/iiitn/Datasets/FaceForensics++/manipulated_sequences/Face2Face/c23/videos/957_959.mp4,1,1.6480942499461646,6.281383752988152,0.2623775771002911,0.8876279104859278,0.027031702780677208,1.796524477064053,9.951689787502152,0.1805245657195044,0.8557221323589621,-0.007995547948746648,0.19681316527458873,0.12923060683011242,1.522960930867723,0.9855340737808262,0.006449958026425608
/home/iiitn/Datasets/FaceForensics++/manipulated_sequences/Face2Face/c23/videos/981_985.mp4,1,76.22000530747816,94.27197040217224,0.8085118512142807,0.9309839240382288,0.284355931746961,43.12201630766484,86.31320007074366,0.4995993228419449,0.9520900901790709,0.21853983533805724,0.4845911285587714,0.2964953621246284,1.6343969938898373,0.9876461738107715,0.03413735011921187
/home/iiitn/Datasets/FaceForensics++/manipulated_sequences/Face2Face/c23/videos/980_992.mp4,1,38.065487017781,81.81431373112078,0.4652668375717431,0.9125028370569671,0.19800305971834112,22.053896324502535,67.92418238840959,0.3246840160458929,0.9552329276368764,0.1867696213666731,1.1360880682224803,0.7605485325034078,1.4937745846184902,0.99284048707617,0.03732648416764189
/home/iiitn/Datasets/FaceForensics++/manipulated_sequences/Face2Face/c23/videos/977_075.mp4,1,2.4792759482971722,4.651924577239993,0.5329570389914055,0.9241163695418515,0.05298633552998861,3.3248552746761093,3.441100827636607,0.9662184984447734,0.9286680497811509,0.03598091262085207,0.3107121602326434,0.26562901696362745,1.1697222080040646,0.9963956250551428,-0.008863114416085826
/home/iiitn/Datasets/FaceForensics++/manipulated_sequences/Face2Face/c23/videos/959_957.mp4,1,6.366678411086018,28.279444174582462,0.2251344959887289,0.9538999570328467,0.021141969414832172,5.4454981635405355,22.40825784989276,0.24301300886568458,0.9452554068677387,-0.005366402347970303,0.5664337417767329,0.5922768898591276,0.9563664419043236,0.9959062216167558,0.0037550486050516338
/home/iiitn/Datasets/FaceForensics++/manipulated_sequences/Face2Face/c23/videos/978_975.mp4,1,6.932342052405339,26.585141451443672,0.2607600213475218,0.892017654421447,0.07287975806745198,4.750586136143935,27.059710220924245,0.17555938690246903,0.8970188397491868,0.07930325451630868,0.5849572490243179,0.43946906232477395,1.3310544454026347,0.9947430602709083,-0.0008362383444478294
/home/iiitn/Datasets/FaceForensics++/manipulated_sequences/Face2Face/c23/videos/982_004.mp4,1,6.487211350008224,16.99825307939435,0.38163988497571916,0.9137062042554152,0.3492921136831429,4.038041445138776,17.162979277708136,0.2352762524384984,0.9470654987986545,0.3415913312132143,0.30149791913880825,0.20521932245530203,1.4691497639286684,0.9859708243422141,0.04636340575678032
/home/iiitn/Datasets/FaceForensics++/manipulated_sequences/Face2Face/c23/videos/965_948.mp4,1,5.18662731386847,11.184245208123242,0.46374406295217535,0.9069178932624622,0.07314616586338323,3.461140601509552,11.96665489421134,0.289232089678112,0.9024666984303757,0.07269775483304242,0.3252287823521807,0.29081648790332604,1.1183299292861761,0.9916845411088673,-0.0010032348370404547
/home/iiitn/Datasets/FaceForensics++/manipulated_sequences/Face2Face/c23/videos/975_978.mp4,1,14.36854275607198,30.801961857037906,0.4664814151371637,0.8650766185380782,0.10484655731209189,8.264723850516274,17.53316744960043,0.47137654244582156,0.9236191153954473,0.05559885046291835,0.40720039154342286,0.262360929291287,1.5520618586135873,0.9955922580936295,-0.0012050686081347508
/home/iiitn/Datasets/FaceForensics++/manipulated_sequences/Face2Face/c23/videos/987_938.mp4,1,18.992793684818515,39.67487742359152,0.4787108346181052,0.8962435446522249,0.4385953522246822,10.43069158197755,27.571755496623084,0.37831075294625593,0.9422099259063903,0.4181853658710269,0.9170167970249065,0.6850168511221103,1.3386777208805336,0.996731724703586,0.1744334632516067
/home/iiitn/Datasets/FaceForensics++/manipulated_sequences/Face2Face/c23/videos/979_875.mp4,1,8.929442735622022,52.98620534878925,0.1685239144196625,0.9244456513023672,0.0607414258751781,4.965011658573253,50.191760776467305,0.09892085038987371,0.929021822403273,0.061065632897629125,0.6797468750676368,0.6780422361421513,1.0025140600903926,0.9958528374721718,-0.000993678902739687
/home/iiitn/Datasets/FaceForensics++/manipulated_sequences/Face2Face/c23/videos/985_981.mp4,1,14.056745471438035,46.44898223359173,0.30262763133854526,0.9559803522688574,0.6081503067018393,9.389087385522062,25.684227981060427,0.3655584817439552,0.9801390457877069,0.5635986076704185,1.9102070567032428,2.4452259809709243,0.7811985769694619,0.9976856367315502,0.15784004365311552
/home/iiitn/Datasets/FaceForensics++/manipulated_sequences/Face2Face/c23/videos/988_966.mp4,1,40.85040301762178,62.04293222085332,0.6584215406229866,0.9360077655263733,0.32356909377861953,20.11268569626334,41.66146450283849,0.4827647308196047,0.9795886480496617,0.27007178383686076,1.4231323548090618,1.139031842781623,1.2494228004492294,0.9973866319547087,0.05476625238185385
/home/iiitn/Datasets/FaceForensics++/manipulated_sequences/Face2Face/c23/videos/983_113.mp4,1,4.7355867216156335,8.958715663521694,0.5286010740242717,0.7714778461335244,0.2641300181929083,3.218253746431133,11.422755008556571,0.2817405909537935,0.880967051127305,0.26031588253319865,0.2632730235391669,0.1634518256503413,1.6107071456171107,0.994702712072517,0.03309841031508669
/home/iiitn/Datasets/FaceForensics++/manipulated_sequences/Face2Face/c23/videos/989_993.mp4,1,93.90885225545328,89.35731248718783,1.0509363995131127,0.9395584546325036,0.3273391201933087,49.627936612201474,64.1818193416815,0.7732397915989221,0.9699238248048575,0.27651161173481464,2.4621787914320583,1.6175643197270198,1.5221520167108877,0.993961023739657,0.07035365612808749
/home/iiitn/Datasets/FaceForensics++/manipulated_sequences/Face2Face/c23/videos/991_064.mp4,1,6.63015463299971,19.939212589784457,0.3325183782029871,0.8602086885762379,0.34564968406974245,4.541462316631573,13.641005244506275,0.3329272465796158,0.9327001324807324,0.3028327340540445,0.2359699756848674,0.15345478671443516,1.53771661827653,0.9845363499809435,0.045342572633033824
/home/iiitn/Datasets/FaceForensics++/manipulated_sequences/Face2Face/c23/videos/990_008.mp4,1,49.22172177976904,115.2059488358957,0.42724982760987956,0.9172661029847692,0.2076359916287649,30.642301927075142,62.897770858761966,0.48717627840711497,0.9684403748678573,0.16051952655442947,2.581785261148514,2.0273962672291344,1.2734487593178168,0.9962739713929599,0.03503745900574685
/home/iiitn/Datasets/FaceForensics++/manipulated_sequences/Face2Face/c23/videos/992_980.mp4,1,49.38689951171352,240.86451138743405,0.20504016647049336,0.8774042286371003,0.23744612820315125,29.231879540653846,112.57242573716015,0.2596717566423054,0.9374352415993036,0.1943318479883988,0.8964294652662156,0.5623545664940508,1.5940645256157957,0.9886077556818055,0.03655634353578325
/home/iiitn/Datasets/FaceForensics++/manipulated_sequences/Face2Face/c23/videos/986_994.mp4,1,26.40282567775601,38.17985444562638,0.6915381439014504,0.8591921943891275,0.3361578097469629,17.222520135972733,35.74515197675884,0.48181415334786243,0.9600179547644286,0.2840827961266644,0.5990558542581522,0.43294418062010864,1.3836791925465328,0.9962498738231048,0.07070390239370827
/home/iiitn/Datasets/FaceForensics++/manipulated_sequences/Face2Face/c23/videos/984_967.mp4,1,11.379377973559713,15.734761980886857,0.7231998798191124,0.7797977896189526,0.11111451075483136,6.7315402016251396,29.736194073655,0.2263753116808246,0.8552027767712082,0.13971493776781185,0.11584158481955002,0.06847139588214884,1.6918244958658868,0.9918195615775905,0.013763039082432772
/home/iiitn/Datasets/FaceForensics++/manipulated_sequences/Face2Face/c23/videos/996_056.mp4,1,5.065508527256857,60.72195426815309,0.08342136856938365,0.943558167697541,0.05188682305876943,3.3089498745586834,43.320328904563894,0.07638330451849543,0.9463354836677006,0.026101840938891622,0.79200378449663,1.0491534270940301,0.754897962531887,0.9955272358865868,-0.005679604919334675
/home/iiitn/Datasets/FaceForensics++/manipulated_sequences/Face2Face/c23/videos/995_233.mp4,1,16.8986064755958,135.64415553427628,0.12458042448666831,0.8276387826560834,0.2877562703976241,11.060072341284917,114.64588423110501,0.0964716039782976,0.932352958760238,0.2588761451779878,0.1673136207887903,0.09398956729589364,1.7801297059072658,0.9823215487354072,0.05342497598265067
/home/iiitn/Datasets/FaceForensics++/manipulated_sequences/Face2Face/c23/videos/997_040.mp4,1,49.23474800628687,69.28584981873432,0.7106032203558857,0.9410853649267863,0.11594776582335461,28.264704789420495,52.8746918892434,0.5345601795397042,0.9717447648578753,0.10189254909994237,2.705339682818965,2.9061525657887928,0.9309007774286197,0.9974890635551191,0.012264276269734675
/home/iiitn/Datasets/FaceForensics++/manipulated_sequences/Face2Face/c23/videos/993_989.mp4,1,120.24398486244878,44.32018614641226,2.713074905985759,0.9196429241085827,0.20433181206213222,70.89158712640175,38.25423661779249,1.8531695674572484,0.9337330496536748,0.16802882692738833,0.789464537042558,0.39537196483283815,1.9967640785464917,0.9895540282140972,0.039202543989669755
/home/iiitn/Datasets/FaceForensics++/manipulated_sequences/Face2Face/c23/videos/994_986.mp4,1,36.486087725375405,186.4682051352195,0.1956692171671686,0.9682318427448046,0.08303351040903795,16.689210172111668,121.46746104493305,0.13739655071853377,0.9780075237337172,0.06691226813245897,2.5441858579534657,3.336546181083294,0.7625207984165925,0.9975035014214456,0.011821386565539384
/home/iiitn/Datasets/FaceForensics++/manipulated_sequences/Face2Face/c23/videos/972_718.mp4,1,5.812583977717246,2.060297538735893,2.8212352189109486,0.8723458666502055,0.04018028287358681,4.196291341680294,9.206642447804308,0.45578954167825514,0.7228749234729674,0.030291313607459514,0.08959239335968837,0.04887383199761461,1.8331362550835202,0.9885071957474331,0.00829512682540556
/home/iiitn/Datasets/FaceForensics++/manipulated_sequences/Face2Face/c23/videos/971_564.mp4,1,1.4983145988762585,0.9550898245362048,1.5687682565394785,0.8638561681537197,0.03758916824527255,1.0279496818060034,8.07963556278432,0.12722723368128774,0.6849164436092842,0.017418984029919874,0.06088616882393014,0.03694175317073476,1.6481667381223295,0.9869704783281982,0.012886661114957584
/home/iiitn/Datasets/FaceForensics++/manipulated_sequences/Face2Face/c23/videos/999_960.mp4,1,10.916917981144467,2.3479826697229527,4.64948831263418,0.920826180510035,0.21029534073633335,6.608836235866252,2.3125687837631195,2.8577901259706735,0.9336840489600097,0.21134173646125856,0.4135187571418582,0.22181211072995044,1.8642749297188053,0.995544526486109,0.04711371100208051
/home/iiitn/Datasets/FaceForensics++/manipulated_sequences/Face2Face/c23/videos/998_561.mp4,1,4.982716795365718,54.887760639427064,0.09078010721003117,0.921637880244648,0.20306044783842747,4.046552981770167,35.66924805598513,0.1134465457589363,0.942673602526478,0.16542418254621688,0.5868385814089382,0.5173459186902728,1.134325332834547,0.9941139206693435,0.0246065135315106
