video_path,label,roi_mouth_dct_midband_std,roi_mouth_hf_residual_energy,roi_mouth_texture_flicker,roi_seam_gradient_disc,roi_seam_texture_mismatch,roi_seam_color_mismatch,roi_mouth_motion_texture_corr,roi_mouth_motion_texture_lag
/home/iiitn/Datasets/FaceForensics++/manipulated_sequences/Face2Face/c23/videos/007_132.mp4,1,0.01869137135445685,24.244082527160643,0.191899344777976,51.78970664978027,49.946494221098405,18.735440486987127,0.0984260704643605,0.10549781801992841
/home/iiitn/Datasets/FaceForensics++/manipulated_sequences/Face2Face/c23/videos/000_003.mp4,1,0.017550534903303924,19.48061455408732,0.059295335746133326,51.63682594299316,29.945996908935896,38.4885076686612,0.19189754461381736,0.18996767527144784
/home/iiitn/Datasets/FaceForensics++/manipulated_sequences/Face2Face/c23/videos/005_010.mp4,1,0.013951807403818779,17.565476353963216,0.09985891409306824,57.8940882619222,20.99325227444638,51.35418185334157,-0.13081306996804304,-0.24545427690436444
/home/iiitn/Datasets/FaceForensics++/manipulated_sequences/Face2Face/c23/videos/003_000.mp4,1,0.0188419920753845,34.879268442789716,0.09257361161829902,53.28327916463216,7.447757700081969,47.46339791934889,0.1495953336497564,0.17400137299911045
/home/iiitn/Datasets/FaceForensics++/manipulated_sequences/Face2Face/c23/videos/002_006.mp4,1,0.018337764603689678,6.280902231534322,0.10083183964802622,27.191786295572918,42.58225442133499,49.23488474767379,0.3111496272580046,0.11142042856345137
/home/iiitn/Datasets/FaceForensics++/manipulated_sequences/Face2Face/c23/videos/009_027.mp4,1,0.008299960167329668,3.3186366311709086,0.027163926052343745,23.35313672383626,49.17908015679522,76.63188852236199,0.19697588985210054,0.03182504705881742
/home/iiitn/Datasets/FaceForensics++/manipulated_sequences/Face2Face/c23/videos/008_990.mp4,1,0.015293867629194189,21.063660647074382,0.15335267785747475,63.101008605957034,25.73957682473531,15.100647216863102,0.011739250072810316,0.06785763798260346
/home/iiitn/Datasets/FaceForensics++/manipulated_sequences/Face2Face/c23/videos/010_005.mp4,1,0.015629194315136857,42.00323206583659,0.15792685884058388,66.63442749023437,21.039172710502758,3.8791182276865075,0.14453307698490317,0.03032348332049398
/home/iiitn/Datasets/FaceForensics++/manipulated_sequences/Face2Face/c23/videos/004_982.mp4,1,0.012883624513193309,25.815118052164713,0.14516758273074937,46.90498616536458,17.165347480432494,66.79847532375288,0.6223551480915815,0.31993815141344406
/home/iiitn/Datasets/FaceForensics++/manipulated_sequences/Face2Face/c23/videos/001_870.mp4,1,0.012106553584808373,7.662818965911865,0.049369903510119495,39.58473668416341,23.652921321234395,10.07559733419301,0.3883918453616477,0.11808216605535578
/home/iiitn/Datasets/FaceForensics++/manipulated_sequences/Face2Face/c23/videos/012_026.mp4,1,0.011385713758503585,7.9769118245442705,0.07099876179140674,47.74767023722331,23.194201716403242,27.093195842795588,0.023930314718390987,0.14591068097834792
/home/iiitn/Datasets/FaceForensics++/manipulated_sequences/Face2Face/c23/videos/013_883.mp4,1,0.01984069813138615,9.894496113459269,0.08442941616838606,28.32434787750244,25.79473666013091,25.837875965743734,0.3713727571957155,0.16809884217426005
/home/iiitn/Datasets/FaceForensics++/manipulated_sequences/Face2Face/c23/videos/006_002.mp4,1,0.014020441583034378,3.751934703191121,0.0670449467324058,27.14753715515137,19.124029481716537,41.89374384460789,0.2607112225487206,0.06496045068929325
/home/iiitn/Datasets/FaceForensics++/manipulated_sequences/Face2Face/c23/videos/015_919.mp4,1,0.012643173590737333,9.98062684694926,0.0852646287234724,39.445529823303225,18.474783790026752,55.704598762366366,0.23962446009928684,0.09001266197179653
/home/iiitn/Datasets/FaceForensics++/manipulated_sequences/Face2Face/c23/videos/011_805.mp4,1,0.014512115666768072,4.6028363180160525,0.09576483795602309,27.607767868041993,11.201801874740895,68.00032663593821,0.17992286163751395,0.2494002169591274
/home/iiitn/Datasets/FaceForensics++/manipulated_sequences/Face2Face/c23/videos/014_790.mp4,1,0.01527575343774747,95.93404134114583,0.108797937456236,85.03093912760417,44.36569745685845,108.19116386948535,0.15227879434992977,0.07470356364511131
/home/iiitn/Datasets/FaceForensics++/manipulated_sequences/Face2Face/c23/videos/019_018.mp4,1,0.01534907101965314,13.69091251373291,0.10661149382238988,34.144640820821124,23.258734220832398,30.474680041471803,0.194428464736163,0.1729370958455537
/home/iiitn/Datasets/FaceForensics++/manipulated_sequences/Face2Face/c23/videos/021_312.mp4,1,0.010320677868932449,10.163233222961425,0.07135922294666619,64.32807154337566,48.767949509737406,33.96830216128533,0.06773644792380504,-0.08096160636674844
/home/iiitn/Datasets/FaceForensics++/manipulated_sequences/Face2Face/c23/videos/016_209.mp4,1,0.015531542015865065,27.188867829640706,0.14603774578655937,44.281580988566084,31.621640653511882,66.3299598573958,0.10082973237358273,-0.06875846058519049
/home/iiitn/Datasets/FaceForensics++/manipulated_sequences/Face2Face/c23/videos/017_803.mp4,1,0.012986089870377124,2.9460604763031006,0.0405264645090565,18.995249163309733,23.76772456964286,42.3807937330337,0.48456216563687393,0.386192315688755
/home/iiitn/Datasets/FaceForensics++/manipulated_sequences/Face2Face/c23/videos/018_019.mp4,1,0.019587355663430055,4.961236042976379,0.07641531953548442,30.155131797790528,74.11708769668219,21.4908171424665,0.35777370463516067,0.16105082704855883
/home/iiitn/Datasets/FaceForensics++/manipulated_sequences/Face2Face/c23/videos/023_923.mp4,1,0.012318257020530566,5.527109796206156,0.2284806504227349,33.60038838704427,29.816131377321774,58.73601855230667,0.26946687483065923,0.20181401442953403
/home/iiitn/Datasets/FaceForensics++/manipulated_sequences/Face2Face/c23/videos/026_012.mp4,1,0.015065002386589697,17.911053981781006,0.09111571042988642,66.01430112202962,13.354632151106658,92.44720377358358,0.2198990819048723,0.0784568209428244
/home/iiitn/Datasets/FaceForensics++/manipulated_sequences/Face2Face/c23/videos/024_073.mp4,1,0.026527272365746417,5.521623427073161,0.18011256703072342,24.386962305704753,38.1898330642001,5.206703739031966,0.19726276022582737,0.02771988416959695
/home/iiitn/Datasets/FaceForensics++/manipulated_sequences/Face2Face/c23/videos/020_344.mp4,1,0.014582905941843083,1.86465216477712,0.06642732249277084,31.66728012084961,27.382702437594563,6.386402981534241,0.29472554618201785,-0.020208594932430886
/home/iiitn/Datasets/FaceForensics++/manipulated_sequences/Face2Face/c23/videos/028_068.mp4,1,0.013176128104008264,8.367269543011984,0.03712538739065829,38.15806147257487,18.83364471149717,18.112230491134753,0.15297912820907866,0.14902461021946065
/home/iiitn/Datasets/FaceForensics++/manipulated_sequences/Face2Face/c23/videos/022_489.mp4,1,0.017466290363002186,16.99693512254291,0.09408295569399983,48.945091009140015,11.248663389770751,74.91977113019087,0.11283728479209189,0.16123214500242672
/home/iiitn/Datasets/FaceForensics++/manipulated_sequences/Face2Face/c23/videos/027_009.mp4,1,0.03059365384356075,8.348912502924602,0.11343737174769297,34.38204048156738,54.93014953026622,22.799174269555735,0.34545834188980834,0.22439054593498117
/home/iiitn/Datasets/FaceForensics++/manipulated_sequences/Face2Face/c23/videos/029_048.mp4,1,0.011688501905210934,4.175930821100871,0.06452691779766873,32.140526885986326,13.197787570291242,59.98724642038281,-0.03709123821140002,0.018645544924170154
/home/iiitn/Datasets/FaceForensics++/manipulated_sequences/Face2Face/c23/videos/033_097.mp4,1,0.01214983717054746,96.3720579632258,0.10165409740503728,89.74358445506985,20.192457812481237,23.315810846520506,0.4402103733383845,0.3006067273694953
/home/iiitn/Datasets/FaceForensics++/manipulated_sequences/Face2Face/c23/videos/035_036.mp4,1,0.005594641188178524,3.9075450483957925,0.03061795518883803,32.00784764607747,27.404700309960784,10.031430735850819,0.13087729458520359,-0.051829430595815344
/home/iiitn/Datasets/FaceForensics++/manipulated_sequences/Face2Face/c23/videos/032_944.mp4,1,0.022320955242442153,1.6804871006806692,0.03987527569637295,17.42374138514201,6.525901623900414,63.813429466351444,0.21447490003359332,0.17146433025896637
/home/iiitn/Datasets/FaceForensics++/manipulated_sequences/Face2Face/c23/videos/031_163.mp4,1,0.01734359125230433,14.394136432011923,0.05861397463859108,36.184859135945636,12.290581905202343,55.310291533933295,0.21168763115782374,0.16573407919916477
/home/iiitn/Datasets/FaceForensics++/manipulated_sequences/Face2Face/c23/videos/036_035.mp4,1,0.0076935062233581845,4.545305322011312,0.04009527461276019,34.631428133646644,39.053860605017874,4.969449932218867,0.1738137515712023,0.028380693761072964
/home/iiitn/Datasets/FaceForensics++/manipulated_sequences/Face2Face/c23/videos/025_067.mp4,1,0.011972000333931688,2.670525864760081,0.07956870736357002,27.493619283040363,36.37917105001315,39.86617110761825,0.056782916865967564,0.058337689195575526
/home/iiitn/Datasets/FaceForensics++/manipulated_sequences/Face2Face/c23/videos/037_072.mp4,1,0.016276359685326775,40.260780042012534,0.08858187200266476,68.83923296610514,18.71935959163278,34.27257091376096,0.0777443565880049,0.0722798138671562
/home/iiitn/Datasets/FaceForensics++/manipulated_sequences/Face2Face/c23/videos/034_590.mp4,1,0.02243501630279151,6.7862786158619315,0.26198578141005047,35.753089456750246,29.9342597075393,81.8251136306965,0.20139800658924747,0.04690808149970861
/home/iiitn/Datasets/FaceForensics++/manipulated_sequences/Face2Face/c23/videos/038_125.mp4,1,0.034733227093276704,11.98021842649319,0.1083223919192422,39.3520263569467,29.046312110201868,11.302048130413514,0.3825966881423816,0.12262205307539592
/home/iiitn/Datasets/FaceForensics++/manipulated_sequences/Face2Face/c23/videos/039_058.mp4,1,0.01567570020755517,10.094648599624634,0.11541902276839677,42.30908360799154,33.620243102063796,6.433911896189006,0.2799924714878137,0.056811194208470965
/home/iiitn/Datasets/FaceForensics++/manipulated_sequences/Face2Face/c23/videos/042_084.mp4,1,0.011050754673698057,3.361668580373128,0.09525670270167386,30.12505334218343,37.02916115747099,4.369419798669126,0.27124086090240296,0.15007254450933447
/home/iiitn/Datasets/FaceForensics++/manipulated_sequences/Face2Face/c23/videos/040_997.mp4,1,0.015708483505827903,21.520155608654022,0.1288984841981441,59.21276606832232,13.852388550323846,68.09620218808013,0.08444674360915802,0.0008709480674434592
/home/iiitn/Datasets/FaceForensics++/manipulated_sequences/Face2Face/c23/videos/041_063.mp4,1,0.015442962723170521,25.253799635569255,0.14860160549098644,67.52725860595703,33.589058687376564,3.976938664057644,0.43787976072014073,0.11922526571030097
/home/iiitn/Datasets/FaceForensics++/manipulated_sequences/Face2Face/c23/videos/030_193.mp4,1,0.018658464885449078,1.0684953212738038,0.1884752650717787,19.424792760213215,17.20313110838416,106.76499560562482,0.14652549207625112,-0.08067717383829365
/home/iiitn/Datasets/FaceForensics++/manipulated_sequences/Face2Face/c23/videos/047_862.mp4,1,0.006759072230395032,9.982348594665527,0.08071183473003385,50.04398241678874,29.29386813770495,15.55374654853794,0.12123766530546397,0.010385010669960431
/home/iiitn/Datasets/FaceForensics++/manipulated_sequences/Face2Face/c23/videos/048_029.mp4,1,0.015096816902397918,26.070121301015217,0.10260709006159863,57.21302319844564,32.814372650455844,38.101378970245165,0.23682062071238702,0.15959140509883057
/home/iiitn/Datasets/FaceForensics++/manipulated_sequences/Face2Face/c23/videos/046_904.mp4,1,0.020187249819134386,3.866076850891113,0.11193700791077599,28.840823618570962,17.308003199511337,5.1671831542378905,0.2645770342910817,0.19346349788884798
/home/iiitn/Datasets/FaceForensics++/manipulated_sequences/Face2Face/c23/videos/043_110.mp4,1,0.014423091307557753,2.3960853974024454,0.08019717592808895,25.119333572387696,8.111270684372899,66.17475575468177,0.0838282691922899,-0.05663266740709547
/home/iiitn/Datasets/FaceForensics++/manipulated_sequences/Face2Face/c23/videos/049_946.mp4,1,0.01143905221507065,2.873412484327952,0.05215798977456221,39.31358528137207,22.58315006077192,37.137934970593086,0.3569802325685072,0.25897626583333355
/home/iiitn/Datasets/FaceForensics++/manipulated_sequences/Face2Face/c23/videos/050_059.mp4,1,0.009210876737450647,3.279861601193746,0.04716319391975088,37.69664370218913,57.7193473802917,38.057009345794064,0.2617902345452928,0.20925104537631833
/home/iiitn/Datasets/FaceForensics++/manipulated_sequences/Face2Face/c23/videos/044_945.mp4,1,0.023207996320273396,2.09823628226916,0.24960424195890263,22.690953903198242,31.354563602602198,20.0931378505853,0.22243951302008633,0.09246748608863255
/home/iiitn/Datasets/FaceForensics++/manipulated_sequences/Face2Face/c23/videos/054_071.mp4,1,0.018163281968185577,25.792033831278484,0.10130295508950504,68.54746691385905,7.997389032040004,63.72025235175982,0.2443646562905494,0.04876448797226452
/home/iiitn/Datasets/FaceForensics++/manipulated_sequences/Face2Face/c23/videos/053_095.mp4,1,0.017126486273266926,76.17786523183187,0.17699551355607535,79.22094884236654,15.052601438132646,47.263441314557866,0.39389307632905013,0.08791167760260465
/home/iiitn/Datasets/FaceForensics++/manipulated_sequences/Face2Face/c23/videos/055_147.mp4,1,0.014754771579690917,7.022194085121154,0.15478764647230003,32.275764338175456,35.32986010620312,54.40320574150063,0.004221641274522371,-0.06625400368676063
/home/iiitn/Datasets/FaceForensics++/manipulated_sequences/Face2Face/c23/videos/057_070.mp4,1,0.020542294557565743,19.041919027964273,0.10803059275406746,46.62947685241699,9.755468584173157,44.50249771076577,0.27477178820425546,0.33181590353907464
/home/iiitn/Datasets/FaceForensics++/manipulated_sequences/Face2Face/c23/videos/045_889.mp4,1,0.016626886431448856,1.0912032194932302,0.14629534243894116,14.816464233398438,25.586469046463172,23.934493963467833,0.010992696318133065,-0.08134598863663337
/home/iiitn/Datasets/FaceForensics++/manipulated_sequences/Face2Face/c23/videos/056_996.mp4,1,0.011296817333853543,3.116639828681946,0.06208171104875815,23.325457077026368,13.330333573114592,46.76378753344392,0.2118146014711978,0.18415504310326616
/home/iiitn/Datasets/FaceForensics++/manipulated_sequences/Face2Face/c23/videos/058_039.mp4,1,0.011290723310496081,2.3900114194552105,0.0751580374723283,23.924121945699056,64.86661479416752,15.883310546297484,0.23140356597521541,0.10351610295541683
/home/iiitn/Datasets/FaceForensics++/manipulated_sequences/Face2Face/c23/videos/059_050.mp4,1,0.012810507221172851,11.937479794820149,0.08177796584781472,39.17582102457682,24.29293738714747,26.5342749410586,0.29069740961756385,0.17516281271694034
/home/iiitn/Datasets/FaceForensics++/manipulated_sequences/Face2Face/c23/videos/051_332.mp4,1,0.01820139257424278,6.330977484385173,0.1379315449335382,43.940591176350914,22.626525407544843,84.11713948791879,0.12659610333602256,-0.02708263196033367
/home/iiitn/Datasets/FaceForensics++/manipulated_sequences/Face2Face/c23/videos/060_088.mp4,1,0.02135674179050707,15.686574573516845,0.13230390793185454,48.41313331604004,24.380133278910858,18.026586214901904,0.36960733345520524,0.2128722776676874
/home/iiitn/Datasets/FaceForensics++/manipulated_sequences/Face2Face/c23/videos/061_080.mp4,1,0.011940831289642734,52.4232799021403,0.08775961832958046,92.129173634847,8.405189295142867,38.16042291337862,0.10316455817175683,0.04362468149658822
/home/iiitn/Datasets/FaceForensics++/manipulated_sequences/Face2Face/c23/videos/062_066.mp4,1,0.008892468148639468,8.92886435508728,0.059293680522634395,47.41467564900716,14.045904139701415,48.238727445620974,0.11529824820500154,0.06322213336660608
/home/iiitn/Datasets/FaceForensics++/manipulated_sequences/Face2Face/c23/videos/063_041.mp4,1,0.013698550476966647,18.763958988189696,0.09670660695544309,57.36522290547689,21.62679840606202,10.06272972919058,0.11000511239680119,0.06404439696638821
/home/iiitn/Datasets/FaceForensics++/manipulated_sequences/Face2Face/c23/videos/064_991.mp4,1,0.01228719314751529,2.1849808740615844,0.0331799351045855,22.373827578226724,44.58421835276383,4.16900332131512,0.1795263689524014,0.2418086492032818
/home/iiitn/Datasets/FaceForensics++/manipulated_sequences/Face2Face/c23/videos/066_062.mp4,1,0.008831148873884979,18.345859953562417,0.0776711124639412,73.26302416483561,19.27952451368526,6.293931638340644,0.0770790634933707,-0.08377055090420045
/home/iiitn/Datasets/FaceForensics++/manipulated_sequences/Face2Face/c23/videos/052_108.mp4,1,0.020058114074501112,1.6506259365876517,0.20651002541581254,16.840355707804363,34.721957549189135,153.40708803811455,0.11008291958454151,0.020896459615695126
/home/iiitn/Datasets/FaceForensics++/manipulated_sequences/Face2Face/c23/videos/068_028.mp4,1,0.02353692778234271,6.592637953758239,0.09491907897939589,32.39858210245768,17.829240512290994,4.365008359207722,0.40912279861634343,0.21878356756530126
/home/iiitn/Datasets/FaceForensics++/manipulated_sequences/Face2Face/c23/videos/070_057.mp4,1,0.012800580294766587,18.66381181716919,0.07188065980746317,51.09914855957031,31.510845072386456,10.643171894242505,0.10704929211471105,-0.03588088442552955
/home/iiitn/Datasets/FaceForensics++/manipulated_sequences/Face2Face/c23/videos/071_054.mp4,1,0.01792604579906624,6.780572363535563,0.10083093448978331,30.875624097188314,25.261525139175102,43.75233282587505,0.07760253822810129,-0.008476624385499228
/home/iiitn/Datasets/FaceForensics++/manipulated_sequences/Face2Face/c23/videos/072_037.mp4,1,0.009612793346547494,21.86708770751953,0.08005228249806617,55.83050254821777,30.71624983583986,35.291130218837374,0.051923590849004324,-0.0753152175671324
/home/iiitn/Datasets/FaceForensics++/manipulated_sequences/Face2Face/c23/videos/069_961.mp4,1,0.022763671189138163,1.0184039928515751,0.10316962689907105,19.683323974609376,11.466761193669226,38.70141513270344,0.14751528685500184,0.08984611290055688
/home/iiitn/Datasets/FaceForensics++/manipulated_sequences/Face2Face/c23/videos/073_024.mp4,1,0.011219543700439401,9.346031427383423,0.07699351974160595,32.1957914352417,18.28192229164625,51.24775460948852,0.21307534318078739,0.03953313136627922
/home/iiitn/Datasets/FaceForensics++/manipulated_sequences/Face2Face/c23/videos/067_025.mp4,1,0.024290519314187582,5.853989768822988,0.22213525589945315,23.89866886138916,27.745749663394182,10.460981059259923,0.033601875158550586,-0.10906205079419959
/home/iiitn/Datasets/FaceForensics++/manipulated_sequences/Face2Face/c23/videos/065_089.mp4,1,0.009073909346840157,2.088839547634125,0.06294817368560146,20.034707476298014,30.64886662520318,20.705205587733836,0.07935825101402218,0.05011648102076893
/home/iiitn/Datasets/FaceForensics++/manipulated_sequences/Face2Face/c23/videos/077_100.mp4,1,0.014074543440399443,20.80426433245341,0.0726381084029214,40.12184102376302,23.34148644999464,70.2878401282875,0.29880883695031735,0.07162915188866928
/home/iiitn/Datasets/FaceForensics++/manipulated_sequences/Face2Face/c23/videos/076_079.mp4,1,0.018448282957161315,1.0815260767936707,0.08005734283953636,22.803364499409994,19.95603446110496,31.198793843621377,0.26569842862959364,0.25390414436649694
/home/iiitn/Datasets/FaceForensics++/manipulated_sequences/Face2Face/c23/videos/080_061.mp4,1,0.00725533255410002,26.049242261250814,0.060322273214000854,49.67521461486817,27.25469912547897,51.03050181397335,0.12129117037717456,-0.021454877542654946
/home/iiitn/Datasets/FaceForensics++/manipulated_sequences/Face2Face/c23/videos/075_977.mp4,1,0.021181087916151232,3.07565549770991,0.27923060199747507,18.897421588897704,19.215971794768464,104.58585196599611,0.233256233295095,-0.019943517240769013
/home/iiitn/Datasets/FaceForensics++/manipulated_sequences/Face2Face/c23/videos/081_087.mp4,1,0.015829655808426508,20.541968237559,0.06442934502706177,63.93433438618978,30.492248052053267,20.266089916503486,0.22919384604873447,-0.00013404813973645348
/home/iiitn/Datasets/FaceForensics++/manipulated_sequences/Face2Face/c23/videos/082_103.mp4,1,0.010763091932364039,50.22418612162272,0.05371701296063969,90.65271977742513,0.812751949745097,46.28331518531118,0.053866103979623464,0.07527110659488079
/home/iiitn/Datasets/FaceForensics++/manipulated_sequences/Face2Face/c23/videos/079_076.mp4,1,0.014506621897189943,5.781329898834229,0.06933650574459482,27.251362495422363,16.93373747280745,23.475818466569137,0.23453083583989381,0.2574481318456832
/home/iiitn/Datasets/FaceForensics++/manipulated_sequences/Face2Face/c23/videos/085_124.mp4,1,0.012327210500592595,38.02810845692952,0.09192850007448883,68.54408714294433,8.596251371666805,35.34745973300896,0.05835039981216851,0.050738917632208294
/home/iiitn/Datasets/FaceForensics++/manipulated_sequences/Face2Face/c23/videos/078_955.mp4,1,0.01593746667175996,4.084245184262594,0.2660184655917408,22.70332457224528,50.95910365443383,48.3977603662145,0.03887018618663217,0.16530221474700493
/home/iiitn/Datasets/FaceForensics++/manipulated_sequences/Face2Face/c23/videos/074_825.mp4,1,0.02962454812305596,3.4893813530604043,0.22221465612983904,36.859194653828936,34.59292544995062,1.1031082933147578,0.15516563423318666,0.11700953865336541
/home/iiitn/Datasets/FaceForensics++/manipulated_sequences/Face2Face/c23/videos/088_060.mp4,1,0.016745218844686598,11.13805760383606,0.13828638388592818,61.956715952555335,13.64290299884561,89.23854155882199,0.009050440152969266,-0.08152293177749634
/home/iiitn/Datasets/FaceForensics++/manipulated_sequences/Face2Face/c23/videos/087_081.mp4,1,0.011467995936704979,7.634033654530843,0.1287456785349138,45.66373758951823,62.72942981052069,7.04229939871317,0.21510980517485534,0.07459163564399694
/home/iiitn/Datasets/FaceForensics++/manipulated_sequences/Face2Face/c23/videos/091_116.mp4,1,0.014523801465787974,38.046103897094724,0.0725091026855893,57.75086186726888,34.381721489155574,32.05073920320318,0.10917964130052413,-0.004527845427018144
/home/iiitn/Datasets/FaceForensics++/manipulated_sequences/Face2Face/c23/videos/089_065.mp4,1,0.01662714055429988,2.0389713271458945,0.11989717636315056,22.337250366210938,32.9952717750414,8.964430901998545,0.12613033725537556,0.005630611160554966
/home/iiitn/Datasets/FaceForensics++/manipulated_sequences/Face2Face/c23/videos/086_090.mp4,1,0.021380829012250562,1.5478849105040233,0.11301887123108201,19.311706771850584,45.202134293546976,4.065881420501464,0.15960169578440928,0.03501735343718545
/home/iiitn/Datasets/FaceForensics++/manipulated_sequences/Face2Face/c23/videos/092_098.mp4,1,0.009790783107803338,8.409994068145751,0.04685905496957643,29.80363342285156,47.02922365093314,6.721115944581043,0.16034816538344016,0.0281638075801622
/home/iiitn/Datasets/FaceForensics++/manipulated_sequences/Face2Face/c23/videos/084_042.mp4,1,0.02713514016404872,4.821834580103556,0.28899196373082137,22.350832188924155,20.23073475072366,30.94280364680624,0.2504663306499773,0.1728442126683989
/home/iiitn/Datasets/FaceForensics++/manipulated_sequences/Face2Face/c23/videos/090_086.mp4,1,0.02102785357044119,7.523033725420634,0.2923461107366889,32.13814271291097,20.722385156866494,44.737078965936576,0.40013828611961055,0.24221133301712613
/home/iiitn/Datasets/FaceForensics++/manipulated_sequences/Face2Face/c23/videos/095_053.mp4,1,0.009739211755019236,30.114677651723227,0.07343036811215153,58.09819140116374,25.664626301553735,8.82195825773168,-0.004092624331189758,-0.12861742047364988
/home/iiitn/Datasets/FaceForensics++/manipulated_sequences/Face2Face/c23/videos/097_033.mp4,1,0.018789293963499834,41.46356211344401,0.09594303523966619,60.211829299926755,46.106101767820924,3.242869279977605,0.16779618541968414,0.053605198862810795
/home/iiitn/Datasets/FaceForensics++/manipulated_sequences/Face2Face/c23/videos/083_213.mp4,1,0.010526347691182065,6.372535268465678,0.05975660623940471,34.24510756174723,21.265691025465305,71.56700468465182,0.21504471037235903,-0.06797040207648992
/home/iiitn/Datasets/FaceForensics++/manipulated_sequences/Face2Face/c23/videos/093_121.mp4,1,0.015113380537361741,1.5247571218013762,0.13096224746282714,28.937402470906576,10.846769750698165,84.67430932191193,-0.021410428669840633,-0.028857162117028493
/home/iiitn/Datasets/FaceForensics++/manipulated_sequences/Face2Face/c23/videos/094_111.mp4,1,0.008811197921251169,0.964067305723826,0.049912750599842126,27.670990473429363,8.494125357959875,12.773306669172854,0.40225204370056905,0.2873000476205856
/home/iiitn/Datasets/FaceForensics++/manipulated_sequences/Face2Face/c23/videos/098_092.mp4,1,0.011122542723680594,32.62159273783366,0.09019754395241453,46.94309954325358,33.21300117156012,18.31372843110264,0.2892681715112503,0.1324993585829348
/home/iiitn/Datasets/FaceForensics++/manipulated_sequences/Face2Face/c23/videos/100_077.mp4,1,0.01570000756937872,24.380264415740967,0.12382238819930924,49.63554316202799,13.318622449772665,59.33175143163981,0.30118973539059585,0.005127402530489886
/home/iiitn/Datasets/FaceForensics++/manipulated_sequences/Face2Face/c23/videos/103_082.mp4,1,0.012996894687337071,10.426595163345336,0.08734868132263585,42.176858571370445,16.88752167643491,25.904682559812173,0.06787438507882011,-0.02545034570490412
/home/iiitn/Datasets/FaceForensics++/manipulated_sequences/Face2Face/c23/videos/104_126.mp4,1,0.0227004988590075,10.477037374178568,0.06530793577276384,43.34753659566243,21.26102107067987,93.9904490774259,0.14883044198166298,0.06206361404894378
/home/iiitn/Datasets/FaceForensics++/manipulated_sequences/Face2Face/c23/videos/101_096.mp4,1,0.022104973872632674,26.772877655029298,0.14969340474690163,47.45061416625977,45.104516126052765,24.620949904568135,0.2831750752272893,0.16270958636873192
/home/iiitn/Datasets/FaceForensics++/manipulated_sequences/Face2Face/c23/videos/105_180.mp4,1,0.010292183368081248,40.96848834050845,0.12736307094468013,81.35028912269905,16.85137821379501,77.3359842417594,0.12936341229764434,0.019414771005033405
/home/iiitn/Datasets/FaceForensics++/manipulated_sequences/Face2Face/c23/videos/102_114.mp4,1,0.01359178186697034,8.826402279535928,0.13036843150355837,42.13810053507487,44.31248059401202,0.8446754225632284,0.07036063786813666,-0.09794383986903434
/home/iiitn/Datasets/FaceForensics++/manipulated_sequences/Face2Face/c23/videos/107_109.mp4,1,0.007514380640636432,8.087150077819825,0.03689807050490279,35.38863348642985,41.422741110938354,11.31055751346484,0.17930346252958052,0.09217968665209801
/home/iiitn/Datasets/FaceForensics++/manipulated_sequences/Face2Face/c23/videos/106_198.mp4,1,0.018043285607185426,18.808658334414165,0.11273031691058999,41.18436434427897,37.88021165959417,1.5368408777677878,0.16596007841788749,0.05042873014226449
/home/iiitn/Datasets/FaceForensics++/manipulated_sequences/Face2Face/c23/videos/109_107.mp4,1,0.008764964141883847,7.200349067052206,0.0920795911684662,32.78093454996745,29.22766130254929,22.422974863332417,0.27498842606883844,0.1886356532084387
/home/iiitn/Datasets/FaceForensics++/manipulated_sequences/Face2Face/c23/videos/111_094.mp4,1,0.02221803336476825,1.8766355208555858,0.13966035470124472,15.678662128448487,34.807034981285575,19.63775461578794,0.2778671486683453,0.01258783035157443
/home/iiitn/Datasets/FaceForensics++/manipulated_sequences/Face2Face/c23/videos/110_043.mp4,1,0.017171588761977767,1.1857170887788138,0.22912821697523011,15.718547611236572,48.055297542798385,19.532533983147264,0.3816977984638905,0.10805291243696553
/home/iiitn/Datasets/FaceForensics++/manipulated_sequences/Face2Face/c23/videos/114_102.mp4,1,0.012863413309434916,8.131004438400268,0.07775379519359071,42.13023610432943,17.88878125270599,69.81713191012184,0.26055908398116545,0.14433819858855335
/home/iiitn/Datasets/FaceForensics++/manipulated_sequences/Face2Face/c23/videos/099_295.mp4,1,0.014914175226243354,1.9386390725771585,0.15644531938135353,20.824059651692707,16.27755084011122,53.19576173935725,0.06013137581481319,-0.19530226523739486
/home/iiitn/Datasets/FaceForensics++/manipulated_sequences/Face2Face/c23/videos/108_052.mp4,1,0.015013940622482016,1.2762807152668636,0.13795483511796003,19.603625297546387,29.162871416872814,55.379261998817846,0.015556151211364033,-0.1256303622666359
/home/iiitn/Datasets/FaceForensics++/manipulated_sequences/Face2Face/c23/videos/113_983.mp4,1,0.009338590791006027,5.991590067545573,0.07561328547065438,37.394792760213214,13.894195305152131,44.637685883561545,0.3057894626345477,0.13866825940281874
/home/iiitn/Datasets/FaceForensics++/manipulated_sequences/Face2Face/c23/videos/116_091.mp4,1,0.015238958524261494,11.19234673500061,0.08320096904286511,39.572516454060874,11.729665405839956,56.14648589763565,0.22603172922022938,0.05649621470304803
/home/iiitn/Datasets/FaceForensics++/manipulated_sequences/Face2Face/c23/videos/120_118.mp4,1,0.02178376912610337,36.37901357014974,0.14957744114674454,62.28599527994792,19.153345787247872,14.898513101445378,0.12064157292547698,0.06648857909989245
/home/iiitn/Datasets/FaceForensics++/manipulated_sequences/Face2Face/c23/videos/118_120.mp4,1,0.018421313011558946,20.52714161872864,0.1574415683633712,55.45912605285645,11.695054093638625,64.85903014511644,0.2448545573873087,0.018109513164523222
/home/iiitn/Datasets/FaceForensics++/manipulated_sequences/Face2Face/c23/videos/119_123.mp4,1,0.017157888476235197,29.370771293640136,0.13629779991885738,46.371433868408204,21.165186082597685,2.95761149805057,0.013220393423046452,-0.18162797498719888
/home/iiitn/Datasets/FaceForensics++/manipulated_sequences/Face2Face/c23/videos/115_939.mp4,1,0.00849606342136225,1.0805661443869272,0.07748186881769925,20.349500579833986,46.05797797861601,69.9352795848125,0.29584476274685645,0.0034529157114027405
/home/iiitn/Datasets/FaceForensics++/manipulated_sequences/Face2Face/c23/videos/117_217.mp4,1,0.01823475376685568,2.373405870993932,0.2549822727684087,23.781960271199544,25.162703087086676,67.2840185984603,0.17586550825524477,0.07451295323870696
/home/iiitn/Datasets/FaceForensics++/manipulated_sequences/Face2Face/c23/videos/123_119.mp4,1,0.013373758414060919,13.584181731541952,0.12398565631823977,42.726937204996744,26.292880540390634,5.067230507882979,0.06788112126589911,0.0507779050892824
/home/iiitn/Datasets/FaceForensics++/manipulated_sequences/Face2Face/c23/videos/124_085.mp4,1,0.018286913650363668,15.136304121017456,0.11387681622989099,63.806052627563474,43.765088535585846,20.591761076098567,0.23764318715670477,0.20508525337191832
/home/iiitn/Datasets/FaceForensics++/manipulated_sequences/Face2Face/c23/videos/122_144.mp4,1,0.017664470851098336,1.5215450100104013,0.16256524935887973,18.215076433817547,19.312605328695156,57.552375887910046,-0.015722780095881853,-0.09251749212914907
/home/iiitn/Datasets/FaceForensics++/manipulated_sequences/Face2Face/c23/videos/112_892.mp4,1,0.016537303981521187,0.7667305733760198,0.23183859355681236,19.284137268066406,10.096574903601045,45.36952500016372,0.16390255572721915,-0.10073337431321049
/home/iiitn/Datasets/FaceForensics++/manipulated_sequences/Face2Face/c23/videos/126_104.mp4,1,0.021468928627027088,6.733066461881002,0.13877744231410039,42.93093187967936,24.720679866931537,46.208766548781725,0.33849809434315437,-0.01785188329477525
/home/iiitn/Datasets/FaceForensics++/manipulated_sequences/Face2Face/c23/videos/131_518.mp4,1,0.011771378906997722,22.885180683135985,0.05925225432391412,52.125866419474285,18.35404307004765,54.83990293159317,0.2837787154739629,0.16448594786307416
/home/iiitn/Datasets/FaceForensics++/manipulated_sequences/Face2Face/c23/videos/128_896.mp4,1,0.03220625224085738,91.51156042099,0.1733632000173312,70.25059232076009,34.21173017595605,12.268797000347389,0.3619708031627051,0.13367258093585072
/home/iiitn/Datasets/FaceForensics++/manipulated_sequences/Face2Face/c23/videos/125_038.mp4,1,0.019477253029206422,11.547379786173503,0.0510510268388672,33.115748761494956,20.024773077210885,33.77883197253902,0.0847347983567537,0.06522417214546875
/home/iiitn/Datasets/FaceForensics++/manipulated_sequences/Face2Face/c23/videos/130_139.mp4,1,0.019462984971908247,12.346265246073404,0.13728168777386285,48.00914286295573,13.280363404100926,12.871821571892806,0.2278483745757696,0.18629727506977378
/home/iiitn/Datasets/FaceForensics++/manipulated_sequences/Face2Face/c23/videos/132_007.mp4,1,0.018249420008239856,18.736588643391926,0.10372205880127994,54.1526665242513,20.683821471162137,80.52002659666583,0.20492881340682673,0.04652568605525969
/home/iiitn/Datasets/FaceForensics++/manipulated_sequences/Face2Face/c23/videos/127_129.mp4,1,0.015902510279016856,2.313650006453196,0.08421747881182196,21.14488218943278,44.87140957604981,48.93129776005614,0.1084605037310602,0.08437739626103868
/home/iiitn/Datasets/FaceForensics++/manipulated_sequences/Face2Face/c23/videos/133_148.mp4,1,0.009396720607769032,16.511077473958334,0.07011206293538885,44.42293825785319,25.155934814367235,61.18382275435775,0.406903471269476,0.1955207865572333
/home/iiitn/Datasets/FaceForensics++/manipulated_sequences/Face2Face/c23/videos/121_093.mp4,1,0.01861320831938285,5.533463514645894,0.17336339429296643,29.177179781595864,4.971489470620762,21.113430748366202,0.1517017796249482,0.14838834280687746
/home/iiitn/Datasets/FaceForensics++/manipulated_sequences/Face2Face/c23/videos/137_165.mp4,1,0.01835728419146343,29.292583872477213,0.14106944333672733,49.53223388671875,25.89006776481657,93.65313821376095,0.07296128317476103,-0.06621762011338693
/home/iiitn/Datasets/FaceForensics++/manipulated_sequences/Face2Face/c23/videos/135_880.mp4,1,0.020597482966029316,11.21821120897929,0.24895524083069287,48.263956960042314,15.673330661688642,106.8467188623914,0.15841132036806577,0.06890172058272809
/home/iiitn/Datasets/FaceForensics++/manipulated_sequences/Face2Face/c23/videos/129_127.mp4,1,0.018672816126168917,4.68762004216512,0.15394330153137425,28.762499872843424,36.061703947538824,51.2809230350006,0.07328828848246435,-0.005867182612033898
/home/iiitn/Datasets/FaceForensics++/manipulated_sequences/Face2Face/c23/videos/134_192.mp4,1,0.02152017329878709,4.141743375460307,0.08124622976204188,28.168343505859376,23.119583826053404,30.610875940417756,0.41233615538565216,0.23956758653628826
/home/iiitn/Datasets/FaceForensics++/manipulated_sequences/Face2Face/c23/videos/138_142.mp4,1,0.013574530742469247,26.392838687896727,0.2055083716831525,65.3205817159017,5.849411000493124,90.4010020222679,0.2386076943104326,-0.006532846019400371
/home/iiitn/Datasets/FaceForensics++/manipulated_sequences/Face2Face/c23/videos/140_143.mp4,1,0.01842331765753383,11.301424414316813,0.04561758641768432,41.15040990193685,32.315679792732965,11.648800412043471,0.13726241925965862,0.10288614005691181
/home/iiitn/Datasets/FaceForensics++/manipulated_sequences/Face2Face/c23/videos/139_130.mp4,1,0.012057496558558015,13.002972841262817,0.07633302978686118,52.99845186869303,13.21039812457594,50.23757743804667,0.3305060760397596,0.13273167926702029
/home/iiitn/Datasets/FaceForensics++/manipulated_sequences/Face2Face/c23/videos/136_285.mp4,1,0.0197853890240458,4.084320388635,0.0690606146551147,32.93493284861247,18.56814953350242,31.470502047883855,0.12757819461360928,0.10043485624401215
/home/iiitn/Datasets/FaceForensics++/manipulated_sequences/Face2Face/c23/videos/142_138.mp4,1,0.013862554876460957,26.559373359680176,0.07463912701970432,60.54949712117513,13.5829438411434,66.75366824547457,0.022787638903246265,0.044593567128073115
/home/iiitn/Datasets/FaceForensics++/manipulated_sequences/Face2Face/c23/videos/141_161.mp4,1,0.01790415861378217,19.051996348698935,0.18379890255173548,40.28589266459147,41.393298983202826,7.775880360832781,0.27534400432828027,0.031019311448732323
/home/iiitn/Datasets/FaceForensics++/manipulated_sequences/Face2Face/c23/videos/143_140.mp4,1,0.02039316682460646,19.926247851053873,0.11001152962009464,40.517858225504554,24.137404912394928,9.915872706133563,0.34708037074584436,0.06633729346128978
/home/iiitn/Datasets/FaceForensics++/manipulated_sequences/Face2Face/c23/videos/145_299.mp4,1,0.010486346874770843,11.215308764775594,0.09317146664178055,37.29672170003255,38.43351034605463,49.85723352162761,0.11470271640414341,0.012148456066271853
/home/iiitn/Datasets/FaceForensics++/manipulated_sequences/Face2Face/c23/videos/144_122.mp4,1,0.021174113259877864,2.0750841363271078,0.11102995656296444,20.946705284118654,28.126916015165104,106.29867452639267,0.1439537082511691,-0.03861879156043376
/home/iiitn/Datasets/FaceForensics++/manipulated_sequences/Face2Face/c23/videos/147_055.mp4,1,0.015241133946869144,12.114084679285686,0.1370226969305397,39.82743026733399,21.35878777179535,82.86551514466683,0.21327730809499146,0.014506062898944332
/home/iiitn/Datasets/FaceForensics++/manipulated_sequences/Face2Face/c23/videos/149_152.mp4,1,0.01581190404104466,4.962842044035594,0.2267760207083247,39.04360403696696,57.95793502397685,11.191738968894173,0.1622078430549407,-0.08303848740182176
/home/iiitn/Datasets/FaceForensics++/manipulated_sequences/Face2Face/c23/videos/152_149.mp4,1,0.0172421430019649,14.574149503707886,0.08002671942099882,43.63237897237142,33.72785370695747,64.04944231714295,0.3907094226770955,0.19177215917531193
/home/iiitn/Datasets/FaceForensics++/manipulated_sequences/Face2Face/c23/videos/150_153.mp4,1,0.011999669058695522,6.723852305412293,0.15398382565847346,29.272700831095378,30.725162066195686,78.16938399311721,0.0826557503140716,-0.17659292486137254
/home/iiitn/Datasets/FaceForensics++/manipulated_sequences/Face2Face/c23/videos/148_133.mp4,1,0.015479575204475304,16.49630345662435,0.13572685611319724,25.442611020406087,33.95961601713355,39.88843070833186,0.29312080022345677,0.23035439855309592
/home/iiitn/Datasets/FaceForensics++/manipulated_sequences/Face2Face/c23/videos/153_150.mp4,1,0.01865862671398235,25.59652956008911,0.09642456671593969,65.09476331075032,8.872177577291149,43.605666610738844,0.309628556895835,0.08557802466257389
/home/iiitn/Datasets/FaceForensics++/manipulated_sequences/Face2Face/c23/videos/155_576.mp4,1,0.027114714466222815,9.378038102785746,0.11705390144041583,50.371227544148766,5.606636011697054,53.209723064607786,0.08926721437867587,-0.019445212803642222
/home/iiitn/Datasets/FaceForensics++/manipulated_sequences/Face2Face/c23/videos/146_256.mp4,1,0.018811158126263983,1.0094663665692012,0.19522242632904097,20.54963545481364,29.055650436672803,10.625797227879374,0.27139879521474797,0.1041580393464447
/home/iiitn/Datasets/FaceForensics++/manipulated_sequences/Face2Face/c23/videos/151_225.mp4,1,0.01570977636231828,25.18798635482788,0.11413030876182906,31.382467155456542,25.960947357299506,52.19048263671451,0.19291885781315277,0.13149500787320198
/home/iiitn/Datasets/FaceForensics++/manipulated_sequences/Face2Face/c23/videos/158_379.mp4,1,0.014473415253063412,30.127451451619468,0.14680586378406935,67.56143836975097,24.27405349968677,32.88861232249555,-0.05161203340076194,-0.09962165175896795
/home/iiitn/Datasets/FaceForensics++/manipulated_sequences/Face2Face/c23/videos/157_245.mp4,1,0.006892585481255776,23.763489939371745,0.05200692774928706,48.103527526855466,34.86080838135214,12.487520423592056,0.3921722915677799,0.32284093287055526
/home/iiitn/Datasets/FaceForensics++/manipulated_sequences/Face2Face/c23/videos/159_175.mp4,1,0.019221731941972648,27.812995738983155,0.10362349245177438,67.15792157491047,29.098701694069973,5.491038161509393,0.09389370657187225,-0.04769815128095717
/home/iiitn/Datasets/FaceForensics++/manipulated_sequences/Face2Face/c23/videos/154_386.mp4,1,0.018398363169373624,2.341643979152044,0.1502119962065478,25.63256332397461,15.839279468748797,68.57479940527381,0.16074100256812543,0.07991282537994014
/home/iiitn/Datasets/FaceForensics++/manipulated_sequences/Face2Face/c23/videos/161_141.mp4,1,0.011453752818484516,14.174066247940063,0.08602068627704729,56.495343399047854,38.78084453095696,47.94563501100106,0.2801235286663752,0.06525940984513601
/home/iiitn/Datasets/FaceForensics++/manipulated_sequences/Face2Face/c23/videos/164_216.mp4,1,0.01314790588543349,5.423478342692057,0.1003985029842831,33.280443852742515,23.721999442179975,34.348394928454184,0.1910240793545428,0.037512405796550914
/home/iiitn/Datasets/FaceForensics++/manipulated_sequences/Face2Face/c23/videos/162_330.mp4,1,0.021222287851062165,4.129886325200399,0.07388269944854131,33.6083492787679,21.761247732040356,93.26613475869766,0.19333989130844478,-0.012367003261853558
/home/iiitn/Datasets/FaceForensics++/manipulated_sequences/Face2Face/c23/videos/166_167.mp4,1,0.015197149992180713,32.424356886545816,0.09548690393851322,61.130353647867835,31.857154423191133,32.30538951215502,0.35752598949015896,0.3137033069957812
/home/iiitn/Datasets/FaceForensics++/manipulated_sequences/Face2Face/c23/videos/160_928.mp4,1,0.020199974165403575,7.020861261685689,0.08182270237028888,32.57431719462077,19.657425965842496,30.90126024317109,0.08770781486679556,-0.05160644486135192
/home/iiitn/Datasets/FaceForensics++/manipulated_sequences/Face2Face/c23/videos/168_222.mp4,1,0.011146918246317826,17.624697036743164,0.057179956626288386,54.484471003214516,34.42350370467468,38.19299165989687,0.11259022998993587,0.06283543509650784
/home/iiitn/Datasets/FaceForensics++/manipulated_sequences/Face2Face/c23/videos/163_031.mp4,1,0.033436771094903894,4.794307321707407,0.14015815495536432,32.42294094085693,37.803705834323964,68.41349677354107,0.30729351657716913,0.18275713357546866
/home/iiitn/Datasets/FaceForensics++/manipulated_sequences/Face2Face/c23/videos/167_166.mp4,1,0.01906469437934208,18.90365608851115,0.16474141887685556,46.92108080546061,34.34116638264277,19.707735050376165,0.16188570021584145,0.07996567089156299
/home/iiitn/Datasets/FaceForensics++/manipulated_sequences/Face2Face/c23/videos/165_137.mp4,1,0.01256908776178629,16.965637671152752,0.06148772921936019,49.89247678120931,46.79239109501529,2.997801258715491,0.42347047766946166,0.16283885525910108
/home/iiitn/Datasets/FaceForensics++/manipulated_sequences/Face2Face/c23/videos/169_227.mp4,1,0.007077228938086976,11.219404366811117,0.027850443209566422,50.14387715657552,24.57508035919149,14.228309054321604,0.35473704521425736,0.31811220866611584
/home/iiitn/Datasets/FaceForensics++/manipulated_sequences/Face2Face/c23/videos/172_582.mp4,1,0.02098035801298273,18.948719040552774,0.11839923070424063,33.89262447357178,21.684248335878475,55.65857586020804,0.15448093967439472,0.1877830122935967
/home/iiitn/Datasets/FaceForensics++/manipulated_sequences/Face2Face/c23/videos/175_159.mp4,1,0.017230637977946685,17.3206467851003,0.09872318901509392,45.93281339009603,34.25227861612535,25.45290713445402,0.2586151330704606,0.23585155650953873
/home/iiitn/Datasets/FaceForensics++/manipulated_sequences/Face2Face/c23/videos/177_211.mp4,1,0.018569158155212373,2.8325239833196005,0.2755566706156004,35.46284472147624,13.47189594716059,49.249025185136134,0.10164953959733523,0.054544291505163406
/home/iiitn/Datasets/FaceForensics++/manipulated_sequences/Face2Face/c23/videos/178_598.mp4,1,0.012788850446226768,60.32373582204183,0.12240181218207402,62.181856384277346,60.9290927543057,34.54952043612194,0.36722213225318495,0.14354380963425184
/home/iiitn/Datasets/FaceForensics++/manipulated_sequences/Face2Face/c23/videos/173_171.mp4,1,0.02256129424610616,1.8125045078992843,0.3587928932307646,17.334264710744222,37.57386847563569,90.06126799076677,0.062434941552698714,0.12677443662808832
/home/iiitn/Datasets/FaceForensics++/manipulated_sequences/Face2Face/c23/videos/179_212.mp4,1,0.02750212671641558,4.761526398658752,0.1761517534246153,39.484827715555824,19.209992841177087,59.21025338902946,0.2826461613527512,-0.010412984192942707
/home/iiitn/Datasets/FaceForensics++/manipulated_sequences/Face2Face/c23/videos/174_964.mp4,1,0.017322223748729645,62.4038481648763,0.13624914197370286,63.78067939758301,37.59189422119176,72.15159629212037,0.16191999259629875,0.0895611591521676
/home/iiitn/Datasets/FaceForensics++/manipulated_sequences/Face2Face/c23/videos/171_173.mp4,1,0.014952014549389193,2.149222187995911,0.10095201475627813,18.75056760152181,22.412358664038244,54.96339766228909,0.03931706186445973,0.1665814158539639
/home/iiitn/Datasets/FaceForensics++/manipulated_sequences/Face2Face/c23/videos/180_105.mp4,1,0.021354550610746426,35.00298180898031,0.15354894645239692,49.30248558044433,26.705028410194274,53.74436068594102,-0.021880530684566604,0.08032033536227168
/home/iiitn/Datasets/FaceForensics++/manipulated_sequences/Face2Face/c23/videos/181_199.mp4,1,0.012016152742025051,11.337606293360393,0.10283609572839791,36.63394149780274,7.776520956572252,68.7204561470041,0.30510452830630075,0.31905639025285
/home/iiitn/Datasets/FaceForensics++/manipulated_sequences/Face2Face/c23/videos/185_276.mp4,1,0.013838689144766637,5.13749188264211,0.07249044734594823,34.613493321736655,39.23722829819367,17.0669513959419,0.041115122083906865,-0.18085739812062085
/home/iiitn/Datasets/FaceForensics++/manipulated_sequences/Face2Face/c23/videos/170_186.mp4,1,0.023468982583435254,1.6187755966186523,0.09862224904882722,22.66600919087728,33.742079318473,34.54671037900945,0.3123812061271773,0.20067573618609996
/home/iiitn/Datasets/FaceForensics++/manipulated_sequences/Face2Face/c23/videos/176_190.mp4,1,0.018397828899200292,5.413339285055796,0.2744983588782419,19.6800977007548,22.30693849362713,91.23916324750543,0.036311470493368775,-0.004939430584536318
/home/iiitn/Datasets/FaceForensics++/manipulated_sequences/Face2Face/c23/videos/182_242.mp4,1,0.018157113537569616,5.536965753237406,0.20077561574229053,25.973913548787436,13.024755381736123,90.66359034906915,0.4281411944848528,0.282897548671758
/home/iiitn/Datasets/FaceForensics++/manipulated_sequences/Face2Face/c23/videos/184_205.mp4,1,0.011927008302496966,15.973986544021189,0.10268716321532467,47.359667177069674,17.321562113783177,107.66394184190352,0.49135338671122364,0.10619508496131332
/home/iiitn/Datasets/FaceForensics++/manipulated_sequences/Face2Face/c23/videos/189_200.mp4,1,0.01289184986071177,13.53443023999532,0.10534577638400644,53.524267298380536,39.62127420745301,8.246810972954021,0.2000336837779037,0.09961042379999335
/home/iiitn/Datasets/FaceForensics++/manipulated_sequences/Face2Face/c23/videos/183_253.mp4,1,0.01786805770404112,2.155968516667684,0.10525600220766462,23.878346875508626,37.10738116622223,24.395558387586096,0.2567954417828785,0.17492465817522618
/home/iiitn/Datasets/FaceForensics++/manipulated_sequences/Face2Face/c23/videos/187_234.mp4,1,0.024773886830399428,6.372007975578308,0.318461920222481,23.58879514058431,45.51394960539052,41.89857236144374,0.15272813637175053,0.06600745531725268
/home/iiitn/Datasets/FaceForensics++/manipulated_sequences/Face2Face/c23/videos/188_191.mp4,1,0.01480194188170875,2.988485039869944,0.1535115062826946,23.024697507222495,27.060879082462336,78.97478802861282,-0.00920673760762814,-0.09496266321661632
/home/iiitn/Datasets/FaceForensics++/manipulated_sequences/Face2Face/c23/videos/194_235.mp4,1,0.009104070028289868,19.030128167470295,0.11309718211428987,49.0911979675293,37.94566512525518,106.55188604168977,0.19946223589353387,0.10976474891915289
/home/iiitn/Datasets/FaceForensics++/manipulated_sequences/Face2Face/c23/videos/192_134.mp4,1,0.016280351070454963,12.643877509435018,0.17408639366078416,42.0996248626709,24.142038221500428,39.05234550819529,0.2737973523485036,0.13334123897217715
/home/iiitn/Datasets/FaceForensics++/manipulated_sequences/Face2Face/c23/videos/196_310.mp4,1,0.010968681292022157,4.0359946743647255,0.07604241742451345,35.40616850535075,53.952253589659136,6.3014544072878635,0.1915516046782837,-0.15787215503601576
/home/iiitn/Datasets/FaceForensics++/manipulated_sequences/Face2Face/c23/videos/197_224.mp4,1,0.020094687982814413,24.917421607971193,0.21055008421341814,62.20354484558106,19.458587879808615,27.792666273052625,0.15685056014097132,0.09393760902808745
/home/iiitn/Datasets/FaceForensics++/manipulated_sequences/Face2Face/c23/videos/186_170.mp4,1,0.01054445634276346,8.055643792152404,0.22783989632701063,21.68622631072998,39.79272010482561,14.392003403409227,0.25996723825713114,0.09630280067810879
/home/iiitn/Datasets/FaceForensics++/manipulated_sequences/Face2Face/c23/videos/198_106.mp4,1,0.00873064376130702,12.203142830530803,0.07385334596416504,41.73310084025065,19.61028505418817,63.77448737523257,0.5279171550418449,0.25371745010823876
/home/iiitn/Datasets/FaceForensics++/manipulated_sequences/Face2Face/c23/videos/195_442.mp4,1,0.019547007354964386,9.2500350856781,0.0776281188730511,41.734612223307295,5.3945715144160005,59.797482904259944,0.07833345967737654,-0.012086415585033226
/home/iiitn/Datasets/FaceForensics++/manipulated_sequences/Face2Face/c23/videos/193_030.mp4,1,0.016780617578183752,1.2888441892464955,0.12396903172363016,14.986231479644776,16.39916906259924,24.63405908728155,0.3307668029677811,0.11961560687715646
/home/iiitn/Datasets/FaceForensics++/manipulated_sequences/Face2Face/c23/videos/191_188.mp4,1,0.024687733610444913,4.42285373767217,0.13406960224561915,22.836314404805503,17.5415078774418,3.47996196831647,0.13570859910037977,0.12527013631639963
/home/iiitn/Datasets/FaceForensics++/manipulated_sequences/Face2Face/c23/videos/190_176.mp4,1,0.016682176538530484,0.48776256342728935,0.10391462441263677,14.065587355295817,38.11480618790524,126.10724685309916,0.026206766743477067,-0.028974395767762753
/home/iiitn/Datasets/FaceForensics++/manipulated_sequences/Face2Face/c23/videos/202_348.mp4,1,0.019108398597384862,36.24062202453613,0.10346330471069631,71.7493827311198,26.539831234314114,18.58828847265548,-0.02321635435251089,-0.11585298173144822
/home/iiitn/Datasets/FaceForensics++/manipulated_sequences/Face2Face/c23/videos/200_189.mp4,1,0.017009919447635424,9.293476991653442,0.17231682456836794,47.7253865814209,42.59841280350736,18.98818544211333,0.14627697045435864,0.1246015249323284
/home/iiitn/Datasets/FaceForensics++/manipulated_sequences/Face2Face/c23/videos/201_203.mp4,1,0.013318983652773482,21.602701327006024,0.12583793841279534,62.08850023905436,22.999956867521146,45.07872209648523,0.1506207530770831,0.019549399909103406
/home/iiitn/Datasets/FaceForensics++/manipulated_sequences/Face2Face/c23/videos/199_181.mp4,1,0.016746510277311822,29.333521944681802,0.12215784675289465,54.0182684580485,32.66922197543643,56.067569228919005,0.20939783725411415,0.0031330065154954317
/home/iiitn/Datasets/FaceForensics++/manipulated_sequences/Face2Face/c23/videos/203_201.mp4,1,0.019583738081555144,36.4548162651062,0.26354842936855516,61.31573705037435,47.17072697757854,55.39882786529209,0.457347420386293,0.09133372449520102
/home/iiitn/Datasets/FaceForensics++/manipulated_sequences/Face2Face/c23/videos/206_221.mp4,1,0.01513512504404707,25.74885779062907,0.05490629256822399,71.2438756052653,33.141750790305004,64.80239237935278,0.23358647045223416,-0.047322976668338776
/home/iiitn/Datasets/FaceForensics++/manipulated_sequences/Face2Face/c23/videos/204_230.mp4,1,0.013633751786494506,0.9680634180704752,0.06365353905784521,28.654790344238283,30.633555775396186,26.45713246365805,0.3437568943272114,0.2458143566575158
/home/iiitn/Datasets/FaceForensics++/manipulated_sequences/Face2Face/c23/videos/210_241.mp4,1,0.016805988951612685,3.0702736047903696,0.038577922516259466,24.871698875427246,38.80409099254695,12.759296373445432,0.29575865369506393,0.20572093634672686
/home/iiitn/Datasets/FaceForensics++/manipulated_sequences/Face2Face/c23/videos/208_215.mp4,1,0.010629894264593842,4.865590461095175,0.15821012774628185,33.60482214609782,15.21896995557147,30.093670765132654,0.1303425200589924,0.09074764319910442
/home/iiitn/Datasets/FaceForensics++/manipulated_sequences/Face2Face/c23/videos/209_016.mp4,1,0.010684963731982203,7.9860859950383505,0.1363540789659594,34.21386436462402,22.59837728434863,48.98555918157413,0.05458917933428979,0.027756242060550985
/home/iiitn/Datasets/FaceForensics++/manipulated_sequences/Face2Face/c23/videos/205_184.mp4,1,0.022220800961358658,6.084616303443909,0.18352769167056104,38.625645853678385,12.752795782663961,45.107218536768826,0.15948847559992024,-0.03284618050674876
/home/iiitn/Datasets/FaceForensics++/manipulated_sequences/Face2Face/c23/videos/214_255.mp4,1,0.01671346188591976,5.896275674502055,0.08105309805799976,50.15158617655436,5.616251914223066,51.764768264108824,0.12789611033869455,-0.13674456149306063
/home/iiitn/Datasets/FaceForensics++/manipulated_sequences/Face2Face/c23/videos/215_208.mp4,1,0.007717788839836426,9.412900762557983,0.07190756639730456,49.34317621866862,11.234728701486741,35.946569227762275,0.22882973778027021,0.09214285994151661
/home/iiitn/Datasets/FaceForensics++/manipulated_sequences/Face2Face/c23/videos/211_177.mp4,1,0.019216274936586675,12.102317180633545,0.10174996408209525,31.539078801472982,34.89822417274691,52.48738248333839,0.18274114355931978,0.0697795136895423
/home/iiitn/Datasets/FaceForensics++/manipulated_sequences/Face2Face/c23/videos/213_083.mp4,1,0.022821175379768067,1.4711829610665639,0.15180844820730777,16.634993063608807,15.832118205670197,30.731447494285845,0.34574605853851603,0.2541512803955457
/home/iiitn/Datasets/FaceForensics++/manipulated_sequences/Face2Face/c23/videos/212_179.mp4,1,0.02363647241320427,14.22722342873917,0.1725276194807024,56.31580477344747,24.235538646353284,8.92065929101523,0.19996952424090625,-0.06726235361569963
/home/iiitn/Datasets/FaceForensics++/manipulated_sequences/Face2Face/c23/videos/218_239.mp4,1,0.012335293394537587,1.7406314675013224,0.11308205747172961,19.545198160807292,43.05496264335754,32.70095645328894,0.2382034631584675,0.1909328460956666
/home/iiitn/Datasets/FaceForensics++/manipulated_sequences/Face2Face/c23/videos/216_164.mp4,1,0.025478527626196252,19.7275731976827,0.2660140347013972,40.123621444702145,17.852369317084783,23.806913627654787,0.39813741184464013,0.04915312861202531
/home/iiitn/Datasets/FaceForensics++/manipulated_sequences/Face2Face/c23/videos/220_219.mp4,1,0.010077645706248278,4.301560494105021,0.06477919747339744,29.957441215515136,33.92933265704057,13.932795930775507,0.0731897624346731,0.08176041239065873
/home/iiitn/Datasets/FaceForensics++/manipulated_sequences/Face2Face/c23/videos/219_220.mp4,1,0.01882690919134692,5.856248619556427,0.15385621417353235,42.46291282653809,39.04245655489366,47.53306543321975,0.19260135374335877,0.12003000577072118
/home/iiitn/Datasets/FaceForensics++/manipulated_sequences/Face2Face/c23/videos/207_908.mp4,1,0.022781380374283948,5.303139437039693,0.0956797411241822,26.824450187683105,18.108623786377734,43.95427636016576,0.2800679432729628,0.10532640830176586
/home/iiitn/Datasets/FaceForensics++/manipulated_sequences/Face2Face/c23/videos/224_197.mp4,1,0.010465544121999282,20.436157706578573,0.13219891563377906,58.98129262288411,22.682124043337698,40.890078238620326,0.08366722565537284,0.1179815697524582
/home/iiitn/Datasets/FaceForensics++/manipulated_sequences/Face2Face/c23/videos/222_168.mp4,1,0.01741318604952685,14.846315097808837,0.11178711370699324,60.91628707885742,13.374872477913195,37.19784119850359,0.3231805315658165,0.14388799858511653
/home/iiitn/Datasets/FaceForensics++/manipulated_sequences/Face2Face/c23/videos/228_289.mp4,1,0.02174569430734488,8.589372121493021,0.2534016882383541,28.26907376607259,37.63541731246307,2.776802369773158,0.09930739077594627,0.10172222604339962
/home/iiitn/Datasets/FaceForensics++/manipulated_sequences/Face2Face/c23/videos/225_151.mp4,1,0.020942447834734777,7.129930834770203,0.09117538671961578,33.74262680053711,49.05130228259391,51.35900281109593,0.2020296770939983,0.08896476092617386
/home/iiitn/Datasets/FaceForensics++/manipulated_sequences/Face2Face/c23/videos/229_247.mp4,1,0.020545627733598793,10.607158644994099,0.11413881480570831,44.194927825927735,44.08697053919499,9.296187079630506,0.19282709691472408,0.019374034600080407
/home/iiitn/Datasets/FaceForensics++/manipulated_sequences/Face2Face/c23/videos/226_491.mp4,1,0.01652412500624987,2.1686874691645306,0.10783471551624702,15.514393660227457,20.096745762073592,58.0928727815688,0.1742041619670972,-0.023405286072448715
/home/iiitn/Datasets/FaceForensics++/manipulated_sequences/Face2Face/c23/videos/231_663.mp4,1,0.012838441308105865,17.50204366048177,0.07600810997398177,54.41195579528809,55.9619924099235,21.85028485372445,0.24057132048977903,0.05607463018718914
/home/iiitn/Datasets/FaceForensics++/manipulated_sequences/Face2Face/c23/videos/217_117.mp4,1,0.023894186436130317,3.635944412858694,0.36378142309608374,24.572402403658668,36.55770125618259,17.484149760326442,0.21527770240002647,0.1332219479841163
/home/iiitn/Datasets/FaceForensics++/manipulated_sequences/Face2Face/c23/videos/227_169.mp4,1,0.01630644189297949,12.575780504544577,0.2203252503346269,80.7475168355306,15.777909851532591,50.30732347712109,0.26413411682478216,0.1416622527706495
/home/iiitn/Datasets/FaceForensics++/manipulated_sequences/Face2Face/c23/videos/232_248.mp4,1,0.01834665201921992,11.652007217407226,0.1146840127406068,51.38853065490723,23.14338400998982,54.255275651116946,0.0757084791630102,0.03968951749966215
/home/iiitn/Datasets/FaceForensics++/manipulated_sequences/Face2Face/c23/videos/223_586.mp4,1,0.01622157573823392,2.481474200884501,0.12803413204869984,20.852712071736654,10.958642521858673,72.60134828045933,0.17377252031248797,0.09251203052219166
/home/iiitn/Datasets/FaceForensics++/manipulated_sequences/Face2Face/c23/videos/230_204.mp4,1,0.012259569301441328,2.4314224171638488,0.10334070582472776,20.312189343770346,16.21443797824572,60.073769631227165,0.41989657245340223,0.2576335855971971
/home/iiitn/Datasets/FaceForensics++/manipulated_sequences/Face2Face/c23/videos/235_194.mp4,1,0.027907238346990573,15.291790138880412,0.2487823612150747,41.15165687561035,33.6795744768218,12.111624412783252,0.1441442187703338,0.09063253148049119
/home/iiitn/Datasets/FaceForensics++/manipulated_sequences/Face2Face/c23/videos/236_237.mp4,1,0.015006367438018808,24.885598576863607,0.0802481281873394,50.37679486592611,35.17150192970962,43.523852158721105,0.17009652735124456,-0.0013974494520896177
/home/iiitn/Datasets/FaceForensics++/manipulated_sequences/Face2Face/c23/videos/238_282.mp4,1,0.011986334623600747,28.5535227394104,0.08574280962994763,63.12409917195638,18.618362752917534,11.140126559613336,0.2235065082115242,0.039623813614456146
/home/iiitn/Datasets/FaceForensics++/manipulated_sequences/Face2Face/c23/videos/233_995.mp4,1,0.022070986948127765,45.583990810679744,0.05943260165875863,58.1927074510224,29.924092677442818,36.304905702791956,0.4460523826578586,0.3989093416365861
/home/iiitn/Datasets/FaceForensics++/manipulated_sequences/Face2Face/c23/videos/239_218.mp4,1,0.018300676524577487,19.847325127919515,0.07102177858537873,40.56856501261393,9.419183231817815,59.64661199960991,0.15442894060882745,0.11479854214402775
/home/iiitn/Datasets/FaceForensics++/manipulated_sequences/Face2Face/c23/videos/240_290.mp4,1,0.015566813866327543,24.68434196472168,0.12925848467464163,54.35239082336426,18.881191041729593,76.45189921709212,0.12397162143950244,0.12125262291718451
/home/iiitn/Datasets/FaceForensics++/manipulated_sequences/Face2Face/c23/videos/242_182.mp4,1,0.01910686350235561,15.213953348795572,0.2801934331915449,33.6946462504069,2.680664944771583,3.254989907727955,0.11764974776242275,0.10909750400927405
/home/iiitn/Datasets/FaceForensics++/manipulated_sequences/Face2Face/c23/videos/234_187.mp4,1,0.01712553725969535,1.9937149647871653,0.14498406741391523,24.28594149271647,3.2071599946768106,91.18697751288778,0.1290221003188514,-0.0652790546285655
/home/iiitn/Datasets/FaceForensics++/manipulated_sequences/Face2Face/c23/videos/241_210.mp4,1,0.014181125361112655,8.036997798283895,0.09886507845601611,39.214695332845054,22.565676975698842,47.07673447779738,0.4294619880028933,0.1897117159994468
/home/iiitn/Datasets/FaceForensics++/manipulated_sequences/Face2Face/c23/videos/245_157.mp4,1,0.011661383391847767,34.96660519917806,0.11186050738084896,65.37518590291342,20.738870159597536,37.43693081870542,0.12723931763946664,-0.009405234599045964
/home/iiitn/Datasets/FaceForensics++/manipulated_sequences/Face2Face/c23/videos/247_229.mp4,1,0.022808836650298342,29.515280386606854,0.18081048182152515,54.04748591105143,25.88030923812437,36.0677626053698,0.19064466873524677,0.10971091287894749
/home/iiitn/Datasets/FaceForensics++/manipulated_sequences/Face2Face/c23/videos/243_156.mp4,1,0.013715347101448339,4.4069793342558805,0.10068282905202308,47.2505206273607,7.584159321539498,53.04959453184583,0.25811644861565197,0.15273999746572195
/home/iiitn/Datasets/FaceForensics++/manipulated_sequences/Face2Face/c23/videos/246_258.mp4,1,0.020273792632694382,4.038643871943156,0.09584034028673816,26.423047014872232,17.718331047178456,42.26668149165995,0.1818277564930527,0.050478123839695355
/home/iiitn/Datasets/FaceForensics++/manipulated_sequences/Face2Face/c23/videos/249_280.mp4,1,0.018981422843690515,8.349839487075805,0.15083142464402877,45.47085922241211,7.20853656315075,27.1472054165709,0.14006079242874017,0.01034070911516655
/home/iiitn/Datasets/FaceForensics++/manipulated_sequences/Face2Face/c23/videos/244_822.mp4,1,0.017486581923875772,3.3501418733596804,0.10541929377621884,23.795601247151694,31.777476446465275,84.03093288030539,0.16431844069589827,0.17835224497839255
/home/iiitn/Datasets/FaceForensics++/manipulated_sequences/Face2Face/c23/videos/252_266.mp4,1,0.009923155605491495,24.68612185160319,0.06277023054640007,57.963250885009764,23.500056816019818,9.325181689445861,0.15841265246249453,0.11964237500287901
/home/iiitn/Datasets/FaceForensics++/manipulated_sequences/Face2Face/c23/videos/248_232.mp4,1,0.02760648553791099,12.252311871846517,0.1627464918029654,40.09933400472005,30.59434819414318,20.895270224550167,0.15778748539113538,0.011222337754059385
/home/iiitn/Datasets/FaceForensics++/manipulated_sequences/Face2Face/c23/videos/253_183.mp4,1,0.009034868895163774,2.009741687774658,0.023709864909460587,24.87883227030436,29.79155251507508,55.188986046559606,0.31419131821524215,0.24682843961735734
/home/iiitn/Datasets/FaceForensics++/manipulated_sequences/Face2Face/c23/videos/250_461.mp4,1,0.02250614489996296,4.575382317701975,0.13807299953332453,32.40080104827881,7.819037238644569,104.50577927635064,0.32913484510282887,0.09851108075473235
/home/iiitn/Datasets/FaceForensics++/manipulated_sequences/Face2Face/c23/videos/257_420.mp4,1,0.008918274850778486,30.482634353637696,0.08720537030309983,59.54813738505045,25.515737244169415,25.993729064380183,0.2517497297357554,0.09399865461817355
/home/iiitn/Datasets/FaceForensics++/manipulated_sequences/Face2Face/c23/videos/259_345.mp4,1,0.009639621289387298,24.047043793996174,0.0897258700199205,37.04064205169678,29.17343119170814,64.41068513968268,0.031266327667122264,0.09625201413561937
/home/iiitn/Datasets/FaceForensics++/manipulated_sequences/Face2Face/c23/videos/251_375.mp4,1,0.024559951063213795,2.5651855127016705,0.18936265475701486,34.524887021382646,27.3164689633148,39.28691260999608,0.18569219137629328,-0.09707593325440596
/home/iiitn/Datasets/FaceForensics++/manipulated_sequences/Face2Face/c23/videos/255_214.mp4,1,0.01878274009330152,2.7775896906852724,0.13718587034864205,33.34726833343506,5.8412803595026555,60.23895157223907,0.07694009277079844,0.20611442447864295
/home/iiitn/Datasets/FaceForensics++/manipulated_sequences/Face2Face/c23/videos/260_331.mp4,1,0.023499499425902053,4.0729465500513715,0.09814033308705683,34.64338232676188,30.84141915922269,17.952702064738727,0.1968818833438098,0.09516370173893685
/home/iiitn/Datasets/FaceForensics++/manipulated_sequences/Face2Face/c23/videos/261_254.mp4,1,0.01859140775781793,49.75221454620361,0.09921087282094088,80.50308064778646,25.32474111633429,80.59340553333367,0.09254180446428188,0.0021804134586050307
/home/iiitn/Datasets/FaceForensics++/manipulated_sequences/Face2Face/c23/videos/256_146.mp4,1,0.023543564887201284,2.530466276804606,0.18455879662161678,24.037961031595867,15.174950423204962,2.0771712841500274,0.4165948869823714,0.12001268708070344
/home/iiitn/Datasets/FaceForensics++/manipulated_sequences/Face2Face/c23/videos/258_246.mp4,1,0.017619333417189863,8.120685958862305,0.10526429334298915,42.65453712463379,30.17814252930669,34.029964287019936,0.28621171175448945,0.14866582630158423
/home/iiitn/Datasets/FaceForensics++/manipulated_sequences/Face2Face/c23/videos/262_301.mp4,1,0.012675569281088926,13.545835625330607,0.18152111691848416,64.10735671997071,13.943036045336376,29.704843007117574,0.28324392000263643,0.04845047477250075
/home/iiitn/Datasets/FaceForensics++/manipulated_sequences/Face2Face/c23/videos/264_271.mp4,1,0.02769589558293356,32.13387612024943,0.20960235431020513,58.854004567464195,48.54553094125314,4.49784083458723,0.01828909085121276,0.03662842472592363
/home/iiitn/Datasets/FaceForensics++/manipulated_sequences/Face2Face/c23/videos/266_252.mp4,1,0.013418996076559766,4.289758944511414,0.19605659834433797,24.518078918457032,33.2089075255098,10.689870677686297,0.11234135306495853,-0.039296481256188925
/home/iiitn/Datasets/FaceForensics++/manipulated_sequences/Face2Face/c23/videos/268_269.mp4,1,0.017763059808684475,22.564731737772625,0.09590959607355432,52.505209884643556,29.658637584204566,17.62958293853775,-0.016701280164110856,-0.009347633034261083
/home/iiitn/Datasets/FaceForensics++/manipulated_sequences/Face2Face/c23/videos/263_284.mp4,1,0.010838496698336446,0.8029545178016027,0.10614091350468269,14.644196898142496,8.367475182058339,53.363217564678976,0.09351704571427785,-0.09909939599845959
/home/iiitn/Datasets/FaceForensics++/manipulated_sequences/Face2Face/c23/videos/270_297.mp4,1,0.01616861436780129,25.34989730834961,0.12482043140777144,53.18341710408529,14.500927396792765,52.468691167816814,0.036160159486369414,-0.0002825261802406929
/home/iiitn/Datasets/FaceForensics++/manipulated_sequences/Face2Face/c23/videos/271_264.mp4,1,0.017027851717782663,61.15080324808756,0.12239147854884835,89.07906580607096,21.948638135028638,19.482623411490337,0.20093624807356428,-0.0701827347209157
/home/iiitn/Datasets/FaceForensics++/manipulated_sequences/Face2Face/c23/videos/267_286.mp4,1,0.010940211624827448,4.3662098757425944,0.1357260804072995,23.51652608235677,2.936119774551929,85.3391515794866,0.12461503357570355,0.18405809278459942
/home/iiitn/Datasets/FaceForensics++/manipulated_sequences/Face2Face/c23/videos/275_887.mp4,1,0.01937764796206866,6.544418163299561,0.054259671104979645,40.01857037862142,6.653691659909098,108.55379385089543,0.23456188284204432,0.11664019026602446
/home/iiitn/Datasets/FaceForensics++/manipulated_sequences/Face2Face/c23/videos/269_268.mp4,1,0.01756930783058556,17.577620487213135,0.13560435682352856,48.87413770039876,42.67971260811189,20.19539336756665,0.6067814456329459,0.11478719088587458
/home/iiitn/Datasets/FaceForensics++/manipulated_sequences/Face2Face/c23/videos/265_475.mp4,1,0.021363512557100037,0.5077515381574631,0.16338577630438844,11.04748945871989,20.742906932207067,62.53073944748428,0.2190044320220218,0.06479935806353904
/home/iiitn/Datasets/FaceForensics++/manipulated_sequences/Face2Face/c23/videos/276_185.mp4,1,0.008691745089057727,1.9552148111661276,0.058098047794839625,32.71166929880778,20.25936028326789,68.36624123004339,0.1271235584342299,0.017646638200861285
/home/iiitn/Datasets/FaceForensics++/manipulated_sequences/Face2Face/c23/videos/272_396.mp4,1,0.017955730117482506,7.124927180608114,0.21269492327083594,49.44886540730794,35.91426254347767,9.680598536083235,0.24818212940037598,0.061787016909145405
/home/iiitn/Datasets/FaceForensics++/manipulated_sequences/Face2Face/c23/videos/278_306.mp4,1,0.018941265459462953,42.61463734944662,0.11494444407824189,68.91940844217936,24.5860694563554,28.179011666928247,0.15854081079358132,0.06390664617931127
/home/iiitn/Datasets/FaceForensics++/manipulated_sequences/Face2Face/c23/videos/273_807.mp4,1,0.037371262985315734,2.7350093706448875,0.13529525018236999,18.50930159886678,33.711847430999406,57.676921679089965,0.18749993799692083,0.22805361217094205
/home/iiitn/Datasets/FaceForensics++/manipulated_sequences/Face2Face/c23/videos/274_412.mp4,1,0.010930940778159388,8.32693031946818,0.031885067846164517,27.90131832122803,6.812860813670654,19.481243087361516,0.0647931737526298,0.03268542727298369
/home/iiitn/Datasets/FaceForensics++/manipulated_sequences/Face2Face/c23/videos/279_298.mp4,1,0.02630876841164135,46.16009911855062,0.16239269739652507,73.37106569925945,32.951962610646056,47.22663190090944,0.2735623854842523,0.2635320117088395
/home/iiitn/Datasets/FaceForensics++/manipulated_sequences/Face2Face/c23/videos/277_335.mp4,1,0.0070801113299291,2.4914055530230206,0.033936560482806466,26.13930425008138,38.94990866161098,8.965186685654697,0.2331661117903984,0.14996521249721512
/home/iiitn/Datasets/FaceForensics++/manipulated_sequences/Face2Face/c23/videos/283_313.mp4,1,0.005489168644678352,3.789322198232015,0.07402122878340223,25.650910975138345,39.834519363499666,16.12443138397126,0.06583071589986655,-0.04173333780565256
/home/iiitn/Datasets/FaceForensics++/manipulated_sequences/Face2Face/c23/videos/280_249.mp4,1,0.01288311595700932,1.7833556373914083,0.08361275101959376,32.77960194905599,54.31962429691642,28.50418330174427,0.5172090011100319,0.28356629629732133
/home/iiitn/Datasets/FaceForensics++/manipulated_sequences/Face2Face/c23/videos/282_238.mp4,1,0.010727415316396701,30.86469880104065,0.13255624458867588,65.1900168355306,22.087204146097097,7.150127179246371,0.31042506875132286,-0.10232335808329253
/home/iiitn/Datasets/FaceForensics++/manipulated_sequences/Face2Face/c23/videos/288_321.mp4,1,0.01080686321269072,12.868512070973715,0.07042979117767423,56.86868064880371,29.143788490973893,9.043844559746255,0.20940665320015064,0.02370971312982003
/home/iiitn/Datasets/FaceForensics++/manipulated_sequences/Face2Face/c23/videos/286_267.mp4,1,0.01823592492646106,2.5656666445732115,0.08771017716765372,27.355578740437824,13.925534433854898,51.94060411065213,0.2149781396820738,0.22304969418775128
/home/iiitn/Datasets/FaceForensics++/manipulated_sequences/Face2Face/c23/videos/289_228.mp4,1,0.014506839254881169,5.394343283971151,0.07200670999535597,21.240180892944338,28.6864997738509,41.801255237836365,0.05458821643297876,0.08425658477318686
/home/iiitn/Datasets/FaceForensics++/manipulated_sequences/Face2Face/c23/videos/287_426.mp4,1,0.01631426151325041,0.7436895795663198,0.21500694300770906,15.385019830067952,9.288060254284513,14.149378468443986,0.08604366010937536,0.009067633339072628
/home/iiitn/Datasets/FaceForensics++/manipulated_sequences/Face2Face/c23/videos/285_136.mp4,1,0.024063804698667847,9.203115762074788,0.2362634327113644,35.43644214630127,17.12357956249749,79.81917713364658,0.15485154637251775,0.06845414135837924
/home/iiitn/Datasets/FaceForensics++/manipulated_sequences/Face2Face/c23/videos/293_296.mp4,1,0.01395622187295672,9.239419377644857,0.05413435545456091,36.9268995920817,29.26928775570288,23.89150543645385,0.1339782300322252,-0.04556822824234849
/home/iiitn/Datasets/FaceForensics++/manipulated_sequences/Face2Face/c23/videos/290_240.mp4,1,0.014075126908127946,3.9990006415049235,0.26561320470423766,42.20555658976237,36.265952404204135,63.62216710198375,0.23621194436755838,0.15845339828229052
/home/iiitn/Datasets/FaceForensics++/manipulated_sequences/Face2Face/c23/videos/284_263.mp4,1,0.015687021142275437,2.6906400299072266,0.07954664066228523,18.46157886505127,3.0671908807480985,78.20666259786759,0.23781103447586946,0.1489454636791438
/home/iiitn/Datasets/FaceForensics++/manipulated_sequences/Face2Face/c23/videos/294_292.mp4,1,0.01647737677930314,5.861897493998209,0.10113027690583265,32.32484190622966,20.363246655502838,66.92464120598544,0.01874329729398282,-0.07364720196128079
/home/iiitn/Datasets/FaceForensics++/manipulated_sequences/Face2Face/c23/videos/297_270.mp4,1,0.00932532276981937,8.699283752441406,0.06238677702081519,36.5063853708903,18.3896588392937,5.660003691613763,0.12586183679735097,0.02931642673196604
/home/iiitn/Datasets/FaceForensics++/manipulated_sequences/Face2Face/c23/videos/292_294.mp4,1,0.022110199260857066,6.1054682278633114,0.14574108909353922,33.231880073547366,28.462660148821183,30.956395173937537,0.4105418785363219,0.17535360306776313
/home/iiitn/Datasets/FaceForensics++/manipulated_sequences/Face2Face/c23/videos/296_293.mp4,1,0.013146959007320548,9.623816655476888,0.08178788202755505,45.05947186787923,12.394001967376893,51.16742309991125,0.09207527300351641,0.0705618402324939
/home/iiitn/Datasets/FaceForensics++/manipulated_sequences/Face2Face/c23/videos/299_145.mp4,1,0.012767521594490147,7.5174993848800655,0.11272224275482612,43.23707504272461,26.20681603851022,47.3588320874782,0.626187241222862,0.2709201821490938
/home/iiitn/Datasets/FaceForensics++/manipulated_sequences/Face2Face/c23/videos/298_279.mp4,1,0.01106042975625374,10.157332297960917,0.17228116551125516,27.602108662923175,30.758370476418023,41.25509010435628,0.22762141660027257,0.12459763536189448
/home/iiitn/Datasets/FaceForensics++/manipulated_sequences/Face2Face/c23/videos/301_262.mp4,1,0.012567957834852886,28.381944173177082,0.0893078361348113,62.84622306823731,23.633343540819467,64.38282784062933,0.16037676428676123,-0.05081786210437153
/home/iiitn/Datasets/FaceForensics++/manipulated_sequences/Face2Face/c23/videos/300_304.mp4,1,0.015120191293304821,16.02241605758667,0.14538183652659364,33.29600554148356,47.00048672705208,45.69341430477576,0.11841800658996456,-0.04384792109339184
/home/iiitn/Datasets/FaceForensics++/manipulated_sequences/Face2Face/c23/videos/291_874.mp4,1,0.018932843235949032,0.8940522402524949,0.15361892369356955,14.197575880686442,12.15496513199182,33.55452913596322,0.28041466594736886,0.12826341317915999
/home/iiitn/Datasets/FaceForensics++/manipulated_sequences/Face2Face/c23/videos/302_323.mp4,1,0.016728471211691614,18.544842109680175,0.08081677944646293,39.49186058044434,14.834781911916537,27.764197481029804,0.28487575992165026,-0.007164537603201225
/home/iiitn/Datasets/FaceForensics++/manipulated_sequences/Face2Face/c23/videos/306_278.mp4,1,0.007253807589459283,9.842062282562257,0.06093129696465871,49.810793024698896,40.70690308983114,30.225342209569565,0.1682194129420852,0.12305425623160605
/home/iiitn/Datasets/FaceForensics++/manipulated_sequences/Face2Face/c23/videos/304_300.mp4,1,0.012029659267937066,21.92324188232422,0.11798491252782017,62.587078908284504,18.384594032692263,37.114487940077225,0.17950236768685568,-0.014235271064065209
/home/iiitn/Datasets/FaceForensics++/manipulated_sequences/Face2Face/c23/videos/303_309.mp4,1,0.02140205809672052,21.786700038909913,0.14501566141672095,45.47672729492187,22.806113623871006,25.275389203221017,0.0895881324788347,-0.018108995051019657
/home/iiitn/Datasets/FaceForensics++/manipulated_sequences/Face2Face/c23/videos/307_365.mp4,1,0.011676594505671432,4.107513509591421,0.04932660983835668,45.231817957560224,45.523600933895985,3.7321253722982086,0.3742613046171356,0.29121337466897684
/home/iiitn/Datasets/FaceForensics++/manipulated_sequences/Face2Face/c23/videos/309_303.mp4,1,0.01668520217718816,25.82383087793986,0.07984093329543962,65.50217203776042,10.48876140402633,50.4695331671324,0.1968655579014903,0.09289317486080625
/home/iiitn/Datasets/FaceForensics++/manipulated_sequences/Face2Face/c23/videos/312_021.mp4,1,0.01883961569864026,45.908447672526044,0.06842683803577743,61.894287516276044,30.215043315171375,23.199877330709175,0.16354573655834817,0.231845387587881
/home/iiitn/Datasets/FaceForensics++/manipulated_sequences/Face2Face/c23/videos/305_513.mp4,1,0.009383579689883757,0.9991640714804332,0.04425967047069457,33.62399859110514,26.036433237343154,7.992528196475091,0.26647053130246573,0.18514848267197806
/home/iiitn/Datasets/FaceForensics++/manipulated_sequences/Face2Face/c23/videos/295_099.mp4,1,0.02119277547369271,0.7139059692621231,0.16708655143832896,10.760925051371256,10.475939740761099,69.35667023365231,0.18272450403690538,0.008515991259179605
/home/iiitn/Datasets/FaceForensics++/manipulated_sequences/Face2Face/c23/videos/315_322.mp4,1,0.020390984812241466,3.8109886837005615,0.06175870079578849,40.12953941345215,3.542857355450329,41.69752307806174,0.10798788928871882,0.13200473311461544
/home/iiitn/Datasets/FaceForensics++/manipulated_sequences/Face2Face/c23/videos/311_387.mp4,1,0.01979625758381222,4.30389880100886,0.226839612432708,26.130567932128905,31.12063240100695,41.12619876604766,0.37169530644582344,0.25615969993369764
/home/iiitn/Datasets/FaceForensics++/manipulated_sequences/Face2Face/c23/videos/316_369.mp4,1,0.019368926472059962,10.033131348292033,0.11401053547534068,32.347664260864256,15.874289877607334,61.29455533975871,0.055232559148117324,-0.02820429539081748
/home/iiitn/Datasets/FaceForensics++/manipulated_sequences/Face2Face/c23/videos/313_283.mp4,1,0.008763659823384068,21.001240297953288,0.1316792305085881,62.05807245890299,18.82448704733624,62.70344841730347,0.36468163490619643,0.11772932380460453
/home/iiitn/Datasets/FaceForensics++/manipulated_sequences/Face2Face/c23/videos/310_196.mp4,1,0.024835878225818855,11.038554747899374,0.043920444038170636,51.90089902242025,5.06123393744469,27.230282627172794,-0.09701535702251889,-0.12332801914728908
/home/iiitn/Datasets/FaceForensics++/manipulated_sequences/Face2Face/c23/videos/308_388.mp4,1,0.02004593184341826,5.062024978001912,0.11506095711050446,41.40270521799723,40.178163184618846,51.65756646758628,0.06098971138964807,0.12904332135795848
/home/iiitn/Datasets/FaceForensics++/manipulated_sequences/Face2Face/c23/videos/317_359.mp4,1,0.014524479402347693,10.143868633906047,0.11428816209392678,43.26840596516927,1.5921938124112684,61.96786814488225,0.13242510732830676,-0.00766947130233191
/home/iiitn/Datasets/FaceForensics++/manipulated_sequences/Face2Face/c23/videos/319_352.mp4,1,0.011467698319530114,17.68219214121501,0.07818277127850992,43.97251688639323,28.722034141754115,24.26649164138292,0.10975278400478239,0.14612125809570803
/home/iiitn/Datasets/FaceForensics++/manipulated_sequences/Face2Face/c23/videos/321_288.mp4,1,0.014459788125951722,17.948234780629477,0.09082505582231026,65.30228332519532,34.83248360891122,32.107498373265074,0.1860509547446672,0.11138876558991048
/home/iiitn/Datasets/FaceForensics++/manipulated_sequences/Face2Face/c23/videos/314_347.mp4,1,0.008576466598162967,2.9676626205444334,0.058120541367632894,30.482833099365234,32.0360727218892,49.832584255353396,0.21227369910178215,0.08976818967917193
/home/iiitn/Datasets/FaceForensics++/manipulated_sequences/Face2Face/c23/videos/323_302.mp4,1,0.02004334882058257,30.823483975728355,0.22706062731109022,63.287817509969074,1.893993967321613,50.40546344958584,0.26722579522250334,0.10429837943924741
/home/iiitn/Datasets/FaceForensics++/manipulated_sequences/Face2Face/c23/videos/318_334.mp4,1,0.015090626036480162,23.35468484242757,0.13677707926793814,55.55498011271159,33.34863372894873,11.760801275872973,0.6096158645052394,0.19741852931640128
/home/iiitn/Datasets/FaceForensics++/manipulated_sequences/Face2Face/c23/videos/324_356.mp4,1,0.01878483630228982,17.344435402552286,0.10802254644744935,54.879591420491536,32.80822556166477,53.104746977441174,0.28401330553949206,-0.05877541088606618
/home/iiitn/Datasets/FaceForensics++/manipulated_sequences/Face2Face/c23/videos/322_315.mp4,1,0.012910678722515419,6.305315515200297,0.06326170254559982,29.04739397684733,8.366046694870908,90.52949912155357,0.15195286634365593,0.08501192543660982
/home/iiitn/Datasets/FaceForensics++/manipulated_sequences/Face2Face/c23/videos/320_328.mp4,1,0.014014193001785951,2.0079456408818563,0.08840407621912638,28.4923934173584,32.03872539735934,36.04992881346944,0.24119664491414933,0.14009824190681092
/home/iiitn/Datasets/FaceForensics++/manipulated_sequences/Face2Face/c23/videos/326_501.mp4,1,0.011510788205793019,7.971125520070394,0.09624210476421247,42.53913251241048,22.08454555644356,54.32085983116111,0.18293562747487754,0.014991516126861122
/home/iiitn/Datasets/FaceForensics++/manipulated_sequences/Face2Face/c23/videos/327_329.mp4,1,0.0123656539730343,37.060644912719724,0.04606243452845671,60.884427846272786,10.770405550566444,60.844850822798385,0.17286115433065558,0.04857254043416641
/home/iiitn/Datasets/FaceForensics++/manipulated_sequences/Face2Face/c23/videos/329_327.mp4,1,0.00937595528920791,11.826967926025391,0.05574540256325711,62.10836652119954,28.305618998052935,45.04619753136227,0.3144577791519408,0.17064927961794357
/home/iiitn/Datasets/FaceForensics++/manipulated_sequences/Face2Face/c23/videos/334_318.mp4,1,0.01748009148283941,26.7648743502299,0.10006409337649724,78.43049077351888,37.977792733220646,35.32613616151017,0.1881581716380457,0.18122464070211924
/home/iiitn/Datasets/FaceForensics++/manipulated_sequences/Face2Face/c23/videos/325_492.mp4,1,0.012798099080833862,4.4461332670847575,0.08469211998797255,23.84629185994466,42.57699103021751,11.002332488300647,0.1373227172791568,-0.02648952984384257
/home/iiitn/Datasets/FaceForensics++/manipulated_sequences/Face2Face/c23/videos/333_377.mp4,1,0.008070644826227226,37.43514414469401,0.057119150682549136,61.41572835286458,46.20868375172487,6.614967968998491,0.11402728561178802,0.0733629259511243
/home/iiitn/Datasets/FaceForensics++/manipulated_sequences/Face2Face/c23/videos/331_260.mp4,1,0.022384032659872925,33.10450300216675,0.16186341648421454,44.870264587402346,52.10856114159309,40.270993411911284,0.07014242000213053,-0.0038953803211452167
/home/iiitn/Datasets/FaceForensics++/manipulated_sequences/Face2Face/c23/videos/330_162.mp4,1,0.011694095745073541,2.0162852716445925,0.12044898133711857,22.12883104960124,1.5965490895152958,32.12550616657997,0.1172589253146389,0.07508268038777845
/home/iiitn/Datasets/FaceForensics++/manipulated_sequences/Face2Face/c23/videos/328_320.mp4,1,0.023299021839524692,2.3632186512152353,0.32957193698222886,31.617490870157877,4.157729439154599,43.67870514036591,-0.06665211710437845,-0.0978713347637299
/home/iiitn/Datasets/FaceForensics++/manipulated_sequences/Face2Face/c23/videos/338_336.mp4,1,0.02158847538759423,20.830215276082356,0.1279206014614005,52.99408696492513,26.84121123152273,74.3883002127595,0.17239944162368007,-0.004560345942512701
/home/iiitn/Datasets/FaceForensics++/manipulated_sequences/Face2Face/c23/videos/332_051.mp4,1,0.013979661424832219,2.057570592164993,0.06583900014089783,27.011164881388346,42.218069579187095,32.4684357558541,0.17290475265577177,0.15994823116184761
/home/iiitn/Datasets/FaceForensics++/manipulated_sequences/Face2Face/c23/videos/337_522.mp4,1,0.011242299350359008,8.077664103507995,0.20405460995025626,49.859649861653644,35.70494682578525,67.91214188840017,0.31772810748255526,0.14700525663265612
/home/iiitn/Datasets/FaceForensics++/manipulated_sequences/Face2Face/c23/videos/336_338.mp4,1,0.023145047702883576,17.785684989293415,0.09768873500845221,51.52355461120605,2.0886602193586707,55.082524820314305,0.5616031016145258,0.32941607128901534
/home/iiitn/Datasets/FaceForensics++/manipulated_sequences/Face2Face/c23/videos/343_363.mp4,1,0.006658351613466311,6.640534539222717,0.08911465828060361,25.41115613301595,38.86789523939849,18.99695477064912,0.15119707277559985,0.07856924672024657
/home/iiitn/Datasets/FaceForensics++/manipulated_sequences/Face2Face/c23/videos/345_259.mp4,1,0.015385316097125217,22.0925035572052,0.0457030399011743,45.377033971150716,34.321840704940335,18.04554221832546,0.14491972406106465,0.07170219262540685
/home/iiitn/Datasets/FaceForensics++/manipulated_sequences/Face2Face/c23/videos/339_392.mp4,1,0.029007168228780942,5.979378256797791,0.18153915932363351,47.06851448059082,13.193294867507618,67.96841745070172,0.23867052673180542,0.2107954404220114
/home/iiitn/Datasets/FaceForensics++/manipulated_sequences/Face2Face/c23/videos/341_340.mp4,1,0.015470406235998177,2.3670774777730306,0.06900544198240244,26.78917170206706,27.371564677966187,103.12203843225738,0.2841218728456759,0.1902284076481038
/home/iiitn/Datasets/FaceForensics++/manipulated_sequences/Face2Face/c23/videos/346_351.mp4,1,0.010235376317013392,10.465141814549764,0.08903041793333821,39.81205525716146,34.15397363102516,1.0175341491388445,0.12347217671499142,0.10531219865981074
/home/iiitn/Datasets/FaceForensics++/manipulated_sequences/Face2Face/c23/videos/344_020.mp4,1,0.008538975807071938,0.2369167748093605,0.02784905031216911,7.1352348677317305,63.941888538810865,62.959823197722656,0.2727369862878755,0.006428511856047055
/home/iiitn/Datasets/FaceForensics++/manipulated_sequences/Face2Face/c23/videos/342_416.mp4,1,0.024297226780487024,7.485786453882853,0.09219476446423258,47.101417287190756,23.939731452912643,17.935479941059818,0.2913560740963758,0.22649242635261294
/home/iiitn/Datasets/FaceForensics++/manipulated_sequences/Face2Face/c23/videos/335_277.mp4,1,0.019464469114569147,2.9668343249956766,0.21387108308483094,19.875143973032632,50.5585796294523,12.148196093368549,0.017285784844390077,-0.025804944133387794
/home/iiitn/Datasets/FaceForensics++/manipulated_sequences/Face2Face/c23/videos/348_202.mp4,1,0.011896185428679543,43.33457089106242,0.06858698493476245,57.57292538960775,42.58212349047637,18.769054700251836,0.04254130251241355,0.13819064734750097
/home/iiitn/Datasets/FaceForensics++/manipulated_sequences/Face2Face/c23/videos/347_314.mp4,1,0.01471978817450478,4.989905610084533,0.054287831432229594,34.651886266072594,29.3031210015955,6.567830280515946,0.20820749371896505,0.157398960910338
/home/iiitn/Datasets/FaceForensics++/manipulated_sequences/Face2Face/c23/videos/350_349.mp4,1,0.01410830611841034,9.821144739786783,0.12500742051515779,40.93882756551107,11.488497203649349,10.28899148334542,0.19848029427409772,0.1216655061091636
/home/iiitn/Datasets/FaceForensics++/manipulated_sequences/Face2Face/c23/videos/351_346.mp4,1,0.012727876816862722,13.359720428784689,0.1543584652949178,42.87028612772624,16.266522885312302,67.55395620243345,0.004802939672680486,0.043370307462997124
/home/iiitn/Datasets/FaceForensics++/manipulated_sequences/Face2Face/c23/videos/352_319.mp4,1,0.016683205579152344,6.464677174091339,0.28068005958122155,27.939191246032713,36.290419398840434,36.68845837996738,0.16752396234321804,0.054947650014386056
/home/iiitn/Datasets/FaceForensics++/manipulated_sequences/Face2Face/c23/videos/349_350.mp4,1,0.018528595244644754,33.298293622334796,0.0754162590822498,61.00208572387695,40.86572154121088,61.85233281107271,0.11338940326916616,0.13504282073747073
/home/iiitn/Datasets/FaceForensics++/manipulated_sequences/Face2Face/c23/videos/353_383.mp4,1,0.018923826647678207,4.130251971880595,0.09367756550713768,21.06468079884847,23.159237655683324,59.70673960674199,-0.04552569046951265,-0.06387058878223986
/home/iiitn/Datasets/FaceForensics++/manipulated_sequences/Face2Face/c23/videos/357_432.mp4,1,0.017176877436845612,5.54935864130656,0.05345180546134898,28.576258125305177,29.521482199937285,13.365740196160871,0.10176340635259484,0.11695498206380014
/home/iiitn/Datasets/FaceForensics++/manipulated_sequences/Face2Face/c23/videos/359_317.mp4,1,0.016774813488326157,8.653763566017151,0.06521900600258557,40.17761993408203,4.932633974224791,4.109846300572637,0.13696204983111476,-0.02437330227512246
/home/iiitn/Datasets/FaceForensics++/manipulated_sequences/Face2Face/c23/videos/354_362.mp4,1,0.018162690407612477,3.162636505762736,0.18073043718139958,25.001500295003254,10.432031084012312,17.488524866645587,0.19779302811597624,0.2391378657230501
/home/iiitn/Datasets/FaceForensics++/manipulated_sequences/Face2Face/c23/videos/358_380.mp4,1,0.01651763922200677,5.062205982208252,0.11921298290813265,21.936608492533367,24.23112433440656,39.65006087622906,0.1632134810330822,0.0518967702896625
/home/iiitn/Datasets/FaceForensics++/manipulated_sequences/Face2Face/c23/videos/340_341.mp4,1,0.014892165055766475,1.1615113508701325,0.12375598525111742,24.518074124654134,34.53473857640994,88.84600696050262,0.17048746581518529,0.08833237564833979
/home/iiitn/Datasets/FaceForensics++/manipulated_sequences/Face2Face/c23/videos/363_343.mp4,1,0.012345933178737332,13.086283578872681,0.03144268077133994,44.22878916422526,47.697689155815034,8.689238663815768,0.08742658960592435,0.1425806183102687
/home/iiitn/Datasets/FaceForensics++/manipulated_sequences/Face2Face/c23/videos/364_440.mp4,1,0.020802228097607373,8.600934756596883,0.08175401935621851,26.281843808492024,32.37126004335387,49.644329853086184,-0.02767905938095128,-0.10979261371884323
/home/iiitn/Datasets/FaceForensics++/manipulated_sequences/Face2Face/c23/videos/365_307.mp4,1,0.009225387288216074,41.21929035186768,0.06469497710511729,66.58266006469727,27.86851070619319,19.627057653624796,0.20629654564623642,-0.007803033783026027
/home/iiitn/Datasets/FaceForensics++/manipulated_sequences/Face2Face/c23/videos/360_437.mp4,1,0.015823978590837635,1.257777103583018,0.1791134399005495,15.459579245249431,25.072542951802344,58.97194043546042,0.21448588934349094,0.055576854363185595
/home/iiitn/Datasets/FaceForensics++/manipulated_sequences/Face2Face/c23/videos/366_473.mp4,1,0.019234010681241927,40.67679074605306,0.12450921191437514,85.94685022989908,29.826085682458544,78.14738355096367,0.21830411612433495,0.0244431873094961
/home/iiitn/Datasets/FaceForensics++/manipulated_sequences/Face2Face/c23/videos/361_448.mp4,1,0.01766947409431397,1.9065252717336019,0.1790841914203375,26.583646596272786,15.593674564256343,4.267936752467208,0.4052144405130854,0.31676670070114116
/home/iiitn/Datasets/FaceForensics++/manipulated_sequences/Face2Face/c23/videos/362_354.mp4,1,0.021213946441910214,4.125881692568461,0.10462277408159792,37.49535659790039,3.266107965914476,79.2862569252956,0.20401783751167915,0.17756832172822087
/home/iiitn/Datasets/FaceForensics++/manipulated_sequences/Face2Face/c23/videos/355_748.mp4,1,0.016689028168260508,2.1702825915813446,0.1306436518173899,17.612707856496176,17.818022329584405,20.437033276508956,0.4581091622018654,0.3587925978158978
/home/iiitn/Datasets/FaceForensics++/manipulated_sequences/Face2Face/c23/videos/367_371.mp4,1,0.01911369985523317,16.3496955649058,0.17581469187259513,42.04936589558919,20.74997028673759,29.956297695011006,0.09863445345171225,-0.09251201979600596
/home/iiitn/Datasets/FaceForensics++/manipulated_sequences/Face2Face/c23/videos/356_324.mp4,1,0.012140571591330968,5.381687537829081,0.1598545504548211,29.765417556762696,38.53906240229329,23.320015286092033,0.32952271045081316,0.11758588821281225
/home/iiitn/Datasets/FaceForensics++/manipulated_sequences/Face2Face/c23/videos/369_316.mp4,1,0.011865327188115577,12.469680802027385,0.05921176473347356,52.01849624633789,20.938175498296122,29.880565837227103,-0.01897445254442431,-0.1224290056399569
/home/iiitn/Datasets/FaceForensics++/manipulated_sequences/Face2Face/c23/videos/368_378.mp4,1,0.017171047806938122,3.8382535417874655,0.17088864205181842,18.36772533416748,7.144909865257314,12.787526977543315,0.09414897617939309,-0.06234331511053435
/home/iiitn/Datasets/FaceForensics++/manipulated_sequences/Face2Face/c23/videos/371_367.mp4,1,0.02038169597906404,14.16720445315043,0.10667866788548808,58.241731084187826,15.223204332759918,81.63220333589763,0.055600656065225885,0.1377077699996049
/home/iiitn/Datasets/FaceForensics++/manipulated_sequences/Face2Face/c23/videos/372_413.mp4,1,0.013362832023047314,13.176012592315674,0.05093262972857571,64.62897809346516,14.095770464015574,34.12903787107167,0.19575615512467645,0.22487132902992907
/home/iiitn/Datasets/FaceForensics++/manipulated_sequences/Face2Face/c23/videos/377_333.mp4,1,0.008367834668702766,10.320582269032796,0.07293924264178564,23.995494232177734,33.17939725262269,33.51299657289992,-0.03410800354480563,-0.17923247707636622
/home/iiitn/Datasets/FaceForensics++/manipulated_sequences/Face2Face/c23/videos/379_158.mp4,1,0.011425565050248098,70.9003796895345,0.0808369299042625,94.18773111979166,52.88042277709393,7.725073028987762,0.36724511487829675,0.2756609150779074
/home/iiitn/Datasets/FaceForensics++/manipulated_sequences/Face2Face/c23/videos/374_407.mp4,1,0.010910066814005758,8.617948188781739,0.06274363858749588,48.29123196919759,51.067389352805016,21.981345066878028,0.3885972766429532,0.11729357699024717
/home/iiitn/Datasets/FaceForensics++/manipulated_sequences/Face2Face/c23/videos/373_394.mp4,1,0.020323996599127595,1.4293425806363425,0.14647323823362746,11.232121760050456,23.41861625452738,20.2732911013548,0.28048865923829097,0.17235841823258147
/home/iiitn/Datasets/FaceForensics++/manipulated_sequences/Face2Face/c23/videos/375_251.mp4,1,0.020773586568660258,4.145567222436269,0.10673483089160929,41.00534523010254,23.613136982990962,23.324762252162103,0.1792704756947679,0.10951373722483207
/home/iiitn/Datasets/FaceForensics++/manipulated_sequences/Face2Face/c23/videos/376_381.mp4,1,0.020354261958578056,26.603969296205392,0.29396890302304,49.18262759458671,40.26521711032857,55.09278418929619,0.09049001767038047,0.21941112956348813
/home/iiitn/Datasets/FaceForensics++/manipulated_sequences/Face2Face/c23/videos/380_358.mp4,1,0.01339370041973925,5.689875831604004,0.08966179275353225,25.915416628519694,10.75015763363131,61.741794640470516,0.3226677066980893,0.1454798150086153
/home/iiitn/Datasets/FaceForensics++/manipulated_sequences/Face2Face/c23/videos/381_376.mp4,1,0.02584005460418459,37.593457800547284,0.20319146922000442,59.61257158915202,2.777730522005177,54.466913741095304,0.27599747822699244,0.2431350771080845
/home/iiitn/Datasets/FaceForensics++/manipulated_sequences/Face2Face/c23/videos/370_483.mp4,1,0.009655658079113774,7.947430377694922,0.08517726115315716,37.290122193349916,20.00572391275792,53.25777874890969,-0.01390551840003876,0.21854956515805746
/home/iiitn/Datasets/FaceForensics++/manipulated_sequences/Face2Face/c23/videos/382_409.mp4,1,0.010607047227410838,26.34762856165568,0.08317068248834025,59.05448641459147,17.517328152968535,33.377540136332705,0.1856205104341439,0.003015358593359886
/home/iiitn/Datasets/FaceForensics++/manipulated_sequences/Face2Face/c23/videos/378_368.mp4,1,0.024899072295990445,2.909071405728658,0.18602619580055768,17.63502993265788,31.88059348091437,33.15626028468759,0.3194164464963866,0.08265704191582875
/home/iiitn/Datasets/FaceForensics++/manipulated_sequences/Face2Face/c23/videos/388_308.mp4,1,0.01582516549816243,3.9984995484352113,0.13967067669084954,29.66633902231852,28.41461728557275,65.13123682419105,0.2741013530207152,0.22779209766029496
/home/iiitn/Datasets/FaceForensics++/manipulated_sequences/Face2Face/c23/videos/387_311.mp4,1,0.011442810450438446,0.5172721109787624,0.14473879302513548,13.953062903086344,31.3679427635376,38.57043556719473,-0.006004052844044037,0.0933359759738889
/home/iiitn/Datasets/FaceForensics++/manipulated_sequences/Face2Face/c23/videos/385_414.mp4,1,0.021117754821828837,1.756062329808871,0.3178607485709002,33.361172396341956,29.288384974922277,58.60683765965319,0.08849281584523444,-0.05068154592446025
/home/iiitn/Datasets/FaceForensics++/manipulated_sequences/Face2Face/c23/videos/391_406.mp4,1,0.015122076584558775,10.338342841466268,0.062112537884306485,40.85067916870117,34.33234019482056,19.568051055392228,0.22480230624134348,0.061524787184253346
/home/iiitn/Datasets/FaceForensics++/manipulated_sequences/Face2Face/c23/videos/393_405.mp4,1,0.015377804219576352,25.6430407333374,0.09261106345740922,52.269674936930336,35.944130177447796,45.06834032751187,0.046388683159418784,-0.04335641130169074
/home/iiitn/Datasets/FaceForensics++/manipulated_sequences/Face2Face/c23/videos/390_709.mp4,1,0.017618946345315727,8.182966615358989,0.18608189309237022,34.24919665018717,23.70586003408077,1.5847192209947236,0.0194579038858748,-0.14403413104434903
/home/iiitn/Datasets/FaceForensics++/manipulated_sequences/Face2Face/c23/videos/383_353.mp4,1,0.015447533616917444,4.889991490840912,0.06360073864877303,25.215436999003092,33.06761085996754,13.559012857074292,0.21831535493112697,0.15436456275857155
/home/iiitn/Datasets/FaceForensics++/manipulated_sequences/Face2Face/c23/videos/392_339.mp4,1,0.01975628040280336,6.5476260582606,0.1839911339113689,41.51953440348307,13.63388060577343,63.59410232470039,0.3371036894085591,0.18028492271213334
/home/iiitn/Datasets/FaceForensics++/manipulated_sequences/Face2Face/c23/videos/384_932.mp4,1,0.009222915899648267,1.2962379284699759,0.05404568015354405,19.59625077565511,39.19826854007734,40.57981644086883,0.07845184035211075,0.0825389099752589
/home/iiitn/Datasets/FaceForensics++/manipulated_sequences/Face2Face/c23/videos/394_373.mp4,1,0.022492323379332022,1.4104174701372783,0.1710903670695384,16.62659512837728,40.28701831970786,1.1199844310087064,0.0955895210051859,-0.015203122069378253
/home/iiitn/Datasets/FaceForensics++/manipulated_sequences/Face2Face/c23/videos/386_154.mp4,1,0.017832081162076113,1.639081647793452,0.27858157559689745,14.137458629608155,24.66351512133828,21.57102281544216,0.23999466263180047,0.08657678631550814
/home/iiitn/Datasets/FaceForensics++/manipulated_sequences/Face2Face/c23/videos/396_272.mp4,1,0.0070263794463579264,2.290532054901123,0.031315718982062535,35.60486001332601,22.94574834192525,60.80192590219063,0.21949884805316017,0.2351479374959286
/home/iiitn/Datasets/FaceForensics++/manipulated_sequences/Face2Face/c23/videos/389_480.mp4,1,0.017344845876001866,2.979660407702128,0.14866945538447063,36.93863276163737,16.56611388633923,31.057159433378864,0.18855132400751826,0.14188610781651972
/home/iiitn/Datasets/FaceForensics++/manipulated_sequences/Face2Face/c23/videos/395_401.mp4,1,0.017112192719729018,3.8750500027338664,0.13068680160214463,34.71768497467041,30.974934474691352,40.512441942728266,0.11332117364866737,-0.045733879929219616
/home/iiitn/Datasets/FaceForensics++/manipulated_sequences/Face2Face/c23/videos/398_457.mp4,1,0.01827476103313174,6.589866293271383,0.09967887714431001,38.63865491231282,7.046298808820085,58.366739553079135,0.03975375465112905,-0.04901803764022927
/home/iiitn/Datasets/FaceForensics++/manipulated_sequences/Face2Face/c23/videos/403_497.mp4,1,0.01222054085991602,1.5585170793533325,0.11048451582339969,30.946242752075197,31.420594405889847,42.75609369469962,0.3882174242593887,-0.02242205116437778
/home/iiitn/Datasets/FaceForensics++/manipulated_sequences/Face2Face/c23/videos/400_476.mp4,1,0.016160039233606694,11.164605299631754,0.1485710090542589,30.674550857543945,18.686323992955355,79.11635897213412,0.18164681904395694,0.17193301864562804
/home/iiitn/Datasets/FaceForensics++/manipulated_sequences/Face2Face/c23/videos/405_393.mp4,1,0.013292052729263886,17.127227058410643,0.10893618780459624,38.808066787719724,51.99262484668507,6.7685118243159215,0.029546261197483915,-0.017829594297825834
/home/iiitn/Datasets/FaceForensics++/manipulated_sequences/Face2Face/c23/videos/399_488.mp4,1,0.021330670293576076,1.6426886983712514,0.21546114207948974,22.029101842244465,13.676560416211087,34.481199528106636,0.18636715991205355,0.13954662765059075
/home/iiitn/Datasets/FaceForensics++/manipulated_sequences/Face2Face/c23/videos/401_395.mp4,1,0.02096563361678294,2.146894505818685,0.1598549733376955,22.556536178588868,18.37853156674937,88.447937002394,0.2029021531128308,0.0014411618339705491
/home/iiitn/Datasets/FaceForensics++/manipulated_sequences/Face2Face/c23/videos/406_391.mp4,1,0.017616138232715836,24.995822162628173,0.10057676683567707,55.32602928161621,23.6728606203784,47.195824488707636,0.05562026574523485,0.008568798040677186
/home/iiitn/Datasets/FaceForensics++/manipulated_sequences/Face2Face/c23/videos/408_424.mp4,1,0.029813069679309346,16.78122263908386,0.31820051063270904,45.281906153361,22.513491736438844,46.533425292369564,0.09467390561101426,0.1392798035238149
/home/iiitn/Datasets/FaceForensics++/manipulated_sequences/Face2Face/c23/videos/407_374.mp4,1,0.013095161123314719,12.903357820510864,0.13438991348038543,36.38537017822266,15.634147262119837,42.2196719079782,0.16377239948510822,0.07315642162740266
/home/iiitn/Datasets/FaceForensics++/manipulated_sequences/Face2Face/c23/videos/404_429.mp4,1,0.015226741878287082,4.493198761940002,0.12760184746793246,43.6492222849528,33.77892145276484,10.216814603303655,0.28333006146250816,0.08177050334158589
/home/iiitn/Datasets/FaceForensics++/manipulated_sequences/Face2Face/c23/videos/409_382.mp4,1,0.007475232806815418,8.85437229156494,0.10297265699604286,58.84878484090169,37.09873619847869,47.35866967929933,0.3018689049836327,0.04661533224906599
/home/iiitn/Datasets/FaceForensics++/manipulated_sequences/Face2Face/c23/videos/413_372.mp4,1,0.014867745951381272,7.001038277943929,0.06671383179295176,33.96336605072022,9.316453408858022,47.577757914295425,0.24513591947343724,0.2217646749952749
/home/iiitn/Datasets/FaceForensics++/manipulated_sequences/Face2Face/c23/videos/415_484.mp4,1,0.01595123345608312,21.034841327667237,0.14054690293395977,64.88526580810547,33.720451558420876,79.80017313106954,0.10189964658967131,0.1525021558477225
/home/iiitn/Datasets/FaceForensics++/manipulated_sequences/Face2Face/c23/videos/397_602.mp4,1,0.01292040788854285,2.5571026627222695,0.2453846745874929,22.586380157470703,28.575969124004878,102.24272782895213,0.22586062667675527,0.014695635131569481
/home/iiitn/Datasets/FaceForensics++/manipulated_sequences/Face2Face/c23/videos/412_274.mp4,1,0.015005812423905073,3.471535914738973,0.058464068890866194,33.4656627146403,18.570334655759254,81.42489073777307,0.2839148786728915,0.03191361793431516
/home/iiitn/Datasets/FaceForensics++/manipulated_sequences/Face2Face/c23/videos/402_453.mp4,1,0.014508499534923816,2.441110312541326,0.09197221210099249,26.664901161193846,2.3916338776011914,89.3054569088569,0.4048817020653555,0.14846740503404407
/home/iiitn/Datasets/FaceForensics++/manipulated_sequences/Face2Face/c23/videos/416_342.mp4,1,0.021113158737015882,3.6499515986442566,0.07365697548692973,42.242399266560874,17.071639571991437,113.74361986985954,0.14763786783049998,0.03050866866278574
/home/iiitn/Datasets/FaceForensics++/manipulated_sequences/Face2Face/c23/videos/417_496.mp4,1,0.022235164723965608,21.270544668833416,0.2753979906275008,55.57835136413574,38.378686989428324,44.83957418807912,0.03300974619767655,0.013901623459060685
/home/iiitn/Datasets/FaceForensics++/manipulated_sequences/Face2Face/c23/videos/410_411.mp4,1,0.02169128803333355,0.6927559471130371,0.1349766963147475,12.78809596379598,22.49286791115941,21.383402542078294,0.12222401339328753,0.1488660933561233
/home/iiitn/Datasets/FaceForensics++/manipulated_sequences/Face2Face/c23/videos/414_385.mp4,1,0.02273017902551944,2.371903294324875,0.1800370252949146,21.655039329528808,25.974943167867796,22.22110659435996,0.13382591347902908,0.15874728090082924
/home/iiitn/Datasets/FaceForensics++/manipulated_sequences/Face2Face/c23/videos/418_507.mp4,1,0.02557631728594641,0.7583504092693328,0.12418562364876262,16.126567249298095,13.144121684278767,77.4763913086951,0.16472836084727507,-0.013338621430663134
/home/iiitn/Datasets/FaceForensics++/manipulated_sequences/Face2Face/c23/videos/411_410.mp4,1,0.02579008282569032,1.3916527799765268,0.14507996173503868,27.242959073384604,33.84935356384878,49.94112788142447,0.2231783883273742,0.12555358196415306
/home/iiitn/Datasets/FaceForensics++/manipulated_sequences/Face2Face/c23/videos/420_257.mp4,1,0.013553014036859167,38.68725200653076,0.1768621057069213,48.14132039388021,32.02544584171661,7.608829202060998,-0.0318976351955163,0.08513371254923231
/home/iiitn/Datasets/FaceForensics++/manipulated_sequences/Face2Face/c23/videos/419_824.mp4,1,0.026514414571453107,2.4446531256039936,0.04892710568810532,29.952228253682453,3.290608643680249,23.958042236240075,0.22357997531141757,0.09469059262828945
/home/iiitn/Datasets/FaceForensics++/manipulated_sequences/Face2Face/c23/videos/423_421.mp4,1,0.015159230983928728,4.877486947377522,0.14373109916446314,39.41731719970703,29.200811073513613,10.621961980803784,0.1673590605069629,-0.12477888379943422
/home/iiitn/Datasets/FaceForensics++/manipulated_sequences/Face2Face/c23/videos/424_408.mp4,1,0.016298226552132866,10.067854995727538,0.06449540388261377,27.594120699564616,25.290387778550638,11.793073371876345,0.22481631082418535,0.17924092674749728
/home/iiitn/Datasets/FaceForensics++/manipulated_sequences/Face2Face/c23/videos/425_485.mp4,1,0.011285501054554593,37.27793682098389,0.0810032444871025,68.03550771077474,6.87842629181377,51.71327047997033,0.10912205048251812,0.08376875661029723
/home/iiitn/Datasets/FaceForensics++/manipulated_sequences/Face2Face/c23/videos/421_423.mp4,1,0.012199141446049356,15.757491178512574,0.11524424671842237,53.0245482635498,15.711336679017167,42.64047927984948,0.335209345514717,0.05619987779710779
/home/iiitn/Datasets/FaceForensics++/manipulated_sequences/Face2Face/c23/videos/429_404.mp4,1,0.023753524761692665,6.63310673236847,0.2513412883058256,34.712942848205564,19.078315186682033,47.77166638484395,0.09000301475289038,0.15949711874977446
/home/iiitn/Datasets/FaceForensics++/manipulated_sequences/Face2Face/c23/videos/428_466.mp4,1,0.012482205654825159,0.7869834736982981,0.09176710430466262,18.132031993865965,18.304207825828794,6.647023698349881,0.20473706289933974,0.04341447075792388
/home/iiitn/Datasets/FaceForensics++/manipulated_sequences/Face2Face/c23/videos/432_357.mp4,1,0.011940447827288541,10.6488862991333,0.04260521492272529,36.71192159016927,20.65623899206238,31.780307752205566,0.07905207249257051,0.1252548202352037
/home/iiitn/Datasets/FaceForensics++/manipulated_sequences/Face2Face/c23/videos/422_695.mp4,1,0.023876868769289114,0.4205359336733818,0.1430276313093557,20.684676322937012,19.78114803943414,161.32473874036683,-0.0006561559883994965,0.0764088390659922
/home/iiitn/Datasets/FaceForensics++/manipulated_sequences/Face2Face/c23/videos/431_447.mp4,1,0.033169489274726835,6.101932663917541,0.17603871735848242,30.613465588887532,13.65742771487274,1.3707970976599313,0.2523190511710892,0.14080854596020645
/home/iiitn/Datasets/FaceForensics++/manipulated_sequences/Face2Face/c23/videos/433_498.mp4,1,0.011079596324294068,3.7123259687423706,0.08043074995934785,25.301675084431967,31.47400114154739,1.6284893215518734,0.2711743599395446,0.2560926566791613
/home/iiitn/Datasets/FaceForensics++/manipulated_sequences/Face2Face/c23/videos/434_438.mp4,1,0.010947443234936908,14.969639921188355,0.15136017945878777,51.30237383524577,22.564699330323975,96.19505747879847,0.12703316465199718,0.11690106638666051
/home/iiitn/Datasets/FaceForensics++/manipulated_sequences/Face2Face/c23/videos/435_456.mp4,1,0.018967732947053492,21.168334878285727,0.3036433247904805,37.16388202667236,32.462574620068565,30.594663970780452,0.11819491787566944,-0.07245749422692732
/home/iiitn/Datasets/FaceForensics++/manipulated_sequences/Face2Face/c23/videos/426_287.mp4,1,0.018560456636357837,3.4009512861569724,0.14127614474685024,20.000881106058756,18.62394227409346,39.55508491891834,0.26478084547045677,0.12089182207581282
/home/iiitn/Datasets/FaceForensics++/manipulated_sequences/Face2Face/c23/videos/438_434.mp4,1,0.012484129305300967,7.793773334821065,0.106456322124996,33.49322125752767,22.98322794471666,28.00845363899184,0.0683153906617481,-0.12717119180956335
/home/iiitn/Datasets/FaceForensics++/manipulated_sequences/Face2Face/c23/videos/439_441.mp4,1,0.01801214416679628,1.4439603726069132,0.0381564195598012,18.667627550760905,45.778425489157854,12.971563038219832,0.2585103413174141,0.08242408376216553
/home/iiitn/Datasets/FaceForensics++/manipulated_sequences/Face2Face/c23/videos/441_439.mp4,1,0.01213305439633673,5.814858276049296,0.07238904289122083,38.27869153340657,24.81751668960518,96.43138422373846,0.19094931540044394,0.16783596568559636
/home/iiitn/Datasets/FaceForensics++/manipulated_sequences/Face2Face/c23/videos/440_364.mp4,1,0.012003976674138064,6.4675102154413855,0.08701456688326559,30.395604133605957,33.22485472433892,10.081698931873026,0.5190576872082683,0.3714283274881582
/home/iiitn/Datasets/FaceForensics++/manipulated_sequences/Face2Face/c23/videos/430_459.mp4,1,0.013564572673421382,2.4541291864713033,0.20453745896774367,12.995250415802001,10.08581650852211,28.86835319603971,0.05422335429496906,0.0639144714832315
/home/iiitn/Datasets/FaceForensics++/manipulated_sequences/Face2Face/c23/videos/437_360.mp4,1,0.010428096896782917,4.191661591529846,0.0913661795281766,38.77667575836182,7.238214558924616,41.97034695506063,0.14430504273674163,0.12607050631721126
/home/iiitn/Datasets/FaceForensics++/manipulated_sequences/Face2Face/c23/videos/443_514.mp4,1,0.014675987949566404,30.01698444366455,0.11642597678481204,61.6459386698405,22.838692774100284,8.489427258688144,0.21516360043883295,0.10158115842137265
/home/iiitn/Datasets/FaceForensics++/manipulated_sequences/Face2Face/c23/videos/436_526.mp4,1,0.01756924997391893,8.11608433564504,0.1433301950725172,44.67452929178874,27.469353940482293,91.68231214192878,0.19900666880364445,-0.09431082298099214
/home/iiitn/Datasets/FaceForensics++/manipulated_sequences/Face2Face/c23/videos/444_655.mp4,1,0.01660195402355087,34.2923698425293,0.11634392213666755,35.356980056762694,48.775196372671815,10.674397896236142,-0.02227893240094762,-0.024536378236964303
/home/iiitn/Datasets/FaceForensics++/manipulated_sequences/Face2Face/c23/videos/447_431.mp4,1,0.015211601900302938,2.2766117374102275,0.10702924051476248,28.1657515335083,56.12116335182941,45.98718163694733,0.22649348104025896,0.21950267604397491
/home/iiitn/Datasets/FaceForensics++/manipulated_sequences/Face2Face/c23/videos/449_451.mp4,1,0.013167967953163844,2.519167857964834,0.058693439968925176,27.26443810780843,39.85686848232233,7.671588412313174,0.2941206888075092,-0.04288888366450022
/home/iiitn/Datasets/FaceForensics++/manipulated_sequences/Face2Face/c23/videos/452_550.mp4,1,0.011793238679609777,22.397419929504395,0.07867481508707663,38.843700561523434,25.78160218657828,44.487498302929524,0.1089964289827298,0.0059218544663733955
/home/iiitn/Datasets/FaceForensics++/manipulated_sequences/Face2Face/c23/videos/448_361.mp4,1,0.018662298784229432,4.007645556926727,0.13330195652657328,31.24282819112142,26.868188459233014,27.730837574158347,0.42535713133580944,0.3895611906810284
/home/iiitn/Datasets/FaceForensics++/manipulated_sequences/Face2Face/c23/videos/445_494.mp4,1,0.006799740751906093,1.2688366427024205,0.1150470721132435,18.67370683034261,19.791443562424917,47.431074191967056,0.17705235111669196,-0.11640704674166474
/home/iiitn/Datasets/FaceForensics++/manipulated_sequences/Face2Face/c23/videos/451_449.mp4,1,0.014317037878051737,3.0696329736709593,0.050315013451829316,25.32429256439209,50.213420543902615,28.774134468526924,0.2977151670878277,0.09180119178154579
/home/iiitn/Datasets/FaceForensics++/manipulated_sequences/Face2Face/c23/videos/442_195.mp4,1,0.018345839092757946,3.704562101364136,0.05480477721924204,40.853753331502276,10.843346893214884,62.957692093310904,0.15981208457181567,0.12390307043169803
/home/iiitn/Datasets/FaceForensics++/manipulated_sequences/Face2Face/c23/videos/455_471.mp4,1,0.008835747642974384,7.2456078481674195,0.06196634528814671,41.17382433573405,15.438383748689443,46.801166875283066,0.11887652250780162,0.2106424205711923
/home/iiitn/Datasets/FaceForensics++/manipulated_sequences/Face2Face/c23/videos/454_527.mp4,1,0.024197613762812542,15.302813291549683,0.13575037022570935,40.102520650227866,43.56694746436021,95.68040538599398,0.4158327589128792,0.32797996737528257
/home/iiitn/Datasets/FaceForensics++/manipulated_sequences/Face2Face/c23/videos/453_402.mp4,1,0.01598410157707843,1.7484948209921518,0.099822467565024,26.86580187479655,10.370333538662075,93.83226506129307,0.34008566283788466,0.2692297062600709
/home/iiitn/Datasets/FaceForensics++/manipulated_sequences/Face2Face/c23/videos/457_398.mp4,1,0.025833504708161623,15.83565507253011,0.11303609419629246,48.44477216084798,11.417155521062718,93.50124077577459,0.12666946035039817,0.1247995822306438
/home/iiitn/Datasets/FaceForensics++/manipulated_sequences/Face2Face/c23/videos/458_722.mp4,1,0.017364719949596253,1.9716538886229198,0.12345631047311612,26.41615744272868,45.028949404557366,80.12699700440429,0.23684666202430604,0.05906558212454485
/home/iiitn/Datasets/FaceForensics++/manipulated_sequences/Face2Face/c23/videos/446_667.mp4,1,0.025221203741914316,0.7877955681085587,0.23927691349542834,19.40959446589152,26.928242867746164,34.43653557444371,0.17627775331072426,0.10535944057760639
/home/iiitn/Datasets/FaceForensics++/manipulated_sequences/Face2Face/c23/videos/450_533.mp4,1,0.01066924179888127,0.697998632589976,0.12751300889210437,14.395719585418702,14.164294088322812,20.57561065504088,0.1698205668313591,0.12850154703587968
/home/iiitn/Datasets/FaceForensics++/manipulated_sequences/Face2Face/c23/videos/462_467.mp4,1,0.015294727555791502,13.600890677769979,0.047753057218756445,57.352811635335286,22.377713774577174,21.789162250690477,0.056560525500416146,0.1238802951716277
/home/iiitn/Datasets/FaceForensics++/manipulated_sequences/Face2Face/c23/videos/463_464.mp4,1,0.014403272444201254,33.434323399861654,0.06883302053688145,68.24054593404134,31.288653780494375,36.58121306407964,0.16801618085130923,0.16779605320922145
/home/iiitn/Datasets/FaceForensics++/manipulated_sequences/Face2Face/c23/videos/460_678.mp4,1,0.02131525729474101,0.5248129498958588,0.1054600275828026,11.805397822062174,50.53489185620792,35.191734408973296,0.3291166983626459,0.11877894633380569
/home/iiitn/Datasets/FaceForensics++/manipulated_sequences/Face2Face/c23/videos/464_463.mp4,1,0.0171977917460873,11.93623174349467,0.0654235425852816,48.49939066569011,26.97579554269941,29.48078582775812,0.13455511120519953,0.125388752341337
/home/iiitn/Datasets/FaceForensics++/manipulated_sequences/Face2Face/c23/videos/461_250.mp4,1,0.020816501253072498,2.6559826231002805,0.16252353379567375,27.910292905171712,25.644900108253726,53.567977877819565,0.13264119385378542,0.05515316393844096
/home/iiitn/Datasets/FaceForensics++/manipulated_sequences/Face2Face/c23/videos/465_482.mp4,1,0.022634159842354836,1.1994023287296296,0.11056702380366557,22.210799853007,2.906665337563852,2.293550321207425,0.09146273807955824,0.03230084867065772
/home/iiitn/Datasets/FaceForensics++/manipulated_sequences/Face2Face/c23/videos/468_470.mp4,1,0.01166581588837273,5.205096546808878,0.13091592014072928,42.913032887776694,17.201599257117152,21.261294823213323,0.14990716953012728,0.00911307466077227
/home/iiitn/Datasets/FaceForensics++/manipulated_sequences/Face2Face/c23/videos/467_462.mp4,1,0.01705189654076031,7.776879472732544,0.15694335895663492,35.25042078653971,47.16367446072873,51.22131755815693,0.02428264343415864,-0.013802166238795939
/home/iiitn/Datasets/FaceForensics++/manipulated_sequences/Face2Face/c23/videos/469_481.mp4,1,0.017482062656032863,4.201966622670492,0.1381477094922846,41.500443369547526,2.125462340566558,61.399019250082105,0.24423726790548184,0.1321789645575803
/home/iiitn/Datasets/FaceForensics++/manipulated_sequences/Face2Face/c23/videos/466_428.mp4,1,0.015358485607452848,2.882418308258057,0.13204909195024184,24.96754881540934,20.394423260030216,1.8372543488739546,0.030969576670648008,-0.07100870843494742
/home/iiitn/Datasets/FaceForensics++/manipulated_sequences/Face2Face/c23/videos/470_468.mp4,1,0.01315109515305136,10.827193438212078,0.07898668715879698,49.362838643391925,20.164863584751163,61.108577751568845,0.42345667968161005,0.1881797611500865
/home/iiitn/Datasets/FaceForensics++/manipulated_sequences/Face2Face/c23/videos/471_455.mp4,1,0.013406489772671714,14.162175760269164,0.055364702201147864,51.702112935384115,19.66376627679877,41.733004652342025,0.19112193275121864,0.0650258789725664
/home/iiitn/Datasets/FaceForensics++/manipulated_sequences/Face2Face/c23/videos/459_430.mp4,1,0.01737157774141601,1.7007989696661632,0.10367023909208284,17.05787863413493,12.682137822117802,21.36466831670475,0.20007515653269717,0.06583035066479447
/home/iiitn/Datasets/FaceForensics++/manipulated_sequences/Face2Face/c23/videos/474_281.mp4,1,0.017023526516003813,36.61477464675903,0.07640619356087797,64.05681803385417,28.608795064337002,59.266359524672346,0.15141119056093763,0.002470736459193047
/home/iiitn/Datasets/FaceForensics++/manipulated_sequences/Face2Face/c23/videos/473_366.mp4,1,0.013567672356826509,19.979046332041424,0.09132681984434898,57.80073778788249,12.871966161457303,24.448920754937312,0.11202746209384838,-0.018033141996682277
/home/iiitn/Datasets/FaceForensics++/manipulated_sequences/Face2Face/c23/videos/472_511.mp4,1,0.011872941713587012,20.136678524017334,0.08702890998301349,47.32305859883626,42.74315090051166,56.91917880980133,0.18181660587648207,-0.011031756395336973
/home/iiitn/Datasets/FaceForensics++/manipulated_sequences/Face2Face/c23/videos/476_400.mp4,1,0.018868243680348208,10.20506940682729,0.08907186528079591,41.32556198120117,3.3907855315371256,66.3672924836488,0.30720548858185703,0.048135998044043414
/home/iiitn/Datasets/FaceForensics++/manipulated_sequences/Face2Face/c23/videos/482_465.mp4,1,0.02331887195826358,8.14772230943044,0.11396208727414037,32.38806049346924,12.355193151759972,72.3496505493175,0.22475672029433613,0.1917231967826299
/home/iiitn/Datasets/FaceForensics++/manipulated_sequences/Face2Face/c23/videos/478_506.mp4,1,0.01916514113906272,17.863324445088704,0.09654615461882954,50.71168647766113,11.212012157446004,63.23756799450581,0.18271996713960106,0.10156991309613884
/home/iiitn/Datasets/FaceForensics++/manipulated_sequences/Face2Face/c23/videos/477_487.mp4,1,0.024711948615070034,1.6182236043612162,0.06603398769553037,26.936826655069986,9.520703177465085,74.96318720230323,0.14798960076164175,0.07161763297685002
/home/iiitn/Datasets/FaceForensics++/manipulated_sequences/Face2Face/c23/videos/475_265.mp4,1,0.026335511104519326,1.2557556016246478,0.3455473671994266,14.859178009033203,23.141845506538157,8.347684766099981,-0.015700199153406317,-0.09420525327549238
/home/iiitn/Datasets/FaceForensics++/manipulated_sequences/Face2Face/c23/videos/484_415.mp4,1,0.016301630604432408,20.97940821647644,0.10656572827371935,39.98166425069173,25.59977493460304,59.47412761368424,0.14857603241622833,0.11874324098558409
/home/iiitn/Datasets/FaceForensics++/manipulated_sequences/Face2Face/c23/videos/480_389.mp4,1,0.014142579810821492,4.5093481127421065,0.09438321857965037,21.34337500254313,29.874538651419552,58.31424889638242,0.2685931016647922,0.20725617961385503
/home/iiitn/Datasets/FaceForensics++/manipulated_sequences/Face2Face/c23/videos/481_469.mp4,1,0.017522032612709022,26.436601804097492,0.20736161725154867,44.98543851216634,37.08939254718187,71.96318119317313,0.18329331462992385,0.07218636306817382
/home/iiitn/Datasets/FaceForensics++/manipulated_sequences/Face2Face/c23/videos/485_425.mp4,1,0.02932182942798279,13.538637855847677,0.3857127469547693,40.81935643513997,23.71173427479884,28.56127127016131,0.07227925591318952,0.09903774237316933
/home/iiitn/Datasets/FaceForensics++/manipulated_sequences/Face2Face/c23/videos/486_680.mp4,1,0.010155379380142363,12.429027174313863,0.08781301879275649,47.42883150736491,21.25728696399979,47.80820750981954,0.12308375989802926,0.01119915593867215
/home/iiitn/Datasets/FaceForensics++/manipulated_sequences/Face2Face/c23/videos/483_370.mp4,1,0.01412553304999188,6.245210525194804,0.11634911668049952,36.27354853312175,18.593963482437413,59.60365033823442,0.22863891560891614,0.1666575059460217
/home/iiitn/Datasets/FaceForensics++/manipulated_sequences/Face2Face/c23/videos/487_477.mp4,1,0.02319104584501475,1.2204315751791,0.06893446259462788,15.794130687713624,19.37884882346627,10.192592351048448,0.1901403906751557,0.25830704496607815
/home/iiitn/Datasets/FaceForensics++/manipulated_sequences/Face2Face/c23/videos/488_399.mp4,1,0.015731657074535152,1.2712652087211609,0.1268805150234361,25.302053006490073,20.179661054773188,41.783714260740176,0.25724348965755023,0.08562180602918298
/home/iiitn/Datasets/FaceForensics++/manipulated_sequences/Face2Face/c23/videos/479_706.mp4,1,0.016197288491674334,2.2903990789254505,0.16941749864143152,26.864009043375653,18.91296877229081,32.566146965851296,0.18817887324623636,0.03567344962452926
/home/iiitn/Datasets/FaceForensics++/manipulated_sequences/Face2Face/c23/videos/493_538.mp4,1,0.013696291384977563,14.21900959332784,0.09496149673566434,52.46842781066894,55.6321568078745,39.20073349062793,0.30127281097012687,0.13625039481285406
/home/iiitn/Datasets/FaceForensics++/manipulated_sequences/Face2Face/c23/videos/489_022.mp4,1,0.018308845267693236,21.919682702564057,0.09279774036247723,45.91445501418341,24.602857239055417,32.435811514998925,0.16133378009906355,0.15512677855397078
/home/iiitn/Datasets/FaceForensics++/manipulated_sequences/Face2Face/c23/videos/495_512.mp4,1,0.01644301362175506,11.916188640594482,0.163234466034192,41.119971644083655,32.61737908437249,7.744834189899869,0.2931994744431369,0.24971300548155742
/home/iiitn/Datasets/FaceForensics++/manipulated_sequences/Face2Face/c23/videos/496_417.mp4,1,0.01132972974828578,10.926673776308695,0.14323749701619093,54.94293795267741,26.436649030641455,28.7831714263005,0.3377538214422925,0.12763592699587886
/home/iiitn/Datasets/FaceForensics++/manipulated_sequences/Face2Face/c23/videos/498_433.mp4,1,0.010880646091175708,14.506116523742676,0.07064233725279434,47.30520866394043,6.061060233667413,39.3689631425879,0.19699138336809152,0.17922391828699058
/home/iiitn/Datasets/FaceForensics++/manipulated_sequences/Face2Face/c23/videos/491_226.mp4,1,0.029461615909950577,11.840659717033649,0.12367995123332409,24.63051179907788,35.289055797062325,24.647881509679014,0.3645514035597692,-0.07422847689380668
/home/iiitn/Datasets/FaceForensics++/manipulated_sequences/Face2Face/c23/videos/497_403.mp4,1,0.018595391010573503,11.33348180294037,0.19058569154756622,38.72334615071615,19.914300139165444,27.612194829444313,0.07457137338724949,-0.021005124217833245
/home/iiitn/Datasets/FaceForensics++/manipulated_sequences/Face2Face/c23/videos/490_534.mp4,1,0.025634595571471016,1.9772964866956075,0.08131093438892212,22.91980698903402,1.4710174776949514,24.547561304206543,-0.08870130567012055,0.05253945682010653
/home/iiitn/Datasets/FaceForensics++/manipulated_sequences/Face2Face/c23/videos/501_326.mp4,1,0.010393977084776513,50.23953592936198,0.16619020310515942,69.83083595275879,18.069350509036855,40.27182432346887,0.18139134742858065,0.0446986447139731
/home/iiitn/Datasets/FaceForensics++/manipulated_sequences/Face2Face/c23/videos/503_756.mp4,1,0.013216919907946148,27.432837155659993,0.05843124562066104,80.90434641520183,22.61648939512763,16.828348106199403,0.07984095662006875,-0.12670104228654067
/home/iiitn/Datasets/FaceForensics++/manipulated_sequences/Face2Face/c23/videos/494_445.mp4,1,0.014723546135231797,0.9469028226534526,0.13324556095920115,23.550309155782063,41.02836056062493,81.08736459442432,0.42550005808040026,0.15657230767027183
/home/iiitn/Datasets/FaceForensics++/manipulated_sequences/Face2Face/c23/videos/499_539.mp4,1,0.027787089361564394,5.753470815817515,0.13196308360332754,18.913445688883463,30.617703593718204,61.543898741354226,0.02793942719491873,-0.04989017688061616
/home/iiitn/Datasets/FaceForensics++/manipulated_sequences/Face2Face/c23/videos/492_325.mp4,1,0.011534081439925941,0.9412777729829153,0.02481961959568435,25.315416412353514,47.41452191690066,33.178809762901054,0.7585672638672628,0.49335677004799705
/home/iiitn/Datasets/FaceForensics++/manipulated_sequences/Face2Face/c23/videos/505_600.mp4,1,0.014058812742413114,8.490970783233642,0.07490513036667656,51.52035934448242,11.863039187086592,62.492871643387794,0.267125832137033,-0.08436868092391674
/home/iiitn/Datasets/FaceForensics++/manipulated_sequences/Face2Face/c23/videos/502_504.mp4,1,0.014418709382170318,2.2177211475372314,0.12450038546833508,23.941302541097006,36.248567077756,78.87873350194212,0.19713766284261652,0.10099086698296876
/home/iiitn/Datasets/FaceForensics++/manipulated_sequences/Face2Face/c23/videos/506_478.mp4,1,0.013437153383313308,7.984692284266154,0.10168435348842364,34.70020571390788,36.26129931439449,1.3380688068187334,0.25571988707484716,0.14455570930209014
/home/iiitn/Datasets/FaceForensics++/manipulated_sequences/Face2Face/c23/videos/509_525.mp4,1,0.016571598801316655,7.7168584690093995,0.1382791689543953,36.347763275146484,29.230044873421836,27.72293713748221,0.6797921718503003,0.31214733796980887
/home/iiitn/Datasets/FaceForensics++/manipulated_sequences/Face2Face/c23/videos/511_472.mp4,1,0.013892759951645614,24.826757901509602,0.1164549977345789,60.951938451131184,25.351282297536038,48.55919234638319,0.11636403572325126,0.019905111132963442
/home/iiitn/Datasets/FaceForensics++/manipulated_sequences/Face2Face/c23/videos/510_528.mp4,1,0.008875581278200683,11.920649642944335,0.07168078616463347,42.665259755452475,30.904941609779343,21.063534920385496,0.12921986744485914,0.11087313946745439
/home/iiitn/Datasets/FaceForensics++/manipulated_sequences/Face2Face/c23/videos/504_502.mp4,1,0.025780410940123077,4.206407629648845,0.11322710851344076,20.064041811625163,41.42942676752552,19.425417710997422,0.0601375998947204,0.07209409915573192
/home/iiitn/Datasets/FaceForensics++/manipulated_sequences/Face2Face/c23/videos/500_592.mp4,1,0.020311805644011756,6.744324108759562,0.13407534541799915,34.41595006306966,30.791642544063226,44.93413015568858,0.29512303082180014,0.24485096839836892
/home/iiitn/Datasets/FaceForensics++/manipulated_sequences/Face2Face/c23/videos/512_495.mp4,1,0.02071663919213384,21.342647628784178,0.08654296201419476,51.71103421529134,15.341235819181623,33.060728170237304,0.3241117692383437,0.21910277750315124
/home/iiitn/Datasets/FaceForensics++/manipulated_sequences/Face2Face/c23/videos/517_521.mp4,1,0.014697749572652314,7.599438908894856,0.06382491859240014,37.95222409566244,4.350627377242546,16.993105971107383,0.17694125040335823,-0.0016070885443576865
/home/iiitn/Datasets/FaceForensics++/manipulated_sequences/Face2Face/c23/videos/514_443.mp4,1,0.007724090468898851,28.133820813496907,0.0812719038638049,52.120569712320965,21.683483599603946,42.504509525324366,0.14702251463617205,-0.0032608762718001273
/home/iiitn/Datasets/FaceForensics++/manipulated_sequences/Face2Face/c23/videos/518_131.mp4,1,0.013795070390049657,4.916818553606669,0.029514001342526464,43.45882067362467,25.656831494191707,27.66221965588917,0.33321289116144526,0.07407752231801894
/home/iiitn/Datasets/FaceForensics++/manipulated_sequences/Face2Face/c23/videos/507_418.mp4,1,0.0207626482021104,0.7810516001780828,0.11239768761410762,13.572811063130697,12.159782429233983,21.41258853919568,0.23328121695840628,0.25921912824855076
/home/iiitn/Datasets/FaceForensics++/manipulated_sequences/Face2Face/c23/videos/515_519.mp4,1,0.012158173112151888,9.009874366124471,0.11317043722793785,43.812046178181966,57.09064137315923,17.841147395777305,0.22834161741742368,0.1453466624350352
/home/iiitn/Datasets/FaceForensics++/manipulated_sequences/Face2Face/c23/videos/508_831.mp4,1,0.02627765651894826,0.4260752520958583,0.14025309513629747,8.750531142552694,39.44452607059748,90.84107339071096,0.15373492458572466,-0.05114883934680685
/home/iiitn/Datasets/FaceForensics++/manipulated_sequences/Face2Face/c23/videos/519_515.mp4,1,0.01866546974941745,57.96504096984863,0.2046058953473282,63.366365102132164,30.060490520032957,18.381570516265015,0.17251274956420068,0.09136181500286794
/home/iiitn/Datasets/FaceForensics++/manipulated_sequences/Face2Face/c23/videos/521_517.mp4,1,0.017451507852036172,23.830924224853515,0.10920268571906155,53.70315719604492,16.658101793523016,21.66394361962891,0.40793487475104556,0.3821663812243883
/home/iiitn/Datasets/FaceForensics++/manipulated_sequences/Face2Face/c23/videos/513_305.mp4,1,0.009888146245571218,1.4463755691051483,0.051589561744962764,24.31607997894287,40.24789446093214,47.73414470992064,0.6412040780789471,0.058779031444062484
/home/iiitn/Datasets/FaceForensics++/manipulated_sequences/Face2Face/c23/videos/522_337.mp4,1,0.007012536399778973,48.509719670613606,0.08435313891277174,75.39716705322266,20.722452852841712,57.793560194323895,0.1627984578863809,0.08237054863522897
/home/iiitn/Datasets/FaceForensics++/manipulated_sequences/Face2Face/c23/videos/524_580.mp4,1,0.013584511631148018,17.449116662343343,0.04351394238162187,69.17210098266601,4.879187148656467,20.53037636549294,0.16813539253280096,0.048468514738658694
/home/iiitn/Datasets/FaceForensics++/manipulated_sequences/Face2Face/c23/videos/528_510.mp4,1,0.01231111284494081,6.559054468472799,0.1745400293480004,29.228425318400067,29.31665568217621,66.71065988976893,0.1455784433174021,-0.11339045435237599
/home/iiitn/Datasets/FaceForensics++/manipulated_sequences/Face2Face/c23/videos/523_541.mp4,1,0.015277005172361826,12.356653095881144,0.07470990993463167,35.59595991770426,33.34979052101283,33.952386529353305,0.23296214676759083,0.06389227133817633
/home/iiitn/Datasets/FaceForensics++/manipulated_sequences/Face2Face/c23/videos/520_542.mp4,1,0.02352406010540335,1.8766894416014352,0.07061481761708943,26.180354410807293,32.706894069913005,2.872536939444696,0.2110013490021164,0.15715005944628452
/home/iiitn/Datasets/FaceForensics++/manipulated_sequences/Face2Face/c23/videos/525_509.mp4,1,0.013465179032338228,13.687893136342366,0.08288288577669822,61.42695950826009,1.9820936800153823,16.442153966029057,0.4029742560691937,0.26692379699799285
/home/iiitn/Datasets/FaceForensics++/manipulated_sequences/Face2Face/c23/videos/516_555.mp4,1,0.020760505840260086,0.4216287841399511,0.12900499294791123,13.13545305887858,16.06571212610363,29.462898395210264,0.2038529831963159,0.11590930318789652
/home/iiitn/Datasets/FaceForensics++/manipulated_sequences/Face2Face/c23/videos/531_549.mp4,1,0.017565813455704914,2.4447725971539813,0.09901087585764812,30.472317390441894,10.54385830036066,6.833993776537963,0.16375039761402918,-0.072146852851213
/home/iiitn/Datasets/FaceForensics++/manipulated_sequences/Face2Face/c23/videos/527_454.mp4,1,0.025247161043298844,5.9784277105331425,0.14537605437819212,22.60280766805013,42.98227283643852,27.16475759700196,0.2647121416904094,0.13624146870275292
/home/iiitn/Datasets/FaceForensics++/manipulated_sequences/Face2Face/c23/videos/530_594.mp4,1,0.012931815609352923,3.0814643414815266,0.035402580482973844,23.880120188395182,22.545021412497462,6.772944224630449,0.25553781601598635,0.13891946066328809
/home/iiitn/Datasets/FaceForensics++/manipulated_sequences/Face2Face/c23/videos/526_436.mp4,1,0.007744144288195385,11.930795628229777,0.09022759812307757,42.83921038309733,3.3748108818853204,52.449110080172225,0.17546512380702903,-0.040949076196524936
/home/iiitn/Datasets/FaceForensics++/manipulated_sequences/Face2Face/c23/videos/532_544.mp4,1,0.012848550086231404,3.9773984376589455,0.05475429576328705,23.4083051554362,0.9294775312438375,53.55472875275646,0.2624585219254765,0.17385789612995317
/home/iiitn/Datasets/FaceForensics++/manipulated_sequences/Face2Face/c23/videos/535_587.mp4,1,0.015146024691508145,7.5311104663213095,0.1292324319220346,44.92668477376302,44.40439660790673,3.844621535845155,0.145744549972198,-0.03629481231971652
/home/iiitn/Datasets/FaceForensics++/manipulated_sequences/Face2Face/c23/videos/538_493.mp4,1,0.012016675217818597,29.5433363087972,0.08155211196744705,63.857321701049806,25.3377724545829,56.74411708673305,0.08775159610140908,-0.12422954629820389
/home/iiitn/Datasets/FaceForensics++/manipulated_sequences/Face2Face/c23/videos/539_499.mp4,1,0.013989027843633857,1.3957152354717255,0.12319847117907234,26.914183069864908,7.704306563512816,8.84637789181422,0.20722466147147556,-0.026729248580195063
/home/iiitn/Datasets/FaceForensics++/manipulated_sequences/Face2Face/c23/videos/534_490.mp4,1,0.02054022037384479,2.8984843174616497,0.2120853711640598,19.13436159133911,20.285266754352577,56.199037851703494,0.23039624570617304,-0.13665812979629088
/home/iiitn/Datasets/FaceForensics++/manipulated_sequences/Face2Face/c23/videos/537_563.mp4,1,0.02639064340680963,2.5171713372071585,0.08395132528767191,30.733984807332355,37.09679813508079,34.686015511606485,0.16304736813376267,0.13361883637404443
/home/iiitn/Datasets/FaceForensics++/manipulated_sequences/Face2Face/c23/videos/541_523.mp4,1,0.008333384541698036,7.159831457138061,0.05484328344093481,40.69165974934896,11.68905209831324,6.0931069360931,0.0324712711221088,0.041182509132215835
/home/iiitn/Datasets/FaceForensics++/manipulated_sequences/Face2Face/c23/videos/529_633.mp4,1,0.03259911114276638,2.792136778831482,0.13496956147172023,22.819304796854656,19.825862061464797,44.26936049335301,0.2991552905253779,0.18781627121111966
/home/iiitn/Datasets/FaceForensics++/manipulated_sequences/Face2Face/c23/videos/543_559.mp4,1,0.024079786884737265,3.868460489908854,0.07061469626916206,32.64644639333089,18.422485251202154,24.78314474670686,0.3060589233131076,0.03302610425930606
/home/iiitn/Datasets/FaceForensics++/manipulated_sequences/Face2Face/c23/videos/545_553.mp4,1,0.017134927476048754,3.6329346362749737,0.04215530038868054,44.301706873575846,45.210551052973805,11.444361000269488,0.1966742331977366,0.15108540091678868
/home/iiitn/Datasets/FaceForensics++/manipulated_sequences/Face2Face/c23/videos/536_540.mp4,1,0.019313233967303278,5.50234739780426,0.13598751907165785,39.776355209350584,7.928617150535699,36.57535235837056,0.5091644704339457,0.25895895641510785
/home/iiitn/Datasets/FaceForensics++/manipulated_sequences/Face2Face/c23/videos/540_536.mp4,1,0.011952664231512358,3.070153218905131,0.09893419330579045,30.835869064331053,7.913479633300508,36.152473229166525,0.1656333348102262,-0.023820360303001362
/home/iiitn/Datasets/FaceForensics++/manipulated_sequences/Face2Face/c23/videos/546_621.mp4,1,0.016084878007246405,2.0132799132665,0.21118924357411129,17.535901896158855,36.89584558966274,129.1725735665998,0.28090951684215426,-0.02859377366643618
/home/iiitn/Datasets/FaceForensics++/manipulated_sequences/Face2Face/c23/videos/542_520.mp4,1,0.02252611701509921,2.7874375273784002,0.24478596053097945,20.215094769795737,28.81889435583026,54.8126962692772,0.08338228722259336,0.0006583750336736146
/home/iiitn/Datasets/FaceForensics++/manipulated_sequences/Face2Face/c23/videos/544_532.mp4,1,0.022331034551719316,3.4437368710835776,0.08660489692790452,24.315710792541505,49.425136921246384,8.296309450965042,0.3447007165008703,0.18049121398823673
/home/iiitn/Datasets/FaceForensics++/manipulated_sequences/Face2Face/c23/videos/533_450.mp4,1,0.013388177639096527,1.6297793281078339,0.13709840402058282,17.367998784383136,9.50929661750721,50.02712849291601,0.16674102765295565,0.09797816284812359
/home/iiitn/Datasets/FaceForensics++/manipulated_sequences/Face2Face/c23/videos/550_452.mp4,1,0.006810557419104857,14.12649910291036,0.1095456904991744,56.69673489888509,29.434520755022373,15.330497728856425,0.28069276437193535,-0.046032310416253865
/home/iiitn/Datasets/FaceForensics++/manipulated_sequences/Face2Face/c23/videos/553_545.mp4,1,0.025235987567067072,2.3609782572587332,0.16629644729951143,23.649934730529786,52.55099992649899,44.612574299994996,0.3832701202771208,0.15537546604244876
/home/iiitn/Datasets/FaceForensics++/manipulated_sequences/Face2Face/c23/videos/551_631.mp4,1,0.014317582462545293,45.512435302734374,0.07751311354657797,60.61503425598144,7.90036133048123,27.815902154484025,-0.013641432907988388,-0.07178350645180583
/home/iiitn/Datasets/FaceForensics++/manipulated_sequences/Face2Face/c23/videos/549_531.mp4,1,0.021105345153499926,19.981901200612388,0.1343782918326355,44.22556744893392,43.447010693199466,42.45243552456184,0.21935520352531573,0.1361454604553253
/home/iiitn/Datasets/FaceForensics++/manipulated_sequences/Face2Face/c23/videos/548_632.mp4,1,0.023865704223455193,3.1631906362374624,0.11571068923908456,21.894850222269692,5.442721254766722,13.938483077609684,0.11749558196000784,-0.027208336895328224
/home/iiitn/Datasets/FaceForensics++/manipulated_sequences/Face2Face/c23/videos/556_588.mp4,1,0.02559881409222578,6.558856999874115,0.17514194556458962,28.90842202504476,7.275559082192094,67.34075686724178,0.16719375286712254,-0.03435395658375665
/home/iiitn/Datasets/FaceForensics++/manipulated_sequences/Face2Face/c23/videos/557_560.mp4,1,0.018403114426107474,3.976430660088857,0.10338691432413238,22.27509427388509,19.853509346104946,50.43951553060405,0.014147511307006685,0.05606455933326083
/home/iiitn/Datasets/FaceForensics++/manipulated_sequences/Face2Face/c23/videos/554_572.mp4,1,0.023007561568417177,5.134600909550985,0.15373980322289293,30.155805892944336,29.892709271485945,37.466906515696856,0.23607863624361633,0.015516493670292245
/home/iiitn/Datasets/FaceForensics++/manipulated_sequences/Face2Face/c23/videos/552_851.mp4,1,0.023245522827649565,3.2918990588188173,0.18980753638383252,21.077201245625815,1.3973771349235553,40.72934652461967,0.3178264435082829,-0.01705662464785529
/home/iiitn/Datasets/FaceForensics++/manipulated_sequences/Face2Face/c23/videos/560_557.mp4,1,0.009439403265022633,6.091968167622884,0.061287592824691206,44.375950724283854,48.33413231462247,6.189313888775169,0.31333503513875116,0.11621305255294768
/home/iiitn/Datasets/FaceForensics++/manipulated_sequences/Face2Face/c23/videos/563_537.mp4,1,0.026737329552961257,6.901827189127604,0.0935672018749798,36.82920145670573,2.4110179112241252,73.25029613580523,0.23560227616706514,0.146991747840659
/home/iiitn/Datasets/FaceForensics++/manipulated_sequences/Face2Face/c23/videos/558_583.mp4,1,0.015418654701398927,12.318737942377727,0.1566627317985173,33.40194113413493,25.916282969865005,80.24103690599578,0.3195726977267278,0.21010804371873903
/home/iiitn/Datasets/FaceForensics++/manipulated_sequences/Face2Face/c23/videos/559_543.mp4,1,0.02422498939065122,3.7468183517456053,0.11995617956393678,23.507100105285645,25.102226403405766,16.114372044772704,0.37392725412889993,0.13020321993401127
/home/iiitn/Datasets/FaceForensics++/manipulated_sequences/Face2Face/c23/videos/565_589.mp4,1,0.011841207386264251,8.377018976211549,0.045901968265355864,48.88432291666667,32.71168824717083,7.89248055541822,0.11748692215900783,0.17748178079292204
/home/iiitn/Datasets/FaceForensics++/manipulated_sequences/Face2Face/c23/videos/567_606.mp4,1,0.0102089179693149,57.6740621248881,0.08095655328399165,65.9577191988627,23.528048242495956,54.0845508704771,0.20163248794984873,-0.0010334320690593736
/home/iiitn/Datasets/FaceForensics++/manipulated_sequences/Face2Face/c23/videos/555_516.mp4,1,0.022537369564344364,0.5915335218111674,0.13171965162064492,14.114365870157878,23.360828543749786,109.45292964513841,0.23506473432273392,0.20023902081539308
/home/iiitn/Datasets/FaceForensics++/manipulated_sequences/Face2Face/c23/videos/566_617.mp4,1,0.018655134936080727,16.5745504061381,0.12241089749825418,38.29475486755371,26.51388858702586,25.963305138130046,-0.0010928645068308577,0.008595989790523955
/home/iiitn/Datasets/FaceForensics++/manipulated_sequences/Face2Face/c23/videos/561_998.mp4,1,0.017468810505184198,2.8102119819323224,0.09439993227369814,27.61359484354655,21.88613183805883,73.81410472391777,0.052033812633961445,-0.02193228649812966
/home/iiitn/Datasets/FaceForensics++/manipulated_sequences/Face2Face/c23/videos/568_628.mp4,1,0.01973019442011623,6.902445216178894,0.11006391890659029,26.453787002563477,31.155642422585284,19.77422649542511,0.017679195989750072,0.1264279372062668
/home/iiitn/Datasets/FaceForensics++/manipulated_sequences/Face2Face/c23/videos/562_626.mp4,1,0.02314886241799668,3.8607521152496336,0.302857660311024,21.570021743774415,38.69627503080638,27.972483028137177,-0.02965528121985427,0.08609475638849975
/home/iiitn/Datasets/FaceForensics++/manipulated_sequences/Face2Face/c23/videos/564_971.mp4,1,0.009916256710100007,1.0147446592648823,0.05122149838438206,21.94463670094808,2.775996395768698,52.81950749046834,0.19794258671737902,0.07874551400926909
/home/iiitn/Datasets/FaceForensics++/manipulated_sequences/Face2Face/c23/videos/570_624.mp4,1,0.015886429009013565,1.283460868994395,0.07037813731664833,27.470185292561847,19.773059662226107,31.785919426661486,0.2576886829322229,0.14956522991479843
/home/iiitn/Datasets/FaceForensics++/manipulated_sequences/Face2Face/c23/videos/574_547.mp4,1,0.018657801135307614,9.74217364748319,0.12834425939821092,39.61651320139567,44.2203282414497,14.835344605648716,0.6307000315968587,0.19026855577524646
/home/iiitn/Datasets/FaceForensics++/manipulated_sequences/Face2Face/c23/videos/571_746.mp4,1,0.02163421503644325,7.321991737683614,0.1304302795197546,35.50832458496094,16.118249384106505,28.12315223741367,0.08374956725503294,-0.011684986342066783
/home/iiitn/Datasets/FaceForensics++/manipulated_sequences/Face2Face/c23/videos/569_921.mp4,1,0.02998612840499275,0.74577814300855,0.02869113971610171,22.609926312764486,6.19479444729499,11.383730935166655,0.340643967274793,0.15085899726835678
/home/iiitn/Datasets/FaceForensics++/manipulated_sequences/Face2Face/c23/videos/575_603.mp4,1,0.01806485094239215,2.850180835723877,0.12865575826437303,15.924997647603353,24.110677099948642,121.31889221793989,0.21869158910728256,0.08623666242001803
/home/iiitn/Datasets/FaceForensics++/manipulated_sequences/Face2Face/c23/videos/572_554.mp4,1,0.014214681882761463,2.3819209106763206,0.12874375869515653,40.73480298360189,45.76609786326978,6.912316571008694,0.31633609950052594,0.11132521475959047
/home/iiitn/Datasets/FaceForensics++/manipulated_sequences/Face2Face/c23/videos/573_757.mp4,1,0.014732250232299213,1.1531742556889852,0.14341758174105446,14.892882817586264,33.33143049462898,41.919865859984384,0.10427261561508101,-0.05820732862579711
/home/iiitn/Datasets/FaceForensics++/manipulated_sequences/Face2Face/c23/videos/576_155.mp4,1,0.023917678211252038,12.495083309809367,0.1579571981934892,47.726624170939125,43.28150077165796,13.81402302086438,0.3654968844490601,0.18062941964855336
/home/iiitn/Datasets/FaceForensics++/manipulated_sequences/Face2Face/c23/videos/578_636.mp4,1,0.021202221686135975,12.904364862442016,0.08120534281299296,42.236084391276044,9.664201796239007,58.91125859562608,0.2814758766293216,0.0884150701201026
/home/iiitn/Datasets/FaceForensics++/manipulated_sequences/Face2Face/c23/videos/582_172.mp4,1,0.014306299048886799,11.848047355016073,0.10549904748232419,52.430967814127605,24.628379153985467,14.241988345677795,0.11661882151026172,0.11762640342694568
/home/iiitn/Datasets/FaceForensics++/manipulated_sequences/Face2Face/c23/videos/580_524.mp4,1,0.016670731794336185,20.095324738820395,0.20602039187132692,58.728438517252606,15.27542599017308,72.94016788479094,0.1715451776988729,0.02750988219460243
/home/iiitn/Datasets/FaceForensics++/manipulated_sequences/Face2Face/c23/videos/577_593.mp4,1,0.015898220936944128,2.234444042046865,0.08907182354916177,25.101823069254557,16.018315486301027,16.468753509063546,0.06913650337530648,-0.004405560018363479
/home/iiitn/Datasets/FaceForensics++/manipulated_sequences/Face2Face/c23/videos/583_558.mp4,1,0.022817248351239366,9.341511867841085,0.16993693406859178,28.734388364156086,24.484597243005858,28.40247654199841,0.20507508696681886,0.1787103353236447
/home/iiitn/Datasets/FaceForensics++/manipulated_sequences/Face2Face/c23/videos/579_701.mp4,1,0.01993456775782394,2.025067288080851,0.10680976087667848,15.546817417144775,21.941036183259364,47.0048432485139,0.1854417831305449,0.02426612975243951
/home/iiitn/Datasets/FaceForensics++/manipulated_sequences/Face2Face/c23/videos/585_599.mp4,1,0.018925097406207344,5.759628921349844,0.22507159525806963,33.91119068145752,30.510522027899146,50.18632587305089,0.12273260467031312,-0.04903175116612655
/home/iiitn/Datasets/FaceForensics++/manipulated_sequences/Face2Face/c23/videos/584_823.mp4,1,0.015120733225208353,12.597594137191772,0.08214067460703012,34.391570014953615,18.11402923878205,80.90822676387891,0.41894031840615276,-0.005212624410355101
/home/iiitn/Datasets/FaceForensics++/manipulated_sequences/Face2Face/c23/videos/588_556.mp4,1,0.025841504070126607,2.613175713221232,0.13970824075410093,43.739050470987955,33.33801677246883,5.315868107603579,0.14790028087421397,0.09944228456403312
/home/iiitn/Datasets/FaceForensics++/manipulated_sequences/Face2Face/c23/videos/589_565.mp4,1,0.011535060431332718,10.160146598815919,0.07446582641513244,45.407070795694985,18.811242763692825,33.18871680173154,0.16160521172856795,0.03546607760075269
/home/iiitn/Datasets/FaceForensics++/manipulated_sequences/Face2Face/c23/videos/587_535.mp4,1,0.00918187432029834,4.111179428895315,0.13565344256231804,28.87604517618815,20.194728698265664,10.444495917547274,0.16078927489166087,0.053576753853412006
/home/iiitn/Datasets/FaceForensics++/manipulated_sequences/Face2Face/c23/videos/592_500.mp4,1,0.02472740659326798,1.7854070035616556,0.02413655960611094,21.627981147766114,30.37223403681477,60.68621481485376,0.13824732843172974,0.08904778394560604
/home/iiitn/Datasets/FaceForensics++/manipulated_sequences/Face2Face/c23/videos/581_697.mp4,1,0.013870850333344948,0.26968221257130304,0.16399927789739022,10.034473444620769,10.035307341023035,24.697575307073805,0.04928111239587329,-0.08038676889981054
/home/iiitn/Datasets/FaceForensics++/manipulated_sequences/Face2Face/c23/videos/595_597.mp4,1,0.008463951678577428,7.375674807230632,0.05677451068958739,42.824962819417316,22.685556859829656,12.539205426081743,0.5495087073460286,0.1327245267442677
/home/iiitn/Datasets/FaceForensics++/manipulated_sequences/Face2Face/c23/videos/586_223.mp4,1,0.01707813582586937,0.928012610077858,0.09843873178999618,22.228867225646972,6.633178350556832,39.41453530685346,0.3067947995341027,0.24952595324924112
/home/iiitn/Datasets/FaceForensics++/manipulated_sequences/Face2Face/c23/videos/596_609.mp4,1,0.02238852802373946,23.813997230529786,0.13287116681918476,69.95590387980143,14.953255814224843,17.95694852233973,0.1876458288406906,0.05662457804593464
/home/iiitn/Datasets/FaceForensics++/manipulated_sequences/Face2Face/c23/videos/597_595.mp4,1,0.009917546158841908,8.47049859682719,0.08849011615696067,43.89938501993815,2.625437149901227,80.96567644879711,0.21543667290277863,0.12274638293745811
/home/iiitn/Datasets/FaceForensics++/manipulated_sequences/Face2Face/c23/videos/591_605.mp4,1,0.022996955621768674,5.314293243090312,0.1616283313123782,40.247959467569984,19.13784752374815,3.3380309114184645,0.16999378409463872,0.11207358426872562
/home/iiitn/Datasets/FaceForensics++/manipulated_sequences/Face2Face/c23/videos/594_530.mp4,1,0.026547385371409247,5.583529001871745,0.11790036098833334,31.81806204477946,4.733302065248348,38.581778532414006,0.40490414885108034,0.1644234350134613
/home/iiitn/Datasets/FaceForensics++/manipulated_sequences/Face2Face/c23/videos/598_178.mp4,1,0.011879369381279417,35.87251191457113,0.10986298834419528,67.75279273986817,67.4054146871915,27.989724100166676,0.26606475577577443,-0.013504238196021603
/home/iiitn/Datasets/FaceForensics++/manipulated_sequences/Face2Face/c23/videos/601_653.mp4,1,0.010796549128454106,9.890832109451294,0.06867391249472887,35.07276709238688,15.724972899835684,10.419498097147391,0.3200569554543327,0.0811070875388642
/home/iiitn/Datasets/FaceForensics++/manipulated_sequences/Face2Face/c23/videos/600_505.mp4,1,0.018670601132978255,10.005163984298706,0.16668544345558378,34.38162114461263,42.43059232379106,30.820246579316407,-0.017488131944653734,-0.11474409306394798
/home/iiitn/Datasets/FaceForensics++/manipulated_sequences/Face2Face/c23/videos/593_577.mp4,1,0.012582826748796709,1.2208490212758383,0.07237754125142737,23.09193364461263,22.44654150029375,33.227976671724605,0.23788507426060973,0.13585659679187867
/home/iiitn/Datasets/FaceForensics++/manipulated_sequences/Face2Face/c23/videos/590_034.mp4,1,0.03366266553740958,6.891572454770406,0.16498410048960122,27.61658359527588,32.74118869094874,81.21999962226192,0.189753535199616,0.16033628809467912
/home/iiitn/Datasets/FaceForensics++/manipulated_sequences/Face2Face/c23/videos/599_585.mp4,1,0.01802757555278269,3.270145843029022,0.11784687680274264,23.501188507080077,16.7108190026058,60.722281133440276,0.04266819771897841,-0.08633440097523683
/home/iiitn/Datasets/FaceForensics++/manipulated_sequences/Face2Face/c23/videos/606_567.mp4,1,0.010284031273553946,15.866266810099283,0.1028573319992152,52.13292175292969,36.34489465163768,14.962217506529159,0.08827837558652714,-0.11098714729818432
/home/iiitn/Datasets/FaceForensics++/manipulated_sequences/Face2Face/c23/videos/605_591.mp4,1,0.01822440299129094,9.14543568611145,0.21576813178430954,26.13195789337158,29.510539007142246,17.99305692791586,-0.008291215270866235,-0.04767796244121148
/home/iiitn/Datasets/FaceForensics++/manipulated_sequences/Face2Face/c23/videos/608_675.mp4,1,0.009262331122331149,15.8640913327535,0.0735923305859878,43.72793128967285,15.161266371882855,79.58423355874982,0.2474553636623818,-0.038237660275630435
/home/iiitn/Datasets/FaceForensics++/manipulated_sequences/Face2Face/c23/videos/603_575.mp4,1,0.02187057567244309,1.5888791020711264,0.10845635900083028,20.57577616373698,23.930862758613287,34.94369158336566,0.316485074905455,0.036106262468610574
/home/iiitn/Datasets/FaceForensics++/manipulated_sequences/Face2Face/c23/videos/604_703.mp4,1,0.011906101472503143,1.211284943819046,0.027986615371161205,27.072431081136067,57.34536841466533,58.41952460541077,0.09578646126646445,0.02740787487135935
/home/iiitn/Datasets/FaceForensics++/manipulated_sequences/Face2Face/c23/videos/609_596.mp4,1,0.0226531239954148,6.5875799783070885,0.22968197070724172,46.34520436604818,32.84606247880867,39.796859099002155,0.03224028946048184,-0.10875285810782756
/home/iiitn/Datasets/FaceForensics++/manipulated_sequences/Face2Face/c23/videos/602_397.mp4,1,0.02545697217916122,0.5487372142076492,0.18945469466025433,13.012235685984294,13.64449647194452,13.285065110600044,0.16129827754802056,0.08258166496202629
/home/iiitn/Datasets/FaceForensics++/manipulated_sequences/Face2Face/c23/videos/611_760.mp4,1,0.011938589059105453,16.065983622868856,0.12299030489478813,54.7128884379069,34.95483044004769,29.75439557104933,0.1410995836487563,0.03953707571349632
/home/iiitn/Datasets/FaceForensics++/manipulated_sequences/Face2Face/c23/videos/610_692.mp4,1,0.012161588905128128,3.9613158543904623,0.14323226035449843,27.825588353474934,41.13819728319602,5.829380649273665,0.20388979680568015,0.019165353626952264
/home/iiitn/Datasets/FaceForensics++/manipulated_sequences/Face2Face/c23/videos/616_614.mp4,1,0.007098161129651107,5.518869953155518,0.06821998448237887,40.30070167541504,34.154907205595215,31.898122920921743,0.14664478216616794,-0.01820596894056683
/home/iiitn/Datasets/FaceForensics++/manipulated_sequences/Face2Face/c23/videos/607_683.mp4,1,0.017597273705138805,0.20250787963469824,0.061486096910431054,10.442077032725017,11.868758387970631,28.59950156254067,0.1895962545883352,0.10334316770213745
/home/iiitn/Datasets/FaceForensics++/manipulated_sequences/Face2Face/c23/videos/613_685.mp4,1,0.010891379568210667,0.9789497752984365,0.038556682506802,18.07752508799235,49.98436054746928,13.806929393648153,0.30659437763383895,0.2439270064266372
/home/iiitn/Datasets/FaceForensics++/manipulated_sequences/Face2Face/c23/videos/615_687.mp4,1,0.015420980509279321,6.056435529390971,0.17488775991367544,31.382170219421386,45.17653214257847,7.8403415837797095,0.10235652429484644,-0.02854532554226115
/home/iiitn/Datasets/FaceForensics++/manipulated_sequences/Face2Face/c23/videos/612_702.mp4,1,0.0178602298783627,4.331371688842774,0.10695998728761269,21.115528996785482,32.519911008316186,34.332836125547544,0.26639236853553666,-0.05261510217240176
/home/iiitn/Datasets/FaceForensics++/manipulated_sequences/Face2Face/c23/videos/614_616.mp4,1,0.018312790323518142,17.0986754099528,0.14496828896896952,35.8759367497762,48.81593021160645,49.19310020416838,0.15022035926956961,0.07777101562101703
/home/iiitn/Datasets/FaceForensics++/manipulated_sequences/Face2Face/c23/videos/617_566.mp4,1,0.015699785696490675,15.78703877766927,0.10197237694438954,53.34130411783854,38.82215780771411,10.61375569990488,0.17762550313947661,0.08927869444054877
/home/iiitn/Datasets/FaceForensics++/manipulated_sequences/Face2Face/c23/videos/623_630.mp4,1,0.015939069013615643,14.498230365117392,0.11514972776130084,63.94267369588216,28.657085262930263,55.700647387636614,0.05788123401070869,-0.016341924166078117
/home/iiitn/Datasets/FaceForensics++/manipulated_sequences/Face2Face/c23/videos/625_650.mp4,1,0.019972081652218976,5.809537321726481,0.21131583881814708,45.90448369344075,20.654359230114515,31.820954137765554,0.2710251303322093,0.15426902260799571
/home/iiitn/Datasets/FaceForensics++/manipulated_sequences/Face2Face/c23/videos/624_570.mp4,1,0.013757868714311715,13.344256518681844,0.1499011495776471,44.53026194254557,11.569250282866157,48.482634119432795,0.21460197744480491,0.1680933316466351
/home/iiitn/Datasets/FaceForensics++/manipulated_sequences/Face2Face/c23/videos/618_629.mp4,1,0.017309083296565383,17.659961775371006,0.280906940446214,35.889122581481935,33.368425000078304,44.89337101743603,0.5556459162106443,0.44267982096383035
/home/iiitn/Datasets/FaceForensics++/manipulated_sequences/Face2Face/c23/videos/619_620.mp4,1,0.02360159767043833,19.815105635325114,0.1602745069539182,27.86838569641113,36.30799003452003,42.81332645949333,0.29012564245696176,0.15837770219346337
/home/iiitn/Datasets/FaceForensics++/manipulated_sequences/Face2Face/c23/videos/621_546.mp4,1,0.024516100141810233,5.293782200813293,0.14562378955666988,32.78670862833659,49.94804867621426,79.3291355188554,0.028485656536336515,0.07589612162584142
/home/iiitn/Datasets/FaceForensics++/manipulated_sequences/Face2Face/c23/videos/622_647.mp4,1,0.022202792476026734,7.8069237550099695,0.3024808698308663,17.267949638366698,18.244045099654958,41.419147557750186,0.029437020652482517,0.03726967022048564
/home/iiitn/Datasets/FaceForensics++/manipulated_sequences/Face2Face/c23/videos/627_658.mp4,1,0.021208867614015824,16.172923816045124,0.09619155995903195,53.93990529378255,4.121626765724662,55.941721801231836,0.13634690406863173,0.03948495733478936
/home/iiitn/Datasets/FaceForensics++/manipulated_sequences/Face2Face/c23/videos/628_568.mp4,1,0.018991912403114323,4.827258903185527,0.113312293272546,35.77533905029297,7.475352156547847,54.97766334992041,0.24027827210566338,-0.0676928153600312
/home/iiitn/Datasets/FaceForensics++/manipulated_sequences/Face2Face/c23/videos/626_562.mp4,1,0.0193077074758067,6.584111143747966,0.14669308771698875,26.790762990315756,45.20577246096767,11.060341257858449,0.08511082872706167,0.09733849348942805
/home/iiitn/Datasets/FaceForensics++/manipulated_sequences/Face2Face/c23/videos/630_623.mp4,1,0.014038059490613871,5.8497360912958785,0.1532745395796159,38.70567962646484,18.786150712284694,27.901948808293977,0.0839870197440659,0.02382736734617406
/home/iiitn/Datasets/FaceForensics++/manipulated_sequences/Face2Face/c23/videos/620_619.mp4,1,0.020230636881605944,4.335623378753662,0.09147539999058829,31.279212875366213,30.64362006514018,31.867850406264395,0.241119555557178,0.11050307848558273
/home/iiitn/Datasets/FaceForensics++/manipulated_sequences/Face2Face/c23/videos/631_551.mp4,1,0.022445628097792176,85.16090445200602,0.18062852415070263,71.14086540222168,29.32265472358263,41.76894064648656,0.13821814477461425,0.040572583508033416
/home/iiitn/Datasets/FaceForensics++/manipulated_sequences/Face2Face/c23/videos/635_642.mp4,1,0.018673080143857945,9.108531017303466,0.09812232468372206,46.0777549235026,15.27139781023152,52.54813102821517,0.13905532902737533,-0.0016328494951899826
/home/iiitn/Datasets/FaceForensics++/manipulated_sequences/Face2Face/c23/videos/636_578.mp4,1,0.02387485956968455,4.272755647500356,0.1504167296969129,29.48238936106364,11.04425705773889,3.084902658652268,0.3142914958624853,-0.004609675418498482
/home/iiitn/Datasets/FaceForensics++/manipulated_sequences/Face2Face/c23/videos/629_618.mp4,1,0.0161739722086133,1.9150680923461914,0.08179764276089352,22.826575406392415,62.88802786842199,22.386926711769696,0.060751887406382064,0.08899359542175318
/home/iiitn/Datasets/FaceForensics++/manipulated_sequences/Face2Face/c23/videos/633_529.mp4,1,0.019114349092216213,2.1229395985603334,0.07630848649224287,24.40595125834147,23.716705850494225,2.823367116397568,0.11280411092640479,-0.06905567013134369
/home/iiitn/Datasets/FaceForensics++/manipulated_sequences/Face2Face/c23/videos/634_660.mp4,1,0.01604643965759368,3.8214098954200746,0.1294732574998656,24.108130658467612,26.75807823976329,51.12816961329722,0.030451665489420337,-0.059365017994838454
/home/iiitn/Datasets/FaceForensics++/manipulated_sequences/Face2Face/c23/videos/637_427.mp4,1,0.026950411840006717,3.587613758246104,0.0902088974657328,28.225935923258465,1.512560379616049,53.93466093636117,0.22222924044561745,0.2130416200392399
/home/iiitn/Datasets/FaceForensics++/manipulated_sequences/Face2Face/c23/videos/638_640.mp4,1,0.018535500022366775,4.448046056429545,0.07393732884738324,30.987142766316733,30.31937219525938,45.9094368535721,0.2003550411704324,-0.06065445207958775
/home/iiitn/Datasets/FaceForensics++/manipulated_sequences/Face2Face/c23/videos/642_635.mp4,1,0.0196234650219327,24.083313604990643,0.11575279742077516,53.26674634297689,8.53258791689048,9.896303284907733,0.4007609972550643,0.04723370133704159
/home/iiitn/Datasets/FaceForensics++/manipulated_sequences/Face2Face/c23/videos/639_841.mp4,1,0.021838703013080885,6.291693320274353,0.10712914532017914,27.677825482686362,32.095625373721944,72.76655998172659,0.46057305355574324,0.24939858196782144
/home/iiitn/Datasets/FaceForensics++/manipulated_sequences/Face2Face/c23/videos/644_657.mp4,1,0.011184141701841203,10.20453756650289,0.08805706187679019,71.58173461914062,16.548163140792113,34.94300893614445,0.35717982564784945,0.2493483180972547
/home/iiitn/Datasets/FaceForensics++/manipulated_sequences/Face2Face/c23/videos/632_548.mp4,1,0.022978772591471425,2.588415099779765,0.24994635438847568,18.576576385498047,33.21747726255072,44.01841283883148,0.21161190072368136,0.19928782458642227
/home/iiitn/Datasets/FaceForensics++/manipulated_sequences/Face2Face/c23/videos/641_662.mp4,1,0.02162482537897918,2.871441932519277,0.17591768127793017,22.822105229695637,9.427288167139807,40.794654925365805,0.37219536462718966,0.17236330989422693
/home/iiitn/Datasets/FaceForensics++/manipulated_sequences/Face2Face/c23/videos/643_646.mp4,1,0.018860748803428813,4.005698698361715,0.08269901518380907,30.06307315826416,17.25198318634589,72.70152902289087,0.2822518428117137,0.22174241472709447
/home/iiitn/Datasets/FaceForensics++/manipulated_sequences/Face2Face/c23/videos/640_638.mp4,1,0.018651156341406645,4.054761119683584,0.2033805797174738,28.92406757354736,30.424018889957914,34.77375594272781,0.26529902382971565,0.13043230854661958
/home/iiitn/Datasets/FaceForensics++/manipulated_sequences/Face2Face/c23/videos/646_643.mp4,1,0.02006574946794696,2.359385244846344,0.053289774739849305,26.076408704121906,51.25402953806303,63.44347398655232,0.10286938649493131,0.15418229236885334
/home/iiitn/Datasets/FaceForensics++/manipulated_sequences/Face2Face/c23/videos/650_625.mp4,1,0.011968786869023553,16.228404471079507,0.06871765502278138,61.10088493347168,3.054878555771177,32.56670569086943,0.203265892510509,0.15458075612099165
/home/iiitn/Datasets/FaceForensics++/manipulated_sequences/Face2Face/c23/videos/653_601.mp4,1,0.011445990158325701,4.374318961302439,0.08070719555143224,37.75304181416829,18.88959777638057,17.011417590017125,0.1315428225378567,0.1433193155792929
/home/iiitn/Datasets/FaceForensics++/manipulated_sequences/Face2Face/c23/videos/648_654.mp4,1,0.024287805499861752,28.121721850145583,0.16225743202432774,49.165676603381264,30.31604950017675,66.93899731392462,0.5141570879896449,0.39311769504270505
/home/iiitn/Datasets/FaceForensics++/manipulated_sequences/Face2Face/c23/videos/651_835.mp4,1,0.01342134659337973,2.594013107617696,0.08599284033637966,37.40110997517904,18.391691634255075,36.005309117564565,0.2046514723078522,0.1391417506824201
/home/iiitn/Datasets/FaceForensics++/manipulated_sequences/Face2Face/c23/videos/649_816.mp4,1,0.032735759212988665,3.6526179949442548,0.05383494606215422,40.78702860514323,12.94194476387386,50.030860322841924,0.21332434286069082,0.06548136635210254
/home/iiitn/Datasets/FaceForensics++/manipulated_sequences/Face2Face/c23/videos/654_648.mp4,1,0.018313449770953942,25.254965515136718,0.1023768200475218,75.35196268717448,1.918210692999271,87.37104991259031,0.104545837514871,0.07923808893106365
/home/iiitn/Datasets/FaceForensics++/manipulated_sequences/Face2Face/c23/videos/655_444.mp4,1,0.01643918925738985,23.437914787928264,0.10158180083228441,44.78924201965332,45.564222535674055,18.982868079749174,0.059858658437624175,-0.06221079903188051
/home/iiitn/Datasets/FaceForensics++/manipulated_sequences/Face2Face/c23/videos/652_773.mp4,1,0.015961942249895472,1.2557329026858013,0.12778883636248273,21.331838874816896,26.504729935511566,94.31932775403872,0.15278235533981765,0.04982503433869985
/home/iiitn/Datasets/FaceForensics++/manipulated_sequences/Face2Face/c23/videos/645_688.mp4,1,0.01670256956732148,1.6038889316717784,0.1827518791848992,22.96874501546224,25.397799983405253,61.817877719759224,0.10401222789202863,-0.07627969397614529
/home/iiitn/Datasets/FaceForensics++/manipulated_sequences/Face2Face/c23/videos/656_666.mp4,1,0.01954479112319091,23.90963182449341,0.11745831551812425,46.49507965087891,12.095118970791301,41.756390200397725,0.2741371044804722,-0.01865702043318
/home/iiitn/Datasets/FaceForensics++/manipulated_sequences/Face2Face/c23/videos/657_644.mp4,1,0.01881120361534515,25.262081359227498,0.09616151704167175,53.398525365193684,7.515165150830596,7.503409095768886,0.22512853202396915,0.13404747024872038
/home/iiitn/Datasets/FaceForensics++/manipulated_sequences/Face2Face/c23/videos/659_749.mp4,1,0.01679748308539611,7.119953136444092,0.050940776986036385,32.79974554697672,22.756351384097755,27.22184074464931,0.34380540260917863,0.0693994582317964
/home/iiitn/Datasets/FaceForensics++/manipulated_sequences/Face2Face/c23/videos/658_627.mp4,1,0.01652945735212522,24.87012144724528,0.0615158299175429,49.27263636271159,18.795827150112792,16.701821939283995,0.22994491255494592,0.1008007009544112
/home/iiitn/Datasets/FaceForensics++/manipulated_sequences/Face2Face/c23/videos/663_231.mp4,1,0.011454505999606464,35.74755650838216,0.0756728768166487,74.47828399658204,26.550799196289397,4.023977297147563,0.16901393825462196,0.03437756396882124
/home/iiitn/Datasets/FaceForensics++/manipulated_sequences/Face2Face/c23/videos/665_679.mp4,1,0.007471715396713586,5.737018314997355,0.04563092939434488,42.190820973714196,31.381534403093724,26.74420343618726,0.30893924049186183,0.18882069000200705
/home/iiitn/Datasets/FaceForensics++/manipulated_sequences/Face2Face/c23/videos/666_656.mp4,1,0.01444886314267385,54.87294047037761,0.09294423842397692,86.85600886027018,25.709329701006627,58.64241507237853,0.13872523903371117,0.05599483068563289
/home/iiitn/Datasets/FaceForensics++/manipulated_sequences/Face2Face/c23/videos/662_641.mp4,1,0.021946522332297234,5.369611795743307,0.0548742914576168,30.095247484842936,21.694957838672654,114.0504378176336,0.14670255754193195,0.10853272141234595
/home/iiitn/Datasets/FaceForensics++/manipulated_sequences/Face2Face/c23/videos/660_634.mp4,1,0.0320779022749417,6.615900515715281,0.22238858212393942,33.76467035929362,33.93284497501933,36.356663380431904,0.19464990638146396,0.09697077400381934
/home/iiitn/Datasets/FaceForensics++/manipulated_sequences/Face2Face/c23/videos/664_668.mp4,1,0.022344329182461143,9.889749879837035,0.16097839161401972,37.548095626831056,45.18253727815532,95.24524505787299,0.20501640136211646,-0.0034749459437261442
/home/iiitn/Datasets/FaceForensics++/manipulated_sequences/Face2Face/c23/videos/668_664.mp4,1,0.015186430653467595,8.268089529673258,0.03956926082984391,37.06435078938802,4.540758508139069,63.144215315830344,0.2560711473850318,0.19930754866039208
/home/iiitn/Datasets/FaceForensics++/manipulated_sequences/Face2Face/c23/videos/661_670.mp4,1,0.016437587398067242,5.248478162288666,0.09646742896726712,36.13474072774251,41.09429855812153,11.396185017141358,0.10971468740750362,0.023364105259307037
/home/iiitn/Datasets/FaceForensics++/manipulated_sequences/Face2Face/c23/videos/669_682.mp4,1,0.01087075481394441,9.51503163019816,0.24907378776208344,42.23167981465657,38.46818618222568,19.16566424065411,0.19638293630032036,0.043487213969600876
/home/iiitn/Datasets/FaceForensics++/manipulated_sequences/Face2Face/c23/videos/670_661.mp4,1,0.018314882121371445,12.654469499588012,0.09966796577376957,52.26722717285156,31.14576071710635,29.976734791733872,0.16412457934899238,0.18384462831782641
/home/iiitn/Datasets/FaceForensics++/manipulated_sequences/Face2Face/c23/videos/673_728.mp4,1,0.02055668468577667,7.367819193204244,0.21419300961972032,35.20459846496582,37.93897159975399,32.9655862497344,0.22985427047248466,0.07413265140781224
/home/iiitn/Datasets/FaceForensics++/manipulated_sequences/Face2Face/c23/videos/674_744.mp4,1,0.017528291433539116,18.100294087727864,0.08438960831658227,55.02637591044108,26.578210645196023,45.082494501983405,0.10461911522504609,-0.034025047415301705
/home/iiitn/Datasets/FaceForensics++/manipulated_sequences/Face2Face/c23/videos/675_608.mp4,1,0.011136982766573192,26.234886315663655,0.16214784027551465,38.34718734741211,21.884027439523347,28.099980101808104,0.1183948629566176,-0.08609833745868331
/home/iiitn/Datasets/FaceForensics++/manipulated_sequences/Face2Face/c23/videos/671_677.mp4,1,0.011699951607989733,2.28438525557518,0.06504657743185249,27.06512619018555,4.284176559821532,60.83867755520662,0.07512695715660929,-0.09808112959389353
/home/iiitn/Datasets/FaceForensics++/manipulated_sequences/Face2Face/c23/videos/679_665.mp4,1,0.013058740681611242,10.179618965784709,0.04926001648319711,56.763199462890626,22.07659608449232,14.129267757637605,0.25943599359799285,0.05515378878030468
/home/iiitn/Datasets/FaceForensics++/manipulated_sequences/Face2Face/c23/videos/672_720.mp4,1,0.020171381258514205,3.8629016240437823,0.1530357827587342,30.276385459899902,19.44770968193147,83.58640615542923,0.2014811829886865,0.04273604845246871
/home/iiitn/Datasets/FaceForensics++/manipulated_sequences/Face2Face/c23/videos/676_776.mp4,1,0.025165796905407913,7.296261801719665,0.12541545104893415,40.96813145955404,38.48144258661114,3.713806880844076,0.2325648027928026,-0.015066349983322503
/home/iiitn/Datasets/FaceForensics++/manipulated_sequences/Face2Face/c23/videos/667_446.mp4,1,0.020800980678544963,1.3260347072283427,0.03259426804161536,15.845032087961833,7.522940986113693,50.524113311465264,0.06568015206132888,0.02055949812089387
/home/iiitn/Datasets/FaceForensics++/manipulated_sequences/Face2Face/c23/videos/680_486.mp4,1,0.016405409811878605,29.672259724934896,0.1646204633664975,60.86647707621257,28.77035136633199,17.469274420222913,0.12226873498854793,0.00856674724741399
/home/iiitn/Datasets/FaceForensics++/manipulated_sequences/Face2Face/c23/videos/677_671.mp4,1,0.020132664160043494,1.3190141745408377,0.13221683726201938,23.263636932373046,27.69693851260226,31.35341002919663,0.26706130770426556,0.015844913324004988
/home/iiitn/Datasets/FaceForensics++/manipulated_sequences/Face2Face/c23/videos/682_669.mp4,1,0.011541074371691105,28.679207229614256,0.1172525983794539,63.961024347941084,33.831056212348216,54.81062274426377,0.06732031116031749,0.10258302429687435
/home/iiitn/Datasets/FaceForensics++/manipulated_sequences/Face2Face/c23/videos/681_711.mp4,1,0.0292497795652199,0.670543577671051,0.06778554782597901,14.595807291666667,34.676123040984024,9.142301155361064,0.23495425284991736,0.22382971139446547
/home/iiitn/Datasets/FaceForensics++/manipulated_sequences/Face2Face/c23/videos/686_696.mp4,1,0.025936966375389878,25.057413405063105,0.25845138982783866,32.73605623432234,38.522386745640205,55.77045127429402,0.27086585813007347,0.029400864178281375
/home/iiitn/Datasets/FaceForensics++/manipulated_sequences/Face2Face/c23/videos/685_613.mp4,1,0.01467074845374233,1.2384138584136963,0.07664847118719087,18.927949930826824,29.74780967571587,19.045054369839864,0.2401906086675642,-0.06756017674214322
/home/iiitn/Datasets/FaceForensics++/manipulated_sequences/Face2Face/c23/videos/689_690.mp4,1,0.01640021517223002,13.748936710357667,0.10178618936021722,35.04394617716471,32.263106156115334,27.43977220752285,0.13979530515490823,-0.015192100404858223
/home/iiitn/Datasets/FaceForensics++/manipulated_sequences/Face2Face/c23/videos/687_615.mp4,1,0.012613922729322838,5.759266907374064,0.06406687780144693,33.9685431543986,21.51021593730473,4.696144235133163,0.09167632257196835,0.07843100619390726
/home/iiitn/Datasets/FaceForensics++/manipulated_sequences/Face2Face/c23/videos/688_645.mp4,1,0.02107261911613597,1.3667713042100271,0.20478685861110746,20.558430252075194,25.436725372216372,51.922243100632116,0.1558867041851797,0.053630625692447684
/home/iiitn/Datasets/FaceForensics++/manipulated_sequences/Face2Face/c23/videos/690_689.mp4,1,0.013965839112900336,9.662936846415201,0.09189948746142085,31.885121180216473,34.8819973458399,26.37909671910295,0.10180850831582192,0.16687932111181547
/home/iiitn/Datasets/FaceForensics++/manipulated_sequences/Face2Face/c23/videos/678_460.mp4,1,0.018916481746810612,0.6112870272000631,0.09276190353846492,14.968961505889892,29.56004254631989,56.806736626052455,0.3898301161667553,0.11350156233977869
/home/iiitn/Datasets/FaceForensics++/manipulated_sequences/Face2Face/c23/videos/693_698.mp4,1,0.014100357244777281,4.802966812451681,0.059167430703799706,40.66569839477539,16.743384493325358,18.196237543918347,0.09391584298773206,0.1597823517517504
/home/iiitn/Datasets/FaceForensics++/manipulated_sequences/Face2Face/c23/videos/684_717.mp4,1,0.01867241492114584,3.7951779731114708,0.056640717962337606,29.287955525716146,24.54086223460081,19.1254901296577,0.12066346367509712,0.04898908462280086
/home/iiitn/Datasets/FaceForensics++/manipulated_sequences/Face2Face/c23/videos/683_607.mp4,1,0.015225972810266225,1.7108596845467885,0.3225844742240128,17.407249501546225,19.881224780473335,15.861988451287345,0.17601899576857633,0.22197308607147662
/home/iiitn/Datasets/FaceForensics++/manipulated_sequences/Face2Face/c23/videos/694_767.mp4,1,0.014508429558270813,11.397147798538208,0.04859547940615039,40.630500361124675,9.860265230886442,36.05290239699567,0.33493774903989043,0.028902172463055813
/home/iiitn/Datasets/FaceForensics++/manipulated_sequences/Face2Face/c23/videos/691_732.mp4,1,0.01420801742187345,9.919339027404785,0.06128299877944288,51.63503524780273,24.29997035376659,47.004442243573955,0.2371203535226361,0.12095300830239958
/home/iiitn/Datasets/FaceForensics++/manipulated_sequences/Face2Face/c23/videos/696_686.mp4,1,0.022815238328924257,7.2852053531010945,0.1846864021815685,40.966840209960935,14.440758523592933,57.2046774650852,0.09028398295243956,0.14910268498834614
/home/iiitn/Datasets/FaceForensics++/manipulated_sequences/Face2Face/c23/videos/692_610.mp4,1,0.012793426564247217,3.971608360608419,0.03726285909153493,27.429395179748536,33.243692607831825,19.122064942368763,0.1061233737190181,0.03784685043478065
/home/iiitn/Datasets/FaceForensics++/manipulated_sequences/Face2Face/c23/videos/698_693.mp4,1,0.01997453409506251,9.01858861287435,0.17536709501956693,37.140772336324055,12.499673094275424,49.02182985444379,-0.07543034509952554,0.036616772371534156
/home/iiitn/Datasets/FaceForensics++/manipulated_sequences/Face2Face/c23/videos/699_734.mp4,1,0.011012920871949314,14.64857148806254,0.08911824989987294,43.446663029988606,25.94149081623383,57.55500244202306,0.3062689800439001,0.18339042795945043
/home/iiitn/Datasets/FaceForensics++/manipulated_sequences/Face2Face/c23/videos/697_581.mp4,1,0.02517052896331787,0.7555288594961166,0.07843682256537898,17.781141293843586,1.2043059453770195,24.149028662757104,0.18320097622638548,0.07219086775325692
/home/iiitn/Datasets/FaceForensics++/manipulated_sequences/Face2Face/c23/videos/704_723.mp4,1,0.008546822119528525,16.18055046717326,0.06261558791029165,72.07819135030111,24.633174622025816,63.23783989765376,0.10216618153026932,0.013403034894184302
/home/iiitn/Datasets/FaceForensics++/manipulated_sequences/Face2Face/c23/videos/700_813.mp4,1,0.014257221745119134,0.8443434236447016,0.20683677766439412,11.291635551452636,29.95503166875643,26.288206346004486,0.2534835370211485,0.0909857630959469
/home/iiitn/Datasets/FaceForensics++/manipulated_sequences/Face2Face/c23/videos/702_612.mp4,1,0.021912926847898997,5.629538248380025,0.06695849276121135,38.91114400227865,22.666035588494957,52.736409667019814,0.4318956564147273,0.20327527921634095
/home/iiitn/Datasets/FaceForensics++/manipulated_sequences/Face2Face/c23/videos/705_707.mp4,1,0.01163861175666791,9.095604124069213,0.08061964850443915,43.60627975463867,16.447692986647663,68.69358161859891,0.2266089118392636,0.06374879594066028
/home/iiitn/Datasets/FaceForensics++/manipulated_sequences/Face2Face/c23/videos/703_604.mp4,1,0.026375188810176548,3.5974137004216513,0.21128020608238918,30.244457715352375,18.554574684485754,31.977638311360156,0.43194906030887986,0.3635770384685696
/home/iiitn/Datasets/FaceForensics++/manipulated_sequences/Face2Face/c23/videos/695_422.mp4,1,0.024358786038522134,0.5079429541031519,0.15395017011350176,14.957829697926838,24.06567735495269,60.16277119645563,0.13267693585242185,-0.05580572554537783
/home/iiitn/Datasets/FaceForensics++/manipulated_sequences/Face2Face/c23/videos/707_705.mp4,1,0.01570741310293444,26.61987958908081,0.10874261744196922,46.08356137593587,31.713646468736,30.242098762361383,0.09965993485854445,-0.02535343159122623
/home/iiitn/Datasets/FaceForensics++/manipulated_sequences/Face2Face/c23/videos/710_788.mp4,1,0.01137656011216917,8.44250690460205,0.06154958595775406,44.55253336588542,26.047402661876227,49.649309523533866,0.15299077116119444,0.07938214844840172
/home/iiitn/Datasets/FaceForensics++/manipulated_sequences/Face2Face/c23/videos/701_579.mp4,1,0.02330107468551409,1.2392323505878449,0.06276055329830466,20.610921897888183,12.015298281209656,35.15933845935344,0.2039358330150549,0.023059152297579908
/home/iiitn/Datasets/FaceForensics++/manipulated_sequences/Face2Face/c23/videos/712_716.mp4,1,0.019089063450579574,23.029298633134285,0.15991572540840837,61.71363796830988,36.797165340017514,62.33365035364163,0.30616866536048065,0.18905251100576909
/home/iiitn/Datasets/FaceForensics++/manipulated_sequences/Face2Face/c23/videos/706_479.mp4,1,0.024148284790206927,1.409199981490771,0.2819446482724708,15.987090117136637,5.3627257336140675,11.322559399190325,0.10804489116787674,-0.052328062266481845
/home/iiitn/Datasets/FaceForensics++/manipulated_sequences/Face2Face/c23/videos/715_721.mp4,1,0.012715381572859272,4.266292834281922,0.10035353730021435,34.43756633758545,20.28879394952608,45.60239124579618,0.22780544307205508,0.03992204995695986
/home/iiitn/Datasets/FaceForensics++/manipulated_sequences/Face2Face/c23/videos/714_842.mp4,1,0.01712764662372772,4.849602166811625,0.10265628744564914,35.06200566609701,23.066346769370575,74.99785688151856,0.16293836286241242,0.20075972001934436
/home/iiitn/Datasets/FaceForensics++/manipulated_sequences/Face2Face/c23/videos/708_772.mp4,1,0.01527886631266008,4.343550697962443,0.1537549080366184,32.833520062764485,24.331262959869637,3.0502594513081824,0.07908497590747071,-0.13106212552339272
/home/iiitn/Datasets/FaceForensics++/manipulated_sequences/Face2Face/c23/videos/716_712.mp4,1,0.021815952294746317,29.327642911275227,0.10052988450969802,55.04325319925944,18.00371070206995,41.399831734173816,0.07489723439854601,-0.08606259895375472
/home/iiitn/Datasets/FaceForensics++/manipulated_sequences/Face2Face/c23/videos/720_672.mp4,1,0.028422210987025416,2.7015193470319114,0.05860078126535784,31.21765380859375,46.887460899286765,20.838283627999317,0.2931374800706656,0.19368093808575204
/home/iiitn/Datasets/FaceForensics++/manipulated_sequences/Face2Face/c23/videos/719_737.mp4,1,0.013634400543359772,22.586175944010417,0.06388254121103376,37.31689404805501,28.635594272028513,10.687575535295732,0.15854024894999372,0.015960385090097815
/home/iiitn/Datasets/FaceForensics++/manipulated_sequences/Face2Face/c23/videos/713_726.mp4,1,0.019149206045723142,2.1001413667202,0.2656319709071029,29.21565134684245,23.5653069395388,36.13181313070808,0.053189732265781386,-0.08792547753587784
/home/iiitn/Datasets/FaceForensics++/manipulated_sequences/Face2Face/c23/videos/717_684.mp4,1,0.02006666573948715,2.0827132209142047,0.10061207435227626,27.056348965962727,14.984617010299013,53.88878029457164,0.2095840742117801,0.1571871130771284
/home/iiitn/Datasets/FaceForensics++/manipulated_sequences/Face2Face/c23/videos/721_715.mp4,1,0.018214233595165073,6.558004382451375,0.20620181650519542,30.799772135416667,26.877130249399972,13.858666161042457,0.16495276712891782,0.12510662108829315
/home/iiitn/Datasets/FaceForensics++/manipulated_sequences/Face2Face/c23/videos/709_390.mp4,1,0.024606682806489394,2.98064071893692,0.306330519925226,26.8551353708903,18.958500982777405,13.46962078174922,0.5150102917446949,0.21569863736532024
/home/iiitn/Datasets/FaceForensics++/manipulated_sequences/Face2Face/c23/videos/723_704.mp4,1,0.014609933296619197,9.744659001032511,0.09206150814688219,37.09112840016683,26.801953489114297,50.7287971515492,0.09820294661344472,0.11888094686124905
/home/iiitn/Datasets/FaceForensics++/manipulated_sequences/Face2Face/c23/videos/711_681.mp4,1,0.01119138832100245,3.2745937005678813,0.13188790426460673,33.34926466623942,23.29222583497481,11.141217277764522,0.1572242406244409,-0.00032244536655634873
/home/iiitn/Datasets/FaceForensics++/manipulated_sequences/Face2Face/c23/videos/728_673.mp4,1,0.026800911758809515,10.601453380584717,0.20002666020187043,49.71044738769531,8.019942602284182,97.80151848649552,0.2532636999366978,0.18737134799267993
/home/iiitn/Datasets/FaceForensics++/manipulated_sequences/Face2Face/c23/videos/727_729.mp4,1,0.02096784992906168,9.828407193819682,0.19684268388183335,31.533039347330728,14.762179421698278,56.24814590876779,0.07923587857891701,-0.02516419312272672
/home/iiitn/Datasets/FaceForensics++/manipulated_sequences/Face2Face/c23/videos/718_972.mp4,1,0.017307052783600892,0.9456568217277527,0.21759494621153674,20.033826141357423,10.669717689914803,29.356669695864813,0.15952396148602255,0.006734819125452225
/home/iiitn/Datasets/FaceForensics++/manipulated_sequences/Face2Face/c23/videos/729_727.mp4,1,0.014881355545537545,11.979807494481404,0.05685370077589025,37.21293417612711,28.010004884661164,42.751510168851404,0.04092388741918428,-0.10303340675833911
/home/iiitn/Datasets/FaceForensics++/manipulated_sequences/Face2Face/c23/videos/722_458.mp4,1,0.023895587448456858,4.937494173916903,0.15137100271832016,28.464455275102097,28.57806446907944,16.501788737866093,0.18027218851747537,0.05354677345814752
/home/iiitn/Datasets/FaceForensics++/manipulated_sequences/Face2Face/c23/videos/725_724.mp4,1,0.014730738108097444,0.7687318058808644,0.09748424878421169,21.562394053141276,4.958895113169,42.28998720168717,0.24382569810507798,0.10447134711207987
/home/iiitn/Datasets/FaceForensics++/manipulated_sequences/Face2Face/c23/videos/731_741.mp4,1,0.01874295568320817,25.90745672861735,0.09080073061496796,50.02647773742676,20.087972543351633,72.91586693729616,0.18457558175849087,0.016488025984959145
/home/iiitn/Datasets/FaceForensics++/manipulated_sequences/Face2Face/c23/videos/732_691.mp4,1,0.01900079421241745,8.741702744166057,0.1377958039602899,40.14337239583333,24.807561911407365,21.966407488653374,0.15293846031719652,-0.02650254359466231
/home/iiitn/Datasets/FaceForensics++/manipulated_sequences/Face2Face/c23/videos/735_774.mp4,1,0.019557656326385252,7.017674342791239,0.08985930500184902,47.44087315877279,24.691820173995904,32.727588400656735,0.08695746208784462,0.11394860328076345
/home/iiitn/Datasets/FaceForensics++/manipulated_sequences/Face2Face/c23/videos/736_785.mp4,1,0.02381307336164717,7.28201696395874,0.12483983898943907,37.525163930257165,40.8037172700944,2.24962618556396,0.3532214227650448,0.1163106254271608
/home/iiitn/Datasets/FaceForensics++/manipulated_sequences/Face2Face/c23/videos/734_699.mp4,1,0.011832082406927716,5.807093162536621,0.20855263919531197,43.543125508626304,21.707341052593236,64.27296108266724,0.05603089400964173,-0.09107613141373344
/home/iiitn/Datasets/FaceForensics++/manipulated_sequences/Face2Face/c23/videos/737_719.mp4,1,0.015594067328012889,29.86589699427287,0.1384952163415979,60.03818407694499,11.45487732359317,64.12550602299585,-0.017849517104436028,-0.10315011784983415
/home/iiitn/Datasets/FaceForensics++/manipulated_sequences/Face2Face/c23/videos/730_815.mp4,1,0.023266997075792696,6.9872707271575925,0.15174110531491192,37.51346265157064,43.619103593973016,50.27757636007044,0.16894946573927025,0.20102175758669763
/home/iiitn/Datasets/FaceForensics++/manipulated_sequences/Face2Face/c23/videos/726_713.mp4,1,0.021065868534278897,0.8217067420482635,0.2133033393170507,11.174576765696207,23.194160869043813,65.44106524167168,0.12254112239819026,-0.14457491432023867
/home/iiitn/Datasets/FaceForensics++/manipulated_sequences/Face2Face/c23/videos/733_935.mp4,1,0.009063597102627432,1.9962353853384653,0.08990823703495221,18.525211232503256,10.084222015137087,1.430078460312307,0.24329655480447349,0.12043323773553867
/home/iiitn/Datasets/FaceForensics++/manipulated_sequences/Face2Face/c23/videos/724_725.mp4,1,0.017599862246872648,0.39908613135417303,0.17676022483144627,11.747020823160808,15.539198333224327,53.03443553538213,0.19419697013264078,-0.016005389988636706
/home/iiitn/Datasets/FaceForensics++/manipulated_sequences/Face2Face/c23/videos/741_731.mp4,1,0.012773569677930335,8.006600208282471,0.0787027304959037,39.7102761332194,45.5344617124259,49.553412181548744,0.0985816376716434,0.040397328944244776
/home/iiitn/Datasets/FaceForensics++/manipulated_sequences/Face2Face/c23/videos/742_775.mp4,1,0.011527270829642526,8.714346852302551,0.0616132042210038,40.68208391825358,13.696838137032422,36.10722767778684,0.1375366808146333,-0.10027940328046597
/home/iiitn/Datasets/FaceForensics++/manipulated_sequences/Face2Face/c23/videos/738_804.mp4,1,0.01281455341942115,9.980473982493082,0.1429770702531249,27.51896423339844,23.174581830009288,18.73715586512837,0.4802936701907575,0.194301359296018
/home/iiitn/Datasets/FaceForensics++/manipulated_sequences/Face2Face/c23/videos/739_865.mp4,1,0.017420709058324876,12.868374942143758,0.04622065627084915,37.0330344136556,34.74355770246184,41.38913114644091,0.1230048223438202,0.05818614136047768
/home/iiitn/Datasets/FaceForensics++/manipulated_sequences/Face2Face/c23/videos/744_674.mp4,1,0.019427371532041226,36.24966154734294,0.19571530294016837,55.98242914835612,55.322319264575874,12.774019844382282,0.052101695572372056,0.021090382761931478
/home/iiitn/Datasets/FaceForensics++/manipulated_sequences/Face2Face/c23/videos/745_777.mp4,1,0.011457979229290786,3.3841526095072427,0.03019161208235599,36.61025218963623,22.795786590873345,24.534301971433127,0.17797784065967284,0.07068103633998812
/home/iiitn/Datasets/FaceForensics++/manipulated_sequences/Face2Face/c23/videos/743_750.mp4,1,0.014898449953895181,1.3896033279101054,0.14368542456548505,19.828435503641764,25.57232778773769,24.358250679903975,0.2300367650203473,0.2241458988532896
/home/iiitn/Datasets/FaceForensics++/manipulated_sequences/Face2Face/c23/videos/747_854.mp4,1,0.010504558911224614,0.9922079924742381,0.02219256692442162,21.034145050048828,24.209273417910868,82.61159284872862,0.4306155513632229,0.16693844286318144
/home/iiitn/Datasets/FaceForensics++/manipulated_sequences/Face2Face/c23/videos/751_752.mp4,1,0.013921502565132677,4.527696310679118,0.1618693727362528,40.28882708231608,42.34782354470562,98.81378595731849,0.21952819923059966,0.13248814464917716
/home/iiitn/Datasets/FaceForensics++/manipulated_sequences/Face2Face/c23/videos/749_659.mp4,1,0.01964594399808886,5.43586551507314,0.15403553159812355,37.3998051961263,38.439043127373324,24.827252310225038,0.11561109668142097,0.019366806248355024
/home/iiitn/Datasets/FaceForensics++/manipulated_sequences/Face2Face/c23/videos/746_571.mp4,1,0.01811232313635355,5.926944861412048,0.08351595721555838,31.22391403198242,34.40674933742477,15.302764478540745,0.05139510047000875,0.048477656918188915
/home/iiitn/Datasets/FaceForensics++/manipulated_sequences/Face2Face/c23/videos/748_355.mp4,1,0.018546998648376518,0.7707342125972112,0.18845799564864252,16.15853136698405,9.033671231866617,127.38603998935763,0.1691951857751809,0.16902531091438883
/home/iiitn/Datasets/FaceForensics++/manipulated_sequences/Face2Face/c23/videos/755_759.mp4,1,0.012034989810150583,12.909526878992716,0.045631683878442963,33.81603642781575,21.405574763274558,50.4056466829503,0.20090439800474766,0.1261874304146314
/home/iiitn/Datasets/FaceForensics++/manipulated_sequences/Face2Face/c23/videos/752_751.mp4,1,0.018016881248861208,4.03624769449234,0.12749570406010435,25.401180941263835,21.904531213290248,56.67861165729127,0.16701304109914977,0.0836515010052795
/home/iiitn/Datasets/FaceForensics++/manipulated_sequences/Face2Face/c23/videos/756_503.mp4,1,0.024837981787505098,31.36863817214966,0.33377863426876475,45.47325309753418,40.22431168708811,21.2881393749689,0.23617345991761526,0.10534354383331783
/home/iiitn/Datasets/FaceForensics++/manipulated_sequences/Face2Face/c23/videos/754_758.mp4,1,0.01478418320142626,2.5165410312016805,0.044610545768463905,28.85297585805257,29.42016306917119,31.766628836032965,0.15619666227651732,0.11134111650794108
/home/iiitn/Datasets/FaceForensics++/manipulated_sequences/Face2Face/c23/videos/750_743.mp4,1,0.03145017430041301,1.6509729810555775,0.07418937280106652,28.370547065734865,25.17501244025811,19.239880830758427,0.1542367430859014,0.21868331697525736
/home/iiitn/Datasets/FaceForensics++/manipulated_sequences/Face2Face/c23/videos/758_754.mp4,1,0.020582273140625787,8.253912436167399,0.04341944442668033,42.20318606058756,42.067862611606564,53.13715596149496,0.306315823171236,0.17442755966519577
/home/iiitn/Datasets/FaceForensics++/manipulated_sequences/Face2Face/c23/videos/740_796.mp4,1,0.031413130426019835,15.545257619563365,0.2351075230647911,51.044484260098244,26.167613545526223,29.6172085075795,0.5939855498065164,0.22600111181580085
/home/iiitn/Datasets/FaceForensics++/manipulated_sequences/Face2Face/c23/videos/757_573.mp4,1,0.02100822696019507,3.8301110092798867,0.14470238953347692,27.448789723714192,36.26475927780716,29.570428594831526,0.38778214163097535,0.11109166515234058
/home/iiitn/Datasets/FaceForensics++/manipulated_sequences/Face2Face/c23/videos/760_611.mp4,1,0.011318365439053246,5.124463314215342,0.2048093790921507,40.28177917480469,20.403064622483473,7.219025890103917,0.24133737479057998,0.04759454817040626
/home/iiitn/Datasets/FaceForensics++/manipulated_sequences/Face2Face/c23/videos/761_766.mp4,1,0.015227825139215894,10.236633877754212,0.1799980437218628,39.43330534617106,35.774359078965205,9.094537970612812,0.07100075226578809,-0.08115889866553941
/home/iiitn/Datasets/FaceForensics++/manipulated_sequences/Face2Face/c23/videos/762_832.mp4,1,0.02589975238621309,27.14101526896159,0.2500699960389515,43.346188659667966,45.903411107224166,6.512812285459563,0.13430461794456142,-0.0615148472575617
/home/iiitn/Datasets/FaceForensics++/manipulated_sequences/Face2Face/c23/videos/763_930.mp4,1,0.028117798034509194,13.467699874242147,0.1413362804690369,61.87249188741048,34.43672115836237,3.6071823331419486,0.1703973889054682,0.09902265636759384
/home/iiitn/Datasets/FaceForensics++/manipulated_sequences/Face2Face/c23/videos/766_761.mp4,1,0.012207733774348752,15.058502283096313,0.1283296655747438,64.1159014638265,10.334737575069926,48.538936544624356,0.3569424583944511,-0.011492225171973229
/home/iiitn/Datasets/FaceForensics++/manipulated_sequences/Face2Face/c23/videos/753_789.mp4,1,0.01966127852123057,2.490928241411845,0.3242444565024878,25.40517011006673,19.493207620802533,32.36304329071131,0.2224789389015657,0.18755440814760493
/home/iiitn/Datasets/FaceForensics++/manipulated_sequences/Face2Face/c23/videos/767_694.mp4,1,0.016605702859527997,3.8605952898661298,0.042785422442506715,32.91518870035807,20.953305710304168,56.828079397700726,0.32412971163476584,0.14642130913590573
/home/iiitn/Datasets/FaceForensics++/manipulated_sequences/Face2Face/c23/videos/765_867.mp4,1,0.028387847966761602,15.449269278844197,0.28713178383173577,50.34930859883627,26.764605186229822,8.543374568909366,0.17823726601577242,0.022319400443758585
/home/iiitn/Datasets/FaceForensics++/manipulated_sequences/Face2Face/c23/videos/771_849.mp4,1,0.01691916996124162,25.80358076731364,0.0493942010556947,63.31509468078613,45.9821989709665,15.186133415970689,0.006495819887790428,0.030029262022371928
/home/iiitn/Datasets/FaceForensics++/manipulated_sequences/Face2Face/c23/videos/768_793.mp4,1,0.019275337175955427,1.4983750355243683,0.12097337442313594,21.262418721516926,15.758473101497032,49.547039613238525,0.24133592382797342,-0.07767368028294643
/home/iiitn/Datasets/FaceForensics++/manipulated_sequences/Face2Face/c23/videos/770_791.mp4,1,0.024329026975066684,26.910862865448,0.10358851076082254,41.21837247212728,30.36265126555417,15.204254427696524,0.3767019666113959,0.24064158939906732
/home/iiitn/Datasets/FaceForensics++/manipulated_sequences/Face2Face/c23/videos/774_735.mp4,1,0.0139183118003433,10.604651521046957,0.15030900628781885,36.24052619934082,19.165664279048826,66.54122384607717,0.17303649033173446,0.16345461198007002
/home/iiitn/Datasets/FaceForensics++/manipulated_sequences/Face2Face/c23/videos/772_708.mp4,1,0.0282334489330545,1.9563768448432286,0.1858139548925991,23.511990915934245,7.734152474650438,61.02059435414184,0.058240790032233015,-0.11041543453664229
/home/iiitn/Datasets/FaceForensics++/manipulated_sequences/Face2Face/c23/videos/769_784.mp4,1,0.019502120136646848,18.18150058110555,0.14350286582050875,55.09789647420247,18.16252409434847,40.90748551354893,0.14225282148072532,-0.030974621314522742
/home/iiitn/Datasets/FaceForensics++/manipulated_sequences/Face2Face/c23/videos/775_742.mp4,1,0.015361531973394165,10.185782248179118,0.13219898575138256,31.44622709910075,11.887222814212407,62.88631393241548,0.23070063604395272,0.08807620454301296
/home/iiitn/Datasets/FaceForensics++/manipulated_sequences/Face2Face/c23/videos/764_850.mp4,1,0.01840315158293369,5.451718506813049,0.19885333288594897,29.762001851399738,48.1680230151959,92.95433436306695,0.16042184009196364,0.03751644167854263
/home/iiitn/Datasets/FaceForensics++/manipulated_sequences/Face2Face/c23/videos/773_652.mp4,1,0.021055331925071055,0.5568184411525726,0.09002652941359435,15.268448836008707,58.60845225813927,24.07103186736237,0.07311893711297815,-0.11120589946662815
/home/iiitn/Datasets/FaceForensics++/manipulated_sequences/Face2Face/c23/videos/777_745.mp4,1,0.010931617860726805,1.1399869934717815,0.043663340581461596,16.4032283782959,13.357495727063592,26.572312820412915,0.3740668989337595,0.3001300358250365
/home/iiitn/Datasets/FaceForensics++/manipulated_sequences/Face2Face/c23/videos/781_806.mp4,1,0.0177714151795822,13.205567728678385,0.10447337090425168,32.372840563456215,20.6966423493786,0.9205589713844284,0.05053737566855459,-0.10199877950009306
/home/iiitn/Datasets/FaceForensics++/manipulated_sequences/Face2Face/c23/videos/782_787.mp4,1,0.023524063579016378,12.461313387552897,0.13749644874557543,41.937362365722656,25.531304526197122,43.60785929782869,0.13965630062672257,0.04980979219959537
/home/iiitn/Datasets/FaceForensics++/manipulated_sequences/Face2Face/c23/videos/778_798.mp4,1,0.02213053762480518,0.6072661389907201,0.19019116874972808,18.448308436075845,35.48209600214205,2.308198922934452,0.10360040346629035,-0.04804757730782137
/home/iiitn/Datasets/FaceForensics++/manipulated_sequences/Face2Face/c23/videos/784_769.mp4,1,0.014054839036666563,8.3133402744929,0.14015308032939655,40.09259391784668,5.402142126987255,83.19590392914108,0.09395037754978765,-0.009361304092638264
/home/iiitn/Datasets/FaceForensics++/manipulated_sequences/Face2Face/c23/videos/780_869.mp4,1,0.00899734607531796,0.9805817778905233,0.03804999239819351,19.30319290161133,24.860152750595,39.759696946469326,0.0523026317684787,0.09399374845389458
/home/iiitn/Datasets/FaceForensics++/manipulated_sequences/Face2Face/c23/videos/785_736.mp4,1,0.021385669437041573,18.466337763468424,0.12238507757983685,57.8652064259847,26.016389228805686,23.10723795360785,0.12425009437469599,0.08399679580867993
/home/iiitn/Datasets/FaceForensics++/manipulated_sequences/Face2Face/c23/videos/783_916.mp4,1,0.01603619211099458,10.480873839060466,0.10142688671014477,45.371887334187825,28.755139152030832,11.786584097383253,0.14137438146882195,-0.019424852889288885
/home/iiitn/Datasets/FaceForensics++/manipulated_sequences/Face2Face/c23/videos/779_794.mp4,1,0.01630203437234135,5.053630480766296,0.18316668394936508,35.86269129435221,32.5145332855134,32.95619775351358,0.11568292925032357,0.041548965910579015
/home/iiitn/Datasets/FaceForensics++/manipulated_sequences/Face2Face/c23/videos/787_782.mp4,1,0.015180968528179288,6.6531691614786785,0.16941334166165,33.144341417948404,16.852778523036978,26.660672360032546,0.07622107940732305,0.008050158304428892
/home/iiitn/Datasets/FaceForensics++/manipulated_sequences/Face2Face/c23/videos/788_710.mp4,1,0.012381287033603493,2.0681050054232277,0.09288096257513179,27.66492056528727,55.52971959301913,3.299424099979836,0.1730826235104478,-0.018459405328281317
/home/iiitn/Datasets/FaceForensics++/manipulated_sequences/Face2Face/c23/videos/791_770.mp4,1,0.02179040207158111,7.267165716489156,0.13857836249778477,42.31124290466309,15.442144885801403,13.957926754949067,0.2868617067790289,0.12467703339367282
/home/iiitn/Datasets/FaceForensics++/manipulated_sequences/Face2Face/c23/videos/792_903.mp4,1,0.015478902262465092,10.386633288065592,0.18440563790367848,25.103837814331055,19.978557789364608,66.00510804711492,0.056427123605674215,-0.023899714191727598
/home/iiitn/Datasets/FaceForensics++/manipulated_sequences/Face2Face/c23/videos/790_014.mp4,1,0.013282364263922902,2.3605347183015613,0.2216629311175976,23.446876186794704,30.596996554532,20.29101904800451,0.29485095060962285,0.18452925318396407
/home/iiitn/Datasets/FaceForensics++/manipulated_sequences/Face2Face/c23/videos/794_779.mp4,1,0.01979861993948052,13.971848427454631,0.1750304197314786,48.95669151306152,37.843836746695,21.193405602891115,0.18120329894677867,0.020004390393181807
/home/iiitn/Datasets/FaceForensics++/manipulated_sequences/Face2Face/c23/videos/793_768.mp4,1,0.01137793124811625,5.87468191464742,0.0304427995737504,24.881392656962078,13.79727696159012,18.406416510006675,0.2274084456900138,0.04725342756714974
/home/iiitn/Datasets/FaceForensics++/manipulated_sequences/Face2Face/c23/videos/795_907.mp4,1,0.012414290280349575,3.978697435061137,0.07403552048610162,34.932361907958985,31.400867913706605,14.002211381813114,0.4142903463424345,0.17603591592810916
/home/iiitn/Datasets/FaceForensics++/manipulated_sequences/Face2Face/c23/videos/797_844.mp4,1,0.010087565862851932,17.29752411524455,0.07607029989248304,58.87227864583333,22.068087324848307,69.35967760193518,0.15288546205245224,0.1674718253754609
/home/iiitn/Datasets/FaceForensics++/manipulated_sequences/Face2Face/c23/videos/796_740.mp4,1,0.02606471533686168,4.734120373725891,0.22441967668496188,33.645258878072106,15.734625345717182,39.39721338893311,0.3410326953423884,0.20251972528044976
/home/iiitn/Datasets/FaceForensics++/manipulated_sequences/Face2Face/c23/videos/802_885.mp4,1,0.018643893374667743,20.39989226659139,0.14111939945696905,57.62945640563965,21.964084206715793,42.36265067625535,0.18177613013027863,0.0302831330368891
/home/iiitn/Datasets/FaceForensics++/manipulated_sequences/Face2Face/c23/videos/801_855.mp4,1,0.009509141144380758,16.831138203938803,0.09388326649141154,57.94142331441243,49.57847407837928,23.62846912678577,0.28579168312769976,0.2873173068307358
/home/iiitn/Datasets/FaceForensics++/manipulated_sequences/Face2Face/c23/videos/789_753.mp4,1,0.0221327477637472,1.6026238807042439,0.23426079192479554,21.94625030517578,24.410092412907396,53.65108479654804,0.15727162339895462,0.008771624157407395
/home/iiitn/Datasets/FaceForensics++/manipulated_sequences/Face2Face/c23/videos/803_017.mp4,1,0.021680470546552952,6.433030080795288,0.06844891737646652,44.49991597493489,28.367335891005332,16.882466593555073,0.42492623846246974,0.3151837958961106
/home/iiitn/Datasets/FaceForensics++/manipulated_sequences/Face2Face/c23/videos/804_738.mp4,1,0.025815351531717778,4.90092870314916,0.13844234839788416,36.65822722117106,29.343908263270738,105.06374715520504,0.3359570586353705,0.14755346956928128
/home/iiitn/Datasets/FaceForensics++/manipulated_sequences/Face2Face/c23/videos/799_809.mp4,1,0.012092053051280173,4.349962697029114,0.057711429749797816,31.91406894683838,30.44180646002421,2.9732959658278575,0.038710605614832104,0.09718714207925369
/home/iiitn/Datasets/FaceForensics++/manipulated_sequences/Face2Face/c23/videos/800_840.mp4,1,0.02805083014883769,17.053063306808472,0.2597190243213855,36.715193837483724,33.427385093809995,31.892778967266775,0.2690565563183219,-0.0037429237541077537
/home/iiitn/Datasets/FaceForensics++/manipulated_sequences/Face2Face/c23/videos/786_819.mp4,1,0.033416398840039094,1.035401909351349,0.29839257707669886,10.928590246836345,14.600603181136293,67.36203112533342,-0.04016786053768812,0.01581877874199911
/home/iiitn/Datasets/FaceForensics++/manipulated_sequences/Face2Face/c23/videos/806_781.mp4,1,0.01158894743493945,5.60235382715861,0.07125963512910383,42.150455169677734,6.914126790262494,52.40924019375038,0.1889016145853603,0.042349454476480065
/home/iiitn/Datasets/FaceForensics++/manipulated_sequences/Face2Face/c23/videos/805_011.mp4,1,0.018173837502484733,4.273985979557037,0.16384963849280032,45.06449417114258,9.633090289584409,36.51327697958907,0.2864593719614934,0.05535450219640983
/home/iiitn/Datasets/FaceForensics++/manipulated_sequences/Face2Face/c23/videos/798_778.mp4,1,0.01414532211264783,3.390312780539195,0.16384770320050146,21.983921928405763,7.278213125819526,34.47549897709874,0.1932606270060202,0.018954072118430754
/home/iiitn/Datasets/FaceForensics++/manipulated_sequences/Face2Face/c23/videos/809_799.mp4,1,0.012274973775450391,6.516610418955485,0.14281774315761864,39.690781885782876,37.417229813601764,41.054297866530284,0.835931577893939,0.01856820033523483
/home/iiitn/Datasets/FaceForensics++/manipulated_sequences/Face2Face/c23/videos/812_821.mp4,1,0.012827281324835765,9.37790283203125,0.06194036750659293,42.02539876302083,23.0075610094977,14.126328267142677,0.199497240900746,0.0564447537180264
/home/iiitn/Datasets/FaceForensics++/manipulated_sequences/Face2Face/c23/videos/810_838.mp4,1,0.01401562139654778,1.5806162134806314,0.056034898409290435,25.98138348897298,35.32849708462961,21.983676681500345,0.23718439530736976,-0.020050011105759786
/home/iiitn/Datasets/FaceForensics++/manipulated_sequences/Face2Face/c23/videos/808_829.mp4,1,0.022152879645131508,3.1800386051336926,0.44465139073956206,36.21907712300619,34.40137283760398,19.582624018517546,0.06346386397013366,0.06130226171409683
/home/iiitn/Datasets/FaceForensics++/manipulated_sequences/Face2Face/c23/videos/811_920.mp4,1,0.012871158814878447,1.1057918318112692,0.03060938512054301,30.18441323598226,28.72924159350888,20.663792414746883,0.13149293078739666,0.04588848170780638
/home/iiitn/Datasets/FaceForensics++/manipulated_sequences/Face2Face/c23/videos/816_649.mp4,1,0.013656083808390122,1.4154513597488403,0.11844905080391854,22.12991776784261,1.8996169294447016,15.352747775692533,0.21406538874977504,0.07842426996296338
/home/iiitn/Datasets/FaceForensics++/manipulated_sequences/Face2Face/c23/videos/813_700.mp4,1,0.015642394421825526,1.3657444687684377,0.180758285582452,15.070027052561443,33.3898757595025,78.06423252214088,0.11543741459875792,-0.019081247164334823
/home/iiitn/Datasets/FaceForensics++/manipulated_sequences/Face2Face/c23/videos/814_871.mp4,1,0.017779255758759153,2.403064235051473,0.24247439247936264,22.928315340677898,8.35433923771347,54.829977581383716,0.06894075024463431,0.04404372605443563
/home/iiitn/Datasets/FaceForensics++/manipulated_sequences/Face2Face/c23/videos/807_273.mp4,1,0.017325204552247824,1.2809165116151173,0.057717618270647364,20.486826248168946,23.09848921835773,36.00053393591775,0.13319728014083157,0.18603131751543817
/home/iiitn/Datasets/FaceForensics++/manipulated_sequences/Face2Face/c23/videos/817_827.mp4,1,0.0143645354186851,13.248658754608847,0.10699902701732222,53.23704528808594,27.183179587374262,28.503902489313944,0.5379365889475762,0.5773681608812189
/home/iiitn/Datasets/FaceForensics++/manipulated_sequences/Face2Face/c23/videos/815_730.mp4,1,0.02263410902552362,5.158024698893229,0.11599772795654206,44.38239687601725,21.0484714746588,82.31553889925686,0.13315944826946277,0.1400475448789994
/home/iiitn/Datasets/FaceForensics++/manipulated_sequences/Face2Face/c23/videos/821_812.mp4,1,0.016201354706771687,10.879603344599406,0.07905889300476532,30.84855842590332,44.066050775501665,3.474967868236622,0.15934740375656478,0.1756388998799516
/home/iiitn/Datasets/FaceForensics++/manipulated_sequences/Face2Face/c23/videos/818_820.mp4,1,0.02410376484824978,4.3705739291509,0.0850730450503876,48.96655161539714,17.039940676422187,54.45607804210825,0.06366881982914466,0.028279679111376535
/home/iiitn/Datasets/FaceForensics++/manipulated_sequences/Face2Face/c23/videos/820_818.mp4,1,0.024166738807817025,2.7427919475237528,0.15050655696159176,25.609188397725422,36.230734811798584,8.058069718619379,0.05798074961162238,-0.04690238894393585
/home/iiitn/Datasets/FaceForensics++/manipulated_sequences/Face2Face/c23/videos/825_074.mp4,1,0.013779516674750195,2.2559048306941984,0.11639964658717161,25.0397265625,9.750700181197493,48.805286484581586,0.2936115399903759,0.010445891131031903
/home/iiitn/Datasets/FaceForensics++/manipulated_sequences/Face2Face/c23/videos/823_584.mp4,1,0.01005796838966076,9.237934923171997,0.07144094458545747,38.42796272277832,25.635427955840854,40.64729046479075,0.3284569617992952,0.14388928782788585
/home/iiitn/Datasets/FaceForensics++/manipulated_sequences/Face2Face/c23/videos/827_817.mp4,1,0.0205898780833867,14.295369265874227,0.083329550424044,55.428506469726564,58.480605716116585,38.43040550216158,0.34164135784068417,-0.01088118132035845
/home/iiitn/Datasets/FaceForensics++/manipulated_sequences/Face2Face/c23/videos/830_828.mp4,1,0.01606355445251056,25.61375108083089,0.08352285553482086,65.94880582173666,28.495503851458803,63.00418304956198,0.19835664360401975,0.15080157849774178
/home/iiitn/Datasets/FaceForensics++/manipulated_sequences/Face2Face/c23/videos/828_830.mp4,1,0.009836583335988587,8.232634048461914,0.054472647763158966,44.69029332478841,7.334098742832569,44.376166808982134,0.11873380248194627,0.00271525832230267
/home/iiitn/Datasets/FaceForensics++/manipulated_sequences/Face2Face/c23/videos/826_833.mp4,1,0.024600895556004553,2.48420922935009,0.2300483358151878,25.444722785949708,23.875015764730847,2.8494516602132665,0.5905942976648296,0.3303301252289837
/home/iiitn/Datasets/FaceForensics++/manipulated_sequences/Face2Face/c23/videos/819_786.mp4,1,0.011040076321205308,0.604368079106013,0.06031467944219815,13.849899997711182,41.36962978973531,46.455147071054526,0.034723304086368326,-0.01920002531025061
/home/iiitn/Datasets/FaceForensics++/manipulated_sequences/Face2Face/c23/videos/832_762.mp4,1,0.023766346291965928,52.73498987833659,0.12509809171297737,82.60300587972006,30.610348422835468,30.360526897859646,0.1658464076897358,0.04482775011274515
/home/iiitn/Datasets/FaceForensics++/manipulated_sequences/Face2Face/c23/videos/834_852.mp4,1,0.01062010332651207,7.763669570287068,0.18856874241458488,27.76100176493327,43.09688219899365,31.677726337968803,0.3718278188989662,0.11819627837090176
/home/iiitn/Datasets/FaceForensics++/manipulated_sequences/Face2Face/c23/videos/829_808.mp4,1,0.01518012405875376,13.270753396352132,0.16761920659122576,44.76573298136393,19.721206239735572,7.469689118364373,0.12745462215070463,0.08071603527229398
/home/iiitn/Datasets/FaceForensics++/manipulated_sequences/Face2Face/c23/videos/822_244.mp4,1,0.017670933694227328,2.450302686691284,0.21956974723949885,27.99585756937663,43.22967055614086,7.292123090761812,0.05384398514580036,0.010668434509256173
/home/iiitn/Datasets/FaceForensics++/manipulated_sequences/Face2Face/c23/videos/839_864.mp4,1,0.011366918181601375,7.437007080713908,0.048291402399368244,43.190038223266605,10.773443456698718,59.213774844473825,0.05533894892614807,0.10189231978379416
/home/iiitn/Datasets/FaceForensics++/manipulated_sequences/Face2Face/c23/videos/840_800.mp4,1,0.014932984156293037,8.506137741406759,0.14316541162831786,31.681809666951498,42.20183873878056,17.534233658300362,0.23778552205363673,0.1320504390107125
/home/iiitn/Datasets/FaceForensics++/manipulated_sequences/Face2Face/c23/videos/837_890.mp4,1,0.02381069319964002,3.746530265013377,0.10429267021410227,45.00364247639974,28.56860001676719,29.694138553806635,0.167910214653502,0.1467720115064278
/home/iiitn/Datasets/FaceForensics++/manipulated_sequences/Face2Face/c23/videos/836_950.mp4,1,0.016297348116340964,0.7269172126054764,0.1724748527356491,9.64172285715739,51.99719386043144,49.222787522601124,0.2940836712742415,0.05103679868754893
/home/iiitn/Datasets/FaceForensics++/manipulated_sequences/Face2Face/c23/videos/842_714.mp4,1,0.02126579989358178,6.659364175796509,0.13242113256474752,30.75597688039144,34.5664103266131,5.1347776831771235,0.2635935289556893,0.20884338261559893
/home/iiitn/Datasets/FaceForensics++/manipulated_sequences/Face2Face/c23/videos/833_826.mp4,1,0.016728616834576007,5.916349846522014,0.07099257161894645,31.07075922648112,23.015147871479886,45.24599565821204,0.3055929621659279,0.17902788774937695
/home/iiitn/Datasets/FaceForensics++/manipulated_sequences/Face2Face/c23/videos/841_639.mp4,1,0.01496867190201587,9.163805090586344,0.07232602784535747,47.1802419535319,28.176703798455357,51.197241485254445,0.10930361287298261,0.05521391337235834
/home/iiitn/Datasets/FaceForensics++/manipulated_sequences/Face2Face/c23/videos/843_859.mp4,1,0.01196714706299286,4.450798275470734,0.07161046945928384,36.60960806528727,17.238816902084395,7.046448279635967,0.5133407848290912,0.2147340829438375
/home/iiitn/Datasets/FaceForensics++/manipulated_sequences/Face2Face/c23/videos/831_508.mp4,1,0.015696125971101395,0.2962377345561981,0.13750485372197951,10.72105016708374,26.09925021800162,15.510738517100885,0.06570984411137862,0.012788722684950588
/home/iiitn/Datasets/FaceForensics++/manipulated_sequences/Face2Face/c23/videos/835_651.mp4,1,0.020555570379401082,2.1071057597796123,0.09645876466085013,25.02670930226644,19.089220856567625,74.82401582045587,0.3115513980240992,0.12382774772358818
/home/iiitn/Datasets/FaceForensics++/manipulated_sequences/Face2Face/c23/videos/838_810.mp4,1,0.01283916496359827,6.157860304514567,0.12451342217650907,51.77666765848796,11.009432640188848,50.12091104757163,0.2581916155425827,-0.053033847517498824
/home/iiitn/Datasets/FaceForensics++/manipulated_sequences/Face2Face/c23/videos/844_797.mp4,1,0.011840838672513967,8.745566784540813,0.06854727658550364,44.62518862406413,22.475460468368013,60.49218597122645,0.21789536739434784,0.12459993442621732
/home/iiitn/Datasets/FaceForensics++/manipulated_sequences/Face2Face/c23/videos/845_846.mp4,1,0.014099538510270931,7.354298890431722,0.04424341514538699,26.83715431213379,12.409993065618432,6.5190425599674535,0.12464589809011255,0.017155956509898304
/home/iiitn/Datasets/FaceForensics++/manipulated_sequences/Face2Face/c23/videos/846_845.mp4,1,0.009262581287775644,3.904976558685303,0.03990680066250174,36.046072769165036,22.63824881405629,48.034684679153266,-0.010280572859180296,-0.13302210288807975
/home/iiitn/Datasets/FaceForensics++/manipulated_sequences/Face2Face/c23/videos/850_764.mp4,1,0.023007958940100146,1.764522148569425,0.13403064541170517,20.461835816701253,23.53647819176601,45.59051665258699,0.33638897714659705,0.17074682880542238
/home/iiitn/Datasets/FaceForensics++/manipulated_sequences/Face2Face/c23/videos/849_771.mp4,1,0.012939321571529041,44.51300515492757,0.07744445465691996,63.25756009419759,11.20679140928283,26.625828160678225,0.21665932334425983,0.0029135277864179914
/home/iiitn/Datasets/FaceForensics++/manipulated_sequences/Face2Face/c23/videos/852_834.mp4,1,0.025246703246860486,22.493713855743408,0.11004114833110878,50.44410634358724,29.520303770377627,5.868382222848006,0.1490271157431176,0.07525497634446021
/home/iiitn/Datasets/FaceForensics++/manipulated_sequences/Face2Face/c23/videos/847_906.mp4,1,0.012862399848454975,1.0476058892409006,0.06945277005305361,27.906032117207847,16.945611195362435,32.40809718723481,0.09426356656901867,0.06933669645333002
/home/iiitn/Datasets/FaceForensics++/manipulated_sequences/Face2Face/c23/videos/855_801.mp4,1,0.015233249232848372,18.868562494913736,0.0590696444181712,55.01545674641927,4.624820852944948,72.00501662842252,0.04821855895517845,0.004784393608991033
/home/iiitn/Datasets/FaceForensics++/manipulated_sequences/Face2Face/c23/videos/851_552.mp4,1,0.011511854883443206,1.6155091790358225,0.08309694057823747,26.76127759297689,42.57500126775828,32.96676238630176,-0.04322371853970189,-0.10451101079887974
/home/iiitn/Datasets/FaceForensics++/manipulated_sequences/Face2Face/c23/videos/857_909.mp4,1,0.017784846174274112,47.26036977132161,0.1267165143457072,76.09539934794108,20.54440793195697,55.884739039973695,0.20488383950439137,0.00985055535098512
/home/iiitn/Datasets/FaceForensics++/manipulated_sequences/Face2Face/c23/videos/858_861.mp4,1,0.0073576134244651495,14.627855405807495,0.090475312256042,37.81118804931641,34.90059838442091,32.150330387959805,0.14882315929076845,0.05125493130186404
/home/iiitn/Datasets/FaceForensics++/manipulated_sequences/Face2Face/c23/videos/859_843.mp4,1,0.018411300917420804,15.160241320927938,0.0763012585526669,44.064174830118816,20.79321667208473,51.93954789138231,0.22429575869157506,-0.0017021232178689241
/home/iiitn/Datasets/FaceForensics++/manipulated_sequences/Face2Face/c23/videos/854_747.mp4,1,0.01662537629859303,7.453248171806336,0.35808882592864477,52.4186412302653,49.39023934282376,51.74193395427129,0.15545581310971107,0.10181240991349363
/home/iiitn/Datasets/FaceForensics++/manipulated_sequences/Face2Face/c23/videos/853_863.mp4,1,0.01806898410200641,4.2068228991826375,0.10710136242224677,43.09538022359212,14.833128019395057,18.593787127753426,0.21005041348686623,0.1059490059342779
/home/iiitn/Datasets/FaceForensics++/manipulated_sequences/Face2Face/c23/videos/861_858.mp4,1,0.010538249996319183,31.528218975067137,0.06855244983635111,61.11014096577962,35.96286817699521,67.46730345368042,0.00492166134919329,-0.05432176981748939
/home/iiitn/Datasets/FaceForensics++/manipulated_sequences/Face2Face/c23/videos/856_881.mp4,1,0.012703780470745597,12.86252729733785,0.08818783867674163,49.22561614990234,24.3931296824142,5.001899722320019,0.2559227633834144,0.04850273735480098
/home/iiitn/Datasets/FaceForensics++/manipulated_sequences/Face2Face/c23/videos/864_839.mp4,1,0.019541635418513437,10.169622087478638,0.048044127824148686,29.93024710337321,19.06296023266513,1.5775984394358622,0.1881016028372838,0.09623171517297557
/home/iiitn/Datasets/FaceForensics++/manipulated_sequences/Face2Face/c23/videos/848_894.mp4,1,0.018152645919019942,2.780757360458374,0.09032157648390249,16.555910867055257,20.56866614041209,57.20958464370801,0.23592261863531622,0.13980194908917035
/home/iiitn/Datasets/FaceForensics++/manipulated_sequences/Face2Face/c23/videos/867_765.mp4,1,0.015313948197792065,9.201753924687704,0.14775665781973835,47.43084879557291,11.975515338709771,69.18596321866603,0.1479983708744879,0.14478271268296905
/home/iiitn/Datasets/FaceForensics++/manipulated_sequences/Face2Face/c23/videos/868_949.mp4,1,0.012203924312563749,11.147767836252848,0.14898666131548066,48.082412541707356,3.539155291013696,21.709624494331024,0.17598951130740656,-0.006766241626592866
/home/iiitn/Datasets/FaceForensics++/manipulated_sequences/Face2Face/c23/videos/863_853.mp4,1,0.016092169113244632,2.2719392756621044,0.306786581861779,34.20019058227539,38.87483385026022,61.98638440993121,0.3093165166121809,0.19723621870188765
/home/iiitn/Datasets/FaceForensics++/manipulated_sequences/Face2Face/c23/videos/871_814.mp4,1,0.02715559154094408,3.6742343219121296,0.24689223274334315,23.254104550679525,8.011563845996594,14.321200938128392,0.10456421154716264,0.034731973050141675
/home/iiitn/Datasets/FaceForensics++/manipulated_sequences/Face2Face/c23/videos/870_001.mp4,1,0.014961590831634512,3.893437653382619,0.11061119093999239,18.859577674865722,37.9715789338709,18.926426015013742,0.05915345270956236,0.03985479226165828
/home/iiitn/Datasets/FaceForensics++/manipulated_sequences/Face2Face/c23/videos/872_873.mp4,1,0.01084217366440602,21.624641278584797,0.09936070939556885,36.47211850484212,8.40622326627449,30.197316177812528,0.18095373613204457,0.14086672725846058
/home/iiitn/Datasets/FaceForensics++/manipulated_sequences/Face2Face/c23/videos/860_905.mp4,1,0.009122523391872224,4.752493322690328,0.02820733525611918,30.538155047098794,22.35996073604413,25.727529897516785,0.20670876328264898,0.02176956761397858
/home/iiitn/Datasets/FaceForensics++/manipulated_sequences/Face2Face/c23/videos/873_872.mp4,1,0.008142342130054266,7.9470210361480715,0.08521340450900172,34.66639495849609,29.604451654750985,37.94626743747786,0.07619808374667701,-0.06288300523679773
/home/iiitn/Datasets/FaceForensics++/manipulated_sequences/Face2Face/c23/videos/865_739.mp4,1,0.020814593854700678,0.5411529409885406,0.07835722601965323,17.484137980143228,8.032171125568285,51.66029598033017,0.08395547166210512,0.04650354221671629
/home/iiitn/Datasets/FaceForensics++/manipulated_sequences/Face2Face/c23/videos/875_979.mp4,1,0.030802965973552737,7.310657003720602,0.13410609240084215,26.02810671488444,12.669526373368377,48.7346955388061,0.21132856890346438,0.09517837375867425
/home/iiitn/Datasets/FaceForensics++/manipulated_sequences/Face2Face/c23/videos/869_780.mp4,1,0.013448474838745972,2.0349915540218353,0.09028618552257583,29.74162493387858,39.0069393312936,5.744776962509651,0.09307181139973576,-0.011177272105430484
/home/iiitn/Datasets/FaceForensics++/manipulated_sequences/Face2Face/c23/videos/866_878.mp4,1,0.02319392540645339,1.377723351319631,0.09426615809102401,21.10108287811279,10.956776463581365,53.19390737810981,0.3400891569375236,0.2025274556343306
/home/iiitn/Datasets/FaceForensics++/manipulated_sequences/Face2Face/c23/videos/876_891.mp4,1,0.01451220614061356,7.955004194577535,0.05723931684237005,34.65992530822754,34.64219225028478,25.359328285701757,0.5600810550455005,0.08297525989548052
/home/iiitn/Datasets/FaceForensics++/manipulated_sequences/Face2Face/c23/videos/879_963.mp4,1,0.025795497536048047,5.5540484523773195,0.22664926784656203,32.92681042989095,30.936859804169703,22.68861941378999,0.18681043612025616,-0.09067234161155603
/home/iiitn/Datasets/FaceForensics++/manipulated_sequences/Face2Face/c23/videos/877_886.mp4,1,0.029694098520609075,19.070778303146362,0.1662881791352523,35.64795550028483,40.29633491754767,10.70747460312823,0.2078164312699203,0.0906324676333779
/home/iiitn/Datasets/FaceForensics++/manipulated_sequences/Face2Face/c23/videos/874_291.mp4,1,0.019228674527632134,3.7955390226840975,0.3105833792714692,24.3426530456543,48.976842663693,103.12918420122172,0.16055140639721363,0.005179848406285396
/home/iiitn/Datasets/FaceForensics++/manipulated_sequences/Face2Face/c23/videos/878_866.mp4,1,0.016875232195447204,3.2265778533617655,0.07376340735659492,25.358670247395832,1.2486979209591667,16.43567513426171,0.42201314627048,0.20546541470951793
/home/iiitn/Datasets/FaceForensics++/manipulated_sequences/Face2Face/c23/videos/881_856.mp4,1,0.009661765254018895,13.488696330388388,0.08325219543022189,39.334003931681316,41.8941233181067,18.604409661674183,0.1545957127371692,0.0250173391768373
/home/iiitn/Datasets/FaceForensics++/manipulated_sequences/Face2Face/c23/videos/883_013.mp4,1,0.016848272101454977,10.767980318069458,0.09440772811709341,57.59214782714844,42.15557595442051,34.58428418662608,0.29512223346012073,-0.03790715899817464
/home/iiitn/Datasets/FaceForensics++/manipulated_sequences/Face2Face/c23/videos/885_802.mp4,1,0.01349316328923705,14.41330904006958,0.06289222057586852,63.866640930175784,11.2747897995336,85.28760623596565,0.038626659657252795,0.022057760808084286
/home/iiitn/Datasets/FaceForensics++/manipulated_sequences/Face2Face/c23/videos/884_968.mp4,1,0.020158651510410262,20.881264940897623,0.13265020422378893,59.29955591837565,34.43569159852209,82.66243571142806,0.1785227573353802,0.10800314002736859
/home/iiitn/Datasets/FaceForensics++/manipulated_sequences/Face2Face/c23/videos/887_275.mp4,1,0.016226486708134823,3.5878826157251993,0.055768925374422684,31.30585186004639,27.58903613139053,13.060759120034122,0.03745970562101069,-0.0035661153926034627
/home/iiitn/Datasets/FaceForensics++/manipulated_sequences/Face2Face/c23/videos/886_877.mp4,1,0.00959910471746538,5.582807545661926,0.0870475819107226,40.04922022501628,13.973170466434778,13.618930836414293,-0.00208236827198335,0.05791957008119356
/home/iiitn/Datasets/FaceForensics++/manipulated_sequences/Face2Face/c23/videos/888_937.mp4,1,0.009060520262994715,5.52106551806132,0.048109832303847244,28.667173919677733,20.04317862679741,42.63448707309474,0.15938790946892586,-0.007298797043266926
/home/iiitn/Datasets/FaceForensics++/manipulated_sequences/Face2Face/c23/videos/890_837.mp4,1,0.01678258019185892,1.8984482248624166,0.08696088844868011,24.30424549102783,2.20388665637274,5.245677835037773,0.14813811337570318,0.12660507168221424
/home/iiitn/Datasets/FaceForensics++/manipulated_sequences/Face2Face/c23/videos/893_913.mp4,1,0.016724318991514855,14.063847173055013,0.10230951497082308,47.53569918314616,16.263638792530315,38.39620157945748,0.3195593960194571,0.13512261545069235
/home/iiitn/Datasets/FaceForensics++/manipulated_sequences/Face2Face/c23/videos/895_915.mp4,1,0.01348791019197024,2.183145971298218,0.06516491467403596,17.3472993850708,27.260013412210416,5.9640395117431835,0.2896916366503539,-0.02513974883056944
/home/iiitn/Datasets/FaceForensics++/manipulated_sequences/Face2Face/c23/videos/896_128.mp4,1,0.010280907333342783,42.70333791097005,0.09592075480608453,58.57977478027344,64.22675123031821,26.887457948119188,0.11378206228535072,0.07100985737532908
/home/iiitn/Datasets/FaceForensics++/manipulated_sequences/Face2Face/c23/videos/891_876.mp4,1,0.017430855688584223,2.7560202566782634,0.16162881527147865,24.75766544342041,27.863019188840298,16.27817161041597,0.16577636061779924,0.05940686921970657
/home/iiitn/Datasets/FaceForensics++/manipulated_sequences/Face2Face/c23/videos/889_045.mp4,1,0.016834388383026474,1.0308876136938732,0.10051516999284282,21.04584093729655,11.406505775874654,7.7824681326652385,0.31762715090818355,0.12218263110296411
/home/iiitn/Datasets/FaceForensics++/manipulated_sequences/Face2Face/c23/videos/897_969.mp4,1,0.017676719304708197,38.86703289667765,0.18685760628411774,67.56740259806315,30.54813363899877,43.42604753556185,0.09494683966352316,0.14760298711975425
/home/iiitn/Datasets/FaceForensics++/manipulated_sequences/Face2Face/c23/videos/899_914.mp4,1,0.013151373416046013,3.4524526143074037,0.05427846053063046,28.238675384521486,19.68381701168422,64.437201006117,0.17225179018551023,0.13146382240908053
/home/iiitn/Datasets/FaceForensics++/manipulated_sequences/Face2Face/c23/videos/898_922.mp4,1,0.013557992017285223,16.007597268422444,0.07859389914797488,41.80893040974935,30.281321918444597,18.091244831945993,0.1458159835107108,0.08966763945240738
/home/iiitn/Datasets/FaceForensics++/manipulated_sequences/Face2Face/c23/videos/900_926.mp4,1,0.015191198483898622,6.232069317499796,0.14711085164437987,42.17792663574219,21.085165396973395,34.388188632917455,0.08898418640939619,0.058944865928013734
/home/iiitn/Datasets/FaceForensics++/manipulated_sequences/Face2Face/c23/videos/882_952.mp4,1,0.01849407098095101,4.40913861989975,0.37304494867862303,25.10802132924398,14.965236988737027,19.319840907610917,0.048129178034389104,-0.07669942890371632
/home/iiitn/Datasets/FaceForensics++/manipulated_sequences/Face2Face/c23/videos/892_112.mp4,1,0.018930963876032304,0.656262014110883,0.1878363591327321,12.881766039530437,12.446003639286612,45.56660366094223,0.3013871412519141,0.1561857348224215
/home/iiitn/Datasets/FaceForensics++/manipulated_sequences/Face2Face/c23/videos/894_848.mp4,1,0.015457024127446843,0.7609570723772049,0.1302787261838927,21.078268324534097,24.89040482327599,65.23292694157671,0.24736272724382505,-0.11224144296791669
/home/iiitn/Datasets/FaceForensics++/manipulated_sequences/Face2Face/c23/videos/903_792.mp4,1,0.018781805845192755,7.305957818031311,0.125454906504902,28.30092046101888,22.130218573521862,3.801893172925332,0.27650031203166137,0.13665223763462137
/home/iiitn/Datasets/FaceForensics++/manipulated_sequences/Face2Face/c23/videos/901_902.mp4,1,0.010105643215976765,1.61140341202418,0.01842932223097582,29.209384078979493,40.60151749106922,4.569835973267877,0.32706449497382867,0.33994944878281913
/home/iiitn/Datasets/FaceForensics++/manipulated_sequences/Face2Face/c23/videos/905_860.mp4,1,0.03269371995826247,11.74738701025645,0.1543818584994482,39.630297368367515,47.017504101349985,90.9039195775311,0.35053881033013745,0.2879843700451309
/home/iiitn/Datasets/FaceForensics++/manipulated_sequences/Face2Face/c23/videos/909_857.mp4,1,0.010949118779088754,10.642340456644694,0.1315899491048974,53.071406555175784,12.855255719697766,28.717121472280585,0.12777109694999403,0.06739837685057846
/home/iiitn/Datasets/FaceForensics++/manipulated_sequences/Face2Face/c23/videos/902_901.mp4,1,0.022986073309725255,3.6127590187390646,0.13180410582393942,22.30001543680827,42.041335136739484,41.5819986446581,0.10962431642362096,-0.06999127495812497
/home/iiitn/Datasets/FaceForensics++/manipulated_sequences/Face2Face/c23/videos/907_795.mp4,1,0.025956832844847004,6.363904784520467,0.1696182795293587,29.179969177246093,13.049722340970185,14.98814593128648,0.08958540339312118,-0.05346688876945956
/home/iiitn/Datasets/FaceForensics++/manipulated_sequences/Face2Face/c23/videos/912_927.mp4,1,0.020188826151244683,5.17448700428009,0.19221062286789903,26.195652974446613,38.89001677916058,8.631248716518714,0.4063327601703778,0.15965017252904753
/home/iiitn/Datasets/FaceForensics++/manipulated_sequences/Face2Face/c23/videos/910_911.mp4,1,0.009715380534797525,4.152587860425314,0.03954284207055214,32.16120352427165,18.038454062471537,86.72061626534165,0.4912603578207116,0.09118821049719217
/home/iiitn/Datasets/FaceForensics++/manipulated_sequences/Face2Face/c23/videos/913_893.mp4,1,0.009868836353351864,23.371492602030436,0.05172870462319523,66.85018526713053,5.638253793406364,58.32446266016935,0.42933282065669126,0.26254257986309343
/home/iiitn/Datasets/FaceForensics++/manipulated_sequences/Face2Face/c23/videos/906_847.mp4,1,0.014829715002348936,2.264098134835561,0.06861812756397678,17.590247758229573,19.199405778457447,71.01418220264146,0.2030005949350585,0.053908478066702355
/home/iiitn/Datasets/FaceForensics++/manipulated_sequences/Face2Face/c23/videos/911_910.mp4,1,0.017745311812654003,3.996282331943512,0.06785017432336782,26.242218589782716,25.811407976404,7.499810589535197,0.26414966614973573,0.11548479204319784
/home/iiitn/Datasets/FaceForensics++/manipulated_sequences/Face2Face/c23/videos/914_899.mp4,1,0.00923821050396846,6.570154194831848,0.05639461887574693,32.22652496337891,25.24598432885279,22.553601754101116,0.1943465929806227,0.12981330227084573
/home/iiitn/Datasets/FaceForensics++/manipulated_sequences/Face2Face/c23/videos/904_046.mp4,1,0.014836369697954554,1.359303986231486,0.03994088970313103,25.22383253733317,17.51201755319255,109.54335045937817,0.23169410986536287,0.12987998220229077
/home/iiitn/Datasets/FaceForensics++/manipulated_sequences/Face2Face/c23/videos/908_207.mp4,1,0.018493442346633904,9.07704818089803,0.20864536696082747,34.030653711954756,22.012236289291916,76.75109870353556,0.07620416605053258,0.02422757720432427
/home/iiitn/Datasets/FaceForensics++/manipulated_sequences/Face2Face/c23/videos/919_015.mp4,1,0.026467390803917586,14.395335089365641,0.1413377799376544,60.18100385030111,8.650495616677585,93.76069530654927,0.1843710678252608,0.13997945197224543
/home/iiitn/Datasets/FaceForensics++/manipulated_sequences/Face2Face/c23/videos/917_924.mp4,1,0.02175805737122072,16.105443274180093,0.3194457241239739,44.238211975097656,25.77992919104383,40.19995198712752,0.02859509029714572,0.05152406490216977
/home/iiitn/Datasets/FaceForensics++/manipulated_sequences/Face2Face/c23/videos/915_895.mp4,1,0.014411078037716898,9.500100366274516,0.04391739777035175,35.56437269846598,23.96308682264361,24.43862948851197,0.26851588279738053,0.14853155259781264
/home/iiitn/Datasets/FaceForensics++/manipulated_sequences/Face2Face/c23/videos/918_934.mp4,1,0.013237258507730502,3.508117774327596,0.07661434472962037,31.387701161702473,17.637277571499144,14.751534624413662,0.026193360493235153,0.03488027997188158
/home/iiitn/Datasets/FaceForensics++/manipulated_sequences/Face2Face/c23/videos/916_783.mp4,1,0.014154319754441431,19.24638756116231,0.07460935710236838,68.92086942036947,1.94704283711837,4.419271199779906,0.1694257506494508,0.06676322265343086
/home/iiitn/Datasets/FaceForensics++/manipulated_sequences/Face2Face/c23/videos/922_898.mp4,1,0.009016623153906951,19.266617946624756,0.1154151890807944,36.29702908833821,30.087390523379362,21.95362522482356,0.2628648612344327,0.060131417040273506
/home/iiitn/Datasets/FaceForensics++/manipulated_sequences/Face2Face/c23/videos/924_917.mp4,1,0.016190258492170366,8.433114182154338,0.09894204702516618,56.775343348185224,28.20377782377879,59.220924431746994,0.3203686417436812,0.12463813539332651
/home/iiitn/Datasets/FaceForensics++/manipulated_sequences/Face2Face/c23/videos/926_900.mp4,1,0.013657122812176988,17.753295033772787,0.05396570916942567,50.29942934672038,11.817059054507121,65.36159159580322,0.12271996725954375,-0.021302095400155714
/home/iiitn/Datasets/FaceForensics++/manipulated_sequences/Face2Face/c23/videos/923_023.mp4,1,0.011527704602132559,39.43451011657715,0.10378211740671583,84.59894233703614,0.8905451704316448,45.37105178438985,0.24319463445145242,0.0928923455641971
/home/iiitn/Datasets/FaceForensics++/manipulated_sequences/Face2Face/c23/videos/927_912.mp4,1,0.013089952747054732,11.971876262029012,0.17312634094457502,44.05602376302083,16.949636298771317,51.24381347434274,0.03371211396637177,0.042328633091252815
/home/iiitn/Datasets/FaceForensics++/manipulated_sequences/Face2Face/c23/videos/929_962.mp4,1,0.008892646860890306,9.543395153681438,0.08486057852671092,52.43886683146159,22.294071274055526,77.31147540479208,0.10149493898750848,0.011067349555944244
/home/iiitn/Datasets/FaceForensics++/manipulated_sequences/Face2Face/c23/videos/931_936.mp4,1,0.0080265224496627,22.32786745707194,0.04799245370650662,52.908152389526364,11.30007061090132,47.345271408561565,0.1302844919508517,0.05373754056688263
/home/iiitn/Datasets/FaceForensics++/manipulated_sequences/Face2Face/c23/videos/925_933.mp4,1,0.030177853656527302,6.0095086844762164,0.2382019493154408,24.538812154134114,21.687559514359425,48.51397729346941,0.15470290208533863,-0.12572621446869364
/home/iiitn/Datasets/FaceForensics++/manipulated_sequences/Face2Face/c23/videos/930_763.mp4,1,0.013422650512001887,17.5468528842926,0.1448055176796541,63.063609517415365,47.88225785947067,78.01233265790754,0.1642965015210546,0.06983584385150851
/home/iiitn/Datasets/FaceForensics++/manipulated_sequences/Face2Face/c23/videos/928_160.mp4,1,0.019028659141826033,3.0317773365974428,0.11270129458339861,28.927245368957518,33.72228894186524,21.511843549126386,0.3482005231838339,0.21329014104975913
/home/iiitn/Datasets/FaceForensics++/manipulated_sequences/Face2Face/c23/videos/921_569.mp4,1,0.019028925768031252,3.135017453034719,0.07874740246823375,21.150961570739746,7.292576714973123,26.584863930451796,0.24980411041362632,0.05395562592378738
/home/iiitn/Datasets/FaceForensics++/manipulated_sequences/Face2Face/c23/videos/920_811.mp4,1,0.00943405189672733,0.40892471293608346,0.08269637914104455,13.93321517308553,39.06573303289503,3.183993585426503,0.1784595012178245,0.15062177118830022
/home/iiitn/Datasets/FaceForensics++/manipulated_sequences/Face2Face/c23/videos/936_931.mp4,1,0.01604837182246631,23.85284283955892,0.08382125094954707,48.89498987833659,8.612263905383113,19.07910567246283,0.11219472991977415,-0.05127034404221833
/home/iiitn/Datasets/FaceForensics++/manipulated_sequences/Face2Face/c23/videos/932_384.mp4,1,0.016105402569431507,2.6358400972684226,0.08700406377053749,31.823566919962566,42.87842967514896,38.13134308133508,0.23711746399361,0.018746033674210526
/home/iiitn/Datasets/FaceForensics++/manipulated_sequences/Face2Face/c23/videos/937_888.mp4,1,0.02622360908909388,2.029555596510569,0.07641727165875489,20.22921054840088,44.100055203624486,27.596584501040805,0.1755056840591935,-0.022882695293240034
/home/iiitn/Datasets/FaceForensics++/manipulated_sequences/Face2Face/c23/videos/938_987.mp4,1,0.009833184774243987,6.011599286397298,0.09291412399982257,24.389202397664388,17.100637018201713,41.754457645214735,0.4640683656310314,0.3362000895754972
/home/iiitn/Datasets/FaceForensics++/manipulated_sequences/Face2Face/c23/videos/939_115.mp4,1,0.008340377653721967,6.315082430839539,0.036247303111089035,30.936138013203937,36.69184024344381,71.95295629407352,0.24529251942997324,0.1729759608145011
/home/iiitn/Datasets/FaceForensics++/manipulated_sequences/Face2Face/c23/videos/933_925.mp4,1,0.02368571142573819,2.6198416431744893,0.07860370208071332,18.5300276184082,43.07270225776476,15.209167837204241,0.18200060245478775,0.04905865688140926
/home/iiitn/Datasets/FaceForensics++/manipulated_sequences/Face2Face/c23/videos/934_918.mp4,1,0.02082062939362976,7.147139722506205,0.09979630408024975,35.45860898335775,8.286411579176654,92.11858853887286,0.11814019282669146,0.11951528795992021
/home/iiitn/Datasets/FaceForensics++/manipulated_sequences/Face2Face/c23/videos/940_941.mp4,1,0.011730081194702478,8.237548362414042,0.05617286980665859,57.056187693278,5.145356495920152,8.431862753387522,0.3530130845302959,0.05556456261257157
/home/iiitn/Datasets/FaceForensics++/manipulated_sequences/Face2Face/c23/videos/941_940.mp4,1,0.015195386780114754,20.162653573354085,0.07250536246384542,53.361741053263344,12.359334831379735,43.171047114621565,0.33281974514923074,0.10072888440902884
/home/iiitn/Datasets/FaceForensics++/manipulated_sequences/Face2Face/c23/videos/944_032.mp4,1,0.022056846783282832,1.8174519169330596,0.07258683250198139,26.50532081604004,11.064256931881093,20.860190949874827,0.1401430585287145,0.15045146182318975
/home/iiitn/Datasets/FaceForensics++/manipulated_sequences/Face2Face/c23/videos/945_044.mp4,1,0.02164632358397005,8.973253134091696,0.15607619992909738,26.3393594233195,13.711138491094665,107.53322872880489,0.27938508075423957,-0.012765144503232594
/home/iiitn/Datasets/FaceForensics++/manipulated_sequences/Face2Face/c23/videos/943_942.mp4,1,0.015074919768149666,5.447737867037455,0.09804058616081524,26.153510042826333,34.31623139870228,16.796251009793846,0.08318072049595839,-0.057257734550924665
/home/iiitn/Datasets/FaceForensics++/manipulated_sequences/Face2Face/c23/videos/949_868.mp4,1,0.01679769065341713,7.767476868629456,0.12895992605047757,44.285397109985354,38.63978590481411,29.085007913239668,0.05514039920466582,-0.012898275345043215
/home/iiitn/Datasets/FaceForensics++/manipulated_sequences/Face2Face/c23/videos/946_049.mp4,1,0.019125470116058866,5.1592152293523155,0.059845822165866536,34.054855829874676,11.118905800003759,70.8413093780431,0.28988959736272363,0.27593466272768075
/home/iiitn/Datasets/FaceForensics++/manipulated_sequences/Face2Face/c23/videos/942_943.mp4,1,0.012330886210977651,8.081947352091472,0.06638821041049514,19.558490816752116,29.26533356186725,39.905863469471306,-0.023266746798241398,0.041274447499439905
/home/iiitn/Datasets/FaceForensics++/manipulated_sequences/Face2Face/c23/videos/935_733.mp4,1,0.01576598712932363,0.3392637783288956,0.10898791219051451,11.571056588490803,20.103556543924455,33.30254211638048,0.14887404144058577,0.038844793850150196
/home/iiitn/Datasets/FaceForensics++/manipulated_sequences/Face2Face/c23/videos/954_976.mp4,1,0.010404935849150048,27.93151850382487,0.04756925699184811,67.4722041829427,8.360839608811256,77.98251148064229,0.09238888395217099,0.1738171561995554
/home/iiitn/Datasets/FaceForensics++/manipulated_sequences/Face2Face/c23/videos/947_951.mp4,1,0.014581077896879952,7.933043580055237,0.1484391962402366,38.47818214416504,10.21411762133706,35.58969326210828,0.25588344484781866,0.1566512488175394
/home/iiitn/Datasets/FaceForensics++/manipulated_sequences/Face2Face/c23/videos/955_078.mp4,1,0.014533809120597261,2.5331324243545534,0.08985386260062023,28.519919497172037,18.241467501796638,55.9003737693211,0.16968841398757015,-0.03916016302034084
/home/iiitn/Datasets/FaceForensics++/manipulated_sequences/Face2Face/c23/videos/953_974.mp4,1,0.02598777998454299,12.686572452519565,0.19800623736590806,33.73912367084682,46.75643107408834,29.595889091723375,0.08548306592768502,-0.1387925822708023
/home/iiitn/Datasets/FaceForensics++/manipulated_sequences/Face2Face/c23/videos/951_947.mp4,1,0.011631520824477933,6.0650771697362265,0.12991378653543084,41.67843249003092,22.191652477344192,67.98346698927949,0.2264831868075656,0.04146620913939389
/home/iiitn/Datasets/FaceForensics++/manipulated_sequences/Face2Face/c23/videos/952_882.mp4,1,0.018791399689799093,1.2637513315677642,0.09954776374029572,20.545723203023275,22.289344291970618,14.220258085843465,0.01718348181530495,0.0008740672366534447
/home/iiitn/Datasets/FaceForensics++/manipulated_sequences/Face2Face/c23/videos/956_958.mp4,1,0.018627718714724455,20.611187025705973,0.08936481926607998,58.16625368754069,31.539682037187728,17.038541930811988,0.18721143655383302,0.07138790561207758
/home/iiitn/Datasets/FaceForensics++/manipulated_sequences/Face2Face/c23/videos/948_965.mp4,1,0.013631338099546756,0.4968456357717514,0.09328705020029049,18.924814853668213,39.67871274264357,80.30754081423645,0.2309239670219498,0.009993020575876732
/home/iiitn/Datasets/FaceForensics++/manipulated_sequences/Face2Face/c23/videos/950_836.mp4,1,0.02231225189131474,0.7671164790789287,0.07876076276061228,15.737055880228679,14.866521273628111,57.48840178184713,0.1641499535953136,0.1354074703802201
/home/iiitn/Datasets/FaceForensics++/manipulated_sequences/Face2Face/c23/videos/958_956.mp4,1,0.010017430918724765,7.555993922551473,0.08380345461638505,42.784782028198244,24.96342609278731,22.32304610658945,0.19802233219026968,0.1910861358294124
/home/iiitn/Datasets/FaceForensics++/manipulated_sequences/Face2Face/c23/videos/962_929.mp4,1,0.014134734232113987,30.70237082163493,0.15971979464379749,46.76876627604167,32.51141478359256,7.414176512748351,0.11827125434514182,-0.041054292981656686
/home/iiitn/Datasets/FaceForensics++/manipulated_sequences/Face2Face/c23/videos/964_174.mp4,1,0.022360534887119744,31.333226687113445,0.06615451953237916,51.44060564676921,16.43881025430002,69.59686350449873,0.02579901526063648,-0.027951215084529676
/home/iiitn/Datasets/FaceForensics++/manipulated_sequences/Face2Face/c23/videos/963_879.mp4,1,0.021049309671674035,8.491162042617798,0.16440003572574047,31.478338012695314,27.666810363429626,49.166707991364675,0.17877862869461478,0.04294168082743393
/home/iiitn/Datasets/FaceForensics++/manipulated_sequences/Face2Face/c23/videos/960_999.mp4,1,0.010998807901581604,4.240430409113566,0.056131733262378414,42.06094107309977,17.5457752253998,26.570673369100568,0.22340766336028597,0.10868413314384011
/home/iiitn/Datasets/FaceForensics++/manipulated_sequences/Face2Face/c23/videos/966_988.mp4,1,0.018029949639202812,36.25298022270203,0.23878793714698632,54.08079554239909,67.32733311706119,32.13752851270377,0.26857532468808193,-0.0008696534123872077
/home/iiitn/Datasets/FaceForensics++/manipulated_sequences/Face2Face/c23/videos/961_069.mp4,1,0.0184537613141676,1.2787492752075196,0.2779670091312706,21.270331192016602,12.050971688485108,55.992228922177326,0.2513282117580771,0.16784071201553669
/home/iiitn/Datasets/FaceForensics++/manipulated_sequences/Face2Face/c23/videos/969_897.mp4,1,0.007187187761781778,41.127380816141766,0.040400685991504814,92.32763259887696,24.71976851170841,74.57084772776393,0.06186676908608123,0.10809698573405685
/home/iiitn/Datasets/FaceForensics++/manipulated_sequences/Face2Face/c23/videos/957_959.mp4,1,0.011525946538997139,1.3861136750380199,0.05119727717787492,25.8425235748291,14.403165713820727,31.082440218847115,0.18550795347483892,0.08564601671256855
/home/iiitn/Datasets/FaceForensics++/manipulated_sequences/Face2Face/c23/videos/970_973.mp4,1,0.01578013613408337,19.04381317456563,0.0734523798411223,51.2488463083903,33.61678963588824,6.368138383675385,0.4036749140594175,0.15290308401474692
/home/iiitn/Datasets/FaceForensics++/manipulated_sequences/Face2Face/c23/videos/959_957.mp4,1,0.020891745417982013,1.6815856782595318,0.16067006729598632,25.662749201456705,25.839262860440826,64.72766614919055,-0.015620017908482779,0.14684795581923818
/home/iiitn/Datasets/FaceForensics++/manipulated_sequences/Face2Face/c23/videos/968_884.mp4,1,0.020456854275606808,8.12610431512197,0.15247290823230086,32.10540938059489,26.200238606804227,21.393732697399138,0.07651209251668091,-0.023115377992797982
/home/iiitn/Datasets/FaceForensics++/manipulated_sequences/Face2Face/c23/videos/973_970.mp4,1,0.020084768820675985,17.57499761581421,0.08351028964844465,54.92495610555013,14.444176454309314,48.66709591872208,0.23622258374967003,0.14677723732879575
/home/iiitn/Datasets/FaceForensics++/manipulated_sequences/Face2Face/c23/videos/967_984.mp4,1,0.01682620518532567,6.258686343828837,0.11870784799175538,24.203759231567382,29.253597272219352,70.95629289614917,0.22903892985744556,0.1395822345676812
/home/iiitn/Datasets/FaceForensics++/manipulated_sequences/Face2Face/c23/videos/974_953.mp4,1,0.021659649675391683,14.127510477701822,0.15577860706035374,43.749792607625324,32.461637427073235,33.71373870203883,0.07704644333629929,-0.018248146095076974
/home/iiitn/Datasets/FaceForensics++/manipulated_sequences/Face2Face/c23/videos/965_948.mp4,1,0.011339923915656502,2.270327026049296,0.07638155204195574,20.98349021911621,19.335996216496884,15.190408491068478,0.22776548253889473,0.1131247019556057
/home/iiitn/Datasets/FaceForensics++/manipulated_sequences/Face2Face/c23/videos/976_954.mp4,1,0.009055610598435546,14.420971240997314,0.11902680984164915,61.32221585591634,29.51269520439741,48.97147226064042,0.1802381716904076,0.05562885021455504
/home/iiitn/Datasets/FaceForensics++/manipulated_sequences/Face2Face/c23/videos/977_075.mp4,1,0.027985658690258305,1.1775307776530584,0.2523598612950275,13.611720352172851,36.55927464245209,9.724306346486006,0.15507990320309112,0.023775389813874902
/home/iiitn/Datasets/FaceForensics++/manipulated_sequences/Face2Face/c23/videos/978_975.mp4,1,0.019882685151152157,6.702257747650147,0.16535389920873178,36.947254002889,24.813459779586154,76.40724333378634,0.0879682931020144,0.0015749632664215708
/home/iiitn/Datasets/FaceForensics++/manipulated_sequences/Face2Face/c23/videos/980_992.mp4,1,0.01510893863988721,23.668635342915852,0.1655290780270623,53.84364776611328,31.384949925159102,31.150034283547605,0.03098836301380916,0.010762218629018997
/home/iiitn/Datasets/FaceForensics++/manipulated_sequences/Face2Face/c23/videos/981_985.mp4,1,0.0179523284748708,25.486516011555988,0.0779024612371434,69.24614479064941,26.303708166427203,52.575927669577226,0.12295038873311849,0.06548196035812433
/home/iiitn/Datasets/FaceForensics++/manipulated_sequences/Face2Face/c23/videos/975_978.mp4,1,0.024769733628826163,7.8131934976577755,0.36733599263087946,33.63675464630127,22.15644975398398,60.108906463276256,0.10026027430302324,-0.019840787862011947
/home/iiitn/Datasets/FaceForensics++/manipulated_sequences/Face2Face/c23/videos/979_875.mp4,1,0.022949208089959358,6.291608338356018,0.16759564255130266,23.89926383972168,47.77534786114914,1.5312556407546083,0.09970018260064732,0.027857842853792947
/home/iiitn/Datasets/FaceForensics++/manipulated_sequences/Face2Face/c23/videos/982_004.mp4,1,0.013275066763950924,6.711720657348633,0.06289730624251377,35.63908360799154,39.453247850520924,38.87073321896037,0.30493055635689353,0.2350166594145173
/home/iiitn/Datasets/FaceForensics++/manipulated_sequences/Face2Face/c23/videos/972_718.mp4,1,0.010519439543710915,2.492811835606893,0.06665994682836474,38.19942237854004,3.936844541697782,43.27969563272418,0.09222592618795061,0.012962028900296763
/home/iiitn/Datasets/FaceForensics++/manipulated_sequences/Face2Face/c23/videos/971_564.mp4,1,0.014996525156594952,0.9152331229050954,0.12009871786721527,16.936131852467856,10.697225933177279,52.55687954930054,0.4709840071316502,0.2114135005292463
/home/iiitn/Datasets/FaceForensics++/manipulated_sequences/Face2Face/c23/videos/985_981.mp4,1,0.009161141448683617,4.785552221934001,0.056954290965435805,42.71705352783203,26.04405961300684,17.085202945012146,0.041451508683527524,0.09731652223073979
/home/iiitn/Datasets/FaceForensics++/manipulated_sequences/Face2Face/c23/videos/983_113.mp4,1,0.00926479176602292,3.4825578276316325,0.06756057123407111,30.077100588480633,34.529241099431175,34.35180386079385,0.2152733426353531,0.10825601218115573
/home/iiitn/Datasets/FaceForensics++/manipulated_sequences/Face2Face/c23/videos/987_938.mp4,1,0.018665239948774903,11.155621296564737,0.08398286151173195,36.62283757527669,13.893351630717216,52.76109305300665,0.15200522782642387,0.08042174944896738
/home/iiitn/Datasets/FaceForensics++/manipulated_sequences/Face2Face/c23/videos/988_966.mp4,1,0.013137812405085216,77.8510391998291,0.14354874538852358,52.67800239562988,7.748343831703081,29.6608859608412,0.20088003586739023,0.08818743865344246
/home/iiitn/Datasets/FaceForensics++/manipulated_sequences/Face2Face/c23/videos/984_967.mp4,1,0.025049136573702144,7.630192554791768,0.13064437655914163,29.025734774271648,41.88360962799389,29.583615857489793,0.14897916439612513,0.04451529613148449
/home/iiitn/Datasets/FaceForensics++/manipulated_sequences/Face2Face/c23/videos/992_980.mp4,1,0.010932414893931432,40.16413166046143,0.07537089476181902,71.49731315612793,15.795471059923436,59.678557433777826,0.2636874413234504,0.12260259293410851
/home/iiitn/Datasets/FaceForensics++/manipulated_sequences/Face2Face/c23/videos/989_993.mp4,1,0.013420921649432184,28.038139769236246,0.13528794788397425,83.234740041097,30.510568648728253,12.994950008081931,0.009769189851835367,-0.005133466370123791
/home/iiitn/Datasets/FaceForensics++/manipulated_sequences/Face2Face/c23/videos/991_064.mp4,1,0.010830848851172463,3.6445209328333537,0.03096917801621657,29.328111152648926,1.9639394269735628,35.18030538712743,0.11375136726553517,0.05530452894492139
/home/iiitn/Datasets/FaceForensics++/manipulated_sequences/Face2Face/c23/videos/986_994.mp4,1,0.01626336014131823,16.137527039845786,0.11102452842385557,42.449394938151045,34.877227626861234,61.38532405206002,0.24058809455209088,0.07924245791465334
/home/iiitn/Datasets/FaceForensics++/manipulated_sequences/Face2Face/c23/videos/990_008.mp4,1,0.017291765369535198,25.754746939341228,0.1137281210978911,73.48243540445964,23.93282913864068,35.95314455151251,0.29791787762834027,0.31197105679444365
/home/iiitn/Datasets/FaceForensics++/manipulated_sequences/Face2Face/c23/videos/994_986.mp4,1,0.018200204579762392,6.355606201489766,0.24751946460942265,50.01843187967936,41.32007631107472,16.66524466953313,0.06460514515385077,-0.02056814203332298
/home/iiitn/Datasets/FaceForensics++/manipulated_sequences/Face2Face/c23/videos/993_989.mp4,1,0.014359758633648339,61.148880043029784,0.3403728241736611,82.27010381062826,24.201187827775623,1.6100142638666881,0.12167465390362267,0.03390771000173243
/home/iiitn/Datasets/FaceForensics++/manipulated_sequences/Face2Face/c23/videos/995_233.mp4,1,0.018729545002911,9.897930248578389,0.10994558736943727,49.733194249471026,33.52390308013221,79.89404879029956,0.5787702959608646,0.4006107578256965
/home/iiitn/Datasets/FaceForensics++/manipulated_sequences/Face2Face/c23/videos/997_040.mp4,1,0.021209574109816207,26.497635688781738,0.22916858482370717,59.968623046875,27.00487946370193,32.337341103167404,0.37302415603168493,0.18758408630286058
/home/iiitn/Datasets/FaceForensics++/manipulated_sequences/Face2Face/c23/videos/999_960.mp4,1,0.011917058167149087,9.310472373962403,0.13411279285118793,51.12339637756347,7.5673473125390105,63.83468389149303,0.2966025329024785,0.008788006020470782
/home/iiitn/Datasets/FaceForensics++/manipulated_sequences/Face2Face/c23/videos/996_056.mp4,1,0.031376678568934134,3.699396542708079,0.20750307977918647,29.054044914245605,33.732123383480584,40.11145379781065,0.23630044575757164,0.1314867380164461
/home/iiitn/Datasets/FaceForensics++/manipulated_sequences/Face2Face/c23/videos/998_561.mp4,1,0.012804821994802595,2.901711410681407,0.1018393140888374,24.123071950276692,30.584819171635118,16.796186901281715,0.06167299714024922,-0.07534172179672641
