video_path,label,pos_snr,pos_peak_prom,pos_interreg_corr,pos_harmonic,chrom_snr,chrom_peak_prom,chrom_interreg_corr,chrom_harmonic,brightness_var,n_frames
/home/iiitn/Datasets/FaceForensics++/original_sequences/youtube/c40/videos/003.mp4,0,0.20722194078146383,20.53227757581957,0.4295992507155668,0.32298337825244566,0.32222639572700446,20.34778119020834,0.6456126231430815,0.11387819600493648,0.489603417144644,150
/home/iiitn/Datasets/FaceForensics++/original_sequences/youtube/c40/videos/000.mp4,0,0.20761449934312606,8.661854186237507,0.10484142345123122,0.12760364096652668,0.34395701265204043,17.5559875451352,0.40745916513162433,0.023274862230566833,4.572944513229616,150
/home/iiitn/Datasets/FaceForensics++/original_sequences/youtube/c40/videos/009.mp4,0,0.1752048733396224,5.939125584749444,0.513509833091733,0.1883710975262988,0.21213630736776315,7.775611437100579,0.6528127391463548,0.10749914808241717,0.1779571892552784,150
/home/iiitn/Datasets/FaceForensics++/original_sequences/youtube/c40/videos/010.mp4,0,0.2282747385362246,12.982711448592328,0.7610563023190213,0.19933509570764327,0.26405336607357704,12.530986943048703,0.5266059266394377,0.1753423217752262,1.915785523415276,150
/home/iiitn/Datasets/FaceForensics++/original_sequences/youtube/c40/videos/007.mp4,0,0.1849880509516492,7.392786304035597,0.31714941234497207,0.3045488764970647,0.1552202835406162,6.55744126161036,0.2754801908124953,0.4567449546365203,3.737459457671269,150
/home/iiitn/Datasets/FaceForensics++/original_sequences/youtube/c40/videos/005.mp4,0,0.20709748698982958,9.321840527907009,0.16257136305152498,0.2597602655425693,0.2100550379339525,14.74204542680397,0.2201379127537886,0.21636812902544555,1.7819520012708865,150
/home/iiitn/Datasets/FaceForensics++/original_sequences/youtube/c40/videos/008.mp4,0,0.2258094162310601,16.59109871173388,0.12882382037679077,0.28533641130220083,0.2173323524649566,6.971619240687406,0.5793784530761904,0.3218341627899518,16.876652613730347,150
/home/iiitn/Datasets/FaceForensics++/original_sequences/youtube/c40/videos/006.mp4,0,0.2978117052367923,15.784597089491138,0.5219191437073754,0.10604573227101644,0.33923564476420703,19.817396573678568,0.810067204541152,0.07729641720459142,0.27719866533636794,150
/home/iiitn/Datasets/FaceForensics++/original_sequences/youtube/c40/videos/004.mp4,0,0.24970216715613355,9.634799829652792,0.49526632039507823,0.10615707861032547,0.33997307202946797,16.129239279795943,0.49752409689103927,0.08982123628170574,112.85560050059387,150
/home/iiitn/Datasets/FaceForensics++/original_sequences/youtube/c40/videos/001.mp4,0,0.21213497411292007,7.898065188650508,0.4681142346320193,0.17167317305395638,0.23562560929115586,10.624111458187425,0.48699328854776,0.32935730344944086,28.483066263897744,150
/home/iiitn/Datasets/FaceForensics++/original_sequences/youtube/c40/videos/002.mp4,0,0.2014589830278346,3.9854897282492643,0.08803428252554972,0.0002199721321217295,0.18452399712748893,4.472489722992697,0.627919120555531,0.5956681216998291,6.738382633796732,150
/home/iiitn/Datasets/FaceForensics++/original_sequences/youtube/c40/videos/011.mp4,0,0.29766263235987017,12.536622187532492,0.6125625155896238,0.283003185784288,0.3454601696937542,17.633942882504716,0.8288814429406575,0.2342475142624413,2.1493361308978742,150
/home/iiitn/Datasets/FaceForensics++/original_sequences/youtube/c40/videos/012.mp4,0,0.24384534047985137,17.90039657496042,0.256898127802022,0.25307001706405075,0.23157298957696135,13.6333714531092,0.40175447603427256,0.21848081448227782,7.408363275665483,150
/home/iiitn/Datasets/FaceForensics++/original_sequences/youtube/c40/videos/013.mp4,0,0.18867500083515684,6.585901793875526,0.47370508968969255,0.34323698413988774,0.20644131433662294,9.369286134410219,0.6544345711946296,0.27126705228778014,1.8942572636138304,150
/home/iiitn/Datasets/FaceForensics++/original_sequences/youtube/c40/videos/016.mp4,0,0.2753675327923384,9.261260931886062,0.3484524053815561,0.13027364392739627,0.2683981093032024,23.68341100556105,0.6065730313793405,0.03919498841147117,18.681483000728306,150
/home/iiitn/Datasets/FaceForensics++/original_sequences/youtube/c40/videos/015.mp4,0,0.17667609935788633,4.394983111040278,-0.014856641757995268,0.21004086075952874,0.22218681160227197,6.977027777198064,-0.042774459387019854,0.26861675722965367,0.046756903127871195,150
/home/iiitn/Datasets/FaceForensics++/original_sequences/youtube/c40/videos/018.mp4,0,0.32611420096555105,13.212159035690895,0.7408548827431688,0.12805297821610587,0.2715246203618331,11.017009236019854,0.8206252083083317,0.061461847888558796,0.7937150595371698,150
/home/iiitn/Datasets/FaceForensics++/original_sequences/youtube/c40/videos/014.mp4,0,0.248701653551929,9.050545480672815,0.404761888081836,0.083983702283641,0.2724616433889227,8.892455643971722,0.19984857172759649,0.049081941116688434,50.58091519360368,150
/home/iiitn/Datasets/FaceForensics++/original_sequences/youtube/c40/videos/017.mp4,0,0.29548050228994827,8.480896065140183,0.485916107656766,0.04930447334347107,0.3803167548786335,15.574482156578918,0.7314076474916602,0.0775186557637107,1.802891759271148,150
/home/iiitn/Datasets/FaceForensics++/original_sequences/youtube/c40/videos/021.mp4,0,0.26047129461674334,10.059501893376767,0.3026222519343089,0.043722274017939135,0.2322254913663231,7.157299015511349,0.45943932465387727,0.10383473263022926,0.15192225166795448,150
/home/iiitn/Datasets/FaceForensics++/original_sequences/youtube/c40/videos/023.mp4,0,0.19775672441729844,6.884497218447465,0.6949501416334729,0.14845069022137858,0.21338052198123483,8.26652915931898,0.5163956872577576,0.35392154327085007,6.1036646919169595,150
/home/iiitn/Datasets/FaceForensics++/original_sequences/youtube/c40/videos/019.mp4,0,0.32872432957384784,16.43749845064354,0.7296313797605074,0.15115120061029122,0.3748974771814369,32.91166841795788,0.8113595521416223,0.15701426682634603,0.33480340986238116,150
/home/iiitn/Datasets/FaceForensics++/original_sequences/youtube/c40/videos/020.mp4,0,0.22976002113541116,11.333047103134644,0.008346590382976457,0.09273242874595483,0.2765948952926221,9.849969835655983,0.7761761733858176,0.18592113573858327,3.103274723397045,150
/home/iiitn/Datasets/FaceForensics++/original_sequences/youtube/c40/videos/022.mp4,0,0.2698178781933365,13.847856546541964,0.37235425369667935,0.05059401120739501,0.25179292669402387,10.80655578793475,0.5451344318250961,0.15114090855293857,0.05217759182028101,150
/home/iiitn/Datasets/FaceForensics++/original_sequences/youtube/c40/videos/024.mp4,0,0.20530553105367969,6.531231940364719,0.49178285413631273,0.22225053159470023,0.14451048844846187,4.17286768855453,0.7130010832408485,0.37636280569161,90.69157690827632,150
/home/iiitn/Datasets/FaceForensics++/original_sequences/youtube/c40/videos/027.mp4,0,0.2473729710476351,10.630635551681962,-0.0470697769022394,0.20196203452204184,0.20730157108661262,5.885003569949429,-0.03409701296944594,0.49885320807578215,0.455230261197079,150
/home/iiitn/Datasets/FaceForensics++/original_sequences/youtube/c40/videos/026.mp4,0,0.23296896957496918,12.256391919317087,-0.047539829246221556,0.09903245661439368,0.28349600671766634,11.482412915318887,0.3720422213380525,0.125087469731293,34.783138033135195,150
/home/iiitn/Datasets/FaceForensics++/original_sequences/youtube/c40/videos/028.mp4,0,0.26527661319749546,15.199192343376168,0.1377236464574176,0.08207861249211268,0.3207363129735577,16.281385744485647,0.36104263601184877,0.05196062405436331,34.802297587367235,150
/home/iiitn/Datasets/FaceForensics++/original_sequences/youtube/c40/videos/029.mp4,0,0.2283486510319469,14.955223393010954,0.452056039422777,0.12055343785008193,0.2779091747338653,13.57883937196607,0.48154913883300715,0.15927530576450183,0.3323898268022433,150
/home/iiitn/Datasets/FaceForensics++/original_sequences/youtube/c40/videos/033.mp4,0,0.20236024972577582,13.42556529971864,0.28144992496737237,0.18217796006144962,0.26182208900062004,14.748638048811275,0.35175555818036913,0.10255287878955725,7.212087906977492,150
/home/iiitn/Datasets/FaceForensics++/original_sequences/youtube/c40/videos/032.mp4,0,0.22183928562438282,7.290648771772083,0.40782709779223686,0.1468855750692687,0.25517040646759687,10.023924945639424,0.589593158419807,0.09801017539089028,2.545389043973388,150
/home/iiitn/Datasets/FaceForensics++/original_sequences/youtube/c40/videos/034.mp4,0,0.250478617973902,10.516553167189542,0.6128545747439041,0.15791663043277393,0.23809369452731158,9.430075996483424,0.5215353026049909,0.1779255522042771,47.49625330340047,150
/home/iiitn/Datasets/FaceForensics++/original_sequences/youtube/c40/videos/031.mp4,0,0.1624791807216088,3.1934424119843645,0.5938949943024926,0.1185858104136331,0.22102822762773255,8.077716089862284,0.6360590689690163,0.3397745033702441,0.17208347306374605,150
/home/iiitn/Datasets/FaceForensics++/original_sequences/youtube/c40/videos/035.mp4,0,0.1924238577641698,10.977430988307672,0.5507543514860261,0.10745335702916643,0.2702648716316669,13.470583129462204,0.8445157975061895,0.28570277188552357,0.29722600934108345,150
/home/iiitn/Datasets/FaceForensics++/original_sequences/youtube/c40/videos/036.mp4,0,0.20716435487232335,8.902902254478997,0.2705803488695698,0.2694318808738817,0.27400605559059477,11.285000278621318,0.47672993495026555,0.17379030977564006,5.890708196273199,150
/home/iiitn/Datasets/FaceForensics++/original_sequences/youtube/c40/videos/037.mp4,0,0.18578384158452854,14.532342991233952,0.5047912720039966,0.32343836655622604,0.21425972239330185,12.636703376473369,0.3687812691228178,0.3000829341740786,0.7173000867209335,150
/home/iiitn/Datasets/FaceForensics++/original_sequences/youtube/c40/videos/025.mp4,0,0.2551480448731988,9.529462905736395,0.7093229941506675,0.25109694740631633,0.34240909447112905,15.858269891887941,0.8186990577721502,0.14225715986635215,0.03855731660941879,150
/home/iiitn/Datasets/FaceForensics++/original_sequences/youtube/c40/videos/030.mp4,0,0.19825946698772212,6.379953735972866,0.22785042123550117,0.053075281402559536,0.2277974069966401,7.080081708993643,0.43410773050079604,0.0943548576609608,2.0408787316749937,150
/home/iiitn/Datasets/FaceForensics++/original_sequences/youtube/c40/videos/038.mp4,0,0.26205066294718815,8.538153905253935,0.29950397185233285,0.08286171086509524,0.23833931760279015,12.904222611769827,0.681266236290967,0.29457209362904724,2.0016297332979454,150
/home/iiitn/Datasets/FaceForensics++/original_sequences/youtube/c40/videos/039.mp4,0,0.22409953827126572,7.246301374639526,0.28413703635686327,0.15287993963718946,0.2651846517198026,9.877338950166688,0.612462011050621,0.18050001557347617,0.9501995318802676,150
/home/iiitn/Datasets/FaceForensics++/original_sequences/youtube/c40/videos/041.mp4,0,0.21968752732971333,12.963589458186817,0.1738171155218465,0.3268743389287852,0.2797641437435206,20.518400121239146,0.33911975788856236,0.1957539272989719,6.790713725278763,150
/home/iiitn/Datasets/FaceForensics++/original_sequences/youtube/c40/videos/040.mp4,0,0.2264909201436268,13.452530990719339,0.290956844598719,0.030171081869465682,0.2032609292217664,11.322382040143394,0.35714242504906935,0.08922583999676191,9.36277217486987,150
/home/iiitn/Datasets/FaceForensics++/original_sequences/youtube/c40/videos/042.mp4,0,0.13906431606590827,11.415575659343608,0.4896033612975763,0.005434784328494642,0.1646214758008391,12.593832715813265,0.49378324888172037,0.17583775792268508,2.177247033730783,150
/home/iiitn/Datasets/FaceForensics++/original_sequences/youtube/c40/videos/047.mp4,0,0.2630925604925088,13.29503564509151,0.10863399611502278,0.37534564116483676,0.26888319834652336,11.93638917053461,0.4659137254936781,0.10873467222778577,0.17652489673759164,150
/home/iiitn/Datasets/FaceForensics++/original_sequences/youtube/c40/videos/048.mp4,0,0.23268990293264266,15.436498850890791,0.43029937192916035,0.1974975501352815,0.17966908223439906,6.36570014508358,0.152225316096378,0.1123383735184667,3.4832506544915183,150
/home/iiitn/Datasets/FaceForensics++/original_sequences/youtube/c40/videos/049.mp4,0,0.2997299218587148,10.718679784890638,0.8267568867760806,0.14527797327113984,0.2799856056188656,9.100818798576086,0.7139468350830332,0.2775427170695555,0.6090432847766785,150
/home/iiitn/Datasets/FaceForensics++/original_sequences/youtube/c40/videos/044.mp4,0,0.2906346016357277,11.808425879641705,0.34784005389607336,0.1463225632592827,0.411694894208257,18.86520284433772,0.7363108003178437,0.1468734521361794,6.598989610159833,150
/home/iiitn/Datasets/FaceForensics++/original_sequences/youtube/c40/videos/043.mp4,0,0.30012614565877155,14.829061161452616,0.6522026071654894,0.16997388063515653,0.2529389035357608,15.955053677418483,0.6273284115821454,0.11634608007749354,2.136664602577916,150
/home/iiitn/Datasets/FaceForensics++/original_sequences/youtube/c40/videos/050.mp4,0,0.1890904548224032,9.500888016995553,0.18288375403157686,0.30886221054190127,0.24838400718762652,13.990956538414556,0.49336084125069873,0.11235179653700318,16.697942850170627,150
/home/iiitn/Datasets/FaceForensics++/original_sequences/youtube/c40/videos/046.mp4,0,0.2072236666985292,6.887590636934202,0.6707996559611882,0.08371612563061252,0.24596489311223854,11.936790031468357,0.6842848652546735,0.04402654642252315,0.41136898339102346,150
/home/iiitn/Datasets/FaceForensics++/original_sequences/youtube/c40/videos/053.mp4,0,0.23921659318386826,11.210624371483155,0.0030971663872292952,0.022135597562457764,0.22258828308426284,10.248828421545703,-0.07092239234829716,0.09882992865797546,7.025378049538122,150
/home/iiitn/Datasets/FaceForensics++/original_sequences/youtube/c40/videos/054.mp4,0,0.24198491829411797,7.529830815378368,0.13951033219850204,0.11915005999574764,0.20606220666163635,6.396587356165572,0.20864642217042628,0.4005926809363924,0.9147713676242715,150
/home/iiitn/Datasets/FaceForensics++/original_sequences/youtube/c40/videos/051.mp4,0,0.20080839648493343,6.479096097111167,0.6031986220060142,0.08141260765110506,0.26612756988781044,11.726783154719705,0.8011436461882973,0.18303403696343723,13.212124484212735,150
/home/iiitn/Datasets/FaceForensics++/original_sequences/youtube/c40/videos/045.mp4,0,0.2594083634983421,10.803861848281324,0.4118170349759123,0.4330132262074306,0.1996879006294474,7.364074665538991,0.8570124922138814,0.31745230626757404,0.28477831824074057,150
/home/iiitn/Datasets/FaceForensics++/original_sequences/youtube/c40/videos/055.mp4,0,0.26317494657970675,9.049723879205692,0.1416704264594619,0.09264576125853424,0.2574396161174646,15.180726236169,0.5023217127654066,0.3201472800816409,0.4255275168619617,150
/home/iiitn/Datasets/FaceForensics++/original_sequences/youtube/c40/videos/057.mp4,0,0.25168246289337126,12.4173396169706,0.14649857989615728,0.03684302421328732,0.20492696799561017,6.858191222334412,0.36202364737057174,0.4031074717727517,56.82278178181802,150
/home/iiitn/Datasets/FaceForensics++/original_sequences/youtube/c40/videos/059.mp4,0,0.19196692695830977,8.587822652349242,0.29216465400431774,0.05704213626446326,0.22209575529948497,8.247364074637368,0.6904692958935534,0.3779293715609456,3.743315481379184,150
/home/iiitn/Datasets/FaceForensics++/original_sequences/youtube/c40/videos/058.mp4,0,0.27140133383947396,15.419150153848577,0.6626991073127504,0.33621463136675805,0.32724814043268063,13.814808219868867,0.7250975353255753,0.07707369363685682,1.3101565224192655,150
/home/iiitn/Datasets/FaceForensics++/original_sequences/youtube/c40/videos/062.mp4,0,0.26318081585711006,9.03991484556793,0.6371004989004821,0.11217049403873432,0.30812680886628746,10.348749895873963,0.6258550667850398,0.1296588206925234,0.42346269665820474,150
/home/iiitn/Datasets/FaceForensics++/original_sequences/youtube/c40/videos/060.mp4,0,0.16811241080855086,5.966597847627754,0.35109806161754137,0.18950709327541726,0.16069638716149784,7.27875739043625,0.3940755165200301,0.025794232297540343,32.3995073183373,150
/home/iiitn/Datasets/FaceForensics++/original_sequences/youtube/c40/videos/056.mp4,0,0.21199913245276533,11.683369258666474,0.3427720198242808,0.07598814260517751,0.28091622368205954,15.2162975810273,0.8124848319250089,0.23739767674691106,0.034190841056036744,150
/home/iiitn/Datasets/FaceForensics++/original_sequences/youtube/c40/videos/052.mp4,0,0.2714737021609424,10.233872544695489,0.6952834668477911,0.038205033093985714,0.2243400266229886,6.9343033186676,0.6767616347501978,0.1069344722851759,0.8341153903181244,150
/home/iiitn/Datasets/FaceForensics++/original_sequences/youtube/c40/videos/061.mp4,0,0.3372923678080115,17.818440761358413,0.3562353695682539,0.0770525315574374,0.351138997443418,28.93638030670021,0.41171028983776736,0.1502497361431851,1.134454028321167,150
/home/iiitn/Datasets/FaceForensics++/original_sequences/youtube/c40/videos/064.mp4,0,0.23680613961261157,7.429430498833384,0.173149348002029,0.13801081595544493,0.3009394848550304,12.293754806330865,0.5121964589683589,0.09953457508463932,4.791513007157173,150
/home/iiitn/Datasets/FaceForensics++/original_sequences/youtube/c40/videos/063.mp4,0,0.16223090718401728,3.9192600491884675,0.3856489063795073,0.07370620503074722,0.20256266030004175,6.493348427160183,0.5732962440871548,0.1649334426152113,1.1584224381392907,150
/home/iiitn/Datasets/FaceForensics++/original_sequences/youtube/c40/videos/066.mp4,0,0.2631902767239922,13.264282277709036,0.18683417512157122,0.1125318769040281,0.26920203187611974,15.002935267956437,0.1433297533017136,0.11481260585865051,1.6980449232997685,150
/home/iiitn/Datasets/FaceForensics++/original_sequences/youtube/c40/videos/065.mp4,0,0.3124310992725187,15.909223026971498,0.3003500924113062,0.08589293840223428,0.31111432727582655,13.690642262240296,0.4077992932650012,0.11752083908831217,19.427215404656593,150
/home/iiitn/Datasets/FaceForensics++/original_sequences/youtube/c40/videos/070.mp4,0,0.2007782071625781,7.656110353921609,0.5187626633215308,0.30544512532750195,0.2697569506040152,12.062253556923975,0.5539979054409341,0.16697539974042241,7.78195129939629,150
/home/iiitn/Datasets/FaceForensics++/original_sequences/youtube/c40/videos/068.mp4,0,0.21911716923945657,7.004365264108029,0.04904846949615526,0.1518400388166244,0.3358665009860944,17.013695872303266,0.580275976865591,0.06056291417011237,12.468526112445657,150
/home/iiitn/Datasets/FaceForensics++/original_sequences/youtube/c40/videos/072.mp4,0,0.26036045162420846,14.419952644066472,0.0886704423528265,0.031271456955500876,0.24442947167429788,11.636930119744408,0.06372332415913166,0.033529376810427856,7.583991365421161,150
/home/iiitn/Datasets/FaceForensics++/original_sequences/youtube/c40/videos/071.mp4,0,0.2587600403526297,8.948759288798936,0.5950352617069153,0.15679314708666958,0.23686759626558027,9.244201971436786,0.49830375043211483,0.07960186456536125,96.88733708437512,150
/home/iiitn/Datasets/FaceForensics++/original_sequences/youtube/c40/videos/067.mp4,0,0.1654337289204065,4.408417379773755,0.45327711635182055,0.13106959451655284,0.21170509789138411,6.0412014323792915,0.5457940202392695,0.06910743206313924,3.502257832505727,150
/home/iiitn/Datasets/FaceForensics++/original_sequences/youtube/c40/videos/073.mp4,0,0.1673804142752915,5.402274668488715,0.6841074148811822,0.20154660422069906,0.18409631632702708,5.805706357312661,0.8755018494792081,0.45369499077098996,0.2248355140176194,150
/home/iiitn/Datasets/FaceForensics++/original_sequences/youtube/c40/videos/069.mp4,0,0.30341824365122183,11.416192300693249,0.7124234587238581,0.12942424101578795,0.33121890260751957,15.402404337013339,0.4901976977826932,0.16010513456972306,1.2058365488466294,150
/home/iiitn/Datasets/FaceForensics++/original_sequences/youtube/c40/videos/077.mp4,0,0.23935328014400162,12.447967118531194,0.35404513564032913,0.044407839231821435,0.23750017438418114,8.953438431044304,0.378786749943675,0.24715916994661521,1.1994890939418015,150
/home/iiitn/Datasets/FaceForensics++/original_sequences/youtube/c40/videos/076.mp4,0,0.2573011778337352,8.748142177596629,0.06690701562044657,0.2210219543384665,0.27205525232827354,11.015921026629583,0.5471735024384367,0.10605161244427114,1.4937309933796417,150
/home/iiitn/Datasets/FaceForensics++/original_sequences/youtube/c40/videos/075.mp4,0,0.29734177904210835,9.19584720692057,0.6190379826035213,0.14441190488127378,0.30798081786363823,9.867207999509278,0.7043786183086156,0.19855098050236697,37.53858587329035,150
/home/iiitn/Datasets/FaceForensics++/original_sequences/youtube/c40/videos/074.mp4,0,0.24586043526397675,9.912421433821207,0.10966640671948207,0.13123286891971456,0.24279381858805626,11.409719332423762,0.8877112794945322,0.1570497653359825,0.9729922117506116,150
/home/iiitn/Datasets/FaceForensics++/original_sequences/youtube/c40/videos/080.mp4,0,0.15153065997196713,4.676026993213244,0.38382069282622283,0.22048525266189886,0.186138928366446,5.762711215006238,0.5732124152767052,0.15140067584155062,0.1798010736919691,150
/home/iiitn/Datasets/FaceForensics++/original_sequences/youtube/c40/videos/082.mp4,0,0.26805040282737913,12.94225847706391,0.5105864946509199,0.14929940493677393,0.19408581840504432,8.061157598230189,0.4111729853200499,0.17735478630184343,0.11281401154613233,150
/home/iiitn/Datasets/FaceForensics++/original_sequences/youtube/c40/videos/081.mp4,0,0.2639903998218164,14.224037243143782,0.698477052999961,0.07553051285627115,0.25617461320826546,20.71687086854377,0.7119190606734073,0.2159574088916174,0.6534582959348829,150
/home/iiitn/Datasets/FaceForensics++/original_sequences/youtube/c40/videos/078.mp4,0,0.16008302398358165,4.25871974761847,0.4975879710921524,0.09584928494718782,0.19343171468353923,6.851476121549394,0.8472942300896656,0.21998092053917406,0.9538010204471592,150
/home/iiitn/Datasets/FaceForensics++/original_sequences/youtube/c40/videos/079.mp4,0,0.22283518433143976,5.716148319033009,0.5247747645601102,0.04021830793405249,0.23565680743405645,11.75848734744686,0.4695137946681231,0.3959888744886105,0.3219938352540767,150
/home/iiitn/Datasets/FaceForensics++/original_sequences/youtube/c40/videos/085.mp4,0,0.27503022036388364,14.747947832899861,0.47003753078050936,0.24939281445795933,0.23243113497651882,11.32084389145846,0.41812720503291234,0.07008257903926053,0.03681711744198683,150
/home/iiitn/Datasets/FaceForensics++/original_sequences/youtube/c40/videos/087.mp4,0,0.30055547694983875,15.8791243356348,0.38766839943248366,0.05576834119457793,0.30508936798634245,12.662911801055921,0.7485006414974104,0.06090775892682993,0.14272175137242477,150
/home/iiitn/Datasets/FaceForensics++/original_sequences/youtube/c40/videos/088.mp4,0,0.2734853638614028,14.124037736793667,0.2838301989744134,0.19105380533464447,0.31433994198349086,18.250701693130036,0.5159429123259535,0.03119643941493179,30.678147166214792,150
/home/iiitn/Datasets/FaceForensics++/original_sequences/youtube/c40/videos/083.mp4,0,0.17937681008279951,4.969658821017812,0.3321821746638043,0.09849909943554176,0.15935185473191896,5.4331700814402835,0.23807960934340497,0.16674273136231146,0.6425804766485637,150
/home/iiitn/Datasets/FaceForensics++/original_sequences/youtube/c40/videos/091.mp4,0,0.2283207267947003,7.189984652499831,-0.19559457748832434,0.15536190173979966,0.23447620225956767,7.245142221331879,0.18211897779249878,0.18309263344246685,1.1700782292004472,150
/home/iiitn/Datasets/FaceForensics++/original_sequences/youtube/c40/videos/092.mp4,0,0.22470052894191742,13.40651414992928,0.3156018648190095,0.173184359208348,0.1763311859565191,5.477759316078529,0.8427225687838192,0.213920620694565,0.3656407848064723,150
/home/iiitn/Datasets/FaceForensics++/original_sequences/youtube/c40/videos/086.mp4,0,0.27059809103630683,11.752996486196226,0.70282051204053,0.47620128233664416,0.22804837312807077,8.237718435309498,0.8839682698722408,0.5387723493775325,4.536648022968084,150
/home/iiitn/Datasets/FaceForensics++/original_sequences/youtube/c40/videos/084.mp4,0,0.21630505094710575,8.661388236952543,0.3427795847959192,0.132099424640975,0.1996076592660271,8.056905617128221,0.40960377818763455,0.19952200582970137,0.9594743836069586,150
/home/iiitn/Datasets/FaceForensics++/original_sequences/youtube/c40/videos/090.mp4,0,0.27829558689252637,10.368190346480349,0.3215698686306808,0.15713068834147206,0.27545655296881494,13.665496194984614,0.3437917725593946,0.07486403199969953,9.40664463569355,150
/home/iiitn/Datasets/FaceForensics++/original_sequences/youtube/c40/videos/093.mp4,0,0.2462885036679222,12.893310322203186,0.8571412718829347,0.08606017356792295,0.24876003835202476,10.286559011860762,0.7892471728134899,0.10541396132892561,2.8146019517819174,150
/home/iiitn/Datasets/FaceForensics++/original_sequences/youtube/c40/videos/094.mp4,0,0.27375896174551867,17.872622252683197,0.5122995190779875,0.041795429409563024,0.2136514791685805,9.371787388853337,0.5049218603812573,0.17126094552068863,1.3149947248677287,150
/home/iiitn/Datasets/FaceForensics++/original_sequences/youtube/c40/videos/089.mp4,0,0.25706584881971634,9.306840071794731,0.5231530521029789,0.1852550753120735,0.3248221994918843,18.1646349277637,0.48019228200496106,0.11173044909117331,4.855619945799564,150
/home/iiitn/Datasets/FaceForensics++/original_sequences/youtube/c40/videos/095.mp4,0,0.1775862042711954,7.515739586463155,0.013569021690084365,0.2635088957976275,0.19129673172114617,6.1361963061654805,0.1631438249636984,0.07738265290132697,4.067873499021729,150
/home/iiitn/Datasets/FaceForensics++/original_sequences/youtube/c40/videos/097.mp4,0,0.23384151013097063,10.753448811727305,0.14858206251745976,0.07843722496799295,0.2655756309812179,10.397082603734338,0.16298750108349566,0.04546742088258377,2.2212064839533663,150
/home/iiitn/Datasets/FaceForensics++/original_sequences/youtube/c40/videos/100.mp4,0,0.2409954857903335,9.768852559046984,0.5005282944461581,0.2416886312997718,0.2711556851588328,11.539525212701442,0.592731556726784,0.2954569224009173,5.827021263476635,150
/home/iiitn/Datasets/FaceForensics++/original_sequences/youtube/c40/videos/098.mp4,0,0.26626202876095706,15.193059664428404,0.09558747670456964,0.3083667157470464,0.20127293514894118,6.567739573818323,0.4058620867046228,0.2154075172629205,0.038673157013959646,150
/home/iiitn/Datasets/FaceForensics++/original_sequences/youtube/c40/videos/103.mp4,0,0.22057663396403093,10.746301492749653,0.5125870953408627,0.09998413354326746,0.2104568456491882,11.358852989086932,0.3381484849106322,0.34139332655847227,68.40444191771195,150
/home/iiitn/Datasets/FaceForensics++/original_sequences/youtube/c40/videos/102.mp4,0,0.2273506060676608,15.197874124535792,0.4987843128068792,0.2277967878419578,0.23785177359440857,12.004206473703332,0.7411277868071325,0.3274321866521362,0.4231856829177131,150
/home/iiitn/Datasets/FaceForensics++/original_sequences/youtube/c40/videos/104.mp4,0,0.2389155739296093,6.529830566726891,0.26665374335462944,0.2388633001052558,0.24715023013229706,7.401591402939391,0.37307771501440207,0.10105322257179673,21.069608909133596,150
/home/iiitn/Datasets/FaceForensics++/original_sequences/youtube/c40/videos/105.mp4,0,0.25647664850882484,12.728292207998564,0.35276115034907757,0.09862871004368691,0.27010797859627067,10.869644831537448,0.6789687430498782,0.16806907745121094,10.500652348737846,150
/home/iiitn/Datasets/FaceForensics++/original_sequences/youtube/c40/videos/107.mp4,0,0.2596293007730108,19.286548177193485,0.1889701079528621,0.1346243560181388,0.24161214037287082,15.560401560087485,0.20425900373354744,0.1898146645328687,1.5220396013681845,150
/home/iiitn/Datasets/FaceForensics++/original_sequences/youtube/c40/videos/101.mp4,0,0.2085317065613638,5.767489232343844,0.19149918131501878,0.2319173543554748,0.2183689693597556,6.420326912229342,0.05419648991661557,0.1833392695168863,2.0457453354052824,150
/home/iiitn/Datasets/FaceForensics++/original_sequences/youtube/c40/videos/106.mp4,0,0.2827384398521445,10.219998653273421,0.5552510964624539,0.09016978804658071,0.27548595335061193,9.363283948878573,0.5465258297934058,0.11844655135005577,0.09250231557019535,150
/home/iiitn/Datasets/FaceForensics++/original_sequences/youtube/c40/videos/109.mp4,0,0.2592859063800375,27.9907971506442,0.012338637466116076,0.017767626019025175,0.24505049776989662,8.810462147896061,0.3704197850471702,0.35569853832218135,1.2696658806279426,150
/home/iiitn/Datasets/FaceForensics++/original_sequences/youtube/c40/videos/111.mp4,0,0.21442956274266126,7.7544697921982575,0.170210384339723,0.2319809913258437,0.2164735032483364,10.650037319584131,0.7218342577291242,0.2791731700281896,0.649215482796375,150
/home/iiitn/Datasets/FaceForensics++/original_sequences/youtube/c40/videos/110.mp4,0,0.31176019462723564,11.877582237910287,0.04239445293720893,0.25379010901384325,0.3268334810826747,13.81930205826417,0.3311266181035535,0.029784903409527,0.38319408200965727,150
/home/iiitn/Datasets/FaceForensics++/original_sequences/youtube/c40/videos/108.mp4,0,0.3124459786436728,11.975256100045476,0.4617302867362814,0.23432623379313466,0.3169090881790036,16.93216412144856,0.15801747986303896,0.03482915673951139,347.9142179628792,150
/home/iiitn/Datasets/FaceForensics++/original_sequences/youtube/c40/videos/116.mp4,0,0.23591485391807474,8.01536627307838,0.25605717045521875,0.17494705257265794,0.23976299954325375,8.4948061407175,0.7319847239718213,0.1925451823969624,0.29832500596403644,150
/home/iiitn/Datasets/FaceForensics++/original_sequences/youtube/c40/videos/114.mp4,0,0.3030582244262221,14.15351818371773,0.7212620494137522,0.14298695888897828,0.3775612716284324,29.464933074419424,0.821368278372972,0.22236917197816952,0.3459389110353961,150
/home/iiitn/Datasets/FaceForensics++/original_sequences/youtube/c40/videos/118.mp4,0,0.17192410831485783,5.787207151048449,0.10959838470246297,0.14713650135009834,0.18689518774649802,7.2680674853898495,0.38413770105003214,0.05257575543043961,1.719262678711981,150
/home/iiitn/Datasets/FaceForensics++/original_sequences/youtube/c40/videos/115.mp4,0,0.2290006480095856,8.297463794276537,0.3752059124163574,0.2707138302168815,0.23672538661959766,7.586323939603097,0.5737976854967979,0.2146991918367078,7.541483007790283,150
/home/iiitn/Datasets/FaceForensics++/original_sequences/youtube/c40/videos/099.mp4,0,0.1858348281854074,9.005342656616667,0.3855852692404976,0.015285249201723356,0.2163803229628903,8.11070433433992,0.405391710202939,0.08027488630635243,2.3123516175566765,150
/home/iiitn/Datasets/FaceForensics++/original_sequences/youtube/c40/videos/113.mp4,0,0.20546081417976025,9.27265999296102,0.6173741786912991,0.19737134507348875,0.20117296754686578,7.225820907574374,0.4084126734427386,0.3563660975350748,0.8525445217308381,150
/home/iiitn/Datasets/FaceForensics++/original_sequences/youtube/c40/videos/117.mp4,0,0.24536577212486677,13.612954849390254,0.3057409191065285,0.0483714874915328,0.18479625834175062,7.478028365280626,0.2179606056357304,0.07467485153254845,3.3052727643102497,150
/home/iiitn/Datasets/FaceForensics++/original_sequences/youtube/c40/videos/119.mp4,0,0.22400971028993863,7.236751883184446,0.7789453728108695,0.2076836887729381,0.2222809146883675,5.785740738640615,0.4246791061763548,0.1390951399558046,0.398603375847418,150
/home/iiitn/Datasets/FaceForensics++/original_sequences/youtube/c40/videos/120.mp4,0,0.2076471865282837,12.062170476848257,0.33858723372230864,0.4871840020102695,0.27431185599760893,16.471094546988855,0.5232337685018174,0.2791177647429262,4.912660766222576,150
/home/iiitn/Datasets/FaceForensics++/original_sequences/youtube/c40/videos/112.mp4,0,0.1629705271864853,4.16501387466402,0.8181372903851276,0.2502281202804127,0.22553723840247372,7.8141944638952205,0.6311144469801743,0.1711461794703155,9.369372236059766,150
/home/iiitn/Datasets/FaceForensics++/original_sequences/youtube/c40/videos/124.mp4,0,0.29563144807416436,17.61567605596998,0.3613619364622145,0.07106014818925425,0.2750692382656086,14.730497558198996,0.4962212658321432,0.04637983908658672,1.2759760093557853,150
/home/iiitn/Datasets/FaceForensics++/original_sequences/youtube/c40/videos/123.mp4,0,0.25344537860465943,15.532122820047782,0.28210505961542753,0.045726037149293665,0.25110715056940586,10.984344431742107,-0.0306910730266373,0.2321644486364288,0.7765409198466741,150
/home/iiitn/Datasets/FaceForensics++/original_sequences/youtube/c40/videos/126.mp4,0,0.22945201396460924,13.003110426124534,0.1503976500578782,0.020300012265827363,0.24780332300155816,21.25268000948302,0.5185432387118224,0.3263172351999726,6.684646101465208,150
/home/iiitn/Datasets/FaceForensics++/original_sequences/youtube/c40/videos/128.mp4,0,0.26595840083024314,23.261703371319673,0.5381962404284081,0.18714619440670752,0.2664339663976512,15.744763417985,0.5610893628770576,0.06567672300479256,2.5624243452555815,150
/home/iiitn/Datasets/FaceForensics++/original_sequences/youtube/c40/videos/122.mp4,0,0.2735010394570768,11.48814142557769,0.2587522259467932,0.29895474192706284,0.21723073892614567,8.441731704962583,0.09938956328185873,0.2156315643946274,7.443161013523083,150
/home/iiitn/Datasets/FaceForensics++/original_sequences/youtube/c40/videos/125.mp4,0,0.2633003958343636,11.105613918005952,0.5354395423894605,0.07805769630329489,0.2760626012214438,16.558779074561638,0.611645782963351,0.050148609331248574,2.3052329359224535,150
/home/iiitn/Datasets/FaceForensics++/original_sequences/youtube/c40/videos/131.mp4,0,0.14711604119630525,9.37743264714396,0.33521375621867056,0.05891843588777745,0.20626770106462397,17.998963851216732,0.41169976004093506,0.14323895029917139,0.43658154058831466,150
/home/iiitn/Datasets/FaceForensics++/original_sequences/youtube/c40/videos/130.mp4,0,0.1808137182792272,9.026547418026116,0.20064991462996265,0.2608049807222388,0.21377179472400673,8.233589273998746,0.45642698944904603,0.14452017051410804,102.94951426535755,150
/home/iiitn/Datasets/FaceForensics++/original_sequences/youtube/c40/videos/132.mp4,0,0.2429540569694025,9.604581698658162,0.3831494239023865,0.13399624512837885,0.2416712311559411,8.600269942515167,0.5686304129053703,0.11233099148646354,0.3904783602431969,150
/home/iiitn/Datasets/FaceForensics++/original_sequences/youtube/c40/videos/129.mp4,0,0.21671189227487456,5.589355144703835,0.10665062416421311,0.36392111910334507,0.31404395252572326,15.946891196470157,0.6612073010488229,0.1681981746244784,2.127390644434178,150
/home/iiitn/Datasets/FaceForensics++/original_sequences/youtube/c40/videos/121.mp4,0,0.1736695420114379,8.920897554212287,0.40331498538429594,0.3032094102783644,0.17896575331699127,7.602759580060187,0.5366403334112061,0.34689179699725875,0.3041890339023668,150
/home/iiitn/Datasets/FaceForensics++/original_sequences/youtube/c40/videos/127.mp4,0,0.22295066467377056,4.922803173850974,0.3369055647299887,0.012267617075023829,0.25864814218149296,7.235006027274284,0.6446549129424027,0.06357872491790618,7.338245020404714,150
/home/iiitn/Datasets/FaceForensics++/original_sequences/youtube/c40/videos/133.mp4,0,0.26827465234373477,15.562374595163812,0.5195909571645028,0.07457224680740608,0.26630556145984485,14.876655683607998,0.413500441812384,0.06890728117139962,0.08678240953053465,150
/home/iiitn/Datasets/FaceForensics++/original_sequences/youtube/c40/videos/134.mp4,0,0.18105687161087405,4.966653493076842,0.3093781195310656,0.16236201110603554,0.2057715673250989,7.800464751454235,0.15697456575751897,0.15362669940743942,57.06033459377599,150
/home/iiitn/Datasets/FaceForensics++/original_sequences/youtube/c40/videos/138.mp4,0,0.21018376396589458,10.970651844529383,0.1928015108670368,0.0426405054448448,0.23059919083432842,10.376584681696151,0.5461686897358171,0.4464745641291277,0.04159599298340046,150
/home/iiitn/Datasets/FaceForensics++/original_sequences/youtube/c40/videos/137.mp4,0,0.23446321169384265,14.62750717254599,0.13283204409902108,0.06923683313859672,0.2672186178923471,22.108575394018626,0.21309267249034858,0.14248811564595334,0.9947320611186198,150
/home/iiitn/Datasets/FaceForensics++/original_sequences/youtube/c40/videos/139.mp4,0,0.26449011111899684,12.176669379061883,0.4399414475727717,0.1305379847433098,0.3262055821958462,16.97021307576257,0.7782818504512022,0.151148784173747,2.025829943438134,150
/home/iiitn/Datasets/FaceForensics++/original_sequences/youtube/c40/videos/135.mp4,0,0.28255664282957765,12.559873681186879,0.1722245798131957,0.11765877295035922,0.3533895583021094,28.985715349175205,0.4742098193579068,0.1006091044283244,156.42622964022414,150
/home/iiitn/Datasets/FaceForensics++/original_sequences/youtube/c40/videos/140.mp4,0,0.21804825364101174,10.287231404526414,0.30525796951626544,0.14653251030656664,0.20952932823063986,11.124020360856171,0.36262958506956405,0.25887465896166956,34.1236685152692,150
/home/iiitn/Datasets/FaceForensics++/original_sequences/youtube/c40/videos/143.mp4,0,0.3093507515116929,20.110054948200755,0.29957294886987795,0.14649359282392893,0.2756371921541056,12.500820664058388,0.5980103228612802,0.17524648350099295,0.08479923655227933,150
/home/iiitn/Datasets/FaceForensics++/original_sequences/youtube/c40/videos/136.mp4,0,0.2524857057412146,9.534102718892058,0.6472028818343162,0.2860617530356735,0.270827320569677,11.382443478785179,0.5590473922792364,0.1305275500487278,55.95029411348695,150
/home/iiitn/Datasets/FaceForensics++/original_sequences/youtube/c40/videos/141.mp4,0,0.21282956536555997,6.377941724620867,0.3430664166165796,0.4309525748527161,0.2550247470810096,7.218128188480229,0.27115020101025955,0.07495881094356095,2.567248681063811,150
/home/iiitn/Datasets/FaceForensics++/original_sequences/youtube/c40/videos/142.mp4,0,0.23952226298534354,9.712329468186752,0.33944060472368626,0.12934604581599135,0.2972997159899886,15.425575862488051,0.7362264073454531,0.2108847083712778,0.14383997659859435,150
/home/iiitn/Datasets/FaceForensics++/original_sequences/youtube/c40/videos/145.mp4,0,0.12545237294379666,7.903923091984527,0.1394961987023323,0.024032519122738932,0.14627035688727744,10.965107181082864,0.44003310147357905,0.061853686188559194,0.03027095813848657,150
/home/iiitn/Datasets/FaceForensics++/original_sequences/youtube/c40/videos/144.mp4,0,0.24423753523606706,9.229027309810219,0.5995378103001195,0.34848306842291815,0.2884142780062164,11.539934793047706,0.8353455301779812,0.4576067576345606,0.1240513048281727,150
/home/iiitn/Datasets/FaceForensics++/original_sequences/youtube/c40/videos/148.mp4,0,0.2676796205520889,19.699285856959886,0.18793264358198777,0.0382754122027194,0.21915887171514892,8.322844433759611,0.016197541907109297,0.064952159166779,0.6258626807573319,150
/home/iiitn/Datasets/FaceForensics++/original_sequences/youtube/c40/videos/149.mp4,0,0.2152845278007983,11.768578191651889,0.15888880246107331,0.021216882961823197,0.2630127003956554,12.00799042100554,0.17936199690797358,0.12136286592409307,0.9349161648463729,150
/home/iiitn/Datasets/FaceForensics++/original_sequences/youtube/c40/videos/147.mp4,0,0.2610769208168321,6.967065844957742,0.6570204293383132,0.17079177644322033,0.2901436203587529,12.194350809997161,0.7659478914531975,0.14304179185357693,5.681565581203049,150
/home/iiitn/Datasets/FaceForensics++/original_sequences/youtube/c40/videos/150.mp4,0,0.2125657466221448,8.9913300577492,-0.03063315466686353,0.14225404451373294,0.18986770677144085,6.845200586956505,0.10494011327479387,0.5124793839668694,1.0478734134745566,150
/home/iiitn/Datasets/FaceForensics++/original_sequences/youtube/c40/videos/152.mp4,0,0.1995852004763153,13.556457678283406,0.4455263455264919,0.24868256057321714,0.23517981299890475,9.357445014378094,0.6560300126083414,0.2509478885939341,27.106683538189905,150
/home/iiitn/Datasets/FaceForensics++/original_sequences/youtube/c40/videos/151.mp4,0,0.22828562747973846,7.549852771224003,0.12416076231173523,0.2678726114670105,0.239744842426872,14.254041328624936,0.839950554933181,0.12676478789232767,0.05341469069902523,150
/home/iiitn/Datasets/FaceForensics++/original_sequences/youtube/c40/videos/153.mp4,0,0.22989483890118256,7.687167373386529,0.6151346095742523,0.2883646874371049,0.23363600651381003,10.377469165308248,0.45457652186230835,0.27850487095150017,1.329931640096717,150
/home/iiitn/Datasets/FaceForensics++/original_sequences/youtube/c40/videos/146.mp4,0,0.20849285489977554,10.043341723227668,0.5930890583717884,0.30780582424177827,0.2718529500343883,11.525447861784228,0.45856748218146715,0.1166642598759325,0.4794131173915923,150
/home/iiitn/Datasets/FaceForensics++/original_sequences/youtube/c40/videos/155.mp4,0,0.19669352729002912,6.167682114346941,0.6088479832587553,0.35510634635994,0.2636681580023736,9.48806453785453,0.8866595036734367,0.2872519399062963,0.11346233298726112,150
/home/iiitn/Datasets/FaceForensics++/original_sequences/youtube/c40/videos/157.mp4,0,0.3449032575220104,31.495214864587904,-0.023002829756262944,0.036130457175511436,0.23999212636461634,15.337916776836556,0.34619575915740824,0.17380948728423576,3.108693892492144,150
/home/iiitn/Datasets/FaceForensics++/original_sequences/youtube/c40/videos/154.mp4,0,0.21511526529991445,11.315229288895296,0.5064277795830988,0.04451126984066015,0.22545887225040043,9.49716579389572,0.5961425887817994,0.08132346431355393,2.6648271820945686,150
/home/iiitn/Datasets/FaceForensics++/original_sequences/youtube/c40/videos/161.mp4,0,0.2504634065706868,6.955093952132477,0.16105024360673417,0.19073959886348132,0.24843123645623014,13.353122842353171,0.442011577494058,0.09595032709935965,5.040038544192337,150
/home/iiitn/Datasets/FaceForensics++/original_sequences/youtube/c40/videos/159.mp4,0,0.22650428559417624,8.339970292158348,0.5460641343998817,0.4002853706479186,0.21915375007999605,8.316986190709132,0.8645055329845679,0.045767869845088606,1.67760066569057,150
/home/iiitn/Datasets/FaceForensics++/original_sequences/youtube/c40/videos/165.mp4,0,0.18200127838313987,5.040503306349043,0.3751943181627919,0.04884923863873602,0.17340246865751116,6.37712939108953,0.3118622031171269,0.29642517330800094,1.0315661929075297,150
/home/iiitn/Datasets/FaceForensics++/original_sequences/youtube/c40/videos/163.mp4,0,0.23363567188762904,8.668810587005556,0.2641030357413601,0.12455944416230931,0.2638509913399452,11.297947622355622,0.7879304476130214,0.1940850341947492,0.3487615900086201,150
/home/iiitn/Datasets/FaceForensics++/original_sequences/youtube/c40/videos/166.mp4,0,0.2766386067748181,16.91103704685169,0.14682986392247843,0.024322848779778004,0.2057546035885306,8.273631850670968,0.428265758658071,0.1359956851671689,0.3254154589815206,150
/home/iiitn/Datasets/FaceForensics++/original_sequences/youtube/c40/videos/160.mp4,0,0.18500675371805397,5.220584300331137,0.8216271820951294,0.2886602705671893,0.21807246114916334,9.14226507028681,0.5382984461516479,0.22231924378886733,12.377264495845912,150
/home/iiitn/Datasets/FaceForensics++/original_sequences/youtube/c40/videos/164.mp4,0,0.305230802480472,17.307678556498317,0.7202395133219633,0.18061410478691212,0.3501958651601593,17.61290966254188,0.8535831001362588,0.13996477614081207,0.03763523132967632,150
/home/iiitn/Datasets/FaceForensics++/original_sequences/youtube/c40/videos/167.mp4,0,0.21647695906678202,9.677888159942414,0.12040213707599949,0.13410224180446137,0.22229566896330497,8.57910784693802,0.5707680165079138,0.06747624913282667,9.862161113720632,150
/home/iiitn/Datasets/FaceForensics++/original_sequences/youtube/c40/videos/169.mp4,0,0.2200058931850859,7.466519247919552,0.35148416517954834,0.24015585034421552,0.24763888948395696,9.634284921615025,0.2865082641616077,0.20987001781448497,0.30054162654697264,150
/home/iiitn/Datasets/FaceForensics++/original_sequences/youtube/c40/videos/168.mp4,0,0.33957610783396247,17.836397563938608,0.4726082039514557,0.1971585655540242,0.3879165862570146,25.47495277829564,0.7077917409634943,0.10402419967490635,0.9914383392509234,150
/home/iiitn/Datasets/FaceForensics++/original_sequences/youtube/c40/videos/162.mp4,0,0.2659823741554852,9.314730827575739,0.4546669886541426,0.22415127671030552,0.24197240088313424,7.123971662148029,0.5042918614304185,0.10459132368357409,6.018443304417827,150
/home/iiitn/Datasets/FaceForensics++/original_sequences/youtube/c40/videos/172.mp4,0,0.1374135084647378,3.1007167525563797,0.06873145826332515,0.012854484854744233,0.22191367189428016,9.252604378250354,0.5651343107903822,0.1198412674679864,0.034652116578948,150
/home/iiitn/Datasets/FaceForensics++/original_sequences/youtube/c40/videos/175.mp4,0,0.2331299386059104,10.150785898180239,0.1433845212538125,0.1307457648807793,0.20180127484570765,8.894137110920235,0.1928187362580354,0.14076306643581565,29.631991211802088,150
/home/iiitn/Datasets/FaceForensics++/original_sequences/youtube/c40/videos/171.mp4,0,0.23963009030558644,8.659214232308367,0.2791567167753856,0.110766154656412,0.2958233634645868,13.343359215704462,0.5461884303066911,0.1984443179967664,4.775693159328304,150
/home/iiitn/Datasets/FaceForensics++/original_sequences/youtube/c40/videos/178.mp4,0,0.21627595073722627,10.920227035469013,0.6453921825545187,0.10643715751942527,0.1975695997797029,11.217225392427663,0.27283688525896765,0.25435708864546486,0.09966474486989878,150
/home/iiitn/Datasets/FaceForensics++/original_sequences/youtube/c40/videos/181.mp4,0,0.23174155753911008,6.448219815953653,0.24953117406334072,0.2290785504716589,0.2834354128056873,9.76873332401396,0.14118939389414997,0.09612486519396703,0.04263621797128413,150
/home/iiitn/Datasets/FaceForensics++/original_sequences/youtube/c40/videos/180.mp4,0,0.24949140597356992,12.362469106591933,0.3572722895949352,0.1294726909958541,0.2305622593022326,6.5943646704668835,0.4168764915277794,0.11701360104997117,29.375455673234512,150
/home/iiitn/Datasets/FaceForensics++/original_sequences/youtube/c40/videos/174.mp4,0,0.32622715552378834,7.119549756539221,0.39220510545748305,0.1557559460537953,0.3580713954533769,17.958732831362507,0.48749513571869985,0.08014329765271119,1.4088313557915602,150
/home/iiitn/Datasets/FaceForensics++/original_sequences/youtube/c40/videos/170.mp4,0,0.22588687587128609,6.125183874461992,0.1673270500369564,0.2868705434770935,0.22353258537784423,6.4862054003203715,0.12565368936093566,0.05276905621730372,3.81923654217529,150
/home/iiitn/Datasets/FaceForensics++/original_sequences/youtube/c40/videos/173.mp4,0,0.2467623734901955,8.327364494812764,0.35327387792376314,0.11719131439578324,0.23762054130574714,8.467518572728325,0.3986458324385272,0.030790943721281615,11.553735481127832,150
/home/iiitn/Datasets/FaceForensics++/original_sequences/youtube/c40/videos/177.mp4,0,0.3288432290781926,23.074470906620302,0.21696694485299886,0.08801169254530761,0.30711397597866125,13.490401326333838,0.8166737839988066,0.1152560349941993,12.675580737413545,150
/home/iiitn/Datasets/FaceForensics++/original_sequences/youtube/c40/videos/179.mp4,0,0.2866503763574649,17.49929308632474,0.7219504301502173,0.36721647825627035,0.2608236821431948,14.347718734721516,0.6674773740005923,0.4396414641866211,0.49896496267680246,150
/home/iiitn/Datasets/FaceForensics++/original_sequences/youtube/c40/videos/176.mp4,0,0.22612547359265076,9.153676364406705,0.32348153062023627,0.19031000602026857,0.22078314564628607,6.7146078674634575,0.5957360283027391,0.2260915806701218,18.404978251737266,150
/home/iiitn/Datasets/FaceForensics++/original_sequences/youtube/c40/videos/182.mp4,0,0.247113330060751,12.301743097145952,0.5106833539379791,0.18170479891015012,0.2595696410564321,10.520989198310405,0.6320551192270646,0.10775629989437703,0.543103081160054,150
/home/iiitn/Datasets/FaceForensics++/original_sequences/youtube/c40/videos/183.mp4,0,0.25804310722876783,18.985263915260955,0.6426989651960274,0.12236841155051646,0.24130374781349953,12.91594244293337,0.8350606681265228,0.0584934754005981,0.09334570818964107,150
/home/iiitn/Datasets/FaceForensics++/original_sequences/youtube/c40/videos/189.mp4,0,0.21047930734511056,9.939774030669371,0.165427514118853,0.025626301233717046,0.23406546158744898,14.418819475856102,0.4909463544111472,0.40449283005995157,124.70612458601686,150
/home/iiitn/Datasets/FaceForensics++/original_sequences/youtube/c40/videos/185.mp4,0,0.1840715619756418,6.319465481652544,0.591761011220851,0.06269309886898149,0.20375432919303582,5.587213145909402,0.5735292916238245,0.42486652342095416,0.6064622901660335,150
/home/iiitn/Datasets/FaceForensics++/original_sequences/youtube/c40/videos/188.mp4,0,0.2340771953639863,6.866338896271529,0.42286655605941936,0.18508250640298826,0.2903664276881925,9.641329810594227,0.8520069043776791,0.1745947076606635,0.14789558986345475,150
/home/iiitn/Datasets/FaceForensics++/original_sequences/youtube/c40/videos/184.mp4,0,0.27983331627809066,11.434494487410221,0.7057480849510651,0.5078977421350704,0.4247008330019663,59.94302174222821,0.8601180366545934,0.36236486408588425,0.08196923510530177,150
/home/iiitn/Datasets/FaceForensics++/original_sequences/youtube/c40/videos/192.mp4,0,0.20665716607460957,6.32601456021288,0.12125427817621119,0.18739392941996602,0.17115217824516113,3.9800848268013547,0.06099273872046232,0.3727104217584894,0.04454731854243576,150
/home/iiitn/Datasets/FaceForensics++/original_sequences/youtube/c40/videos/187.mp4,0,0.23137341850550422,5.763582096291941,0.4940114307478214,0.1364597761549544,0.25530914044914027,8.980685928685268,0.7449068389865916,0.4061635915452171,6.328865381323793,150
/home/iiitn/Datasets/FaceForensics++/original_sequences/youtube/c40/videos/194.mp4,0,0.2366062285471956,18.699344579663457,0.5495657599523747,0.1560572148832863,0.21148522212405305,13.822163519941839,0.5871515410149014,0.1778267808378805,29.957952178975976,150
/home/iiitn/Datasets/FaceForensics++/original_sequences/youtube/c40/videos/186.mp4,0,0.19063201209585537,4.738207413414332,0.5317229581360184,0.033042619658746206,0.23491992363492933,5.571540339561711,0.8460674014499459,0.17818161065470947,0.0416091391731244,150
/home/iiitn/Datasets/FaceForensics++/original_sequences/youtube/c40/videos/191.mp4,0,0.23538831703059845,7.188343349814306,0.6659148783578354,0.1082805722317471,0.33251241964106315,19.47099657650514,0.3482273823190045,0.045550852942185666,2.291947621702987,150
/home/iiitn/Datasets/FaceForensics++/original_sequences/youtube/c40/videos/190.mp4,0,0.2611885639823675,14.70148298435195,0.01979011126749746,0.14075379365820123,0.28486510173326707,16.126060508973918,0.17592682826158765,0.08252930117493977,3.842998748505518,150
/home/iiitn/Datasets/FaceForensics++/original_sequences/youtube/c40/videos/196.mp4,0,0.2394799955712035,14.54414294143274,-0.06767410593361771,0.024642615063093214,0.18111410659259633,8.247692392388055,0.09830538744956933,0.02868095471306041,26.005760943308925,150
/home/iiitn/Datasets/FaceForensics++/original_sequences/youtube/c40/videos/195.mp4,0,0.2977101258762727,11.707752281858774,0.4391411017030395,0.062464269445558475,0.2346975820266727,9.9182606997228,0.7243425886398889,0.16505515343445712,0.10870863633414767,150
/home/iiitn/Datasets/FaceForensics++/original_sequences/youtube/c40/videos/198.mp4,0,0.19201996234106677,6.980565405214083,0.17872727191353147,0.14283242147999015,0.183147359138941,5.61666353276546,0.40995730771499944,0.26382010306593306,0.01875065851912887,150
/home/iiitn/Datasets/FaceForensics++/original_sequences/youtube/c40/videos/197.mp4,0,0.16364492135676664,6.029885188473298,0.4886347239606281,0.11142768049957218,0.19624938528898986,7.781424984851813,0.2485432487063597,0.2473436189303079,17.258115121797704,150
/home/iiitn/Datasets/FaceForensics++/original_sequences/youtube/c40/videos/193.mp4,0,0.20466027834405612,6.191821141268977,0.47752347827357866,0.22706739020172553,0.23620530132378728,8.498180895194123,0.7019215546906382,0.11460930504637791,2.6383462547173635,150
/home/iiitn/Datasets/FaceForensics++/original_sequences/youtube/c40/videos/201.mp4,0,0.2559595203845355,12.175343308564024,0.7309769687211739,0.2856221554296992,0.33589487540206653,14.746874582102393,0.7237330291066125,0.26900003299274844,10.776630917512607,150
/home/iiitn/Datasets/FaceForensics++/original_sequences/youtube/c40/videos/199.mp4,0,0.3176351811157125,10.907705751158536,0.6961656911795805,0.040605987667235804,0.3454699530354499,16.43970384221597,0.7405148245616036,0.07983511304448933,4.038102667394499,150
/home/iiitn/Datasets/FaceForensics++/original_sequences/youtube/c40/videos/200.mp4,0,0.15691601766706867,4.290244823545261,0.7425847247816479,0.4218826466806865,0.20985675391863431,8.250017497529173,0.7215284332565556,0.16519279500421283,3.2433240072548264,150
/home/iiitn/Datasets/FaceForensics++/original_sequences/youtube/c40/videos/203.mp4,0,0.2920544440750521,10.378138368869985,0.4693074935503904,0.1916543662374577,0.3007477267691559,10.328920299259797,0.5998221881014337,0.16858724164716218,12.541947339640943,150
/home/iiitn/Datasets/FaceForensics++/original_sequences/youtube/c40/videos/202.mp4,0,0.24774488274240736,14.932618387286558,-0.04436276715340894,0.15745429619553664,0.2611997631379385,14.095305369557002,-0.007876539372339045,0.08807394595600382,0.12190839856768626,150
/home/iiitn/Datasets/FaceForensics++/original_sequences/youtube/c40/videos/206.mp4,0,0.2133649593218324,9.72505287230297,0.34970832164138654,0.36691215472450395,0.1955853290535491,6.499846878728614,0.6544127622603862,0.049636759808420104,0.32534643151811277,150
/home/iiitn/Datasets/FaceForensics++/original_sequences/youtube/c40/videos/204.mp4,0,0.21506858530308368,6.8877906410835985,0.6732972136715883,0.17712141534606682,0.1736506063241087,4.5305910251656085,0.8122919783089765,0.09283724001868814,1.7446009512816287,150
/home/iiitn/Datasets/FaceForensics++/original_sequences/youtube/c40/videos/205.mp4,0,0.2136332681076074,21.792318321653823,-0.03072123740557005,0.0659346631983571,0.30744048235377175,13.828586260419854,0.7052490472648923,0.035857465186216284,0.12992368783568883,150
/home/iiitn/Datasets/FaceForensics++/original_sequences/youtube/c40/videos/208.mp4,0,0.16173028188835015,4.880408487358987,0.8026396144908716,0.25785329082395275,0.16931242161241297,5.715748752296225,0.5022048729306653,0.4742338715877052,2.3202398295018827,150
/home/iiitn/Datasets/FaceForensics++/original_sequences/youtube/c40/videos/209.mp4,0,0.3227797327881428,16.249662222368308,0.4599871298578971,0.09031237695764205,0.34783823409614395,15.39836929410687,0.776376418175487,0.23077646532791843,31.660281053172415,150
/home/iiitn/Datasets/FaceForensics++/original_sequences/youtube/c40/videos/214.mp4,0,0.21873579083546071,14.119343860256416,0.382341534184679,0.12675519974448246,0.23007107215822908,8.434973433139005,0.424372056252019,0.24888002788015964,1.5139881318419022,150
/home/iiitn/Datasets/FaceForensics++/original_sequences/youtube/c40/videos/210.mp4,0,0.23524702616187276,10.710134255981991,0.5708682401722218,0.17800549958976528,0.2212133659000588,7.915023470225949,0.6513991727330807,0.5193410397982724,2.8168470912552745,150
/home/iiitn/Datasets/FaceForensics++/original_sequences/youtube/c40/videos/212.mp4,0,0.25077696494457796,15.327591966167303,-0.008340554995033833,0.17180312640609827,0.28836007759309396,14.124467841758579,0.23997063048168524,0.1354554466800502,14.130007633901284,150
/home/iiitn/Datasets/FaceForensics++/original_sequences/youtube/c40/videos/215.mp4,0,0.21585814287704808,10.955410584051052,0.28797454749343787,0.1754559203117528,0.23466136616774158,10.111083116882718,0.4682077185750666,0.059327457134618726,0.5748374009670961,150
/home/iiitn/Datasets/FaceForensics++/original_sequences/youtube/c40/videos/213.mp4,0,0.2919962380031681,13.179769244390025,0.08201449230224045,0.1324999073888208,0.27941689025485045,20.054853890394412,0.518904751977338,0.23867396767175572,6.376869411060403,150
/home/iiitn/Datasets/FaceForensics++/original_sequences/youtube/c40/videos/216.mp4,0,0.28977292450313447,12.53722798938873,0.21911222403336628,0.0878940277429102,0.23371017786634685,6.95405122202644,0.2352305046920713,0.23478276213484217,4.2744872155823215,150
/home/iiitn/Datasets/FaceForensics++/original_sequences/youtube/c40/videos/207.mp4,0,0.19603908485211022,14.699871350439404,0.6771590885906225,0.14769426752503587,0.19475600389576106,14.052846918753787,0.41345416927545736,0.08614983971743741,0.6559947424933816,150
/home/iiitn/Datasets/FaceForensics++/original_sequences/youtube/c40/videos/211.mp4,0,0.22392758490055628,14.703094379173924,-0.06361023199744613,0.2010360095515966,0.22074188027967467,14.293192149756043,-0.02301967603592871,0.1118202693683346,0.7121600722196939,150
/home/iiitn/Datasets/FaceForensics++/original_sequences/youtube/c40/videos/218.mp4,0,0.19001263423144518,8.50443883922549,0.04401672360466837,0.24702751087587513,0.21300226146374454,7.807890909500681,0.7959750129082487,0.13876044111131844,0.12692562204843258,150
/home/iiitn/Datasets/FaceForensics++/original_sequences/youtube/c40/videos/220.mp4,0,0.2403895798179689,9.979793000907765,0.3332488681337192,0.34397531115811303,0.2741030894796372,12.36840994439945,0.6211956590154958,0.13274580362823238,1.0168023261650585,150
/home/iiitn/Datasets/FaceForensics++/original_sequences/youtube/c40/videos/222.mp4,0,0.24414127036056485,6.849340623402926,0.4201094039403607,0.07995377397467975,0.24430366079794327,8.451044307583716,0.4490392209349832,0.3735978697530129,14.159979887397688,150
/home/iiitn/Datasets/FaceForensics++/original_sequences/youtube/c40/videos/219.mp4,0,0.22101179186593056,8.059099427587574,0.26101814577010757,0.342933920674599,0.17845964730228592,6.630720123139613,0.26675202902420914,0.384164290891911,100.96617337044724,150
/home/iiitn/Datasets/FaceForensics++/original_sequences/youtube/c40/videos/224.mp4,0,0.22730832873113738,13.906968062226857,0.17099159794793398,0.050792451047841525,0.203881614966952,10.018092714439438,0.23279198998437445,0.10592665166679742,1.5864160143912593,150
/home/iiitn/Datasets/FaceForensics++/original_sequences/youtube/c40/videos/228.mp4,0,0.1704254901422011,4.7376804705136495,0.4650937664749264,0.22165123696644204,0.1720360922398644,4.6504940994775295,0.40807553838835875,0.24334588404235777,2.747434924225216,150
/home/iiitn/Datasets/FaceForensics++/original_sequences/youtube/c40/videos/229.mp4,0,0.2517082599050893,13.079281842091987,0.30282072151687184,0.12767994210645536,0.3030309750895743,29.74030582555552,0.5469286274357509,0.244956437042358,125.43143706397063,150
/home/iiitn/Datasets/FaceForensics++/original_sequences/youtube/c40/videos/225.mp4,0,0.24758212631381507,7.197067569266082,-0.03710341716200615,0.1368845201175797,0.32723346399198044,15.08025392971777,0.4313893782184552,0.09864649375034783,2.1557311552386302,150
/home/iiitn/Datasets/FaceForensics++/original_sequences/youtube/c40/videos/226.mp4,0,0.23652320870879043,5.942302953972415,0.24542492549052008,0.2905268360726522,0.25161230217860914,8.28728693752118,0.6458747116035316,0.07354330755134113,1.4252928173088608,150
/home/iiitn/Datasets/FaceForensics++/original_sequences/youtube/c40/videos/217.mp4,0,0.23799204484877956,7.788142311132347,0.7339945531623172,0.15663883955479735,0.23436154965816627,8.696585626781264,0.706538796331489,0.14169764572518154,117.4946276089901,150
/home/iiitn/Datasets/FaceForensics++/original_sequences/youtube/c40/videos/227.mp4,0,0.29874947860556517,23.110998604418302,0.4386711972025414,0.07092845224076712,0.28538459153227186,15.397753188046039,0.530109306522529,0.1087563471739874,16.966507385148116,150
/home/iiitn/Datasets/FaceForensics++/original_sequences/youtube/c40/videos/231.mp4,0,0.24182181389045024,8.66455762394356,0.40322131698283425,0.18715043105699122,0.26050941888399703,13.95713913901573,0.35264020056283024,0.09579369351398888,1.3989047959650454,150
/home/iiitn/Datasets/FaceForensics++/original_sequences/youtube/c40/videos/230.mp4,0,0.22150018716748496,7.839254547527353,0.04306581939441093,0.1526807377815592,0.21512004595479248,7.260462074692428,0.7251725609478994,0.21101286598243144,0.7252412094535298,150
/home/iiitn/Datasets/FaceForensics++/original_sequences/youtube/c40/videos/232.mp4,0,0.2711572175607464,13.713154696789417,-0.0720045454536171,0.2462033715326942,0.30308292442673784,23.04074158098336,-0.07612485955863628,0.18509413014567186,3.9232281961475004,150
/home/iiitn/Datasets/FaceForensics++/original_sequences/youtube/c40/videos/223.mp4,0,0.41020217440610335,12.09021720288567,0.23922545917612467,0.0854789757364221,0.4263669635045033,13.957552449382364,0.36569290598663695,0.2892737200665938,1.4681147665052727,150
/home/iiitn/Datasets/FaceForensics++/original_sequences/youtube/c40/videos/235.mp4,0,0.25832922154132515,13.319328856884894,0.3494079061952275,0.13929352332880482,0.2770848665750152,16.8259047767601,0.20784682757892023,0.04669689419834913,0.15741185054598753,150
/home/iiitn/Datasets/FaceForensics++/original_sequences/youtube/c40/videos/238.mp4,0,0.2298275585005395,9.548441776392682,0.37733869466358194,0.07354288592954143,0.2593198561490789,11.404299612391172,0.26891870460927936,0.09379901434482467,7.931780173294304,150
/home/iiitn/Datasets/FaceForensics++/original_sequences/youtube/c40/videos/234.mp4,0,0.2516167153024906,8.889984740196851,0.7145582909130788,0.33561967154103706,0.23519163262917367,10.88537782765165,0.7037575874345506,0.28941178306328075,0.26929470239970577,150
/home/iiitn/Datasets/FaceForensics++/original_sequences/youtube/c40/videos/233.mp4,0,0.20723784420233562,5.488125087898811,0.1889644945897954,0.23192361062252922,0.17629220599096498,3.8034827860538574,0.5363189370119017,0.14405799041436484,38.89807879659648,150
/home/iiitn/Datasets/FaceForensics++/original_sequences/youtube/c40/videos/239.mp4,0,0.17162948814198384,6.564511942269487,0.0920092037372426,0.2616597585767088,0.22496071051424982,13.255310379365582,0.12073203577241826,0.12710196160701295,3.2718339580337656,150
/home/iiitn/Datasets/FaceForensics++/original_sequences/youtube/c40/videos/236.mp4,0,0.2664913144129725,8.892457827092327,0.32010161486105676,0.11337787399065362,0.22297906503599854,7.5439024328071325,0.7311899981868194,0.43251024219506035,2.962372000140612,150
/home/iiitn/Datasets/FaceForensics++/original_sequences/youtube/c40/videos/241.mp4,0,0.2346924793802129,6.199399881245804,-0.10123182892838539,0.043123284012359014,0.3104587080306685,14.269565679868242,0.43928361407422195,0.07902572210568648,0.08282032575653413,150
/home/iiitn/Datasets/FaceForensics++/original_sequences/youtube/c40/videos/240.mp4,0,0.2330458297110641,10.17710418633788,0.10040494460564771,0.1893841384463556,0.29283721877560925,16.44984210730868,0.21356295640230116,0.1927550757432477,0.4425621209831759,150
/home/iiitn/Datasets/FaceForensics++/original_sequences/youtube/c40/videos/242.mp4,0,0.3072601073140575,10.695109145499474,-0.21913834595566808,0.08353863255166606,0.3243948072517084,24.73532356704976,0.560122914811536,0.11663744905741448,0.8585834793149713,150
/home/iiitn/Datasets/FaceForensics++/original_sequences/youtube/c40/videos/243.mp4,0,0.21948157382435166,8.701853764455729,0.1565805019183824,0.13686582409371664,0.27629719499961014,11.786738369716387,0.3615085285396977,0.03449217274023866,6.144062360281046,150
/home/iiitn/Datasets/FaceForensics++/original_sequences/youtube/c40/videos/245.mp4,0,0.22643688458747868,8.156403802452107,0.12712000717759248,0.2383777708718969,0.22208675757243054,10.01706870994202,0.5573698103295855,0.26589026653089215,0.10688450861398668,150
/home/iiitn/Datasets/FaceForensics++/original_sequences/youtube/c40/videos/247.mp4,0,0.2045547596227056,11.59664663635028,0.4436631919382077,0.13533253699426873,0.27117070554363126,12.233294736245384,0.6219733379923644,0.06186894234075996,51.72901061721159,150
/home/iiitn/Datasets/FaceForensics++/original_sequences/youtube/c40/videos/249.mp4,0,0.2595150809370256,7.208890643266355,0.6965799080809828,0.36714801877779757,0.27934075412221127,8.380599192494866,0.5714158999046616,0.27474937155899265,1.2372306975034473,150
/home/iiitn/Datasets/FaceForensics++/original_sequences/youtube/c40/videos/246.mp4,0,0.255413012333055,29.827997976154013,0.6099288251954132,0.14812875957953528,0.2579099960383983,13.211967662483902,0.5990319338693112,0.08195710364500365,0.6640675721842759,150
/home/iiitn/Datasets/FaceForensics++/original_sequences/youtube/c40/videos/248.mp4,0,0.2341825138901935,11.433099643671303,0.04608414555495502,0.20443240919049602,0.2102316347580948,6.546940221508056,0.19817656104772485,0.25666110547416393,8.384173349940836,150
/home/iiitn/Datasets/FaceForensics++/original_sequences/youtube/c40/videos/252.mp4,0,0.2626927082167978,11.511643400535135,0.20200089637448607,0.2897167440701038,0.2493648468345967,7.749357272497153,-0.00565625596525722,0.19424443684067003,98.84470592702839,150
/home/iiitn/Datasets/FaceForensics++/original_sequences/youtube/c40/videos/250.mp4,0,0.1869420669157651,11.947434970090043,0.49385034605797834,0.05439193622237939,0.18044860538484994,7.422533328473604,0.4604826928973331,0.10776142215427077,1.0171995006605525,150
/home/iiitn/Datasets/FaceForensics++/original_sequences/youtube/c40/videos/254.mp4,0,0.23810561510931003,11.867043373378289,0.3667714207435926,0.09623413913840854,0.2456182621678611,10.759367369433116,0.6203467176471115,0.3598278767957572,0.617987694843852,150
/home/iiitn/Datasets/FaceForensics++/original_sequences/youtube/c40/videos/253.mp4,0,0.17272870478270608,4.755327947249378,0.5836738132648489,0.22067793559505902,0.17051975176552783,5.346654734858249,0.46893642423635057,0.20621311425449493,26.83589629265039,150
/home/iiitn/Datasets/FaceForensics++/original_sequences/youtube/c40/videos/244.mp4,0,0.21680635127274914,7.905860715863952,0.5524484649780218,0.16030498412791908,0.18494976913999106,6.725412867940854,0.6481386975264548,0.17752352723383205,0.30958446094133424,150
/home/iiitn/Datasets/FaceForensics++/original_sequences/youtube/c40/videos/255.mp4,0,0.2503904279972588,17.858518866837695,0.07752812901195959,0.10436155034913076,0.2273046389476117,10.87677621393581,0.36993292481429435,0.04070686669040041,1.3466413375066855,150
/home/iiitn/Datasets/FaceForensics++/original_sequences/youtube/c40/videos/251.mp4,0,0.23416101754310512,14.401324191727687,0.05404289341933363,0.2707698237819314,0.26093988638308435,8.084909255604636,0.5440948594776233,0.09661192661264513,0.22716940645672187,150
/home/iiitn/Datasets/FaceForensics++/original_sequences/youtube/c40/videos/259.mp4,0,0.20853770410199515,7.967307686020639,0.35279928936731714,0.15684812534549838,0.19852012182803505,11.804309297924911,0.3831837774782592,0.2906272300597345,12.884560490702695,150
/home/iiitn/Datasets/FaceForensics++/original_sequences/youtube/c40/videos/257.mp4,0,0.21077013105352724,7.136793869654032,0.6196989209336247,0.27274459524969924,0.22372673019573977,10.142891024840308,0.44112506635540566,0.18578911693715386,38.274563353565505,150
/home/iiitn/Datasets/FaceForensics++/original_sequences/youtube/c40/videos/256.mp4,0,0.18585227669030266,7.749176228708613,0.37558053107991674,0.08654000693651703,0.23514197433572448,10.59874881270068,0.1875678136309393,0.3249516322146055,4.0690134930581685,150
/home/iiitn/Datasets/FaceForensics++/original_sequences/youtube/c40/videos/260.mp4,0,0.21156369701391378,8.397390651880642,-0.11248612391836064,0.060809439198376246,0.25562727885683345,14.177440354540524,0.7481571171292138,0.13665437131489097,1.3745179716900269,150
/home/iiitn/Datasets/FaceForensics++/original_sequences/youtube/c40/videos/261.mp4,0,0.2521073458874097,12.857142556291192,0.6756452845783626,0.13252078789930055,0.25910873536034534,8.7972062031191,0.6822562650734229,0.3221397570599198,0.04284261015647773,150
/home/iiitn/Datasets/FaceForensics++/original_sequences/youtube/c40/videos/262.mp4,0,0.22006340631806331,8.491267474628327,0.6087688917884115,0.32092828610456864,0.24938454022454892,10.852670245808726,0.4703558362758615,0.13601349452977496,0.10298782095892788,150
/home/iiitn/Datasets/FaceForensics++/original_sequences/youtube/c40/videos/258.mp4,0,0.26780750770521244,18.210514493228054,0.5676102150960839,0.18194614556110578,0.25687905734669936,14.17508254889662,0.23866664483865707,0.11685551404606047,160.0898983303604,150
/home/iiitn/Datasets/FaceForensics++/original_sequences/youtube/c40/videos/264.mp4,0,0.29357406179904855,64.27781136916654,0.5196232205817071,0.05889427973389628,0.2133846336135288,8.215400899361436,0.33672293226264577,0.27333620766729716,0.5947434211630029,150
/home/iiitn/Datasets/FaceForensics++/original_sequences/youtube/c40/videos/266.mp4,0,0.1968372931513451,8.569929766455406,-0.15072101562648937,0.27760537832314625,0.2393115498177235,17.75293597704599,0.13885852824655434,0.05605831956691778,10.837503801283649,150
/home/iiitn/Datasets/FaceForensics++/original_sequences/youtube/c40/videos/270.mp4,0,0.2585346666243106,13.902153299397902,0.2545497526082759,0.13596303439357774,0.2357484797248979,10.942843951725436,0.3624014619222398,0.23559216965049834,106.1953958022456,150
/home/iiitn/Datasets/FaceForensics++/original_sequences/youtube/c40/videos/269.mp4,0,0.2527598712629689,9.54705267535534,0.5590963878715226,0.07670881690428276,0.34993230973605455,17.414342467119848,0.7784712120199625,0.17109860801492002,1.6555346488541256,150
/home/iiitn/Datasets/FaceForensics++/original_sequences/youtube/c40/videos/263.mp4,0,0.27945756207057815,12.125095871084497,0.13342371734769862,0.13214792782964832,0.26043587754441316,10.976796180830599,0.2001229339867766,0.14714095426328125,5.218457258371151,150
/home/iiitn/Datasets/FaceForensics++/original_sequences/youtube/c40/videos/267.mp4,0,0.298629287701349,23.949583033158337,0.7429331153596755,0.09633515023168693,0.3089577753778749,26.921462452930047,0.7806687509225935,0.10112532832576006,0.31286970610831977,150
/home/iiitn/Datasets/FaceForensics++/original_sequences/youtube/c40/videos/271.mp4,0,0.2429451916167802,7.940533153285021,0.3412692247660731,0.08273914868059908,0.25757963343773144,10.558759956790107,0.34965583716919074,0.0979397369613438,1.0940463918846932,150
/home/iiitn/Datasets/FaceForensics++/original_sequences/youtube/c40/videos/268.mp4,0,0.369472097550541,21.787397261732707,0.463080272865867,0.03747564786522558,0.41976751021370456,36.19347868407777,0.6617616962079835,0.008607300904892165,23.87166619492548,150
/home/iiitn/Datasets/FaceForensics++/original_sequences/youtube/c40/videos/273.mp4,0,0.2598002762902231,11.546671493355143,0.16885444508528782,0.26581349371936613,0.3149795936399811,14.544255083187162,0.716323627780351,0.03761601617248475,8.792803935189719,150
/home/iiitn/Datasets/FaceForensics++/original_sequences/youtube/c40/videos/272.mp4,0,0.27691552998540564,8.666669767312538,0.08704258336928306,0.27371064800446504,0.21316038494780817,5.500324583170413,0.1239020744507997,0.46659884488288056,91.17877642109018,150
/home/iiitn/Datasets/FaceForensics++/original_sequences/youtube/c40/videos/265.mp4,0,0.17375825990667718,7.3864380157313505,0.3118040250299136,0.019874760368802674,0.13785684572385828,3.6325660024189617,0.7093119605444448,0.16891843182715618,7.059608785007234,150
/home/iiitn/Datasets/FaceForensics++/original_sequences/youtube/c40/videos/275.mp4,0,0.2031082101946682,7.773409790410557,0.5177510997320066,0.1115732008499058,0.1773537617947648,6.195442325464142,0.543633935680765,0.11163446875464011,8.205996077954186,150
/home/iiitn/Datasets/FaceForensics++/original_sequences/youtube/c40/videos/276.mp4,0,0.2598317198666649,11.101156415473538,0.498074153316254,0.15977020762670482,0.2227742981616386,9.670540520729705,0.78527238794989,0.04207390522142387,6.06797745721602,150
/home/iiitn/Datasets/FaceForensics++/original_sequences/youtube/c40/videos/278.mp4,0,0.17250783720497384,5.569791529407547,-0.04666429167274241,0.3588930962274668,0.1877793527047734,6.609191866447969,-0.14323743611632675,0.3142089302294328,16.097161051675442,150
/home/iiitn/Datasets/FaceForensics++/original_sequences/youtube/c40/videos/274.mp4,0,0.17825823323282855,6.06881340148902,0.2766348299384764,0.279065374065967,0.21412910545362498,5.735286026660911,0.4428801779156067,0.1544913769392082,2.2450196641856635,150
/home/iiitn/Datasets/FaceForensics++/original_sequences/youtube/c40/videos/279.mp4,0,0.2775927469900517,15.635925820066257,0.4065965928225345,0.14066062147137548,0.23565049216022813,10.588002206789573,0.3124996103586663,0.20647110243468902,1.1880757755890101,150
/home/iiitn/Datasets/FaceForensics++/original_sequences/youtube/c40/videos/280.mp4,0,0.2516991750281791,13.099278873660976,0.4007419516732578,0.15503114251375735,0.2001093486797191,4.673951345087084,0.4759310244385763,0.31860070911892396,1.5791931568460955,150
/home/iiitn/Datasets/FaceForensics++/original_sequences/youtube/c40/videos/282.mp4,0,0.17178334096903614,5.1422696949230895,0.659954366661307,0.35842026086188444,0.1315448708029674,3.349873683019157,0.7437051631287651,0.39201987858060644,0.18402813851812808,150
/home/iiitn/Datasets/FaceForensics++/original_sequences/youtube/c40/videos/283.mp4,0,0.2110755650086944,15.561769626656877,0.6209432570092447,0.17383027707456147,0.2931935705044339,12.970918022222627,0.7580916596013466,0.16250352523773,0.41833453674928933,150
/home/iiitn/Datasets/FaceForensics++/original_sequences/youtube/c40/videos/277.mp4,0,0.22995925236088136,6.996799911173224,0.5414789235570474,0.33268872156753804,0.26070665780449676,8.490431626488432,0.6893125522066841,0.12872727132560902,3.2487013675747796,150
/home/iiitn/Datasets/FaceForensics++/original_sequences/youtube/c40/videos/288.mp4,0,0.23572116038016566,15.495872492570745,0.39226529954971906,0.08760298803699164,0.2161305194972246,10.868337483617738,0.7310211298407009,0.08681306215376837,16.683800483275984,150
/home/iiitn/Datasets/FaceForensics++/original_sequences/youtube/c40/videos/289.mp4,0,0.16103562608131475,5.5162628036545405,0.49329165528232166,0.18170639924468565,0.14449525807846,3.735283164323778,0.5311879451364508,0.06925297896595747,0.50580104161539,150
/home/iiitn/Datasets/FaceForensics++/original_sequences/youtube/c40/videos/290.mp4,0,0.1934025035449065,5.886661564101256,0.20886152677552736,0.30343527167906204,0.2649900618647122,9.804402931763597,0.7490120433448398,0.37971711512539413,4.471521108568996,150
/home/iiitn/Datasets/FaceForensics++/original_sequences/youtube/c40/videos/285.mp4,0,0.2719473086321273,12.525519858646527,0.3484712768572729,0.2099002643705413,0.23298812429963514,8.571398113566984,0.5691852762200146,0.13187950454546515,0.14573436044788893,150
/home/iiitn/Datasets/FaceForensics++/original_sequences/youtube/c40/videos/287.mp4,0,0.1865614855107833,4.218163813915047,0.2820512313540278,0.2010049686986095,0.27281178515356336,9.708405266412832,0.7242545171497202,0.18053997124347818,0.5718823292283667,150
/home/iiitn/Datasets/FaceForensics++/original_sequences/youtube/c40/videos/286.mp4,0,0.23014398165057762,6.749908827308819,0.09322999379787829,0.2585110641215856,0.19987340762147365,4.7446320900201995,0.43566183198929226,0.43345911465846504,9.770828896136235,150
/home/iiitn/Datasets/FaceForensics++/original_sequences/youtube/c40/videos/293.mp4,0,0.1902598575207054,6.605124982105456,0.5153830611748104,0.2859387315673962,0.1972479770975498,7.160011512812436,0.28147200724051363,0.6596207086090647,14.79337984064563,150
/home/iiitn/Datasets/FaceForensics++/original_sequences/youtube/c40/videos/292.mp4,0,0.19003836117629783,8.292095340690485,0.02621193926182319,0.27955793836487813,0.24274195669980178,7.0165139077470045,0.4871444928014545,0.17821044687768048,8.496025958742985,150
/home/iiitn/Datasets/FaceForensics++/original_sequences/youtube/c40/videos/284.mp4,0,0.212676901384787,9.64483918215691,0.4940441753354993,0.3418097339604759,0.19259426853119463,4.212458813750632,0.44041417362418916,0.18547268065977698,5.684316614695364,150
/home/iiitn/Datasets/FaceForensics++/original_sequences/youtube/c40/videos/297.mp4,0,0.2355899377478606,12.350792852219946,0.6942486043532353,0.16630315042816185,0.3294922556864926,19.285504879448997,0.8090812793605963,0.060617086726475616,0.12367828038720742,150
/home/iiitn/Datasets/FaceForensics++/original_sequences/youtube/c40/videos/296.mp4,0,0.205625203232261,7.893340761578766,0.07859533018066112,0.1744321343772074,0.2825633503643275,11.324396794784429,0.8261540792412377,0.16897485626504694,0.035967314974985,150
/home/iiitn/Datasets/FaceForensics++/original_sequences/youtube/c40/videos/298.mp4,0,0.19055260966573265,8.903487793489406,0.5379813746810789,0.19934219497066685,0.14756912181151885,2.935428280377961,0.3300323479994852,0.03242386554655786,5.219304752488031,150
/home/iiitn/Datasets/FaceForensics++/original_sequences/youtube/c40/videos/299.mp4,0,0.1186057508315575,7.702692531564833,0.43691911827550545,0.11169597847040258,0.15618745184855856,11.687865644805122,0.43651446168402436,0.27381623340583205,0.7499354866293495,150
/home/iiitn/Datasets/FaceForensics++/original_sequences/youtube/c40/videos/291.mp4,0,0.18444300580221798,5.025197949600899,0.3826511553533615,0.15748881509426071,0.23238766823557025,10.14850650793536,0.4537878889967532,0.15976812796993126,2.3951371761734994,150
/home/iiitn/Datasets/FaceForensics++/original_sequences/youtube/c40/videos/294.mp4,0,0.256808757415841,7.26806598864696,0.4837247531499112,0.19157004454057155,0.1534924507924767,3.719461788428075,0.5716848239753143,0.10877556916040108,2.0567196787112993,150
/home/iiitn/Datasets/FaceForensics++/original_sequences/youtube/c40/videos/301.mp4,0,0.2563368476463448,13.153717757230844,0.4889824601277499,0.07473308276491579,0.2013789155293536,12.037190180512482,0.0832724994917354,0.12531264031005804,8.998543152071596,150
/home/iiitn/Datasets/FaceForensics++/original_sequences/youtube/c40/videos/300.mp4,0,0.27489166628440803,14.071228821138158,0.058874289520589485,0.07914966312023415,0.25204091034664805,15.124555917325685,0.4046011252298865,0.16094019396272244,0.3857798132099848,150
/home/iiitn/Datasets/FaceForensics++/original_sequences/youtube/c40/videos/295.mp4,0,0.2601050633884081,11.034174507824646,0.2405059038837407,0.14733746394607616,0.29825154089060385,35.379445927534896,0.5890488885524449,0.17671717523208433,0.24967542404767878,150
/home/iiitn/Datasets/FaceForensics++/original_sequences/youtube/c40/videos/302.mp4,0,0.21854582399354835,7.909668284297044,0.4391938242787223,0.11186699462218364,0.20656792278516,9.252855287980493,0.6555808454171536,0.5839812095192924,0.39808583317325325,150
/home/iiitn/Datasets/FaceForensics++/original_sequences/youtube/c40/videos/303.mp4,0,0.19744640586403595,7.839612076159173,0.14122897598442724,0.27425471252611144,0.2866476602425568,14.875499322536621,0.17861369406333757,0.22419652377761468,101.09271418017063,150
/home/iiitn/Datasets/FaceForensics++/original_sequences/youtube/c40/videos/304.mp4,0,0.21813157802819916,9.780836380651285,0.7257539253882691,0.18800940226470372,0.2671165440728766,12.96279814922525,0.7079429576918814,0.11307741460415748,1.4103723499716563,150
/home/iiitn/Datasets/FaceForensics++/original_sequences/youtube/c40/videos/307.mp4,0,0.22435586660560283,13.607995050596237,0.4623475779029225,0.37630884467300546,0.2626622511407497,18.0604069964071,0.5771390066956782,0.13479549350837497,0.8148988731833707,150
/home/iiitn/Datasets/FaceForensics++/original_sequences/youtube/c40/videos/306.mp4,0,0.251554454884903,9.27308669366774,0.2792275625721585,0.07064641504424311,0.23732696715892365,8.200105468213422,0.6504409358908224,0.1814498269659456,0.4071202208556772,150
/home/iiitn/Datasets/FaceForensics++/original_sequences/youtube/c40/videos/309.mp4,0,0.22203619858320758,11.482121147480875,0.6539770180584328,0.13898993306893392,0.24467886010655912,16.816955732388767,0.6048327145744095,0.19185280245147254,2.3511520069061773,150
/home/iiitn/Datasets/FaceForensics++/original_sequences/youtube/c40/videos/312.mp4,0,0.2629065077482545,7.162380133048089,0.48781621085551263,0.06718098605008255,0.3317985787094894,13.820807694359551,0.4993386700516205,0.026963225692445265,1.1231662912999338,150
/home/iiitn/Datasets/FaceForensics++/original_sequences/youtube/c40/videos/311.mp4,0,0.2668368926988645,7.452063139921627,0.030070343948810096,0.3015726108198285,0.27904884697689747,10.857333573077009,0.05317825779892459,0.18183159669414947,0.08546581422213842,150
/home/iiitn/Datasets/FaceForensics++/original_sequences/youtube/c40/videos/308.mp4,0,0.1834435950090948,4.266424655430716,0.702295297910951,0.2354326530244323,0.18818341655005624,5.293491349077137,0.6136313117472548,0.07573175030353431,50.46518854485638,150
/home/iiitn/Datasets/FaceForensics++/original_sequences/youtube/c40/videos/310.mp4,0,0.18467565107484382,9.127911414019595,0.12991936538175275,0.3245641616783978,0.22292479525719086,6.539056557148118,0.4262399734863365,0.20307735609000718,1.8996875687532684,150
/home/iiitn/Datasets/FaceForensics++/original_sequences/youtube/c40/videos/305.mp4,0,0.2787380448378541,9.832990723033062,0.3285393527665303,0.1611267574530453,0.3534362471872267,16.245940998675042,0.32078010322398043,0.08732904342047863,1.2849683413507784,150
/home/iiitn/Datasets/FaceForensics++/original_sequences/youtube/c40/videos/313.mp4,0,0.2517245383859414,9.083908043547623,-0.010629676785796035,0.15550804203875854,0.303657407476951,13.079015723947697,0.10789743241803629,0.01918670162024823,0.6504375351423634,150
/home/iiitn/Datasets/FaceForensics++/original_sequences/youtube/c40/videos/315.mp4,0,0.1977116835848236,6.081689426743773,0.4588828895355501,0.4291173135281701,0.29156196841459175,16.847022365396167,0.5302992786413339,0.1388081091955827,2.4547851353493155,150
/home/iiitn/Datasets/FaceForensics++/original_sequences/youtube/c40/videos/317.mp4,0,0.19811422446838436,5.348581692411584,0.3447567919310415,0.15975278818539781,0.23467085973818294,7.0638089382622695,0.30365933377957427,0.09848385175658318,0.1192798201762843,150
/home/iiitn/Datasets/FaceForensics++/original_sequences/youtube/c40/videos/316.mp4,0,0.23783419160636732,7.3148531285180765,0.4595945658273494,0.11311401609100145,0.21884612104013756,8.944371914897053,0.5955202063401207,0.35127447869043826,0.05951993585726356,150
/home/iiitn/Datasets/FaceForensics++/original_sequences/youtube/c40/videos/318.mp4,0,0.18470856073221906,5.812182409490873,0.2974782871669943,0.3023872877592116,0.17003229645014795,5.982732696768212,0.4015581754935593,0.22339612502933068,1.9667706679305066,150
/home/iiitn/Datasets/FaceForensics++/original_sequences/youtube/c40/videos/321.mp4,0,0.2783501200075404,9.999526449331066,0.14789704361886605,0.12203723927116213,0.26757308565173277,10.758255329400221,0.4252284506644499,0.10297479482018544,32.40830953789192,150
/home/iiitn/Datasets/FaceForensics++/original_sequences/youtube/c40/videos/314.mp4,0,0.24785267860172386,9.61411392839453,0.1310786755360984,0.10218645909777159,0.3243571028967887,11.614582086960725,0.5804290894460704,0.2510770356596976,0.07777730137176117,150
/home/iiitn/Datasets/FaceForensics++/original_sequences/youtube/c40/videos/319.mp4,0,0.19787289492832583,8.041403119778549,0.6339281857914775,0.22744948644366147,0.20134522596218832,10.508573009215793,0.8403990305201255,0.479467328403078,0.03399929709594133,150
/home/iiitn/Datasets/FaceForensics++/original_sequences/youtube/c40/videos/323.mp4,0,0.1858012212534235,7.776826432725845,0.33474997309504,0.34340132097737036,0.18870891983790186,7.1590546153779755,0.4845827027577942,0.30624219531505775,39.95782918730034,150
/home/iiitn/Datasets/FaceForensics++/original_sequences/youtube/c40/videos/322.mp4,0,0.24506571856154732,8.334784547158291,0.44574393124654094,0.06924421903359336,0.31499229313636157,12.424080509309855,0.6944680750411697,0.11209205820779866,1.24345037760666,150
/home/iiitn/Datasets/FaceForensics++/original_sequences/youtube/c40/videos/324.mp4,0,0.24739210590461805,11.606930699947432,0.33873491980861625,0.05972423819335857,0.2825321479250669,13.195703352501814,0.28161991202564,0.13944548272053361,70.16705027742566,150
/home/iiitn/Datasets/FaceForensics++/original_sequences/youtube/c40/videos/326.mp4,0,0.2365954097277919,9.32141485828433,0.47621139278855856,0.10202997490720406,0.28922514322152987,12.869414487499592,0.5609392947581554,0.14905856021611905,1.3735080217321307,150
/home/iiitn/Datasets/FaceForensics++/original_sequences/youtube/c40/videos/327.mp4,0,0.26070642447872655,17.266245548728843,0.023168608436044125,0.0726674965646353,0.27640989002835153,11.202039058555897,-0.005118761215863345,0.1688671428361291,0.4328923809874495,150
/home/iiitn/Datasets/FaceForensics++/original_sequences/youtube/c40/videos/329.mp4,0,0.28790607439032173,9.889937821271895,0.18444607076673938,0.3181721010580636,0.29206082700178415,12.047951770335082,0.7094023283493917,0.2602694149289858,0.09474299142909615,150
/home/iiitn/Datasets/FaceForensics++/original_sequences/youtube/c40/videos/320.mp4,0,0.2216692028208654,8.56631304520753,0.5870117019174695,0.2016188153075347,0.22321123979801447,7.603290850067523,0.6816033744969228,0.26266608355236254,46.186000867370176,150
/home/iiitn/Datasets/FaceForensics++/original_sequences/youtube/c40/videos/328.mp4,0,0.2599280704967484,14.478069734712662,0.08593308832862943,0.04630339743403281,0.2596870830071709,10.898269494734757,-0.0025732600691245797,0.1632754859130164,1.9870389212305724,150
/home/iiitn/Datasets/FaceForensics++/original_sequences/youtube/c40/videos/333.mp4,0,0.32413091818485856,20.05846862828305,0.3976843066195295,0.09992121336205874,0.2717143726836058,17.802313470499303,0.7093419890868624,0.08305667613034878,0.670298804338226,150
/home/iiitn/Datasets/FaceForensics++/original_sequences/youtube/c40/videos/325.mp4,0,0.21675647187553074,6.08235898495947,0.5404420424959137,0.07354095547921928,0.2916696553145765,13.230111772095574,0.6603300043840685,0.09707297280947191,280.9508108445898,150
/home/iiitn/Datasets/FaceForensics++/original_sequences/youtube/c40/videos/331.mp4,0,0.20158054005237236,7.669888350827995,0.09626762336990831,0.3392072356761022,0.19327291990718307,7.170887575748414,0.4821793574179896,0.413111975588063,1.5090175937824584,150
/home/iiitn/Datasets/FaceForensics++/original_sequences/youtube/c40/videos/336.mp4,0,0.20902616352428396,14.204409811863279,0.5792299919902545,0.3768538941743882,0.27047531979815237,15.662996358821529,0.4462334072787759,0.01805422745670292,1.111844418690267,150
/home/iiitn/Datasets/FaceForensics++/original_sequences/youtube/c40/videos/330.mp4,0,0.24590394664902346,7.614502167209209,-0.2605862654799918,0.2776825870580201,0.16596275914993835,4.294353670194473,0.44544442842220217,0.3149570589640149,0.7955156012496466,150
/home/iiitn/Datasets/FaceForensics++/original_sequences/youtube/c40/videos/332.mp4,0,0.20634407054945128,17.230721609976744,0.47978227790180755,0.0838061506535382,0.2075741409430775,15.246817600470228,0.6010526631705685,0.47677826391534905,172.9619805646108,150
/home/iiitn/Datasets/FaceForensics++/original_sequences/youtube/c40/videos/337.mp4,0,0.284650522075244,11.23288309812967,0.3915796750486233,0.10975859672816805,0.314153132185883,11.139846193078116,0.2774592897084884,0.17562623974158087,1.1073271099081163,150
/home/iiitn/Datasets/FaceForensics++/original_sequences/youtube/c40/videos/338.mp4,0,0.18820421874834123,6.507066109755236,0.08949469153818453,0.09975571440207433,0.23577747246292657,10.666942384065173,0.4014472065598647,0.2823802049212742,0.547218624745156,150
/home/iiitn/Datasets/FaceForensics++/original_sequences/youtube/c40/videos/334.mp4,0,0.18804526638461957,6.557978054317483,0.5782194650067581,0.6114418228331986,0.18751206565902642,6.408778486162935,0.48668837048707764,0.6723481026353841,0.9696554237980549,150
/home/iiitn/Datasets/FaceForensics++/original_sequences/youtube/c40/videos/335.mp4,0,0.2642046909779486,11.345277638060603,0.5445260077968916,0.164312639722188,0.3169716605400796,13.29055491549576,0.65344843871704,0.1530946391252084,4.240742174856891,150
/home/iiitn/Datasets/FaceForensics++/original_sequences/youtube/c40/videos/339.mp4,0,0.23151278009751883,8.856431591506906,0.6701854975726063,0.1379802943192037,0.1853779594174403,5.97295208041217,0.6471696851207671,0.3100843652748798,0.7708592851833653,150
/home/iiitn/Datasets/FaceForensics++/original_sequences/youtube/c40/videos/343.mp4,0,0.21786211876066844,10.56574417744768,0.10681976843564046,0.05061404855379734,0.20678343756717577,5.84861311220732,0.22524276973997912,0.16979797022394272,0.40814484807992757,150
/home/iiitn/Datasets/FaceForensics++/original_sequences/youtube/c40/videos/341.mp4,0,0.1998461168135723,5.078189717000597,0.7685556501347995,0.5572078488489176,0.255844737296647,7.287763130524841,0.8557767971633501,0.361539665453049,4.636484929027126,150
/home/iiitn/Datasets/FaceForensics++/original_sequences/youtube/c40/videos/346.mp4,0,0.2158629157543229,8.73966248534123,0.6128295619449577,0.10611219715520792,0.2678367203029142,11.751380682550497,0.8155826546169099,0.09980198584924745,0.10667817995191593,150
/home/iiitn/Datasets/FaceForensics++/original_sequences/youtube/c40/videos/348.mp4,0,0.19942793227861388,10.290611333510359,0.19845847319655818,0.11015099724713007,0.28126677325210175,20.40256649358542,0.8517903748377117,0.25610960873019173,0.04918580997973748,150
/home/iiitn/Datasets/FaceForensics++/original_sequences/youtube/c40/videos/340.mp4,0,0.19245192601368213,3.8404338878984863,-0.009928527604534424,0.09008547288151308,0.26342720807473397,7.802153478512085,0.641422755791721,0.13152615349303168,5.152489545132749,150
/home/iiitn/Datasets/FaceForensics++/original_sequences/youtube/c40/videos/345.mp4,0,0.18354918921116337,5.708328350228737,0.5985174201605545,0.184792523047408,0.25008388369276785,12.639196072329392,0.6283061910047025,0.2927512552517622,0.10307917202264455,150
/home/iiitn/Datasets/FaceForensics++/original_sequences/youtube/c40/videos/351.mp4,0,0.27603695236443143,8.36020997043847,0.5745931106166416,0.2181123084469696,0.26446593548048075,8.34542252788514,0.6574608443775708,0.06874762673835973,11.576431340858692,150
/home/iiitn/Datasets/FaceForensics++/original_sequences/youtube/c40/videos/350.mp4,0,0.2748653278617884,11.529408794763029,0.3724091653289718,0.08449301503065988,0.2962371456934203,18.375521748954853,0.3864433408112637,0.14843520792768236,1.183855565998651,150
/home/iiitn/Datasets/FaceForensics++/original_sequences/youtube/c40/videos/347.mp4,0,0.3195392449291575,12.356487129525782,0.01675546749076881,0.07784918476331146,0.21416670960103681,6.829351092296953,0.19500138683122378,0.40203387628844417,6.325372239979755,150
/home/iiitn/Datasets/FaceForensics++/original_sequences/youtube/c40/videos/342.mp4,0,0.19972815830373467,6.68224233309081,0.09958592721907324,0.3209556423011498,0.21435233127344855,7.611089558049805,0.21121503036943712,0.4143079511254117,0.32800805636334274,150
/home/iiitn/Datasets/FaceForensics++/original_sequences/youtube/c40/videos/344.mp4,0,0.17410096991237178,6.476884294204905,0.1105273701675108,0.26473637361178576,0.2108852358414505,9.863635513465418,0.49504090502625636,0.2794425130990886,6.058206471146626,150
/home/iiitn/Datasets/FaceForensics++/original_sequences/youtube/c40/videos/349.mp4,0,0.16931187398565462,6.869803255465981,0.45486644643000496,0.1660381382789433,0.17562994049148886,6.435821804118933,0.5122585118452231,0.14430602873722254,7.409511338679374,150
/home/iiitn/Datasets/FaceForensics++/original_sequences/youtube/c40/videos/352.mp4,0,0.17130492859008095,5.013243734703269,0.2220200469248096,0.21759582225998866,0.2681188699520544,14.065541260657975,0.1304299187990108,0.2542182585901205,3.585373545651816,150
/home/iiitn/Datasets/FaceForensics++/original_sequences/youtube/c40/videos/357.mp4,0,0.25785524339198784,11.564128849114935,0.09442025861653498,0.1480291030992657,0.30728982566589563,11.123004125409771,0.9123678090989724,0.35529265514846525,0.2173477477010916,150
/home/iiitn/Datasets/FaceForensics++/original_sequences/youtube/c40/videos/358.mp4,0,0.17311851205610881,5.176890216813509,0.42130079149848926,0.13307877178567037,0.20205032446156826,10.619715015910732,0.5450268964443136,0.43494912814357906,0.5075745552361309,150
/home/iiitn/Datasets/FaceForensics++/original_sequences/youtube/c40/videos/359.mp4,0,0.25402102397342374,12.107458506271783,0.5234828312329106,0.1754807304353687,0.24646766576789014,7.491804090524135,0.27238766968818445,0.3335856635248455,8.43346104455835,150
/home/iiitn/Datasets/FaceForensics++/original_sequences/youtube/c40/videos/353.mp4,0,0.3327572289397505,19.92776125944784,0.6247639315353114,0.22330046204030765,0.3167572377455756,18.493224638226412,0.6540834047653347,0.37984924160107286,18.25123428268037,150
/home/iiitn/Datasets/FaceForensics++/original_sequences/youtube/c40/videos/354.mp4,0,0.3471492834614776,26.35055384961156,0.5865152314458294,0.0692964996873719,0.2511949497107599,8.518304604365524,0.38599397636129495,0.1698399576649272,0.40017844620810705,150
/home/iiitn/Datasets/FaceForensics++/original_sequences/youtube/c40/videos/356.mp4,0,0.24116722283815706,9.002900375150917,0.33685821018531215,0.09086935712694107,0.2253573867873926,8.547673136998725,0.22232737940127567,0.030782013648148546,79.21482113780401,150
/home/iiitn/Datasets/FaceForensics++/original_sequences/youtube/c40/videos/363.mp4,0,0.20393817742254886,10.504735750877215,0.5191255589851317,0.08607285516403451,0.19645013401682201,9.925661435120086,0.48389874828897267,0.1458222555132157,8.823301549274326,150
/home/iiitn/Datasets/FaceForensics++/original_sequences/youtube/c40/videos/360.mp4,0,0.17646489560636394,7.181879876761507,0.33559643503592634,0.32050404159376017,0.2872476800998339,20.396150875685816,0.33847042575875835,0.04794297739484879,2.74734188514329,150
/home/iiitn/Datasets/FaceForensics++/original_sequences/youtube/c40/videos/361.mp4,0,0.18269289637950262,3.6517042519897935,-0.025425387202677747,0.029121130865063904,0.17184513463315132,3.963294188059963,-0.02665224541534217,0.1750128928996785,4.077016404407667,150
/home/iiitn/Datasets/FaceForensics++/original_sequences/youtube/c40/videos/362.mp4,0,0.23360626721122202,9.211777274199754,0.3803805018400013,0.052326527380447053,0.24327795060619595,10.947411812160661,0.629635051848904,0.17687831841787152,0.5325507337976828,150
/home/iiitn/Datasets/FaceForensics++/original_sequences/youtube/c40/videos/364.mp4,0,0.26510365161694555,11.996069015501197,0.22846534704969804,0.24803317989984133,0.2657803980653884,24.159815774540135,0.4986106011199169,0.16305627016819307,30.636703125721723,150
/home/iiitn/Datasets/FaceForensics++/original_sequences/youtube/c40/videos/365.mp4,0,0.19479288543648346,6.446962004037424,0.7170055339783702,0.35024260562764314,0.23419591645731178,7.822371933295973,0.6178850882112946,0.1322388225714785,0.0029611888387821375,150
/home/iiitn/Datasets/FaceForensics++/original_sequences/youtube/c40/videos/366.mp4,0,0.2503034979482195,13.898662791689503,0.07643428479770148,0.06439742224918948,0.2012263086739655,9.530086163733843,0.1995971576685294,0.09119297706306963,0.2053038267362739,150
/home/iiitn/Datasets/FaceForensics++/original_sequences/youtube/c40/videos/355.mp4,0,0.1985518219373518,7.109833826708242,0.4769797256502836,0.17982861104179573,0.2799069862643164,13.269258382003008,0.6693673827436691,0.09808951890143709,0.5056724042299754,150
/home/iiitn/Datasets/FaceForensics++/original_sequences/youtube/c40/videos/367.mp4,0,0.28361234569498484,13.928944001028404,0.050449446443407486,0.10112535513860017,0.22170520916635816,11.099112161805566,0.47062617637580634,0.15673013711512668,0.3823622222674247,150
/home/iiitn/Datasets/FaceForensics++/original_sequences/youtube/c40/videos/368.mp4,0,0.24994435546275237,8.701337613644172,0.742283303886908,0.22959823679520538,0.27397370535604076,11.210445003027843,0.6138714292763398,0.2007497800490564,1.7138491018124868,150
/home/iiitn/Datasets/FaceForensics++/original_sequences/youtube/c40/videos/369.mp4,0,0.26789517860424344,15.953209229532874,0.4730837101466512,0.2103518445003303,0.2314139645249247,12.87855172652757,0.41538583497046533,0.17479266091099321,0.14657183351632871,150
/home/iiitn/Datasets/FaceForensics++/original_sequences/youtube/c40/videos/371.mp4,0,0.20967509829246325,9.486144669038548,0.34414084103906245,0.059396009743480076,0.20559764933626026,5.931606128572259,0.5522623262548647,0.16240633876702823,0.5744309765283223,150
/home/iiitn/Datasets/FaceForensics++/original_sequences/youtube/c40/videos/372.mp4,0,0.2633322814095094,10.548724998921571,0.19455561853155923,0.16509731106658568,0.3067296701200409,12.493898104694148,0.062423485715593925,0.1821055272861171,2.0155507018469856,150
/home/iiitn/Datasets/FaceForensics++/original_sequences/youtube/c40/videos/377.mp4,0,0.2744341457983838,10.828043562425847,0.21238524284064472,0.14892240181654992,0.2541856426107912,13.250408278136613,0.20061940592584193,0.09535854013719296,0.5256329458937302,150
/home/iiitn/Datasets/FaceForensics++/original_sequences/youtube/c40/videos/373.mp4,0,0.24406768422225458,17.946175808548933,0.5495772009820922,0.19825145788491141,0.2615800341628965,11.672983108351984,0.39544639964852907,0.1383966219206784,0.38475000409937604,150
/home/iiitn/Datasets/FaceForensics++/original_sequences/youtube/c40/videos/376.mp4,0,0.15287275353618004,5.123558157777826,0.3128675152971785,0.23480332349638788,0.1780388965171242,7.065365795478415,0.38142901629114734,0.11428885589782241,10.44931861671937,150
/home/iiitn/Datasets/FaceForensics++/original_sequences/youtube/c40/videos/379.mp4,0,0.25565592698325906,21.139936988821074,0.14237847349228452,0.3193475888654808,0.3787019980896266,20.795768796097345,0.47791852444769667,0.12571015256302975,5.245125476194556,150
/home/iiitn/Datasets/FaceForensics++/original_sequences/youtube/c40/videos/370.mp4,0,0.2357810669408222,8.851211028399932,0.19686198312127065,0.046586877861125274,0.26713966825654106,11.376704694402685,0.5724464504412783,0.10022832296408442,198.77942811433124,150
/home/iiitn/Datasets/FaceForensics++/original_sequences/youtube/c40/videos/374.mp4,0,0.20895343712737033,6.3314150387841295,0.4978986310851042,0.3295014994971963,0.21924406973300622,7.70539603280213,0.5461796059127121,0.24659700000957763,0.3217756037937829,150
/home/iiitn/Datasets/FaceForensics++/original_sequences/youtube/c40/videos/375.mp4,0,0.2150393379075276,10.406585821102068,0.6623597343254324,0.19674492036074256,0.21899294553569928,9.531454057340087,0.682406613454425,0.20084334344997043,135.13312197384246,150
/home/iiitn/Datasets/FaceForensics++/original_sequences/youtube/c40/videos/380.mp4,0,0.2016644497919575,5.931846392283536,-0.16477340611365132,0.3032746020801539,0.22253453703069084,6.479744777179627,0.5167594319529293,0.26707768396781606,0.1917765219403606,150
/home/iiitn/Datasets/FaceForensics++/original_sequences/youtube/c40/videos/382.mp4,0,0.20783823193414694,6.8732278336779915,0.2510794609127336,0.1717889143052387,0.20510573579862834,8.87504120318787,0.395991883452592,0.2603810034214222,1.8748011203800483,150
/home/iiitn/Datasets/FaceForensics++/original_sequences/youtube/c40/videos/381.mp4,0,0.21192807317190288,9.062582966660857,0.7093296533478074,0.2634436089041071,0.1813372083310646,5.842158640985571,0.7281563620633068,0.231531380215287,51.210252051976546,150
/home/iiitn/Datasets/FaceForensics++/original_sequences/youtube/c40/videos/378.mp4,0,0.2817918287788163,9.96148635394224,0.647497247182417,0.06649221204092214,0.2641335380612579,7.934280170537669,0.7059170758709482,0.14015456087555034,6.100759043240405,150
/home/iiitn/Datasets/FaceForensics++/original_sequences/youtube/c40/videos/388.mp4,0,0.18084273968775488,4.292602048120949,0.622456366374316,0.235230750701403,0.2267629991812142,8.185549386391179,0.6936566495188411,0.3045149176523309,7.29095775113661,150
/home/iiitn/Datasets/FaceForensics++/original_sequences/youtube/c40/videos/391.mp4,0,0.1669959254305539,5.9208789492822556,0.7166273435028665,0.13812080165667706,0.17549848355299122,6.975059101740105,0.6929932380346425,0.034376521337146485,0.4738410310463098,150
/home/iiitn/Datasets/FaceForensics++/original_sequences/youtube/c40/videos/383.mp4,0,0.2561212216143644,10.249440790853514,0.18654523935026665,0.22928033118706345,0.20494654758234812,5.449637150389879,0.44965468965177413,0.0859507265412745,3.644771092517629,150
/home/iiitn/Datasets/FaceForensics++/original_sequences/youtube/c40/videos/393.mp4,0,0.25766169394778665,18.150159200131096,0.6036588199856215,0.22273773830565777,0.36958618575939445,23.90979977787003,0.37588013015019656,0.08514784197379284,1.2523969951800114,150
/home/iiitn/Datasets/FaceForensics++/original_sequences/youtube/c40/videos/385.mp4,0,0.23959205743059167,8.489957849918065,0.35835980546633667,0.13935821847144245,0.2447518660623623,12.167203679883793,0.5181189526564444,0.10797429627846535,12.579489812967061,150
/home/iiitn/Datasets/FaceForensics++/original_sequences/youtube/c40/videos/387.mp4,0,0.1972819501718532,5.056984664736679,0.25492760700212974,0.0909047651222823,0.1526553785979353,3.82246523541731,0.6242299944188302,0.3058711416971227,1.3302461082151218,150
/home/iiitn/Datasets/FaceForensics++/original_sequences/youtube/c40/videos/390.mp4,0,0.20820725253866476,9.351414990460526,0.7531691514859312,0.18025789506593246,0.19677723654502458,10.336485857725071,0.7238572703207108,0.22673672542856607,6.737302561113242,150
/home/iiitn/Datasets/FaceForensics++/original_sequences/youtube/c40/videos/386.mp4,0,0.34618413761177486,23.657413899821393,0.3406932446619127,0.43086692943496874,0.3685295488193789,19.962345510850184,0.39792497796127385,0.3309227803768365,0.36479674352275043,150
/home/iiitn/Datasets/FaceForensics++/original_sequences/youtube/c40/videos/389.mp4,0,0.20450878425984975,6.856384889571143,0.402567551114213,0.059009126795402274,0.2225108752770121,11.778287999391054,0.7056580085164378,0.050484370043942316,0.21269381798924938,150
/home/iiitn/Datasets/FaceForensics++/original_sequences/youtube/c40/videos/394.mp4,0,0.26946107962383875,16.975306326284063,0.6920077038560942,0.22843680137971542,0.2954060798520177,12.133106886212778,0.9032913373166659,0.04688503514557388,0.613856215619808,150
/home/iiitn/Datasets/FaceForensics++/original_sequences/youtube/c40/videos/384.mp4,0,0.18134159813866726,7.218682192726356,0.6837369798389005,0.10346458627551064,0.18620429354180867,5.748296336930753,0.8264339120091281,0.26503180231969964,0.03757315715456781,150
/home/iiitn/Datasets/FaceForensics++/original_sequences/youtube/c40/videos/392.mp4,0,0.32168632547775183,29.15434410223368,0.8185496148295403,0.28621781282821396,0.3750065807480378,32.469139856112115,0.8360623083611879,0.22538703807600127,6.3419172908003745,150
/home/iiitn/Datasets/FaceForensics++/original_sequences/youtube/c40/videos/398.mp4,0,0.18303287722724046,5.626372393422462,0.4731534817049003,0.3565940325737614,0.16198844596262138,4.785501001989489,0.5249106735882073,0.3811582227640264,2.803441254135462,150
/home/iiitn/Datasets/FaceForensics++/original_sequences/youtube/c40/videos/395.mp4,0,0.17967430847120291,4.44294987622276,-0.08535666879099264,0.4672805934040234,0.20629052264220835,5.074916829812405,0.2439977722929809,0.4121924991143467,0.46367035764288383,150
/home/iiitn/Datasets/FaceForensics++/original_sequences/youtube/c40/videos/396.mp4,0,0.25398242841666474,9.998295395338003,0.1801334780195201,0.3057339664077787,0.2693590811882649,10.389987991358609,0.4828258516395323,0.2683554567796898,0.07660778892397448,150
/home/iiitn/Datasets/FaceForensics++/original_sequences/youtube/c40/videos/400.mp4,0,0.17982188329589588,7.925940611252639,-0.07369277062981251,0.299022435917715,0.23873915251917213,8.90678659674426,0.5571485652951322,0.04820619392660381,9.704634503871539,150
/home/iiitn/Datasets/FaceForensics++/original_sequences/youtube/c40/videos/403.mp4,0,0.16221216214703502,4.629098223683449,0.6381393853444496,0.21313635694366517,0.24407768688606857,7.167057002345534,0.7509397673678576,0.35897756191417757,28.66399017610614,150
/home/iiitn/Datasets/FaceForensics++/original_sequences/youtube/c40/videos/405.mp4,0,0.14564011047153871,4.355205053274163,0.03665647395341357,0.27703060096097265,0.1957317523755351,8.145655923579751,0.6053683772535149,0.3302172835068224,1.6798024600376171,150
/home/iiitn/Datasets/FaceForensics++/original_sequences/youtube/c40/videos/401.mp4,0,0.1867870366166848,3.9153008406426557,0.488997691378674,0.28998449845760416,0.20831283122616404,5.216969354403186,0.29787716382474266,0.17261684873852456,0.5200470491017369,150
/home/iiitn/Datasets/FaceForensics++/original_sequences/youtube/c40/videos/399.mp4,0,0.24676083223277645,8.886884783420166,0.3093636476846919,0.11938538704690527,0.2518803564307622,7.508455423900075,0.3965706233774397,0.09028399010780251,4.453732930878285,150
/home/iiitn/Datasets/FaceForensics++/original_sequences/youtube/c40/videos/397.mp4,0,0.255284095234228,11.063658052585508,0.06051335632614444,0.36555151058834306,0.23893746351017023,13.344451882265517,0.47665120406769595,0.14218945503548108,16.487081892412817,150
/home/iiitn/Datasets/FaceForensics++/original_sequences/youtube/c40/videos/406.mp4,0,0.20958462809912004,9.81940657209522,0.33101216853568405,0.3092509799538505,0.21006481855419526,8.120444425356167,0.44305493882485397,0.03176318519270253,0.14889736726216884,150
/home/iiitn/Datasets/FaceForensics++/original_sequences/youtube/c40/videos/407.mp4,0,0.20676820735582904,16.882540156269638,0.49908082827854267,0.2856606636648081,0.1861893651049302,11.429484476596947,0.3860879782828976,0.09680754296964382,9.755332400786708,150
/home/iiitn/Datasets/FaceForensics++/original_sequences/youtube/c40/videos/408.mp4,0,0.15503971958883608,4.002137232329878,0.3308743675887151,0.001987035768567409,0.1558598036280612,5.685336289107486,0.546265370394636,0.20239399720281537,94.33356117052917,150
/home/iiitn/Datasets/FaceForensics++/original_sequences/youtube/c40/videos/404.mp4,0,0.23901011885772516,15.218174727990542,0.4696902140007506,0.2852998457903482,0.19806742677379563,9.547512969485629,0.3883942668625859,0.30765781451374746,85.31416541010258,150
/home/iiitn/Datasets/FaceForensics++/original_sequences/youtube/c40/videos/409.mp4,0,0.186196648887763,7.276948912682188,0.1491634966602126,0.14701333519233042,0.2138958496354085,6.7758281691006985,0.29904879216132546,0.16743237952233145,3.4045459574875006,150
/home/iiitn/Datasets/FaceForensics++/original_sequences/youtube/c40/videos/402.mp4,0,0.262431618043697,7.224095889788932,0.06539801876120001,0.1125749500604396,0.23132002901680115,11.09739164212401,0.13920666091212555,0.0795146559276435,3.556561007410114,150
/home/iiitn/Datasets/FaceForensics++/original_sequences/youtube/c40/videos/413.mp4,0,0.32060729746632144,18.27101371398817,0.31764491091404334,0.04281972265920347,0.2560896360436829,17.26127377727359,0.7061333702977683,0.16344911353721084,0.13415314953417432,150
/home/iiitn/Datasets/FaceForensics++/original_sequences/youtube/c40/videos/415.mp4,0,0.21557355780950907,5.743574932129623,0.17790558972045137,0.23659062445628895,0.164522736801459,3.3943864919381586,0.18257954046583805,0.07726226379000685,0.44660543722556534,150
/home/iiitn/Datasets/FaceForensics++/original_sequences/youtube/c40/videos/412.mp4,0,0.18770405768333873,4.767676572504074,0.2560236348418578,0.13796932200374945,0.17738173729705276,5.247508295334944,0.5727525269956962,0.2887829244767703,21.902050993440515,150
/home/iiitn/Datasets/FaceForensics++/original_sequences/youtube/c40/videos/416.mp4,0,0.22075357650884278,8.344143417504267,0.6092100242043077,0.23133658814073635,0.23693350583853393,8.63774147385909,0.4891280386679931,0.168847788358745,4.590802754828876,150
/home/iiitn/Datasets/FaceForensics++/original_sequences/youtube/c40/videos/417.mp4,0,0.26423494961098937,10.072840307459474,0.21828463075197124,0.09676040903502298,0.2945806043182763,14.512567213404438,0.3585570439196431,0.11530507528527671,5.99819954201689,150
/home/iiitn/Datasets/FaceForensics++/original_sequences/youtube/c40/videos/410.mp4,0,0.22235508084336666,7.203514207257211,0.5625327636828643,0.2675389717920658,0.2645794636013002,9.201283837641668,0.41411357611047056,0.10706104336726396,0.6845831761525737,150
/home/iiitn/Datasets/FaceForensics++/original_sequences/youtube/c40/videos/421.mp4,0,0.20180886894611938,6.9864473581899835,0.6457053810207705,0.1181879236521091,0.27713386444223687,10.917326245045276,0.7614786731807431,0.2545442042946506,5.166531349826807,150
/home/iiitn/Datasets/FaceForensics++/original_sequences/youtube/c40/videos/420.mp4,0,0.25961725614392045,12.715901710160452,0.6266268286952087,0.2200488471883171,0.28629709462617964,16.56618396362351,0.6169720352789524,0.08045711026177828,95.04609581932833,150
/home/iiitn/Datasets/FaceForensics++/original_sequences/youtube/c40/videos/418.mp4,0,0.2739436205258792,16.631837357137925,0.6767497661325561,0.21739500585551488,0.3182958615886674,25.18416986004108,0.7585974713196855,0.22915646938614098,0.6702853922015612,150
/home/iiitn/Datasets/FaceForensics++/original_sequences/youtube/c40/videos/414.mp4,0,0.21966745200059368,13.759471094640984,0.16665848069101516,0.1326301229031507,0.2348624736876881,11.749363733359544,0.5114667036233612,0.06717022193485604,0.23648546706446183,150
/home/iiitn/Datasets/FaceForensics++/original_sequences/youtube/c40/videos/411.mp4,0,0.2629062974628877,10.907386301345612,0.37147266874337576,0.2166383670289437,0.24134337675479178,13.142807040690156,0.40522200812367143,0.24877609668041292,2.6563200294310034,150
/home/iiitn/Datasets/FaceForensics++/original_sequences/youtube/c40/videos/419.mp4,0,0.34027964744965283,5.9157911189545205,-0.029455839581775407,0.4088907559484995,0.3454584999105654,5.3528260677411845,0.029758595919819292,0.18472979287748204,12.3316788356437,150
/home/iiitn/Datasets/FaceForensics++/original_sequences/youtube/c40/videos/424.mp4,0,0.1732150657329012,5.528302909333736,0.4263693058555324,0.12881550071628478,0.15434388926617015,5.850616453432527,0.41552150527390913,0.17906152488120305,4.348713182705918,150
/home/iiitn/Datasets/FaceForensics++/original_sequences/youtube/c40/videos/425.mp4,0,0.18234910106994198,7.720650686314826,0.4884192089658191,0.2645517733567286,0.2100488219375498,12.66043389145493,0.37970593050751483,0.06452581382853508,1.722923277438845,150
/home/iiitn/Datasets/FaceForensics++/original_sequences/youtube/c40/videos/423.mp4,0,0.24226139213392103,19.0810351990088,0.653333012017793,0.4715837918038128,0.2884844268341828,15.061304963754848,0.7421798469893734,0.42319859632786877,0.5376505269246615,150
/home/iiitn/Datasets/FaceForensics++/original_sequences/youtube/c40/videos/429.mp4,0,0.21234671542114822,10.6076526957838,0.5810987092357813,0.19008477857146108,0.19676337981764558,9.480158412640256,0.6384375170778129,0.21562124846710887,6.709999710934679,150
/home/iiitn/Datasets/FaceForensics++/original_sequences/youtube/c40/videos/422.mp4,0,0.28590511151924647,14.74647243793917,0.2877458358149314,0.0385069007029706,0.27011674887056,10.187449919265092,0.33028394453020793,0.06595121162471855,4.706117513015905,150
/home/iiitn/Datasets/FaceForensics++/original_sequences/youtube/c40/videos/432.mp4,0,0.2954321027636276,17.74899170249472,0.15883115012024407,0.224610371075737,0.2714568411806151,13.045211434702585,0.29557660944893777,0.0914489425161783,0.4732884410153897,150
/home/iiitn/Datasets/FaceForensics++/original_sequences/youtube/c40/videos/428.mp4,0,0.23306745395152886,8.165703929271029,0.16375264198163578,0.09351797755932063,0.23122018813104725,10.094734113232803,0.32138839922733997,0.065060794336456,0.5033430199198491,150
/home/iiitn/Datasets/FaceForensics++/original_sequences/youtube/c40/videos/435.mp4,0,0.2205430732419428,11.3259972068915,0.17869965221143705,0.030822633180614383,0.1693839200591923,4.441582736727072,0.4271377942844215,0.09535905804992041,2.8313559371815322,150
/home/iiitn/Datasets/FaceForensics++/original_sequences/youtube/c40/videos/434.mp4,0,0.18892882227785282,5.372231092789163,0.23065662127478434,0.22764995794489729,0.37123309337037047,17.68102192696328,0.6634594552950186,0.0775314426592021,0.3140249986114864,150
/home/iiitn/Datasets/FaceForensics++/original_sequences/youtube/c40/videos/431.mp4,0,0.29310201790931995,9.394761301158896,0.7027294888574542,0.2001522818554494,0.30779014429261137,10.784822145088233,0.8676943771331372,0.2818849591928175,3.3819899710850985,150
/home/iiitn/Datasets/FaceForensics++/original_sequences/youtube/c40/videos/426.mp4,0,0.2144918383162331,7.291579692265443,0.6104322298243128,0.10865482565887603,0.2006503133174092,5.8886283058214675,0.6626423413310386,0.09789173627970475,8.885461778916676,150
/home/iiitn/Datasets/FaceForensics++/original_sequences/youtube/c40/videos/433.mp4,0,0.2213455006086318,11.180587921472238,0.683827629308453,0.08356882623448425,0.21349834450073316,8.190110074390223,0.610669895227033,0.11166376975805696,1.020357531764084,150
/home/iiitn/Datasets/FaceForensics++/original_sequences/youtube/c40/videos/438.mp4,0,0.17771941629369836,5.369505877243786,0.6575107543663219,0.13454951628915485,0.18811961090101326,6.16459129366135,0.7519237026132425,0.11473049108312348,0.540548751260346,150
/home/iiitn/Datasets/FaceForensics++/original_sequences/youtube/c40/videos/430.mp4,0,0.2512338745650536,12.658707199005413,0.5572157709028901,0.21060932685423742,0.16674823559795562,2.945920431679413,0.7685204930791123,0.30530175903512496,0.2468520561342693,150
/home/iiitn/Datasets/FaceForensics++/original_sequences/youtube/c40/videos/439.mp4,0,0.18336999417325137,4.331091502424218,0.43152647479677436,0.3164686403502035,0.22544255572366614,7.313952651241235,0.731664166234062,0.17622405898232674,13.690230905316673,150
/home/iiitn/Datasets/FaceForensics++/original_sequences/youtube/c40/videos/436.mp4,0,0.2731304774559367,12.9906732831287,0.7560946309735868,0.056470113173241826,0.3666901655061962,18.28113655118429,0.699434650476285,0.07090178881499351,114.33996848659862,150
/home/iiitn/Datasets/FaceForensics++/original_sequences/youtube/c40/videos/440.mp4,0,0.37555999331377493,26.867545358073272,0.201013866016303,0.02497191603611196,0.2592548032413457,17.454279934677093,0.8049313227006948,0.14414761399328116,0.9416456260304028,150
/home/iiitn/Datasets/FaceForensics++/original_sequences/youtube/c40/videos/437.mp4,0,0.14442791840129163,4.00254631990184,0.6167214182829235,0.15290729732561656,0.1583768785498371,4.239820041191117,0.617679788423794,0.358547245784691,3.3017577417836206,150
/home/iiitn/Datasets/FaceForensics++/original_sequences/youtube/c40/videos/441.mp4,0,0.23998897174201672,8.98497762160053,0.5659873815551437,0.3310003817427214,0.2318563431884636,11.57882078173995,0.3612357793889526,0.3205917282138255,13.421568223283952,150
/home/iiitn/Datasets/FaceForensics++/original_sequences/youtube/c40/videos/444.mp4,0,0.2775162060394877,9.530850724955647,0.037359670851588554,0.296038707350673,0.1865060713155636,5.018809784113729,0.09375365830915489,0.47857970425311874,4.345569001071737,150
/home/iiitn/Datasets/FaceForensics++/original_sequences/youtube/c40/videos/443.mp4,0,0.2383437059354145,7.383745214174373,0.518531654133057,0.10077847367482852,0.22830384684537042,8.40190013871828,0.5553043939380761,0.2945668087725241,17.613117598288177,150
/home/iiitn/Datasets/FaceForensics++/original_sequences/youtube/c40/videos/447.mp4,0,0.22950291765140604,7.813208166373106,0.0870257375611841,0.17540287853317407,0.23934369530634106,7.856427366320214,0.471892303531634,0.1162790606073663,0.6875433830389531,150
/home/iiitn/Datasets/FaceForensics++/original_sequences/youtube/c40/videos/452.mp4,0,0.22589218918473572,7.338235269043118,0.380385243017872,0.1746163597752238,0.2372972796741899,6.019564590829152,0.5126962207390248,0.4382767337642695,0.42927288489676396,150
/home/iiitn/Datasets/FaceForensics++/original_sequences/youtube/c40/videos/442.mp4,0,0.24168211242503165,13.041175714702463,0.3964659105637603,0.1589924147930189,0.2668221123836268,16.80240524283286,0.4562596857349756,0.11819085222396948,20.411648520675097,150
/home/iiitn/Datasets/FaceForensics++/original_sequences/youtube/c40/videos/449.mp4,0,0.2827148049879716,13.758102134308885,0.3552792067947786,0.3302248969822554,0.2468963967102242,5.788505679085637,0.7341956478449277,0.2209515360034028,0.7032956778130754,150
/home/iiitn/Datasets/FaceForensics++/original_sequences/youtube/c40/videos/448.mp4,0,0.20494110947582755,5.502992703113224,0.6744616430737983,0.3004702540332772,0.20277204155938425,6.953892682539235,0.3555671980591992,0.3172976491545756,0.16308232741111078,150
/home/iiitn/Datasets/FaceForensics++/original_sequences/youtube/c40/videos/445.mp4,0,0.30364378155610044,18.01739536126504,0.5982344980184064,0.02765740169864006,0.17244047617392952,5.126718014899869,0.49858440022679823,0.09728959073985911,1.2928487015140444,150
/home/iiitn/Datasets/FaceForensics++/original_sequences/youtube/c40/videos/451.mp4,0,0.3114666007108979,17.346428702143474,0.4291644724511796,0.04503744934676229,0.2748020267269375,12.153554905790438,0.9136656738276452,0.1938005233886707,0.643556650209283,150
/home/iiitn/Datasets/FaceForensics++/original_sequences/youtube/c40/videos/453.mp4,0,0.2253987903373884,8.893956948630882,0.23933465904410708,0.004742872930770663,0.23305337040437077,5.786643145832765,0.14326024859195627,0.07506595649170031,2.691921265253754,150
/home/iiitn/Datasets/FaceForensics++/original_sequences/youtube/c40/videos/446.mp4,0,0.2621222248053883,10.736883199112023,0.5068012048606185,0.11790044403514081,0.23898934758994297,12.870904514635187,0.49949160043267976,0.1799814415360558,5.708889037975556,150
/home/iiitn/Datasets/FaceForensics++/original_sequences/youtube/c40/videos/454.mp4,0,0.30353568771354883,24.679621271795124,-0.06814880142288304,0.026234455805180665,0.32454384262984143,22.06083465114016,0.1930726800541673,0.046479640692593034,17.756377667934835,150
/home/iiitn/Datasets/FaceForensics++/original_sequences/youtube/c40/videos/455.mp4,0,0.286687845952708,13.98391804510454,0.6281013877953758,0.06441246419505468,0.20445337017374832,8.679770319617607,0.7225975509811092,0.28231056690784817,0.8663111474600366,150
/home/iiitn/Datasets/FaceForensics++/original_sequences/youtube/c40/videos/457.mp4,0,0.22796213726714257,9.232498179859723,0.22914155339431233,0.1787545330633812,0.2134685818721045,7.290250142653292,0.4905487149640771,0.12106271201235079,5.246858780201075,150
/home/iiitn/Datasets/FaceForensics++/original_sequences/youtube/c40/videos/458.mp4,0,0.17579401996514857,8.94733026451378,0.1230387183039463,0.14544799576078207,0.25992659810520097,8.408534978529572,0.3968222226321974,0.1452266059264785,0.5546952681054153,150
/home/iiitn/Datasets/FaceForensics++/original_sequences/youtube/c40/videos/463.mp4,0,0.21515216099524145,7.074911281751526,0.19017202268206446,0.5079702192621549,0.2880056577558426,12.008837382964915,0.4163053230056312,0.11449583284635184,29.724952079248396,150
/home/iiitn/Datasets/FaceForensics++/original_sequences/youtube/c40/videos/450.mp4,0,0.2761521577143753,7.836113778399901,0.6631410539379495,0.37810264275077626,0.263901360872366,7.462730417697489,0.6992805104887582,0.4598597003498534,14.758250148220286,150
/home/iiitn/Datasets/FaceForensics++/original_sequences/youtube/c40/videos/462.mp4,0,0.21342599018298444,17.72646447536172,0.2858923463868762,0.07854815146838502,0.23283619034824807,7.080417092634172,0.2534996718776977,0.3456299698821313,0.7414322729689179,150
/home/iiitn/Datasets/FaceForensics++/original_sequences/youtube/c40/videos/464.mp4,0,0.1664140082589717,4.480691875279912,0.0627265209720935,0.0786851790278506,0.20803700072722406,7.277262244621235,0.13133165420434625,0.12247182095317895,0.4146460509184002,150
/home/iiitn/Datasets/FaceForensics++/original_sequences/youtube/c40/videos/467.mp4,0,0.2308980255432641,10.740761721335765,0.22514589863640597,0.06214643867034464,0.20758751935387346,6.930381992660993,0.4862961492382671,0.06259988064418089,2.4394413101446277,150
/home/iiitn/Datasets/FaceForensics++/original_sequences/youtube/c40/videos/461.mp4,0,0.2518498208278226,18.82588544668208,0.6617713435443631,0.14249805142931313,0.17369642403230953,6.692755598085469,0.8474056618199638,0.3860551528351741,0.17338343820735455,150
/home/iiitn/Datasets/FaceForensics++/original_sequences/youtube/c40/videos/460.mp4,0,0.3039740845374226,9.285689016014933,0.4816093806685002,0.13734956256719807,0.24994110036164605,12.077752093080868,0.8388939554737626,0.05105125748018093,1.0224166882349448,150
/home/iiitn/Datasets/FaceForensics++/original_sequences/youtube/c40/videos/468.mp4,0,0.1995076025222776,12.106990901926295,0.40401898076911563,0.09593797487855082,0.3013632959050852,14.388294711018025,0.43948340234102345,0.08539823575973839,4.705456987314882,150
/home/iiitn/Datasets/FaceForensics++/original_sequences/youtube/c40/videos/465.mp4,0,0.2678424692363724,14.126199489612306,0.3871170936464001,0.09735732630462918,0.29559971530224566,14.173620495288795,0.6882150781134461,0.24181787576277655,0.5540202639193414,150
/home/iiitn/Datasets/FaceForensics++/original_sequences/youtube/c40/videos/459.mp4,0,0.22705867323380735,9.172214769939147,0.39884623348841225,0.12259956886366474,0.2774055595942722,11.537905520607444,0.4216480901120027,0.437165709162854,0.7481204883633777,150
/home/iiitn/Datasets/FaceForensics++/original_sequences/youtube/c40/videos/471.mp4,0,0.2738125694862376,14.367367557804945,-0.10773807348395525,0.03827161088032024,0.2429193129075747,17.463344883203096,0.3667110853958547,0.09001580403212965,0.10352032825895195,150
/home/iiitn/Datasets/FaceForensics++/original_sequences/youtube/c40/videos/466.mp4,0,0.27554072037158933,10.21776076386098,0.2820566855433413,0.0747036304185024,0.38629632590088053,17.543504592300355,0.8705466546448788,0.13931025214324136,0.4479224276669234,150
/home/iiitn/Datasets/FaceForensics++/original_sequences/youtube/c40/videos/469.mp4,0,0.31083804445971924,16.07329809649562,0.3040106423897667,0.0560848832703473,0.3321298731574948,14.245327202350117,0.38956746628356004,0.05556746086684323,5.983448176423362,150
/home/iiitn/Datasets/FaceForensics++/original_sequences/youtube/c40/videos/472.mp4,0,0.21294244577500068,6.454556043226553,0.6050488555269232,0.2486791114253454,0.249449924635463,9.745739059522121,0.5773114891342166,0.17489933507924552,1.2632643670164787,150
/home/iiitn/Datasets/FaceForensics++/original_sequences/youtube/c40/videos/470.mp4,0,0.2571686529662246,13.465798914955107,0.5168641548351122,0.10278782587837372,0.30758731998518873,14.100172599461361,0.5863435756069817,0.14286407925491573,0.24104170596375685,150
/home/iiitn/Datasets/FaceForensics++/original_sequences/youtube/c40/videos/474.mp4,0,0.259422551754976,14.651722582674438,0.16192466763469984,0.08285128340949054,0.26305412020956026,9.219703728969817,-0.13570719351542734,0.11375231374370687,17.395744647335146,150
/home/iiitn/Datasets/FaceForensics++/original_sequences/youtube/c40/videos/473.mp4,0,0.1807555004429111,5.724969448487182,0.851407482232171,0.26723321068751177,0.19836824356042104,9.558504236075612,0.47415223713194105,0.20642693396761128,4.604270494010754,150
/home/iiitn/Datasets/FaceForensics++/original_sequences/youtube/c40/videos/476.mp4,0,0.1515206032660368,4.092254858883778,0.3071659569637618,0.11510728976236691,0.1676480813895106,4.83653837457264,0.29711433138586346,0.2057237370212417,6.890883987273265,150
/home/iiitn/Datasets/FaceForensics++/original_sequences/youtube/c40/videos/478.mp4,0,0.2405003773053405,7.680037718099082,0.4987827764540458,0.2496637734041597,0.306367241932009,11.23889217612318,0.7368603731473556,0.1886392154029296,2.3930595584164456,150
/home/iiitn/Datasets/FaceForensics++/original_sequences/youtube/c40/videos/477.mp4,0,0.24794518162580614,14.115408194033435,0.615091378128941,0.031559057472799246,0.22165993564983047,7.110679749519799,0.8236196423068152,0.392864469149079,8.39258956404586,150
/home/iiitn/Datasets/FaceForensics++/original_sequences/youtube/c40/videos/475.mp4,0,0.29010305419842525,14.833330794422873,0.5327056239514661,0.34103771596504884,0.25382989960034946,8.50148197921689,0.5651065704304911,0.2174211805811741,0.6253081357616728,150
/home/iiitn/Datasets/FaceForensics++/original_sequences/youtube/c40/videos/482.mp4,0,0.25089603036171354,9.774525697777337,0.10698758618791926,0.4246446635179694,0.26195517877741453,9.56173232282672,0.28580614601846205,0.3728947653233061,3.896558220618273,150
/home/iiitn/Datasets/FaceForensics++/original_sequences/youtube/c40/videos/484.mp4,0,0.28058728684449413,10.041713263653115,0.46997881837466804,0.07778220326018136,0.39569719949490967,25.266597530808934,0.8429798506537566,0.2277129100379336,3.3175430259364806,150
/home/iiitn/Datasets/FaceForensics++/original_sequences/youtube/c40/videos/486.mp4,0,0.23310247909263224,11.182306873941156,0.6187161385992018,0.11631058052941469,0.19903911401282137,12.797718969968294,0.6776980256155481,0.3517226973301906,0.02761671101926682,150
/home/iiitn/Datasets/FaceForensics++/original_sequences/youtube/c40/videos/480.mp4,0,0.21484463345251403,8.401410599415149,0.30369485187397954,0.2812092446993443,0.2056328602867428,9.016744087680612,0.6182489488775782,0.14981876203925074,3.430220077486609,150
/home/iiitn/Datasets/FaceForensics++/original_sequences/youtube/c40/videos/481.mp4,0,0.22202108008515967,7.341972317177672,-0.11739112267723233,0.1242818756172079,0.27290590773612206,11.243631765711205,0.40642460865528096,0.12825394288117142,3.6288043511019152,150
/home/iiitn/Datasets/FaceForensics++/original_sequences/youtube/c40/videos/483.mp4,0,0.3312890361696163,13.012887629565185,0.3946124810767537,0.025620873181549018,0.3460108085413485,16.965138587795547,0.8573465273801121,0.17889459349223755,0.384527156765446,150
/home/iiitn/Datasets/FaceForensics++/original_sequences/youtube/c40/videos/485.mp4,0,0.36156619811819285,13.275328791101252,0.8084148758429929,0.09076871110907647,0.34233745499283014,12.957419549358889,0.6099720694340566,0.1506050012534725,23.057423711797856,150
/home/iiitn/Datasets/FaceForensics++/original_sequences/youtube/c40/videos/488.mp4,0,0.21463646794165023,6.848651222234023,0.6093347796138614,0.20029909594664286,0.2128379824065023,7.958786622918375,0.6466798294430295,0.15454722656998252,0.8350749748384534,150
/home/iiitn/Datasets/FaceForensics++/original_sequences/youtube/c40/videos/489.mp4,0,0.32035699507985965,36.0580567915733,0.06866887597825111,0.10138637707444766,0.27353614197507037,20.048511054721825,-0.14787531244334265,0.32984050478828664,12.323091949112372,150
/home/iiitn/Datasets/FaceForensics++/original_sequences/youtube/c40/videos/479.mp4,0,0.2624431025403144,9.578566274961913,0.6240081888561834,0.24168919169278336,0.26917574966084196,8.119883399680434,0.7018439374447301,0.16424458513039844,0.37620289678207325,150
/home/iiitn/Datasets/FaceForensics++/original_sequences/youtube/c40/videos/493.mp4,0,0.15397731739749018,7.203660999958973,-0.0632727438661465,0.17658147096722218,0.22986675576806137,16.787041554612113,-0.0189621514183233,0.2229298134593297,4.047162347120024,150
/home/iiitn/Datasets/FaceForensics++/original_sequences/youtube/c40/videos/487.mp4,0,0.1997620405963502,4.772653776294569,0.20630650087621727,0.37525314162227463,0.2048404402581069,10.716231260012414,0.6656808620805159,0.19099667575061727,2.7010943871043627,150
/home/iiitn/Datasets/FaceForensics++/original_sequences/youtube/c40/videos/492.mp4,0,0.2323211314759164,11.385406280347908,0.46045985970867354,0.20068183742622345,0.31728168504260995,17.872524060751402,0.7241265676388338,0.08332849368828076,0.2832581292945238,150
/home/iiitn/Datasets/FaceForensics++/original_sequences/youtube/c40/videos/491.mp4,0,0.18440127853004432,3.644662561079217,0.2762082002963151,0.15272373942225506,0.21939255908502875,6.329862188209954,0.922736440298816,0.08927904768958157,0.15899433479257352,150
/home/iiitn/Datasets/FaceForensics++/original_sequences/youtube/c40/videos/495.mp4,0,0.2367102311055327,11.402993969873924,0.07245879772081033,0.19845667517460255,0.21735770584000838,7.4881422224625664,0.4338707134214022,0.11732261976199392,0.5095952954059434,150
/home/iiitn/Datasets/FaceForensics++/original_sequences/youtube/c40/videos/497.mp4,0,0.1675917343609695,4.974615289908638,0.27285802301532175,0.3753191413712005,0.25765902343970776,6.707680217308726,0.3032870965106074,0.1476194038328783,14.346116327137155,150
/home/iiitn/Datasets/FaceForensics++/original_sequences/youtube/c40/videos/496.mp4,0,0.22876819761465758,9.750005646730648,0.5710887393230341,0.12748444834779848,0.28981115527465734,11.737689172931956,0.8379417693422891,0.15018223176857814,45.819735101620026,150
/home/iiitn/Datasets/FaceForensics++/original_sequences/youtube/c40/videos/494.mp4,0,0.21634495315628435,8.311210156502186,0.30455186458014916,0.1319018768972702,0.22253623620473462,9.242300196201333,0.6266472930635127,0.04616249823840964,187.29376120429393,150
/home/iiitn/Datasets/FaceForensics++/original_sequences/youtube/c40/videos/498.mp4,0,0.2642565915333031,12.872857682243778,0.03502871197021399,0.1498762837623229,0.22877077817608937,14.824609838866285,0.49492890524816263,0.12104339019669479,17.766219357856965,150
/home/iiitn/Datasets/FaceForensics++/original_sequences/youtube/c40/videos/501.mp4,0,0.1499041417062776,4.602443785094853,0.8360207189300611,0.4416085204177169,0.18426712362223305,6.9506725035362615,0.6344362480044109,0.10967551515728202,0.2280253305890153,150
/home/iiitn/Datasets/FaceForensics++/original_sequences/youtube/c40/videos/503.mp4,0,0.272687484072838,13.433137765621646,0.7012508747176014,0.3021867880490561,0.2584959309270465,8.410422160493232,0.7589110497076256,0.315525926372107,0.06826165380582727,150
/home/iiitn/Datasets/FaceForensics++/original_sequences/youtube/c40/videos/490.mp4,0,0.21871772771907538,7.249216054582031,0.18756966246123377,0.23855443764390624,0.29091453211654256,9.915120137923017,0.5043904596289178,0.29001781898588025,1.1404527513661407,150
/home/iiitn/Datasets/FaceForensics++/original_sequences/youtube/c40/videos/499.mp4,0,0.21726707656692465,6.584680539470832,0.6077602792304462,0.10468353254543102,0.2218868543853552,7.660648807968116,0.8805125986901157,0.1304446451678137,0.44758825030296995,150
/home/iiitn/Datasets/FaceForensics++/original_sequences/youtube/c40/videos/502.mp4,0,0.35359026360927653,16.005678953123272,0.3289410375132485,0.06398783332499504,0.33676930856335724,17.329798570761533,0.2899620931389755,0.29914416632002,0.4786988360463445,150
/home/iiitn/Datasets/FaceForensics++/original_sequences/youtube/c40/videos/505.mp4,0,0.20682574300933587,7.3882587903941825,0.15769914248530167,0.07189816438833206,0.20141444969701983,7.4776331241757745,0.16589022995083205,0.08880378962213607,0.4380610236085414,150
/home/iiitn/Datasets/FaceForensics++/original_sequences/youtube/c40/videos/500.mp4,0,0.2116108780812608,6.897129726921093,0.18665328350710322,0.038229858290027334,0.2803797508382078,12.894371101139194,0.09841929157330627,0.007335507632078482,1.82856936813264,150
/home/iiitn/Datasets/FaceForensics++/original_sequences/youtube/c40/videos/509.mp4,0,0.21400092440590102,8.039632549210152,0.3197825188335941,0.033969221586721915,0.27629159727246083,12.311363444989224,0.7013960034321448,0.4476990100968061,98.5799463903871,150
/home/iiitn/Datasets/FaceForensics++/original_sequences/youtube/c40/videos/506.mp4,0,0.23824082666075,23.29860945698182,0.32038395243986767,0.24269536828990687,0.35845122060957774,18.19088184634638,0.6288018226070465,0.054962151007472725,0.9550222883679744,150
/home/iiitn/Datasets/FaceForensics++/original_sequences/youtube/c40/videos/504.mp4,0,0.24272371393530764,9.565208100594441,0.2362530957672547,0.20239238820026925,0.3183732074290342,11.57682100427994,0.6502215998178643,0.05222794987805701,0.15996670737029758,150
/home/iiitn/Datasets/FaceForensics++/original_sequences/youtube/c40/videos/510.mp4,0,0.25900383477135586,16.108542673865397,0.1894050913437085,0.18746219801046962,0.29672164147452684,15.114289160441851,0.20634268123097574,0.2284515849919735,167.79502494553776,150
/home/iiitn/Datasets/FaceForensics++/original_sequences/youtube/c40/videos/514.mp4,0,0.17067027508198754,6.665888031965982,0.20690031292805586,0.02819145611291816,0.2564388301927933,13.184030286378144,0.5792191729905561,0.40718591097807105,242.9317397074217,150
/home/iiitn/Datasets/FaceForensics++/original_sequences/youtube/c40/videos/511.mp4,0,0.1792411489359359,6.9474852105263905,0.09150992765449038,0.3839077997619946,0.16037303546359208,5.099045746897916,0.0017304251929821102,0.10441218842551005,8.971653608221578,150
/home/iiitn/Datasets/FaceForensics++/original_sequences/youtube/c40/videos/512.mp4,0,0.20389387226627068,6.99193676266804,0.29190509774011336,0.03121327186276333,0.19268672580053078,6.321823593544018,0.2697152859784888,0.35278013266788216,18.90958836071618,150
/home/iiitn/Datasets/FaceForensics++/original_sequences/youtube/c40/videos/515.mp4,0,0.2625809800374617,11.72925426957454,0.6311959039643446,0.14933915167621833,0.31087253389629294,19.08654440976088,0.6939972342000454,0.11080202361936498,7.832432502019483,150
/home/iiitn/Datasets/FaceForensics++/original_sequences/youtube/c40/videos/517.mp4,0,0.24051179579204232,8.819678936757105,0.08623076797184522,0.16997468879913538,0.2011041406790464,5.941018615877433,0.5525792370655722,0.11240729680878858,0.1500219649826291,150
/home/iiitn/Datasets/FaceForensics++/original_sequences/youtube/c40/videos/507.mp4,0,0.21851727927468456,14.95212653323505,0.4084283670659273,0.0858210700434321,0.23978813981328326,18.639723011380493,0.46422009975840023,0.1352766906670696,4.006522270126223,150
/home/iiitn/Datasets/FaceForensics++/original_sequences/youtube/c40/videos/518.mp4,0,0.13004968268317432,5.64631278941932,0.29627407985166376,0.16910940012097306,0.16851809403172305,6.746742472665615,0.31708455770048016,0.1394542912968442,0.038977274725173545,150
/home/iiitn/Datasets/FaceForensics++/original_sequences/youtube/c40/videos/513.mp4,0,0.17028333896661454,6.330476890229363,0.7182533997441247,0.17319844348291583,0.35317080499638626,24.44595193362608,0.5077215227760129,0.12837513165934672,1.6858926028654007,150
/home/iiitn/Datasets/FaceForensics++/original_sequences/youtube/c40/videos/508.mp4,0,0.1887732723421045,7.468631515076154,0.3677173477029918,0.34295308014196274,0.19700633162592077,4.671672295357019,0.4351049082235959,0.1237362564632727,0.46729135803219196,150
/home/iiitn/Datasets/FaceForensics++/original_sequences/youtube/c40/videos/519.mp4,0,0.24442073968918102,10.1380359350406,0.1554862503135432,0.06555415065568727,0.21191412369376997,7.811238682467746,0.3842847265311875,0.2459355726002362,88.28030520163892,150
/home/iiitn/Datasets/FaceForensics++/original_sequences/youtube/c40/videos/521.mp4,0,0.24980444308046193,14.242766510570497,-0.1956786547000067,0.27101040203059085,0.17765133799684027,5.01931691753271,0.39616505493602894,0.11291864346369641,0.5720573688074101,150
/home/iiitn/Datasets/FaceForensics++/original_sequences/youtube/c40/videos/522.mp4,0,0.244061925679154,8.96827749723306,0.34914697211886864,0.030214429316234193,0.23766877063644798,10.990874950447045,0.585077856801099,0.1145575147682084,1.055860645115143,150
/home/iiitn/Datasets/FaceForensics++/original_sequences/youtube/c40/videos/520.mp4,0,0.2712921753099983,14.21299342788862,0.4301133495123232,0.036419984089054135,0.24735312886892993,12.115407605672056,0.6113486109655534,0.17410906511550406,0.14737236400612574,150
/home/iiitn/Datasets/FaceForensics++/original_sequences/youtube/c40/videos/523.mp4,0,0.2492760890851061,8.929640348327206,0.6393870730813572,0.1983345803468,0.21823140709644576,10.353881724967302,0.8009506202628872,0.18289491534840283,1.5087240020505506,150
/home/iiitn/Datasets/FaceForensics++/original_sequences/youtube/c40/videos/524.mp4,0,0.2349096395491044,9.062856685341599,0.20368317162178762,0.3071125649617837,0.21185512767050865,8.903624695043815,0.4499720741787043,0.3443475826625073,0.017058744486166327,150
/home/iiitn/Datasets/FaceForensics++/original_sequences/youtube/c40/videos/516.mp4,0,0.35940775650348633,16.960094284943533,0.4517334533672516,0.1036060534598043,0.27273020654330243,12.22182378925993,0.7149302935000615,0.05922482703487648,0.5616039361074575,150
/home/iiitn/Datasets/FaceForensics++/original_sequences/youtube/c40/videos/525.mp4,0,0.23938779214784175,15.159130947818717,0.8210361433701285,0.28081782576241276,0.2278976893279273,9.31940062229284,0.7598888934371062,0.25146151797952765,0.08947664464930513,150
/home/iiitn/Datasets/FaceForensics++/original_sequences/youtube/c40/videos/528.mp4,0,0.2618080351435143,14.350343161974394,0.08291012765923304,0.07261517575078531,0.2358598406018344,13.502510698308853,0.15043510706229427,0.1081948014219735,22.498055465702933,150
/home/iiitn/Datasets/FaceForensics++/original_sequences/youtube/c40/videos/531.mp4,0,0.24553163055738314,13.3366802310213,0.4428945080983954,0.2926570567569516,0.2656075630485853,16.400170962625296,0.5518183104928357,0.06904174035884776,4.715609714111582,150
/home/iiitn/Datasets/FaceForensics++/original_sequences/youtube/c40/videos/527.mp4,0,0.23796593075656344,10.201726772069142,0.21542239915965453,0.14962062475670102,0.2683819946641905,11.789608627857426,0.8828942044477796,0.3701927238359681,11.90700859469024,150
/home/iiitn/Datasets/FaceForensics++/original_sequences/youtube/c40/videos/526.mp4,0,0.23701727619208776,8.991813493719699,0.6270839306652616,0.211178059203914,0.25894300631022,8.712250195760205,0.7769779881991613,0.22099885802153252,4.785944538902157,150
/home/iiitn/Datasets/FaceForensics++/original_sequences/youtube/c40/videos/535.mp4,0,0.17353348318025977,3.618102358181583,0.35679507553314666,0.4218409816536783,0.2585755930892755,7.06754232307681,0.45779644773052414,0.26720714207685947,0.46000432302375005,150
/home/iiitn/Datasets/FaceForensics++/original_sequences/youtube/c40/videos/530.mp4,0,0.23801195392979616,10.221433828391495,0.37570267471164004,0.14642063730816038,0.1804198736719902,7.091106047508698,0.6556669404613413,0.11774543727979186,35.96386708362295,150
/home/iiitn/Datasets/FaceForensics++/original_sequences/youtube/c40/videos/532.mp4,0,0.24485911703108976,8.629799437884403,0.16385930727685394,0.18956933678777754,0.33306469591362414,17.37326702964268,0.8460834152506393,0.09850236397225219,0.053896088892503115,150
/home/iiitn/Datasets/FaceForensics++/original_sequences/youtube/c40/videos/534.mp4,0,0.17392403966390235,5.954071943663173,0.2228776623653784,0.22049012796398185,0.19495627199503987,6.1186352797940025,0.3284031524890442,0.41985062683414803,0.2069272752851927,150
/home/iiitn/Datasets/FaceForensics++/original_sequences/youtube/c40/videos/536.mp4,0,0.1985130713709737,6.871260682425263,0.439680778779298,0.20476649533539984,0.22984092153677782,10.280490264690982,0.17963565358895792,0.3005481087169098,1.512136999411679,150
/home/iiitn/Datasets/FaceForensics++/original_sequences/youtube/c40/videos/538.mp4,0,0.20819972578364432,8.06999763137356,0.09348605184409053,0.3328296872693208,0.2575739776722397,9.222829457132576,0.6604776598546706,0.2065105901140405,0.2045807809007818,150
/home/iiitn/Datasets/FaceForensics++/original_sequences/youtube/c40/videos/537.mp4,0,0.2114242610041788,6.59411967932256,0.04190783062206577,0.3907555033387908,0.2598516771536417,9.973618466890388,0.2665096494125808,0.21140921945843041,4.444256376939443,150
/home/iiitn/Datasets/FaceForensics++/original_sequences/youtube/c40/videos/529.mp4,0,0.2110159395598968,5.764901410590685,0.09270149644205143,0.43723205862816933,0.32061062424212133,21.29975746743125,0.4243392202316551,0.09312135621809474,5.337591719842374,150
/home/iiitn/Datasets/FaceForensics++/original_sequences/youtube/c40/videos/539.mp4,0,0.2259187206064722,9.732728524439253,0.4101215110689291,0.35128148591226244,0.2567778979497368,11.777803442215317,0.3985795323159862,0.387509991727132,0.5077574869429672,150
/home/iiitn/Datasets/FaceForensics++/original_sequences/youtube/c40/videos/541.mp4,0,0.2657033475735429,16.607730060539765,0.12978654876936255,0.017201280640958393,0.2429401818553344,9.383602595605437,0.44049595143498427,0.40910996648590053,0.4615980784780918,150
/home/iiitn/Datasets/FaceForensics++/original_sequences/youtube/c40/videos/533.mp4,0,0.21827600721437426,7.131746181581015,0.8419042641054325,0.09860985462496454,0.2144899936604734,4.7057372206695725,0.6187554353073911,0.2798286516877719,0.5575083131028327,150
/home/iiitn/Datasets/FaceForensics++/original_sequences/youtube/c40/videos/543.mp4,0,0.21054680754289623,8.482144872387304,0.422192725436501,0.276520632509582,0.25075924510047515,11.283966099405994,0.6752508075109707,0.22987122031183838,29.32000162540615,150
/home/iiitn/Datasets/FaceForensics++/original_sequences/youtube/c40/videos/542.mp4,0,0.3216164966200908,17.112589016246176,0.4449247553234554,0.02721890119403821,0.27558192946781346,17.278527653249526,0.75980341432726,0.07719445951027458,0.8045601062139122,150
/home/iiitn/Datasets/FaceForensics++/original_sequences/youtube/c40/videos/545.mp4,0,0.24702559147484823,7.875159464953427,0.47660091590489256,0.23912444446609457,0.27413717472785687,10.496397448650525,0.5273668194819913,0.28767352772660654,5.134755457205417,150
/home/iiitn/Datasets/FaceForensics++/original_sequences/youtube/c40/videos/540.mp4,0,0.2158472516863921,7.368572470777807,0.7634727545631507,0.14187469133528216,0.29063625956263844,11.114958530265435,0.7872443851597951,0.12385346658333703,8.390676954122565,150
/home/iiitn/Datasets/FaceForensics++/original_sequences/youtube/c40/videos/546.mp4,0,0.263209438258603,10.049029095561957,0.8788527873108922,0.26194916448980987,0.2188271975318948,8.925735783902107,0.5925989865669821,0.43882679510402384,1.133375411325266,150
/home/iiitn/Datasets/FaceForensics++/original_sequences/youtube/c40/videos/550.mp4,0,0.26306331383707576,8.722180497573595,0.19753294275626096,0.1404524942805692,0.23512895948114773,7.9856954619684,0.4131713600530072,0.2350768041888677,0.03291875538923725,150
/home/iiitn/Datasets/FaceForensics++/original_sequences/youtube/c40/videos/544.mp4,0,0.2406119824391494,10.502247167420656,0.1356206397040204,0.15802287302046258,0.21304432753606872,7.352781254123157,0.26817744684943445,0.24790726668539012,0.8783221935462441,150
/home/iiitn/Datasets/FaceForensics++/original_sequences/youtube/c40/videos/551.mp4,0,0.15343611627910056,4.611391288681285,0.429259092558802,0.2206878947388589,0.18081573457951575,5.7108019433007255,0.5008379601699234,0.402345185647526,4.318167570644112,150
/home/iiitn/Datasets/FaceForensics++/original_sequences/youtube/c40/videos/553.mp4,0,0.2891462879056678,14.768276569949629,0.24402333704891033,0.03691588712719083,0.2990828175946571,9.244758915425678,0.631691925338613,0.22829614492506414,11.140701902238845,150
/home/iiitn/Datasets/FaceForensics++/original_sequences/youtube/c40/videos/548.mp4,0,0.24287974759819783,11.840266703600733,0.5067277485848812,0.12255118094763469,0.24630464552896755,16.47013909204598,0.37662032300283627,0.15884925243560383,0.33475609097215303,150
/home/iiitn/Datasets/FaceForensics++/original_sequences/youtube/c40/videos/556.mp4,0,0.2530256523584477,9.402435223424591,0.5257564873403532,0.14288406069252851,0.3081294242819647,14.308200514491729,0.5876800273580313,0.08434789858824787,0.3999055370843996,150
/home/iiitn/Datasets/FaceForensics++/original_sequences/youtube/c40/videos/552.mp4,0,0.22143974052089077,7.9790116883097975,0.1893571028781221,0.47918955165033045,0.2349181611931658,8.933293095733703,0.2323274918079282,0.23733630522227578,1.4326896450427102,150
/home/iiitn/Datasets/FaceForensics++/original_sequences/youtube/c40/videos/549.mp4,0,0.2309765301234253,10.080388404927197,0.5216140181526612,0.19084078632050647,0.19077540565469966,6.67360408381159,0.4922677168318981,0.25092054661645297,6.608215616792953,150
/home/iiitn/Datasets/FaceForensics++/original_sequences/youtube/c40/videos/557.mp4,0,0.30743612071727405,24.256328653344763,0.5439623190092003,0.10941871140920985,0.29166156794227893,10.187868063736984,0.4894202422507477,0.1313952314388355,0.5196005261592255,150
/home/iiitn/Datasets/FaceForensics++/original_sequences/youtube/c40/videos/560.mp4,0,0.2641112264576088,11.674774063207883,0.035602119731632076,0.2507843487217588,0.26786230930681143,7.923804583375069,0.39473192425486,0.20812933556726407,1.5618492823800585,150
/home/iiitn/Datasets/FaceForensics++/original_sequences/youtube/c40/videos/554.mp4,0,0.2335195828717684,6.389407340222792,0.5055510739098904,0.3001717203260426,0.3279343179337408,13.538441816638434,0.743294119199352,0.1332250195578735,0.08816112243333042,150
/home/iiitn/Datasets/FaceForensics++/original_sequences/youtube/c40/videos/558.mp4,0,0.25477630571751153,11.157272520683376,0.6912842914200591,0.17368142270900735,0.22139212132208538,8.25319114634373,0.5893275836421853,0.3648181961128416,0.9019631870206418,150
/home/iiitn/Datasets/FaceForensics++/original_sequences/youtube/c40/videos/559.mp4,0,0.22587554865630222,13.989501930370444,0.31611498328772475,0.0610612116143634,0.20453215113399767,9.04860128120314,0.46097973911894013,0.05942308093867057,0.11143812433411858,150
/home/iiitn/Datasets/FaceForensics++/original_sequences/youtube/c40/videos/563.mp4,0,0.23451497693818382,7.753955779784111,0.2664146911664696,0.22533715439385196,0.2838072176763852,10.093191672202877,0.8303400822086409,0.3259905283110553,0.10237357383628001,150
/home/iiitn/Datasets/FaceForensics++/original_sequences/youtube/c40/videos/567.mp4,0,0.15158684542594192,5.059298161098855,0.5123129047497902,0.5142884032966585,0.20241520276232197,7.642156384478177,0.8521629689442523,0.28127666593818695,3.3251442040128563,150
/home/iiitn/Datasets/FaceForensics++/original_sequences/youtube/c40/videos/565.mp4,0,0.24402138449465513,10.64508654670937,0.354050188762963,0.16263180593373158,0.2895304632649687,16.044103145261687,0.6415581042082846,0.31569601477957393,22.723048200335953,150
/home/iiitn/Datasets/FaceForensics++/original_sequences/youtube/c40/videos/562.mp4,0,0.26982832046908817,8.73079448926134,0.24629804854130488,0.19697204030545068,0.22827875908832884,5.698551315161453,0.8138507348767309,0.19240351229675076,4.976641753475354,150
/home/iiitn/Datasets/FaceForensics++/original_sequences/youtube/c40/videos/555.mp4,0,0.14060984718724465,2.621985430537308,0.0736912172311513,0.5090312761714041,0.24689911993368097,10.270892820732369,0.3687237647273753,0.1403351908763484,3.8989614163778197,150
/home/iiitn/Datasets/FaceForensics++/original_sequences/youtube/c40/videos/568.mp4,0,0.1661442739654585,5.999917477295379,0.7342742740683339,0.4616280926949154,0.14119856173278178,3.459897170377048,0.7565877584154186,0.33314686385813247,8.874352572756651,150
/home/iiitn/Datasets/FaceForensics++/original_sequences/youtube/c40/videos/566.mp4,0,0.15848382525491655,5.291416030024661,0.3311993377963213,0.07218924046605436,0.22340406714091773,7.488441460269706,0.3823680327401325,0.033331272519539455,10.423654073029162,150
/home/iiitn/Datasets/FaceForensics++/original_sequences/youtube/c40/videos/561.mp4,0,0.24580059095017023,6.494043404222901,0.47809033056291667,0.29831660371296026,0.3066009584503546,14.699579504151183,0.6886599768031797,0.07261251020814297,16.83094612962209,150
/home/iiitn/Datasets/FaceForensics++/original_sequences/youtube/c40/videos/570.mp4,0,0.24601980736316867,10.126187662631343,0.5285696229160158,0.081778854515296,0.21562995206661473,6.145120446029128,0.4929725646541459,0.31239267382415914,2.7942609961129548,150
/home/iiitn/Datasets/FaceForensics++/original_sequences/youtube/c40/videos/564.mp4,0,0.18958648934330644,7.475830192667139,0.6631067314911623,0.06872331241592328,0.24873890315924205,6.99950863541963,0.8539916540164688,0.3403429557561535,0.09113389028760731,150
/home/iiitn/Datasets/FaceForensics++/original_sequences/youtube/c40/videos/574.mp4,0,0.2803057480469251,14.678469308255371,-0.26295424818773044,0.08725263905897203,0.2723982622262159,18.78533700359733,0.08860678392532965,0.23533468212292732,2.9747001711576937,150
/home/iiitn/Datasets/FaceForensics++/original_sequences/youtube/c40/videos/572.mp4,0,0.3109300148769152,13.558176905472038,0.5435614359878568,0.057457396979606536,0.28505025098804226,12.341411914333554,0.4084628335754572,0.19186119749229558,12.540776583431976,150
/home/iiitn/Datasets/FaceForensics++/original_sequences/youtube/c40/videos/571.mp4,0,0.21046703414305357,4.9818321659167895,0.5675617627176165,0.07921074514309373,0.20871997060197614,7.077675686000752,0.5514012026329239,0.20954266124010543,0.8393135551956948,150
/home/iiitn/Datasets/FaceForensics++/original_sequences/youtube/c40/videos/569.mp4,0,0.24504459155256955,6.820987162788906,0.7321385469209019,0.17804315126133607,0.36472459797951773,19.740064322269856,0.6359342317399385,0.14563960524723538,0.44241809392458115,150
/home/iiitn/Datasets/FaceForensics++/original_sequences/youtube/c40/videos/573.mp4,0,0.2314340534802961,9.146950022063285,0.3521303245456137,0.365197745671253,0.2616064561545611,10.93056794349714,0.7753034234372079,0.37828172073211247,6.64797081144134,150
/home/iiitn/Datasets/FaceForensics++/original_sequences/youtube/c40/videos/575.mp4,0,0.18478054532887633,5.903127443469607,0.3434428246596187,0.2501682796378774,0.17540034665867651,5.4934393144304,0.4832993852685352,0.5068482910506681,1.8170109362515852,150
/home/iiitn/Datasets/FaceForensics++/original_sequences/youtube/c40/videos/576.mp4,0,0.19987889272197132,7.533513833852974,0.4566387720794291,0.21318479428969828,0.195551702638747,7.461173080830584,0.4607903032386565,0.10976555741498367,214.27663706893122,150
/home/iiitn/Datasets/FaceForensics++/original_sequences/youtube/c40/videos/578.mp4,0,0.23827004694283885,8.175169556177288,0.5206129863448727,0.1735512800466635,0.23125542607866093,8.05526742895823,0.6591110331967608,0.20095973041269866,1.998875336956188,150
/home/iiitn/Datasets/FaceForensics++/original_sequences/youtube/c40/videos/582.mp4,0,0.2347026161498881,13.416699733058934,-0.05427388809439082,0.13230324818435857,0.23223871824907175,13.862053687737152,0.024138894078323498,0.504461984699708,16.37271871618319,150
/home/iiitn/Datasets/FaceForensics++/original_sequences/youtube/c40/videos/577.mp4,0,0.20452522212468507,5.409333996392601,0.6161401740604714,0.12063633258462593,0.23707785814810314,8.518417684772436,0.8997970735994842,0.056115375601552324,0.11731225966450481,150
/home/iiitn/Datasets/FaceForensics++/original_sequences/youtube/c40/videos/580.mp4,0,0.22607944309542208,12.786806363654383,-0.10296390540524934,0.2869315353976482,0.23592318587448513,8.666011747149698,-0.006268152264349995,0.179291637257007,0.14422466601166403,150
/home/iiitn/Datasets/FaceForensics++/original_sequences/youtube/c40/videos/579.mp4,0,0.23061342022354503,8.083064437233906,0.13585728945964248,0.16879745789389622,0.2507546175414425,9.436488647275018,0.27416179028688964,0.09042186125328529,0.6574733044847091,150
/home/iiitn/Datasets/FaceForensics++/original_sequences/youtube/c40/videos/583.mp4,0,0.18790140435322103,7.241707699839709,0.7997350539358971,0.3514113110134082,0.2020398229413745,9.617370285620941,0.8614698220433916,0.2089943843357226,1.6960054132844535,150
/home/iiitn/Datasets/FaceForensics++/original_sequences/youtube/c40/videos/587.mp4,0,0.25562047843482544,11.39633021897877,0.32171352639804346,0.0848748579869215,0.24944110578555426,9.997333433263156,0.7378427904276611,0.18858753741141754,0.9861597724466431,150
/home/iiitn/Datasets/FaceForensics++/original_sequences/youtube/c40/videos/584.mp4,0,0.21997615059603084,10.756957826617247,0.5561056960163971,0.19702435508217753,0.17009098983398366,5.926616162236397,0.8442335122296232,0.17809512727737045,0.014035877884249957,150
/home/iiitn/Datasets/FaceForensics++/original_sequences/youtube/c40/videos/588.mp4,0,0.13813102699344862,3.919566887883582,0.3288039593992879,0.33911549220875514,0.19327539628059018,6.1638427183790325,0.37735076525321176,0.004255555586784441,0.1685701446505394,150
/home/iiitn/Datasets/FaceForensics++/original_sequences/youtube/c40/videos/589.mp4,0,0.1687869245064831,5.451865509403031,0.254145662214913,0.22847002370114655,0.20941575475534,12.239226281690028,0.5828438540368738,0.3785661054105307,1.6443120721349282,150
/home/iiitn/Datasets/FaceForensics++/original_sequences/youtube/c40/videos/585.mp4,0,0.2603909995181988,9.535567108887477,0.5413979019076627,0.08236566265978934,0.26766262530831525,11.308152518920005,0.6750804735740096,0.15184825702787746,2.0566109098319068,150
/home/iiitn/Datasets/FaceForensics++/original_sequences/youtube/c40/videos/581.mp4,0,0.2962590613195409,19.018293385692044,0.3307711165145108,0.12254636323195521,0.3609792212273288,14.466578183605952,0.8032041696804987,0.08169578328138394,10.341634130960948,150
/home/iiitn/Datasets/FaceForensics++/original_sequences/youtube/c40/videos/586.mp4,0,0.41863039049353507,7.9145489596777265,0.592876881337681,0.22393043562100154,0.37251599696214494,8.40200740388171,0.6222666511096717,0.45688606756701816,2.3443659023792507,150
/home/iiitn/Datasets/FaceForensics++/original_sequences/youtube/c40/videos/592.mp4,0,0.28490695121883475,18.502747809725932,0.161978776221413,0.24712662187720627,0.30496616114897446,20.629820805616433,0.10218389811313283,0.3328714757271814,0.2692104993226688,150
/home/iiitn/Datasets/FaceForensics++/original_sequences/youtube/c40/videos/596.mp4,0,0.2572062783190868,13.957499600140343,0.595145145701698,0.4121028557648004,0.18852193134095066,6.638473321033764,0.7255253595510575,0.09744937364852686,0.17690211187514182,150
/home/iiitn/Datasets/FaceForensics++/original_sequences/youtube/c40/videos/597.mp4,0,0.2906658245308745,12.72941047157312,0.1925571195234486,0.12098817170757986,0.29793621213046145,12.720787166092608,0.40055850329108367,0.17727588167560035,5.652017201032802,150
/home/iiitn/Datasets/FaceForensics++/original_sequences/youtube/c40/videos/591.mp4,0,0.14990371785305642,5.456372004253953,0.03353555080669695,0.38799247777820783,0.22498461141049267,5.863881074938907,0.242133319279065,0.18012249241136172,1.0310281259664964,150
/home/iiitn/Datasets/FaceForensics++/original_sequences/youtube/c40/videos/594.mp4,0,0.22126235865817176,16.312932655883333,0.3768038700233098,0.16447409958161766,0.2453580164812453,12.646742082693871,0.4880778971172668,0.10008384463678259,0.3737179978715584,150
/home/iiitn/Datasets/FaceForensics++/original_sequences/youtube/c40/videos/600.mp4,0,0.21755931173571863,6.372528688664652,0.49859358121186764,0.37560514163687947,0.27555616996338117,10.322682992880038,0.6097200046163982,0.02467109825718158,1.5561304832348895,150
/home/iiitn/Datasets/FaceForensics++/original_sequences/youtube/c40/videos/595.mp4,0,0.1698264702852537,5.478271958424803,0.18405815512978604,0.0708522993376887,0.19568535782489194,9.130463534067692,0.08957565067360136,0.12192984765043595,33.54449451830655,150
/home/iiitn/Datasets/FaceForensics++/original_sequences/youtube/c40/videos/598.mp4,0,0.20404478499555415,15.631878822892459,0.3501749302492421,0.13596892336539515,0.27769126577227005,16.97235987146736,0.5885632660779958,0.0518300273091839,0.057722577760814534,150
/home/iiitn/Datasets/FaceForensics++/original_sequences/youtube/c40/videos/601.mp4,0,0.255973568366006,8.909593174250068,0.4236362679674353,0.4686188423922999,0.29193426637085484,11.295018445570937,0.8804210126504675,0.13725243689235864,5.4403746035238445,150
/home/iiitn/Datasets/FaceForensics++/original_sequences/youtube/c40/videos/599.mp4,0,0.2715795196728438,10.482659156871728,-0.05656586391231661,0.05559527201084189,0.2721624157399988,9.760994724885851,0.33000894696593747,0.0437812809610063,1.9194741185837525,150
/home/iiitn/Datasets/FaceForensics++/original_sequences/youtube/c40/videos/590.mp4,0,0.27416019881102527,8.908917009977268,0.42864876557693005,0.17569213895728006,0.2892050888633837,8.618645014390918,0.2930033427595325,0.12496950546620693,22.743296213706504,150
/home/iiitn/Datasets/FaceForensics++/original_sequences/youtube/c40/videos/593.mp4,0,0.2053304033810063,8.022555558182852,0.03505958563821517,0.39328912563019586,0.21426400413257327,14.532698250103593,0.057132520636049976,0.0362291663443051,1.0088010344397613,150
/home/iiitn/Datasets/FaceForensics++/original_sequences/youtube/c40/videos/603.mp4,0,0.22628284810533605,14.030967254043468,0.19335637635303735,0.11377982161944428,0.22821039563115342,14.054942692938509,0.31753751237424704,0.1425881365914573,0.2188135376524239,150
/home/iiitn/Datasets/FaceForensics++/original_sequences/youtube/c40/videos/605.mp4,0,0.24075283478796253,6.132527776962479,0.24417564416582174,0.16444417036369732,0.2670941721019662,13.396135123768731,0.6735633572794845,0.4024238403708728,0.23558136556530884,150
/home/iiitn/Datasets/FaceForensics++/original_sequences/youtube/c40/videos/606.mp4,0,0.16737351550842774,5.9385745259240155,0.430112795213073,0.39029235787865285,0.19559864185892042,11.82598818712197,0.5829573867261523,0.06830300067320982,0.19644030417124345,150
/home/iiitn/Datasets/FaceForensics++/original_sequences/youtube/c40/videos/609.mp4,0,0.17136898458821445,7.260920705298527,0.48866555373256654,0.1337665859060739,0.27110601625432146,12.821362776177201,0.6063028874291486,0.20100674073390148,116.92661357564104,150
/home/iiitn/Datasets/FaceForensics++/original_sequences/youtube/c40/videos/608.mp4,0,0.2595221440060136,12.906798769577115,0.6721090025743583,0.6503798096272891,0.32021675275856704,16.689379847473383,0.8483329799344808,0.5688867227664683,0.31885570341495245,150
/home/iiitn/Datasets/FaceForensics++/original_sequences/youtube/c40/videos/604.mp4,0,0.23922876852287722,8.127872117010186,0.38010760433627344,0.3071444644658626,0.19787559397638788,7.653640486330723,0.20232382055565623,0.022950927508208294,9.000675775050178,150
/home/iiitn/Datasets/FaceForensics++/original_sequences/youtube/c40/videos/611.mp4,0,0.2625719554786879,9.669862656966089,0.8001229395224699,0.4158133264278845,0.3404158874091787,22.85454163822064,0.7420665268837175,0.1850525564754424,2.3600220554360645,150
/home/iiitn/Datasets/FaceForensics++/original_sequences/youtube/c40/videos/602.mp4,0,0.2954562310541533,11.650950504081694,0.7971551122308433,0.30458194281607365,0.27645262643647045,8.608461034114251,0.3135076399583984,0.24229052340006577,0.23806626834627384,150
/home/iiitn/Datasets/FaceForensics++/original_sequences/youtube/c40/videos/610.mp4,0,0.18086610263554845,8.09744480685395,-0.0641133454663145,0.14748371677674324,0.21135200288154032,12.278529159468334,0.026500633641622435,0.07417077254582506,1.0833894402268895,150
/home/iiitn/Datasets/FaceForensics++/original_sequences/youtube/c40/videos/612.mp4,0,0.27618627304959936,7.398489213527504,-0.007319441878102293,0.2958278090107626,0.2718733150386701,14.69589756956396,0.091209572814667,0.11720169127225749,1.071327435817976,150
/home/iiitn/Datasets/FaceForensics++/original_sequences/youtube/c40/videos/616.mp4,0,0.1748489640324501,5.1722216318464325,0.1686602686574855,0.2371862340515423,0.20758208600392983,10.39396510394709,0.33793062733521656,0.294432571789791,4.7938582728822485,150
/home/iiitn/Datasets/FaceForensics++/original_sequences/youtube/c40/videos/607.mp4,0,0.23211787134154627,9.117773327846228,-0.11647866567342403,0.23567432936404162,0.25663275747928693,10.98493142246093,-0.010826573328252459,0.21724676409896412,0.9473867535229535,150
/home/iiitn/Datasets/FaceForensics++/original_sequences/youtube/c40/videos/613.mp4,0,0.1860258002959322,7.259808615178962,0.6703950872335822,0.31885799934157627,0.23866870547803443,8.43791241477978,0.7428684751659599,0.1838961461923987,1.4540426157190678,150
/home/iiitn/Datasets/FaceForensics++/original_sequences/youtube/c40/videos/617.mp4,0,0.2637929350577014,14.599717092600395,0.027331335888947993,0.0775356410012587,0.23628745267234955,9.73710557649686,0.6585076365392762,0.08606804710213234,1.088612447752078,150
/home/iiitn/Datasets/FaceForensics++/original_sequences/youtube/c40/videos/614.mp4,0,0.1968195159108025,6.872243831079525,0.6782404500561411,0.1768759565368354,0.21353087408434548,10.169065454093328,0.5399066133925076,0.15649103110978055,4.949165069306934,150
/home/iiitn/Datasets/FaceForensics++/original_sequences/youtube/c40/videos/615.mp4,0,0.16790802874752328,7.9324025663725095,0.4520360920591732,0.12679775066178625,0.23726019178637667,12.305325326535401,0.6666987880293266,0.090739759518867,1.833341488076918,150
/home/iiitn/Datasets/FaceForensics++/original_sequences/youtube/c40/videos/618.mp4,0,0.2691547864114788,17.06343833154784,-0.03221560543085431,0.1968780567366936,0.24398418687766452,11.356106135253867,0.6190575624947496,0.0316212096600583,0.18780106631859203,150
/home/iiitn/Datasets/FaceForensics++/original_sequences/youtube/c40/videos/619.mp4,0,0.29288889770810106,15.596397983240891,0.6681487602582323,0.11210159231896727,0.2531112945734767,12.222762507838615,0.7942064310643869,0.16952138188826074,0.03404113417252735,150
/home/iiitn/Datasets/FaceForensics++/original_sequences/youtube/c40/videos/623.mp4,0,0.33324427814825164,17.88236350896549,0.04599626877901456,0.034132310828572064,0.3018564752435422,18.7974750310285,0.38925424198952846,0.24998172224948934,2.371387802061873,150
/home/iiitn/Datasets/FaceForensics++/original_sequences/youtube/c40/videos/625.mp4,0,0.24786290093871197,10.4507343517605,0.43911287410397276,0.10053000221406416,0.30763068730673937,18.07741864690973,0.45165196628652887,0.09973643975392421,5.1191311333119005,150
/home/iiitn/Datasets/FaceForensics++/original_sequences/youtube/c40/videos/621.mp4,0,0.2671702495976672,9.770452607951567,0.22540238439445978,0.1315400480817396,0.25186013629191883,6.341263066703616,0.6943125779828034,0.2897590249253181,1.1757266652044371,150
/home/iiitn/Datasets/FaceForensics++/original_sequences/youtube/c40/videos/622.mp4,0,0.2600738636640623,11.002864670273176,0.5657568399914291,0.186220329320421,0.3041510211131452,17.956397287117273,0.725823080249118,0.11495870994205752,0.023789162658672394,150
/home/iiitn/Datasets/FaceForensics++/original_sequences/youtube/c40/videos/624.mp4,0,0.20107321554974733,8.659774654025773,0.27187453940628686,0.04972384212152787,0.24178269384884954,9.944953226098281,0.26581313683058366,0.11457067582107579,60.98423126695017,150
/home/iiitn/Datasets/FaceForensics++/original_sequences/youtube/c40/videos/627.mp4,0,0.18564167860511746,4.795411303315249,0.3299304659214624,0.16288688446156574,0.3160400020832222,13.78873264906715,0.618030098830311,0.2574746766891657,0.3585889826717362,150
/home/iiitn/Datasets/FaceForensics++/original_sequences/youtube/c40/videos/628.mp4,0,0.29557637929328956,14.129568934219487,0.578264828196312,0.07395111274757475,0.21610554651121905,11.363836999448665,0.6941121069537167,0.43970617310532956,0.23014704998499388,150
/home/iiitn/Datasets/FaceForensics++/original_sequences/youtube/c40/videos/630.mp4,0,0.20618969799259926,7.032145877782715,0.33705382702931397,0.09176491735817356,0.2117064777813997,7.61087810205979,0.6661150340260313,0.29202241380176713,19.625623435451992,150
/home/iiitn/Datasets/FaceForensics++/original_sequences/youtube/c40/videos/626.mp4,0,0.17976561390377266,5.26521532000781,0.5541360406802714,0.30201383815071553,0.24556349607682745,9.523828460748671,0.6302550752182694,0.15378547681846702,0.12408181413781946,150
/home/iiitn/Datasets/FaceForensics++/original_sequences/youtube/c40/videos/631.mp4,0,0.21961127660132287,11.826950244433865,0.48077002465042923,0.10141917005119239,0.2750964474086293,13.455092327805858,0.44789102378297957,0.21124954598890464,0.30297318945935303,150
/home/iiitn/Datasets/FaceForensics++/original_sequences/youtube/c40/videos/620.mp4,0,0.2843065950582277,22.765241231087828,0.5442821829738852,0.1105764472673526,0.2838807781651866,13.187367226652318,0.8352617930076734,0.14542171833586773,0.17011923195178952,150
/home/iiitn/Datasets/FaceForensics++/original_sequences/youtube/c40/videos/629.mp4,0,0.19201339485349464,6.664733654211505,0.46305438058952797,0.2966222453156695,0.17416092752105147,5.757427494829902,0.575110457595608,0.12969791847979092,34.94361057742809,150
/home/iiitn/Datasets/FaceForensics++/original_sequences/youtube/c40/videos/635.mp4,0,0.21263920239199804,9.864880723627218,0.46083780490751947,0.09875222203946554,0.2158995989151288,8.932262841002228,0.8075139237003336,0.19302787753198514,0.05058721454411136,150
/home/iiitn/Datasets/FaceForensics++/original_sequences/youtube/c40/videos/636.mp4,0,0.2055612135591772,5.330464625436002,0.0020270983131186137,0.33757506323577763,0.21937275405384973,9.943343483535429,-0.06021879033930835,0.0740788521020435,0.20406420883994628,150
/home/iiitn/Datasets/FaceForensics++/original_sequences/youtube/c40/videos/634.mp4,0,0.21645282030463,11.177182158421417,0.408346225332207,0.0875129584052905,0.30196772416169293,10.834751269317039,0.6021486315830158,0.0909375198097281,0.3346082273848756,150
/home/iiitn/Datasets/FaceForensics++/original_sequences/youtube/c40/videos/633.mp4,0,0.2593055643331674,8.63975394782324,0.1406221933250816,0.22650255350441362,0.24975894606377266,8.916617419860366,0.3766812592321033,0.22743239867526036,1.2731236907069008,150
/home/iiitn/Datasets/FaceForensics++/original_sequences/youtube/c40/videos/632.mp4,0,0.2120423405762469,7.602465509850134,0.3157896127900865,0.12568551099741468,0.250108038122752,10.426839104733874,0.7068916659970239,0.10406138708042055,0.5745857145716297,150
/home/iiitn/Datasets/FaceForensics++/original_sequences/youtube/c40/videos/637.mp4,0,0.35989249413103647,6.968976176046684,0.30923779059071477,0.128351521222962,0.3291052433257428,4.547286779525911,0.5893454388964469,0.1634246008033907,2.4173740771030743,150
/home/iiitn/Datasets/FaceForensics++/original_sequences/youtube/c40/videos/642.mp4,0,0.18251478916833586,6.9853552223416635,0.6972676784260261,0.3571336682636594,0.18672088246463878,7.299722280116414,0.6763704415877418,0.29466367406881366,126.73537595997173,150
/home/iiitn/Datasets/FaceForensics++/original_sequences/youtube/c40/videos/638.mp4,0,0.2555387945539112,15.043181387197693,0.3341863050261436,0.2474979350828633,0.2392733267523125,8.054652283809686,0.8209274253419981,0.3502757608879241,10.36646867439257,150
/home/iiitn/Datasets/FaceForensics++/original_sequences/youtube/c40/videos/640.mp4,0,0.21957825014041596,7.809837746460189,0.18479052481473987,0.07261446470798424,0.25306572844762604,10.613232660784663,0.2843235534469867,0.1830597442626322,1.0968864120345725,150
/home/iiitn/Datasets/FaceForensics++/original_sequences/youtube/c40/videos/639.mp4,0,0.21682989016182863,6.606328458376559,0.34094534505024154,0.18388777248508328,0.2915310724051517,10.396997712200774,0.6263634762397826,0.24613425317222207,2.5073373036066466,150
/home/iiitn/Datasets/FaceForensics++/original_sequences/youtube/c40/videos/641.mp4,0,0.24565291452285898,7.78550423458275,0.1822903984359948,0.1811039857617253,0.3327720761492994,13.340442239471033,0.37047095186700485,0.07751865602742002,6.300691478149712,150
/home/iiitn/Datasets/FaceForensics++/original_sequences/youtube/c40/videos/646.mp4,0,0.17577399161273735,4.411585125217742,0.2884851265596398,0.30669930191915473,0.1950696201721435,6.589161988078945,0.38449117803137706,0.18746912295106877,5.660105010598603,150
/home/iiitn/Datasets/FaceForensics++/original_sequences/youtube/c40/videos/644.mp4,0,0.27869923932877894,16.39621044816121,0.3655890002584905,0.07725068428989591,0.24234835875460567,18.21644017678584,0.6005704528240218,0.16113499221559366,0.7643485352570171,150
/home/iiitn/Datasets/FaceForensics++/original_sequences/youtube/c40/videos/643.mp4,0,0.188804222376879,4.649200589621702,0.26304156982196986,0.05650831794073544,0.1747534415386448,4.712715721336419,0.36136921323394694,0.11027189068068706,2.8572683479214644,150
/home/iiitn/Datasets/FaceForensics++/original_sequences/youtube/c40/videos/650.mp4,0,0.15311184433641253,5.17779044695251,0.3756305419474895,0.272454025163916,0.19241423014309036,7.798486529151165,0.40921400476424113,0.41790206525641577,0.3809740156063964,150
/home/iiitn/Datasets/FaceForensics++/original_sequences/youtube/c40/videos/654.mp4,0,0.1734687196056609,5.89513947206808,0.04279483521378628,0.27261014353953245,0.18994910396939726,6.893923568157966,0.27622352780818793,0.14860396276728627,0.08049062353026591,150
/home/iiitn/Datasets/FaceForensics++/original_sequences/youtube/c40/videos/648.mp4,0,0.1946964752574113,8.570322512528325,0.6346732644544252,0.19612267920868995,0.2710456226642957,12.680171756134728,0.6126982977749379,0.245843058050103,4.558669309576112,150
/home/iiitn/Datasets/FaceForensics++/original_sequences/youtube/c40/videos/653.mp4,0,0.25316893556957315,7.710606763607841,0.5608459759429083,0.24872577559225983,0.26277650476541553,9.134756718347557,0.7424996653644217,0.3116364351995377,3.313581172610487,150
/home/iiitn/Datasets/FaceForensics++/original_sequences/youtube/c40/videos/651.mp4,0,0.19659967519617175,5.429948139826195,0.12637250389627244,0.1711838207002768,0.2238184883534937,8.770552848588961,0.5852605604406538,0.17156067874569003,0.2260383119934438,150
/home/iiitn/Datasets/FaceForensics++/original_sequences/youtube/c40/videos/652.mp4,0,0.19951211797924376,6.167899714688912,0.4086079579336001,0.08747551469636052,0.19484275899682466,4.973404062858276,0.49423087732621435,0.10929636120048025,7.275562530012505,150
/home/iiitn/Datasets/FaceForensics++/original_sequences/youtube/c40/videos/645.mp4,0,0.17592157673450326,5.9680619217650035,-0.019115724610044033,0.06429917834347902,0.24054213368144498,9.606014825780187,0.020936867970189413,0.16246558987837476,4.705235326018084,150
/home/iiitn/Datasets/FaceForensics++/original_sequences/youtube/c40/videos/655.mp4,0,0.212580883858977,8.18059881735906,0.656245349363806,0.1639538850023549,0.24771576772133042,8.477429902066099,0.39198328404018756,0.4258497298770336,35.54860829578112,150
/home/iiitn/Datasets/FaceForensics++/original_sequences/youtube/c40/videos/657.mp4,0,0.23576713387586326,14.009793615678712,0.4399543868788336,0.2884535014519853,0.2052527068162686,6.69295595701078,0.3192376410889839,0.2890009760357662,116.72721259743167,150
/home/iiitn/Datasets/FaceForensics++/original_sequences/youtube/c40/videos/656.mp4,0,0.15439672011968827,3.892695783814906,0.4050304194844789,0.3504773124889298,0.15864949535046916,5.488106012347269,0.3482498525285637,0.299383283068455,0.28446157926095805,150
/home/iiitn/Datasets/FaceForensics++/original_sequences/youtube/c40/videos/649.mp4,0,0.2904130772649867,8.777240135208773,0.2849715306132447,0.2800480110860812,0.27216970299906124,8.218919174562588,0.5849294857421955,0.33295092713708024,0.06040758934285783,150
/home/iiitn/Datasets/FaceForensics++/original_sequences/youtube/c40/videos/658.mp4,0,0.1855773379693948,9.984600955516209,0.603148284846042,0.061478830351597576,0.23214648977820507,17.098005353579037,0.4127759728356996,0.06077512550245784,12.277935408584927,150
/home/iiitn/Datasets/FaceForensics++/original_sequences/youtube/c40/videos/659.mp4,0,0.21832736198622618,7.036932195692504,0.4697028779477765,0.04993457532430798,0.24568514818719736,14.045709960010123,0.2973516427206326,0.09329237717466615,2.0136195456187536,150
/home/iiitn/Datasets/FaceForensics++/original_sequences/youtube/c40/videos/663.mp4,0,0.24042796416046489,8.821138710054688,0.4282106768893626,0.16135035704546571,0.30223929709529446,12.271152248646297,0.234230414501595,0.09493766344601873,2.62559437629317,150
/home/iiitn/Datasets/FaceForensics++/original_sequences/youtube/c40/videos/666.mp4,0,0.21253157275112888,7.717906571594825,0.20436048481076816,0.11144374607373998,0.2537836967807179,14.604918896997129,0.3065038581897204,0.028597557102094936,0.2950090469537843,150
/home/iiitn/Datasets/FaceForensics++/original_sequences/youtube/c40/videos/665.mp4,0,0.22504034036435372,9.168448896662392,0.3216854745229165,0.10353324275431079,0.2710713167138169,10.840206047607218,0.21818676898137043,0.1402646781771585,0.057612720013899284,150
/home/iiitn/Datasets/FaceForensics++/original_sequences/youtube/c40/videos/660.mp4,0,0.20380311170083942,9.957554145860962,0.0030657268441780447,0.27324507635726186,0.25029617353790556,11.028441439925196,0.10622609430108114,0.12297003519867916,12.19953963232219,150
/home/iiitn/Datasets/FaceForensics++/original_sequences/youtube/c40/videos/668.mp4,0,0.2505308002900794,7.836537519424738,0.6251912041689714,0.032251812314230334,0.302304739867091,21.439658233208494,0.804668932001719,0.04449760288445476,0.6439320060528982,150
/home/iiitn/Datasets/FaceForensics++/original_sequences/youtube/c40/videos/664.mp4,0,0.2868430859138595,12.788443599237857,0.12247749508055467,0.0767360450594551,0.33925721505745804,19.254729036259572,0.02324700970614922,0.04036411350933711,1.7938512229978596,150
/home/iiitn/Datasets/FaceForensics++/original_sequences/youtube/c40/videos/669.mp4,0,0.1748847445919616,7.959529352950174,0.445707704688,0.17718256820976638,0.21849768994158825,12.41669014789452,0.46336912166397703,0.15908753905456463,0.0017078726277763583,150
/home/iiitn/Datasets/FaceForensics++/original_sequences/youtube/c40/videos/670.mp4,0,0.21619201384474904,8.557670297089816,0.652451258469796,0.19118687637333864,0.22624252847283163,12.356295891203464,0.702260901297436,0.17295972527811773,4.525306879766819,150
/home/iiitn/Datasets/FaceForensics++/original_sequences/youtube/c40/videos/661.mp4,0,0.24883397258263393,10.538639983009611,0.33475785172947764,0.08386248038570644,0.24178305455660776,16.668357055167466,0.2865328096736004,0.11830493018316945,34.77471204572941,150
/home/iiitn/Datasets/FaceForensics++/original_sequences/youtube/c40/videos/662.mp4,0,0.21692551396737017,6.7741912465457,0.2223081490985516,0.15353335803100146,0.17553622733326477,4.282476927294327,0.5654538504117043,0.4107193999912617,1.9001841399213213,150
/home/iiitn/Datasets/FaceForensics++/original_sequences/youtube/c40/videos/674.mp4,0,0.28367614632997934,22.11017945588088,0.1905750499851309,0.20867164422468262,0.27785234211376286,9.147049406231096,0.20877484223236598,0.1925243046930467,2.388596835209751,150
/home/iiitn/Datasets/FaceForensics++/original_sequences/youtube/c40/videos/673.mp4,0,0.2277739691188774,9.48839352960841,0.6554366945049388,0.10149602437934487,0.19309931769341296,5.467049205373903,0.6578947807280824,0.1651259703765746,1.512995893812674,150
/home/iiitn/Datasets/FaceForensics++/original_sequences/youtube/c40/videos/675.mp4,0,0.2619926998861837,11.082734452097164,0.051459227806448925,0.04947709307163997,0.2883049612972444,13.267381776193483,0.2127298109406485,0.04516076408870736,0.31324292718311086,150
/home/iiitn/Datasets/FaceForensics++/original_sequences/youtube/c40/videos/671.mp4,0,0.2671244639309885,12.8934445568174,0.05385557072154153,0.17875758323373495,0.22923625097139574,5.962319768013408,0.20258174581339164,0.30681480461762306,1.0938740382193226,150
/home/iiitn/Datasets/FaceForensics++/original_sequences/youtube/c40/videos/679.mp4,0,0.2877096183537622,18.934261438172584,0.5815703504946064,0.08150844591481472,0.28287616322328096,20.979807223302142,0.6887279059008778,0.10329620262604054,18.717776200045705,150
/home/iiitn/Datasets/FaceForensics++/original_sequences/youtube/c40/videos/667.mp4,0,0.27276693261956625,16.992930176303727,0.6791771010132851,0.31922788930200546,0.2579620282382355,13.020380947777175,0.4916890800688883,0.3445265737706911,8.485504974343515,150
/home/iiitn/Datasets/FaceForensics++/original_sequences/youtube/c40/videos/680.mp4,0,0.20678263823432066,12.303802160273998,0.36399071550808754,0.11681251210967537,0.21478322064591848,8.2266689531085,0.42678122207827546,0.2877826319204346,7.516933112980974,150
/home/iiitn/Datasets/FaceForensics++/original_sequences/youtube/c40/videos/672.mp4,0,0.20499998340923867,6.239338919934329,0.5442676287292839,0.20420160478291635,0.21532002661928903,8.986953958421696,0.7246620682003936,0.12277119374398758,0.04702816966247677,150
/home/iiitn/Datasets/FaceForensics++/original_sequences/youtube/c40/videos/677.mp4,0,0.2902102601320054,10.9473979011371,0.3743030218902692,0.25697127913766815,0.2845414894735364,16.373646025063813,0.4610513383057648,0.2541659124291896,0.6030946418138584,150
/home/iiitn/Datasets/FaceForensics++/original_sequences/youtube/c40/videos/676.mp4,0,0.22628242482607366,8.634522149931078,0.41674474727006755,0.1722844490786376,0.21246515401165267,7.916838477678252,0.5172885682874132,0.2582147806636381,68.7214111555029,150
/home/iiitn/Datasets/FaceForensics++/original_sequences/youtube/c40/videos/681.mp4,0,0.20839615983483742,6.710223432791594,0.704444579640775,0.09308979886216084,0.2024013329538219,8.026596923958687,0.81091878614818,0.41474532514372225,0.40565047286858674,150
/home/iiitn/Datasets/FaceForensics++/original_sequences/youtube/c40/videos/682.mp4,0,0.19201057685749093,5.23534278374177,0.608425213631591,0.2863649223300386,0.22981832489926735,7.516581149071424,0.5956828764428065,0.1666993011484124,45.93153307048985,150
/home/iiitn/Datasets/FaceForensics++/original_sequences/youtube/c40/videos/678.mp4,0,0.23678218887220356,11.91050302707623,0.36895904428078957,0.16985946428380339,0.25862873348986976,10.403904015024487,0.4022961036858106,0.08393479602439881,20.123160483036948,150
/home/iiitn/Datasets/FaceForensics++/original_sequences/youtube/c40/videos/690.mp4,0,0.22793606955082316,6.801485931920176,0.3201868272625605,0.4688112910027626,0.24129673395043327,6.059389867877869,0.8886413991548859,0.08261228135043708,4.254086620809818,150
/home/iiitn/Datasets/FaceForensics++/original_sequences/youtube/c40/videos/689.mp4,0,0.18615307892127964,5.2515533749502215,0.49924176613238574,0.2835791336604869,0.1971388924396308,4.559777588716156,0.6743059954049407,0.053920857770410065,1.8002008850971893,150
/home/iiitn/Datasets/FaceForensics++/original_sequences/youtube/c40/videos/686.mp4,0,0.2637488568013841,12.784589101177188,0.48005628708068987,0.12915495248465983,0.23475964619665543,10.927215371863179,0.7272742747607274,0.1644870436836775,0.9542901622244796,150
/home/iiitn/Datasets/FaceForensics++/original_sequences/youtube/c40/videos/685.mp4,0,0.2019552386834005,5.522310466655533,0.12516023119709294,0.25359813437744116,0.21885259702911722,10.650611955515496,0.11356050797005594,0.30316896538779897,0.9407913993543499,150
/home/iiitn/Datasets/FaceForensics++/original_sequences/youtube/c40/videos/687.mp4,0,0.20834130498730982,6.741458722732067,0.21342202631441273,0.07536371285294298,0.18923950220055216,6.904663209922926,0.6059402037679127,0.3521762531419068,1.4878450457993133,150
/home/iiitn/Datasets/FaceForensics++/original_sequences/youtube/c40/videos/688.mp4,0,0.21933141293787847,10.12393092823555,0.2882760502452247,0.09403588953338282,0.243515951337843,9.690569289550064,0.263595149523518,0.06197791639273594,2.907948784608676,150
/home/iiitn/Datasets/FaceForensics++/original_sequences/youtube/c40/videos/691.mp4,0,0.24059154329522356,15.8889428314649,0.23979166769094298,0.16020395036287607,0.2314570925300665,9.682552927607087,0.3972096141729253,0.1945953805216117,0.0626400736615781,150
/home/iiitn/Datasets/FaceForensics++/original_sequences/youtube/c40/videos/683.mp4,0,0.20363820136563646,5.497317293915625,0.49921746207338197,0.055409302490777995,0.186353097586767,4.991614154870034,0.6344110893843637,0.1773249687787176,3.232373860354232,150
/home/iiitn/Datasets/FaceForensics++/original_sequences/youtube/c40/videos/684.mp4,0,0.28057915254837756,11.817745649718725,0.6198627158696176,0.17945458595851757,0.28607914976353616,21.06550635804494,0.4607696915265939,0.18028605528658173,0.17281526470041722,150
/home/iiitn/Datasets/FaceForensics++/original_sequences/youtube/c40/videos/693.mp4,0,0.2745541772743681,16.814531526194575,0.3445258917880632,0.2105167430797006,0.1855095447840792,6.989879179100505,0.37174027124604175,0.5694093735894569,86.71380973531454,150
/home/iiitn/Datasets/FaceForensics++/original_sequences/youtube/c40/videos/694.mp4,0,0.23565640830485637,10.531212104192175,0.08012056914879091,0.12711586244680442,0.18589041396121664,6.423321893114573,0.4344173974349561,0.3647937008906513,31.897430885210134,150
/home/iiitn/Datasets/FaceForensics++/original_sequences/youtube/c40/videos/698.mp4,0,0.19647823199348427,6.033429326372843,0.4839487310872097,0.14239593530002478,0.22193711103248717,9.027000135519518,0.7665260579167091,0.20696040474636823,0.6612527892250594,150
/home/iiitn/Datasets/FaceForensics++/original_sequences/youtube/c40/videos/692.mp4,0,0.3053862255643758,15.496508990586108,0.6162809707238447,0.15880140540044047,0.275538319773492,21.929845377607503,0.5099386242035018,0.13013215469807857,53.87497859026424,150
/home/iiitn/Datasets/FaceForensics++/original_sequences/youtube/c40/videos/696.mp4,0,0.24143992350638332,12.144592470770384,0.38468413522378014,0.10613085664427013,0.2043826737339036,9.417415046295217,0.5341597808339192,0.12561117690636914,0.391536177148345,150
/home/iiitn/Datasets/FaceForensics++/original_sequences/youtube/c40/videos/699.mp4,0,0.2361758884449455,12.57024412375435,0.5166732295477211,0.2547786487663744,0.2314845996061734,10.816266531599354,0.23042966899922393,0.2875155075188671,0.1773165808977135,150
/home/iiitn/Datasets/FaceForensics++/original_sequences/youtube/c40/videos/697.mp4,0,0.2655507273972211,18.276213493757076,-0.07770593004356353,0.12337143002776113,0.2420351064015234,10.380671014900011,0.44360893076774466,0.3400360472557622,0.37448169840645124,150
/home/iiitn/Datasets/FaceForensics++/original_sequences/youtube/c40/videos/700.mp4,0,0.2371299877442193,9.177431211123862,0.7234024459620113,0.09239238234584957,0.3108605674931867,14.090821540326436,0.847048273533296,0.17830090042483104,0.07121375404165325,150
/home/iiitn/Datasets/FaceForensics++/original_sequences/youtube/c40/videos/704.mp4,0,0.33239424481516044,35.16466756063384,0.2903548167467625,0.04037952405797635,0.30052330449161446,15.569853076599367,0.4289770026812579,0.11382838229979027,1.2750350604398455,150
/home/iiitn/Datasets/FaceForensics++/original_sequences/youtube/c40/videos/695.mp4,0,0.24879662753800458,14.805454086804772,0.48604041250360175,0.23407502463657318,0.26311843985580086,16.23717193980558,0.7540496394382034,0.39961661658659153,1.3884642669768974,150
/home/iiitn/Datasets/FaceForensics++/original_sequences/youtube/c40/videos/705.mp4,0,0.19358197856705858,4.403379985495516,0.6078372382871721,0.20180312274524626,0.17533203385369914,4.124634127012786,0.7034764484336767,0.25396208360427286,1.5885426138952732,150
/home/iiitn/Datasets/FaceForensics++/original_sequences/youtube/c40/videos/703.mp4,0,0.22439071547508535,7.618894197353445,0.2760722154089754,0.10068157994816494,0.28946563239293116,14.093859030246563,0.3961638894095767,0.3628762125478691,1.5143298982610744,150
/home/iiitn/Datasets/FaceForensics++/original_sequences/youtube/c40/videos/702.mp4,0,0.1920967394891454,3.915259883696707,0.46496371540121917,0.2574264168000913,0.2470861690526797,5.227902096655329,0.37775322928602373,0.21363509545462048,159.3117484232879,150
/home/iiitn/Datasets/FaceForensics++/original_sequences/youtube/c40/videos/701.mp4,0,0.19741160528060972,6.2207688883978305,-0.028539688332976293,0.32566186178500256,0.23683090073514093,6.3842357088137645,0.6580326620577429,0.2949689097893135,0.07518104614014552,150
/home/iiitn/Datasets/FaceForensics++/original_sequences/youtube/c40/videos/707.mp4,0,0.2698259525297819,8.143422959775897,0.16243342007286285,0.1797880399899545,0.3133843029353651,10.444715495437801,0.4068510857326835,0.1870776915346678,7.266112978102799,150
/home/iiitn/Datasets/FaceForensics++/original_sequences/youtube/c40/videos/710.mp4,0,0.2576856519691073,16.517905324378514,0.6642391049506987,0.22157352010713738,0.21765188327255658,8.773593175473442,0.9193262502360233,0.17273623590426632,0.13688633005501352,150
/home/iiitn/Datasets/FaceForensics++/original_sequences/youtube/c40/videos/706.mp4,0,0.18590206343068602,4.315354163396292,0.31958215819697844,0.17752184734832732,0.22249290740658245,7.33892897122847,0.46028861920652603,0.2064689833224067,1.3179426330387969,150
/home/iiitn/Datasets/FaceForensics++/original_sequences/youtube/c40/videos/709.mp4,0,0.2453965846622654,10.992784018423501,0.364367982750537,0.08867167454223875,0.2628884550265784,24.135551123100623,0.3144104640499485,0.07077258626419335,1.4164541558293273,150
/home/iiitn/Datasets/FaceForensics++/original_sequences/youtube/c40/videos/715.mp4,0,0.20904958882458222,7.371774647423823,0.6230790236599181,0.1828529632657779,0.2581354317351037,11.05274849687258,0.4371822248911932,0.16948554885701728,0.7360870552045892,150
/home/iiitn/Datasets/FaceForensics++/original_sequences/youtube/c40/videos/712.mp4,0,0.22751791390599319,9.90871406231279,0.08094560872596397,0.1266990151139694,0.20835167634563193,8.193057915291218,0.13539069410842192,0.17294573588776327,3.0433542941343767,150
/home/iiitn/Datasets/FaceForensics++/original_sequences/youtube/c40/videos/708.mp4,0,0.20552232083489655,10.414271893727145,0.5356435141673915,0.06350908505166718,0.17537446820717126,5.526176351787338,0.716424794588168,0.1167470939852732,1.3333081747915208,150
/home/iiitn/Datasets/FaceForensics++/original_sequences/youtube/c40/videos/716.mp4,0,0.21927352639364675,9.483808008704052,0.33814688590490194,0.12160221797618276,0.27397825895230243,11.738799024552689,0.42665432573473067,0.01599504592628963,0.11328837286426184,150
/home/iiitn/Datasets/FaceForensics++/original_sequences/youtube/c40/videos/711.mp4,0,0.28674302610070845,12.924184781041747,0.15950248015425694,0.3809381132423342,0.20230777260544489,6.31747792760389,0.18207849982188495,0.07809177740221622,0.09566021154303526,150
/home/iiitn/Datasets/FaceForensics++/original_sequences/youtube/c40/videos/714.mp4,0,0.1929342854359863,5.481013796198223,0.22372749347696175,0.07465206908996024,0.18612853940778804,8.259101629335028,0.7291216280472715,0.28085846917581675,0.3816974181938501,150
/home/iiitn/Datasets/FaceForensics++/original_sequences/youtube/c40/videos/719.mp4,0,0.18795858781935956,6.553425749838433,0.15007733758910435,0.2503231231755781,0.19075095283369167,7.292473573547949,0.27390999308094427,0.028479350501095377,18.171017286801842,150
/home/iiitn/Datasets/FaceForensics++/original_sequences/youtube/c40/videos/717.mp4,0,0.25939191802985356,11.111605630973571,0.1723825393541835,0.14534772234153204,0.3711029389621135,16.845289718573074,0.6338670938070486,0.04500357320809011,0.611326163486864,150
/home/iiitn/Datasets/FaceForensics++/original_sequences/youtube/c40/videos/720.mp4,0,0.17640333503538908,5.124322606679166,0.11905513057909319,0.3052868935431235,0.1837227099658505,6.005161419221515,0.15398155461418692,0.2186704393511023,1.5021876042134834,150
/home/iiitn/Datasets/FaceForensics++/original_sequences/youtube/c40/videos/713.mp4,0,0.18160928224681747,4.3607980024858355,0.4990293399591577,0.3833771100866478,0.22209113606062122,5.320951869603779,0.464972399661211,0.3923756222423,5.859570456722764,150
/home/iiitn/Datasets/FaceForensics++/original_sequences/youtube/c40/videos/721.mp4,0,0.23073319050333074,9.122831158571167,0.7120932275479473,0.4165719699127319,0.17649128877681108,8.459672968161431,0.7946979191947032,0.30693029797043303,5.436489233671448,150
/home/iiitn/Datasets/FaceForensics++/original_sequences/youtube/c40/videos/727.mp4,0,0.2234963298640329,8.017460536506908,0.28551705513176046,0.12307279739262626,0.23512832679421838,13.0598588843702,0.563735724619021,0.2873821955906808,6.135759922559298,150
/home/iiitn/Datasets/FaceForensics++/original_sequences/youtube/c40/videos/723.mp4,0,0.20977673240383357,7.91060138099332,0.3188555652552952,0.2859035159570507,0.20182941594000112,6.61299227272779,0.4674399117797064,0.255449423231283,0.2527595998255765,150
/home/iiitn/Datasets/FaceForensics++/original_sequences/youtube/c40/videos/728.mp4,0,0.20646009186057765,5.618181634589258,0.6173136596587123,0.12785977262438608,0.19348710920693593,4.750082499689479,0.6718199628157852,0.391873276113135,2.9317737941372712,150
/home/iiitn/Datasets/FaceForensics++/original_sequences/youtube/c40/videos/729.mp4,0,0.2049467986141705,7.457064642922411,0.2930431778618233,0.08763728958676409,0.2879878368501549,14.349345575930178,0.479972451651921,0.058924939814224274,3.123424219313043,150
/home/iiitn/Datasets/FaceForensics++/original_sequences/youtube/c40/videos/718.mp4,0,0.2533057372485656,11.896005667377915,0.6140906913991869,0.11062478713507212,0.2208274641119289,7.319027580944895,0.5793916623518157,0.12356754599721735,5.9158430117308605,150
/home/iiitn/Datasets/FaceForensics++/original_sequences/youtube/c40/videos/731.mp4,0,0.2566358031452985,13.926748062382101,0.295150795571495,0.11161659388741,0.22529023056494593,12.826649308547493,0.27848552624825174,0.03892837319645286,0.5247973822406232,150
/home/iiitn/Datasets/FaceForensics++/original_sequences/youtube/c40/videos/725.mp4,0,0.2982614467944585,16.261925721367945,0.6129380527422161,0.126917267676047,0.2667635977217118,9.553558424231571,0.6235122653407322,0.06912611250984486,7.019102665169447,150
/home/iiitn/Datasets/FaceForensics++/original_sequences/youtube/c40/videos/732.mp4,0,0.22978931900162547,9.798848845494549,0.5238238784348406,0.2307453662672865,0.20365474387235735,6.295492148644301,0.67394284172169,0.20768322997561914,10.248990561260376,150
/home/iiitn/Datasets/FaceForensics++/original_sequences/youtube/c40/videos/726.mp4,0,0.20078651968224873,6.738198895055618,0.5746980395642887,0.21119485615353828,0.3425276408973655,12.6104946297693,0.8497136828302377,0.22930931521385645,0.24736037427639848,150
/home/iiitn/Datasets/FaceForensics++/original_sequences/youtube/c40/videos/734.mp4,0,0.22563145847857602,9.012351895768527,0.5671071707553642,0.2471070783691077,0.30868594517568726,19.963977401574173,0.5778799731971184,0.09440542894001801,1.343992433341491,150
/home/iiitn/Datasets/FaceForensics++/original_sequences/youtube/c40/videos/737.mp4,0,0.24543222534812914,11.996046060530317,0.200926030812799,0.045843973025848944,0.21818280709174953,6.687596476794792,0.2638157595897324,0.3273697131024111,5.41986788464784,150
/home/iiitn/Datasets/FaceForensics++/original_sequences/youtube/c40/videos/730.mp4,0,0.26464894915121356,10.54357745942966,0.6448148270659296,0.01795478087671165,0.3425958585497206,14.988683230905645,0.5882645600486115,0.2377994048682817,32.501926544157854,150
/home/iiitn/Datasets/FaceForensics++/original_sequences/youtube/c40/videos/735.mp4,0,0.2710761671463093,9.015287564946632,0.7620749421613885,0.37857391764589177,0.2840565546824086,12.187247867477089,0.7860901290899042,0.3674399319173545,8.952631193114405,150
/home/iiitn/Datasets/FaceForensics++/original_sequences/youtube/c40/videos/736.mp4,0,0.37282294592983406,31.23584653068562,0.0024121872752269256,0.07047358019483459,0.23458356232005673,8.441429161193343,0.4209567437566842,0.13498019658162605,0.9257157000939452,150
/home/iiitn/Datasets/FaceForensics++/original_sequences/youtube/c40/videos/724.mp4,0,0.21354135128668605,6.791931946863332,0.5220255819298975,0.2997357073153783,0.17959472730340895,4.9225403667476195,0.5779377699144118,0.09723342426610808,0.20883332866083884,150
/home/iiitn/Datasets/FaceForensics++/original_sequences/youtube/c40/videos/733.mp4,0,0.17667090387165732,9.271491567532864,0.6733767062473145,0.36049142448433785,0.211229910982762,10.408524824493584,0.5976606705801715,0.12748776696851521,6.012323553417848,150
/home/iiitn/Datasets/FaceForensics++/original_sequences/youtube/c40/videos/741.mp4,0,0.2860447881150903,12.808571844331071,0.39146256486165315,0.19129595570832317,0.2121130920303073,7.992922271188346,0.6334104407214586,0.2137079505415229,12.43009024830375,150
/home/iiitn/Datasets/FaceForensics++/original_sequences/youtube/c40/videos/738.mp4,0,0.2396243648738948,11.2730730146046,0.32477328738538846,0.20307155969998045,0.29746895712200816,9.607810381203128,0.5507630997455985,0.3276472816238151,0.8051901740017879,150
/home/iiitn/Datasets/FaceForensics++/original_sequences/youtube/c40/videos/742.mp4,0,0.21225215845224257,11.955052185128244,0.19134714993102608,0.26050458166162943,0.22300162967377749,6.198338265591253,0.5270270569657941,0.23603280030788673,0.30945388187817957,150
/home/iiitn/Datasets/FaceForensics++/original_sequences/youtube/c40/videos/739.mp4,0,0.3643599260632017,11.654089976065736,0.32715329256667075,0.10184687204478217,0.3725691315770175,14.547423329659658,0.6788516852388051,0.06658233444778937,7.041364023821678,150
/home/iiitn/Datasets/FaceForensics++/original_sequences/youtube/c40/videos/744.mp4,0,0.29582375148397194,28.95248249416069,-0.0015230032394103292,0.08359594300622648,0.2670866007164869,11.123923251310067,0.2606781141081736,0.14659720495444478,7.600309464499071,150
/home/iiitn/Datasets/FaceForensics++/original_sequences/youtube/c40/videos/745.mp4,0,0.19794487081451284,5.208670144053353,0.2494897886056582,0.2876324371552667,0.23011619483831902,8.60624388905859,0.3112140232044,0.3217950762444322,0.251174458894842,150
/home/iiitn/Datasets/FaceForensics++/original_sequences/youtube/c40/videos/743.mp4,0,0.2535148577880963,9.51609153235046,0.16517667630247754,0.15665497588957122,0.2565810673677506,11.631827360371014,0.45643627493837996,0.2295837619278219,1.8068990723945755,150
/home/iiitn/Datasets/FaceForensics++/original_sequences/youtube/c40/videos/749.mp4,0,0.28192629741680325,16.473855085572414,0.34102108475023546,0.13072293175185637,0.23844241788304918,8.945402428441664,0.573420746841052,0.20612537401032902,0.7307966119213857,150
/home/iiitn/Datasets/FaceForensics++/original_sequences/youtube/c40/videos/746.mp4,0,0.29119929990398297,14.699923738485339,0.5046519446255718,0.2646466084182429,0.28574673586860194,13.211235062642876,0.7329837446755533,0.11068932178930091,0.12408759272314539,150
/home/iiitn/Datasets/FaceForensics++/original_sequences/youtube/c40/videos/748.mp4,0,0.20451275562574997,7.5504717879895695,0.35857583306123875,0.22847179537224918,0.22794108381578113,7.415335752687824,0.3611926399967212,0.3427522973870109,3.438474548195492,150
/home/iiitn/Datasets/FaceForensics++/original_sequences/youtube/c40/videos/747.mp4,0,0.2243225064457258,8.149894060689471,0.3474860408252889,0.16413217562430693,0.19867382134211284,6.569461735435941,0.7172666658443824,0.24358965560230614,4.491994649365485,150
/home/iiitn/Datasets/FaceForensics++/original_sequences/youtube/c40/videos/740.mp4,0,0.17418910948968946,5.7344346043876655,0.3162594760232944,0.2591915215696329,0.22138316650863935,6.75979280940798,0.34313066431506756,0.07804708958632832,0.8703049355914965,150
/home/iiitn/Datasets/FaceForensics++/original_sequences/youtube/c40/videos/751.mp4,0,0.3021998940596253,13.160090670316057,0.4732914408428397,0.3139834997378083,0.3720461692689719,19.04024109604739,0.5326876885519944,0.1715171256234456,3.2593584273650062,150
/home/iiitn/Datasets/FaceForensics++/original_sequences/youtube/c40/videos/754.mp4,0,0.23112839555713582,7.048669074133241,0.08364300474800046,0.46182982648901083,0.24198081591403722,9.088308510447382,0.6776795007637868,0.12258676667446307,0.2993150396075456,150
/home/iiitn/Datasets/FaceForensics++/original_sequences/youtube/c40/videos/755.mp4,0,0.2697720282482214,11.550912061008992,0.40427607078140654,0.033665534295090005,0.2637348293624487,13.381671585013573,0.7371829088617456,0.11653958183480051,1.35355989979685,150
/home/iiitn/Datasets/FaceForensics++/original_sequences/youtube/c40/videos/758.mp4,0,0.25860522611588016,10.392601843645114,0.3551972852757886,0.07988314190902064,0.25168307975530607,9.455835962768807,0.7529653322901773,0.11047420608763427,1.2373639130529228,150
/home/iiitn/Datasets/FaceForensics++/original_sequences/youtube/c40/videos/761.mp4,0,0.16728714344830875,6.197321447011629,0.377194341673391,0.13564525826343687,0.2212864865270873,8.75594252810403,0.6226437354622937,0.06840146158063339,7.407583349186248,150
/home/iiitn/Datasets/FaceForensics++/original_sequences/youtube/c40/videos/756.mp4,0,0.23322608648490314,11.687544538860635,0.6605144785061928,0.34266569027851895,0.20231035162829147,9.330540576399843,0.7417857086391818,0.1880549853830312,12.777196637309777,150
/home/iiitn/Datasets/FaceForensics++/original_sequences/youtube/c40/videos/760.mp4,0,0.23386634372534446,14.472307682712348,0.1711167191119328,0.045033813864616384,0.21535581244404325,7.160967580428244,0.44082819497153203,0.17494560844239496,3.873123702914963,150
/home/iiitn/Datasets/FaceForensics++/original_sequences/youtube/c40/videos/752.mp4,0,0.2295459574190414,11.864170921182415,0.3450332914589976,0.4622828216780701,0.387189818287952,20.473991929764406,0.7763743718091862,0.20478517686013434,0.6699964966623339,150
/home/iiitn/Datasets/FaceForensics++/original_sequences/youtube/c40/videos/750.mp4,0,0.24735300550770786,16.460979990358876,0.48598434724467876,0.33897175502643084,0.3151056353053403,26.745931962687987,0.6165350846832639,0.09163668168558531,3.6429279604929663,150
/home/iiitn/Datasets/FaceForensics++/original_sequences/youtube/c40/videos/757.mp4,0,0.23180791005457327,9.799046265210452,0.21317367245970495,0.21433267468494374,0.254483110680275,9.73723880190572,0.4991937505160717,0.18776450670884795,1.5084351347157272,150
/home/iiitn/Datasets/FaceForensics++/original_sequences/youtube/c40/videos/762.mp4,0,0.18533455178435002,7.406538569515856,0.0041612668618540806,0.12914723103944056,0.23196860447755321,9.322135546683713,0.5663055028847177,0.1049084980744337,0.2577891729590712,150
/home/iiitn/Datasets/FaceForensics++/original_sequences/youtube/c40/videos/753.mp4,0,0.25918961394902673,10.99955341139578,0.5363860825605696,0.08895985524388934,0.23442002560656308,7.296056086525898,0.704990329176978,0.38131992972115936,4.384356188810627,150
/home/iiitn/Datasets/FaceForensics++/original_sequences/youtube/c40/videos/765.mp4,0,0.24167293054487662,7.8271249606824425,0.21012419827407358,0.07470650097620371,0.2524164007829239,9.400018161715344,0.8751565410022407,0.31153378878705756,8.83470181228732,150
/home/iiitn/Datasets/FaceForensics++/original_sequences/youtube/c40/videos/767.mp4,0,0.29284734510857885,13.133588957058393,0.6923818765374277,0.04733933470553866,0.2744745968390234,17.665024185092545,0.8858666343469329,0.10741250744447246,10.810930979414124,150
/home/iiitn/Datasets/FaceForensics++/original_sequences/youtube/c40/videos/766.mp4,0,0.19100009596059697,8.467538478904931,0.5337177703031571,0.3114953516532389,0.2820733433601614,11.943989040543975,0.7595339642560258,0.28165943002213795,0.9615322716005092,150
/home/iiitn/Datasets/FaceForensics++/original_sequences/youtube/c40/videos/763.mp4,0,0.2861678768809602,9.366271489910288,0.6816024922318809,0.23596397822322038,0.21674538221451858,6.107079583631619,0.6058186134829957,0.25790072201854425,2.107312787449869,150
/home/iiitn/Datasets/FaceForensics++/original_sequences/youtube/c40/videos/771.mp4,0,0.22065020128533278,9.715055352408866,0.7055224138667504,0.15984321029269424,0.24330312578919466,8.607988970802483,0.8818615783195524,0.3466465330439366,18.492743509628273,150
/home/iiitn/Datasets/FaceForensics++/original_sequences/youtube/c40/videos/768.mp4,0,0.24066654042014657,10.90274177888174,0.4948265745195222,0.1613067935726448,0.2034187086558179,7.122845488050442,0.5778111757719531,0.18372633429578109,0.032905919495636565,150
/home/iiitn/Datasets/FaceForensics++/original_sequences/youtube/c40/videos/769.mp4,0,0.27346067527663576,17.538952996396947,0.13270292331835198,0.035087541238916164,0.2449632806120876,10.052284740635898,0.585055320050699,0.15182364352678768,0.6884339547078845,150
/home/iiitn/Datasets/FaceForensics++/original_sequences/youtube/c40/videos/764.mp4,0,0.3425045313327866,31.588268944192503,0.1415370097712516,0.21361086729893555,0.3039095583388829,12.178146576495585,0.10296927758772456,0.04699840068665346,2.788707468102886,150
/home/iiitn/Datasets/FaceForensics++/original_sequences/youtube/c40/videos/770.mp4,0,0.26419763067765184,11.235976781334235,-0.0687553927978828,0.10907392511620835,0.24968355541489665,8.449664177953645,0.5686594617173854,0.16569875055516045,0.6613328221833744,150
/home/iiitn/Datasets/FaceForensics++/original_sequences/youtube/c40/videos/772.mp4,0,0.22459192338021347,8.676017110441604,0.29826078932279754,0.20293166510510616,0.20040440783964186,6.008423370453509,0.7237433001398029,0.07222713893914906,0.0648593772843532,150
/home/iiitn/Datasets/FaceForensics++/original_sequences/youtube/c40/videos/774.mp4,0,0.31133335479724383,16.167374011913903,-0.02037123687104095,0.12667860389542335,0.24594990868670882,11.550535549715454,0.605797046954831,0.16982017950392414,0.9041505470321574,150
/home/iiitn/Datasets/FaceForensics++/original_sequences/youtube/c40/videos/773.mp4,0,0.19016068529736743,5.734264240352967,0.35322582069873426,0.18439753979337528,0.2958451772246628,16.967904496164035,0.4584783461876742,0.142551842713522,0.503667091209097,150
/home/iiitn/Datasets/FaceForensics++/original_sequences/youtube/c40/videos/775.mp4,0,0.18003581756703468,5.48195032624232,0.32946772784318346,0.32677320168006985,0.19172422678739406,8.457756952419958,0.873687512374144,0.1876887712878872,0.04606335418455173,150
/home/iiitn/Datasets/FaceForensics++/original_sequences/youtube/c40/videos/777.mp4,0,0.2589528257152403,9.023015651234358,0.11447033066525086,0.16184337321716344,0.32370196690119807,9.82816700091896,0.1836152470949882,0.19561027616278484,1.1247360056969569,150
/home/iiitn/Datasets/FaceForensics++/original_sequences/youtube/c40/videos/778.mp4,0,0.3212173917401398,23.796663781058808,0.2556361687471545,0.09741408893561981,0.20018411944586081,5.811896278222449,0.10265694907830104,0.13790215987224652,0.5027888577380065,150
/home/iiitn/Datasets/FaceForensics++/original_sequences/youtube/c40/videos/781.mp4,0,0.16837746909122533,5.045736358335165,0.15462412324331584,0.36005667779923023,0.14427003239313316,4.022287861953033,0.7992057465809301,0.45633251080511483,0.44347993931966995,150
/home/iiitn/Datasets/FaceForensics++/original_sequences/youtube/c40/videos/779.mp4,0,0.20851319672507374,9.65374520566314,0.1251073680335467,0.03778047519988198,0.17777071468773697,5.756996900749853,0.553264413479324,0.15172677767574752,0.6695600217824373,150
/home/iiitn/Datasets/FaceForensics++/original_sequences/youtube/c40/videos/784.mp4,0,0.155251073245479,3.248732257992772,0.44842704050953125,0.38378576557328764,0.15756208682013292,4.275870046769858,0.8625373484562963,0.41211137870168124,0.2956947584278457,150
/home/iiitn/Datasets/FaceForensics++/original_sequences/youtube/c40/videos/782.mp4,0,0.17040184938970523,5.152107531897678,0.6885068937955561,0.28194715933640363,0.18126883065603952,6.676914080208872,0.7206423605039314,0.19565095180109904,0.141461693161688,150
/home/iiitn/Datasets/FaceForensics++/original_sequences/youtube/c40/videos/785.mp4,0,0.24475273790327312,12.12228865173165,0.8729229045598759,0.2694627118242935,0.21875585836970632,9.22085684024191,0.9171462245738807,0.08197663011641215,55.21425271735166,150
/home/iiitn/Datasets/FaceForensics++/original_sequences/youtube/c40/videos/780.mp4,0,0.20148753623750104,7.129314111202331,0.13966961430296154,0.016625598578300833,0.2588555372540113,12.658725282239862,0.18590523754194485,0.03247203866863361,0.9298802836787028,150
/home/iiitn/Datasets/FaceForensics++/original_sequences/youtube/c40/videos/787.mp4,0,0.20136967835630407,8.051677964325915,0.7840489381205855,0.19277850347344647,0.16406453653359165,5.359805362265,0.6420505018629643,0.5241777059280858,4.72854750987253,150
/home/iiitn/Datasets/FaceForensics++/original_sequences/youtube/c40/videos/783.mp4,0,0.2970231015525962,11.221093175065656,0.10851134760311727,0.23619957158032026,0.34278370801781266,15.17638335880728,0.42145023100709356,0.32213845468918706,1.3623977152131863,150
/home/iiitn/Datasets/FaceForensics++/original_sequences/youtube/c40/videos/788.mp4,0,0.1896717610104752,10.177683137325056,-0.05081722684617157,0.05187113451638611,0.2414428220144732,14.781485986675369,0.3418131458918457,0.05392883936553564,11.938565269015138,150
/home/iiitn/Datasets/FaceForensics++/original_sequences/youtube/c40/videos/790.mp4,0,0.17437845174576036,3.1031370495923647,0.818478001228128,0.0028197661740675707,0.20482774610324592,4.8271500946272035,0.7485829712479521,0.1785774239172168,22.08078967718587,150
/home/iiitn/Datasets/FaceForensics++/original_sequences/youtube/c40/videos/791.mp4,0,0.18909608729139968,4.654807467881768,0.166947063365216,0.42791677433015884,0.3293869399953382,15.16928532142587,0.4137385232565037,0.11764352375191774,2.3642734199330127,150
/home/iiitn/Datasets/FaceForensics++/original_sequences/youtube/c40/videos/792.mp4,0,0.27592734182416806,18.118262337676896,0.34405669708629505,0.151579768690391,0.2677263567033557,11.340784815172535,0.803418985352255,0.31966066693098455,0.31711431441959304,150
/home/iiitn/Datasets/FaceForensics++/original_sequences/youtube/c40/videos/797.mp4,0,0.34863706917750387,16.937107509135355,0.23150767970093666,0.12632418939939247,0.38256369346325075,19.65295391121095,0.881183103250723,0.061154151570130634,46.94018378067121,150
/home/iiitn/Datasets/FaceForensics++/original_sequences/youtube/c40/videos/786.mp4,0,0.19358885046667784,7.631262354843351,0.386871365298685,0.14081432242610378,0.2868190413190715,11.097280881609324,0.5513360968524982,0.09924786992913454,6.895818072490135,150
/home/iiitn/Datasets/FaceForensics++/original_sequences/youtube/c40/videos/793.mp4,0,0.20546640435659178,7.4212186399092674,0.5947501221903341,0.4779167334399312,0.1843791670095131,6.4644723032993,0.7085012976899293,0.4423269535314878,44.688616702556764,150
/home/iiitn/Datasets/FaceForensics++/original_sequences/youtube/c40/videos/795.mp4,0,0.16593492651190553,3.639037952890096,0.4963616151279102,0.22340519980123438,0.26564293823348023,8.753631415545799,0.46399502202381754,0.22554198760694963,0.6933169334578684,150
/home/iiitn/Datasets/FaceForensics++/original_sequences/youtube/c40/videos/789.mp4,0,0.33667903818251405,23.502806716142157,0.7432787350550166,0.06164679810413998,0.315675845496912,17.59203431269072,0.42554355246082426,0.1072201561014041,1.1772880459351527,150
/home/iiitn/Datasets/FaceForensics++/original_sequences/youtube/c40/videos/796.mp4,0,0.1715453580888292,5.00338170462458,0.47784901938189045,0.12445992062673246,0.19670501536308213,6.6639110356300755,0.46806678520350636,0.17991653763335066,0.8435923636577682,150
/home/iiitn/Datasets/FaceForensics++/original_sequences/youtube/c40/videos/794.mp4,0,0.1579416416978876,4.496920660006274,0.398440398965036,0.30125963831258673,0.2037256887809602,7.94497579814984,0.6259144991613306,0.3355255225365032,323.3580435385263,150
/home/iiitn/Datasets/FaceForensics++/original_sequences/youtube/c40/videos/802.mp4,0,0.2377685938816578,10.929291017838105,0.37187586302488174,0.0949119874002025,0.21658940323718853,10.301688358041531,0.29746762414672995,0.22581310249986894,0.16035323111348596,150
/home/iiitn/Datasets/FaceForensics++/original_sequences/youtube/c40/videos/801.mp4,0,0.23219436096718962,13.623498715109863,0.1072797848030388,0.11211351601022122,0.2612674028309239,11.549086678409004,0.7850360914408867,0.09472444305326212,11.842669579494432,150
/home/iiitn/Datasets/FaceForensics++/original_sequences/youtube/c40/videos/798.mp4,0,0.25361373335074766,7.427700730004239,0.5149487987026516,0.0925008539873813,0.29495822311025416,9.410108844357927,0.6728071654307611,0.10216140922479622,0.14648301313634102,150
/home/iiitn/Datasets/FaceForensics++/original_sequences/youtube/c40/videos/799.mp4,0,0.30152549623267094,18.107224719462376,0.5385559164588446,0.41876313186313663,0.40251345536274696,28.683279387828502,0.8866516522851265,0.3722933805375757,40.17187996947275,150
/home/iiitn/Datasets/FaceForensics++/original_sequences/youtube/c40/videos/803.mp4,0,0.2323510563023198,14.606558491746975,0.6349264766652699,0.14974551079420906,0.2789770030039736,19.311026939650144,0.5749258745639981,0.05848268312693672,1.432958087620217,150
/home/iiitn/Datasets/FaceForensics++/original_sequences/youtube/c40/videos/800.mp4,0,0.2141575688412848,5.545113192827645,-0.10795948418926442,0.12238252764237005,0.25277521995260654,9.966446890471499,0.2033894124724925,0.11297753794392869,4.466527371490735,150
/home/iiitn/Datasets/FaceForensics++/original_sequences/youtube/c40/videos/804.mp4,0,0.2666882310061804,12.621298023488505,0.5679978446462098,0.06373848720968765,0.32706304137191605,18.00033771836955,0.7275783727521147,0.13176210080305664,1.1421867099414063,150
/home/iiitn/Datasets/FaceForensics++/original_sequences/youtube/c40/videos/806.mp4,0,0.19562860293120998,9.154753150198776,0.9169976240865608,0.3209841314918971,0.25712854724170725,11.241217194959669,0.8315134398229828,0.054162622192582714,0.07523167167340702,150
/home/iiitn/Datasets/FaceForensics++/original_sequences/youtube/c40/videos/805.mp4,0,0.2262224086004929,10.742645077993352,0.0784596746128871,0.14086924987194407,0.18748705358217524,7.421536968804425,0.509816002391247,0.16694299054683448,0.8503223249360722,150
/home/iiitn/Datasets/FaceForensics++/original_sequences/youtube/c40/videos/809.mp4,0,0.3475283477982416,19.592768352490307,0.44605982217303936,0.08638147081135439,0.2932491994279405,12.8148083519742,0.5615176362622254,0.06294725635868959,1.6614031994831588,150
/home/iiitn/Datasets/FaceForensics++/original_sequences/youtube/c40/videos/812.mp4,0,0.27091869274009933,8.824761688365294,-0.013925488607665487,0.05030307836373663,0.287590182227754,11.05542346705011,0.4296305284054775,0.21458929713380978,9.42987985456347,150
/home/iiitn/Datasets/FaceForensics++/original_sequences/youtube/c40/videos/816.mp4,0,0.22978257730891813,8.855495844810038,0.3752987331209841,0.26205979603757323,0.2152408179741828,7.566729477189476,0.8209464744899427,0.015558246384468377,0.4507279562516484,150
/home/iiitn/Datasets/FaceForensics++/original_sequences/youtube/c40/videos/808.mp4,0,0.28784948969000107,11.335423681377632,0.2553973588935909,0.032174573872839014,0.24167850499369273,8.390814348241433,0.44480320937111656,0.16087507347055927,14.94906107418015,150
/home/iiitn/Datasets/FaceForensics++/original_sequences/youtube/c40/videos/811.mp4,0,0.15479254292319564,3.6827907290085693,0.799768154460447,0.351922419254036,0.18732939488237488,6.74021876217829,0.7322054876279737,0.19170009384886888,16.851882432745786,150
/home/iiitn/Datasets/FaceForensics++/original_sequences/youtube/c40/videos/813.mp4,0,0.19987164770495144,5.755019024143299,0.31656418091111,0.16105766255223722,0.16072933928854785,6.001400856763438,0.46138138857515765,0.15406178196898038,26.71596803334053,150
/home/iiitn/Datasets/FaceForensics++/original_sequences/youtube/c40/videos/815.mp4,0,0.17678543608901065,5.113786770995688,0.3122603383632718,0.19477446289659306,0.1558130003858281,5.309893482344974,0.749240655507765,0.14960130790788598,30.708906849936003,150
/home/iiitn/Datasets/FaceForensics++/original_sequences/youtube/c40/videos/814.mp4,0,0.2306657163863697,7.049105072803328,0.24594785821194287,0.17389981105475807,0.2435568369729817,6.976658079957713,0.4675875134502327,0.3541342088803323,0.5926187890278012,150
/home/iiitn/Datasets/FaceForensics++/original_sequences/youtube/c40/videos/807.mp4,0,0.2700118394844813,9.676970691382559,0.3407310869105722,0.15376148804889886,0.29859502476134564,17.247702376403744,0.6496915203653925,0.14839458601798935,19.080300652332085,150
/home/iiitn/Datasets/FaceForensics++/original_sequences/youtube/c40/videos/810.mp4,0,0.2211174056479176,5.894350502307925,0.6746254897938068,0.4941445121671106,0.34977108243328087,21.725887860922004,0.8547390807293866,0.3969434526710935,1.0546213387797088,150
/home/iiitn/Datasets/FaceForensics++/original_sequences/youtube/c40/videos/818.mp4,0,0.22162171963275512,7.929570427966301,0.4759241809785502,0.2786107850960324,0.21450067110236323,12.074634940521028,0.6307863244145199,0.23656334166873302,8.223983987253408,150
/home/iiitn/Datasets/FaceForensics++/original_sequences/youtube/c40/videos/821.mp4,0,0.2227223337678388,6.406874710822547,0.17021708120317622,0.2083604755608136,0.26892844128516563,11.907634287911312,0.3460388794270597,0.17442524844302612,3.887516322077263,150
/home/iiitn/Datasets/FaceForensics++/original_sequences/youtube/c40/videos/820.mp4,0,0.20384523036878788,8.711496284713304,0.46391970776129804,0.0722373001377896,0.17229844441879397,5.061115357030873,0.7684653907159147,0.3223300407184757,0.40602706532452965,150
/home/iiitn/Datasets/FaceForensics++/original_sequences/youtube/c40/videos/827.mp4,0,0.2787130794601221,10.193816713653566,0.5778505774099268,0.18162172758185266,0.4129094932174103,26.84653811682881,0.8900277966215316,0.08792997656980922,3.372259338132199,150
/home/iiitn/Datasets/FaceForensics++/original_sequences/youtube/c40/videos/828.mp4,0,0.1949065242444766,9.155319984852015,0.4814608667902463,0.23768483831479992,0.18031656383429354,5.559677055034036,0.38190590738997354,0.3030803214721922,0.17742330561540195,150
/home/iiitn/Datasets/FaceForensics++/original_sequences/youtube/c40/videos/825.mp4,0,0.14629097790099782,4.341234578225973,0.7176189745563981,0.19936114882210754,0.1356259920108936,3.4941895553828854,0.8365953374354801,0.35467886379732344,0.14832808306294998,150
/home/iiitn/Datasets/FaceForensics++/original_sequences/youtube/c40/videos/823.mp4,0,0.20425783317150345,13.977944123697972,0.35551046165321526,0.14421818699798547,0.19826471562433567,10.71943644192482,0.6722364318103505,0.44963686262779207,21.149834805877394,150
/home/iiitn/Datasets/FaceForensics++/original_sequences/youtube/c40/videos/822.mp4,0,0.1578469228558896,5.352504483143782,-0.2023107864922555,0.34017755936919847,0.2198494064436288,9.988874993072317,0.1371451746656445,0.053512606281284625,0.5925727003697056,150
/home/iiitn/Datasets/FaceForensics++/original_sequences/youtube/c40/videos/830.mp4,0,0.17524740865479238,5.535199791470206,0.7616031439969335,0.0906272536198518,0.19948082538285786,5.282448159177528,0.6073835116143927,0.2459429040517975,2.3294722514869357,150
/home/iiitn/Datasets/FaceForensics++/original_sequences/youtube/c40/videos/826.mp4,0,0.2767382043697173,25.818583184302383,0.19080061478993648,0.07170295225091286,0.2277276625493687,7.038505394929193,0.6058802247366161,0.23973437775331705,0.23127471786823928,150
/home/iiitn/Datasets/FaceForensics++/original_sequences/youtube/c40/videos/832.mp4,0,0.20938159362697603,11.959534098792394,0.3963900641955656,0.08776032083983754,0.16123620479944037,4.323860817037732,0.7814370321482683,0.39176381674881816,2.503968821018029,150
/home/iiitn/Datasets/FaceForensics++/original_sequences/youtube/c40/videos/834.mp4,0,0.30211729642456636,13.474930843090975,0.17961142488312457,0.08775114592602669,0.3165177581299829,25.4754677635745,0.466987851270128,0.0964119426945748,4.915637767737424,150
/home/iiitn/Datasets/FaceForensics++/original_sequences/youtube/c40/videos/819.mp4,0,0.19327442055647712,6.954141176439388,0.625866027794436,0.11106769245636343,0.3601274600982575,26.10254942753652,0.886139479207196,0.11227794932278223,0.09240789976798534,150
/home/iiitn/Datasets/FaceForensics++/original_sequences/youtube/c40/videos/829.mp4,0,0.25121688089390753,6.935201983362048,0.5409446409708767,0.09904400562405773,0.29256271325216765,9.126344399812544,0.4132357592787319,0.2253221688660739,15.956010916562319,150
/home/iiitn/Datasets/FaceForensics++/original_sequences/youtube/c40/videos/839.mp4,0,0.21388818035887294,8.219759585869378,0.23916235712877465,0.12328256602374844,0.20475583851182488,6.292101527695796,0.4748923472639795,0.4638446704008096,0.007688061367235097,150
/home/iiitn/Datasets/FaceForensics++/original_sequences/youtube/c40/videos/836.mp4,0,0.29790554332204144,10.103039430665284,0.46874882649110344,0.09815539611645467,0.34544835280575675,21.318188083256846,0.9141060382710595,0.10179777456378729,1.0353613756564926,150
/home/iiitn/Datasets/FaceForensics++/original_sequences/youtube/c40/videos/831.mp4,0,0.19579255551081323,5.1939814811923215,0.5781034187309136,0.06183895443286399,0.24194011761870804,9.695070523754774,0.5110155799741158,0.2873427870272928,6.119136045137105,150
/home/iiitn/Datasets/FaceForensics++/original_sequences/youtube/c40/videos/840.mp4,0,0.22390715149192064,5.886118409439682,0.7729472020349734,0.3074207278087311,0.25103120076297,7.540636485514945,0.8492440088919052,0.37014850408758165,1.41397094380876,150
/home/iiitn/Datasets/FaceForensics++/original_sequences/youtube/c40/videos/837.mp4,0,0.21631154461752444,6.89222709263876,0.1925600226545631,0.12085364447492812,0.2362289806897123,7.200105642698659,0.3964977531627441,0.3134829235751081,0.186289916321761,150
/home/iiitn/Datasets/FaceForensics++/original_sequences/youtube/c40/videos/841.mp4,0,0.18458808561550186,6.432811994109315,0.8033890236265003,0.15860512043493494,0.1773363562739675,4.220628052620623,0.8436074610103645,0.34609444010377527,6.811492257935077,150
/home/iiitn/Datasets/FaceForensics++/original_sequences/youtube/c40/videos/838.mp4,0,0.23049011951369622,5.897607240407155,0.4052234849257861,0.13942377742792023,0.2674886660376331,6.874474497410325,0.6246440883954102,0.26155630461594076,0.14486490123549015,150
/home/iiitn/Datasets/FaceForensics++/original_sequences/youtube/c40/videos/835.mp4,0,0.1776480583590346,7.482561462508161,0.20253707956926173,0.049619933012079516,0.23883485855898137,12.904179196784304,0.5281620904164838,0.25364440095796054,0.1575858190041689,150
/home/iiitn/Datasets/FaceForensics++/original_sequences/youtube/c40/videos/842.mp4,0,0.24388167559944818,9.854562024127924,0.7421154649878986,0.22086944984724313,0.3245450975635091,28.679861601101038,0.8496674280790718,0.2464051281301971,49.27208923260606,150
/home/iiitn/Datasets/FaceForensics++/original_sequences/youtube/c40/videos/833.mp4,0,0.19560633682397058,6.87860155666628,0.36411104794414717,0.09014399302689073,0.24466008742040124,13.709929092704636,0.40775829682159825,0.11463667834530265,24.397205244261357,150
/home/iiitn/Datasets/FaceForensics++/original_sequences/youtube/c40/videos/844.mp4,0,0.269854388435983,8.138418380739951,0.7210385553899209,0.26236820968620295,0.34090970690343614,12.799546741181203,0.7679536975042763,0.2091881752867181,0.1066084218310741,150
/home/iiitn/Datasets/FaceForensics++/original_sequences/youtube/c40/videos/843.mp4,0,0.2475298064670142,8.681231020771092,0.5926763276003286,0.3460463713621131,0.26661142017959216,12.125780260625158,0.5729097766308228,0.10443097245472281,0.045232577238355255,150
/home/iiitn/Datasets/FaceForensics++/original_sequences/youtube/c40/videos/845.mp4,0,0.17388944630981532,8.25657548207206,0.4614041456440326,0.275077807517552,0.31483913530809254,17.524274559309585,0.6702544486788904,0.09986359301621513,0.25620331900604104,150
/home/iiitn/Datasets/FaceForensics++/original_sequences/youtube/c40/videos/846.mp4,0,0.1930725479005401,9.405624713608548,0.5258641120115527,0.37658019975584356,0.21234695638740822,8.779359759038046,0.3435660617255744,0.03730783013840862,4.020043880611518,150
/home/iiitn/Datasets/FaceForensics++/original_sequences/youtube/c40/videos/849.mp4,0,0.26035566527355813,14.222716090340663,0.5060236620271218,0.22153004380560623,0.2754812998195806,15.342355569748827,0.48588068682760516,0.08774982672056846,0.08149853870221437,150
/home/iiitn/Datasets/FaceForensics++/original_sequences/youtube/c40/videos/847.mp4,0,0.23465475967445912,6.094694329338625,0.12584184197554066,0.21402311178647349,0.2606315884659081,8.173638963426768,0.42852993513171017,0.07439758659699644,1.7023709974891479,150
/home/iiitn/Datasets/FaceForensics++/original_sequences/youtube/c40/videos/852.mp4,0,0.23239566849801485,14.47259614856202,0.7212245290836453,0.36466904301553194,0.23965344770901195,14.405747213586217,0.6088034743653151,0.10021499021408657,0.07746261627083466,150
/home/iiitn/Datasets/FaceForensics++/original_sequences/youtube/c40/videos/850.mp4,0,0.21446945382693058,6.963428513458517,0.13886784942751723,0.012314152290374997,0.2599273761369892,9.9544073691735,0.3543967195119469,0.1309020956041033,4.6863675914209235,150
/home/iiitn/Datasets/FaceForensics++/original_sequences/youtube/c40/videos/855.mp4,0,0.23025399132037716,7.932347685608548,0.7613411080029836,0.281917680747739,0.1923655563202806,6.40167273270028,0.8529146227962681,0.28174390107866715,1.8056514762858267,150
/home/iiitn/Datasets/FaceForensics++/original_sequences/youtube/c40/videos/851.mp4,0,0.20614202305184234,10.853296730293179,0.3092887937829956,0.23718476000574037,0.23698493529338452,11.198232525419156,0.8131518633893523,0.37963589472650766,11.930369440455546,150
/home/iiitn/Datasets/FaceForensics++/original_sequences/youtube/c40/videos/854.mp4,0,0.1631739576031925,5.058914549298229,0.10598405324489069,0.05975612276686876,0.1692510825080823,5.035748474906055,0.08912394725407986,0.18268607070385093,0.0037800702385046314,150
/home/iiitn/Datasets/FaceForensics++/original_sequences/youtube/c40/videos/848.mp4,0,0.2954828748129431,22.67552799620003,0.12048677703262199,0.3135524338182237,0.2690134452770521,20.20572585472263,0.16890254653617184,0.15363502891673916,9.825857616982553,150
/home/iiitn/Datasets/FaceForensics++/original_sequences/youtube/c40/videos/857.mp4,0,0.16332071576530807,4.095752336343971,0.4097723541436074,0.2878110035688506,0.296151606922678,9.340171493596559,0.7168321833467499,0.21422873292561398,1.1492876586439256,150
/home/iiitn/Datasets/FaceForensics++/original_sequences/youtube/c40/videos/858.mp4,0,0.21192613475565722,6.679809995590907,0.4814893779401272,0.1184074893531062,0.2041830097143605,6.465496007814383,0.5240283582214589,0.12287882933271693,0.6221209987168599,150
/home/iiitn/Datasets/FaceForensics++/original_sequences/youtube/c40/videos/853.mp4,0,0.275846675364133,10.306735579081414,0.3677921768917168,0.10257253773680451,0.326847746259964,21.798916909518976,0.5153445537663377,0.13743266758502384,1.1592114278887058,150
/home/iiitn/Datasets/FaceForensics++/original_sequences/youtube/c40/videos/859.mp4,0,0.2257596100340972,6.926329157532823,0.5442085670978597,0.2004728940981152,0.25876370794235976,9.960878933621917,0.7789527034630148,0.14234892163607707,0.38753105022182815,150
/home/iiitn/Datasets/FaceForensics++/original_sequences/youtube/c40/videos/861.mp4,0,0.204954016634995,15.604627947652537,0.528663140394635,0.28999818532897526,0.21632276895160762,7.738012407877986,0.5411776166544486,0.22999336409495974,9.841523072334704,150
/home/iiitn/Datasets/FaceForensics++/original_sequences/youtube/c40/videos/856.mp4,0,0.31984264078485597,11.811183708878552,0.5439298639796596,0.15417579140301405,0.34577683669777204,21.374553413945875,0.7480209502469659,0.22053596150395358,0.018068324451825213,150
/home/iiitn/Datasets/FaceForensics++/original_sequences/youtube/c40/videos/864.mp4,0,0.25508116079634635,10.254098688052034,0.8618203161679073,0.09507435260326465,0.2236359198979975,7.101739117482698,0.6714160841348935,0.0845983582158179,1.4518690825297305,150
/home/iiitn/Datasets/FaceForensics++/original_sequences/youtube/c40/videos/868.mp4,0,0.21569534845401908,8.92878740122328,0.12864294486920927,0.1711935512503284,0.30509552631375475,11.995088659749078,0.5403082128923162,0.11390227224345635,0.5491627242656794,150
/home/iiitn/Datasets/FaceForensics++/original_sequences/youtube/c40/videos/863.mp4,0,0.18825984203339505,5.091232741336913,0.48485289285106464,0.4109382389420844,0.2140400814162028,7.7535650362549715,0.6830199714801338,0.35880384449092445,21.188893119083605,150
/home/iiitn/Datasets/FaceForensics++/original_sequences/youtube/c40/videos/867.mp4,0,0.34102985423082993,15.789067141736107,0.7891733025642965,0.16625470065570933,0.40316878960116104,29.167040709753895,0.8725998642891443,0.11149402770744127,3.2429415151182344,150
/home/iiitn/Datasets/FaceForensics++/original_sequences/youtube/c40/videos/860.mp4,0,0.21367335656147868,7.069347626440167,0.6320224276110409,0.1505747508747621,0.22082117864630205,8.615725920483849,0.8734154317267219,0.26115322598302115,5.0134599089596685,150
/home/iiitn/Datasets/FaceForensics++/original_sequences/youtube/c40/videos/871.mp4,0,0.2775356061055155,12.167655886295242,0.06665409348571798,0.160973791834266,0.35135104529586797,19.104751611306202,0.8373853600706881,0.04880516996848041,0.8388329725097285,150
/home/iiitn/Datasets/FaceForensics++/original_sequences/youtube/c40/videos/872.mp4,0,0.2416266440253172,15.87454105903619,0.0011342671547717824,0.2883832216659247,0.17920197544693095,5.414798976612963,0.7130118557306092,0.21525435601388032,1.1500227550833548,150
/home/iiitn/Datasets/FaceForensics++/original_sequences/youtube/c40/videos/870.mp4,0,0.21860089259827806,9.519160365122874,0.20005219317862602,0.06443341400650572,0.17127031265884243,5.191784399859082,0.39312345220088357,0.2805179900966424,40.16383743700102,150
/home/iiitn/Datasets/FaceForensics++/original_sequences/youtube/c40/videos/865.mp4,0,0.43373279096654,18.03675152875128,-0.09216288102022667,0.04385286997015097,0.2876843263323461,4.473904128984306,0.20434224065225873,0.3059622956159031,0.7673554760916709,150
/home/iiitn/Datasets/FaceForensics++/original_sequences/youtube/c40/videos/869.mp4,0,0.19183062031229584,6.620955311757418,0.42873213068464905,0.4293119846055296,0.24545363863719227,9.691627851213179,0.6024408478886553,0.20313255224167148,32.755674221397335,150
/home/iiitn/Datasets/FaceForensics++/original_sequences/youtube/c40/videos/866.mp4,0,0.2503967934521505,14.605204570352035,-0.15539756939478608,0.43176088491145137,0.25590185913544966,8.598436884187729,0.3290583155889852,0.40121177701040867,0.21309660037683417,150
/home/iiitn/Datasets/FaceForensics++/original_sequences/youtube/c40/videos/873.mp4,0,0.2759773615712346,12.236288811529498,0.15240269132070886,0.08600537249589739,0.322886852783355,23.523519480154977,0.751216332331683,0.16595602120117345,1.849577402754973,150
/home/iiitn/Datasets/FaceForensics++/original_sequences/youtube/c40/videos/876.mp4,0,0.2841443393693619,12.424237970806304,-0.06864954587471662,0.10100737372296374,0.2800147595799936,11.254952329869937,0.8379186067163594,0.1760399252771686,0.0026330199874492924,150
/home/iiitn/Datasets/FaceForensics++/original_sequences/youtube/c40/videos/879.mp4,0,0.32132036493171007,13.675720498001418,0.5978713990578797,0.158211833180347,0.24528173965152686,7.106336002389754,0.6778986572055928,0.2894808656869398,0.3653947074643869,150
/home/iiitn/Datasets/FaceForensics++/original_sequences/youtube/c40/videos/875.mp4,0,0.20626457472845874,7.070649023203505,0.4243546372809341,0.2313196949751497,0.3391099630293218,13.542947286852664,0.8154688217390818,0.0790447629217695,1.5942770674810307,150
/home/iiitn/Datasets/FaceForensics++/original_sequences/youtube/c40/videos/878.mp4,0,0.1883637562846314,5.658403630020421,0.453561493303594,0.125421970669916,0.22443606996206875,5.797154723028538,0.7401315213619645,0.22091496899841792,1.4128287547306728,150
/home/iiitn/Datasets/FaceForensics++/original_sequences/youtube/c40/videos/881.mp4,0,0.30656491162693317,17.680224748365113,0.367937235735178,0.06905283293222271,0.23612429279591063,7.265262817074792,0.7463951831750294,0.3241768241851352,0.47592051617616904,150
/home/iiitn/Datasets/FaceForensics++/original_sequences/youtube/c40/videos/874.mp4,0,0.25249509385345764,9.592631410503296,0.29488952915906275,0.15665120679031216,0.28731275487024993,10.583394888028122,0.7508319599459837,0.2591354811583158,11.246760943119687,150
/home/iiitn/Datasets/FaceForensics++/original_sequences/youtube/c40/videos/877.mp4,0,0.23806030296052225,11.416671927596374,0.26374477190127293,0.10018569814005968,0.22696000172088152,12.20007930520753,0.3237053370874175,0.08372964111017461,1.682442082614212,150
/home/iiitn/Datasets/FaceForensics++/original_sequences/youtube/c40/videos/885.mp4,0,0.2689786781222772,12.051398904651265,0.8507684587776364,0.2776424908767397,0.2811307944372127,11.427313393873655,0.824587166646924,0.1716824436999179,0.07183562229090767,150
/home/iiitn/Datasets/FaceForensics++/original_sequences/youtube/c40/videos/884.mp4,0,0.16078640134738734,4.4838293898207064,0.8804727392162435,0.11409457397462619,0.13049186182602926,3.1324249623080895,0.6278805234260995,0.09285940046253756,72.36187237923949,150
/home/iiitn/Datasets/FaceForensics++/original_sequences/youtube/c40/videos/883.mp4,0,0.20210682424877036,8.430261548777738,0.5401473462891491,0.1574004191869756,0.1807849680985354,6.851907584362511,0.5508160908791991,0.3607302874532962,96.81888926648375,150
/home/iiitn/Datasets/FaceForensics++/original_sequences/youtube/c40/videos/886.mp4,0,0.2160765234527785,9.22560137085936,-0.10399351562539094,0.11997635344050711,0.24404331251186018,9.163850480825408,0.2436247074911808,0.12679428302196116,0.41945862814183354,150
/home/iiitn/Datasets/FaceForensics++/original_sequences/youtube/c40/videos/887.mp4,0,0.2176767568844397,7.348122393487073,0.4547506887984903,0.1592098166150586,0.24590362103792773,10.268797239592795,0.6306373994984372,0.10730442503850819,4.282571343312984,150
/home/iiitn/Datasets/FaceForensics++/original_sequences/youtube/c40/videos/888.mp4,0,0.19114768298455886,6.038239277960606,0.2037112465061137,0.19443544422876732,0.262330616636906,11.184183371611374,0.5826707916864308,0.23421903428461613,0.22168020158710364,150
/home/iiitn/Datasets/FaceForensics++/original_sequences/youtube/c40/videos/882.mp4,0,0.19745207944838028,6.1264168642127546,0.43136182791425587,0.17327253298090373,0.2703534790397442,9.484378751574344,0.3435412420416249,0.05466111115251879,2.591399971313954,150
/home/iiitn/Datasets/FaceForensics++/original_sequences/youtube/c40/videos/890.mp4,0,0.22566610861828754,10.760401731682537,0.05837004258663283,0.22033671480755626,0.2714848467010886,20.262279763115114,0.21441136154663007,0.13482535028867101,1.508093336295044,150
/home/iiitn/Datasets/FaceForensics++/original_sequences/youtube/c40/videos/891.mp4,0,0.22822686993273153,5.420806212923542,0.04961522106296668,0.04409252467081217,0.2534739673209782,13.022226631474481,0.31742044838058064,0.31406525210963193,0.1715294016291,150
/home/iiitn/Datasets/FaceForensics++/original_sequences/youtube/c40/videos/897.mp4,0,0.2072815744288564,9.778239840521373,0.5481715766581288,0.21573371006939682,0.22178996513218277,9.174845959982976,0.7372381523883028,0.07213109513371854,0.4193501593918543,150
/home/iiitn/Datasets/FaceForensics++/original_sequences/youtube/c40/videos/893.mp4,0,0.2687311236884327,12.069053247352622,0.3467753826118169,0.10650876129808563,0.24838878042633006,8.82463415155754,0.6740733897819351,0.138252110842242,0.7724815521646397,150
/home/iiitn/Datasets/FaceForensics++/original_sequences/youtube/c40/videos/896.mp4,0,0.18841301051924064,10.032618508739278,0.5453485763449654,0.19662580110403838,0.20978700605878975,7.955841531799044,0.8460804283990123,0.23319716822623834,0.0605854633647818,150
/home/iiitn/Datasets/FaceForensics++/original_sequences/youtube/c40/videos/895.mp4,0,0.20372577318721305,10.378352576626375,0.13420537564503723,0.19215464152005532,0.2124632512266175,12.016970832365217,0.08870686566091324,0.01768886592971966,0.301278860463043,150
/home/iiitn/Datasets/FaceForensics++/original_sequences/youtube/c40/videos/898.mp4,0,0.2909931667167969,15.666493791953043,0.7349650867322124,0.3277548547453208,0.37967983776186215,19.842311544202232,0.6463820935882229,0.1902039569456099,0.014536636866971542,150
/home/iiitn/Datasets/FaceForensics++/original_sequences/youtube/c40/videos/889.mp4,0,0.23419426161393053,12.988746574190825,-0.05191618741495293,0.04336185994828579,0.28578674938676135,19.743234092124002,-0.08020911198235256,0.06382457870658213,12.867190279855073,150
/home/iiitn/Datasets/FaceForensics++/original_sequences/youtube/c40/videos/900.mp4,0,0.2921862515058244,16.93068030820646,0.6882953772973476,0.11510343502879626,0.24787761035214748,13.727852135809309,0.5647951662641486,0.30396841548120956,0.5377970865200437,150
/home/iiitn/Datasets/FaceForensics++/original_sequences/youtube/c40/videos/899.mp4,0,0.19666433923167728,3.9260242954779456,0.00028083397683541174,0.5403260852590207,0.17996078641693283,3.94941216054382,0.9378110924807842,0.3178335536029744,0.22996434021221016,150
/home/iiitn/Datasets/FaceForensics++/original_sequences/youtube/c40/videos/892.mp4,0,0.2713606754276194,9.79303228644403,0.2502137154736994,0.08292474864839403,0.45561257878825295,45.12690167875066,0.473238219930408,0.12069450371602523,0.9532881642179982,150
/home/iiitn/Datasets/FaceForensics++/original_sequences/youtube/c40/videos/894.mp4,0,0.2132043245084286,11.009843405841863,0.36796079427913536,0.15122676736116716,0.17906739398111185,8.247805490400113,0.5462453744462307,0.38138925387583233,0.9567733480319289,150
/home/iiitn/Datasets/FaceForensics++/original_sequences/youtube/c40/videos/903.mp4,0,0.18259034775141703,10.301458347700704,0.449839673275043,0.09102582805116449,0.19446466947464358,12.377849386342483,0.7585234678876439,0.2681651819283151,1.444413882802029,150
/home/iiitn/Datasets/FaceForensics++/original_sequences/youtube/c40/videos/902.mp4,0,0.1990620114173102,4.3927385083586445,0.19882833710825012,0.2501617418036087,0.21799740845173254,4.7221949278688795,0.4912196684199115,0.19534155279730347,0.01566222888772386,150
/home/iiitn/Datasets/FaceForensics++/original_sequences/youtube/c40/videos/901.mp4,0,0.20418743429977013,5.548458242074339,0.30955324314045357,0.12096720390336901,0.25028895023275116,11.961982237328996,0.3497536540205974,0.16397047354197034,0.3103746996716939,150
/home/iiitn/Datasets/FaceForensics++/original_sequences/youtube/c40/videos/905.mp4,0,0.2665921792493955,24.754547367780024,0.21227014479725384,0.18680975516226908,0.2126668843959274,7.459700122075197,0.535755934316606,0.27722654735643887,1.6765098019779838,150
/home/iiitn/Datasets/FaceForensics++/original_sequences/youtube/c40/videos/909.mp4,0,0.2605503799912299,14.349447342955557,0.30034653598260624,0.25406310792372433,0.30409741304004284,13.250204796649319,0.7340920038670387,0.11883281879848646,0.399231318932724,150
/home/iiitn/Datasets/FaceForensics++/original_sequences/youtube/c40/videos/910.mp4,0,0.18129906950813626,7.387282103627982,0.05860016682109329,0.44360875253326365,0.23547343477002056,8.600456453170018,0.18117920656359018,0.23321840278967676,2.118634451017431,150
/home/iiitn/Datasets/FaceForensics++/original_sequences/youtube/c40/videos/907.mp4,0,0.24187197194080742,11.301042866887867,0.31658624039141275,0.057173848165978536,0.23224614227356757,13.742870045596327,0.12240542303841473,0.06755762767707292,0.4367046808499209,150
/home/iiitn/Datasets/FaceForensics++/original_sequences/youtube/c40/videos/906.mp4,0,0.24265278727163433,7.6654267660848445,0.6337243476441922,0.1432995680391099,0.40809821483943276,15.315362580456513,0.8674346451044354,0.055572174613817166,0.06258209639297736,150
/home/iiitn/Datasets/FaceForensics++/original_sequences/youtube/c40/videos/904.mp4,0,0.21824222972613197,6.9278551484022115,0.5805113015972078,0.09991055023718093,0.2423503686287202,7.245557489315023,0.5617187904812694,0.07187328667040059,10.780332707596365,150
/home/iiitn/Datasets/FaceForensics++/original_sequences/youtube/c40/videos/911.mp4,0,0.18434055947277284,5.650854119096677,0.011727225900661956,0.31836085162326183,0.23825626875694042,7.10352402175925,0.9621707360830841,0.1542470174834506,0.22346160224219483,150
/home/iiitn/Datasets/FaceForensics++/original_sequences/youtube/c40/videos/912.mp4,0,0.2230771711485835,8.635058335181336,0.7391268386357198,0.2625144846483872,0.265584437026359,9.954357128086624,0.6274074802690959,0.20151383529441214,1.7542050767748087,150
/home/iiitn/Datasets/FaceForensics++/original_sequences/youtube/c40/videos/913.mp4,0,0.2766493363789592,15.70035658769311,0.33970499067290966,0.3869685140441435,0.2883296601652413,14.401932552573493,0.33470735689947295,0.16709461115585067,1.0167706454979417,150
/home/iiitn/Datasets/FaceForensics++/original_sequences/youtube/c40/videos/914.mp4,0,0.22685397260799298,7.726556057306671,0.13258349683288875,0.1942835222553753,0.2847907375791378,12.884300114112031,0.7827169518213039,0.23769625174029,0.3498001170726556,150
/home/iiitn/Datasets/FaceForensics++/original_sequences/youtube/c40/videos/917.mp4,0,0.2654451295473425,8.157856910849652,0.23553535837750217,0.2401756501372154,0.265368262332924,13.032685772667904,0.6498860141555918,0.1551862096596937,54.14405578111694,150
/home/iiitn/Datasets/FaceForensics++/original_sequences/youtube/c40/videos/915.mp4,0,0.2043566687763524,11.158794937915145,0.21444584320896065,0.1028549569972627,0.23346412070077802,16.768651549303275,0.5860593857943933,0.31171217142858243,1.5031877475752993,150
/home/iiitn/Datasets/FaceForensics++/original_sequences/youtube/c40/videos/908.mp4,0,0.22282738091180046,7.754391916424701,0.14687991941867148,0.16119437590828886,0.22850449908889717,7.208400487506357,-0.03694869004191922,0.1289310807579135,17.076565217859883,150
/home/iiitn/Datasets/FaceForensics++/original_sequences/youtube/c40/videos/916.mp4,0,0.19167315389413106,6.599980667390554,0.5886073437290331,0.19862309427632927,0.18926710011536244,8.067851409793006,0.4507158429159282,0.1705367943842927,0.7779357118910812,150
/home/iiitn/Datasets/FaceForensics++/original_sequences/youtube/c40/videos/919.mp4,0,0.17431528315687364,4.765346114842884,0.8775556255728283,0.47013988790907396,0.22513868439293763,7.0608782595648,0.8243732366478462,0.25814850289927244,0.8599090493608472,150
/home/iiitn/Datasets/FaceForensics++/original_sequences/youtube/c40/videos/918.mp4,0,0.20911896906298047,11.271997322924618,0.12867326758341113,0.2643478062647851,0.25527215228916217,18.251925190146874,0.5419883040809652,0.21339515618677873,0.5093532235191935,150
/home/iiitn/Datasets/FaceForensics++/original_sequences/youtube/c40/videos/922.mp4,0,0.2289359642126827,9.223413781125672,0.5258011861127069,0.1884390350974472,0.22381320611498776,8.607306674668074,0.7053151920946732,0.23220964593534643,7.548861850121411,150
/home/iiitn/Datasets/FaceForensics++/original_sequences/youtube/c40/videos/924.mp4,0,0.2673914853809472,10.300589147324787,0.6154935142338673,0.4275701285873881,0.41503034679183765,33.22709765440221,0.8823909620206317,0.3378607144319498,0.1832165984518546,150
/home/iiitn/Datasets/FaceForensics++/original_sequences/youtube/c40/videos/926.mp4,0,0.2559202012468383,8.977481616424223,0.573821568000791,0.05697861702743471,0.2382601985734695,9.633969008028448,0.9113941097252303,0.051382956267597556,0.09937140658640392,150
/home/iiitn/Datasets/FaceForensics++/original_sequences/youtube/c40/videos/925.mp4,0,0.22339235118380305,7.107992381316165,0.3092182665685394,0.11667894364890352,0.2821971701205002,10.523808809081189,0.7956485619907981,0.27705886044187644,3.63640167338233,150
/home/iiitn/Datasets/FaceForensics++/original_sequences/youtube/c40/videos/927.mp4,0,0.22514178131785867,11.427928257963684,0.4084974817700579,0.2646496633639796,0.18010652839808083,6.583071874214279,0.8956608850452219,0.33147590570904645,0.96364115151828,150
/home/iiitn/Datasets/FaceForensics++/original_sequences/youtube/c40/videos/921.mp4,0,0.27087861109553857,30.677252655948056,0.3136702984398478,0.3505474231954501,0.30592904898849826,23.51755375863618,0.3147125160486186,0.02198981038306079,0.23499485844493545,150
/home/iiitn/Datasets/FaceForensics++/original_sequences/youtube/c40/videos/929.mp4,0,0.19011694286459002,5.966942446237858,0.3942754710144058,0.3336473519620799,0.204828618642784,5.771159883566457,0.8011585740997124,0.2603560871553183,27.139939301420714,150
/home/iiitn/Datasets/FaceForensics++/original_sequences/youtube/c40/videos/920.mp4,0,0.24495945224147353,14.180744825207734,0.6744805185853876,0.16281778462938437,0.26576066004827387,13.398562564396125,0.8342340460297764,0.09600962113284317,20.443114669058822,150
/home/iiitn/Datasets/FaceForensics++/original_sequences/youtube/c40/videos/930.mp4,0,0.29765421501337735,12.014404978654577,0.3275961164241146,0.058482251781983324,0.2791620469221913,9.257470443429632,0.8634588870996928,0.19179612804823662,2.9548542277017553,150
/home/iiitn/Datasets/FaceForensics++/original_sequences/youtube/c40/videos/928.mp4,0,0.18016060319388247,4.691874795619204,-0.028149414370957568,0.14051849284058884,0.23184538699502355,5.180917180003761,0.24268265943008638,0.34377851668678633,0.2901140202474218,150
/home/iiitn/Datasets/FaceForensics++/original_sequences/youtube/c40/videos/931.mp4,0,0.28920114726276996,19.198021242766547,0.34545677281712156,0.14824028222056135,0.2654769543052938,12.996412345335111,0.5753950659024203,0.10484918271267855,0.7977146564139581,150
/home/iiitn/Datasets/FaceForensics++/original_sequences/youtube/c40/videos/936.mp4,0,0.2040644083409365,11.973074236712568,0.03120535326607639,0.08432592511327623,0.22418430562014213,10.582888596266462,0.19463662558611206,0.10826774813870588,7.75951438580323,150
/home/iiitn/Datasets/FaceForensics++/original_sequences/youtube/c40/videos/933.mp4,0,0.18875947759833422,5.578532634445775,0.2978295428048458,0.2152082494062212,0.19061413324873355,4.4217500931794165,0.8320899903466467,0.3055367562227614,0.2797114975441496,150
/home/iiitn/Datasets/FaceForensics++/original_sequences/youtube/c40/videos/938.mp4,0,0.19375906619188288,7.379097223918869,0.30150061204225415,0.10649859312472032,0.21890498332208397,6.971919537454267,0.8068041527479991,0.22394966414759684,0.9971763375296553,150
/home/iiitn/Datasets/FaceForensics++/original_sequences/youtube/c40/videos/932.mp4,0,0.23659158285740367,9.734308009527757,0.2678286191802805,0.10998917994295843,0.17632010762387942,8.95086095659683,0.7703787366886453,0.34151369898191347,1.3496807138756621,150
/home/iiitn/Datasets/FaceForensics++/original_sequences/youtube/c40/videos/937.mp4,0,0.21607338937121576,10.169485010063935,0.7681629322114493,0.24911651482632205,0.20069425064871416,12.473714065902406,0.6750660188998087,0.2506457298001924,4.960569375601186,150
/home/iiitn/Datasets/FaceForensics++/original_sequences/youtube/c40/videos/940.mp4,0,0.2018246835186636,7.227481420956782,0.6843743940201134,0.22079522231168613,0.2776791966574737,11.456278038936588,0.7000605991739636,0.0803540596644824,1.003826155520516,150
/home/iiitn/Datasets/FaceForensics++/original_sequences/youtube/c40/videos/939.mp4,0,0.22841708027617136,8.092634918451724,0.005408107198224506,0.14809086394147322,0.1616703613565765,2.984320387663517,0.31064341338278284,0.3167974369104241,1.1815051983532363,150
/home/iiitn/Datasets/FaceForensics++/original_sequences/youtube/c40/videos/934.mp4,0,0.27317352433716974,11.285784437168502,0.15184042062359945,0.35320072596936253,0.23040527537867606,8.554801532002147,0.8011340533361322,0.13754548725689833,11.664094850477191,150
/home/iiitn/Datasets/FaceForensics++/original_sequences/youtube/c40/videos/941.mp4,0,0.22792240175132875,8.987189131507021,0.2837853251658935,0.3462187379607173,0.20661194857609963,7.576858059646121,0.8751426232407282,0.28555422738795816,0.35260476645588484,150
/home/iiitn/Datasets/FaceForensics++/original_sequences/youtube/c40/videos/942.mp4,0,0.1703107847150349,4.792352560362274,0.7353065935327313,0.17694537126806809,0.1463061584304898,4.353529665628689,0.7819867730526039,0.3538400117082081,2.9554111170350486,150
/home/iiitn/Datasets/FaceForensics++/original_sequences/youtube/c40/videos/943.mp4,0,0.2116097659528394,8.756333202321958,0.2749935867688221,0.28409648182311786,0.2510067663246927,13.790102399829676,0.2681153436365517,0.2778266867135177,0.26130919988380136,150
/home/iiitn/Datasets/FaceForensics++/original_sequences/youtube/c40/videos/935.mp4,0,0.3263039481153107,19.650842338976812,0.4014930331860636,0.20753050313311974,0.29670418627361456,12.44812275552789,0.3797880952964195,0.049042492435146745,0.6952298732407854,150
/home/iiitn/Datasets/FaceForensics++/original_sequences/youtube/c40/videos/944.mp4,0,0.317979767709538,16.549150567203508,0.26582580807641915,0.09314736859400845,0.32537924944949753,17.311846042358624,0.053030673296123064,0.183760007664606,5.075039738942193,150
/home/iiitn/Datasets/FaceForensics++/original_sequences/youtube/c40/videos/949.mp4,0,0.3093154188084212,19.693376996368013,0.14588574322010536,0.08133253082854379,0.22488876565335802,7.133879627403353,0.7857974160486555,0.17522259186763775,0.8660877292649195,150
/home/iiitn/Datasets/FaceForensics++/original_sequences/youtube/c40/videos/946.mp4,0,0.2573692582485156,10.949765949676113,0.3493603128984208,0.3453241928801088,0.18978489404996815,4.926284194162815,0.5383087651776653,0.205319629855394,2.0671202343112456,150
/home/iiitn/Datasets/FaceForensics++/original_sequences/youtube/c40/videos/945.mp4,0,0.18480473114808252,4.754621214913684,0.36212811926983907,0.3060658703527797,0.15781296579606335,6.015535712677725,0.16308613917061737,0.4503961489823743,0.44913905669465815,150
/home/iiitn/Datasets/FaceForensics++/original_sequences/youtube/c40/videos/947.mp4,0,0.19758747575073565,7.827724154493577,0.3743506048902316,0.1978947592879392,0.17739047084566187,4.34956411121684,0.6710610029230875,0.11513208954359087,1.9802294343319435,150
/home/iiitn/Datasets/FaceForensics++/original_sequences/youtube/c40/videos/954.mp4,0,0.16494863780744623,6.072445346616036,0.5283196660994417,0.47643347488349574,0.22850662826643445,8.39351332474474,0.6612282374977997,0.0775626335382905,1.3292710247341488,150
/home/iiitn/Datasets/FaceForensics++/original_sequences/youtube/c40/videos/952.mp4,0,0.2435994322913871,8.431603479793543,0.7149290399543317,0.41733133403323736,0.26398050428231645,8.721162602313115,0.9082051572707659,0.3879198191905218,0.8218350960317683,150
/home/iiitn/Datasets/FaceForensics++/original_sequences/youtube/c40/videos/955.mp4,0,0.18721595414069922,6.459295899145835,0.7475411682040458,0.08970216485571271,0.1662987031422548,5.612407418822122,0.6678129233181194,0.10435258358209692,0.2633080545161404,150
/home/iiitn/Datasets/FaceForensics++/original_sequences/youtube/c40/videos/948.mp4,0,0.2796388208756873,9.822322363904897,0.6965704357723702,0.13619272514769099,0.33184157931022257,13.02430202474172,0.48338999704697266,0.10651488533883739,2.7837716552839002,150
/home/iiitn/Datasets/FaceForensics++/original_sequences/youtube/c40/videos/953.mp4,0,0.17232394866498715,5.5829860119199415,-0.07266812406734531,0.32567964951242784,0.23441991076411264,10.351758393006717,0.5152427192150971,0.08993442210134651,30.719708628697262,150
/home/iiitn/Datasets/FaceForensics++/original_sequences/youtube/c40/videos/956.mp4,0,0.22407844017368236,9.054113777769732,0.25166492605718466,0.19094121211477263,0.1484874107064331,4.483671351328501,0.7734848681494153,0.42680637607334165,1.3428101915886343,150
/home/iiitn/Datasets/FaceForensics++/original_sequences/youtube/c40/videos/951.mp4,0,0.20542087595345052,7.314813938882298,0.7075990935405483,0.24609770208915674,0.2526320218432336,16.257801917922173,0.8352517785104409,0.32551800240510026,3.5730464889562117,150
/home/iiitn/Datasets/FaceForensics++/original_sequences/youtube/c40/videos/958.mp4,0,0.20908787901687678,8.329088024801962,0.4756412584742804,0.008916028629957298,0.2554663842882361,18.975699720860728,0.7101853080938595,0.12656935879349923,8.089396106281542,150
/home/iiitn/Datasets/FaceForensics++/original_sequences/youtube/c40/videos/950.mp4,0,0.2467008727622182,11.515148953440464,0.36965705237895213,0.4767084144801301,0.2742458561510289,12.132191329373411,0.3395212052285146,0.3081735982919505,19.646377562054276,150
/home/iiitn/Datasets/FaceForensics++/original_sequences/youtube/c40/videos/960.mp4,0,0.19837841230570255,5.232316948156777,0.1082212460069184,0.2875925302360925,0.20078268667506083,5.852052818034736,0.2931915052158543,0.12044552552412091,0.7099183865145349,150
/home/iiitn/Datasets/FaceForensics++/original_sequences/youtube/c40/videos/962.mp4,0,0.22941199428743675,6.144717096089561,0.390886136546049,0.1321279196297507,0.19219764042296414,5.559104621063763,0.8487041257195583,0.1413295485706193,1.441469861093166,150
/home/iiitn/Datasets/FaceForensics++/original_sequences/youtube/c40/videos/961.mp4,0,0.23859517722853765,10.501831812418837,0.4231937613478782,0.2188891970110534,0.20603180332786084,6.4009725781349545,0.6089273075750503,0.11608088682323925,0.9765103049428296,150
/home/iiitn/Datasets/FaceForensics++/original_sequences/youtube/c40/videos/957.mp4,0,0.2685445683648337,10.851050108361418,0.23793274156255087,0.10508352837506814,0.33405392203576817,15.483005344462109,0.15591820793619696,0.1388090066400652,6.696433780198705,150
/home/iiitn/Datasets/FaceForensics++/original_sequences/youtube/c40/videos/963.mp4,0,0.1883000726765429,4.644294129872232,0.6043750561773821,0.2633116069803429,0.20292833566095034,5.054786415745515,0.6225654278738147,0.17679026093963846,0.2674246637094608,150
/home/iiitn/Datasets/FaceForensics++/original_sequences/youtube/c40/videos/964.mp4,0,0.1705388386809096,3.2821278208829576,0.8137523708962578,0.0387129359719085,0.16007681699951484,4.721377975507061,0.9060830832211776,0.5229802848469705,2.196183156286562,150
/home/iiitn/Datasets/FaceForensics++/original_sequences/youtube/c40/videos/966.mp4,0,0.25113143508298374,17.32726152948981,0.17054444135838986,0.35079286319629005,0.23460700470049933,12.136429606707658,0.6919170744973439,0.2505745286418107,10.01191337828325,150
/home/iiitn/Datasets/FaceForensics++/original_sequences/youtube/c40/videos/959.mp4,0,0.18722519982698013,6.116963253461254,0.14186620422127277,0.061896590960093374,0.177145082282448,5.753964142329271,0.5028474804231976,0.19584407233785217,3.645247200177617,150
/home/iiitn/Datasets/FaceForensics++/original_sequences/youtube/c40/videos/969.mp4,0,0.23529036630608954,8.127350310185188,0.6344799332832124,0.10902277765706127,0.3813105480539123,24.845940348859063,0.4921587390781011,0.03697282006855116,0.14707298918891018,150
/home/iiitn/Datasets/FaceForensics++/original_sequences/youtube/c40/videos/967.mp4,0,0.21356467595115589,9.411177962279249,0.8391415270685306,0.35940959254070526,0.28489758096166456,11.349971248639676,0.8752173747679786,0.11215826124536594,0.7569514656362392,150
/home/iiitn/Datasets/FaceForensics++/original_sequences/youtube/c40/videos/970.mp4,0,0.1596628348592027,6.190503593911411,0.6987073590336456,0.08862667352316712,0.17846746032279082,7.7144625400108024,0.5690800259741448,0.13265121255433318,0.41918009168363246,150
/home/iiitn/Datasets/FaceForensics++/original_sequences/youtube/c40/videos/968.mp4,0,0.22849193883099453,8.64104320664583,0.3409517563161155,0.3114321038648142,0.29658961778599957,13.681266184382475,0.5125843028435946,0.2249438317908723,2.8982053604198366,150
/home/iiitn/Datasets/FaceForensics++/original_sequences/youtube/c40/videos/965.mp4,0,0.21776735452279852,9.210148869908698,0.3927812807123292,0.44078623662140853,0.23594394959642506,9.082617024615672,0.7502111419562,0.4086978003608735,0.5680557375058319,150
/home/iiitn/Datasets/FaceForensics++/original_sequences/youtube/c40/videos/974.mp4,0,0.26268847499058096,17.252165718797986,0.7345211435661295,0.04293927972395272,0.27236911121455637,15.098334333336096,0.8275490157811216,0.06345256688882837,6.3927432026191005,150
/home/iiitn/Datasets/FaceForensics++/original_sequences/youtube/c40/videos/973.mp4,0,0.23453660517715846,11.235474510262478,0.6122491603432025,0.15242488174835525,0.18745539977347228,7.131403338732047,0.871559585256807,0.31106406273459447,0.20712181564689888,150
/home/iiitn/Datasets/FaceForensics++/original_sequences/youtube/c40/videos/976.mp4,0,0.2366566152358811,10.83502337493906,0.7092796692060798,0.1274917156864804,0.22114289564163925,7.62006252446849,0.8994640596406148,0.07680067189593086,5.595885778373906,150
/home/iiitn/Datasets/FaceForensics++/original_sequences/youtube/c40/videos/975.mp4,0,0.23885335165553087,6.769819574620649,0.062117042320103795,0.23508654733595427,0.2485225805485467,8.542675778076367,0.9388664963887958,0.2080976813808425,0.10327222116257241,150
/home/iiitn/Datasets/FaceForensics++/original_sequences/youtube/c40/videos/977.mp4,0,0.26187504655008215,9.250802388631897,0.44227501410353326,0.24659133907717304,0.3687798701347545,17.613901665520697,0.5351457950032752,0.048608718378268544,1.8478014790078054,150
/home/iiitn/Datasets/FaceForensics++/original_sequences/youtube/c40/videos/971.mp4,0,0.216449948205544,5.745223506541513,0.19977675849958865,0.37362445356509477,0.21810825151817603,6.271941614360922,0.5261245525841082,0.0636751757126225,0.8475614309883494,150
/home/iiitn/Datasets/FaceForensics++/original_sequences/youtube/c40/videos/981.mp4,0,0.24089433561511253,10.471287343164585,0.5464582851257159,0.3647662229005351,0.24713960222898593,14.49461792825331,0.8473851493572985,0.34745648932836287,1.5803211684985683,150
/home/iiitn/Datasets/FaceForensics++/original_sequences/youtube/c40/videos/980.mp4,0,0.20381496476150052,9.55869615687167,0.5761402183427627,0.36566023271453485,0.228419355305607,8.402797855680719,0.7719655957673336,0.12890187963791166,7.022658883579094,150
/home/iiitn/Datasets/FaceForensics++/original_sequences/youtube/c40/videos/972.mp4,0,0.27949620084610816,18.9414369718267,0.5154351631967203,0.3137439601909417,0.2669061832207234,10.129887202240317,0.4821960109262542,0.18488446076857346,0.12870702912726267,150
/home/iiitn/Datasets/FaceForensics++/original_sequences/youtube/c40/videos/979.mp4,0,0.21075053315342243,8.785287520380423,-0.14829294262535228,0.3122505762967523,0.36698462010185184,21.56160130584451,0.7601740510983834,0.2204214235238563,4.061684096488246,150
/home/iiitn/Datasets/FaceForensics++/original_sequences/youtube/c40/videos/978.mp4,0,0.25469059911494746,9.56197617413182,0.4950133208681153,0.13549616107421772,0.2930103671505571,9.674395901353165,0.7073247557878517,0.24028341594114896,0.9394539349370986,150
/home/iiitn/Datasets/FaceForensics++/original_sequences/youtube/c40/videos/982.mp4,0,0.26391315003908694,9.613760594697334,0.8164517661372116,0.2407314841321777,0.23956990134446812,11.245147806235218,0.7708733931706094,0.43773782142745504,0.02350001037150009,150
/home/iiitn/Datasets/FaceForensics++/original_sequences/youtube/c40/videos/983.mp4,0,0.25994458795452174,9.654778785330032,0.4786312262655801,0.2200456291667706,0.3438370215913383,17.31425003991961,0.7026097735519277,0.12120315856977475,12.31382760463226,150
/home/iiitn/Datasets/FaceForensics++/original_sequences/youtube/c40/videos/985.mp4,0,0.20746570467250616,6.712384648710882,0.306596013650172,0.21721489818564343,0.29345201864753195,11.85254697618796,0.7450068982082784,0.06966576633839831,0.5734318751287312,150
/home/iiitn/Datasets/FaceForensics++/original_sequences/youtube/c40/videos/987.mp4,0,0.18247221576419362,6.9613670667753,0.4279781885772796,0.3575757101442029,0.17300804526607924,7.117473025558236,0.7699606264036069,0.20596252489028297,0.3643180733690066,150
/home/iiitn/Datasets/FaceForensics++/original_sequences/youtube/c40/videos/984.mp4,0,0.24729177570523242,13.631847086565399,0.22380863393680014,0.05535573694766522,0.24507625820202786,11.354992280604838,0.5588220287191219,0.07471288051182963,39.109389099305446,150
/home/iiitn/Datasets/FaceForensics++/original_sequences/youtube/c40/videos/988.mp4,0,0.2349754823866298,11.876949801681207,0.1933107311218527,0.18644046924775412,0.17375114129558147,5.035031066969781,0.7899560160886496,0.34028856509022604,0.13760446052283887,150
/home/iiitn/Datasets/FaceForensics++/original_sequences/youtube/c40/videos/991.mp4,0,0.2524429316468512,16.44908538382078,0.3695753849687525,0.01093856174846678,0.2835987465367202,18.46855998761612,0.9291604433334157,0.08219501690774474,0.013404914471437879,150
/home/iiitn/Datasets/FaceForensics++/original_sequences/youtube/c40/videos/990.mp4,0,0.27600205303550945,14.312779093500756,0.041742358648636575,0.14169341619707496,0.3185039786114494,19.29080542632354,0.5554279098429732,0.12949825743497992,0.8483080893072891,150
/home/iiitn/Datasets/FaceForensics++/original_sequences/youtube/c40/videos/992.mp4,0,0.2633722128674239,9.545386275099245,0.40214378836344905,0.13714866402009335,0.22838672054765954,11.938564074683613,0.6273702496073794,0.2653128264717786,30.1047702285157,150
/home/iiitn/Datasets/FaceForensics++/original_sequences/youtube/c40/videos/986.mp4,0,0.2417292931072238,17.250760548665234,0.1116259330255432,0.12543911221518686,0.2540342039274035,11.64110434826708,0.5117825743183986,0.2845215889300467,2.1675350312143435,150
/home/iiitn/Datasets/FaceForensics++/original_sequences/youtube/c40/videos/993.mp4,0,0.21161823809631938,10.142672619031323,-0.06105732559924718,0.2595637696190975,0.28171496118727807,11.651416626192216,0.56370962034324,0.07565880305530087,1.2295398004219924,150
/home/iiitn/Datasets/FaceForensics++/original_sequences/youtube/c40/videos/989.mp4,0,0.2255970866604526,9.240917430436193,0.4821273516213603,0.15383480173164624,0.2864087348791007,17.457097387852162,0.48464652925007456,0.22168642356079746,2.63537217235458,150
/home/iiitn/Datasets/FaceForensics++/original_sequences/youtube/c40/videos/994.mp4,0,0.2592855160329835,11.581472366450742,0.05023961922304054,0.17247886454230618,0.2798843578886556,12.566055176170396,0.7127045072123123,0.2435125559861957,1.2447200875266171,150
/home/iiitn/Datasets/FaceForensics++/original_sequences/youtube/c40/videos/995.mp4,0,0.21589138603313596,9.76592564784962,-0.10329397694077845,0.09237995710160112,0.21016397232683884,8.082865046205724,0.42110472430725654,0.3801943538101024,5.611055437910527,150
/home/iiitn/Datasets/FaceForensics++/original_sequences/youtube/c40/videos/996.mp4,0,0.21101820765165047,6.916320135714019,0.15910043226559267,0.30236604262185257,0.19768577752174643,7.1467491563820635,0.28810621930029334,0.07861818266569774,0.9197074020135043,150
/home/iiitn/Datasets/FaceForensics++/original_sequences/youtube/c40/videos/997.mp4,0,0.22144104915223775,10.744734825514996,-0.05088330353990935,0.11061471506441374,0.26949556971268307,14.34086554967609,0.5104256999601964,0.2250430067346896,1.8667779841624679,150
/home/iiitn/Datasets/FaceForensics++/original_sequences/youtube/c40/videos/999.mp4,0,0.28021517134022883,12.475446784938592,0.15617497398295008,0.05893774450416589,0.2956179233700051,12.377677398324485,0.7249522807079444,0.07949836289020314,0.658962049536941,150
/home/iiitn/Datasets/FaceForensics++/original_sequences/youtube/c40/videos/998.mp4,0,0.242661008710226,10.696160254562812,0.33608909291097816,0.027831440653771303,0.29070480157499096,13.722618407277272,0.6142171541048062,0.10414590507834487,4.928796086348052,150
