video_path,label,pos_snr,pos_peak_prom,pos_interreg_corr,pos_harmonic,chrom_snr,chrom_peak_prom,chrom_interreg_corr,chrom_harmonic,brightness_var,n_frames
/home/iiitn/Datasets/FaceForensics++/manipulated_sequences/Face2Face/c23/videos/003_000.mp4,1,0.18637592190936503,4.766397434661163,0.08243083127310262,0.09432863302688715,0.17668660083637858,5.002996485914174,0.41538546645797253,0.1904111976597356,0.5387349202900679,150
/home/iiitn/Datasets/FaceForensics++/manipulated_sequences/Face2Face/c23/videos/009_027.mp4,1,0.24422398024929523,14.888572687281522,0.28087981150999747,0.02374362373127584,0.2922493937007968,13.602476873708687,0.4380840878956498,0.2742704471331144,0.1384375281334963,150
/home/iiitn/Datasets/FaceForensics++/manipulated_sequences/Face2Face/c23/videos/010_005.mp4,1,0.2353743543215939,11.53935316870551,0.49478149275787214,0.06625133679396376,0.2775661170717946,13.507094469124462,0.2714727164059338,0.15732753051265255,2.094286829302638,150
/home/iiitn/Datasets/FaceForensics++/manipulated_sequences/Face2Face/c23/videos/008_990.mp4,1,0.20134475293785106,7.576618711306117,0.22019308851567118,0.09534188456372066,0.24506585330274958,8.793325789733034,0.1322103704269326,0.09212964593554146,17.273801834042832,150
/home/iiitn/Datasets/FaceForensics++/manipulated_sequences/Face2Face/c23/videos/000_003.mp4,1,0.23773778548712135,9.00295591126959,0.43569224879431045,0.20680442771171606,0.2760273117404062,12.597976592246296,0.29784974405178394,0.12165148235105523,6.17782887545755,150
/home/iiitn/Datasets/FaceForensics++/manipulated_sequences/Face2Face/c23/videos/007_132.mp4,1,0.2571328789627636,9.926755127410198,-0.13194275084348392,0.01667328814908588,0.2697299719192046,11.667772708924554,-0.10361702639485931,0.018803809646073862,4.479130514647961,150
/home/iiitn/Datasets/FaceForensics++/manipulated_sequences/Face2Face/c23/videos/005_010.mp4,1,0.26533549722071686,17.236013305956273,0.3994717438748953,0.038695839319681784,0.25772223221850715,14.542872588160842,0.32948791674790184,0.016452182988405218,1.9178565989439322,150
/home/iiitn/Datasets/FaceForensics++/manipulated_sequences/Face2Face/c23/videos/002_006.mp4,1,0.300362713411713,20.605611402556637,0.2835417737783098,0.0339186896901216,0.3360802569006844,23.730064430117277,0.29893603852917683,0.02420814402526793,11.03356797454722,150
/home/iiitn/Datasets/FaceForensics++/manipulated_sequences/Face2Face/c23/videos/011_805.mp4,1,0.1402969758889293,4.900685035956709,0.48348630813819266,0.5010076474463236,0.1730044087089455,5.7051711172685105,0.5189049805430618,0.22594085634445604,1.794647425215559,150
/home/iiitn/Datasets/FaceForensics++/manipulated_sequences/Face2Face/c23/videos/006_002.mp4,1,0.26402747889919803,9.379769391795039,0.2661221396750974,0.13049299613782575,0.24217813121086929,7.47048394663597,0.49351265180623266,0.3149736913727799,0.2938978786502782,150
/home/iiitn/Datasets/FaceForensics++/manipulated_sequences/Face2Face/c23/videos/001_870.mp4,1,0.26224139161308685,16.711338066332733,0.6211165615669075,0.2683607937164299,0.34470283368758176,19.717087968294727,0.656890753415421,0.11509819151442395,26.992965407476184,150
/home/iiitn/Datasets/FaceForensics++/manipulated_sequences/Face2Face/c23/videos/004_982.mp4,1,0.25586519343801317,11.644563997434282,0.41247728981117887,0.17051994617060837,0.1752159975146057,5.83320217487888,0.5708440781051455,0.3721585603984936,98.91264602627137,150
/home/iiitn/Datasets/FaceForensics++/manipulated_sequences/Face2Face/c23/videos/015_919.mp4,1,0.2634909595948901,13.971391851202506,0.22498532734774515,0.1486046496664328,0.27870303035443483,14.908128562076223,0.44994622203642515,0.032517033470413806,0.10356640845099983,150
/home/iiitn/Datasets/FaceForensics++/manipulated_sequences/Face2Face/c23/videos/012_026.mp4,1,0.2657429531203372,19.77742864873618,0.7299317970937772,0.2235535707342747,0.30020369859672974,25.54803838978033,0.5547914818620047,0.19154533340540905,7.502630470651993,150
/home/iiitn/Datasets/FaceForensics++/manipulated_sequences/Face2Face/c23/videos/013_883.mp4,1,0.20459023465876425,7.540965197916658,0.35759757297656386,0.09920952937242028,0.28620360139129725,15.654150677481711,0.44521953035879264,0.0686800647939642,1.9276345445757814,150
/home/iiitn/Datasets/FaceForensics++/manipulated_sequences/Face2Face/c23/videos/014_790.mp4,1,0.25498976375497984,7.819977270700762,0.39878342096242275,0.04267571008021808,0.2601496556596892,8.702821961282547,0.2937322329526077,0.04811970221185218,51.96747437008728,150
/home/iiitn/Datasets/FaceForensics++/manipulated_sequences/Face2Face/c23/videos/016_209.mp4,1,0.24187696496849384,7.822899229238785,0.048936708437254096,0.18018876661731253,0.19173585778873312,4.664403317272549,0.25118925832497313,0.168111610396239,37.12073797079451,150
/home/iiitn/Datasets/FaceForensics++/manipulated_sequences/Face2Face/c23/videos/019_018.mp4,1,0.2624592958243342,9.597389107552532,0.1386983423465509,0.4144642613737812,0.24920548749690383,8.946307251863553,0.04281473377989046,0.14600857956214,0.4173976344619218,150
/home/iiitn/Datasets/FaceForensics++/manipulated_sequences/Face2Face/c23/videos/018_019.mp4,1,0.19801140418942773,5.29108704507885,0.547638533455482,0.11901921270613382,0.2457645345739102,7.653109213036319,0.3927759291071915,0.015461746462201406,0.9778745024331134,150
/home/iiitn/Datasets/FaceForensics++/manipulated_sequences/Face2Face/c23/videos/021_312.mp4,1,0.2999599551729024,10.547707054745091,-0.09849101949529478,0.2565559776921786,0.2875123004700035,19.241110688805353,0.2588056356355037,0.23805119664549934,0.175215916551908,150
/home/iiitn/Datasets/FaceForensics++/manipulated_sequences/Face2Face/c23/videos/017_803.mp4,1,0.17494530669986355,6.086745248476194,0.6099510415139326,0.39677121021696604,0.2713985512227159,17.231486572383194,0.6681803745406816,0.11040911591569517,2.576010904296235,150
/home/iiitn/Datasets/FaceForensics++/manipulated_sequences/Face2Face/c23/videos/026_012.mp4,1,0.30129389160232184,18.07082739284035,0.03583966681479859,0.0682012752413995,0.2713577577440747,9.809389630165041,0.021766713274535512,0.3296532662897687,35.211630829882125,150
/home/iiitn/Datasets/FaceForensics++/manipulated_sequences/Face2Face/c23/videos/023_923.mp4,1,0.261948427797211,11.725869472703813,0.40308338888910855,0.06840699224011018,0.23059153307450933,11.929485426624128,0.3804152236698095,0.15366944710475464,8.80152805971744,150
/home/iiitn/Datasets/FaceForensics++/manipulated_sequences/Face2Face/c23/videos/027_009.mp4,1,0.21380712889594458,9.29673128072359,0.14905175798562084,0.39229684755793365,0.2261488302650286,14.507631375413562,0.22358454670412498,0.25574613119647444,0.7190964004034824,150
/home/iiitn/Datasets/FaceForensics++/manipulated_sequences/Face2Face/c23/videos/024_073.mp4,1,0.19884098824324795,11.225532759673095,0.29476538818037995,0.012647306426887385,0.16619917092387673,5.210370024258372,0.7688865686777985,0.14964769286819282,92.2304963235331,150
/home/iiitn/Datasets/FaceForensics++/manipulated_sequences/Face2Face/c23/videos/020_344.mp4,1,0.2264208608841475,9.710838968788671,0.334029111907641,0.022282244976491644,0.23811719958730615,13.192689226160937,0.493557671415064,0.1207698169609714,8.625501360181358,150
/home/iiitn/Datasets/FaceForensics++/manipulated_sequences/Face2Face/c23/videos/028_068.mp4,1,0.21573039169355657,5.589493798164689,0.3188378992292837,0.3382731175773044,0.20966642315565984,5.795763912390387,0.299289333581681,0.05150585190724976,33.56958573905464,150
/home/iiitn/Datasets/FaceForensics++/manipulated_sequences/Face2Face/c23/videos/029_048.mp4,1,0.1847292415001919,5.347548538662682,0.18124122866176942,0.20361897559243639,0.18576493136020691,6.3904132787036545,0.26859484213280044,0.14794073232190771,0.41224754516571915,150
/home/iiitn/Datasets/FaceForensics++/manipulated_sequences/Face2Face/c23/videos/022_489.mp4,1,0.1675964201370527,4.209893916471955,0.21359237858216598,0.3232685319995759,0.19212955378332872,4.716532062160643,0.23847844423365525,0.11098722202915719,0.15584011233947254,150
/home/iiitn/Datasets/FaceForensics++/manipulated_sequences/Face2Face/c23/videos/035_036.mp4,1,0.21567573863427003,9.975024295452007,0.38728330163896435,0.09215159695581683,0.24874416770858668,13.737589153260496,0.2674616412154597,0.2074883986933366,0.26077221618115287,150
/home/iiitn/Datasets/FaceForensics++/manipulated_sequences/Face2Face/c23/videos/036_035.mp4,1,0.2253916058192779,10.21831068163346,0.42222620559291163,0.0253903799125033,0.3734330478948034,19.626861134043512,0.6351739631294376,0.2361291217205557,6.344474767216114,150
/home/iiitn/Datasets/FaceForensics++/manipulated_sequences/Face2Face/c23/videos/037_072.mp4,1,0.16565282070275555,4.171945570849027,0.20053578168148342,0.3978410284729432,0.209258209263823,8.469773966644953,0.22323560907582662,0.29091956759311777,0.8190868769025648,150
/home/iiitn/Datasets/FaceForensics++/manipulated_sequences/Face2Face/c23/videos/032_944.mp4,1,0.2855201763064583,11.86942469477196,0.29306331405242086,0.15287423284714227,0.22615493938844053,8.45689638656765,0.6709144121322398,0.14430944918794839,2.5767295993024475,150
/home/iiitn/Datasets/FaceForensics++/manipulated_sequences/Face2Face/c23/videos/031_163.mp4,1,0.22675305330226506,8.240036104547107,0.40882144809693505,0.1203178254322662,0.25278339413316986,5.309672559302637,0.4302711405917794,0.1581750280117074,0.19591593949091557,150
/home/iiitn/Datasets/FaceForensics++/manipulated_sequences/Face2Face/c23/videos/025_067.mp4,1,0.24906670268108655,9.281777985305796,0.4201662791251566,0.036737596635065255,0.21723330134037164,6.365135321489899,0.1228710032661658,0.28349313821446426,0.05285842523084066,150
/home/iiitn/Datasets/FaceForensics++/manipulated_sequences/Face2Face/c23/videos/034_590.mp4,1,0.1839131613637818,4.668574521416311,0.6000530799873262,0.12043902895028764,0.19432004191106467,5.301546981505478,0.599772012135343,0.18489734905878516,42.08448693073265,150
/home/iiitn/Datasets/FaceForensics++/manipulated_sequences/Face2Face/c23/videos/038_125.mp4,1,0.22195289380771485,22.276253585929272,0.3753078320067498,0.020694424863526507,0.20157308848345978,11.57685334766344,0.3237850706170735,0.08665702962956466,1.646686009153091,150
/home/iiitn/Datasets/FaceForensics++/manipulated_sequences/Face2Face/c23/videos/039_058.mp4,1,0.19252265752169884,3.8773775149111835,0.201991615265664,0.11012438382799385,0.2579305389221791,12.302742085857473,0.1242681530892595,0.09871290685507488,0.9883513283288583,150
/home/iiitn/Datasets/FaceForensics++/manipulated_sequences/Face2Face/c23/videos/040_997.mp4,1,0.14773596537905806,4.508994415178351,0.43041858165907954,0.3365515453529671,0.1805296671915977,6.112727334585408,0.5967151818653617,0.2571804784594304,9.209084558720647,150
/home/iiitn/Datasets/FaceForensics++/manipulated_sequences/Face2Face/c23/videos/030_193.mp4,1,0.20210289274315754,5.753890848020696,0.21368393835918142,0.22230654992339294,0.20002497212618686,4.494917110424445,0.6276989485481769,0.23802672010165615,1.6851427344771028,150
/home/iiitn/Datasets/FaceForensics++/manipulated_sequences/Face2Face/c23/videos/041_063.mp4,1,0.21359858975895119,8.69063722118383,0.42382855178588436,0.026129855452640932,0.19076532880302433,6.821787715745252,0.4076436465921705,0.015947413084632437,10.094525667152018,150
/home/iiitn/Datasets/FaceForensics++/manipulated_sequences/Face2Face/c23/videos/042_084.mp4,1,0.20072011759262542,9.51519127514863,0.3561850182630863,0.09623312874507343,0.1992033662940765,7.763207646727701,0.25204390907602425,0.08336370766689204,2.6111979441110504,150
/home/iiitn/Datasets/FaceForensics++/manipulated_sequences/Face2Face/c23/videos/048_029.mp4,1,0.3255923755854489,20.048234165448594,0.19690487459845554,0.12401373568322425,0.20692470395431486,14.553243217614115,0.2345652030459737,0.10863031533297812,3.314202464713215,150
/home/iiitn/Datasets/FaceForensics++/manipulated_sequences/Face2Face/c23/videos/049_946.mp4,1,0.2596074172524266,9.21887494801958,0.5239697490351414,0.03762438883049778,0.2129932875564117,9.568032532544356,0.517965884855467,0.3161292424986781,0.66309742756575,150
/home/iiitn/Datasets/FaceForensics++/manipulated_sequences/Face2Face/c23/videos/043_110.mp4,1,0.17080910741554045,4.7024894897805884,0.22881597625337421,0.07977771259005957,0.1574002043072379,3.6868841223246385,0.43055221682324646,0.1811410163615336,2.1234990406457706,150
/home/iiitn/Datasets/FaceForensics++/manipulated_sequences/Face2Face/c23/videos/047_862.mp4,1,0.27824945699203263,13.529469360106818,0.2263813304167875,0.07705571729781724,0.21037024848331143,5.7606197282538245,0.04106174685205021,0.23184140059782407,0.15784427859642974,150
/home/iiitn/Datasets/FaceForensics++/manipulated_sequences/Face2Face/c23/videos/046_904.mp4,1,0.2244761201782655,8.979115832076936,0.4100600821006235,0.10087276867590095,0.22972407469924624,6.61784834228374,0.6077207090177362,0.166043062407579,0.6115946895796963,150
/home/iiitn/Datasets/FaceForensics++/manipulated_sequences/Face2Face/c23/videos/050_059.mp4,1,0.24761219366406798,12.066111188254451,0.20020433258618173,0.030859735807893012,0.22622636713674615,8.308590744749257,0.16718545458465003,0.09205536790395001,13.759830026046808,150
/home/iiitn/Datasets/FaceForensics++/manipulated_sequences/Face2Face/c23/videos/044_945.mp4,1,0.2393425307522614,6.413764784930041,0.5530725415951178,0.13132317058726586,0.2503150646409916,8.944742424337184,0.6496805387155403,0.1138272789809127,7.6047858221386555,150
/home/iiitn/Datasets/FaceForensics++/manipulated_sequences/Face2Face/c23/videos/053_095.mp4,1,0.1955705066164006,7.4922102050545085,0.2474226391248242,0.04787708472740675,0.17539318012427893,5.656618973513697,0.2677114896236274,0.25675054615693105,6.254452072375328,150
/home/iiitn/Datasets/FaceForensics++/manipulated_sequences/Face2Face/c23/videos/054_071.mp4,1,0.2146051275597615,6.9563843991983,0.41033533939108296,0.08269655195489913,0.21672569196522262,5.461778519857443,0.12679484006972871,0.25912074963441245,1.8761253853957767,150
/home/iiitn/Datasets/FaceForensics++/manipulated_sequences/Face2Face/c23/videos/045_889.mp4,1,0.20995324364476872,14.241494462473804,0.30589380017326784,0.026859218079578733,0.17979733361729733,7.8920168623434535,0.6025150369378164,0.03447110365519578,0.2775498466223804,150
/home/iiitn/Datasets/FaceForensics++/manipulated_sequences/Face2Face/c23/videos/051_332.mp4,1,0.18561777890688866,6.74900480779882,0.13613595398094122,0.3372737468332137,0.20768515952909483,7.944931911698991,0.29007015671308095,0.03879264138036905,13.35392778905445,150
/home/iiitn/Datasets/FaceForensics++/manipulated_sequences/Face2Face/c23/videos/055_147.mp4,1,0.17171615824788442,5.1753273883786735,0.27764346564471676,0.3165798071495898,0.22693749445345254,9.394293130313429,0.2895940050677886,0.08968888590585662,1.2965775741650778,150
/home/iiitn/Datasets/FaceForensics++/manipulated_sequences/Face2Face/c23/videos/057_070.mp4,1,0.2190344254880755,7.306888896155576,0.12336509611372,0.19707352420519242,0.22734265655128572,7.937699823161997,0.3412456383973091,0.06819278866834508,53.218945983998964,150
/home/iiitn/Datasets/FaceForensics++/manipulated_sequences/Face2Face/c23/videos/059_050.mp4,1,0.18670125371647917,6.661565649623443,0.4208193064153151,0.2649365959597844,0.21393469221799252,10.586945387081405,0.3249882364020366,0.1805840755763863,3.6126296883132083,150
/home/iiitn/Datasets/FaceForensics++/manipulated_sequences/Face2Face/c23/videos/058_039.mp4,1,0.2699704855497076,15.12656174040751,0.6831252143847942,0.15978514729585988,0.3041438773338408,19.552890801067846,0.7463316625344655,0.09140089788074864,1.506258075836847,150
/home/iiitn/Datasets/FaceForensics++/manipulated_sequences/Face2Face/c23/videos/056_996.mp4,1,0.2331934088188815,12.403780939470286,0.20529701126829614,0.18635134586985716,0.31113206603990146,18.52363965175536,0.22287030148008083,0.14600905081474988,0.036577319873741874,150
/home/iiitn/Datasets/FaceForensics++/manipulated_sequences/Face2Face/c23/videos/052_108.mp4,1,0.22878137193638737,5.645316251808606,0.6766473621725592,0.34041046612589915,0.2311933323532739,5.9799458205408165,0.4515584037126692,0.07089954710273123,0.8635061757645822,150
/home/iiitn/Datasets/FaceForensics++/manipulated_sequences/Face2Face/c23/videos/061_080.mp4,1,0.27682760713545423,33.578887070198085,-0.008039753254179475,0.014279396134325465,0.2633614908462408,18.79050551696039,0.12279434460166694,0.021412569711027545,1.063666994988854,150
/home/iiitn/Datasets/FaceForensics++/manipulated_sequences/Face2Face/c23/videos/060_088.mp4,1,0.14998116437092532,4.192720143666759,0.503371839492238,0.18310282591287477,0.17107682812356603,5.0479871861840975,0.6375169284968057,0.2970764991071064,37.17414134585999,150
/home/iiitn/Datasets/FaceForensics++/manipulated_sequences/Face2Face/c23/videos/062_066.mp4,1,0.22169193157404274,6.26253303523488,0.3598671637240269,0.13011383007936309,0.22447515139992313,7.061836180348604,0.44681381827812783,0.21774507575596103,0.619237936441224,150
/home/iiitn/Datasets/FaceForensics++/manipulated_sequences/Face2Face/c23/videos/063_041.mp4,1,0.2292716241553455,11.816262733941116,0.342461391346569,0.3661047843993603,0.24609814516426434,13.891759127903427,0.30176855094373456,0.1705401147995714,3.413401742603008,150
/home/iiitn/Datasets/FaceForensics++/manipulated_sequences/Face2Face/c23/videos/064_991.mp4,1,0.18243583828366286,6.574785628620976,0.06858369091285754,0.2916671271220338,0.16578358168206725,4.030175770065148,0.39451771898849947,0.291912459988994,5.039025189099487,150
/home/iiitn/Datasets/FaceForensics++/manipulated_sequences/Face2Face/c23/videos/066_062.mp4,1,0.2513015483909368,23.616014584682627,0.7109805294669146,0.06772162357871576,0.24563747058465524,20.430403289103094,0.672684869571959,0.08695774701890278,1.8642239989400524,150
/home/iiitn/Datasets/FaceForensics++/manipulated_sequences/Face2Face/c23/videos/068_028.mp4,1,0.248302000335371,9.046744517199278,0.399535055195124,0.2910902628039453,0.24230834019189654,7.067023528853429,0.3144444992583939,0.061779986823615414,12.363602367287628,150
/home/iiitn/Datasets/FaceForensics++/manipulated_sequences/Face2Face/c23/videos/070_057.mp4,1,0.2194650980910666,7.07311876673798,0.3607691599263014,0.2992583709658084,0.23985653849782643,10.262267488911016,0.09757016927958988,0.09652609784373889,7.579310882102307,150
/home/iiitn/Datasets/FaceForensics++/manipulated_sequences/Face2Face/c23/videos/072_037.mp4,1,0.24706496369628592,7.667098058037503,0.43370106533206143,0.145209891715124,0.2306275773506219,8.468570047866422,0.4718936963952715,0.2750569585662959,10.144483417219705,150
/home/iiitn/Datasets/FaceForensics++/manipulated_sequences/Face2Face/c23/videos/071_054.mp4,1,0.2472406144680407,15.984606025856271,0.1998246067916302,0.07280013324723857,0.25153941088660486,10.999168270912408,0.20267054410709415,0.06292295713860362,120.00521286377625,150
/home/iiitn/Datasets/FaceForensics++/manipulated_sequences/Face2Face/c23/videos/069_961.mp4,1,0.20924785870829296,6.172370355800631,0.2031059282947947,0.16028770844609377,0.19205553531989283,5.4163318832945295,0.5183398324310974,0.33207884596389914,1.3289077134141336,150
/home/iiitn/Datasets/FaceForensics++/manipulated_sequences/Face2Face/c23/videos/065_089.mp4,1,0.26441570687863525,10.757996529203467,0.5596845951819133,0.20219639898653108,0.17883463673456812,6.035220882431584,0.4842041714675574,0.34610688988645943,19.08892491367578,150
/home/iiitn/Datasets/FaceForensics++/manipulated_sequences/Face2Face/c23/videos/073_024.mp4,1,0.23832947845748134,13.776215742646613,0.5966534209633684,0.03254449074237049,0.24569712130708224,11.187570295530733,0.5923873757528445,0.0911653246945875,0.2609947908199277,150
/home/iiitn/Datasets/FaceForensics++/manipulated_sequences/Face2Face/c23/videos/077_100.mp4,1,0.23841044952305288,13.7080622252951,0.31059933385356825,0.4299339013964992,0.2571450354764832,15.159571969402462,0.33871078260472665,0.1539643286372742,2.2311128720776976,150
/home/iiitn/Datasets/FaceForensics++/manipulated_sequences/Face2Face/c23/videos/067_025.mp4,1,0.199371858630633,5.805954307165883,0.1603652427668297,0.030574622613309125,0.18092966580184425,4.993200822775992,0.23059425987487145,0.002565987440436907,2.4400338056229716,150
/home/iiitn/Datasets/FaceForensics++/manipulated_sequences/Face2Face/c23/videos/076_079.mp4,1,0.16975814426308725,4.197764208745887,0.08867667740694592,0.1595040550587349,0.1943169923271827,4.327366984368216,0.18186488321169184,0.18704480253210118,1.9366259322435069,150
/home/iiitn/Datasets/FaceForensics++/manipulated_sequences/Face2Face/c23/videos/075_977.mp4,1,0.17595400012502663,3.8372320943504032,0.36500647232814093,0.19458069537521605,0.23129522874745934,7.465339213417049,0.5805343968228179,0.1837498642620328,35.82698864595531,150
/home/iiitn/Datasets/FaceForensics++/manipulated_sequences/Face2Face/c23/videos/080_061.mp4,1,0.1817550883107619,12.564148305017467,0.16250727672296442,0.31950418631501415,0.21851874732196155,9.5656820007054,0.2469499348861214,0.1518067708836529,0.19176322227454662,150
/home/iiitn/Datasets/FaceForensics++/manipulated_sequences/Face2Face/c23/videos/081_087.mp4,1,0.3699045195138633,39.2499544702365,0.7211911964821551,0.12103199661014392,0.3653781250199723,20.621875032220345,0.6143783313288566,0.07810727805239949,0.20051721324415672,150
/home/iiitn/Datasets/FaceForensics++/manipulated_sequences/Face2Face/c23/videos/074_825.mp4,1,0.19457740429093814,9.479042950719416,0.16866808512693154,0.11892496927982048,0.2588510742530247,19.31397421941585,0.49643692698809155,0.03584742361878369,1.1634879736637338,150
/home/iiitn/Datasets/FaceForensics++/manipulated_sequences/Face2Face/c23/videos/082_103.mp4,1,0.18712544036760878,8.0749407838597,0.26255710200792987,0.2565058627755995,0.273528066505244,11.971022957557258,0.3166412475734369,0.12763439979870816,0.13395150599307779,150
/home/iiitn/Datasets/FaceForensics++/manipulated_sequences/Face2Face/c23/videos/079_076.mp4,1,0.1966821036679314,4.1765147063712265,0.41411784576705774,0.016757803742560015,0.23736583158599492,8.076937283799602,0.012505163614529857,0.4706064606684271,0.42840625782585495,150
/home/iiitn/Datasets/FaceForensics++/manipulated_sequences/Face2Face/c23/videos/078_955.mp4,1,0.24600514313948815,11.40923759694447,0.43412520566040297,0.3151956916071615,0.34944891562740726,24.28547896419256,0.5155645321738065,0.13554059267102714,1.0209385692281756,150
/home/iiitn/Datasets/FaceForensics++/manipulated_sequences/Face2Face/c23/videos/085_124.mp4,1,0.24354363434766282,9.79210318392571,0.1911641655859194,0.12576135139063938,0.20898971835671154,7.057110827553743,0.1634602464902397,0.23833718722317732,0.03981133007364898,150
/home/iiitn/Datasets/FaceForensics++/manipulated_sequences/Face2Face/c23/videos/087_081.mp4,1,0.2125153904913841,6.455592805181312,0.023518778934813207,0.16082629251875705,0.2845938596058324,9.987856142976877,0.25329953210906536,0.0802449050266108,0.1491033565690303,150
/home/iiitn/Datasets/FaceForensics++/manipulated_sequences/Face2Face/c23/videos/086_090.mp4,1,0.2832494672357177,13.13976322677061,0.4340099922233313,0.1828350011923058,0.2730768226786947,10.177162606533019,0.4170383149140445,0.08680452208730959,6.754559338614828,150
/home/iiitn/Datasets/FaceForensics++/manipulated_sequences/Face2Face/c23/videos/092_098.mp4,1,0.2433193907658946,13.172790432448553,0.27285996338814367,0.09606162860886697,0.22443822850626857,16.066442002366447,0.5385610464731346,0.07430535122360095,0.2714690436616021,150
/home/iiitn/Datasets/FaceForensics++/manipulated_sequences/Face2Face/c23/videos/088_060.mp4,1,0.19928277342136488,7.386831710131362,0.4644795001522845,0.1103044046464859,0.2231426646496042,8.848685400706275,0.4615400534402678,0.008997480394495593,26.31697155603988,150
/home/iiitn/Datasets/FaceForensics++/manipulated_sequences/Face2Face/c23/videos/083_213.mp4,1,0.2137376247660651,6.982990681517521,0.1534782344417209,0.32173162417015383,0.23191824121975121,7.013596355533135,0.26541597452010585,0.3241762398208325,0.3561723508513077,150
/home/iiitn/Datasets/FaceForensics++/manipulated_sequences/Face2Face/c23/videos/091_116.mp4,1,0.22233852613430802,7.434548231976907,0.2022995665902174,0.3683693121338558,0.18125995102599282,4.7718329264058905,0.32031570818405397,0.4840952175984021,0.30993434292121286,150
/home/iiitn/Datasets/FaceForensics++/manipulated_sequences/Face2Face/c23/videos/095_053.mp4,1,0.2617047020114491,13.178882648547324,0.37101024824448753,0.1667341459780944,0.285043700202172,11.909270695111857,0.35083354187584664,0.21130205474896505,4.3782644335687015,150
/home/iiitn/Datasets/FaceForensics++/manipulated_sequences/Face2Face/c23/videos/089_065.mp4,1,0.21094698750495344,8.807780291666788,0.5244382573648404,0.2838923828759051,0.1707020471415439,6.138455706574834,0.22987820388457858,0.1984295613100051,2.22181347924793,150
/home/iiitn/Datasets/FaceForensics++/manipulated_sequences/Face2Face/c23/videos/084_042.mp4,1,0.15531387646703024,10.174526559870166,0.4335203978263004,0.06908587197670092,0.1502428383386585,11.51367102283195,0.5814035322612232,0.17233750005158155,0.9857220554083426,150
/home/iiitn/Datasets/FaceForensics++/manipulated_sequences/Face2Face/c23/videos/094_111.mp4,1,0.3575832000845372,24.32725159471761,0.6030844169461728,0.07604390372898,0.2664758866776805,18.444615273808406,0.35450279089098097,0.2121319605078511,1.0184600476775705,150
/home/iiitn/Datasets/FaceForensics++/manipulated_sequences/Face2Face/c23/videos/093_121.mp4,1,0.2529871231476967,12.608242184583377,0.10349337924874054,0.020761056196516903,0.22711011677029155,9.107729376969026,0.48095072612046325,0.33392568559505137,3.0556762423680697,150
/home/iiitn/Datasets/FaceForensics++/manipulated_sequences/Face2Face/c23/videos/090_086.mp4,1,0.15944497269461191,3.3141730318518774,0.1961629214725511,0.26284426525244814,0.1717367998866954,5.48236425080502,0.41286399173986865,0.0037984925692355048,9.368275404982903,150
/home/iiitn/Datasets/FaceForensics++/manipulated_sequences/Face2Face/c23/videos/098_092.mp4,1,0.15502846883608568,4.330288790930299,0.2727200591659788,0.28654451359043304,0.2350442101923227,9.116134075910677,0.5256416543880739,0.11644342469240658,0.16700427956307554,150
/home/iiitn/Datasets/FaceForensics++/manipulated_sequences/Face2Face/c23/videos/097_033.mp4,1,0.20273671140471605,6.963235759959587,0.28997509756357,0.0812790318746673,0.25434433506925486,10.377326894963378,0.082889764330838,0.07715661703969542,1.614984025198702,150
/home/iiitn/Datasets/FaceForensics++/manipulated_sequences/Face2Face/c23/videos/100_077.mp4,1,0.2521381531661319,11.518305094412797,0.35316012915298717,0.18786956956223433,0.3025479915285723,12.76389143193469,0.400522129734155,0.2564784983006206,6.72837844574392,150
/home/iiitn/Datasets/FaceForensics++/manipulated_sequences/Face2Face/c23/videos/101_096.mp4,1,0.22411958320542716,9.844610409157204,0.11879062661724456,0.4298047108740475,0.30517508534620424,21.861593082010344,0.1108141073202648,0.18208844943677652,0.35366312959890017,150
/home/iiitn/Datasets/FaceForensics++/manipulated_sequences/Face2Face/c23/videos/104_126.mp4,1,0.22637930008843865,8.485959550612902,0.46227463730552043,0.013434293510636068,0.2236630174462645,6.612067616872913,0.23672547603407157,0.066371158957365,20.134843877064185,150
/home/iiitn/Datasets/FaceForensics++/manipulated_sequences/Face2Face/c23/videos/103_082.mp4,1,0.20663857790062226,5.615850347787784,0.22426076889261667,0.05361653269987654,0.24843640853139848,11.049305632102943,0.44884242575347216,0.0721413863322865,82.87239599930292,150
/home/iiitn/Datasets/FaceForensics++/manipulated_sequences/Face2Face/c23/videos/107_109.mp4,1,0.2524099984196709,10.358577326075654,0.40667151585498496,0.09179544371805155,0.28982191762520865,16.654666078555984,0.21125293636096001,0.054634702813685855,3.4256878291134942,150
/home/iiitn/Datasets/FaceForensics++/manipulated_sequences/Face2Face/c23/videos/105_180.mp4,1,0.3075058263901963,20.08783195533855,-0.04547801129274933,0.03284097191134834,0.3066074467286705,17.2611079223346,0.04286664543475468,0.046640951012544535,10.412396603079355,150
/home/iiitn/Datasets/FaceForensics++/manipulated_sequences/Face2Face/c23/videos/106_198.mp4,1,0.31035854150615577,17.24889673605655,0.11648083242116464,0.08203288416772835,0.2500506817348085,9.845635516465697,0.19545063848187472,0.08397069871090575,0.1250101665927976,150
/home/iiitn/Datasets/FaceForensics++/manipulated_sequences/Face2Face/c23/videos/102_114.mp4,1,0.2221251377729632,7.932885586890651,0.28929276059008446,0.007440441381028864,0.2156740957113363,8.22390702370076,0.5025028554277492,0.026427838654495567,0.5829290898347804,150
/home/iiitn/Datasets/FaceForensics++/manipulated_sequences/Face2Face/c23/videos/099_295.mp4,1,0.29277368509118573,20.0232823704901,0.8831250891690944,0.13871015053698565,0.31918552062637273,24.28069731887867,0.5754520000497907,0.11583818646805588,0.42796489454982983,150
/home/iiitn/Datasets/FaceForensics++/manipulated_sequences/Face2Face/c23/videos/109_107.mp4,1,0.2672576396179947,23.067469805318236,0.2605768223002833,0.1929041239583957,0.230028956942418,12.26459208022687,0.6248793566011098,0.025659260831030112,1.7306646164460004,150
/home/iiitn/Datasets/FaceForensics++/manipulated_sequences/Face2Face/c23/videos/111_094.mp4,1,0.22630325507689716,12.27631068524755,0.08187815124944603,0.1646290620551127,0.21487987379135434,8.281694916520967,0.3430700952833419,0.5259182721996024,0.48339393526323343,150
/home/iiitn/Datasets/FaceForensics++/manipulated_sequences/Face2Face/c23/videos/114_102.mp4,1,0.20013991494114824,9.38377192867262,0.4542627616762059,0.062052000724061605,0.2214206780715612,10.651734373942736,0.4174427393905913,0.15712780759949424,0.0856909406860842,150
/home/iiitn/Datasets/FaceForensics++/manipulated_sequences/Face2Face/c23/videos/110_043.mp4,1,0.32548413754237976,34.23543903190377,0.6886016351487384,0.02036830692407848,0.35278299365796856,23.976960928634757,0.6780574589291858,0.055659979149830986,0.4001929666601215,150
/home/iiitn/Datasets/FaceForensics++/manipulated_sequences/Face2Face/c23/videos/108_052.mp4,1,0.25846553604549033,8.2262981483289,0.5280625613077358,0.08384544015127095,0.25252228022347595,8.07028657174815,0.18886570118631982,0.08736216147198807,342.0364566889793,150
/home/iiitn/Datasets/FaceForensics++/manipulated_sequences/Face2Face/c23/videos/118_120.mp4,1,0.24996329090970162,13.316517593197611,0.36727176958298996,0.05575300934151134,0.20801972274784528,7.4568900372998534,0.2767619150346031,0.08478109849576111,1.74440932400314,150
/home/iiitn/Datasets/FaceForensics++/manipulated_sequences/Face2Face/c23/videos/116_091.mp4,1,0.18053109736593287,3.5207481964878373,0.4399751079813061,0.1781263762733,0.24115012242530376,8.748104899516497,0.5296623962859716,0.019798566660387092,0.42851559984878607,150
/home/iiitn/Datasets/FaceForensics++/manipulated_sequences/Face2Face/c23/videos/113_983.mp4,1,0.30607388821888465,17.60180590204289,0.22676290194534435,0.18164352508799028,0.28087637391806347,17.31559373669702,0.21893070230600242,0.19939652941680377,0.5441347884624056,150
/home/iiitn/Datasets/FaceForensics++/manipulated_sequences/Face2Face/c23/videos/119_123.mp4,1,0.2290800050219557,12.803562125936038,0.45757030332356213,0.04024203098086522,0.23436191611100207,8.259134485039622,0.4404533356391025,0.10205673431099542,0.44759341646076517,150
/home/iiitn/Datasets/FaceForensics++/manipulated_sequences/Face2Face/c23/videos/115_939.mp4,1,0.20094468901953974,5.496460980738771,0.22474850380293818,0.16500414615519807,0.20466298708083505,5.4892789222389196,0.2644957240030549,0.23757189507984788,9.589395430285737,150
/home/iiitn/Datasets/FaceForensics++/manipulated_sequences/Face2Face/c23/videos/120_118.mp4,1,0.20229361311587055,8.589332365818933,0.15626256237330421,0.1863060661302878,0.2640259126949592,13.925629572855337,0.30606440998339784,0.011239378140921609,5.188134278267406,150
/home/iiitn/Datasets/FaceForensics++/manipulated_sequences/Face2Face/c23/videos/112_892.mp4,1,0.2697058024818044,14.346778473356615,0.43154333843254716,0.15306524280140865,0.26168593454825745,12.315212605994432,0.5841793177488624,0.07101358138670867,9.22620155049968,150
/home/iiitn/Datasets/FaceForensics++/manipulated_sequences/Face2Face/c23/videos/117_217.mp4,1,0.1737568186454026,11.35360899796022,0.6081378717264354,0.0026766812577711063,0.19138311791490123,5.945372523931025,0.44767490030257934,0.05465032540859047,11.261636406268876,150
/home/iiitn/Datasets/FaceForensics++/manipulated_sequences/Face2Face/c23/videos/123_119.mp4,1,0.30094301022857833,22.97376745200283,0.523202478363065,0.15794971320584156,0.317892506494344,21.565863792042208,0.40768867256762964,0.09765331832166364,0.8762205029331583,150
/home/iiitn/Datasets/FaceForensics++/manipulated_sequences/Face2Face/c23/videos/124_085.mp4,1,0.23729954120954558,10.190507660259904,0.09371385043710388,0.0852305935559023,0.2584508644396097,12.878791508908535,0.23154913482047265,0.08333700209179336,1.4904888041965576,150
/home/iiitn/Datasets/FaceForensics++/manipulated_sequences/Face2Face/c23/videos/126_104.mp4,1,0.28873851466407446,20.874357941663103,0.4981148170248051,0.20207136513274618,0.23585972412841305,10.70669262226481,0.3473056808612607,0.10068049330101003,6.009878117669579,150
/home/iiitn/Datasets/FaceForensics++/manipulated_sequences/Face2Face/c23/videos/122_144.mp4,1,0.20428954487414686,9.679047705691403,0.5993417949445115,0.38855481983318846,0.2104328053667762,9.218357733709121,0.647364184914265,0.2357548251155646,8.357828322751583,150
/home/iiitn/Datasets/FaceForensics++/manipulated_sequences/Face2Face/c23/videos/128_896.mp4,1,0.1678292187106055,4.94029337586815,0.3161201114630168,0.052655907636893796,0.2129767355045469,8.853659467172955,0.3562705395129077,0.13458062600977075,2.970327322400844,150
/home/iiitn/Datasets/FaceForensics++/manipulated_sequences/Face2Face/c23/videos/121_093.mp4,1,0.20621706796564107,8.60750160785084,0.24822932498905237,0.12477864906032234,0.20536602761838765,9.789944405612838,0.21025597892762027,0.437800410565139,0.14767963735237832,150
/home/iiitn/Datasets/FaceForensics++/manipulated_sequences/Face2Face/c23/videos/125_038.mp4,1,0.30302778655263735,15.887529860147419,0.4662766675566949,0.0912473118720843,0.2516533529419475,10.959037317444063,0.3911886363208034,0.17325843162666243,1.9904148781417628,150
/home/iiitn/Datasets/FaceForensics++/manipulated_sequences/Face2Face/c23/videos/130_139.mp4,1,0.30586246472396483,33.9896176175915,0.5273373355403465,0.06803610966377942,0.2391327960281762,14.244927981791692,0.463154167361618,0.06702439128336973,131.2150314832656,150
/home/iiitn/Datasets/FaceForensics++/manipulated_sequences/Face2Face/c23/videos/131_518.mp4,1,0.19676493287415334,10.95429726312374,0.28648538829266695,0.026573942417442886,0.18007733485383012,8.150560205245716,0.3603700346225877,0.04773440758577949,0.7581812297523944,150
/home/iiitn/Datasets/FaceForensics++/manipulated_sequences/Face2Face/c23/videos/132_007.mp4,1,0.21490882742591025,10.127507259267858,0.26446182515426925,0.1325214856835838,0.2264633969234903,10.33123583085847,0.17007880791897836,0.11838591170532355,1.1231960150898714,150
/home/iiitn/Datasets/FaceForensics++/manipulated_sequences/Face2Face/c23/videos/127_129.mp4,1,0.17994550261686115,4.802056361639143,0.15439315014798338,0.11237017163982295,0.22896396132971442,6.580592263774615,0.2765841187969286,0.10974496072330801,10.582397534677517,150
/home/iiitn/Datasets/FaceForensics++/manipulated_sequences/Face2Face/c23/videos/133_148.mp4,1,0.2918572334183653,17.32491875683139,0.48039150178287676,0.06582222969102307,0.27393363838379964,10.24984628840173,0.3462586941586703,0.13149091667791782,0.1318143756910053,150
/home/iiitn/Datasets/FaceForensics++/manipulated_sequences/Face2Face/c23/videos/134_192.mp4,1,0.23547985410287753,6.935517529208621,0.30593954975838195,0.05162818653572429,0.21688055888259936,7.929211617962353,0.2239324100822142,0.08441711126285166,38.15202349984142,150
/home/iiitn/Datasets/FaceForensics++/manipulated_sequences/Face2Face/c23/videos/129_127.mp4,1,0.29837446697450526,15.990248311838323,0.609270521249353,0.06983543929929782,0.3279846274773355,18.532159344716735,0.5755597184496134,0.1572984727879071,1.986590562204658,150
/home/iiitn/Datasets/FaceForensics++/manipulated_sequences/Face2Face/c23/videos/137_165.mp4,1,0.17829272224489465,5.647170408753534,0.3105642307663506,0.06465810183811273,0.21098909894492582,11.924040383303103,0.19930698384582182,0.1636083073657532,1.2773623671014498,150
/home/iiitn/Datasets/FaceForensics++/manipulated_sequences/Face2Face/c23/videos/135_880.mp4,1,0.18521817223927126,7.048845100973899,-0.005467218316273541,0.08778480219922474,0.1997908617294226,6.573349970461821,-0.10337063296996636,0.07382024725113408,156.32496147055764,150
/home/iiitn/Datasets/FaceForensics++/manipulated_sequences/Face2Face/c23/videos/142_138.mp4,1,0.26434963491037683,23.257828789255203,0.23549903521926652,0.16429446547001883,0.31147771125713425,14.79526166330484,0.08302316942265787,0.04894033186226157,0.15061589807064485,150
/home/iiitn/Datasets/FaceForensics++/manipulated_sequences/Face2Face/c23/videos/140_143.mp4,1,0.23293232448728604,13.559970738851684,0.4330757311070688,0.1695748555833598,0.21900470658188478,11.051289123624848,0.515420925422514,0.2767405245258462,16.474322665238127,150
/home/iiitn/Datasets/FaceForensics++/manipulated_sequences/Face2Face/c23/videos/138_142.mp4,1,0.17891381284787097,8.241367741478074,0.24687948189035056,0.48282372343411833,0.22012644625951153,12.097131191097438,0.41023027906165366,0.039194881999564064,0.04849509326584228,150
/home/iiitn/Datasets/FaceForensics++/manipulated_sequences/Face2Face/c23/videos/136_285.mp4,1,0.2451934745067178,12.446069227271124,0.3566708648764894,0.07230427906398669,0.24400780114526668,13.243726039992135,0.5653173845753935,0.28853502373960066,84.98124495927287,150
/home/iiitn/Datasets/FaceForensics++/manipulated_sequences/Face2Face/c23/videos/143_140.mp4,1,0.23823723823603057,9.552524121050864,0.18011501037361466,0.3455448192221025,0.24315710215816913,13.807539402424977,0.3619535910983183,0.053797369579352765,0.10864300634803319,150
/home/iiitn/Datasets/FaceForensics++/manipulated_sequences/Face2Face/c23/videos/139_130.mp4,1,0.3221716635259306,27.49494738702082,0.7127561826414716,0.13590526593849792,0.27380270630151843,18.804828335756294,0.5371388400682574,0.06333903562677834,2.2987379127042673,150
/home/iiitn/Datasets/FaceForensics++/manipulated_sequences/Face2Face/c23/videos/141_161.mp4,1,0.29749479726668143,13.713878270651387,0.28317520163660276,0.08775994640412908,0.30915663705833674,15.558884527823116,0.2537715394464917,0.08487161386165765,3.3191924406543025,150
/home/iiitn/Datasets/FaceForensics++/manipulated_sequences/Face2Face/c23/videos/144_122.mp4,1,0.19763947704845597,5.315568158049039,0.32447102249042786,0.5325756116243515,0.22021779903999975,5.56178219292525,0.6411243671434477,0.26098492033337806,0.1544203923604725,150
/home/iiitn/Datasets/FaceForensics++/manipulated_sequences/Face2Face/c23/videos/145_299.mp4,1,0.17701809020288936,10.546189877087414,0.23683458418535605,0.03952660678467182,0.18715256058279595,12.492853115632245,0.20814006606700744,0.023892923341959887,0.029300949349053133,150
/home/iiitn/Datasets/FaceForensics++/manipulated_sequences/Face2Face/c23/videos/147_055.mp4,1,0.21528400486250712,6.519328372693068,0.28364301212343096,0.26996635000741015,0.19103471557513396,5.152238941509039,0.2784106840800484,0.34624113221385183,6.72984474671975,150
/home/iiitn/Datasets/FaceForensics++/manipulated_sequences/Face2Face/c23/videos/148_133.mp4,1,0.17660998825657895,4.779287441118424,-0.09954579141294033,0.4026168485633211,0.3037227114849407,17.88156179692017,0.35547782403983846,0.21059567908456,1.19542309891364,150
/home/iiitn/Datasets/FaceForensics++/manipulated_sequences/Face2Face/c23/videos/149_152.mp4,1,0.20521363119466232,15.595680020580161,0.03692588458886816,0.07903753750934389,0.241517940694143,16.2771836293501,-0.05219132936401897,0.13871934086896462,1.1092765548280434,150
/home/iiitn/Datasets/FaceForensics++/manipulated_sequences/Face2Face/c23/videos/153_150.mp4,1,0.1679974493159563,4.946444581113724,0.3677470916842318,0.25674065774009486,0.24803523411956307,8.471449048053453,0.2700745082268341,0.27513422407077587,1.135598355968016,150
/home/iiitn/Datasets/FaceForensics++/manipulated_sequences/Face2Face/c23/videos/152_149.mp4,1,0.234008781761423,10.52541476273032,0.6884133027081828,0.1196719854665066,0.1992950357560294,8.90665458564129,0.33315863960874337,0.11943101348086016,28.39851834226088,150
/home/iiitn/Datasets/FaceForensics++/manipulated_sequences/Face2Face/c23/videos/150_153.mp4,1,0.3385674730292219,21.27959439939821,0.4895284879676143,0.03421487389226394,0.3454794586189713,25.451001002213584,0.5051487792321541,0.03344112547094227,1.1396138742894297,150
/home/iiitn/Datasets/FaceForensics++/manipulated_sequences/Face2Face/c23/videos/151_225.mp4,1,0.26309304148555024,8.016554904302167,0.1779317141723458,0.08805374388029685,0.2021540861266714,10.146033033995048,0.4265970345882261,0.2499496852585917,0.09844234346658892,150
/home/iiitn/Datasets/FaceForensics++/manipulated_sequences/Face2Face/c23/videos/155_576.mp4,1,0.1740659984253727,5.883375098708908,0.27094569888891773,0.2187026283190355,0.22059312814533197,11.458902440377914,0.33898762700609436,0.13640272302105486,0.11056976871572703,150
/home/iiitn/Datasets/FaceForensics++/manipulated_sequences/Face2Face/c23/videos/157_245.mp4,1,0.19377881704007124,6.565484247578798,0.21973347657559197,0.30182966367465,0.2338347279150413,10.888191880115698,0.3755244675788423,0.12588287292631192,4.723843950133931,150
/home/iiitn/Datasets/FaceForensics++/manipulated_sequences/Face2Face/c23/videos/146_256.mp4,1,0.23644780455922979,24.277446989980508,0.7420969367894532,0.04907811798170075,0.291400944298917,25.19364802433576,0.3537666548436719,0.018966113766235356,0.6836684707779301,150
/home/iiitn/Datasets/FaceForensics++/manipulated_sequences/Face2Face/c23/videos/158_379.mp4,1,0.2728845951080639,15.587453516134289,0.06914255915479718,0.12243513772016663,0.27950897008042197,14.093551130894712,-0.09297035795917115,0.024487197189727236,150.0034131117954,150
/home/iiitn/Datasets/FaceForensics++/manipulated_sequences/Face2Face/c23/videos/154_386.mp4,1,0.23818436666211448,9.241596812771755,0.16751389198064062,0.07715284500350485,0.32037373531294827,11.22800111995349,0.27523052207704884,0.07712417521642,4.702084975364007,150
/home/iiitn/Datasets/FaceForensics++/manipulated_sequences/Face2Face/c23/videos/159_175.mp4,1,0.1603076198154852,5.667012078788548,0.46065829458742474,0.18221514212738865,0.1640187240778552,4.9652598575118985,0.4056589499447456,0.23878965306720457,1.7354080111972385,150
/home/iiitn/Datasets/FaceForensics++/manipulated_sequences/Face2Face/c23/videos/161_141.mp4,1,0.24157316783110047,7.681488927170307,0.5718013633804425,0.3145486787439476,0.2024765639669618,6.042789264729532,0.505424666475974,0.42174945572569783,4.017676877261477,150
/home/iiitn/Datasets/FaceForensics++/manipulated_sequences/Face2Face/c23/videos/160_928.mp4,1,0.16868174924510912,4.131466641360002,0.17177869446872518,0.364702058200705,0.23985081489482687,6.248931693999175,0.4796365609982385,0.010244682394514041,10.201941465721415,150
/home/iiitn/Datasets/FaceForensics++/manipulated_sequences/Face2Face/c23/videos/166_167.mp4,1,0.21215427363394201,17.0721034016905,-0.1266638615142852,0.036113310863358,0.19576102904233306,8.58138881612266,0.05013177571119675,0.04216376893423898,0.22839131729144038,150
/home/iiitn/Datasets/FaceForensics++/manipulated_sequences/Face2Face/c23/videos/164_216.mp4,1,0.22194828504477648,11.610158091213215,0.10710731561374474,0.10102069148019836,0.17860557476357797,6.267347946642091,0.29737504458818037,0.3162154782205901,0.03326064813622808,150
/home/iiitn/Datasets/FaceForensics++/manipulated_sequences/Face2Face/c23/videos/165_137.mp4,1,0.17160900647869562,5.692473737798238,0.38448518421586075,0.103452620831101,0.19722243365228553,10.567661503721027,0.2904041324668056,0.22941302026476432,1.4540324126394792,150
/home/iiitn/Datasets/FaceForensics++/manipulated_sequences/Face2Face/c23/videos/162_330.mp4,1,0.18913461276299626,8.118973893123496,0.3276314222060398,0.030105508275711068,0.22265275018088007,7.297758056697897,0.15286092361715486,0.024739636984045677,4.7930377573085154,150
/home/iiitn/Datasets/FaceForensics++/manipulated_sequences/Face2Face/c23/videos/169_227.mp4,1,0.3123773543725672,16.211487810424682,0.7739553278649267,0.11708610069493793,0.25768794933308226,9.716187101326378,0.27228740359968,0.29507262958546293,0.2302785910179233,150
/home/iiitn/Datasets/FaceForensics++/manipulated_sequences/Face2Face/c23/videos/168_222.mp4,1,0.18767176789143716,5.161875231538944,0.16650187768354865,0.2791989614562809,0.1804369330406548,4.514728945400254,0.28949915482646543,0.07833788191079318,0.7433659633972056,150
/home/iiitn/Datasets/FaceForensics++/manipulated_sequences/Face2Face/c23/videos/163_031.mp4,1,0.23095981518156203,7.004129526821103,0.4195459596077078,0.09452910754208758,0.19559886253242267,5.307004304089358,0.5164137533353143,0.3024960331168628,0.37889307277159184,150
/home/iiitn/Datasets/FaceForensics++/manipulated_sequences/Face2Face/c23/videos/167_166.mp4,1,0.24376144438706038,13.50437426263177,0.07405053861721964,0.0710809181148563,0.1972247205566707,8.599660538077526,0.23494708098754927,0.10460650458182726,10.766271314265856,150
/home/iiitn/Datasets/FaceForensics++/manipulated_sequences/Face2Face/c23/videos/172_582.mp4,1,0.29680837420437195,17.183823264183587,0.3494034471138054,0.038702901820820625,0.2665648337626665,13.532218785886323,0.532217915520436,0.10297840494238653,0.043977631210103355,150
/home/iiitn/Datasets/FaceForensics++/manipulated_sequences/Face2Face/c23/videos/175_159.mp4,1,0.21111413357087438,6.879074892103463,0.17777954552282593,0.14397677267271466,0.17837390431180386,5.124182697329068,0.33369713087043434,0.27064325615350415,29.55764103220219,150
/home/iiitn/Datasets/FaceForensics++/manipulated_sequences/Face2Face/c23/videos/178_598.mp4,1,0.25984344984990787,18.465622226382877,0.378855979205346,0.3041656159200903,0.21527291205045648,9.358017686247912,0.10935384835315164,0.06440775920602486,0.07560429542967054,150
/home/iiitn/Datasets/FaceForensics++/manipulated_sequences/Face2Face/c23/videos/179_212.mp4,1,0.26246073962407435,10.495468290381723,0.2756784099391012,0.03324344155476396,0.2379616303518747,6.91548510707145,0.41230310687206756,0.02852514674128366,0.13862163168923639,150
/home/iiitn/Datasets/FaceForensics++/manipulated_sequences/Face2Face/c23/videos/177_211.mp4,1,0.1974753779209599,6.502712146369728,0.346808877115083,0.14088915158959398,0.1864366452545464,5.598379072273417,0.45704048260947255,0.22329393937638542,10.128397238980913,150
/home/iiitn/Datasets/FaceForensics++/manipulated_sequences/Face2Face/c23/videos/180_105.mp4,1,0.1948975762661503,6.07130146554066,0.21425984682993326,0.05535694021758394,0.3744995066670582,18.90966530678914,0.42847195943222943,0.0446088805029791,40.97311094187616,150
/home/iiitn/Datasets/FaceForensics++/manipulated_sequences/Face2Face/c23/videos/171_173.mp4,1,0.22536229273253958,9.008067040417467,0.6600112650923605,0.14875134809363982,0.21338993905809747,8.51043475796039,0.5401396831315708,0.15314783780335622,4.576198874510994,150
/home/iiitn/Datasets/FaceForensics++/manipulated_sequences/Face2Face/c23/videos/181_199.mp4,1,0.2881913405586764,14.43384049901492,0.3891528534132485,0.12519233263986265,0.23975616092640903,9.589703867658542,0.3648589334893513,0.25108212036380745,0.04665636610171507,150
/home/iiitn/Datasets/FaceForensics++/manipulated_sequences/Face2Face/c23/videos/173_171.mp4,1,0.302566192532374,16.3429320677435,0.5733132684442568,0.07425346768104545,0.27630074289857237,11.222394934343086,0.32831642840801806,0.16488211227235416,6.321193507434259,150
/home/iiitn/Datasets/FaceForensics++/manipulated_sequences/Face2Face/c23/videos/170_186.mp4,1,0.2568326676627584,14.140316199322678,0.5156288498959318,0.0790177164379485,0.2824420445347049,20.378390638536793,0.22307573399539127,0.21532103223100743,4.065439233027422,150
/home/iiitn/Datasets/FaceForensics++/manipulated_sequences/Face2Face/c23/videos/174_964.mp4,1,0.23756959278791,8.10799486648879,0.4470048850442823,0.1897158632713687,0.22259992929092542,6.964696638887747,0.2922371513340751,0.24905398614293928,1.2736804609210797,150
/home/iiitn/Datasets/FaceForensics++/manipulated_sequences/Face2Face/c23/videos/176_190.mp4,1,0.2578717912700573,8.242589425424649,0.4644808613049462,0.0917530289816491,0.257611830829834,11.64684909404154,0.3826457756575968,0.3482266215182465,18.26340639418172,150
/home/iiitn/Datasets/FaceForensics++/manipulated_sequences/Face2Face/c23/videos/185_276.mp4,1,0.22198969214215514,9.823439222840614,0.3419091971235157,0.21239078213358129,0.2420504849539805,11.82724766531345,0.13413814746975758,0.017576694624525355,0.5235188591144121,150
/home/iiitn/Datasets/FaceForensics++/manipulated_sequences/Face2Face/c23/videos/182_242.mp4,1,0.24795021380837276,9.536682582296102,0.2814271392347344,0.20381553032989908,0.2913862926257322,13.697457360626075,0.4637688145937839,0.07741187831962885,0.7990700786426027,150
/home/iiitn/Datasets/FaceForensics++/manipulated_sequences/Face2Face/c23/videos/183_253.mp4,1,0.16377050215385192,4.885686732761777,0.539912061202965,0.2993335340441849,0.21590210774969587,8.211323397772581,0.5920400425286018,0.019119480439600392,0.2173160131115137,150
/home/iiitn/Datasets/FaceForensics++/manipulated_sequences/Face2Face/c23/videos/184_205.mp4,1,0.19196009794446015,8.404279518156732,0.1114481095657764,0.18775920829936044,0.21736824074762676,11.082675756358123,0.141533468072904,0.3137787611064832,0.024009621976122976,150
/home/iiitn/Datasets/FaceForensics++/manipulated_sequences/Face2Face/c23/videos/188_191.mp4,1,0.2832798720492732,11.092373010601634,0.026673151530871565,0.11147061856744324,0.2794832756025522,11.316602533651158,0.2714243717764278,0.031867786597584026,0.1986550694237244,150
/home/iiitn/Datasets/FaceForensics++/manipulated_sequences/Face2Face/c23/videos/189_200.mp4,1,0.2581432389725451,10.665500365559941,0.5083291700828005,0.12262661448586482,0.25016993757913547,8.207896670117046,0.6647630024954679,0.09755137154227396,104.01883350267781,150
/home/iiitn/Datasets/FaceForensics++/manipulated_sequences/Face2Face/c23/videos/187_234.mp4,1,0.3110419703409992,21.451263263502394,0.3623281862646957,0.022472525167877663,0.31875081423583806,22.015494118747487,0.46437217993030266,0.01456501035785684,5.5592805902294735,150
/home/iiitn/Datasets/FaceForensics++/manipulated_sequences/Face2Face/c23/videos/194_235.mp4,1,0.20057261943500648,9.837956683412012,0.5368564620554572,0.15436568926889532,0.2002406997799091,9.108295152653868,0.5009802012345447,0.04873300361616446,40.40471844806305,150
/home/iiitn/Datasets/FaceForensics++/manipulated_sequences/Face2Face/c23/videos/186_170.mp4,1,0.1991914569779483,6.533552119101427,0.46586217638699406,0.1205934881177071,0.2800883534352794,8.34596924490924,0.31487653013027544,0.1666447879483545,0.0676232380567516,150
/home/iiitn/Datasets/FaceForensics++/manipulated_sequences/Face2Face/c23/videos/196_310.mp4,1,0.2285781138061643,10.085988939869374,-0.02268546394657329,0.15165775014167146,0.1938259158222492,7.869041289150388,0.06081028999147165,0.32201595896607543,27.653295108448983,150
/home/iiitn/Datasets/FaceForensics++/manipulated_sequences/Face2Face/c23/videos/192_134.mp4,1,0.22681068495640658,6.146600598228932,0.32226826092773975,0.21124319023748975,0.22967650080653312,6.335512023807723,0.4847738424957755,0.06298745500920101,0.09476018948030579,150
/home/iiitn/Datasets/FaceForensics++/manipulated_sequences/Face2Face/c23/videos/190_176.mp4,1,0.2813151944448809,13.399492961522286,0.5668041678180592,0.09910779447734408,0.26576149046230846,10.648735662269667,0.5603593514452129,0.1808922069490019,3.7891092283044796,150
/home/iiitn/Datasets/FaceForensics++/manipulated_sequences/Face2Face/c23/videos/198_106.mp4,1,0.25314455193988106,13.477404114537373,0.3723758263029547,0.032315919906355996,0.30114141246531567,17.50058279529846,0.20808507323022832,0.00580493492642683,0.22097704789057318,150
/home/iiitn/Datasets/FaceForensics++/manipulated_sequences/Face2Face/c23/videos/197_224.mp4,1,0.2057646571761599,8.095412032089227,0.1740031664091848,0.053043986100129135,0.21421506362953804,8.952843020262717,0.2660128356773588,0.2674395925408825,19.51967796178653,150
/home/iiitn/Datasets/FaceForensics++/manipulated_sequences/Face2Face/c23/videos/195_442.mp4,1,0.33047122373590376,26.66251470294502,0.5642640113884024,0.2619895184796795,0.2963648972200944,14.021297156177537,0.35231139118074656,0.20240376454754672,0.10529921656322434,150
/home/iiitn/Datasets/FaceForensics++/manipulated_sequences/Face2Face/c23/videos/191_188.mp4,1,0.22515881673579838,10.137473370305445,0.31174407534358367,0.18919358950685883,0.30411363875956726,13.419771744912808,0.7296036822722431,0.3856914703059687,2.1440705457732805,150
/home/iiitn/Datasets/FaceForensics++/manipulated_sequences/Face2Face/c23/videos/200_189.mp4,1,0.24608705873385253,10.840965775143667,0.4246446992126849,0.08810682857837648,0.23636027959964012,10.369053282626227,0.7190340638638877,0.19243889291907249,3.370021033298189,150
/home/iiitn/Datasets/FaceForensics++/manipulated_sequences/Face2Face/c23/videos/199_181.mp4,1,0.21912710251311554,8.336402723492311,0.5314712018343629,0.27603104560630337,0.23394700049359596,8.36386839965865,0.4836822010390767,0.021808478560024783,3.6681439614090317,150
/home/iiitn/Datasets/FaceForensics++/manipulated_sequences/Face2Face/c23/videos/201_203.mp4,1,0.17550491960726,4.781914078859742,0.43764504183601605,0.19707564532085853,0.2166565832925508,7.36929822342888,0.3994736757299804,0.07467593949326695,0.7166931406275063,150
/home/iiitn/Datasets/FaceForensics++/manipulated_sequences/Face2Face/c23/videos/193_030.mp4,1,0.27772482880308164,13.277292469214593,0.05061621428173927,0.06889407892929811,0.23422061535508668,8.388252176948148,0.05050819035088263,0.1036053900868017,3.039276263386483,150
/home/iiitn/Datasets/FaceForensics++/manipulated_sequences/Face2Face/c23/videos/202_348.mp4,1,0.1974970169453063,8.767652865984486,0.29341116237244697,0.11984504617103796,0.24841740099224743,11.840193720094767,0.3953133979487981,0.12134351146587513,0.1474198064997611,150
/home/iiitn/Datasets/FaceForensics++/manipulated_sequences/Face2Face/c23/videos/206_221.mp4,1,0.2592952952093976,12.499442259185196,0.4608610201310825,0.04094162199126252,0.26106788137639986,9.656823844619064,0.45957825858151935,0.24856571419162043,0.3872831495914339,150
/home/iiitn/Datasets/FaceForensics++/manipulated_sequences/Face2Face/c23/videos/203_201.mp4,1,0.23215049763414208,7.686989713338378,0.2326799041400115,0.22874806104903492,0.24083273127375063,8.76769951427404,0.36434344490318554,0.048665722476643795,11.195984912110976,150
/home/iiitn/Datasets/FaceForensics++/manipulated_sequences/Face2Face/c23/videos/204_230.mp4,1,0.210397197513168,14.054674887122504,0.3220273087787719,0.21981917839184892,0.2961109402783569,24.119845684495072,0.6019594331827819,0.4169243294717698,0.7839872419811688,150
/home/iiitn/Datasets/FaceForensics++/manipulated_sequences/Face2Face/c23/videos/208_215.mp4,1,0.2153956363741756,11.334670171916295,0.4795586741414685,0.32147052182460595,0.1969881657574466,9.067221000894504,0.3429896262948679,0.03983813209643087,2.856818862448395,150
/home/iiitn/Datasets/FaceForensics++/manipulated_sequences/Face2Face/c23/videos/210_241.mp4,1,0.2721107176840421,12.976998312439306,0.22738327293270647,0.34402899696611056,0.2892438338473489,11.915267099889272,0.10630110072023284,0.33390908689579807,2.2875516883325053,150
/home/iiitn/Datasets/FaceForensics++/manipulated_sequences/Face2Face/c23/videos/205_184.mp4,1,0.22154101014730396,9.959344655273453,0.3669039231881687,0.08797221493654162,0.2974268455756311,16.843863214340193,0.7549723768805453,0.033374972370767315,0.28053751092223594,150
/home/iiitn/Datasets/FaceForensics++/manipulated_sequences/Face2Face/c23/videos/209_016.mp4,1,0.1920033528137023,6.996812080221402,0.5164777823892452,0.11926100583104249,0.26530603489302335,8.881418079454898,0.7510497793202275,0.08670316537378579,29.377824126780336,150
/home/iiitn/Datasets/FaceForensics++/manipulated_sequences/Face2Face/c23/videos/214_255.mp4,1,0.1708507357252859,3.735300823815397,0.6298183516139577,0.00796029667649959,0.21899085032371804,12.618005391454169,0.700620772934924,0.1666448012443814,1.7586021666831877,150
/home/iiitn/Datasets/FaceForensics++/manipulated_sequences/Face2Face/c23/videos/212_179.mp4,1,0.19996116579365697,6.3163657373575886,0.44339664763113035,0.3954826523460055,0.16601487772020532,3.838471201085133,0.1784263773875379,0.39742128930383913,32.6593993570691,150
/home/iiitn/Datasets/FaceForensics++/manipulated_sequences/Face2Face/c23/videos/215_208.mp4,1,0.24530450772047444,14.667556225821608,0.20898087245385444,0.07535858177139095,0.27188419936908836,15.516005079521113,0.37369940132012286,0.2850056934140863,0.4836924530413309,150
/home/iiitn/Datasets/FaceForensics++/manipulated_sequences/Face2Face/c23/videos/213_083.mp4,1,0.24855492223023642,9.602397811079483,0.4872703060708096,0.26051925220022437,0.34723740407085396,24.895003912422684,0.11146536147190894,0.023217856725073812,12.665843645561118,150
/home/iiitn/Datasets/FaceForensics++/manipulated_sequences/Face2Face/c23/videos/211_177.mp4,1,0.2652824794811846,13.063108572761294,0.2929703778480846,0.07948730400689252,0.25481376720418075,12.330932110929963,0.2572265617272856,0.15083118529557096,0.9011959675825132,150
/home/iiitn/Datasets/FaceForensics++/manipulated_sequences/Face2Face/c23/videos/218_239.mp4,1,0.22078098539467575,8.881997835896474,-0.10178271701100972,0.18810618302511395,0.17860232038000542,6.227091143997844,-0.04624201992044269,0.4221237925138807,0.3205195499097391,150
/home/iiitn/Datasets/FaceForensics++/manipulated_sequences/Face2Face/c23/videos/216_164.mp4,1,0.20455372471224367,6.937512726762281,0.5400485268345367,0.03547394207957121,0.19158965479967863,6.805509877710669,0.36548375107450887,0.2640650026980866,3.42924950383001,150
/home/iiitn/Datasets/FaceForensics++/manipulated_sequences/Face2Face/c23/videos/220_219.mp4,1,0.21796363295401242,8.328622567420792,0.23175680610888746,0.4061394818600883,0.19591556807666977,6.2813157527853605,0.23276383051651517,0.25339831754372627,1.3820351808167834,150
/home/iiitn/Datasets/FaceForensics++/manipulated_sequences/Face2Face/c23/videos/207_908.mp4,1,0.24104748380618068,10.418508329522766,0.5651021319869743,0.2647514219454264,0.2937804501736585,15.023851248224906,0.12746758725862808,0.03710034887524848,0.5138597639267855,150
/home/iiitn/Datasets/FaceForensics++/manipulated_sequences/Face2Face/c23/videos/219_220.mp4,1,0.313450666761872,17.79044188799334,0.5746080191194068,0.11038663299752899,0.3826050136313796,19.19409536585779,0.44572744493784944,0.0709671590677046,100.39007609818437,150
/home/iiitn/Datasets/FaceForensics++/manipulated_sequences/Face2Face/c23/videos/222_168.mp4,1,0.21555466950623758,6.440165201671839,0.22444869613792454,0.03514255221594001,0.22380825925471068,7.581311731884273,0.2359415240444719,0.010115392069113957,11.522186379155041,150
/home/iiitn/Datasets/FaceForensics++/manipulated_sequences/Face2Face/c23/videos/224_197.mp4,1,0.24239633802889415,7.392692740105249,0.19910307457066526,0.1508888991745555,0.20580989107296466,7.776806760613994,0.19891703257495444,0.09902201486940576,1.498756540984704,150
/home/iiitn/Datasets/FaceForensics++/manipulated_sequences/Face2Face/c23/videos/231_663.mp4,1,0.22254705223143337,7.664401590084739,-0.0789320356514482,0.2344495280199754,0.336736971690045,13.546566435144173,0.0020323309769767852,0.09220016690511067,1.7298585193856684,150
/home/iiitn/Datasets/FaceForensics++/manipulated_sequences/Face2Face/c23/videos/217_117.mp4,1,0.3340399231592221,17.22272250423597,0.7495542162045595,0.15862125648073858,0.3137393998092799,19.695379653917055,0.8155287306628706,0.1727634581576815,30.247073002042878,150
/home/iiitn/Datasets/FaceForensics++/manipulated_sequences/Face2Face/c23/videos/228_289.mp4,1,0.2695188473700913,11.751069856644913,-0.029482394976550048,0.15115198274796757,0.22432976517042905,8.08190146771443,0.08498164367811668,0.2032816875365835,3.1639954083192907,150
/home/iiitn/Datasets/FaceForensics++/manipulated_sequences/Face2Face/c23/videos/225_151.mp4,1,0.2198506608257166,6.344873117469323,0.1766223322851466,0.10034667307272406,0.2703041793205046,10.685236664517973,0.0627006224544523,0.04020466265026487,2.180523689651186,150
/home/iiitn/Datasets/FaceForensics++/manipulated_sequences/Face2Face/c23/videos/229_247.mp4,1,0.17850653674781344,5.188505711084095,0.27199319359052815,0.2872358078866684,0.21551080657989655,9.003242767114129,0.07046052813770906,0.04653460830812665,125.42890061912968,150
/home/iiitn/Datasets/FaceForensics++/manipulated_sequences/Face2Face/c23/videos/226_491.mp4,1,0.27022504488930327,9.916788343301555,0.664495164763038,0.3946630356781446,0.16154255728864228,3.967525023942317,0.6022407195581395,0.29877615680477976,1.3909534120823672,150
/home/iiitn/Datasets/FaceForensics++/manipulated_sequences/Face2Face/c23/videos/227_169.mp4,1,0.18131111252093138,4.34484402213782,0.15002948359444876,0.2697441057719842,0.23316335015514322,5.031240220334687,0.10832032773436388,0.11342470667081768,15.591292387679344,150
/home/iiitn/Datasets/FaceForensics++/manipulated_sequences/Face2Face/c23/videos/232_248.mp4,1,0.16227529443981398,5.008063874027117,0.29392288342448564,0.032787074813993115,0.17304882741948036,3.527060190970866,0.32499272385183675,0.03105041116069648,3.8247841331807617,150
/home/iiitn/Datasets/FaceForensics++/manipulated_sequences/Face2Face/c23/videos/230_204.mp4,1,0.22089927824357272,13.320404952606475,0.23015117961879597,0.33158240060224126,0.2876905495767793,9.583697540671967,0.5720613723698169,0.4650967018333298,0.6689829111436827,150
/home/iiitn/Datasets/FaceForensics++/manipulated_sequences/Face2Face/c23/videos/223_586.mp4,1,0.38828089453542863,23.854760803520133,0.07028521495193647,0.19710321613444878,0.40309652365466137,30.908763673160152,0.07636077656466751,0.2118209765418706,2.2636843411064174,150
/home/iiitn/Datasets/FaceForensics++/manipulated_sequences/Face2Face/c23/videos/236_237.mp4,1,0.2267010324191633,6.366461495389946,0.34641772742459137,0.19948116471826338,0.1739230340306885,5.016365625375187,0.48417445285881344,0.2077037904474018,4.655804056625399,150
/home/iiitn/Datasets/FaceForensics++/manipulated_sequences/Face2Face/c23/videos/239_218.mp4,1,0.18932687963166792,6.547282147253931,0.2696907938677618,0.34353012968718893,0.18436675376928613,6.452968977076384,0.15127766824357003,0.17673884254360953,2.234267893253798,150
/home/iiitn/Datasets/FaceForensics++/manipulated_sequences/Face2Face/c23/videos/240_290.mp4,1,0.2556389879633018,21.43268039020063,0.3715791653527049,0.028392818757708525,0.2526113051232301,19.113207025870228,0.3797880326380225,0.0798230077319312,0.0413122771365385,150
/home/iiitn/Datasets/FaceForensics++/manipulated_sequences/Face2Face/c23/videos/235_194.mp4,1,0.276967205244269,14.199227564518862,0.3854689618813983,0.14949366064180844,0.23634071523463077,7.174884265579094,0.261930697745671,0.3268856840360668,0.14321565948296558,150
/home/iiitn/Datasets/FaceForensics++/manipulated_sequences/Face2Face/c23/videos/238_282.mp4,1,0.25233497834423163,13.622610004715982,-0.18901561324338542,0.29805464027205186,0.29191051340843255,13.56592022707953,-0.062167481064783335,0.045219751399994124,8.391065740672966,150
/home/iiitn/Datasets/FaceForensics++/manipulated_sequences/Face2Face/c23/videos/233_995.mp4,1,0.19303083514542915,4.74438456419094,0.19403305834295426,0.1536625431039328,0.2136165530174625,5.768998187712886,0.14738370398775838,0.08180997506348114,51.58805779943885,150
/home/iiitn/Datasets/FaceForensics++/manipulated_sequences/Face2Face/c23/videos/242_182.mp4,1,0.23843510854858993,7.162514402223146,0.032763329018235386,0.20682382427211055,0.3098392497441394,11.425107347405891,0.3034056761252519,0.051244840021973694,0.8765665292104686,150
/home/iiitn/Datasets/FaceForensics++/manipulated_sequences/Face2Face/c23/videos/241_210.mp4,1,0.22345126553179495,6.955362586010293,0.333108414297194,0.2626611079236613,0.1751858681515989,3.630342211073741,0.44603197811173256,0.10437817236923524,0.4126306548482369,150
/home/iiitn/Datasets/FaceForensics++/manipulated_sequences/Face2Face/c23/videos/245_157.mp4,1,0.24357561290982263,12.597864787157327,0.18238730467752576,0.3731465716910171,0.2653982170500026,14.429925709895775,0.23958265514154545,0.28112167154810214,0.16852652842928842,150
/home/iiitn/Datasets/FaceForensics++/manipulated_sequences/Face2Face/c23/videos/234_187.mp4,1,0.2924470169437225,20.616171283695984,0.8912091159415922,0.03717950650891269,0.2823289912547747,15.437399969412374,0.8349632077962426,0.055143249479895184,0.37333551464990433,150
/home/iiitn/Datasets/FaceForensics++/manipulated_sequences/Face2Face/c23/videos/243_156.mp4,1,0.1615208866804129,5.346189888265591,0.2184586758063205,0.35431937042647976,0.20413493525780757,9.79674357598674,0.23451774859081262,0.2812598887274708,7.277908643878727,150
/home/iiitn/Datasets/FaceForensics++/manipulated_sequences/Face2Face/c23/videos/247_229.mp4,1,0.2147274855469856,10.86780460747516,0.32770533878374675,0.3498232486564134,0.227418885798062,7.414396198923886,0.28219742165355716,0.2095624767863762,51.74415639881563,150
/home/iiitn/Datasets/FaceForensics++/manipulated_sequences/Face2Face/c23/videos/249_280.mp4,1,0.24741667551874494,9.434868260604498,0.5841955025241633,0.0549438671756201,0.2255304450562455,6.5455968435063,0.21382592381956247,0.15445103952983294,1.5719980299029346,150
/home/iiitn/Datasets/FaceForensics++/manipulated_sequences/Face2Face/c23/videos/244_822.mp4,1,0.34712674789504616,19.433340716135728,0.4421387848667317,0.06877413106417314,0.3060966616043436,21.834804263292753,0.5005464812114385,0.01125383430873164,0.3919666033422993,150
/home/iiitn/Datasets/FaceForensics++/manipulated_sequences/Face2Face/c23/videos/248_232.mp4,1,0.2266365665580853,11.039728588598805,0.06956518223566471,0.04562424264804787,0.17883432246727848,4.219032479022769,-0.047195005383294464,0.03749743246892109,9.348695352644736,150
/home/iiitn/Datasets/FaceForensics++/manipulated_sequences/Face2Face/c23/videos/246_258.mp4,1,0.2344437606761757,12.850569713209003,0.381924751172009,0.03157878878364778,0.2283062530291878,11.30501754110062,0.36563764466306176,0.06761282609045685,0.6735785993470932,150
/home/iiitn/Datasets/FaceForensics++/manipulated_sequences/Face2Face/c23/videos/250_461.mp4,1,0.21034612776842074,8.127650132951361,0.49162519354976025,0.3488197956290297,0.224667204404681,7.524098167791091,0.4007244317720022,0.3454260382907641,0.8328169294626901,150
/home/iiitn/Datasets/FaceForensics++/manipulated_sequences/Face2Face/c23/videos/252_266.mp4,1,0.23197289075009322,7.013800868455864,0.285225834250421,0.13714073327935483,0.17611199755360496,4.679616961772236,0.31852602185265017,0.31639542640010215,99.77300221455332,150
/home/iiitn/Datasets/FaceForensics++/manipulated_sequences/Face2Face/c23/videos/253_183.mp4,1,0.1937056777978338,5.6031029026752535,0.04740180017281259,0.15091870705613752,0.1895787756021122,5.295689483290922,0.7526729506781956,0.19874643423994398,5.273124268257357,150
/home/iiitn/Datasets/FaceForensics++/manipulated_sequences/Face2Face/c23/videos/255_214.mp4,1,0.3014160252980473,14.08902619194364,0.1302297040082127,0.18498985750167182,0.2394945365508946,9.352533801334552,0.09940476051049486,0.2462747075294598,1.414433624557089,150
/home/iiitn/Datasets/FaceForensics++/manipulated_sequences/Face2Face/c23/videos/251_375.mp4,1,0.19093740838094772,6.87535663609453,0.22018802114204927,0.22343578238324588,0.1703447840667358,6.120812031433741,0.2460926083352488,0.21879996671453306,0.29236902877152293,150
/home/iiitn/Datasets/FaceForensics++/manipulated_sequences/Face2Face/c23/videos/257_420.mp4,1,0.24486481564523754,10.478133146560856,0.3070204847637444,0.22097953741078177,0.22165090953652308,11.608807659728656,0.22771987608529676,0.039928868615885585,39.43906499405304,150
/home/iiitn/Datasets/FaceForensics++/manipulated_sequences/Face2Face/c23/videos/259_345.mp4,1,0.1944192454111712,9.478252399493742,0.23231648184466205,0.03304111784698044,0.1783779802643161,6.053900834785459,0.17144744255322333,0.1057731584856102,12.113181457837818,150
/home/iiitn/Datasets/FaceForensics++/manipulated_sequences/Face2Face/c23/videos/260_331.mp4,1,0.16118086704814752,5.1649582172279915,0.4787817270490115,0.324729528168795,0.20971997342220783,5.521873587528382,0.6240043348418493,0.01255102974139407,1.188419831473923,150
/home/iiitn/Datasets/FaceForensics++/manipulated_sequences/Face2Face/c23/videos/261_254.mp4,1,0.16523561296890596,5.479489599308578,0.17154320836344905,0.16016602801263466,0.15161603950066246,4.086771570844221,0.3476546178455342,0.4781188264432552,0.06301227040323892,150
/home/iiitn/Datasets/FaceForensics++/manipulated_sequences/Face2Face/c23/videos/256_146.mp4,1,0.23636758611916697,12.195100014894479,0.38037324286216584,0.12309996854781731,0.2692601742024283,12.467045258225474,0.3876057839392056,0.21476514981568273,3.3025542591810577,150
/home/iiitn/Datasets/FaceForensics++/manipulated_sequences/Face2Face/c23/videos/262_301.mp4,1,0.13895718672839763,3.18493457821121,0.32679121907174347,0.18464777336754334,0.16259684288853496,4.420745114178317,0.5422543910220501,0.04378959441362596,0.13967836859945582,150
/home/iiitn/Datasets/FaceForensics++/manipulated_sequences/Face2Face/c23/videos/264_271.mp4,1,0.19289111485148816,5.93398520762932,0.2585343863278983,0.050861534262406416,0.24935826467466757,12.072082239336433,0.18708166276264002,0.020881743406032785,0.6158121015242917,150
/home/iiitn/Datasets/FaceForensics++/manipulated_sequences/Face2Face/c23/videos/258_246.mp4,1,0.1674677755772671,5.144305966682524,0.2109816263109621,0.3873987829570704,0.1994600932331917,9.072163958503474,0.24640851661759847,0.2824835471105935,160.56235948531432,150
/home/iiitn/Datasets/FaceForensics++/manipulated_sequences/Face2Face/c23/videos/263_284.mp4,1,0.23093324675473537,7.170607338501317,0.7016364633892916,0.08551034687800145,0.23166070848678708,7.060915648329043,0.6793244229170714,0.13374113761325632,5.749709284535334,150
/home/iiitn/Datasets/FaceForensics++/manipulated_sequences/Face2Face/c23/videos/266_252.mp4,1,0.22722374527018274,9.447468434334889,0.21212896157349237,0.28573352791620854,0.21210383590943768,12.223713495695861,0.4059517252201939,0.4856788204313291,10.654732789260704,150
/home/iiitn/Datasets/FaceForensics++/manipulated_sequences/Face2Face/c23/videos/268_269.mp4,1,0.31495558963548226,16.65752641823251,0.09512533539902561,0.0965407008561497,0.30481562257054745,15.34416510034153,0.12179235217724403,0.0474251096660352,8.224506197507889,150
/home/iiitn/Datasets/FaceForensics++/manipulated_sequences/Face2Face/c23/videos/270_297.mp4,1,0.18131149062351534,5.023046053902168,0.46003003586331054,0.14265370842699496,0.16763185441740203,5.435687481913409,0.3889446895560124,0.004790500750906893,105.30028872164635,150
/home/iiitn/Datasets/FaceForensics++/manipulated_sequences/Face2Face/c23/videos/271_264.mp4,1,0.20515984690028932,8.093632353335183,0.17034117965300521,0.3438677369297347,0.19362500001163427,5.513230441075013,-0.04433293786508367,0.1816245212831351,1.1377294818867925,150
/home/iiitn/Datasets/FaceForensics++/manipulated_sequences/Face2Face/c23/videos/269_268.mp4,1,0.30226085139883563,16.12863107892149,0.720624480513279,0.017712799402267342,0.21597208100339138,5.949464181082125,0.4118637518191548,0.08173152711320154,1.3780677226679765,150
/home/iiitn/Datasets/FaceForensics++/manipulated_sequences/Face2Face/c23/videos/267_286.mp4,1,0.25014405333382356,9.697641096762867,0.7274904885271964,0.030050960338358274,0.2573632357977818,8.875073789734019,0.7589623408109905,0.023790154304893358,0.3427195857200133,150
/home/iiitn/Datasets/FaceForensics++/manipulated_sequences/Face2Face/c23/videos/275_887.mp4,1,0.27582933006431737,15.899357474928939,0.7326058318533072,0.06847270865746485,0.24824414095588176,14.099480613752457,0.7050059388671919,0.09694239061949639,9.477193458236687,150
/home/iiitn/Datasets/FaceForensics++/manipulated_sequences/Face2Face/c23/videos/265_475.mp4,1,0.16275610838006382,4.880376436402213,0.24662942441026978,0.21222735170633944,0.21534396866519487,6.8056943463559385,0.5158149279497355,0.07393949953812336,8.166229852770865,150
/home/iiitn/Datasets/FaceForensics++/manipulated_sequences/Face2Face/c23/videos/272_396.mp4,1,0.2188474033794013,7.540200848612355,0.2494547116591703,0.12643314314845253,0.2575765927491089,15.07195204289757,-0.07486169564711263,0.12903582094151853,91.00249096378107,150
/home/iiitn/Datasets/FaceForensics++/manipulated_sequences/Face2Face/c23/videos/276_185.mp4,1,0.25739834945448026,14.041621103296704,0.45278112968578427,0.07584166762312361,0.18237240654188525,9.310000838390419,0.4040141064869123,0.08794177448557851,6.377258425923845,150
/home/iiitn/Datasets/FaceForensics++/manipulated_sequences/Face2Face/c23/videos/273_807.mp4,1,0.23639552194935445,6.40247280459083,0.13475362779051767,0.236268630914088,0.2043843921589025,5.611386399854758,0.34729843328835736,0.03708936307507081,13.054699622438363,150
/home/iiitn/Datasets/FaceForensics++/manipulated_sequences/Face2Face/c23/videos/274_412.mp4,1,0.1891466932686314,5.981780196020991,0.23551908010470757,0.3658684253633305,0.2208673775031528,7.067144601404294,0.1159979856500013,0.4065143116541359,2.2997493687722437,150
/home/iiitn/Datasets/FaceForensics++/manipulated_sequences/Face2Face/c23/videos/279_298.mp4,1,0.2058771743028083,5.358520376135819,0.4421119501779665,0.41164871895706073,0.21615665171908569,5.229366438589368,0.49787330304804495,0.3259737731281587,0.5283092304988438,150
/home/iiitn/Datasets/FaceForensics++/manipulated_sequences/Face2Face/c23/videos/278_306.mp4,1,0.25561665472630685,13.955719025890891,0.11019193557484568,0.13189792601104788,0.23806380567681631,8.90765425793822,0.31672984030780843,0.18607894963199767,19.066774895479206,150
/home/iiitn/Datasets/FaceForensics++/manipulated_sequences/Face2Face/c23/videos/277_335.mp4,1,0.3348766728426611,21.810276274184066,0.33492858098526884,0.09755250901706088,0.2499210438720485,8.319405150362572,0.44701201196880547,0.3244855367445494,0.7095589172875892,150
/home/iiitn/Datasets/FaceForensics++/manipulated_sequences/Face2Face/c23/videos/280_249.mp4,1,0.22276220031811858,7.184679013676544,0.3600790454488718,0.1671731829925405,0.23535724137067282,8.765791408057083,0.39401398744277366,0.2770540613529852,1.6791388826770421,150
/home/iiitn/Datasets/FaceForensics++/manipulated_sequences/Face2Face/c23/videos/282_238.mp4,1,0.27386465079874506,11.742226214216323,0.2929157921329042,0.0946069021485087,0.20909198141538324,6.805885464488213,0.40726010274540153,0.1686013041045855,0.16779933963985058,150
/home/iiitn/Datasets/FaceForensics++/manipulated_sequences/Face2Face/c23/videos/283_313.mp4,1,0.19394779385272432,7.44535648461256,0.07488990191482187,0.334430387098783,0.19768074569910019,6.2070559735658435,0.1446202923018176,0.08337553379346711,0.3176682894542366,150
/home/iiitn/Datasets/FaceForensics++/manipulated_sequences/Face2Face/c23/videos/289_228.mp4,1,0.23771058896009714,9.041706830401951,0.4138778316048715,0.15511643902774674,0.22267606379732477,8.682836586258821,0.19328687266235348,0.05404036197460518,0.6174332314149144,150
/home/iiitn/Datasets/FaceForensics++/manipulated_sequences/Face2Face/c23/videos/288_321.mp4,1,0.20392830681559615,7.55994484049901,0.22127345750910835,0.04940255054183673,0.24584903216264556,10.201856765841187,0.29549872017233053,0.02927078391315417,17.059867790905137,150
/home/iiitn/Datasets/FaceForensics++/manipulated_sequences/Face2Face/c23/videos/286_267.mp4,1,0.2383871226775057,9.022576587041272,0.09745895583172098,0.15839674924730004,0.2797551405984347,15.58494603258577,0.37480444037640553,0.0716584732065134,0.03236401019409997,150
/home/iiitn/Datasets/FaceForensics++/manipulated_sequences/Face2Face/c23/videos/285_136.mp4,1,0.28111433658033075,11.669018621526739,0.5214222816111583,0.010793252208706172,0.19218924261502124,5.4058973967713415,0.422678155367103,0.24226810919606237,0.13270355726941513,150
/home/iiitn/Datasets/FaceForensics++/manipulated_sequences/Face2Face/c23/videos/293_296.mp4,1,0.24875271508443172,14.573644722536358,0.11716758319875116,0.05059675745685532,0.2571765846722592,16.11787131949285,0.14218909448159672,0.07365564477040425,28.43529454161534,150
/home/iiitn/Datasets/FaceForensics++/manipulated_sequences/Face2Face/c23/videos/290_240.mp4,1,0.22319410586490696,9.716735067437492,0.677501893215065,0.19719488750758762,0.2803149486350935,10.921662832593507,0.44226103805362077,0.2009273859233085,3.0412495318229884,150
/home/iiitn/Datasets/FaceForensics++/manipulated_sequences/Face2Face/c23/videos/287_426.mp4,1,0.3280858773577884,16.05110670747059,0.5985608399968877,0.07654761531960076,0.29538726837683554,10.819723606197437,0.6188496803416347,0.181911372000967,0.30144332089111603,150
/home/iiitn/Datasets/FaceForensics++/manipulated_sequences/Face2Face/c23/videos/284_263.mp4,1,0.16254661258328484,4.3868601353336,0.15066704508960183,0.12210673371436265,0.3307477153610099,9.465255014825267,0.25420781802395015,0.1861420636606054,5.869391724019954,150
/home/iiitn/Datasets/FaceForensics++/manipulated_sequences/Face2Face/c23/videos/292_294.mp4,1,0.2331898131882102,7.386874467384691,0.19672122955643923,0.11087792550821496,0.2496026926149204,9.632437208097835,0.25160541653525015,0.05056090996683351,10.935286364159838,150
/home/iiitn/Datasets/FaceForensics++/manipulated_sequences/Face2Face/c23/videos/294_292.mp4,1,0.29864361035787207,9.607096996212844,0.3515295150859652,0.10759410374273685,0.22872894739106645,7.835469858276588,0.3867944776125858,0.0976640212417443,2.29996572270236,150
/home/iiitn/Datasets/FaceForensics++/manipulated_sequences/Face2Face/c23/videos/297_270.mp4,1,0.2595594547160292,18.101817071055994,0.252391716986318,0.04728935282567679,0.24140430682995748,9.954029750507125,0.4910555542805619,0.1347498215675834,0.3042362388383281,150
/home/iiitn/Datasets/FaceForensics++/manipulated_sequences/Face2Face/c23/videos/296_293.mp4,1,0.24699559279138764,8.533413809669998,0.25693258529051466,0.17190664447515527,0.19976945025760673,6.251533106133145,0.3334660908026336,0.14751700156611172,0.04271904243450397,150
/home/iiitn/Datasets/FaceForensics++/manipulated_sequences/Face2Face/c23/videos/298_279.mp4,1,0.2593022546807148,10.49058787900636,0.3441367912265949,0.1766045623571423,0.24675559670543537,10.00987909318077,0.41490707765205465,0.05478100276711786,3.963286063827474,150
/home/iiitn/Datasets/FaceForensics++/manipulated_sequences/Face2Face/c23/videos/299_145.mp4,1,0.12303683852778724,8.712248822007412,0.08391246346135839,0.12565261168132325,0.18413058029939666,16.428426556180444,0.17972059040464447,0.09903330859884181,0.8087925133847879,150
/home/iiitn/Datasets/FaceForensics++/manipulated_sequences/Face2Face/c23/videos/301_262.mp4,1,0.24184575516065476,8.178756617497077,0.11411282116516168,0.01867671615033191,0.19663748394374728,4.983607547631166,0.20840964253685557,0.11688278136613066,11.227055707649765,150
/home/iiitn/Datasets/FaceForensics++/manipulated_sequences/Face2Face/c23/videos/300_304.mp4,1,0.20491977256968688,12.354665475118615,0.31023611507958454,0.19111485790075597,0.27701089180820077,20.67376257365309,0.47720688279109086,0.22855376127930446,0.42033346067847965,150
/home/iiitn/Datasets/FaceForensics++/manipulated_sequences/Face2Face/c23/videos/302_323.mp4,1,0.21646476785084431,16.323545029741595,0.2065868517334534,0.028598024434993572,0.1753158625685891,5.758749401198391,0.24858527957169896,0.07129682840090389,0.5686276634944727,150
/home/iiitn/Datasets/FaceForensics++/manipulated_sequences/Face2Face/c23/videos/291_874.mp4,1,0.32274311848197307,18.3918535305687,0.7522729999227353,0.1507491665355202,0.3437130190037459,18.86499326189457,0.5852273214236455,0.15686718450421067,2.1681859365662413,150
/home/iiitn/Datasets/FaceForensics++/manipulated_sequences/Face2Face/c23/videos/303_309.mp4,1,0.3035550840519661,11.75140987463085,0.2914605266382137,0.15023840625178245,0.2042219737415899,5.405637465104626,0.21219790733507113,0.17018644469179522,83.97829627555831,150
/home/iiitn/Datasets/FaceForensics++/manipulated_sequences/Face2Face/c23/videos/306_278.mp4,1,0.2508845904429717,9.362424784253127,0.1282136180386911,0.0269069137838534,0.25384232906525867,11.098696426948933,0.3109873583719903,0.3190892722055594,0.2965625527190978,150
/home/iiitn/Datasets/FaceForensics++/manipulated_sequences/Face2Face/c23/videos/304_300.mp4,1,0.21595420714279723,11.181946746840746,0.13701109898599315,0.19099874604338707,0.20448616788865337,7.767812528104013,0.20916656169538528,0.12014073382632667,1.4391776798919607,150
/home/iiitn/Datasets/FaceForensics++/manipulated_sequences/Face2Face/c23/videos/295_099.mp4,1,0.1954448891413931,7.983655725118976,0.13696120047666419,0.28644279978164255,0.18128842179810833,5.64490968730814,0.2154245243600812,0.17831868945616972,0.5144641774327899,150
/home/iiitn/Datasets/FaceForensics++/manipulated_sequences/Face2Face/c23/videos/307_365.mp4,1,0.19998686847398237,21.245635437711563,0.24296346841603564,0.0618484817331266,0.22323947154546442,21.362449382537623,0.30634225321030345,0.05055857119436419,1.0549975975252148,150
/home/iiitn/Datasets/FaceForensics++/manipulated_sequences/Face2Face/c23/videos/312_021.mp4,1,0.28451802625408,14.262310806005962,0.42284042131217997,0.1842035819040476,0.29245975323961654,12.103221204261658,0.3352992740818121,0.2075069692410794,1.4261356265049248,150
/home/iiitn/Datasets/FaceForensics++/manipulated_sequences/Face2Face/c23/videos/309_303.mp4,1,0.2659515513150673,9.700895338450941,0.5500326635942908,0.14956361919352845,0.16927781326510916,5.6649100297679595,0.18659800953374436,0.11485155192642553,2.0952027264287896,150
/home/iiitn/Datasets/FaceForensics++/manipulated_sequences/Face2Face/c23/videos/305_513.mp4,1,0.18195488645263447,12.374394797922989,0.5568773635174543,0.03334909492935462,0.24382451686230722,11.13630676131715,0.4196996855979737,0.027784788476217997,1.659545127014878,150
/home/iiitn/Datasets/FaceForensics++/manipulated_sequences/Face2Face/c23/videos/311_387.mp4,1,0.22747100299967796,6.356366133810447,0.354309137577759,0.12065285943975164,0.2824741616926416,12.254950580442808,0.2950597773835429,0.04145297266104834,0.08767063824604039,150
/home/iiitn/Datasets/FaceForensics++/manipulated_sequences/Face2Face/c23/videos/310_196.mp4,1,0.25875354924501254,13.071197876954272,0.5881708215105361,0.08269558662034242,0.22887656375472643,9.757776496683972,0.40641357037507153,0.17706201798313168,1.9069416823596796,150
/home/iiitn/Datasets/FaceForensics++/manipulated_sequences/Face2Face/c23/videos/313_283.mp4,1,0.26684830591226816,12.344849849652192,0.414666115618769,0.07283462657974583,0.2280511829038394,6.591319859603889,0.5049352106144642,0.09467455091320943,0.34759107830914293,150
/home/iiitn/Datasets/FaceForensics++/manipulated_sequences/Face2Face/c23/videos/308_388.mp4,1,0.19122670514471476,5.165778858651858,0.4034184934498542,0.17128832463195562,0.24869256676945464,9.11732517834778,0.440561108921689,0.11176012563742,70.07573888426198,150
/home/iiitn/Datasets/FaceForensics++/manipulated_sequences/Face2Face/c23/videos/316_369.mp4,1,0.24621905182655746,8.234155427156676,0.15704860404649773,0.05724491916546998,0.22348644793652417,5.785869217015509,0.10916592870057658,0.2995849916446791,0.04939689458345999,150
/home/iiitn/Datasets/FaceForensics++/manipulated_sequences/Face2Face/c23/videos/315_322.mp4,1,0.2580974102472161,7.412136335766983,0.10869690137652684,0.08053760647613552,0.2921592334568985,18.58916307781277,0.29539305824090345,0.03914912622089934,2.81614810465731,150
/home/iiitn/Datasets/FaceForensics++/manipulated_sequences/Face2Face/c23/videos/314_347.mp4,1,0.19672763352280595,6.0276162362691705,0.049787084893289146,0.03500088322021815,0.22419223926905926,8.78422245411972,0.2533099450013716,0.09954918784736551,0.26843949855414595,150
/home/iiitn/Datasets/FaceForensics++/manipulated_sequences/Face2Face/c23/videos/317_359.mp4,1,0.2011196143918784,5.3602420808995275,0.2249772021059553,0.28144604726080974,0.19577175613375533,5.188858195151914,0.15804051715769865,0.29824222902207326,0.1426832369295404,150
/home/iiitn/Datasets/FaceForensics++/manipulated_sequences/Face2Face/c23/videos/319_352.mp4,1,0.261865191959294,20.57511972929311,0.09254020300583439,0.19098911339261435,0.20882827838246718,10.898827102527399,0.10915213016022872,0.15548063722299485,0.044190007017851064,150
/home/iiitn/Datasets/FaceForensics++/manipulated_sequences/Face2Face/c23/videos/321_288.mp4,1,0.27986398226291376,10.390288710650504,-0.1592087379548356,0.07268164796142532,0.209720137253652,8.19961253035912,0.10664917412888851,0.18860275438847737,32.568976094886025,150
/home/iiitn/Datasets/FaceForensics++/manipulated_sequences/Face2Face/c23/videos/318_334.mp4,1,0.3026069480580422,20.227946256798408,0.7454501948407154,0.12926529702599185,0.21237163916126992,8.295846869183412,0.6454235671617982,0.058810882396757136,1.8591281761309442,150
/home/iiitn/Datasets/FaceForensics++/manipulated_sequences/Face2Face/c23/videos/323_302.mp4,1,0.19457474072669612,7.528207965296157,0.3985467240266379,0.3613142695232354,0.19981877303917908,6.988701772186438,0.6263265776753525,0.19972075726471986,41.02278415591366,150
/home/iiitn/Datasets/FaceForensics++/manipulated_sequences/Face2Face/c23/videos/320_328.mp4,1,0.20865866000703912,8.490593708096084,0.42230467640722047,0.03675010662563726,0.19390502537471874,7.627474016448855,0.5986681402842482,0.058693206093437304,57.6419909715959,150
/home/iiitn/Datasets/FaceForensics++/manipulated_sequences/Face2Face/c23/videos/324_356.mp4,1,0.2259287477733957,8.686144766174264,0.5021354156114511,0.2566205411036815,0.27502106293400563,12.185636928094558,0.4659853943561454,0.2129144577550901,34.55476157985503,150
/home/iiitn/Datasets/FaceForensics++/manipulated_sequences/Face2Face/c23/videos/326_501.mp4,1,0.21499464718788083,8.248114568511202,0.03647533974029633,0.07204502852626564,0.2300417710887337,11.373483295875246,0.026823878198724588,0.09233748123377304,2.1341677313352116,150
/home/iiitn/Datasets/FaceForensics++/manipulated_sequences/Face2Face/c23/videos/327_329.mp4,1,0.19024073176683112,4.226156043417173,0.49661760241228015,0.10464732548805918,0.2453528336844466,7.999055220764684,0.36970696361973915,0.12826211742044735,0.4191191373844684,150
/home/iiitn/Datasets/FaceForensics++/manipulated_sequences/Face2Face/c23/videos/322_315.mp4,1,0.13827315382767358,2.347248305820488,0.18497868152552654,0.27360771215016655,0.2526145490011776,10.157214036102083,0.14114245488426444,0.07412300506072322,1.3176764975665523,150
/home/iiitn/Datasets/FaceForensics++/manipulated_sequences/Face2Face/c23/videos/329_327.mp4,1,0.30268287700529506,19.548813813840322,0.1276355590029658,0.13833641383286274,0.2813069170096291,12.918867736747748,0.16837869500685457,0.019235620146369713,0.0844639628110345,150
/home/iiitn/Datasets/FaceForensics++/manipulated_sequences/Face2Face/c23/videos/325_492.mp4,1,0.23230313404071068,6.740922559883363,0.2829516510599777,0.16135044937993084,0.2502524087528176,9.220067328952867,0.28101213029989375,0.39015559317070303,146.25627333989408,150
/home/iiitn/Datasets/FaceForensics++/manipulated_sequences/Face2Face/c23/videos/328_320.mp4,1,0.1715831135223804,7.934904928047518,0.35530458115431635,0.29869870286953876,0.22310362589414842,6.00285563883547,0.36391974373304253,0.10213583460926551,3.8510777626042794,150
/home/iiitn/Datasets/FaceForensics++/manipulated_sequences/Face2Face/c23/videos/334_318.mp4,1,0.22541579919285912,8.776651768406191,0.4035095259814779,0.1672187081338676,0.2376718051375609,12.134579149109358,0.628086798612901,0.03690628793537674,1.1814739765928461,150
/home/iiitn/Datasets/FaceForensics++/manipulated_sequences/Face2Face/c23/videos/333_377.mp4,1,0.22464678545516514,10.997679735890422,0.43736113766820656,0.14088111120914223,0.2562646832936995,10.31327932223668,0.2946409725264932,0.10482716745561017,0.6795481497414172,150
/home/iiitn/Datasets/FaceForensics++/manipulated_sequences/Face2Face/c23/videos/331_260.mp4,1,0.2198228470479117,10.334852358016631,0.21000956169987803,0.07119626514194978,0.2218884737642037,10.035524174480148,0.1183432904610332,0.10852995062170027,1.5226698894490154,150
/home/iiitn/Datasets/FaceForensics++/manipulated_sequences/Face2Face/c23/videos/338_336.mp4,1,0.29883005364103865,16.44206020264487,0.1400805908943399,0.1263867829311152,0.26483282106519024,14.179619992356336,0.44604461473897433,0.2104631797779182,0.4077225913073082,150
/home/iiitn/Datasets/FaceForensics++/manipulated_sequences/Face2Face/c23/videos/337_522.mp4,1,0.26248688624530053,15.1222273649373,0.4657556394314115,0.12350087935814798,0.29343748087557436,17.433695255624,0.23575273767121316,0.04218451211275143,1.1687417861871645,150
/home/iiitn/Datasets/FaceForensics++/manipulated_sequences/Face2Face/c23/videos/330_162.mp4,1,0.1899597862031428,3.9258836829700807,0.45377409767236454,0.20203935584433017,0.2356772504600062,7.616672249704718,0.6671954062115645,0.0703839514032252,0.8566009117293257,150
/home/iiitn/Datasets/FaceForensics++/manipulated_sequences/Face2Face/c23/videos/336_338.mp4,1,0.18815425544718845,5.584555884141839,0.2417029664443585,0.08046154377110747,0.17295561875271417,4.80869531317114,0.44717382002622763,0.2023238505426271,1.125278251941522,150
/home/iiitn/Datasets/FaceForensics++/manipulated_sequences/Face2Face/c23/videos/332_051.mp4,1,0.24875652532909745,11.198044698935192,0.4366234469896196,0.2418423781402016,0.18719451889151628,5.777003959096951,0.1336487742299884,0.30614510577052934,171.1339060513621,150
/home/iiitn/Datasets/FaceForensics++/manipulated_sequences/Face2Face/c23/videos/339_392.mp4,1,0.16629234175403232,4.755317580681882,0.5410218204386203,0.3936323831211838,0.2644568361768538,9.13116459082193,0.5934177430906326,0.046122844138298584,1.2800405860114108,150
/home/iiitn/Datasets/FaceForensics++/manipulated_sequences/Face2Face/c23/videos/341_340.mp4,1,0.20971407867580139,4.538001706100171,0.29674569619887065,0.0513673200127416,0.16643396616092854,4.408579003252643,0.37177588639636294,0.1447530013359162,10.261375885128608,150
/home/iiitn/Datasets/FaceForensics++/manipulated_sequences/Face2Face/c23/videos/343_363.mp4,1,0.19311502155926927,6.879645617061968,0.04866565668839301,0.019108901611599994,0.24311673384002694,12.994711033805176,0.13307215522622037,0.21165477707267222,0.3130977155910553,150
/home/iiitn/Datasets/FaceForensics++/manipulated_sequences/Face2Face/c23/videos/335_277.mp4,1,0.17989074389432347,4.227716099803534,0.22252108119754455,0.2790867814442198,0.2596068814078984,7.532611341383723,0.4724832026457213,0.20361032882530586,3.9391430645231775,150
/home/iiitn/Datasets/FaceForensics++/manipulated_sequences/Face2Face/c23/videos/346_351.mp4,1,0.2623601807477041,7.589025652230973,0.15636798623384518,0.2163514295568257,0.2666309181200772,8.62958672813062,0.14952346079154377,0.10916066484258019,0.1454519570554126,150
/home/iiitn/Datasets/FaceForensics++/manipulated_sequences/Face2Face/c23/videos/347_314.mp4,1,0.2390885544772674,6.850506091076082,0.04451202274777046,0.08435608591283748,0.2544634677161451,7.073627211418365,0.15931289098525256,0.1305544161551372,6.897589242213577,150
/home/iiitn/Datasets/FaceForensics++/manipulated_sequences/Face2Face/c23/videos/345_259.mp4,1,0.27486745349031033,12.236138709217178,0.00550688803801775,0.08022291685452573,0.25506336662648105,10.503848756632346,-0.040593364520963404,0.12152662291960797,0.11495606010250443,150
/home/iiitn/Datasets/FaceForensics++/manipulated_sequences/Face2Face/c23/videos/348_202.mp4,1,0.26093818744062486,12.908551859529188,-0.0036440542473577552,0.21371532080130815,0.2389173251109302,12.62615537237255,0.2820624530811478,0.20132472770663754,0.043901001525352965,150
/home/iiitn/Datasets/FaceForensics++/manipulated_sequences/Face2Face/c23/videos/342_416.mp4,1,0.20546779002670282,5.635409829370361,-0.029758504270629982,0.09463122249147878,0.21607668637932295,9.137626653626597,0.2945654571319967,0.06054555698994211,0.2701006179650013,150
/home/iiitn/Datasets/FaceForensics++/manipulated_sequences/Face2Face/c23/videos/344_020.mp4,1,0.3373564017311921,22.000709782255086,0.2693701629994336,0.2896572758722834,0.2692386473518508,10.289426991674715,0.4469020721665246,0.2347865428936602,6.484879518405654,150
/home/iiitn/Datasets/FaceForensics++/manipulated_sequences/Face2Face/c23/videos/350_349.mp4,1,0.300482997862612,18.710208088644386,0.4375135975806592,0.03512431454182689,0.15759767018117798,4.831489567993351,0.20062703412768457,0.5671255727052825,0.6216969727840542,150
/home/iiitn/Datasets/FaceForensics++/manipulated_sequences/Face2Face/c23/videos/351_346.mp4,1,0.16012798801828734,3.8246017217450095,-0.0062294426099688644,0.12343366700202507,0.19611418176801634,4.621982449808322,0.4360716296659724,0.41462680112646394,11.59487686759954,150
/home/iiitn/Datasets/FaceForensics++/manipulated_sequences/Face2Face/c23/videos/340_341.mp4,1,0.23260926161886472,8.321181974996593,0.35978405774000805,0.03357404319821936,0.24759559941807172,13.03656866106248,0.5583642768758641,0.006601385315323761,3.712252284399527,150
/home/iiitn/Datasets/FaceForensics++/manipulated_sequences/Face2Face/c23/videos/349_350.mp4,1,0.15947117790246412,5.8881910333801954,0.5498477648276322,0.45425993954802824,0.2083700895509907,9.222257236789831,0.367745179594253,0.1693456619954599,10.104686535223586,150
/home/iiitn/Datasets/FaceForensics++/manipulated_sequences/Face2Face/c23/videos/352_319.mp4,1,0.1617534942061019,5.233214375909511,0.6914109954736075,0.3032793496807154,0.15614758501674106,4.186091963453374,0.5864526461611661,0.18249279161234447,23.33210760589783,150
/home/iiitn/Datasets/FaceForensics++/manipulated_sequences/Face2Face/c23/videos/357_432.mp4,1,0.17604099497178646,5.205963946494631,0.18756026443758178,0.2927538674057671,0.21836862566537948,5.163894108326361,0.3629507599554649,0.16562266425290703,0.21275573013048776,150
/home/iiitn/Datasets/FaceForensics++/manipulated_sequences/Face2Face/c23/videos/359_317.mp4,1,0.267309112473803,12.216082219522582,0.46956086419951565,0.007785861072948391,0.2123446496543052,6.344572724679696,0.314010513780796,0.4344979514459879,9.408066336621703,150
/home/iiitn/Datasets/FaceForensics++/manipulated_sequences/Face2Face/c23/videos/358_380.mp4,1,0.31932935104221905,12.803104183654009,0.424074223252122,0.06399771253918202,0.24955479786258897,12.337616209771753,0.4469787239464005,0.05822213863092223,0.4965139130831325,150
/home/iiitn/Datasets/FaceForensics++/manipulated_sequences/Face2Face/c23/videos/354_362.mp4,1,0.3139577817836134,25.979568722127212,0.7407808354069986,0.037840616471037584,0.2504328934844423,12.889827535015236,0.6407427614888714,0.33654195691654487,0.3930445743920231,150
/home/iiitn/Datasets/FaceForensics++/manipulated_sequences/Face2Face/c23/videos/353_383.mp4,1,0.3002740123610856,12.970508096049743,0.6267815631553528,0.07836877923375057,0.2926145261087458,16.69992787058696,0.7283054384510222,0.05601356494177704,23.261648994698074,150
/home/iiitn/Datasets/FaceForensics++/manipulated_sequences/Face2Face/c23/videos/360_437.mp4,1,0.19048374649193703,8.64654406800301,0.5608407112617613,0.03523407396639774,0.2044152122803946,9.001401775301789,0.41537035965927444,0.32661011654630595,7.86525455931286,150
/home/iiitn/Datasets/FaceForensics++/manipulated_sequences/Face2Face/c23/videos/363_343.mp4,1,0.24955818904250301,11.105840546774786,0.26002616466788453,0.05125332059706487,0.22845914243463664,9.200173533426948,0.3616704461900611,0.23238984715733965,2.329461570841512,150
/home/iiitn/Datasets/FaceForensics++/manipulated_sequences/Face2Face/c23/videos/356_324.mp4,1,0.21726884655561687,8.11340776276252,0.6052609370325556,0.1863072733591418,0.13605052048234714,3.5836842970714393,0.4844195509056935,0.14484874401104011,118.20697144335638,150
/home/iiitn/Datasets/FaceForensics++/manipulated_sequences/Face2Face/c23/videos/355_748.mp4,1,0.24981096375208245,6.28801384389397,0.39571234686079526,0.2694956319014161,0.2862096757315496,11.250057558102258,0.4490675937901849,0.3269716668501007,0.7495543880045038,150
/home/iiitn/Datasets/FaceForensics++/manipulated_sequences/Face2Face/c23/videos/365_307.mp4,1,0.23103184310030678,8.490282733633522,0.42872109353073434,0.0389907305114019,0.21098372379881689,10.31612193311799,0.440231495449038,0.03525312904969631,0.0037834241543847386,150
/home/iiitn/Datasets/FaceForensics++/manipulated_sequences/Face2Face/c23/videos/364_440.mp4,1,0.2518983114115379,10.166253553283005,0.37131479574459325,0.13034319710737516,0.3020042197678024,30.376035250416198,0.40027235249379145,0.061955236450333594,51.148150102562774,150
/home/iiitn/Datasets/FaceForensics++/manipulated_sequences/Face2Face/c23/videos/361_448.mp4,1,0.21708531522820085,7.68473073021696,0.16927148641847026,0.22042487816263293,0.26914605403092656,11.434259454392302,0.36647427251830433,0.22787678052780658,5.001652033868631,150
/home/iiitn/Datasets/FaceForensics++/manipulated_sequences/Face2Face/c23/videos/367_371.mp4,1,0.18005135981237164,5.643269859232146,-0.022350587737404993,0.2223521065403531,0.19751900122516516,8.18566319346383,0.31385324492117667,0.03328835261580649,0.41473513631322695,150
/home/iiitn/Datasets/FaceForensics++/manipulated_sequences/Face2Face/c23/videos/362_354.mp4,1,0.20592774097185199,16.321055755089787,0.3459499144133387,0.03087994265324312,0.25559681818177366,10.03968520956074,0.4103022914877435,0.13836474247033734,0.5443224157551864,150
/home/iiitn/Datasets/FaceForensics++/manipulated_sequences/Face2Face/c23/videos/366_473.mp4,1,0.18005546615513324,6.264556725138085,0.16669940520343288,0.11807443636619212,0.19280178525518812,6.053099101686837,0.016425982737068735,0.08526178871640823,0.46454648131787735,150
/home/iiitn/Datasets/FaceForensics++/manipulated_sequences/Face2Face/c23/videos/368_378.mp4,1,0.43295015141685456,21.59094340796177,0.5595815786426125,0.1439971131133534,0.2827977034208385,9.523163964861395,0.21858729663942655,0.1134386118898952,1.6992130434230397,150
/home/iiitn/Datasets/FaceForensics++/manipulated_sequences/Face2Face/c23/videos/369_316.mp4,1,0.2567306861855748,9.429720519470967,0.41863030628899245,0.0492344399003277,0.21301305986000155,6.240894281188116,0.25870109778046485,0.12401571166061293,0.18523037250663918,150
/home/iiitn/Datasets/FaceForensics++/manipulated_sequences/Face2Face/c23/videos/371_367.mp4,1,0.2603163713722005,8.995479078961822,0.43306044243911207,0.02616446882027064,0.19776321540348682,8.86800032038821,0.42675598683262156,0.27433510593494853,0.8232346661388952,150
/home/iiitn/Datasets/FaceForensics++/manipulated_sequences/Face2Face/c23/videos/372_413.mp4,1,0.21407444054415012,11.229926804719497,0.4377443269990142,0.2524686542490652,0.23140046485128263,12.11143394403515,0.2806279244768351,0.36990951535049366,1.1077630725258816,150
/home/iiitn/Datasets/FaceForensics++/manipulated_sequences/Face2Face/c23/videos/379_158.mp4,1,0.2689022514133241,11.018233735412013,0.3695471707510411,0.1330631380691882,0.30482107483660975,14.169631626894452,0.2961093111191188,0.08238180332081275,5.411716412530074,150
/home/iiitn/Datasets/FaceForensics++/manipulated_sequences/Face2Face/c23/videos/376_381.mp4,1,0.2754808779393953,15.796105645919303,0.4224026700800121,0.141515089175014,0.30484689788411123,17.603573469883745,0.27891270954717357,0.10231693279281061,10.531968122350172,150
/home/iiitn/Datasets/FaceForensics++/manipulated_sequences/Face2Face/c23/videos/377_333.mp4,1,0.2331108263505015,10.51925640366624,-0.09178521499490727,0.03550909130772468,0.24295109230538445,5.229660852702214,0.14263010862892186,0.10289192272930701,0.6121446573792041,150
/home/iiitn/Datasets/FaceForensics++/manipulated_sequences/Face2Face/c23/videos/373_394.mp4,1,0.1792039001139579,8.406237224312877,0.5613919904375961,0.3803690337767743,0.23015447297184685,8.276476113630608,0.5959118410024494,0.2906279731964559,0.3360826047467458,150
/home/iiitn/Datasets/FaceForensics++/manipulated_sequences/Face2Face/c23/videos/380_358.mp4,1,0.236056269774182,8.013348809951554,-0.0214249598529335,0.14434196541987396,0.21220910212055152,10.191592877179566,0.25099811179134546,0.18687587168951594,0.12667093858438938,150
/home/iiitn/Datasets/FaceForensics++/manipulated_sequences/Face2Face/c23/videos/375_251.mp4,1,0.22432718616426298,7.823516575835151,0.4044964826720858,0.3846330571376418,0.25798971555915534,10.276802496824887,0.14071532836004202,0.09012190243494544,134.67772712793789,150
/home/iiitn/Datasets/FaceForensics++/manipulated_sequences/Face2Face/c23/videos/374_407.mp4,1,0.18160639447076035,6.411040358244943,0.14965407916189236,0.1385568268647374,0.2543130332126819,19.686557991122495,0.2507543862870071,0.10946835013671004,0.30036420393422125,150
/home/iiitn/Datasets/FaceForensics++/manipulated_sequences/Face2Face/c23/videos/381_376.mp4,1,0.1722774527417298,6.251415278361468,0.33393157704550447,0.2031162560103892,0.23170170127134992,7.165526753569128,0.2812250973372937,0.12518885575073893,51.46700964394224,150
/home/iiitn/Datasets/FaceForensics++/manipulated_sequences/Face2Face/c23/videos/370_483.mp4,1,0.1752883862477608,5.663851768064807,0.08970251544216885,0.07844797550653883,0.20362527023973742,6.8264641487493,0.07599897819949036,0.2806134750309569,198.76448204823058,150
/home/iiitn/Datasets/FaceForensics++/manipulated_sequences/Face2Face/c23/videos/378_368.mp4,1,0.17785406963134398,5.25953108415375,0.55854959045823,0.4593231908085092,0.24254781326812413,10.20020365239328,0.5635227106211983,0.18640912468531198,6.096005481229831,150
/home/iiitn/Datasets/FaceForensics++/manipulated_sequences/Face2Face/c23/videos/382_409.mp4,1,0.26143927532613626,15.091482155503428,0.10775251769576628,0.11189409489503797,0.19629787036670834,6.749837587340809,0.2527699805804431,0.09333085805917368,1.8821271021682935,150
/home/iiitn/Datasets/FaceForensics++/manipulated_sequences/Face2Face/c23/videos/388_308.mp4,1,0.199537669979868,5.052745187178137,0.26448398941580975,0.030705899657770448,0.2434254573410537,7.714279924011119,0.35242054419344354,0.34630242288954344,8.465391450651323,150
/home/iiitn/Datasets/FaceForensics++/manipulated_sequences/Face2Face/c23/videos/387_311.mp4,1,0.2235586803189331,7.250338522862074,0.37010152980494465,0.06306269014862949,0.2350751879288857,5.8983815612154515,0.26151597201478394,0.1866831884820712,0.49749316553002304,150
/home/iiitn/Datasets/FaceForensics++/manipulated_sequences/Face2Face/c23/videos/385_414.mp4,1,0.27364618216134245,11.199430385209487,0.2918244989842434,0.15759311360647296,0.23247381303801432,7.213345636167723,0.48326930535357643,0.10003487459940709,23.48292896527054,150
/home/iiitn/Datasets/FaceForensics++/manipulated_sequences/Face2Face/c23/videos/390_709.mp4,1,0.2621037560398375,17.00423524777165,0.5456265678236053,0.1339983842014374,0.266854672003498,16.46191899620385,0.41916520902426213,0.10623163081004262,8.911988165685566,150
/home/iiitn/Datasets/FaceForensics++/manipulated_sequences/Face2Face/c23/videos/391_406.mp4,1,0.2021171323314046,7.036692545116459,0.0988713330375196,0.24913417447791494,0.1835399210867078,5.934830412944407,0.18797445546692218,0.17478005107207406,0.49201868192947046,150
/home/iiitn/Datasets/FaceForensics++/manipulated_sequences/Face2Face/c23/videos/383_353.mp4,1,0.2064923717286243,6.829914918852469,0.3452698326758025,0.14049941013255848,0.1839607845640848,6.293064410630277,0.2665928270134133,0.22265741056694352,5.504210006050936,150
/home/iiitn/Datasets/FaceForensics++/manipulated_sequences/Face2Face/c23/videos/393_405.mp4,1,0.19773397077558288,8.493160649576877,0.5454801122444686,0.044620039911567246,0.21491572964368602,12.454750780017013,0.4992860739583193,0.06785341743209439,1.4486504591986393,150
/home/iiitn/Datasets/FaceForensics++/manipulated_sequences/Face2Face/c23/videos/386_154.mp4,1,0.23976008051998696,16.60150460521879,0.513284885708137,0.22376856821681598,0.21586006872360283,9.28307043632441,0.5637019972995184,0.12886098508793187,0.5441565551935243,150
/home/iiitn/Datasets/FaceForensics++/manipulated_sequences/Face2Face/c23/videos/392_339.mp4,1,0.1811447715158494,5.451857446664493,0.24535569630816512,0.08682499610235637,0.17491884024390694,5.030232926669688,0.4191826015189733,0.0035597410337301952,5.542069573196564,150
/home/iiitn/Datasets/FaceForensics++/manipulated_sequences/Face2Face/c23/videos/384_932.mp4,1,0.19030343465199914,5.284451662990283,0.2771833193357662,0.24036662569228537,0.1655393364189288,5.223242194391008,0.23155683832591425,0.11711897794224747,0.04003878410864876,150
/home/iiitn/Datasets/FaceForensics++/manipulated_sequences/Face2Face/c23/videos/389_480.mp4,1,0.22257421738348018,10.669289855605916,0.3577608863242501,0.1838252349298258,0.21952748927181998,7.959757393559866,0.2529503781832865,0.19395391116777203,0.30118439685201387,150
/home/iiitn/Datasets/FaceForensics++/manipulated_sequences/Face2Face/c23/videos/394_373.mp4,1,0.16834686211312735,5.767063135568182,0.6424230619051515,0.17102189494354858,0.23453371353171884,7.554380997320774,0.39197490048219064,0.26118858692579283,0.6145272478135996,150
/home/iiitn/Datasets/FaceForensics++/manipulated_sequences/Face2Face/c23/videos/398_457.mp4,1,0.19186017068471797,6.518746171812974,0.3048161429347133,0.024598149302745283,0.2204130434940975,8.188505359255766,0.5337049229502889,0.09739983242317439,3.159309653281295,150
/home/iiitn/Datasets/FaceForensics++/manipulated_sequences/Face2Face/c23/videos/395_401.mp4,1,0.2279318622883791,8.734638973147211,-0.07879197773635625,0.12327206132490294,0.2162529690208482,8.52073452857845,0.15612020091248444,0.15222687057213163,0.7532520193823716,150
/home/iiitn/Datasets/FaceForensics++/manipulated_sequences/Face2Face/c23/videos/396_272.mp4,1,0.18512999951957568,6.3498257252780155,0.5022624804182013,0.5372742338385343,0.23441447608828972,7.780814767346295,0.8536770684989871,0.11276649767505868,0.054428042197426606,150
/home/iiitn/Datasets/FaceForensics++/manipulated_sequences/Face2Face/c23/videos/403_497.mp4,1,0.27286322450120637,16.877010693119555,0.28173075079941445,0.07149095999945006,0.2286115090452686,6.530938991105937,0.45410172443501584,0.16641304604685425,30.055765578579194,150
/home/iiitn/Datasets/FaceForensics++/manipulated_sequences/Face2Face/c23/videos/400_476.mp4,1,0.252543168413918,14.449448075959822,0.35074798643635874,0.086652719584331,0.2850215360841167,18.002470002405698,0.408749017417292,0.06740367830486436,9.756416456338163,150
/home/iiitn/Datasets/FaceForensics++/manipulated_sequences/Face2Face/c23/videos/399_488.mp4,1,0.27780785486857384,21.172837025639762,0.44085938472952124,0.00447350141920446,0.33670054414116635,23.583428174915102,0.5259706978870241,0.03214916758900133,0.38391428306433195,150
/home/iiitn/Datasets/FaceForensics++/manipulated_sequences/Face2Face/c23/videos/405_393.mp4,1,0.22547446739263197,13.653900987166077,0.18134924887427814,0.13918406702941846,0.2243496347176749,10.264891437896202,0.3034908245074132,0.3168851366359237,1.7417294426538354,150
/home/iiitn/Datasets/FaceForensics++/manipulated_sequences/Face2Face/c23/videos/401_395.mp4,1,0.27331132150241705,11.198860279661131,0.7401435632520359,0.24586603006201332,0.2785495265853841,9.978984520924273,0.46304248663088504,0.15984131128471177,0.5019970600785789,150
/home/iiitn/Datasets/FaceForensics++/manipulated_sequences/Face2Face/c23/videos/407_374.mp4,1,0.20275676588057465,6.85601802471346,0.06638144051639981,0.1805782475125999,0.14941837589561283,5.009690945826328,0.1423280197875146,0.11638567634378742,11.699492188795231,150
/home/iiitn/Datasets/FaceForensics++/manipulated_sequences/Face2Face/c23/videos/406_391.mp4,1,0.16713412812175954,5.351028425959609,0.44013554322709814,0.1493466243293854,0.18239579173153522,6.312655534273655,0.5752435249779296,0.1930813055345415,0.17205729483238347,150
/home/iiitn/Datasets/FaceForensics++/manipulated_sequences/Face2Face/c23/videos/404_429.mp4,1,0.21438076380129775,7.103172034364781,0.35409354545127797,0.04045598443334661,0.23884972258742163,8.256270504137138,0.2022047461988535,0.15598415782769068,128.44453710055706,150
/home/iiitn/Datasets/FaceForensics++/manipulated_sequences/Face2Face/c23/videos/408_424.mp4,1,0.25214829884603807,16.54580939843788,0.7017761713820847,0.14689027295188664,0.20585838586757457,14.534249659789461,0.6532486131371229,0.2658143582259624,94.74385973218428,150
/home/iiitn/Datasets/FaceForensics++/manipulated_sequences/Face2Face/c23/videos/397_602.mp4,1,0.20834410774889936,10.379486268239264,0.5069925485346247,0.14854507189274033,0.18234146757770842,5.385432374219441,0.572934045125917,0.26941124277205575,18.285489491575653,150
/home/iiitn/Datasets/FaceForensics++/manipulated_sequences/Face2Face/c23/videos/409_382.mp4,1,0.33237624005997474,15.25108545415501,0.2077137498624745,0.07902643336964328,0.26963934505070525,10.996207586761335,0.4384731774663659,0.09233377792685883,3.5042819686944435,150
/home/iiitn/Datasets/FaceForensics++/manipulated_sequences/Face2Face/c23/videos/413_372.mp4,1,0.18093454537986495,6.4436801951753315,0.021378835755896206,0.09217958009589337,0.1844310340076666,6.23828884275532,0.2636313627599276,0.17434084042576894,0.12182034320031976,150
/home/iiitn/Datasets/FaceForensics++/manipulated_sequences/Face2Face/c23/videos/402_453.mp4,1,0.22962256653202387,8.295265569024169,0.3726799521724213,0.09869671426217513,0.27898581954930896,11.529990230470796,0.34208187922053884,0.06882972559088064,2.4079932226087157,150
/home/iiitn/Datasets/FaceForensics++/manipulated_sequences/Face2Face/c23/videos/415_484.mp4,1,0.23188826123884723,6.09079408500407,-0.022408522038450118,0.33514892380304473,0.2997637923956961,11.614743786133388,0.018585891661404452,0.09784471406366858,0.5110227819836692,150
/home/iiitn/Datasets/FaceForensics++/manipulated_sequences/Face2Face/c23/videos/412_274.mp4,1,0.2750870959913241,11.3492602895184,0.23724318885307694,0.24662943307054788,0.23402450561733365,9.05735961862984,0.42095137594064064,0.1176185162772016,21.83208860081444,150
/home/iiitn/Datasets/FaceForensics++/manipulated_sequences/Face2Face/c23/videos/416_342.mp4,1,0.27012307865251156,18.25833624021075,0.4313627841149219,0.23685417453700452,0.2852366720521277,21.692616085607515,0.49797175393031806,0.29580264822232333,4.643682684978187,150
/home/iiitn/Datasets/FaceForensics++/manipulated_sequences/Face2Face/c23/videos/420_257.mp4,1,0.19406012242657486,6.103885189939743,0.2675295756652379,0.1741191382759838,0.2094735448882743,8.912450182104692,0.434747859189282,0.07459732400162487,112.61619399778608,150
/home/iiitn/Datasets/FaceForensics++/manipulated_sequences/Face2Face/c23/videos/417_496.mp4,1,0.20026854608128242,5.080486752802497,0.008741255212275397,0.33520361945303995,0.23368167971399045,6.223219601921567,0.30572255092540185,0.18658786975881955,4.843675686606627,150
/home/iiitn/Datasets/FaceForensics++/manipulated_sequences/Face2Face/c23/videos/418_507.mp4,1,0.1965937006898686,6.989180974547253,-0.01458402095767859,0.12091325638334309,0.23214367508628478,8.892631279815435,0.017055555598282267,0.07185485950699813,0.7085443563873913,150
/home/iiitn/Datasets/FaceForensics++/manipulated_sequences/Face2Face/c23/videos/419_824.mp4,1,0.26834581256081386,2.6758824047926217,-0.191688992497091,0.17370954302635547,0.36179989516368966,5.710083442015816,0.05751138934962855,0.1765657129446622,16.35882696743472,150
/home/iiitn/Datasets/FaceForensics++/manipulated_sequences/Face2Face/c23/videos/411_410.mp4,1,0.18814069885837204,6.377466818871578,0.6096765364651462,0.32734295537397756,0.2521840331050639,16.01645230739187,0.6178593901595059,0.28322996273142514,2.6036648290159325,150
/home/iiitn/Datasets/FaceForensics++/manipulated_sequences/Face2Face/c23/videos/410_411.mp4,1,0.3588321983181491,17.29509691496807,0.47888754150759794,0.02813334804486393,0.35508508151332235,18.28379329915518,0.40583326982829554,0.05563129136989378,0.8082423790812637,150
/home/iiitn/Datasets/FaceForensics++/manipulated_sequences/Face2Face/c23/videos/414_385.mp4,1,0.31821352323709684,13.37831373814005,0.03378063388209249,0.030734240716066095,0.23945753050433205,6.979771087417358,0.06187605441170205,0.02080519494271026,0.24664485979692324,150
/home/iiitn/Datasets/FaceForensics++/manipulated_sequences/Face2Face/c23/videos/424_408.mp4,1,0.18433713694806064,5.668289944601501,0.3571753765522758,0.47243220710696754,0.18309408879649872,4.737988427760191,0.43057280275977156,0.1999063154946946,4.667445498775613,150
/home/iiitn/Datasets/FaceForensics++/manipulated_sequences/Face2Face/c23/videos/423_421.mp4,1,0.19736335341450043,6.077702410193706,0.4279495878459099,0.10328608429907053,0.16494372968573348,4.992585798265764,0.42054294619725024,0.5053848318134149,0.7470830796286527,150
/home/iiitn/Datasets/FaceForensics++/manipulated_sequences/Face2Face/c23/videos/421_423.mp4,1,0.1379937029241677,3.7254485949267555,0.5117169918228738,0.26499744815523496,0.15030280969278498,4.2926563748950075,0.5695670071441229,0.19680925039626218,3.7064478309719195,150
/home/iiitn/Datasets/FaceForensics++/manipulated_sequences/Face2Face/c23/videos/425_485.mp4,1,0.2450839585615271,10.123973115521977,0.2718789669403848,0.05249344656435286,0.22445557851450704,10.047504982692509,0.3942657863210564,0.04038277628458017,2.2332961275903127,150
/home/iiitn/Datasets/FaceForensics++/manipulated_sequences/Face2Face/c23/videos/432_357.mp4,1,0.21341832713084516,6.5326447658761,0.3609493787653706,0.04602734826997318,0.22115292035728693,9.933121495569177,0.25741128274347314,0.03773959643016316,0.2909462941420074,150
/home/iiitn/Datasets/FaceForensics++/manipulated_sequences/Face2Face/c23/videos/422_695.mp4,1,0.24033091179341423,8.180726663573656,0.7205633652010418,0.0746566490327217,0.22350175680383497,7.531796601427331,0.7328906728277348,0.3955420171265493,5.117550871822091,150
/home/iiitn/Datasets/FaceForensics++/manipulated_sequences/Face2Face/c23/videos/429_404.mp4,1,0.323335814066637,23.176577461307815,0.7174282451128412,0.2514577208627439,0.3014488850800452,16.06384005868132,0.6317582021677718,0.23180049725529492,8.933908114891018,150
/home/iiitn/Datasets/FaceForensics++/manipulated_sequences/Face2Face/c23/videos/434_438.mp4,1,0.2323540999576366,7.756931893210438,0.4586477832875771,0.07332519584324393,0.2860674391105123,11.382412963181556,0.23171751702371277,0.4547205496997753,0.31146250294556305,150
/home/iiitn/Datasets/FaceForensics++/manipulated_sequences/Face2Face/c23/videos/428_466.mp4,1,0.28252615968548306,15.422850288362833,0.5182347598535555,0.19225813636369063,0.22241341535502168,11.950364054217962,0.5187021702968581,0.031250107160228774,0.4887865410715644,150
/home/iiitn/Datasets/FaceForensics++/manipulated_sequences/Face2Face/c23/videos/431_447.mp4,1,0.25177771512687097,8.574361105325757,0.2604376816818496,0.05413814633580619,0.22316177109495874,5.352268696843612,0.2965367787548659,0.08281959282218605,0.9687038232400428,150
/home/iiitn/Datasets/FaceForensics++/manipulated_sequences/Face2Face/c23/videos/435_456.mp4,1,0.1983946954834789,5.911822077837585,0.3251537872656612,0.056698843379651566,0.23568457292522405,8.868893538067976,0.2739808547117178,0.1076964233776475,3.166970034275255,150
/home/iiitn/Datasets/FaceForensics++/manipulated_sequences/Face2Face/c23/videos/433_498.mp4,1,0.18822812994736127,6.055823458295426,0.5511490977254718,0.19322993552899428,0.2112673753000688,6.7394460983419435,0.5254935004045739,0.11180768150645075,0.893942421139311,150
/home/iiitn/Datasets/FaceForensics++/manipulated_sequences/Face2Face/c23/videos/426_287.mp4,1,0.21998318288209048,7.680443632249907,0.01601621149902303,0.24771546925094223,0.26702833402650145,8.563008316400744,0.7130108611108815,0.09995580874095833,30.80072385148638,150
/home/iiitn/Datasets/FaceForensics++/manipulated_sequences/Face2Face/c23/videos/439_441.mp4,1,0.22079535764427227,6.690166947312062,0.718491180637073,0.04943023221418134,0.23958604950697718,9.436942775221034,0.608920004298466,0.03566778877226589,3.2455330601416352,150
/home/iiitn/Datasets/FaceForensics++/manipulated_sequences/Face2Face/c23/videos/430_459.mp4,1,0.24787112391889568,8.923477669154149,0.08770659113383733,0.1568975968018507,0.22512015761047108,6.7357192473854255,0.5007697137616377,0.16912789429653255,0.22705297786140383,150
/home/iiitn/Datasets/FaceForensics++/manipulated_sequences/Face2Face/c23/videos/438_434.mp4,1,0.22364097998472107,6.632800155271428,0.4082340635217426,0.10818692502592835,0.2522584008302679,9.406341515777433,0.2549014884835919,0.1143870432545616,0.5449212832306405,150
/home/iiitn/Datasets/FaceForensics++/manipulated_sequences/Face2Face/c23/videos/436_526.mp4,1,0.2592732810712954,10.325550247916494,0.5650706181595558,0.02704090483587432,0.32568117955759734,15.034079038814566,0.696667925152599,0.021702919615987994,125.72302002889812,150
/home/iiitn/Datasets/FaceForensics++/manipulated_sequences/Face2Face/c23/videos/440_364.mp4,1,0.160744771532319,5.350409884309678,0.4590064899047139,0.02724570750519972,0.27961194890241586,9.634650863029023,0.5859028156306668,0.13940230289372216,1.3773268493191395,150
/home/iiitn/Datasets/FaceForensics++/manipulated_sequences/Face2Face/c23/videos/443_514.mp4,1,0.1611922232897931,5.40189801833568,0.3986103211531524,0.2460000611735531,0.16345387449600832,5.746535085729839,0.3556532636606293,0.20812633477012224,16.319577830573305,150
/home/iiitn/Datasets/FaceForensics++/manipulated_sequences/Face2Face/c23/videos/441_439.mp4,1,0.2788689141844519,16.341904156239547,0.8597438768523157,0.020409099198565206,0.3810690656518596,29.63704197479093,0.9174012817422943,0.021795905066309667,12.617975718228571,150
/home/iiitn/Datasets/FaceForensics++/manipulated_sequences/Face2Face/c23/videos/437_360.mp4,1,0.30137640137392757,17.924853012744975,0.4699430810451177,0.2553585777164065,0.2678445433716512,16.0592846553314,0.3731384030171843,0.1614125170997398,4.250065575158375,150
/home/iiitn/Datasets/FaceForensics++/manipulated_sequences/Face2Face/c23/videos/444_655.mp4,1,0.29696726088844544,11.532571631351026,0.45427987114665896,0.049733054082779164,0.2415952230925803,10.401428246064082,0.13256106969717843,0.04179636307059185,16.180909675860985,150
/home/iiitn/Datasets/FaceForensics++/manipulated_sequences/Face2Face/c23/videos/447_431.mp4,1,0.18558704670531534,5.914307627091323,0.2512484412048847,0.18284097962109927,0.20441692249021562,5.364422279063359,0.15701384800306714,0.30642950042138223,0.8796951820488439,150
/home/iiitn/Datasets/FaceForensics++/manipulated_sequences/Face2Face/c23/videos/445_494.mp4,1,0.21339977583445638,9.384983353661376,0.5692995926315577,0.1528851027160542,0.21736519574269697,6.28653397275943,0.448627573091978,0.1332558814429463,1.5680742599240591,150
/home/iiitn/Datasets/FaceForensics++/manipulated_sequences/Face2Face/c23/videos/454_527.mp4,1,0.35513376688286336,20.369705597969304,0.38723907866692414,0.11693932027822589,0.39784707214741993,21.141331354827635,0.3475864117564708,0.20112401851712533,19.286888495860918,150
/home/iiitn/Datasets/FaceForensics++/manipulated_sequences/Face2Face/c23/videos/452_550.mp4,1,0.20054000182243273,5.2643205732765095,0.3710516954961138,0.2860560671116154,0.2507397314040211,10.009213775889526,0.25451815437067254,0.3252449624299259,0.6301564188297616,150
/home/iiitn/Datasets/FaceForensics++/manipulated_sequences/Face2Face/c23/videos/449_451.mp4,1,0.19730565260769925,6.879559128286595,0.33465396360982486,0.28276252323456946,0.27343962708176933,7.768445865411465,0.31677965315623374,0.04163061651540919,0.7701059504618609,150
/home/iiitn/Datasets/FaceForensics++/manipulated_sequences/Face2Face/c23/videos/448_361.mp4,1,0.19792475572369436,9.444067439590222,0.4245529338647403,0.2463384010552593,0.2582534040659829,8.682935167291415,0.3348007563342252,0.11720202384560015,0.12423820444158336,150
/home/iiitn/Datasets/FaceForensics++/manipulated_sequences/Face2Face/c23/videos/451_449.mp4,1,0.2936556188081186,8.324984274703388,0.0836432188809353,0.15533628115658393,0.2995701482684105,10.82573249758571,0.15225969196869227,0.15083938733175264,0.6535646002150916,150
/home/iiitn/Datasets/FaceForensics++/manipulated_sequences/Face2Face/c23/videos/442_195.mp4,1,0.2594663324169479,13.07251488475086,0.07549875043559469,0.1455204072386124,0.22626643319116915,8.225876112938238,0.3612317808456596,0.08653907362470542,20.740045169873827,150
/home/iiitn/Datasets/FaceForensics++/manipulated_sequences/Face2Face/c23/videos/453_402.mp4,1,0.2588522647831507,20.743096646101296,0.2748743157869349,0.12942129446119632,0.30379502980248324,34.379611450035796,0.5374834282027426,0.19956941313714738,3.6505363559797077,150
/home/iiitn/Datasets/FaceForensics++/manipulated_sequences/Face2Face/c23/videos/446_667.mp4,1,0.18015935439831718,6.0463356069108025,0.10246870403175323,0.32875126771764324,0.2326171008972345,10.40818347149501,0.383110196622712,0.12470243127928832,6.147711113162932,150
/home/iiitn/Datasets/FaceForensics++/manipulated_sequences/Face2Face/c23/videos/455_471.mp4,1,0.20243165866681093,8.82378859883145,0.07044321063437026,0.20133159239516452,0.24499741141886702,18.811647803050548,0.2667630938372941,0.1336274192547754,0.7924722669452371,150
/home/iiitn/Datasets/FaceForensics++/manipulated_sequences/Face2Face/c23/videos/450_533.mp4,1,0.23799585816032795,7.536966313510145,0.6364165762316581,0.015124521006827145,0.226377825809471,7.396493050224284,0.6336394750474899,0.032640353040624646,9.861278606232815,150
/home/iiitn/Datasets/FaceForensics++/manipulated_sequences/Face2Face/c23/videos/458_722.mp4,1,0.22369104003848814,9.649601086732268,0.2916523376862173,0.36215438390810323,0.29716385706758935,17.85458793100155,0.3625077931724705,0.0393069291055446,0.6342902863619533,150
/home/iiitn/Datasets/FaceForensics++/manipulated_sequences/Face2Face/c23/videos/457_398.mp4,1,0.2534881676054806,16.524431901595435,0.23067723218273017,0.06896742385442915,0.2675461608256635,18.27631968319673,0.3352140492522795,0.2126125233544155,5.11045354581309,150
/home/iiitn/Datasets/FaceForensics++/manipulated_sequences/Face2Face/c23/videos/463_464.mp4,1,0.2577895978576308,11.66813561673298,0.11774277112885774,0.10002301800469597,0.2941193502610963,24.679123288954486,0.4878510785677013,0.09816328780397375,30.490534958654518,150
/home/iiitn/Datasets/FaceForensics++/manipulated_sequences/Face2Face/c23/videos/462_467.mp4,1,0.278825615953422,19.9517885239419,0.027382188653783612,0.21749570553649059,0.2976878112306345,21.23569252991028,0.19352748047294832,0.23478864254732654,0.24604777409630516,150
/home/iiitn/Datasets/FaceForensics++/manipulated_sequences/Face2Face/c23/videos/464_463.mp4,1,0.17131941456096267,5.221510159111279,0.16180067499215992,0.06876051293177006,0.18543712690858336,6.387985657865645,0.1860988172992396,0.05841326929019707,0.4282148085145154,150
/home/iiitn/Datasets/FaceForensics++/manipulated_sequences/Face2Face/c23/videos/460_678.mp4,1,0.1709003949824787,5.72497417849529,0.397145039956099,0.18530524362600645,0.20100118014731114,6.307255091512775,0.5987629152868591,0.2219578657690402,0.5278053173733527,150
/home/iiitn/Datasets/FaceForensics++/manipulated_sequences/Face2Face/c23/videos/461_250.mp4,1,0.16932312303623367,5.240061274596087,0.27838240920553337,0.4403261865289834,0.2573905060323291,11.520777145328083,0.22759124891472401,0.1396755711044219,0.22353355940742542,150
/home/iiitn/Datasets/FaceForensics++/manipulated_sequences/Face2Face/c23/videos/465_482.mp4,1,0.2969398938973768,11.97123712390598,0.4405944542271631,0.05338986358577715,0.2536376765566331,8.206699297614536,0.4998897447602792,0.047602234943139865,0.6508394837510638,150
/home/iiitn/Datasets/FaceForensics++/manipulated_sequences/Face2Face/c23/videos/467_462.mp4,1,0.25572090700615735,9.43632677823984,0.7452235276436744,0.1093316102252258,0.23455197077037301,8.028215047071717,0.3297095392582617,0.03472234891724529,2.1062125044343376,150
/home/iiitn/Datasets/FaceForensics++/manipulated_sequences/Face2Face/c23/videos/459_430.mp4,1,0.28353384097496315,9.674252324350133,0.3907333427096493,0.15760686246693514,0.30121453370621737,12.963714491840014,0.38220510857143103,0.10851579847891019,0.650773484045985,150
/home/iiitn/Datasets/FaceForensics++/manipulated_sequences/Face2Face/c23/videos/469_481.mp4,1,0.21712319203455613,6.969811816139617,0.2057236479467485,0.09231059539670566,0.2583169361297987,8.497729560251807,0.30646937827214965,0.09887803876239554,7.161066392199496,150
/home/iiitn/Datasets/FaceForensics++/manipulated_sequences/Face2Face/c23/videos/470_468.mp4,1,0.22378045718998116,8.627757481523188,0.10443486115479149,0.11174214468438365,0.32048373029927363,21.2090173746094,0.16342140127039886,0.045903211071992606,0.36243458317244226,150
/home/iiitn/Datasets/FaceForensics++/manipulated_sequences/Face2Face/c23/videos/468_470.mp4,1,0.22592891014930927,15.298251362763338,0.11613240777554669,0.2705995726381217,0.18383526581426368,6.298029103537168,0.061304331861872306,0.0061787495562890815,5.939364657579298,150
/home/iiitn/Datasets/FaceForensics++/manipulated_sequences/Face2Face/c23/videos/466_428.mp4,1,0.20845024040122648,5.258413013611455,0.45088177795577433,0.12233990044477656,0.24675433411110292,6.624398198727374,0.4232714343209851,0.08406826091577396,0.4202596407313103,150
/home/iiitn/Datasets/FaceForensics++/manipulated_sequences/Face2Face/c23/videos/471_455.mp4,1,0.22753819615393533,8.481392021979369,0.19537218627924421,0.232495450220471,0.26186439997062183,10.264740754047937,0.30122374131384727,0.14804396637852255,0.15129729367881295,150
/home/iiitn/Datasets/FaceForensics++/manipulated_sequences/Face2Face/c23/videos/473_366.mp4,1,0.21084486477591088,8.414622841703848,0.23750345958910146,0.08276559867142398,0.2385403308327084,9.213617173826377,0.23493040533489076,0.0896392311582596,6.281263009108609,150
/home/iiitn/Datasets/FaceForensics++/manipulated_sequences/Face2Face/c23/videos/474_281.mp4,1,0.224465773997266,18.776767573277947,0.21687617561417327,0.239631886548629,0.2563816961161613,10.897020210866351,0.028590502740597046,0.13910199366419948,44.281184339300104,150
/home/iiitn/Datasets/FaceForensics++/manipulated_sequences/Face2Face/c23/videos/472_511.mp4,1,0.22308370395101718,8.166187646754048,0.3663780371231047,0.05659399105544382,0.2223621566731934,7.73483157495586,0.5215499340779894,0.06396352155218804,0.8036071600814989,150
/home/iiitn/Datasets/FaceForensics++/manipulated_sequences/Face2Face/c23/videos/476_400.mp4,1,0.3102342800726396,16.394769207427426,0.6163593086543738,0.09957507837281754,0.32812047600517863,25.30020652559912,0.5625633102852753,0.25596536806852715,8.298792304444392,150
/home/iiitn/Datasets/FaceForensics++/manipulated_sequences/Face2Face/c23/videos/478_506.mp4,1,0.2557612849976139,9.48701084797417,0.16898248722091702,0.05999689557076268,0.262978933534953,15.47743486561118,0.3193207120128048,0.03524164793452812,2.2867769897810497,150
/home/iiitn/Datasets/FaceForensics++/manipulated_sequences/Face2Face/c23/videos/475_265.mp4,1,0.23076586880524333,6.350963902907277,0.4543017706841277,0.20132515313060542,0.20256237692689882,5.998458182177697,0.4198863571182833,0.2268151290108972,0.748572224522958,150
/home/iiitn/Datasets/FaceForensics++/manipulated_sequences/Face2Face/c23/videos/482_465.mp4,1,0.32290962599597545,13.584413189530467,0.3913275796047506,0.003722304063383298,0.22427757876755652,6.4079237769946085,0.3781219432876611,0.008350257731409254,5.060222002115696,150
/home/iiitn/Datasets/FaceForensics++/manipulated_sequences/Face2Face/c23/videos/484_415.mp4,1,0.2507646432069069,7.707491354414901,0.11826090665770535,0.03399985678883415,0.24803361822876954,8.333153657703965,0.08550848298700044,0.1183582754461942,2.9811336613900066,150
/home/iiitn/Datasets/FaceForensics++/manipulated_sequences/Face2Face/c23/videos/480_389.mp4,1,0.26708809529336247,13.205131264477103,0.2990935620130953,0.0922391981841403,0.2305291063567805,17.36134905632257,0.6559173044297143,0.1113219998547945,5.288742732303136,150
/home/iiitn/Datasets/FaceForensics++/manipulated_sequences/Face2Face/c23/videos/477_487.mp4,1,0.2606451827361644,10.775125183698483,0.26083290540902343,0.27133450855438046,0.2429289100670954,8.562532217055503,0.5001262509918153,0.26911340148061325,7.720693742645074,150
/home/iiitn/Datasets/FaceForensics++/manipulated_sequences/Face2Face/c23/videos/486_680.mp4,1,0.25658328928352386,12.426287105882196,-0.013369496160585692,0.14891907918938474,0.23889861245299623,8.91803128792284,0.20563930645245795,0.07544149714059295,0.047393220155319805,150
/home/iiitn/Datasets/FaceForensics++/manipulated_sequences/Face2Face/c23/videos/485_425.mp4,1,0.22213446323564598,6.812091095932733,0.5437509901692522,0.3342674474687662,0.26077619600213847,10.12989646811265,0.5261575388241372,0.2912415218250723,2.0364404611665616,150
/home/iiitn/Datasets/FaceForensics++/manipulated_sequences/Face2Face/c23/videos/483_370.mp4,1,0.20114306771119791,5.51629951287903,0.1566043391106148,0.27775652386831534,0.21124398504039033,6.708018962722227,0.16419735929260498,0.13285174680596695,0.38844414759508017,150
/home/iiitn/Datasets/FaceForensics++/manipulated_sequences/Face2Face/c23/videos/481_469.mp4,1,0.18551849486797065,5.056510918808621,0.27493533942031995,0.1858038686543159,0.19453084087534236,5.5826517964213105,0.29409645371116144,0.12246416086736117,3.9548494761752635,150
/home/iiitn/Datasets/FaceForensics++/manipulated_sequences/Face2Face/c23/videos/479_706.mp4,1,0.2507288256363576,9.40979207053676,0.29424109019072475,0.04156221496654818,0.2133366995720438,5.539147048246458,0.3818968167311749,0.03759229457265511,0.18898450828506963,150
/home/iiitn/Datasets/FaceForensics++/manipulated_sequences/Face2Face/c23/videos/489_022.mp4,1,0.21517202056773513,6.180651647200247,0.3277067963376025,0.012876206014540823,0.3271479786392816,10.643125549160555,-0.17438818669234438,0.053071665602679306,13.841101661481986,150
/home/iiitn/Datasets/FaceForensics++/manipulated_sequences/Face2Face/c23/videos/487_477.mp4,1,0.2360199337841293,8.264340189467275,0.363644698646453,0.036417861736378954,0.2450094764511422,6.756480561367603,0.6505158986341852,0.19242111679626048,3.2174934030477,150
/home/iiitn/Datasets/FaceForensics++/manipulated_sequences/Face2Face/c23/videos/488_399.mp4,1,0.23621029556470644,15.493522534398187,0.3425151445685557,0.24324889016610238,0.23087846850213745,6.233183021867561,0.36751550492213453,0.23026934831243792,0.7503007927308364,150
/home/iiitn/Datasets/FaceForensics++/manipulated_sequences/Face2Face/c23/videos/493_538.mp4,1,0.250629678622808,9.773375436244377,-0.2673013333553992,0.10028790538180728,0.2021365511863613,9.734328298514106,0.19062298211828266,0.09488509432503234,3.5012207462906098,150
/home/iiitn/Datasets/FaceForensics++/manipulated_sequences/Face2Face/c23/videos/495_512.mp4,1,0.21230372673735565,8.25486440964596,0.15761254208291708,0.13284327749401106,0.20710491180230498,6.997855359062934,0.39619638880422,0.1458136612605793,0.5547174758626796,150
/home/iiitn/Datasets/FaceForensics++/manipulated_sequences/Face2Face/c23/videos/497_403.mp4,1,0.20125458057726384,5.081671551095216,0.4905680599991837,0.0328811129819952,0.17314292236267478,3.240735960156529,0.5055452308571506,0.0037661644153827874,14.808687071510601,150
/home/iiitn/Datasets/FaceForensics++/manipulated_sequences/Face2Face/c23/videos/496_417.mp4,1,0.21551960759313293,5.576951233970758,0.5006094916724254,0.027729524557637466,0.22197284661411829,7.545773381027865,0.30317851033509374,0.02396653730227084,0.7156506235170355,150
/home/iiitn/Datasets/FaceForensics++/manipulated_sequences/Face2Face/c23/videos/491_226.mp4,1,0.19926892172870844,5.861212240236469,0.3362233528085525,0.14211821872056085,0.22168175022662287,7.1195247014986265,0.4778819027813544,0.05353967461296471,0.16596992911210243,150
/home/iiitn/Datasets/FaceForensics++/manipulated_sequences/Face2Face/c23/videos/498_433.mp4,1,0.2650878488837141,10.213670739852132,0.11882941806258847,0.11001535294420006,0.23383872746024958,11.224924592940026,0.49751091015291876,0.19232871615816105,14.818678066485269,150
/home/iiitn/Datasets/FaceForensics++/manipulated_sequences/Face2Face/c23/videos/494_445.mp4,1,0.16902265303297137,5.2042113317833705,0.3155396292993636,0.059064511710783356,0.19910222599665275,7.727674912724203,0.6833227313931145,0.34740489715441886,168.98880034736155,150
/home/iiitn/Datasets/FaceForensics++/manipulated_sequences/Face2Face/c23/videos/490_534.mp4,1,0.19255083060657008,7.106557190037112,0.11615037537527695,0.10575612856901705,0.2042941655330169,8.805913718696727,0.24137178544682936,0.21078563668315184,1.9761021566735069,150
/home/iiitn/Datasets/FaceForensics++/manipulated_sequences/Face2Face/c23/videos/492_325.mp4,1,0.32647282343838735,33.980072146572674,0.58591707082916,0.03068744306161023,0.3627677780004966,25.095160453927964,0.5742203693264288,0.04517579179222373,0.33862608070857464,150
/home/iiitn/Datasets/FaceForensics++/manipulated_sequences/Face2Face/c23/videos/499_539.mp4,1,0.1882823318890213,4.592377992190353,0.28572263380335094,0.06776030451782267,0.1834985329469073,3.7495216562276554,0.4240031137940414,0.2585231921350531,0.3689074251832391,150
/home/iiitn/Datasets/FaceForensics++/manipulated_sequences/Face2Face/c23/videos/501_326.mp4,1,0.2429247599852391,13.21712426479803,0.19651543699527566,0.22122171526114218,0.23894360769866144,12.226614207792492,0.2540042835967225,0.17724314781175385,0.1953111467343859,150
/home/iiitn/Datasets/FaceForensics++/manipulated_sequences/Face2Face/c23/videos/505_600.mp4,1,0.2740511556086163,12.030053682098696,0.175637771468289,0.1209725892271799,0.3235076224226406,11.079163208040436,0.24360589191557017,0.20006937965415897,0.26068687081557146,150
/home/iiitn/Datasets/FaceForensics++/manipulated_sequences/Face2Face/c23/videos/503_756.mp4,1,0.23992468176107037,9.432387562733743,0.37250322701330624,0.08063688879574472,0.2209021568657036,6.4593103100709905,0.2399706080049866,0.11817458987408137,0.05335293285754013,150
/home/iiitn/Datasets/FaceForensics++/manipulated_sequences/Face2Face/c23/videos/502_504.mp4,1,0.21863926977503456,6.58113977947992,0.4375350339999364,0.147251602747448,0.21992984276518923,5.725810337134249,0.3414086306543031,0.18101422024255295,0.4342234575562581,150
/home/iiitn/Datasets/FaceForensics++/manipulated_sequences/Face2Face/c23/videos/506_478.mp4,1,0.23307627693884791,6.2970876147285795,0.19966536162113815,0.17214538287239492,0.25729591598158846,6.460983198960605,0.19509616109982872,0.1944204130737366,0.8896108213842624,150
/home/iiitn/Datasets/FaceForensics++/manipulated_sequences/Face2Face/c23/videos/500_592.mp4,1,0.19540937537095582,7.597338421948163,0.4152367621564994,0.06934954388142213,0.25330232255610047,10.669752949300415,0.428495519945701,0.035179604358789605,1.5259783766366024,150
/home/iiitn/Datasets/FaceForensics++/manipulated_sequences/Face2Face/c23/videos/504_502.mp4,1,0.2116685774191233,16.52039157191938,-0.24370912956068283,0.3051266574897411,0.26171290723336527,12.058219149076413,0.47380373905303697,0.03752927784944813,0.17348468356744404,150
/home/iiitn/Datasets/FaceForensics++/manipulated_sequences/Face2Face/c23/videos/509_525.mp4,1,0.177800745114009,4.423493564156329,0.6693927510240055,0.027822157611836613,0.22525444592730925,6.913923083386429,0.5664243624796702,0.1317703963408475,99.5976139381737,150
/home/iiitn/Datasets/FaceForensics++/manipulated_sequences/Face2Face/c23/videos/511_472.mp4,1,0.25421652367471664,11.345300616573304,0.05034007286885417,0.18821191782753077,0.2670452176722624,23.73208854517031,0.21227473925063703,0.074456886346689,13.750851401739741,150
/home/iiitn/Datasets/FaceForensics++/manipulated_sequences/Face2Face/c23/videos/512_495.mp4,1,0.25667618155945426,18.547350067008768,0.6284438178400266,0.07840561171859484,0.35130944913583645,26.114386283996723,0.34317381314447387,0.04116544080224854,19.776161771454234,150
/home/iiitn/Datasets/FaceForensics++/manipulated_sequences/Face2Face/c23/videos/510_528.mp4,1,0.2530478106290565,10.392263485826552,0.06146100713275609,0.1509766343239415,0.22185208761820027,11.115904510781851,0.05181357496437581,0.17569072495691732,166.33874737194185,150
/home/iiitn/Datasets/FaceForensics++/manipulated_sequences/Face2Face/c23/videos/515_519.mp4,1,0.1969526607123444,5.198518916436836,0.1363358260847736,0.29753564641433033,0.16496690335842676,4.07674681691283,0.11595881489784225,0.012685363909813507,7.558098323808049,150
/home/iiitn/Datasets/FaceForensics++/manipulated_sequences/Face2Face/c23/videos/514_443.mp4,1,0.20283726188202675,6.3420882190739505,0.24990145647650297,0.014172695330114728,0.17441855140500243,5.562125572743856,0.10757758367567281,0.0033727894176522814,282.73880181861966,150
/home/iiitn/Datasets/FaceForensics++/manipulated_sequences/Face2Face/c23/videos/517_521.mp4,1,0.24281706089839106,7.99126625115812,0.46610107016586694,0.13585616221660357,0.24935396209320213,8.201241416458455,0.32264979250253406,0.1217941956587042,0.13210784253784436,150
/home/iiitn/Datasets/FaceForensics++/manipulated_sequences/Face2Face/c23/videos/513_305.mp4,1,0.1402455732176131,3.959058736406458,0.7260283671694346,0.20080416704232806,0.20666631553232775,6.5256408309147576,0.6082698333961513,0.33335181620120924,1.6999599967653687,150
/home/iiitn/Datasets/FaceForensics++/manipulated_sequences/Face2Face/c23/videos/508_831.mp4,1,0.1767581993805217,7.857275867035907,0.35578343351148695,0.031123206377289592,0.21398689507443033,5.18550436102741,0.3512364114128939,0.3611419668541487,0.3564157735323325,150
/home/iiitn/Datasets/FaceForensics++/manipulated_sequences/Face2Face/c23/videos/518_131.mp4,1,0.13147000659732214,8.850737078774896,0.0310158716767973,0.17189326767048974,0.13927299158309123,8.959711949181765,0.2316783491709489,0.07329500545537183,0.177479049828783,150
/home/iiitn/Datasets/FaceForensics++/manipulated_sequences/Face2Face/c23/videos/507_418.mp4,1,0.19262931087539872,8.81154229828136,0.5669760179768717,0.22640304390435384,0.19905250797344978,7.428148370634538,0.6122764351040133,0.15423410720892344,2.6192699824093544,150
/home/iiitn/Datasets/FaceForensics++/manipulated_sequences/Face2Face/c23/videos/521_517.mp4,1,0.2746671773522769,10.280475261796576,-0.034263657372855534,0.029243061564701054,0.25512495093931525,8.829968867903956,-0.11424510205781707,0.09393714099587862,0.6040547925485041,150
/home/iiitn/Datasets/FaceForensics++/manipulated_sequences/Face2Face/c23/videos/522_337.mp4,1,0.18354911357041537,5.614662240595062,0.276615641184546,0.16105786443225076,0.20098467100318704,6.564427991328416,0.4020891118790209,0.24810558979743677,1.8637032953639805,150
/home/iiitn/Datasets/FaceForensics++/manipulated_sequences/Face2Face/c23/videos/519_515.mp4,1,0.24031997570981808,10.30774361959737,0.26608136441420666,0.23529947612910365,0.23797427712363636,15.217109282561744,0.43656915088648485,0.09521507395760405,86.49109959985046,150
/home/iiitn/Datasets/FaceForensics++/manipulated_sequences/Face2Face/c23/videos/520_542.mp4,1,0.25766175280198084,10.725390473976889,0.13810914973933153,0.23546212576643644,0.322215580011574,19.20743015906743,0.41137377533263475,0.17003720716677198,0.1749711551757608,150
/home/iiitn/Datasets/FaceForensics++/manipulated_sequences/Face2Face/c23/videos/523_541.mp4,1,0.2434469364927848,9.187801702518849,0.22940385980506336,0.025454009045394438,0.2837765308261891,16.517090572431915,0.18029452113727631,0.22048632859581332,1.5394924304683668,150
/home/iiitn/Datasets/FaceForensics++/manipulated_sequences/Face2Face/c23/videos/524_580.mp4,1,0.26280483403957944,7.16457353263122,-0.03888388269925137,0.1698771442396827,0.23737229535578852,6.398915540963128,0.20839198846253001,0.39806212285556436,0.011455445948787862,150
/home/iiitn/Datasets/FaceForensics++/manipulated_sequences/Face2Face/c23/videos/516_555.mp4,1,0.20184980783406115,6.276211016500292,0.5277063137218468,0.31691304877861753,0.2733845160566667,8.689268468837668,0.3544008528357771,0.019648762161291945,2.563612318081439,150
/home/iiitn/Datasets/FaceForensics++/manipulated_sequences/Face2Face/c23/videos/525_509.mp4,1,0.1929844620350368,5.8580614492359695,0.05448782836347169,0.12928664641102555,0.21379223437616382,7.600524334480535,0.05418124695382633,0.09478808312983451,0.0855407929809747,150
/home/iiitn/Datasets/FaceForensics++/manipulated_sequences/Face2Face/c23/videos/528_510.mp4,1,0.18585497796476655,5.364318521949297,0.6454339608920076,0.2558611550703747,0.16727929008421358,4.721330730835239,0.6646593622299538,0.2542873576610528,26.449869753720016,150
/home/iiitn/Datasets/FaceForensics++/manipulated_sequences/Face2Face/c23/videos/531_549.mp4,1,0.24548935593515667,12.927516619529342,0.29521484167886597,0.03207279842534464,0.22900612129309428,13.43541739428519,0.43692630429008683,0.06512596542205304,3.9623676973511297,150
/home/iiitn/Datasets/FaceForensics++/manipulated_sequences/Face2Face/c23/videos/527_454.mp4,1,0.21571789139731853,6.423196181272803,0.4380913045079508,0.1919734320005961,0.2448404610757304,5.783829892661889,0.5179306040420161,0.278965267423952,11.977772333523308,150
/home/iiitn/Datasets/FaceForensics++/manipulated_sequences/Face2Face/c23/videos/530_594.mp4,1,0.19709997198270798,5.284958510013754,0.11705995564211356,0.06484448962807987,0.21417799799468154,8.80505212615479,0.2311013623197252,0.1119391732476988,12.696974233433542,150
/home/iiitn/Datasets/FaceForensics++/manipulated_sequences/Face2Face/c23/videos/526_436.mp4,1,0.2528083925600027,14.433218358106698,0.2895680025090315,0.16305445211027372,0.2860600544056269,14.379554919750532,0.16009398300830555,0.15573815260332446,2.9586474638090143,150
/home/iiitn/Datasets/FaceForensics++/manipulated_sequences/Face2Face/c23/videos/532_544.mp4,1,0.25717891593746384,11.868953684855091,0.18916721552252128,0.12367721374490374,0.259240021632078,10.488142919656381,0.16367712939546852,0.15710950505914698,0.06380269330236292,150
/home/iiitn/Datasets/FaceForensics++/manipulated_sequences/Face2Face/c23/videos/535_587.mp4,1,0.24110200964756753,7.072055835029523,0.15347033873424393,0.28137530392221405,0.16258397534971497,3.2297789645631307,0.31452878169322296,0.3225126207792491,0.48165909887856684,150
/home/iiitn/Datasets/FaceForensics++/manipulated_sequences/Face2Face/c23/videos/539_499.mp4,1,0.2548850537960696,6.7960641396302295,0.5284650124529291,0.15711186620593107,0.21368025569432078,6.884919659868732,0.5696090497509013,0.3109375532256319,0.6892210514357764,150
/home/iiitn/Datasets/FaceForensics++/manipulated_sequences/Face2Face/c23/videos/534_490.mp4,1,0.2278150638910478,11.11621966012936,0.6478613114130897,0.0031294038640829976,0.17700270580079658,6.495735924731851,0.4519982412808483,0.050512103613414544,0.4433234299587772,150
/home/iiitn/Datasets/FaceForensics++/manipulated_sequences/Face2Face/c23/videos/538_493.mp4,1,0.1990590800670076,8.360343612683604,0.18658763228242292,0.03408200548342469,0.20492847218709098,8.56229380378262,0.11159558939528742,0.06672002549434754,0.2923361042412393,150
/home/iiitn/Datasets/FaceForensics++/manipulated_sequences/Face2Face/c23/videos/537_563.mp4,1,0.17375961000579962,5.10963182525577,0.4754755067101189,0.10731436840236097,0.22143343924513018,7.235655492086994,0.3844284837790637,0.15485070299070913,4.422105051857389,150
/home/iiitn/Datasets/FaceForensics++/manipulated_sequences/Face2Face/c23/videos/543_559.mp4,1,0.251179384777629,12.652009919305195,0.46514955576996747,0.048379406527547596,0.22771866577226554,9.268547819835874,0.5194545605171395,0.1279813513540686,50.60724772312778,150
/home/iiitn/Datasets/FaceForensics++/manipulated_sequences/Face2Face/c23/videos/529_633.mp4,1,0.22117814174899877,7.278641926563966,0.13941027324559654,0.15906081868098731,0.28064398543364916,12.175768042255896,0.061179836336885944,0.1841631163054842,4.7588792761502114,150
/home/iiitn/Datasets/FaceForensics++/manipulated_sequences/Face2Face/c23/videos/541_523.mp4,1,0.21836265246307165,7.805484503932,0.2578094407121578,0.24278665502637772,0.18524889873223827,5.226147757898624,0.22712618452712685,0.3107085703448891,0.4940859206997317,150
/home/iiitn/Datasets/FaceForensics++/manipulated_sequences/Face2Face/c23/videos/536_540.mp4,1,0.19478344014587332,8.917272180416669,-0.1226934569389877,0.43268702947564125,0.23785364196787254,10.741952203886825,0.41559268409316746,0.22160432905736846,1.161894278014404,150
/home/iiitn/Datasets/FaceForensics++/manipulated_sequences/Face2Face/c23/videos/542_520.mp4,1,0.2813016249999287,13.286161150826473,0.017025214233728603,0.1133084228650364,0.1861408200724476,9.069888357104555,0.11457511303995543,0.1466063292039722,1.2146144280719047,150
/home/iiitn/Datasets/FaceForensics++/manipulated_sequences/Face2Face/c23/videos/540_536.mp4,1,0.1961325643383002,7.042613778644502,0.42169034440001574,0.17485763647837435,0.20091041478291363,8.43971208538281,0.5357703038784891,0.27932568988027334,0.16976826525945532,150
/home/iiitn/Datasets/FaceForensics++/manipulated_sequences/Face2Face/c23/videos/545_553.mp4,1,0.28895095096108436,11.014220815691871,0.7832625105017459,0.10556284596500874,0.2869215613679614,10.532093929701523,0.7755183034252032,0.15758184761954483,5.131901201320997,150
/home/iiitn/Datasets/FaceForensics++/manipulated_sequences/Face2Face/c23/videos/544_532.mp4,1,0.32146145644346247,10.955412426585232,0.66855259955864,0.3575244621029567,0.2777029423382423,15.351484989764273,0.596514887668565,0.15915412155340172,0.6764158512958085,150
/home/iiitn/Datasets/FaceForensics++/manipulated_sequences/Face2Face/c23/videos/546_621.mp4,1,0.24746061463805846,16.17110259024307,0.4885463133552143,0.04717871182010788,0.2706703752852088,17.073116060317886,0.5685983664582334,0.23233090548261845,1.9181147495615836,150
/home/iiitn/Datasets/FaceForensics++/manipulated_sequences/Face2Face/c23/videos/533_450.mp4,1,0.19266995989309108,4.628985277030277,0.6673038206992318,0.25235462285071847,0.21730372923491426,6.492078138627292,0.6787744362846121,0.22397448326985492,0.7036794161792144,150
/home/iiitn/Datasets/FaceForensics++/manipulated_sequences/Face2Face/c23/videos/550_452.mp4,1,0.2523735983239915,10.108871239808074,0.0413454046495405,0.1926404026262406,0.15725389848403923,4.002788292333637,0.4607086259398809,0.3017951247091535,0.5300586387682762,150
/home/iiitn/Datasets/FaceForensics++/manipulated_sequences/Face2Face/c23/videos/548_632.mp4,1,0.2646488085965765,16.789643575129734,0.36178883525214484,0.04260184450776044,0.22044278064314052,10.206364672408524,0.26097948724303643,0.4730570713540662,0.3385484202353289,150
/home/iiitn/Datasets/FaceForensics++/manipulated_sequences/Face2Face/c23/videos/553_545.mp4,1,0.201712517946251,8.784486015168635,0.44496999803573173,0.10148058062963627,0.24512501880804663,9.8956557886995,0.49718918755508107,0.06764737207014286,11.66148587654711,150
/home/iiitn/Datasets/FaceForensics++/manipulated_sequences/Face2Face/c23/videos/549_531.mp4,1,0.22975027704228335,10.7417461574695,0.31046919320313054,0.17310846500485447,0.25485524765768885,10.1903102679382,0.3126802263441837,0.09395341552796678,6.110300150577693,150
/home/iiitn/Datasets/FaceForensics++/manipulated_sequences/Face2Face/c23/videos/557_560.mp4,1,0.24736203173399163,12.266316981136525,0.35494475121604424,0.09616303091736185,0.3201887243822466,9.64881137511862,0.19688803917018213,0.13896467972852966,0.16653959639263538,150
/home/iiitn/Datasets/FaceForensics++/manipulated_sequences/Face2Face/c23/videos/556_588.mp4,1,0.20318775952996013,8.238988288097199,0.3945130152801973,0.2597341951976188,0.22737004773644443,14.580226670994096,0.5025024639893944,0.40619490587125284,0.37546508737937323,150
/home/iiitn/Datasets/FaceForensics++/manipulated_sequences/Face2Face/c23/videos/554_572.mp4,1,0.22175183435997026,10.251698527397487,0.5119214012393527,0.23194369307848817,0.23620627526506532,6.676741962146849,0.3663420279672147,0.050252632231235154,0.12902496109147574,150
/home/iiitn/Datasets/FaceForensics++/manipulated_sequences/Face2Face/c23/videos/552_851.mp4,1,0.16916914779954972,5.874621216587825,0.24121867700895158,0.36789204412378834,0.18049824735457257,6.060356084119412,0.27719225798215336,0.08186699815301947,1.3107760430458375,150
/home/iiitn/Datasets/FaceForensics++/manipulated_sequences/Face2Face/c23/videos/560_557.mp4,1,0.27011125732828795,9.649298757485129,0.3506358292584563,0.29963929954055374,0.23191424582422873,6.829523524679291,0.513596130191987,0.33687647021652983,1.7542170664656025,150
/home/iiitn/Datasets/FaceForensics++/manipulated_sequences/Face2Face/c23/videos/558_583.mp4,1,0.2843124064151974,11.274849957633682,0.4041184764729037,0.13154807946498667,0.26700756448769897,8.554947588844355,0.3768744291447053,0.20383969246561837,0.9089009106845123,150
/home/iiitn/Datasets/FaceForensics++/manipulated_sequences/Face2Face/c23/videos/559_543.mp4,1,0.31366536189593136,13.040087348234843,0.3825574649089609,0.025293067597273317,0.22721720627429273,9.915659617783943,0.35578204689307574,0.038091517190162315,0.11587447855528528,150
/home/iiitn/Datasets/FaceForensics++/manipulated_sequences/Face2Face/c23/videos/555_516.mp4,1,0.22098176384387314,6.9785572951431325,0.5894152193836691,0.11375199823826902,0.22954593862261072,8.736331189929109,0.4907194153541625,0.1364340726805458,1.2382436936413335,150
/home/iiitn/Datasets/FaceForensics++/manipulated_sequences/Face2Face/c23/videos/563_537.mp4,1,0.19078848712953303,5.111992643155872,0.26901047332116773,0.06656985386045426,0.29293109616997787,15.229012582991539,0.4320205140706091,0.0963013958813073,0.14555786545397156,150
/home/iiitn/Datasets/FaceForensics++/manipulated_sequences/Face2Face/c23/videos/565_589.mp4,1,0.2504831148348074,11.541805386065775,0.31359195587762695,0.0334668185996459,0.2203561927981638,12.42933795385749,0.4345037806198899,0.0651548834154229,15.068711068397597,150
/home/iiitn/Datasets/FaceForensics++/manipulated_sequences/Face2Face/c23/videos/567_606.mp4,1,0.21106706214316637,10.608009304272754,0.09575239292488592,0.22409377705231062,0.22609285793507664,10.84395257217495,0.3084019047383114,0.28289977659395965,3.537603253766288,150
/home/iiitn/Datasets/FaceForensics++/manipulated_sequences/Face2Face/c23/videos/566_617.mp4,1,0.242126143932311,11.249925395851001,0.3655266693691837,0.08336889053782574,0.2622841667056504,10.921247568363034,0.3671302107095411,0.07324311303764468,16.473862985100784,150
/home/iiitn/Datasets/FaceForensics++/manipulated_sequences/Face2Face/c23/videos/568_628.mp4,1,0.21317360398128726,9.097321163751763,0.6027030367568212,0.34128438081318113,0.23258069408903506,10.5792608057362,0.5541715078652301,0.14055613546987966,5.685182246573976,150
/home/iiitn/Datasets/FaceForensics++/manipulated_sequences/Face2Face/c23/videos/561_998.mp4,1,0.2537263448212648,6.012227871067318,0.3815321231115747,0.25123664774266646,0.24735781786397945,7.046708565976711,0.3817308787364639,0.13291414509096214,16.84704548440662,150
/home/iiitn/Datasets/FaceForensics++/manipulated_sequences/Face2Face/c23/videos/562_626.mp4,1,0.19853828170496168,5.550785389715109,0.6412492376993061,0.11895349564115681,0.21809846587949677,6.285929524902499,0.7882115497072374,0.13454336822908633,5.042240072959807,150
/home/iiitn/Datasets/FaceForensics++/manipulated_sequences/Face2Face/c23/videos/564_971.mp4,1,0.19030461573551172,5.005750770459965,0.2112438452083134,0.05060620307020771,0.23657539892464566,7.332799501683984,0.01381573830742622,0.20847657215893897,0.13859088449332432,150
/home/iiitn/Datasets/FaceForensics++/manipulated_sequences/Face2Face/c23/videos/574_547.mp4,1,0.25036041787974084,16.283094881633644,-0.24926254211173612,0.23535179878554757,0.24240489686940522,16.008270180726097,0.5504665959113031,0.059082467237541715,3.241789224712057,150
/home/iiitn/Datasets/FaceForensics++/manipulated_sequences/Face2Face/c23/videos/569_921.mp4,1,0.2041627731439999,7.025259222330426,0.13945700865352104,0.14884071950401453,0.19360459139148953,6.021138025390544,-0.06321797054877985,0.32156153499577766,0.18469766619176373,150
/home/iiitn/Datasets/FaceForensics++/manipulated_sequences/Face2Face/c23/videos/570_624.mp4,1,0.20660278013259256,8.69195818992709,0.7378247470415983,0.02030045117939415,0.2530803030711464,12.273935595657482,0.3440446509921537,0.07339977258375126,2.772288467161452,150
/home/iiitn/Datasets/FaceForensics++/manipulated_sequences/Face2Face/c23/videos/571_746.mp4,1,0.22403700462903775,6.358229634493231,0.5992045377947508,0.06634325617614424,0.2718001526180489,9.727284228916533,0.2761343580796838,0.26809243369045227,0.8438162586602159,150
/home/iiitn/Datasets/FaceForensics++/manipulated_sequences/Face2Face/c23/videos/573_757.mp4,1,0.24102653704621582,11.845418249572774,0.664719262452095,0.03239089085294664,0.1832850426320357,4.304698894072802,0.5942367520230645,0.15658440220203293,4.300862930593411,150
/home/iiitn/Datasets/FaceForensics++/manipulated_sequences/Face2Face/c23/videos/575_603.mp4,1,0.23166686313134954,9.802568351656765,0.36297563681493167,0.2521171656611678,0.19906861615916993,7.983317685226704,0.37627236358704086,0.2923035912469354,1.4088411328693613,150
/home/iiitn/Datasets/FaceForensics++/manipulated_sequences/Face2Face/c23/videos/572_554.mp4,1,0.268585127447996,9.873777290610695,0.6241043651950786,0.056648831414664286,0.3069885607550666,13.87849294704048,0.6154698322744308,0.06469100625754999,13.854237482145338,150
/home/iiitn/Datasets/FaceForensics++/manipulated_sequences/Face2Face/c23/videos/576_155.mp4,1,0.16327214527897366,4.426694246174172,0.24215724360334936,0.15608415477081872,0.24965412605124518,9.852851939326644,0.14811237896570387,0.10084262958582439,188.46693789705193,150
/home/iiitn/Datasets/FaceForensics++/manipulated_sequences/Face2Face/c23/videos/578_636.mp4,1,0.24054922829387917,10.370633107768366,0.10622789699452007,0.20796425647641512,0.29594241841362706,14.25827856356254,0.16726435761474912,0.02244757783154884,0.14608521965670843,150
/home/iiitn/Datasets/FaceForensics++/manipulated_sequences/Face2Face/c23/videos/580_524.mp4,1,0.26214161943724834,19.03364075075494,0.09075138567360225,0.0883963603959871,0.20960964253184242,7.412831773570196,0.41509550932228767,0.042494485763843515,0.15273665464502778,150
/home/iiitn/Datasets/FaceForensics++/manipulated_sequences/Face2Face/c23/videos/582_172.mp4,1,0.21614128032588134,8.580152005176258,0.3271333640086092,0.10112024053951192,0.21371187607962439,6.342046586984064,0.0011810210673437367,0.1033029260796511,14.63544199691918,150
/home/iiitn/Datasets/FaceForensics++/manipulated_sequences/Face2Face/c23/videos/579_701.mp4,1,0.3134162565473805,10.205178729971827,0.2635102695734346,0.16382117397212295,0.2698455839899451,8.585946306136634,0.6057578604939756,0.17945578946321558,0.7793255773219495,150
/home/iiitn/Datasets/FaceForensics++/manipulated_sequences/Face2Face/c23/videos/577_593.mp4,1,0.2813755354703664,13.336754159125737,0.5896908072029956,0.05658067902866771,0.216493073170595,6.182939920996439,0.49541358227321836,0.3246361002503279,0.11431430377171739,150
/home/iiitn/Datasets/FaceForensics++/manipulated_sequences/Face2Face/c23/videos/583_558.mp4,1,0.27495568877789633,10.255034447062352,0.21415628458801003,0.10357306785103203,0.23700487628601263,7.2412232147847035,0.38503521600617213,0.4244579823551458,1.7494892528758001,150
/home/iiitn/Datasets/FaceForensics++/manipulated_sequences/Face2Face/c23/videos/585_599.mp4,1,0.2592740337666663,7.837725544044706,0.14530637510701824,0.055915564551662966,0.30815856846268525,9.598718489613075,0.01951669715282454,0.020027278243652715,2.1368580127344696,150
/home/iiitn/Datasets/FaceForensics++/manipulated_sequences/Face2Face/c23/videos/587_535.mp4,1,0.2135595031038894,5.235550508071654,0.6018017515151203,0.24337690683969962,0.21716355268219165,7.7350964868553485,0.5151332872250993,0.10110258554282932,1.0684283522634475,150
/home/iiitn/Datasets/FaceForensics++/manipulated_sequences/Face2Face/c23/videos/584_823.mp4,1,0.20214503418092897,15.656115989153989,0.46057289659291006,0.23252469293755507,0.27377676243067856,14.655780427434314,0.4400878463642581,0.3355950497813794,0.024114631143558187,150
/home/iiitn/Datasets/FaceForensics++/manipulated_sequences/Face2Face/c23/videos/588_556.mp4,1,0.15076388227671694,5.269626955693064,0.2596845654676849,0.009040607788248807,0.14786298289916625,4.214181687311449,0.08029022929359474,0.09400271154745367,0.2055872345364206,150
/home/iiitn/Datasets/FaceForensics++/manipulated_sequences/Face2Face/c23/videos/589_565.mp4,1,0.16177290192491142,4.985889228254193,-0.011360956138292716,0.07916150861595618,0.20308114061273477,7.062399327092066,0.2810353915053923,0.22591770695889848,2.0347771676383544,150
/home/iiitn/Datasets/FaceForensics++/manipulated_sequences/Face2Face/c23/videos/581_697.mp4,1,0.2557761320539564,16.68336545808706,0.5945600634619549,0.01155368611753864,0.30200355936471207,22.04616168213596,0.625337842454242,0.04857580120890013,10.56205365273374,150
/home/iiitn/Datasets/FaceForensics++/manipulated_sequences/Face2Face/c23/videos/592_500.mp4,1,0.3293210575260547,15.095541222815328,0.6116560805226054,0.17867967100026053,0.24483356466445197,9.054137690995434,0.8060511820949704,0.14981299297507758,0.0849992708167194,150
/home/iiitn/Datasets/FaceForensics++/manipulated_sequences/Face2Face/c23/videos/586_223.mp4,1,0.30621994277554404,5.49039704858161,0.7197695278307518,0.1608124593435518,0.2899565827508637,4.807560114906402,0.7044036820663363,0.22397849456796126,3.0220620248316785,150
/home/iiitn/Datasets/FaceForensics++/manipulated_sequences/Face2Face/c23/videos/597_595.mp4,1,0.23775027705267351,10.393930739003471,0.33686800757554664,0.3155669345153438,0.25326779335085087,11.062087392218706,0.2255327922732595,0.050426958412862904,6.328749827844533,150
/home/iiitn/Datasets/FaceForensics++/manipulated_sequences/Face2Face/c23/videos/596_609.mp4,1,0.2379275905721999,21.936758469423342,0.32995896104339656,0.3285795902986415,0.22247759551831023,10.898143463631326,0.20579326704531983,0.29881458270120925,0.24137319923198353,150
/home/iiitn/Datasets/FaceForensics++/manipulated_sequences/Face2Face/c23/videos/591_605.mp4,1,0.21538809796261568,6.933753421712027,0.0742903899039296,0.14237837369463624,0.20910148666877726,6.981859223560785,0.3173119988895147,0.4256259990727352,0.8399623634055865,150
/home/iiitn/Datasets/FaceForensics++/manipulated_sequences/Face2Face/c23/videos/598_178.mp4,1,0.2539984101955069,10.927306549457095,0.07000057175022235,0.06617786514838311,0.24552995467545005,9.986842339204333,0.31059416839626647,0.056022713783399736,0.026996145568525205,150
/home/iiitn/Datasets/FaceForensics++/manipulated_sequences/Face2Face/c23/videos/600_505.mp4,1,0.30485846066997474,19.739201325950415,0.3210470232308473,0.20336672230222708,0.26601519066683105,11.769204493782636,0.46861071024971385,0.032965428738551183,1.4412088997608894,150
/home/iiitn/Datasets/FaceForensics++/manipulated_sequences/Face2Face/c23/videos/594_530.mp4,1,0.21352228827578543,13.497481008142103,0.5945182906322646,0.43293815750422243,0.25596538251779316,10.42628726665293,0.3663935060832672,0.1896791763407505,0.2046761649121369,150
/home/iiitn/Datasets/FaceForensics++/manipulated_sequences/Face2Face/c23/videos/595_597.mp4,1,0.2351797048166464,6.929441512717323,-0.016159034892215565,0.37836877365203064,0.22693915924949015,6.037826122535077,0.4566537089386089,0.2824691847468002,8.679722823618574,150
/home/iiitn/Datasets/FaceForensics++/manipulated_sequences/Face2Face/c23/videos/590_034.mp4,1,0.3302396494763858,19.898727484843658,0.45280580461841696,0.10382189070964992,0.3465216848314096,18.80204393780222,0.488975406708778,0.14497303048106636,16.881709000161262,150
/home/iiitn/Datasets/FaceForensics++/manipulated_sequences/Face2Face/c23/videos/599_585.mp4,1,0.23439064381205235,8.689395679787006,0.39828723810739625,0.06886629536029627,0.2455053508149396,11.185854111775788,0.576536894894964,0.17584282994922407,1.9475335558038023,150
/home/iiitn/Datasets/FaceForensics++/manipulated_sequences/Face2Face/c23/videos/601_653.mp4,1,0.17805679001844066,4.1481926220470955,0.26392081949110807,0.10984415131871696,0.2105946144037926,5.588171491629736,0.49827709431535494,0.2471251821066075,3.802847521786294,150
/home/iiitn/Datasets/FaceForensics++/manipulated_sequences/Face2Face/c23/videos/593_577.mp4,1,0.2005179340249367,10.24413414252066,0.7412922247947643,0.09155537086929837,0.1993702105204789,10.792978843153042,0.3902919008024856,0.2876414974789539,1.0521988726200395,150
/home/iiitn/Datasets/FaceForensics++/manipulated_sequences/Face2Face/c23/videos/605_591.mp4,1,0.20335147977773974,5.80415721473858,0.39195999881310506,0.24378018774104496,0.21308105525815604,9.242557015236313,0.4468904936274365,0.17775405502336253,0.3367487972727882,150
/home/iiitn/Datasets/FaceForensics++/manipulated_sequences/Face2Face/c23/videos/606_567.mp4,1,0.19609249605345758,5.311693048644137,0.003418786078559334,0.17413718835689107,0.19367882485357746,6.366032228146788,0.21804762516234036,0.009003835985708407,0.21518105631741277,150
/home/iiitn/Datasets/FaceForensics++/manipulated_sequences/Face2Face/c23/videos/608_675.mp4,1,0.18940991070406143,5.9432087004296426,0.11962528117909786,0.06414676025709008,0.16699500096151312,5.292812520657502,0.18015778669328608,0.2907515083896588,0.21923607852797075,150
/home/iiitn/Datasets/FaceForensics++/manipulated_sequences/Face2Face/c23/videos/609_596.mp4,1,0.2552501383210976,11.407509063020015,0.659712200985864,0.25960118592560405,0.3486631750918337,21.07515119105182,0.8132334203505523,0.10892309545045546,125.3028598456121,150
/home/iiitn/Datasets/FaceForensics++/manipulated_sequences/Face2Face/c23/videos/603_575.mp4,1,0.14669190069054108,4.291726090396584,0.09966315655288631,0.22982647850828775,0.2520848423635172,9.218454567252595,0.4615276165724427,0.027715590596998834,0.6310180419911461,150
/home/iiitn/Datasets/FaceForensics++/manipulated_sequences/Face2Face/c23/videos/611_760.mp4,1,0.19502658978686083,8.096433296803687,0.37323029908072375,0.3092758041485965,0.22659319454322427,12.793048927817624,0.28864869925312175,0.31653640527815524,1.952668417328805,150
/home/iiitn/Datasets/FaceForensics++/manipulated_sequences/Face2Face/c23/videos/604_703.mp4,1,0.23197573863104867,6.342371755979197,0.1603319999799383,0.25468674082931025,0.25263753639997893,8.700714865405942,0.3394902488262255,0.1697621701649885,10.18303513192578,150
/home/iiitn/Datasets/FaceForensics++/manipulated_sequences/Face2Face/c23/videos/602_397.mp4,1,0.23167571826250308,6.726440730361989,0.5598086178269022,0.39108758171575514,0.3133393597534397,15.073138437563983,0.4111975958224627,0.15238121301834207,0.3209925711882298,150
/home/iiitn/Datasets/FaceForensics++/manipulated_sequences/Face2Face/c23/videos/610_692.mp4,1,0.18783644680948486,7.095078210323153,0.5147016966152994,0.4460083112097646,0.1799931717389626,5.454661882231367,0.18690893899819452,0.2574789999930293,1.1150762374620546,150
/home/iiitn/Datasets/FaceForensics++/manipulated_sequences/Face2Face/c23/videos/613_685.mp4,1,0.23603686070128216,12.13157873061821,0.2822545855643983,0.01732237517480129,0.26107451139240223,11.51109884403364,0.46674387171333903,0.027365184203594562,1.8509750452315263,150
/home/iiitn/Datasets/FaceForensics++/manipulated_sequences/Face2Face/c23/videos/616_614.mp4,1,0.23621342420408684,9.469262537788484,-0.01423481262119175,0.09382254998073214,0.20209339515223365,5.997461481762945,-0.0968552550024367,0.5392473401364303,4.9362215073844835,150
/home/iiitn/Datasets/FaceForensics++/manipulated_sequences/Face2Face/c23/videos/607_683.mp4,1,0.23316852987463518,6.991343202304679,0.7352072659995482,0.4074178468833982,0.2878727149216992,9.59293112996881,0.608417578505824,0.14170402129798113,1.254782834567366,150
/home/iiitn/Datasets/FaceForensics++/manipulated_sequences/Face2Face/c23/videos/612_702.mp4,1,0.21946963203951989,7.8541070771622605,0.44331938053951864,0.20963300997629017,0.25257251909325323,17.72842272890765,0.5940248726453201,0.058005903982784074,1.6558063427732805,150
/home/iiitn/Datasets/FaceForensics++/manipulated_sequences/Face2Face/c23/videos/615_687.mp4,1,0.22656535298789504,9.62053238175015,-0.10076682179521672,0.10657059936363063,0.1863389851503058,7.019358287488585,0.06649121152568091,0.10008297622428336,1.7300399105207016,150
/home/iiitn/Datasets/FaceForensics++/manipulated_sequences/Face2Face/c23/videos/614_616.mp4,1,0.3071403512370941,17.243468733115687,-0.0010715510451427823,0.12527485439329544,0.2784090027921815,18.69809722199465,0.21032787389936347,0.1733602599942863,5.291976821646229,150
/home/iiitn/Datasets/FaceForensics++/manipulated_sequences/Face2Face/c23/videos/617_566.mp4,1,0.2472673880890721,8.627863304124892,0.24222734305226193,0.15147734946078814,0.30637901464338113,19.1010484039207,0.21411327909835154,0.07585024512766879,2.247546642597963,150
/home/iiitn/Datasets/FaceForensics++/manipulated_sequences/Face2Face/c23/videos/619_620.mp4,1,0.21058455585943311,7.7224456718686625,0.6829213533998056,0.05389707716509542,0.2205133363123124,10.250892460831944,0.6060492414074247,0.5389664625448579,0.03644333218544111,150
/home/iiitn/Datasets/FaceForensics++/manipulated_sequences/Face2Face/c23/videos/623_630.mp4,1,0.2204336519924667,12.444492602565807,0.12024028394597008,0.14969569195731833,0.17239279304019697,5.344204942957998,0.19095432723386999,0.011271008791672468,2.1122713177250514,150
/home/iiitn/Datasets/FaceForensics++/manipulated_sequences/Face2Face/c23/videos/621_546.mp4,1,0.27686038883568836,10.672859852544905,0.7501413304911791,0.05069510761211571,0.2962291939278768,12.177663087545989,0.68073490769015,0.25947184624051084,1.1582378381422973,150
/home/iiitn/Datasets/FaceForensics++/manipulated_sequences/Face2Face/c23/videos/625_650.mp4,1,0.18888684050280358,4.782739731970334,0.30318553226173206,0.07602504035386204,0.2035460107008251,8.989552317968574,0.3336445009523164,0.14462243727153815,3.118048231661784,150
/home/iiitn/Datasets/FaceForensics++/manipulated_sequences/Face2Face/c23/videos/618_629.mp4,1,0.2139028006597835,10.73148646336349,0.03963889683377652,0.039853496045062047,0.21658705751697607,9.897990148379233,0.22365878335818665,0.03516849446900888,0.29740341114972635,150
/home/iiitn/Datasets/FaceForensics++/manipulated_sequences/Face2Face/c23/videos/622_647.mp4,1,0.19360220937547237,4.7799732027312665,0.49643938318859876,0.2826670151490834,0.22152532092301636,6.271165382828727,0.22742310488494602,0.12224090245704648,0.029465770193584834,150
/home/iiitn/Datasets/FaceForensics++/manipulated_sequences/Face2Face/c23/videos/626_562.mp4,1,0.2528429719757506,9.124989563601527,0.48558021063222084,0.04391359599092908,0.20803804952723873,8.72530349729003,0.1747481236403793,0.20103045285737334,0.08514699393774207,150
/home/iiitn/Datasets/FaceForensics++/manipulated_sequences/Face2Face/c23/videos/624_570.mp4,1,0.2662346860206351,10.950110165740758,0.5255032252134191,0.1487533161263422,0.20059031193633206,7.603222288975374,0.5949491237426846,0.222666598300412,60.952035866778,150
/home/iiitn/Datasets/FaceForensics++/manipulated_sequences/Face2Face/c23/videos/620_619.mp4,1,0.21750721207482004,6.313861609185493,0.3753693402678236,0.04252588058381975,0.21723637435860457,7.182457357191343,0.44667273245735356,0.20312481328425036,0.11559438829973812,150
/home/iiitn/Datasets/FaceForensics++/manipulated_sequences/Face2Face/c23/videos/628_568.mp4,1,0.17978422735018706,6.066613512368561,0.20386346449848824,0.18295289076666957,0.20792895082966178,8.826826673109208,0.32896412234949474,0.09715697683194917,0.10663938706279863,150
/home/iiitn/Datasets/FaceForensics++/manipulated_sequences/Face2Face/c23/videos/627_658.mp4,1,0.21702627878358083,10.973485997910167,0.2682190337113739,0.26226758546479045,0.2440268449953993,8.19085535694155,0.42240344629331766,0.4367611449621854,0.45934171469681834,150
/home/iiitn/Datasets/FaceForensics++/manipulated_sequences/Face2Face/c23/videos/630_623.mp4,1,0.29263046013163885,16.949623315409767,0.34560421504605604,0.065953524630885,0.2998903092051153,21.574872069322627,0.3703786907616126,0.024650879008552784,20.93421314215659,150
/home/iiitn/Datasets/FaceForensics++/manipulated_sequences/Face2Face/c23/videos/629_618.mp4,1,0.22749029669716,8.986124617838009,0.24854484445908423,0.08753425541860776,0.20825703518392447,7.27163872472914,0.3283694709707064,0.18704294175459946,35.05268058761486,150
/home/iiitn/Datasets/FaceForensics++/manipulated_sequences/Face2Face/c23/videos/631_551.mp4,1,0.13671758699999814,3.942086460518094,0.24593672286602353,0.22832471839481916,0.17451503135192895,4.7870041045749785,0.09229892479536654,0.07951420378384956,0.2915246741573196,150
/home/iiitn/Datasets/FaceForensics++/manipulated_sequences/Face2Face/c23/videos/635_642.mp4,1,0.17625781752327538,5.666475260937946,0.33662865180680357,0.20426992839223113,0.2296691827258753,7.891937245481377,0.33814711747851095,0.04809168810539088,0.039545787519680256,150
/home/iiitn/Datasets/FaceForensics++/manipulated_sequences/Face2Face/c23/videos/636_578.mp4,1,0.19532340155200523,5.3817883893873875,0.2018004803073408,0.0024642806423126034,0.25892814325206914,7.6870673641601535,0.632209201402686,0.07924871131002831,0.25139239051951345,150
/home/iiitn/Datasets/FaceForensics++/manipulated_sequences/Face2Face/c23/videos/633_529.mp4,1,0.20290963749601784,5.2992245422199105,0.33938654360482334,0.20580360179382748,0.22946077526199393,7.108081928954314,0.3380694812272072,0.1077118157198803,1.0826778802747683,150
/home/iiitn/Datasets/FaceForensics++/manipulated_sequences/Face2Face/c23/videos/634_660.mp4,1,0.19265673830253113,11.519109394881633,0.2852833838779563,0.09021929989698468,0.21988309063031095,11.020522028358123,0.2362111875597962,0.4400951559686779,0.33757044295606486,150
/home/iiitn/Datasets/FaceForensics++/manipulated_sequences/Face2Face/c23/videos/638_640.mp4,1,0.3085597003518458,22.089879308165063,0.2898199291762153,0.09030189228906484,0.33438074480711033,20.639522911247354,0.25214991207674453,0.04489977394819087,14.531367630595112,150
/home/iiitn/Datasets/FaceForensics++/manipulated_sequences/Face2Face/c23/videos/637_427.mp4,1,0.2875242598520878,5.499315146752345,0.1929575785105209,0.055402917715963264,0.24458475743131822,3.9932369737677686,0.3376307037952347,0.280768292236039,2.393561933853313,150
/home/iiitn/Datasets/FaceForensics++/manipulated_sequences/Face2Face/c23/videos/639_841.mp4,1,0.23633287611946932,6.327432943955157,0.21570493004404345,0.3533840485147657,0.20176081360673867,5.827652046392661,0.5862056730904476,0.18950649694351593,2.80312023356685,150
/home/iiitn/Datasets/FaceForensics++/manipulated_sequences/Face2Face/c23/videos/632_548.mp4,1,0.2268137882924978,7.913072140424692,0.3016035512521321,0.2578448608255936,0.21879813035207837,8.046491291679512,0.6846458719466854,0.1847463742987753,0.9433317683776197,150
/home/iiitn/Datasets/FaceForensics++/manipulated_sequences/Face2Face/c23/videos/642_635.mp4,1,0.21340530742496447,7.280790045430166,0.19285334786861705,0.10352693777767259,0.18643195853475067,6.194867711620049,0.08276191242296795,0.09766219179017983,138.40408830813428,150
/home/iiitn/Datasets/FaceForensics++/manipulated_sequences/Face2Face/c23/videos/641_662.mp4,1,0.1923873656225926,11.19821464258637,0.4166660785235073,0.20008982170770187,0.2670849787776852,15.444842904888352,0.4775561421127354,0.3622263588472175,7.387407522073335,150
/home/iiitn/Datasets/FaceForensics++/manipulated_sequences/Face2Face/c23/videos/640_638.mp4,1,0.2898768973159834,8.550635588468678,0.3270864496116885,0.052291655885545414,0.2605782529777867,19.921851367340988,0.6089010903133442,0.2324267877099603,1.0302569639462815,150
/home/iiitn/Datasets/FaceForensics++/manipulated_sequences/Face2Face/c23/videos/646_643.mp4,1,0.2541621785894699,9.217249247978565,0.32337517786139536,0.05543636584122282,0.23391967796239962,8.261845569913952,0.11901011425863084,0.19456318788773572,5.280862966525578,150
/home/iiitn/Datasets/FaceForensics++/manipulated_sequences/Face2Face/c23/videos/644_657.mp4,1,0.188468699938845,6.762692542303486,0.15709344730556088,0.09852422440181963,0.19164284383427213,7.187480971874247,0.13922096475211054,0.08244864934178266,1.072162790376217,150
/home/iiitn/Datasets/FaceForensics++/manipulated_sequences/Face2Face/c23/videos/643_646.mp4,1,0.25784014774964253,10.517149146019984,0.43394721588738366,0.14373451931396866,0.2109737593555091,7.8715381396643656,0.4151529771798914,0.24184159379577697,2.918245049289964,150
/home/iiitn/Datasets/FaceForensics++/manipulated_sequences/Face2Face/c23/videos/648_654.mp4,1,0.23234379735417368,9.60501613885913,0.2761470236811702,0.05510526846238035,0.20571461870295157,8.801239902122317,0.23218055621908387,0.07677524449951954,5.841136300298643,150
/home/iiitn/Datasets/FaceForensics++/manipulated_sequences/Face2Face/c23/videos/649_816.mp4,1,0.1868737970770542,4.803668233718154,0.14751733556079574,0.21084212293137364,0.18889123114861742,4.928565421188021,0.24741100857807682,0.17828577230131257,0.03817230518065556,150
/home/iiitn/Datasets/FaceForensics++/manipulated_sequences/Face2Face/c23/videos/650_625.mp4,1,0.28408372522483766,12.85246333781321,0.33396823981825907,0.1299659659386684,0.22642150343072162,8.260188065666943,0.1670898738363502,0.24645334055723833,0.16996439112981318,150
/home/iiitn/Datasets/FaceForensics++/manipulated_sequences/Face2Face/c23/videos/655_444.mp4,1,0.19840501843130545,4.7559787710842905,0.14974287241823203,0.09623205343189999,0.24152958650492243,6.738802612074081,0.24284139592354645,0.05964612997880109,26.694719408181637,150
/home/iiitn/Datasets/FaceForensics++/manipulated_sequences/Face2Face/c23/videos/654_648.mp4,1,0.12036280303985247,2.7240113068018537,0.06433993227772052,0.2844756387266574,0.2197884169065806,6.750970035749684,0.06486399236562555,0.10513369734589074,0.0783229529476571,150
/home/iiitn/Datasets/FaceForensics++/manipulated_sequences/Face2Face/c23/videos/658_627.mp4,1,0.28519413491073325,10.073622523570402,0.38654502005199504,0.1430217804720522,0.26815854113157234,11.202784571666868,0.2853540812667513,0.09696902593505918,11.96614923268038,150
/home/iiitn/Datasets/FaceForensics++/manipulated_sequences/Face2Face/c23/videos/653_601.mp4,1,0.27459125096137343,8.92993367285012,0.20338202550581608,0.09551419100258135,0.2029775002917357,4.7876642357343995,0.24286412599637153,0.1167645816726585,2.242565341433713,150
/home/iiitn/Datasets/FaceForensics++/manipulated_sequences/Face2Face/c23/videos/656_666.mp4,1,0.1604058405793591,6.416879948495047,-0.11038733567887819,0.46064446348915583,0.26197493536720645,14.042477714291346,0.05857956352785159,0.24545738508289947,0.3741697119624367,150
/home/iiitn/Datasets/FaceForensics++/manipulated_sequences/Face2Face/c23/videos/651_835.mp4,1,0.21724731937702804,11.682950401757878,0.1456929844225534,0.17324224181456338,0.20590901923637586,7.202325879040674,0.5203485651752177,0.14297759401789523,0.24421025040036043,150
/home/iiitn/Datasets/FaceForensics++/manipulated_sequences/Face2Face/c23/videos/657_644.mp4,1,0.2120880509469262,8.94265105425851,0.09130703790611744,0.12078156562461928,0.23501408348255437,9.632514726386722,0.19059642843933655,0.1021817921176595,53.23711924309622,150
/home/iiitn/Datasets/FaceForensics++/manipulated_sequences/Face2Face/c23/videos/652_773.mp4,1,0.23334744496926219,5.2702149202026325,0.7089229749314381,0.13605326319127284,0.21267826991515024,5.337219431809548,0.25516844682413525,0.15668481861223202,7.47687676317131,150
/home/iiitn/Datasets/FaceForensics++/manipulated_sequences/Face2Face/c23/videos/645_688.mp4,1,0.1560024103770724,3.2526089630156463,0.37077541459153923,0.2379148804359331,0.1862066143604455,3.9454841937231073,0.3500931321458142,0.32854443183649124,4.259351378727499,150
/home/iiitn/Datasets/FaceForensics++/manipulated_sequences/Face2Face/c23/videos/663_231.mp4,1,0.22702796543944637,7.671056437784723,0.25782328721410813,0.2419827949136039,0.2710672135156053,9.995104260517733,0.15857971064010332,0.18008910859075158,2.552776835535397,150
/home/iiitn/Datasets/FaceForensics++/manipulated_sequences/Face2Face/c23/videos/659_749.mp4,1,0.26981240395609946,10.758061531133743,0.5574051151963659,0.0723787531123502,0.30353967452682645,13.361408617887372,0.30822210868669514,0.12584795705018736,2.361245174010215,150
/home/iiitn/Datasets/FaceForensics++/manipulated_sequences/Face2Face/c23/videos/665_679.mp4,1,0.18919231998727218,6.537497069691874,0.058996278393561086,0.22992505682739614,0.3022402953377027,20.024219300771403,0.34677351073298096,0.126548317919856,0.06990619271592727,150
/home/iiitn/Datasets/FaceForensics++/manipulated_sequences/Face2Face/c23/videos/668_664.mp4,1,0.23479489922277608,13.449316492094491,0.3687256438473387,0.13255735177012143,0.33374200418109057,17.07591444882121,0.4118004771283134,0.06883740142712569,0.9333001683054465,150
/home/iiitn/Datasets/FaceForensics++/manipulated_sequences/Face2Face/c23/videos/666_656.mp4,1,0.18438535748385962,5.236725168172826,0.03224576860515566,0.13437514715834523,0.16123986673291724,5.660534565995785,0.17346126653366256,0.13381721191225035,0.3644629204341271,150
/home/iiitn/Datasets/FaceForensics++/manipulated_sequences/Face2Face/c23/videos/660_634.mp4,1,0.17295293808974047,6.129123868899209,0.3340265429677079,0.5201111174048735,0.2517175861001033,9.522319814547986,0.3459654366297144,0.16969344944961237,13.661507274048011,150
/home/iiitn/Datasets/FaceForensics++/manipulated_sequences/Face2Face/c23/videos/661_670.mp4,1,0.2700076137956953,10.106829551097597,0.30919195177430203,0.08672147736813444,0.19256910123801377,6.404600770987799,0.23818512268818615,0.16887716105020187,34.593247262083246,150
/home/iiitn/Datasets/FaceForensics++/manipulated_sequences/Face2Face/c23/videos/670_661.mp4,1,0.18644843835872435,6.359889182125264,0.48269680933274123,0.16859659897825482,0.16084427946626365,5.242143209285825,0.3685431641576537,0.07973950501708371,4.909610846750824,150
/home/iiitn/Datasets/FaceForensics++/manipulated_sequences/Face2Face/c23/videos/662_641.mp4,1,0.28716798408624644,13.448419602709729,-0.05165660432694628,0.20272018280991208,0.2973814067045741,17.24316881866268,-0.053259475185357036,0.05076840484730544,2.6235597049168775,150
/home/iiitn/Datasets/FaceForensics++/manipulated_sequences/Face2Face/c23/videos/664_668.mp4,1,0.22002024297106168,9.94209565442502,0.5039070409568116,0.06725876563079669,0.23081342654746737,9.228418609186603,0.6366229688080977,0.06964060598304145,15.98983333885222,150
/home/iiitn/Datasets/FaceForensics++/manipulated_sequences/Face2Face/c23/videos/669_682.mp4,1,0.2209459106699427,10.68475715131251,0.20596647159160622,0.2821459315944512,0.21967687538419656,7.576498463804899,0.33660518547752033,0.4365984511439587,0.003420538824787333,150
/home/iiitn/Datasets/FaceForensics++/manipulated_sequences/Face2Face/c23/videos/667_446.mp4,1,0.3019565102436272,38.24011911591854,0.4587340723535948,0.0491236768246695,0.3437028606040063,29.723141754575433,0.4662560552652823,0.0873248867965024,5.539161798159456,150
/home/iiitn/Datasets/FaceForensics++/manipulated_sequences/Face2Face/c23/videos/674_744.mp4,1,0.2265133643565205,6.829263777852603,0.03168624482490414,0.17694932105964886,0.26881492019550657,11.192910211297347,0.22372488573968727,0.24335764852745378,1.392403396065759,150
/home/iiitn/Datasets/FaceForensics++/manipulated_sequences/Face2Face/c23/videos/679_665.mp4,1,0.243880099417448,13.348580850634512,0.19922258321562944,0.20966543501407994,0.25894132522784863,15.38194035592727,0.1438822643858889,0.3282082934961366,19.19444837562202,150
/home/iiitn/Datasets/FaceForensics++/manipulated_sequences/Face2Face/c23/videos/673_728.mp4,1,0.15482408089319366,3.0918079908543348,0.4533292169207619,0.03965716285319574,0.18895019398157287,4.326811282675242,0.40923963097119403,0.2602105629529292,1.5858419753990776,150
/home/iiitn/Datasets/FaceForensics++/manipulated_sequences/Face2Face/c23/videos/671_677.mp4,1,0.24722537472928152,12.43157432473246,0.3244962058424686,0.19758960229321945,0.2045388970007461,6.079634777034201,0.06971765416798463,0.14721969785206557,1.1971095120672337,150
/home/iiitn/Datasets/FaceForensics++/manipulated_sequences/Face2Face/c23/videos/672_720.mp4,1,0.20384911518067425,9.612488996325826,0.39689253957528975,0.28453706429549047,0.22881007080319068,6.775101665605956,0.5637918254133268,0.1961706639931969,0.040370644097090784,150
/home/iiitn/Datasets/FaceForensics++/manipulated_sequences/Face2Face/c23/videos/680_486.mp4,1,0.2128750894973751,9.434556659485585,0.19583434125271615,0.09401145950834751,0.24916015358241184,9.873525926726783,0.30877011085019673,0.048332532591137234,6.758188548637542,150
/home/iiitn/Datasets/FaceForensics++/manipulated_sequences/Face2Face/c23/videos/675_608.mp4,1,0.15141711229734547,4.472876161905414,-0.1668868219429448,0.00014772082082172307,0.1865847474850506,5.008113870855571,0.09793983024301882,0.010134003542521194,0.3673898266242855,150
/home/iiitn/Datasets/FaceForensics++/manipulated_sequences/Face2Face/c23/videos/676_776.mp4,1,0.25060918025382795,9.692138084906775,0.4748276594619875,0.18950497702738844,0.2169024746119433,5.515980149440004,0.4395098463639056,0.15650466114860184,20.487856809359922,150
/home/iiitn/Datasets/FaceForensics++/manipulated_sequences/Face2Face/c23/videos/677_671.mp4,1,0.22328022528374983,8.138392074637254,0.5032123944468397,0.27587482509017036,0.31837395807586216,13.119553901268658,0.2985913543684266,0.08519442210011363,0.5620043520462127,150
/home/iiitn/Datasets/FaceForensics++/manipulated_sequences/Face2Face/c23/videos/681_711.mp4,1,0.30760970065987947,30.046496169366634,0.4944654381934012,0.1103802603102404,0.2349254677986853,15.03553962050745,0.4264670799046759,0.10025604035049879,0.6374477031962541,150
/home/iiitn/Datasets/FaceForensics++/manipulated_sequences/Face2Face/c23/videos/682_669.mp4,1,0.22645853599955323,8.858022902215536,0.37484771460263544,0.5923614028220148,0.26368452687437655,9.343813603194349,0.44820869303698,0.5140509103370791,68.09263480581835,150
/home/iiitn/Datasets/FaceForensics++/manipulated_sequences/Face2Face/c23/videos/686_696.mp4,1,0.1838889218057597,5.947810501094455,0.6841103612990392,0.19249749999042742,0.232071514002838,8.323561458156524,0.5985318201560519,0.1861339531862123,1.0413242041923851,150
/home/iiitn/Datasets/FaceForensics++/manipulated_sequences/Face2Face/c23/videos/689_690.mp4,1,0.2715677453329398,9.7116569886467,0.4383548111932638,0.08726504058478568,0.4160470375208685,40.6341519084694,0.5673984158001226,0.018695739129483507,0.7707296120298202,150
/home/iiitn/Datasets/FaceForensics++/manipulated_sequences/Face2Face/c23/videos/678_460.mp4,1,0.23544923328045916,7.814123167188519,0.3962932701088952,0.04291183634522688,0.2443914216182342,5.986159290068822,0.33279033813104564,0.07138424712474045,15.670246904758127,150
/home/iiitn/Datasets/FaceForensics++/manipulated_sequences/Face2Face/c23/videos/685_613.mp4,1,0.3027376895377368,15.170671242389338,0.44447324628043533,0.21308939402232288,0.25968027998313375,11.409584030731148,0.3098204820282931,0.18502724800804407,1.3754979381576047,150
/home/iiitn/Datasets/FaceForensics++/manipulated_sequences/Face2Face/c23/videos/687_615.mp4,1,0.21846077373718542,8.44017642020018,0.12102989489180214,0.14032052891047098,0.23314394071518074,8.048820858454649,0.23106330521053323,0.07633368119884375,1.544087032101272,150
/home/iiitn/Datasets/FaceForensics++/manipulated_sequences/Face2Face/c23/videos/690_689.mp4,1,0.2690766939807974,16.859816970673894,0.26575806593882456,0.06537851828751416,0.20384843444249004,9.148446529861516,0.22411984903512258,0.07065375688554254,6.872098647198706,150
/home/iiitn/Datasets/FaceForensics++/manipulated_sequences/Face2Face/c23/videos/688_645.mp4,1,0.2928937749331786,42.251248751251076,0.07818885126197246,0.030991779789933116,0.2892351280232353,26.481358366020515,0.3674588385169059,0.017569095117440484,2.611459026651156,150
/home/iiitn/Datasets/FaceForensics++/manipulated_sequences/Face2Face/c23/videos/684_717.mp4,1,0.19959863111815235,15.101270021176811,0.4955992170084334,0.32615800298519054,0.2492785878567054,8.084580221883146,0.5594493691066579,0.3557485512316501,0.1722599254796277,150
/home/iiitn/Datasets/FaceForensics++/manipulated_sequences/Face2Face/c23/videos/683_607.mp4,1,0.28113573225650834,10.388253055880169,0.5869408398997938,0.04697951100824752,0.21848124235062025,6.874386195330132,0.514661290021844,0.05965835473457115,3.828702987223234,150
/home/iiitn/Datasets/FaceForensics++/manipulated_sequences/Face2Face/c23/videos/693_698.mp4,1,0.2485395179097296,8.541516216293957,0.5074301566578016,0.08075641507207217,0.19075743127007072,7.3883018301621135,0.49184835525424636,0.04973358143156545,91.8669282732907,150
/home/iiitn/Datasets/FaceForensics++/manipulated_sequences/Face2Face/c23/videos/691_732.mp4,1,0.20458494270798291,6.781310831979057,0.3385898460316126,0.1882419071390329,0.2009913998685009,6.730970090697784,0.262429907906319,0.14811825524412572,0.0640278336644652,150
/home/iiitn/Datasets/FaceForensics++/manipulated_sequences/Face2Face/c23/videos/692_610.mp4,1,0.24270154235374453,9.23531013358893,0.6589480274139129,0.05973752803334146,0.24982628627583003,11.324289351156088,0.7321364857873697,0.11429869725350132,54.27568927884451,150
/home/iiitn/Datasets/FaceForensics++/manipulated_sequences/Face2Face/c23/videos/694_767.mp4,1,0.2123247838932295,7.172482307038851,-0.05153713885747296,0.18245333385515708,0.20883816964474855,11.897197974732572,0.03054088103502764,0.0324337138439388,22.25594779690633,150
/home/iiitn/Datasets/FaceForensics++/manipulated_sequences/Face2Face/c23/videos/696_686.mp4,1,0.18790423261484265,7.080945986975336,0.36511374493868276,0.16631506778040944,0.17469230577419234,4.35467487320935,0.43093032941189824,0.2885915772251467,0.6247219042371228,150
/home/iiitn/Datasets/FaceForensics++/manipulated_sequences/Face2Face/c23/videos/698_693.mp4,1,0.23579122921528772,11.065179599316117,0.3964371028806815,0.1972592811225625,0.2985096295519963,17.195550777247465,0.313847093955324,0.10803202867798596,0.5541411077880389,150
/home/iiitn/Datasets/FaceForensics++/manipulated_sequences/Face2Face/c23/videos/699_734.mp4,1,0.17929807755007462,5.652931442998939,0.2677123834088056,0.16703625031785505,0.2845483025177215,13.58368101755911,0.47327018969584667,0.03683770251197646,0.25408972740219876,150
/home/iiitn/Datasets/FaceForensics++/manipulated_sequences/Face2Face/c23/videos/704_723.mp4,1,0.25133002012081546,25.120274232528434,0.36361248980366295,0.024132493734002974,0.27862297031269334,20.736721015867584,0.4572135166147484,0.012992441865050853,1.4167528049304599,150
/home/iiitn/Datasets/FaceForensics++/manipulated_sequences/Face2Face/c23/videos/697_581.mp4,1,0.2457643309638781,13.719950881129606,0.6798302143842019,0.16498910574662315,0.21481628722849275,7.239910182862995,0.7289038095643834,0.20153851913855356,0.16092410118492362,150
/home/iiitn/Datasets/FaceForensics++/manipulated_sequences/Face2Face/c23/videos/702_612.mp4,1,0.16110419247186417,4.594946668374171,0.2591905153620367,0.4911918378500763,0.20655210765088847,5.2326484473508375,0.3848051669672478,0.07844266782172936,0.18634270446092377,150
/home/iiitn/Datasets/FaceForensics++/manipulated_sequences/Face2Face/c23/videos/700_813.mp4,1,0.16541527355933575,4.3840283880181445,0.3824826440634377,0.12193927865446341,0.21802026161169688,8.202990998182749,0.4789598150329532,0.1251395476185409,0.07116667193274358,150
/home/iiitn/Datasets/FaceForensics++/manipulated_sequences/Face2Face/c23/videos/695_422.mp4,1,0.20140700422095184,6.12438422987834,0.7623255573171567,0.14427820099103267,0.2730893125339107,17.339378160430815,0.8470742246189614,0.31998535069223605,1.3418994495906837,150
/home/iiitn/Datasets/FaceForensics++/manipulated_sequences/Face2Face/c23/videos/705_707.mp4,1,0.22069479296325287,7.205450841073895,0.3191512647508002,0.1547783251925005,0.18350111636801816,4.384704616603168,0.40502427897934307,0.1721366311733444,1.6094768745191068,150
/home/iiitn/Datasets/FaceForensics++/manipulated_sequences/Face2Face/c23/videos/707_705.mp4,1,0.29958185071939264,14.079244272285479,0.20302130879885746,0.0563980519215117,0.2699683922694351,10.238388188950859,0.22907827713843273,0.0971239560545637,7.123758864111578,150
/home/iiitn/Datasets/FaceForensics++/manipulated_sequences/Face2Face/c23/videos/703_604.mp4,1,0.289452732331893,20.476745582543657,0.6219965583199802,0.1686434416685599,0.350640824899044,27.398889672721065,0.5247063110027569,0.11617383657032909,1.7910008307345509,150
/home/iiitn/Datasets/FaceForensics++/manipulated_sequences/Face2Face/c23/videos/701_579.mp4,1,0.30166665391934383,12.583520366275431,0.5277540012074978,0.23946937287350636,0.27444067796601007,9.670635173454514,0.361123658945081,0.42512262407718077,0.2123252628490264,150
/home/iiitn/Datasets/FaceForensics++/manipulated_sequences/Face2Face/c23/videos/710_788.mp4,1,0.28174503197884104,13.404252583682899,0.3907239792943736,0.020923286988835138,0.2829549061554723,13.299806221531282,0.30245080041273587,0.13689058710348423,0.10283524893936888,150
/home/iiitn/Datasets/FaceForensics++/manipulated_sequences/Face2Face/c23/videos/715_721.mp4,1,0.29751089632130656,10.916703973902274,0.1597054272975408,0.35504617062497407,0.242547819588505,8.260995450015047,0.5955434305291475,0.1581253512875877,0.8921821074044146,150
/home/iiitn/Datasets/FaceForensics++/manipulated_sequences/Face2Face/c23/videos/706_479.mp4,1,0.21233888953415025,5.53370691403975,0.31822623484596596,0.04976583678552712,0.19987287783069077,4.423543953648498,0.5243735278314521,0.1054980430599093,1.5068850412263244,150
/home/iiitn/Datasets/FaceForensics++/manipulated_sequences/Face2Face/c23/videos/708_772.mp4,1,0.3184353782199909,21.635755828475425,0.6837222876934463,0.18282149056421368,0.2918520403605354,17.154717556420398,0.4088435323935675,0.40604636160076385,1.06857570582132,150
/home/iiitn/Datasets/FaceForensics++/manipulated_sequences/Face2Face/c23/videos/716_712.mp4,1,0.2127701898703791,7.086639015334062,0.4792245936450145,0.11389589387858827,0.2047730874353505,7.742235693241132,0.463496532582149,0.23899784293493495,0.13060413047255384,150
/home/iiitn/Datasets/FaceForensics++/manipulated_sequences/Face2Face/c23/videos/714_842.mp4,1,0.17226878565582546,5.20460970646563,0.31803919393361463,0.052601093802089056,0.1660617911117855,5.722899749436171,0.335605535091448,0.3577536095595561,0.2356467757976306,150
/home/iiitn/Datasets/FaceForensics++/manipulated_sequences/Face2Face/c23/videos/712_716.mp4,1,0.22988691951533813,9.669789686503359,0.17348908496553264,0.3050474833421935,0.24231626487959704,11.445104642260892,0.40319546846359916,0.20918337318540767,4.118061144999581,150
/home/iiitn/Datasets/FaceForensics++/manipulated_sequences/Face2Face/c23/videos/719_737.mp4,1,0.19435347538176895,7.850837223941716,0.3253634011796586,0.1756997803318654,0.21277121146248856,8.282629128007436,0.2890102922978715,0.05474938357725286,17.772162133549717,150
/home/iiitn/Datasets/FaceForensics++/manipulated_sequences/Face2Face/c23/videos/713_726.mp4,1,0.3011302636711203,12.198689984695717,0.6302225723727489,0.0910414769715747,0.28485137421137424,10.42181220391146,0.671440938053113,0.1390451241412052,3.5002759065100175,150
/home/iiitn/Datasets/FaceForensics++/manipulated_sequences/Face2Face/c23/videos/717_684.mp4,1,0.28491017941773095,8.065991531549335,0.2899577397530051,0.08831394944608033,0.21185358552122757,6.196115616769088,0.3524458820306948,0.03970707097435968,0.5650325709176502,150
/home/iiitn/Datasets/FaceForensics++/manipulated_sequences/Face2Face/c23/videos/709_390.mp4,1,0.2384798780286538,8.092823241340929,0.40664345291075277,0.15265090954212054,0.17853447605475684,6.595396012731253,0.32028991779889254,0.14012226399758512,1.6724164644684218,150
/home/iiitn/Datasets/FaceForensics++/manipulated_sequences/Face2Face/c23/videos/720_672.mp4,1,0.20220770056544612,8.057174182015471,-0.06244576298009571,0.17347951610419762,0.22638942007491866,7.218833926867877,0.22315595428853294,0.1327403493560209,1.9220939100878203,150
/home/iiitn/Datasets/FaceForensics++/manipulated_sequences/Face2Face/c23/videos/711_681.mp4,1,0.1894776866021446,7.990857043325225,0.2904768685774939,0.37922973966008877,0.2421847578270252,9.306371125641272,0.6602831082159709,0.06149545767133394,0.2747306127178341,150
/home/iiitn/Datasets/FaceForensics++/manipulated_sequences/Face2Face/c23/videos/721_715.mp4,1,0.22384511895997797,5.526158609001821,0.3938383306768376,0.28494338172539396,0.2170799866917711,4.92753461316419,0.3728468938751743,0.2894779238322725,4.014823411186569,150
/home/iiitn/Datasets/FaceForensics++/manipulated_sequences/Face2Face/c23/videos/723_704.mp4,1,0.26577431838934107,16.44058554511587,0.18656524819941697,0.061815649317966626,0.2446442112392345,10.845156514474889,0.2717589312901126,0.07711658929261613,0.2464777085339236,150
/home/iiitn/Datasets/FaceForensics++/manipulated_sequences/Face2Face/c23/videos/718_972.mp4,1,0.2871265990891029,18.847760191760187,0.49867116745784945,0.07634007462113447,0.3845750456410153,22.752697339722562,0.8106050656279983,0.07341950382592466,4.280521106042124,150
/home/iiitn/Datasets/FaceForensics++/manipulated_sequences/Face2Face/c23/videos/722_458.mp4,1,0.22536327564362688,18.993081062423215,0.025416868650237855,0.17107885937794087,0.2394876616513816,17.00511283875062,0.40555990139566944,0.4196645741948744,15.427143500981753,150
/home/iiitn/Datasets/FaceForensics++/manipulated_sequences/Face2Face/c23/videos/728_673.mp4,1,0.21890557681408382,7.3530843096968495,0.44694484101377246,0.23019055521778634,0.21823231423215617,6.262791341667929,0.59435776837111,0.024647038365293746,2.5456322158943094,150
/home/iiitn/Datasets/FaceForensics++/manipulated_sequences/Face2Face/c23/videos/725_724.mp4,1,0.30713855674473817,25.2835057386132,0.8389100754097187,0.005566718125928798,0.3385407900911887,17.985570447340063,0.8205433141309953,0.025411385031987917,7.286688636558843,150
/home/iiitn/Datasets/FaceForensics++/manipulated_sequences/Face2Face/c23/videos/731_741.mp4,1,0.2082221466604517,7.961976587037754,0.3039715509051138,0.2804940860675981,0.20933131775871575,6.886753569770479,0.17804232701394385,0.03418124550356857,0.19537634226022332,150
/home/iiitn/Datasets/FaceForensics++/manipulated_sequences/Face2Face/c23/videos/727_729.mp4,1,0.19912190529736387,10.69333419466492,0.48464479683221845,0.06909921303591186,0.21582952811192,10.646837652472156,0.5293496377325018,0.09881089073041177,5.400330187639685,150
/home/iiitn/Datasets/FaceForensics++/manipulated_sequences/Face2Face/c23/videos/729_727.mp4,1,0.2538956958410932,13.383195224504533,-0.0535276072109788,0.12410619335522649,0.20843373607695362,11.712827080749262,0.2449196762468124,0.17159596140504788,4.054266034574794,150
/home/iiitn/Datasets/FaceForensics++/manipulated_sequences/Face2Face/c23/videos/732_691.mp4,1,0.25037698717386453,13.247627556204838,0.29845203506425766,0.04569204633821905,0.28068713032762205,23.631951537788826,0.29578770409924976,0.054331477115638765,9.767160441913072,150
/home/iiitn/Datasets/FaceForensics++/manipulated_sequences/Face2Face/c23/videos/730_815.mp4,1,0.2649396582820363,11.81074146706043,0.05145662494909368,0.2525785475232261,0.2562015411382895,15.150487244536484,0.22510620761571323,0.2617421079140434,19.585004825662654,150
/home/iiitn/Datasets/FaceForensics++/manipulated_sequences/Face2Face/c23/videos/734_699.mp4,1,0.2257167366194233,9.162414196603871,0.3779383032194455,0.25489198837425414,0.25568129367909503,11.54971255383761,0.41611847761273396,0.22397446919740094,1.4666683717872835,150
/home/iiitn/Datasets/FaceForensics++/manipulated_sequences/Face2Face/c23/videos/726_713.mp4,1,0.1586710911870873,3.243741823423658,0.4048444346601872,0.29021998769500595,0.26223076360252384,11.067206874810005,0.3895656490416246,0.10050672020630698,0.47302308220322703,150
/home/iiitn/Datasets/FaceForensics++/manipulated_sequences/Face2Face/c23/videos/733_935.mp4,1,0.17087161332925374,4.869204860912247,0.6258842695770838,0.015966666143860497,0.24573639947290907,8.334060232225054,0.5632173832252237,0.02304582375708944,6.436102921021058,150
/home/iiitn/Datasets/FaceForensics++/manipulated_sequences/Face2Face/c23/videos/724_725.mp4,1,0.23654580487503987,4.903055421118199,0.40391218675392865,0.19584136299088437,0.18682566012067606,4.3569287099772565,0.5883583312940992,0.07051795244043671,0.25904238764843096,150
/home/iiitn/Datasets/FaceForensics++/manipulated_sequences/Face2Face/c23/videos/735_774.mp4,1,0.22186249545507716,8.566070732657042,0.006741033124357439,0.15353695545351279,0.2382971971587897,9.249081788012747,0.031259091956671294,0.04840336244470526,6.090132069316369,150
/home/iiitn/Datasets/FaceForensics++/manipulated_sequences/Face2Face/c23/videos/736_785.mp4,1,0.19348665874672621,7.755842244460293,-0.18175159017836098,0.42650134167475073,0.18919757199772927,7.245311285935823,0.10846008343756706,0.23231749179818584,0.9080821050176473,150
/home/iiitn/Datasets/FaceForensics++/manipulated_sequences/Face2Face/c23/videos/737_719.mp4,1,0.22903924841871207,9.139344385289961,0.19611060193850186,0.147308424390909,0.2398838663627838,12.7558654056076,0.247999260751494,0.15271595857647483,6.597333909852593,150
/home/iiitn/Datasets/FaceForensics++/manipulated_sequences/Face2Face/c23/videos/741_731.mp4,1,0.232976200644925,10.987463208533471,0.4681012887866163,0.03890726640191087,0.3001485621933078,14.289371846170532,0.536078213884228,0.04202126981497554,11.507327458840786,150
/home/iiitn/Datasets/FaceForensics++/manipulated_sequences/Face2Face/c23/videos/738_804.mp4,1,0.249547500864471,6.049208149442616,0.17822405673462907,0.11843102145843044,0.21804777061301941,8.108201790750218,0.2940467403334938,0.1997609089888995,0.9372328349640704,150
/home/iiitn/Datasets/FaceForensics++/manipulated_sequences/Face2Face/c23/videos/739_865.mp4,1,0.3905723292538525,8.362432859550973,0.2555637411013026,0.12551569250406222,0.435946044600597,12.018362336534892,0.3016790488073998,0.0614707116914621,7.372805142434069,150
/home/iiitn/Datasets/FaceForensics++/manipulated_sequences/Face2Face/c23/videos/742_775.mp4,1,0.2366906687267162,7.142265059107974,0.2233472981362948,0.19752187475018726,0.22330810863031078,7.686035055937111,0.28305497489571935,0.10633707047848871,0.6317781231252233,150
/home/iiitn/Datasets/FaceForensics++/manipulated_sequences/Face2Face/c23/videos/744_674.mp4,1,0.23727080674843282,11.2834111374248,0.3231095949016563,0.27826708459939725,0.21261062564732058,7.705863388336112,-0.010194225997213027,0.17627269309655072,15.84222140519254,150
/home/iiitn/Datasets/FaceForensics++/manipulated_sequences/Face2Face/c23/videos/745_777.mp4,1,0.278252147580502,16.334414645138757,0.19705327177912055,0.31426198245477815,0.27547059825434383,17.480941299362843,0.16261869113841707,0.2298463119835501,0.3009822874952209,150
/home/iiitn/Datasets/FaceForensics++/manipulated_sequences/Face2Face/c23/videos/747_854.mp4,1,0.2724261446160663,14.102321632268277,0.4560163142028258,0.11258442544426583,0.28478740432188826,19.260525868308836,0.6274841426017184,0.06390447187102682,8.508750685815553,150
/home/iiitn/Datasets/FaceForensics++/manipulated_sequences/Face2Face/c23/videos/743_750.mp4,1,0.1711953527755196,4.727678298547578,0.24300304949189022,0.13870273932261093,0.18232040400647287,4.1956189666606605,0.2769780607983745,0.15170108775504249,1.6462833393800411,150
/home/iiitn/Datasets/FaceForensics++/manipulated_sequences/Face2Face/c23/videos/751_752.mp4,1,0.2477541310937393,8.263230890683912,0.25053628244607795,0.02066195375161871,0.23821846535068278,12.883671798417671,0.2827519850756642,0.025571565308691525,3.1277096496317616,150
/home/iiitn/Datasets/FaceForensics++/manipulated_sequences/Face2Face/c23/videos/746_571.mp4,1,0.2456833939529749,12.164792515914874,0.436827175860262,0.3585774402898061,0.2884364781719267,10.81092348060117,0.3662725727649159,0.2134030648523624,0.07630472381928594,150
/home/iiitn/Datasets/FaceForensics++/manipulated_sequences/Face2Face/c23/videos/749_659.mp4,1,0.20841299993333093,5.637351740621029,0.5258292019175347,0.00995000447122604,0.21996395406276523,7.900310033910614,0.45119420046788244,0.040895149005622904,0.9629473510568075,150
/home/iiitn/Datasets/FaceForensics++/manipulated_sequences/Face2Face/c23/videos/748_355.mp4,1,0.21854431688290443,6.210942879780576,0.5334418878190221,0.10256854586018538,0.3066672687686829,15.468114434288145,0.6611974402984396,0.20572530475851436,3.646161072991152,150
/home/iiitn/Datasets/FaceForensics++/manipulated_sequences/Face2Face/c23/videos/740_796.mp4,1,0.2680597701221456,17.082460674694392,0.6497231440711971,0.16041175672927183,0.25946316274411196,16.378915730365893,0.6665385526750174,0.2123325288519158,0.8590092240421618,150
/home/iiitn/Datasets/FaceForensics++/manipulated_sequences/Face2Face/c23/videos/752_751.mp4,1,0.24382090178152802,7.903556054082266,0.6154629022570339,0.3154594422813323,0.29260197136959093,13.122595079065407,0.5354973870671113,0.11456757206769852,1.0970017430156846,150
/home/iiitn/Datasets/FaceForensics++/manipulated_sequences/Face2Face/c23/videos/754_758.mp4,1,0.25495139293866065,7.31378336296638,0.39663699323461116,0.09898627597475484,0.3002960126181942,14.922057346367295,0.5537739999601382,0.12640678101439584,0.26775161005538395,150
/home/iiitn/Datasets/FaceForensics++/manipulated_sequences/Face2Face/c23/videos/755_759.mp4,1,0.19575525437734062,6.3271089375954395,0.0898672892716264,0.08292083762109746,0.27110292813003484,11.421213753907208,0.32717345643136303,0.12014401506844334,1.1497665792584155,150
/home/iiitn/Datasets/FaceForensics++/manipulated_sequences/Face2Face/c23/videos/750_743.mp4,1,0.22317469936830903,6.109127348109962,0.35112766300792214,0.022616412033587985,0.2220674426969684,6.473285289981068,0.3383754992365012,0.2641082543331631,3.7947674365467066,150
/home/iiitn/Datasets/FaceForensics++/manipulated_sequences/Face2Face/c23/videos/758_754.mp4,1,0.15967717593505212,3.8783822048181853,0.22633447377894464,0.18831275886546628,0.19550959935294845,5.953161324531533,0.25490355421851324,0.06252611321921615,1.2875946686154995,150
/home/iiitn/Datasets/FaceForensics++/manipulated_sequences/Face2Face/c23/videos/756_503.mp4,1,0.15394249847477934,3.529246315979289,0.5778239654384077,0.511699596690193,0.21877106828284978,8.425150660133104,0.40487837020290046,0.19698917410277447,9.947991552671173,150
/home/iiitn/Datasets/FaceForensics++/manipulated_sequences/Face2Face/c23/videos/753_789.mp4,1,0.20272678984812806,6.638792504578045,0.20278146680998987,0.2550469109852697,0.2682652095180795,12.709496088736488,0.1901463152409627,0.2825713444123689,4.088487248158121,150
/home/iiitn/Datasets/FaceForensics++/manipulated_sequences/Face2Face/c23/videos/760_611.mp4,1,0.22037645777060955,5.749503834261215,0.47933048932297356,0.02131628760896737,0.19069025191281697,4.646404501572042,0.19473907698211104,0.0897660105395748,3.80680138072883,150
/home/iiitn/Datasets/FaceForensics++/manipulated_sequences/Face2Face/c23/videos/761_766.mp4,1,0.25013458567351876,8.691921946310073,0.27860194895142304,0.054573879785707956,0.20272947398919727,5.393605377827924,0.4959865705129536,0.07248082907438451,9.132335717893573,150
/home/iiitn/Datasets/FaceForensics++/manipulated_sequences/Face2Face/c23/videos/762_832.mp4,1,0.20136035426269924,6.510223945899323,0.15240620822221404,0.3098209126852311,0.18592894879853436,8.460473696411423,0.3747938905210018,0.08946712511959015,0.27495577083826733,150
/home/iiitn/Datasets/FaceForensics++/manipulated_sequences/Face2Face/c23/videos/763_930.mp4,1,0.19929492586797357,7.324386948897716,0.11212096226342051,0.20120678329609273,0.2203269850447986,7.355554754003301,0.12644247629281694,0.290178696376502,2.488144531953722,150
/home/iiitn/Datasets/FaceForensics++/manipulated_sequences/Face2Face/c23/videos/757_573.mp4,1,0.20683290683897457,5.582814208739426,0.568133543523574,0.7184278942594894,0.25740899788811106,8.298234726789685,0.6411185231568897,0.4591036763106726,1.5488280613029455,150
/home/iiitn/Datasets/FaceForensics++/manipulated_sequences/Face2Face/c23/videos/767_694.mp4,1,0.22653029659431315,14.221643911230977,0.34624065209695704,0.02511810452287298,0.19752985481215188,9.916138780892565,0.26223458278953626,0.014372392007913013,10.380142809414258,150
/home/iiitn/Datasets/FaceForensics++/manipulated_sequences/Face2Face/c23/videos/766_761.mp4,1,0.2653180588797131,10.866042095515946,0.2588606374136104,0.09599027443861517,0.1948027518085097,7.486536771666139,0.42734323515531286,0.22694345635981036,1.244921913762912,150
/home/iiitn/Datasets/FaceForensics++/manipulated_sequences/Face2Face/c23/videos/765_867.mp4,1,0.16701267052370086,3.3178386024733455,0.5165884323175817,0.14607446636280366,0.14711344390882897,2.5934752114866075,0.4671990348862954,0.33596227741563855,6.751713224602687,150
/home/iiitn/Datasets/FaceForensics++/manipulated_sequences/Face2Face/c23/videos/771_849.mp4,1,0.23097274710712576,7.908314096839689,0.157235394850284,0.24153092132432516,0.2901582197678408,11.866148314914453,0.2457347256352946,0.11564122569635164,27.84409033822365,150
/home/iiitn/Datasets/FaceForensics++/manipulated_sequences/Face2Face/c23/videos/768_793.mp4,1,0.22597071586765427,9.27649503836674,0.05862270404480179,0.2181061764624038,0.17854170974459369,4.877245738801223,0.26563613687444093,0.37459782308559425,0.024794478182824316,150
/home/iiitn/Datasets/FaceForensics++/manipulated_sequences/Face2Face/c23/videos/775_742.mp4,1,0.22143940811664806,7.9232727145625335,0.47080347634441794,0.07875239579610756,0.25009534793737836,8.06926198475911,0.5397844920337911,0.11356437062109553,0.0607030308332579,150
/home/iiitn/Datasets/FaceForensics++/manipulated_sequences/Face2Face/c23/videos/769_784.mp4,1,0.32345128167155096,13.742793086902998,0.32704464210773215,0.12495193191739327,0.24549054457887698,9.568043940240148,0.4791863419044627,0.09885472103190925,0.765001195920534,150
/home/iiitn/Datasets/FaceForensics++/manipulated_sequences/Face2Face/c23/videos/774_735.mp4,1,0.2740482889506317,11.76209152299238,0.6125140469578042,0.2793906123481834,0.23486309525889784,6.590140265551066,0.48093707605382746,0.2815163640817639,1.8617547951538287,150
/home/iiitn/Datasets/FaceForensics++/manipulated_sequences/Face2Face/c23/videos/772_708.mp4,1,0.21193878138936775,8.891663018318502,0.42539299951799586,0.17255161796761784,0.2106710340840101,8.641334301059736,0.4029964886669221,0.09904745749094968,0.08651573558143477,150
/home/iiitn/Datasets/FaceForensics++/manipulated_sequences/Face2Face/c23/videos/764_850.mp4,1,0.243011022355357,9.855941404055624,0.27386126409807976,0.11556443301127313,0.3407377780397347,23.857138706248126,0.0293092536175098,0.03468151446527438,2.950036480522968,150
/home/iiitn/Datasets/FaceForensics++/manipulated_sequences/Face2Face/c23/videos/770_791.mp4,1,0.23935781962891786,6.89184577120902,0.38745084925138534,0.13312570920249767,0.22563725145417965,7.216875704165862,0.30248497639637645,0.18233626170398254,1.3176710592569203,150
/home/iiitn/Datasets/FaceForensics++/manipulated_sequences/Face2Face/c23/videos/773_652.mp4,1,0.22909291418394875,6.117252633422908,0.3800376019857628,0.1687331767905623,0.17304906141165002,4.1735741483746365,0.48048404922042437,0.004931837576261428,0.4388631518446105,150
/home/iiitn/Datasets/FaceForensics++/manipulated_sequences/Face2Face/c23/videos/777_745.mp4,1,0.2104389260619798,7.67301472691219,0.4529039699125887,0.20634714278343644,0.30253300663735,10.767029952518435,0.2840976923227295,0.12407378708556101,1.2676579950491949,150
/home/iiitn/Datasets/FaceForensics++/manipulated_sequences/Face2Face/c23/videos/781_806.mp4,1,0.1792359842793734,6.294592349553656,0.32961067905894326,0.12283470307014394,0.2046341286354003,6.08057580899072,0.4451260300586704,0.08472009773240263,0.7832344866548877,150
/home/iiitn/Datasets/FaceForensics++/manipulated_sequences/Face2Face/c23/videos/778_798.mp4,1,0.22345838634922377,9.099359560860966,0.47478581257629493,0.11660235202580964,0.21342491358235316,7.829567755463091,0.2941408074409421,0.15186030476548248,0.9107087236702079,150
/home/iiitn/Datasets/FaceForensics++/manipulated_sequences/Face2Face/c23/videos/782_787.mp4,1,0.21478235119863873,7.157068525850309,0.5337681463660525,0.14300305257195975,0.24333774273163708,10.422947348380456,0.6260459032267751,0.11503356646248646,0.20000864689864603,150
/home/iiitn/Datasets/FaceForensics++/manipulated_sequences/Face2Face/c23/videos/785_736.mp4,1,0.199096064267831,7.724497021615282,0.6510045845488069,0.07839258806335465,0.1947671800639413,7.864277898949742,0.7044749025086277,0.04210514055809931,56.63344062348345,150
/home/iiitn/Datasets/FaceForensics++/manipulated_sequences/Face2Face/c23/videos/780_869.mp4,1,0.24076606551430882,17.475819974212357,0.4216318344939376,0.23772831071505784,0.2754671226397043,16.01450684010622,0.5294947776346259,0.1301769263651064,0.9752302653829762,150
/home/iiitn/Datasets/FaceForensics++/manipulated_sequences/Face2Face/c23/videos/788_710.mp4,1,0.2453407925807272,12.252357846437008,0.2922939346536035,0.16340381684184577,0.20985784645519315,7.763760836548918,0.3127083161573528,0.21316335532444386,3.782163625487903,150
/home/iiitn/Datasets/FaceForensics++/manipulated_sequences/Face2Face/c23/videos/779_794.mp4,1,0.2913986889613948,18.031143633179884,0.5406795223236256,0.02556889084751839,0.21693086828892608,9.473028018888952,0.37436532716231596,0.3038566473799554,0.7631937250192162,150
/home/iiitn/Datasets/FaceForensics++/manipulated_sequences/Face2Face/c23/videos/784_769.mp4,1,0.17395400244733947,4.4364445471728,0.30403524486485883,0.138590059226832,0.16642934531425987,4.335949848966507,0.22062922966040188,0.23347261652579102,0.45696271970906954,150
/home/iiitn/Datasets/FaceForensics++/manipulated_sequences/Face2Face/c23/videos/787_782.mp4,1,0.17394708893698074,5.497233436464306,0.33147970105180596,0.35634998407781904,0.21851090449399493,10.851868362268723,0.6404343344549783,0.354822686990967,5.055220231306079,150
/home/iiitn/Datasets/FaceForensics++/manipulated_sequences/Face2Face/c23/videos/783_916.mp4,1,0.2535665100224571,7.6838757734944565,0.15538970857094073,0.1351805738905506,0.27269475455683184,9.568397883850672,0.11442038153950464,0.018484891285416586,0.9838327266828524,150
/home/iiitn/Datasets/FaceForensics++/manipulated_sequences/Face2Face/c23/videos/790_014.mp4,1,0.20198373259570013,6.3322489625678635,0.34230174620090265,0.13624992089603227,0.16517575941347104,3.930193147471131,0.288767908568857,0.4357492254069129,22.660142430065537,150
/home/iiitn/Datasets/FaceForensics++/manipulated_sequences/Face2Face/c23/videos/791_770.mp4,1,0.2555901962426854,8.441826847397625,0.2889805568946056,0.03710102069684689,0.23074520020219416,9.298803040034954,0.2754363264705148,0.1334661288059461,2.2227988581769735,150
/home/iiitn/Datasets/FaceForensics++/manipulated_sequences/Face2Face/c23/videos/792_903.mp4,1,0.179228241849983,10.000139703805809,0.3486778606832972,0.3474015056553852,0.2577233825017636,18.46791896666917,0.24406507118443047,0.30384419457958134,0.5448269406227255,150
/home/iiitn/Datasets/FaceForensics++/manipulated_sequences/Face2Face/c23/videos/797_844.mp4,1,0.2818440489234051,10.034774505652868,0.19542308692099145,0.003271997592257755,0.19479220568991887,5.810720777471825,0.37460223654735786,0.03837971436883823,85.69269684300566,150
/home/iiitn/Datasets/FaceForensics++/manipulated_sequences/Face2Face/c23/videos/793_768.mp4,1,0.18560543382406178,6.732268309989568,0.3483984418663086,0.19533376703890534,0.20240860772975292,6.14064506598199,0.39522865103166854,0.20809010126561667,51.793664360189375,150
/home/iiitn/Datasets/FaceForensics++/manipulated_sequences/Face2Face/c23/videos/794_779.mp4,1,0.20680854975746266,11.12609640170333,0.26794041523458234,0.04916334213780082,0.2641449917022496,12.921194085325501,0.26604685518359333,0.06179057374139341,299.4213808351433,150
/home/iiitn/Datasets/FaceForensics++/manipulated_sequences/Face2Face/c23/videos/789_753.mp4,1,0.17113716430135292,4.328013219238116,0.9265909152440571,0.13603271292848507,0.17618209530110227,3.808348643169927,0.7243951605422616,0.20793593797152088,1.9520343430894969,150
/home/iiitn/Datasets/FaceForensics++/manipulated_sequences/Face2Face/c23/videos/795_907.mp4,1,0.22610878397893155,7.061591973411105,0.4277532795813482,0.15347996813285605,0.27426141131160064,9.160494119649455,0.2886514210487185,0.1939646445578879,0.657759663183305,150
/home/iiitn/Datasets/FaceForensics++/manipulated_sequences/Face2Face/c23/videos/796_740.mp4,1,0.19374603179353755,12.317823775348591,0.2847155586734946,0.055671808623998655,0.18462481156661878,7.021103947497,0.5723347809250556,0.050893494072141776,0.6568799728403308,150
/home/iiitn/Datasets/FaceForensics++/manipulated_sequences/Face2Face/c23/videos/799_809.mp4,1,0.21069481789404385,10.748778329669953,0.11529679127255703,0.17434190130407168,0.2175979203217678,9.022212282578872,0.09131264425083963,0.26608128370068984,20.55886537943873,150
/home/iiitn/Datasets/FaceForensics++/manipulated_sequences/Face2Face/c23/videos/786_819.mp4,1,0.19084035304106162,5.429742706811584,0.42936534923030106,0.002458078269350026,0.2050224179835308,6.267665110368907,0.3499964698893798,0.11804782895799985,6.035630450781967,150
/home/iiitn/Datasets/FaceForensics++/manipulated_sequences/Face2Face/c23/videos/801_855.mp4,1,0.18398433216093227,5.497431040206025,0.17099243066394498,0.04436453974665308,0.17526336953820612,4.919445270173109,0.21525147067321057,0.13883817802665127,6.646679907869481,150
/home/iiitn/Datasets/FaceForensics++/manipulated_sequences/Face2Face/c23/videos/802_885.mp4,1,0.20561009390969195,8.823589477328113,0.14194172659920876,0.11401308493340508,0.29228880817796327,14.902431378651722,0.49103020148669496,0.09396786725551015,0.18938098090384956,150
/home/iiitn/Datasets/FaceForensics++/manipulated_sequences/Face2Face/c23/videos/798_778.mp4,1,0.2651460961320779,20.200043945430618,0.099263312502427,0.12917813716378476,0.2826391081390364,9.506866530836966,0.3826692657768727,0.08489971646990385,0.16589130523253262,150
/home/iiitn/Datasets/FaceForensics++/manipulated_sequences/Face2Face/c23/videos/803_017.mp4,1,0.1717783954550942,6.7838430710777216,0.5101360839255342,0.3936996685495047,0.19178092495053137,8.064716823504229,0.3878225327320161,0.2773195135535362,2.382115889139229,150
/home/iiitn/Datasets/FaceForensics++/manipulated_sequences/Face2Face/c23/videos/804_738.mp4,1,0.24762521522381734,9.405318071041245,0.37868042122827505,0.13850738120866704,0.2751135152762859,15.978755872254387,0.5444451952786308,0.18147771834546123,1.2287373415590561,150
/home/iiitn/Datasets/FaceForensics++/manipulated_sequences/Face2Face/c23/videos/800_840.mp4,1,0.25303927026558426,8.680978841085224,0.13861913174134724,0.05749494878012696,0.2930784274684723,11.218465251634703,0.367843188970104,0.12333314173000454,4.324501247653287,150
/home/iiitn/Datasets/FaceForensics++/manipulated_sequences/Face2Face/c23/videos/806_781.mp4,1,0.19468978337793197,6.416077652751565,0.6705813571036584,0.17917596860074747,0.18570316687118846,6.2573143305785335,0.40916068596355587,0.4903663747808717,0.08469447215327514,150
/home/iiitn/Datasets/FaceForensics++/manipulated_sequences/Face2Face/c23/videos/805_011.mp4,1,0.20490033674717598,10.287361678603398,0.3213588379011247,0.16417581067167333,0.21757916362442922,13.417818699804302,0.18577514848716925,0.03138380435817651,0.662733795580504,150
/home/iiitn/Datasets/FaceForensics++/manipulated_sequences/Face2Face/c23/videos/809_799.mp4,1,0.17930857790165092,5.286030536901127,0.3027171866796714,0.24715736419097448,0.20540812588628574,9.861973561993494,0.2940213589107894,0.22290865044313204,1.6551252040109106,150
/home/iiitn/Datasets/FaceForensics++/manipulated_sequences/Face2Face/c23/videos/812_821.mp4,1,0.24313415413292058,8.087637179266647,0.4619394877216239,0.09353880411234106,0.30031069381903946,10.849203293211914,0.5033496168108936,0.1402225667960393,9.028908124950137,150
/home/iiitn/Datasets/FaceForensics++/manipulated_sequences/Face2Face/c23/videos/810_838.mp4,1,0.24481240308539112,7.644178982660787,0.4554273067638999,0.04749316741958859,0.21283095768124102,6.067741464795418,0.3906921001431896,0.05509531844565852,0.9104632904538721,150
/home/iiitn/Datasets/FaceForensics++/manipulated_sequences/Face2Face/c23/videos/808_829.mp4,1,0.1902605267175581,5.126812075193821,0.5647330561686862,0.3261990599726544,0.22429715981807505,7.158391379930048,0.28326590599571083,0.11339234963085863,13.49189928082763,150
/home/iiitn/Datasets/FaceForensics++/manipulated_sequences/Face2Face/c23/videos/811_920.mp4,1,0.1979194149206518,6.2804897833961775,0.6904344246789432,0.04563994473992036,0.17750001929213136,6.009288527994985,0.3484309674737545,0.38179535351618316,16.259340434631454,150
/home/iiitn/Datasets/FaceForensics++/manipulated_sequences/Face2Face/c23/videos/816_649.mp4,1,0.3890075245148727,22.87204420286677,0.41954758019620114,0.025090572720466626,0.32019220477362104,15.995830189286602,0.7237526328359273,0.20018842168579912,1.4537355528941884,150
/home/iiitn/Datasets/FaceForensics++/manipulated_sequences/Face2Face/c23/videos/807_273.mp4,1,0.27948325684605463,11.375789408092439,0.38048050557923024,0.0683869965019283,0.2694175731307095,12.603177219161267,0.5646908866250729,0.13485705962070638,0.21447744526393148,150
/home/iiitn/Datasets/FaceForensics++/manipulated_sequences/Face2Face/c23/videos/814_871.mp4,1,0.2544573173951498,6.930014991123133,0.6991221087862155,0.2885037104802443,0.3342999027419606,19.4932339710225,0.6367495721036047,0.1048984485582402,0.4048301398563999,150
/home/iiitn/Datasets/FaceForensics++/manipulated_sequences/Face2Face/c23/videos/813_700.mp4,1,0.19665456695667546,9.340955138627379,0.35124815786559127,0.0404100630896703,0.20042622057722284,7.606415632911459,0.4250968364198971,0.06798072457302726,27.668985009873456,150
/home/iiitn/Datasets/FaceForensics++/manipulated_sequences/Face2Face/c23/videos/815_730.mp4,1,0.1762207628059176,5.782006771064885,0.5067753328148766,0.264654937027691,0.21790788929477375,15.263910489287658,0.5821625943797574,0.188969172663079,30.723720358488627,150
/home/iiitn/Datasets/FaceForensics++/manipulated_sequences/Face2Face/c23/videos/821_812.mp4,1,0.22173906939053656,11.584445402668784,0.5971324909228554,0.2490563329507015,0.2413468211839601,12.570718072888297,0.7403354031170867,0.12173521781927672,3.747793187869112,150
/home/iiitn/Datasets/FaceForensics++/manipulated_sequences/Face2Face/c23/videos/818_820.mp4,1,0.197988669415564,8.727009325718257,0.3318814619000634,0.17332579997435124,0.19657869464503888,6.6064184365070355,0.423761037532211,0.10556171341286606,8.462699383274625,150
/home/iiitn/Datasets/FaceForensics++/manipulated_sequences/Face2Face/c23/videos/820_818.mp4,1,0.20079450802067064,6.927654589536584,0.43804636599082786,0.01166985323392431,0.1736043707825344,5.620234045329515,0.33813298902376854,0.1251064024984642,0.585351847076042,150
/home/iiitn/Datasets/FaceForensics++/manipulated_sequences/Face2Face/c23/videos/825_074.mp4,1,0.20522761832545625,10.05805266930386,0.5706390213190339,0.2199855534837568,0.24253464682672754,10.972316278969151,0.4164236951829912,0.0163009319562484,0.16219663684425029,150
/home/iiitn/Datasets/FaceForensics++/manipulated_sequences/Face2Face/c23/videos/828_830.mp4,1,0.1640200010556152,5.223480429073823,0.20641688234223554,0.34379241566729263,0.2320550262839678,8.301153295335881,0.11250649459052742,0.06795446974869297,0.1374952691827949,150
/home/iiitn/Datasets/FaceForensics++/manipulated_sequences/Face2Face/c23/videos/827_817.mp4,1,0.17683878446814003,4.196226482287135,0.043409478744545545,0.14573379308912743,0.25571905146374535,9.114686277727595,0.2912014837013443,0.10736581125138578,3.236699732798599,150
/home/iiitn/Datasets/FaceForensics++/manipulated_sequences/Face2Face/c23/videos/823_584.mp4,1,0.1826030906795858,5.715339543875689,0.16573616142062364,0.12243971740699426,0.19250421689313893,7.842880920457159,0.014673002952702482,0.2312587448656573,25.59261067258174,150
/home/iiitn/Datasets/FaceForensics++/manipulated_sequences/Face2Face/c23/videos/830_828.mp4,1,0.37670152942556395,18.04372227859054,0.5294222444853824,0.06878595019132532,0.3421717258693968,14.831796004679324,0.24165213762876517,0.014351069971614394,2.7940502393904025,150
/home/iiitn/Datasets/FaceForensics++/manipulated_sequences/Face2Face/c23/videos/819_786.mp4,1,0.19422054809405917,5.70538978222639,-0.0924668029950065,0.012278850450510937,0.1610347314108265,4.907467805300637,0.08744564482507837,0.37003024329618933,0.07135784669166507,150
/home/iiitn/Datasets/FaceForensics++/manipulated_sequences/Face2Face/c23/videos/826_833.mp4,1,0.21512793987913492,8.721066056975982,-0.10701862041044963,0.0825738974998854,0.26404021028619146,15.573105303764924,-0.05066330458490729,0.21151746379883019,0.22137439415143015,150
/home/iiitn/Datasets/FaceForensics++/manipulated_sequences/Face2Face/c23/videos/829_808.mp4,1,0.2342413193050943,6.651277192750263,0.3703759233602025,0.2536787691604481,0.23594951250608087,6.686578948172361,0.43163441931592184,0.16789075612503843,14.45866410092484,150
/home/iiitn/Datasets/FaceForensics++/manipulated_sequences/Face2Face/c23/videos/822_244.mp4,1,0.14459595656534308,6.256584913867504,0.1108691269415738,0.07554206625010979,0.22622153371809425,8.939896548036396,0.7306446069197748,0.12471669431330941,0.34338104830280125,150
/home/iiitn/Datasets/FaceForensics++/manipulated_sequences/Face2Face/c23/videos/832_762.mp4,1,0.1887152365451248,8.364958521931682,0.32389682899455824,0.2794037581127638,0.18729458470115457,8.177182907353114,0.3454021306029347,0.2719886244852731,2.753584184794157,150
/home/iiitn/Datasets/FaceForensics++/manipulated_sequences/Face2Face/c23/videos/834_852.mp4,1,0.27014832239683867,11.34501526370567,0.16509188120717716,0.053117030478636286,0.2880837999465941,21.73325683871242,0.5664409200395429,0.08156685579427152,5.508459635642429,150
/home/iiitn/Datasets/FaceForensics++/manipulated_sequences/Face2Face/c23/videos/839_864.mp4,1,0.2593085521505031,19.766641919896216,0.271283776022815,0.26019823606880627,0.26104832903905834,11.465940223394488,0.4239472236506514,0.1271914834740417,0.014180511069537462,150
/home/iiitn/Datasets/FaceForensics++/manipulated_sequences/Face2Face/c23/videos/840_800.mp4,1,0.19349110854747584,5.045711167148666,0.06111702963996026,0.17860422938474999,0.18936731916217978,4.822098920994826,0.24687974222030454,0.015987267964250342,3.3692936931975224,150
/home/iiitn/Datasets/FaceForensics++/manipulated_sequences/Face2Face/c23/videos/836_950.mp4,1,0.2232354351637604,5.5370606046333535,0.1432538423159501,0.13860055360843906,0.2458572174649893,7.9845628501588735,0.31342859073701235,0.14710416020459208,1.895003503626795,150
/home/iiitn/Datasets/FaceForensics++/manipulated_sequences/Face2Face/c23/videos/837_890.mp4,1,0.22039206559577643,6.742110828784294,-0.027236377005656204,0.023966643407908234,0.2502317902291814,7.413050625122786,0.3912704414706989,0.07944766550526791,0.21727626522994725,150
/home/iiitn/Datasets/FaceForensics++/manipulated_sequences/Face2Face/c23/videos/833_826.mp4,1,0.23228739413657765,10.259340302303112,0.30299589393515247,0.04573780946240762,0.24319033369351936,14.767061598601705,0.3457712410112174,0.12204169542741132,5.112330776978687,150
/home/iiitn/Datasets/FaceForensics++/manipulated_sequences/Face2Face/c23/videos/842_714.mp4,1,0.21078669592653507,7.075661767748303,0.41923195670370994,0.4957799511237932,0.22855323679212927,9.778366238416552,0.22252054679020694,0.0715918747497379,39.52063845158448,150
/home/iiitn/Datasets/FaceForensics++/manipulated_sequences/Face2Face/c23/videos/831_508.mp4,1,0.2753863254893896,14.350706030270734,0.7030141029568865,0.14955937438905195,0.2586489438239248,8.281238531715093,0.6017341231124737,0.016390991285583915,8.629168974273407,150
/home/iiitn/Datasets/FaceForensics++/manipulated_sequences/Face2Face/c23/videos/844_797.mp4,1,0.2517918784448441,7.437338638653905,-0.03454949234696024,0.007218065279041102,0.26226707728209814,7.581279205870248,0.03138747790743034,0.08277965036187851,0.1759650966352414,150
/home/iiitn/Datasets/FaceForensics++/manipulated_sequences/Face2Face/c23/videos/841_639.mp4,1,0.21291504005906017,6.555502312993457,0.4705945354898595,0.01718604286617501,0.19695572498852287,5.821068888153715,0.2051863396567204,0.04071455403330548,6.665631246993756,150
/home/iiitn/Datasets/FaceForensics++/manipulated_sequences/Face2Face/c23/videos/843_859.mp4,1,0.18284594110311522,3.8779040660777837,0.10965495760407938,0.24073742904293338,0.27852051743303696,6.881565333518259,0.34391734735358265,0.1410890968541975,0.0652124863525017,150
/home/iiitn/Datasets/FaceForensics++/manipulated_sequences/Face2Face/c23/videos/835_651.mp4,1,0.1922714945986852,8.185092203260588,0.41011087271390173,0.02034425435360072,0.20987506149319202,6.029961946827037,0.48581408940905896,0.23214742849097156,0.1478817370389153,150
/home/iiitn/Datasets/FaceForensics++/manipulated_sequences/Face2Face/c23/videos/838_810.mp4,1,0.20202104981117716,4.370282588945545,0.14460352622952563,0.48126128013963276,0.2161569985227919,6.456932943930959,0.33986168832879976,0.13080257762281455,0.16152090987623158,150
/home/iiitn/Datasets/FaceForensics++/manipulated_sequences/Face2Face/c23/videos/846_845.mp4,1,0.2006349660243032,5.972067485759112,0.331580964357756,0.1064371826296388,0.18861440919974,7.236139075440146,0.32248841761372676,0.14029666710182506,5.129575133011358,150
/home/iiitn/Datasets/FaceForensics++/manipulated_sequences/Face2Face/c23/videos/845_846.mp4,1,0.16426788201796974,5.382872379301108,0.3661875417026163,0.01639662368566329,0.18982129851140128,8.179618440621526,0.3158318823590453,0.013319357276831744,0.34427510259614,150
/home/iiitn/Datasets/FaceForensics++/manipulated_sequences/Face2Face/c23/videos/852_834.mp4,1,0.28096987161311,12.4359277725487,0.47209543824610095,0.18735573527941884,0.19007214741179002,9.036057395590172,0.3720746609864439,0.21162845686830445,0.07527383836911783,150
/home/iiitn/Datasets/FaceForensics++/manipulated_sequences/Face2Face/c23/videos/850_764.mp4,1,0.19375402021072616,4.727985449164168,0.5670936649676664,0.05406196464720279,0.22181968472201138,8.866234144965855,0.41329700456736473,0.026668402040951694,2.272808693169877,150
/home/iiitn/Datasets/FaceForensics++/manipulated_sequences/Face2Face/c23/videos/849_771.mp4,1,0.2499384445750826,12.082095177535143,0.30683971007445526,0.10229985284719079,0.1658664745303188,4.4496701031377865,0.28035403302421646,0.11104278017119917,0.08359225130919633,150
/home/iiitn/Datasets/FaceForensics++/manipulated_sequences/Face2Face/c23/videos/855_801.mp4,1,0.25874803249921413,13.343689303233132,0.23884543343220643,0.109604159915832,0.23981333755685474,11.741813688520098,0.1819330795782336,0.048509764319307765,1.9591387792823225,150
/home/iiitn/Datasets/FaceForensics++/manipulated_sequences/Face2Face/c23/videos/847_906.mp4,1,0.29277034440186206,11.591313679220358,0.44580311509447745,0.06099631100842686,0.24238005657168235,11.676733007420642,0.43477014538345565,0.07421640500488959,1.7674048760708296,150
/home/iiitn/Datasets/FaceForensics++/manipulated_sequences/Face2Face/c23/videos/851_552.mp4,1,0.17475532849527756,6.25314653837023,0.23485071129360788,0.08246633258279647,0.23540010593081598,9.843619635368894,0.4346759264261206,0.2355791992902573,13.582507376007856,150
/home/iiitn/Datasets/FaceForensics++/manipulated_sequences/Face2Face/c23/videos/853_863.mp4,1,0.1894660703938799,7.373881026210842,0.037906860293387405,0.41957855311322595,0.24634279367554854,8.722849841405234,0.15405858977799392,0.1015452440856595,0.9008153067919354,150
/home/iiitn/Datasets/FaceForensics++/manipulated_sequences/Face2Face/c23/videos/854_747.mp4,1,0.21167009417074026,8.432973191131422,0.11019214356366236,0.08705325753815239,0.21400433219321824,6.903931313562282,0.21862860812367035,0.12938612456398538,0.007097393479314486,150
/home/iiitn/Datasets/FaceForensics++/manipulated_sequences/Face2Face/c23/videos/857_909.mp4,1,0.1710747182605424,3.758505547137218,-0.06944306465564919,0.46961581946955433,0.1870165687298316,3.7927458711629534,0.11332482603723272,0.2607663069875155,1.0845215702285298,150
/home/iiitn/Datasets/FaceForensics++/manipulated_sequences/Face2Face/c23/videos/858_861.mp4,1,0.1749629759644303,7.98845037404585,0.23480990533813217,0.205845712088096,0.21505740722728137,7.324676642515274,0.15485537741391694,0.036518358703667965,0.4530439581758215,150
/home/iiitn/Datasets/FaceForensics++/manipulated_sequences/Face2Face/c23/videos/848_894.mp4,1,0.21410324831157548,10.002742100713101,0.3282083221196464,0.3320269286554039,0.19937936752564145,7.895113589235927,0.3511893733380025,0.017018664672112865,10.055722112093452,150
/home/iiitn/Datasets/FaceForensics++/manipulated_sequences/Face2Face/c23/videos/859_843.mp4,1,0.21936392712811972,6.157189112516025,0.42523636037646195,0.49856533410377774,0.40885070635786686,30.666781746975733,0.5351226224878857,0.09447232899166634,0.4612648273472365,150
/home/iiitn/Datasets/FaceForensics++/manipulated_sequences/Face2Face/c23/videos/856_881.mp4,1,0.2273489129248745,7.127960228832674,0.5541880293560437,0.1819329538371118,0.22408472620702666,6.1565530619098405,0.387610002503969,0.09420447674496331,0.02142304644330073,150
/home/iiitn/Datasets/FaceForensics++/manipulated_sequences/Face2Face/c23/videos/861_858.mp4,1,0.20823978781707062,8.606876347466507,0.3265656660817102,0.11822521553917038,0.22274025191646873,11.334013501521175,0.2042872526161804,0.03523458170054036,9.79659951027625,150
/home/iiitn/Datasets/FaceForensics++/manipulated_sequences/Face2Face/c23/videos/864_839.mp4,1,0.17244380211654706,5.235516541972093,0.16577969413457158,0.03856904179898172,0.22519377575775598,9.423277940583233,0.17495586850775804,0.058356858150422845,1.6695121655476381,150
/home/iiitn/Datasets/FaceForensics++/manipulated_sequences/Face2Face/c23/videos/867_765.mp4,1,0.24984783511811748,9.60889329925785,0.06643678990313205,0.12239831133446634,0.2706203418120569,9.61182576034968,-0.03225841708653537,0.33984545068132516,0.5487507037753808,150
/home/iiitn/Datasets/FaceForensics++/manipulated_sequences/Face2Face/c23/videos/868_949.mp4,1,0.2141540088458601,6.601776457378368,0.572854779178441,0.09885731675194649,0.20640811306580423,5.2193583557302405,0.3344889923957788,0.33470799968821424,0.42289265174742385,150
/home/iiitn/Datasets/FaceForensics++/manipulated_sequences/Face2Face/c23/videos/863_853.mp4,1,0.19082067216430532,4.8477943002910395,0.5287094591885345,0.12316260800755464,0.21882520573007583,6.088952788480204,0.6284489344111376,0.16065894482108314,27.67458266548514,150
/home/iiitn/Datasets/FaceForensics++/manipulated_sequences/Face2Face/c23/videos/860_905.mp4,1,0.17385863820612768,6.784810112827556,0.30103469610498007,0.16219837931693312,0.19428932686499487,5.643138314980196,0.393043183052357,0.2558211360612193,5.395639451917264,150
/home/iiitn/Datasets/FaceForensics++/manipulated_sequences/Face2Face/c23/videos/872_873.mp4,1,0.23902067175135286,9.375096035176549,0.24076216887768062,0.03773985330849681,0.20823798766076965,9.132058835920942,0.4078697392664615,0.04014218281026822,1.3649261278384908,150
/home/iiitn/Datasets/FaceForensics++/manipulated_sequences/Face2Face/c23/videos/871_814.mp4,1,0.2513474797246385,8.157228073063315,0.3131704938673641,0.2444863525762925,0.23701382502286727,7.872656172212178,0.38153774270216384,0.14011405974124766,1.1744293338730196,150
/home/iiitn/Datasets/FaceForensics++/manipulated_sequences/Face2Face/c23/videos/870_001.mp4,1,0.2383888284782738,14.697354970716527,0.17413735475357775,0.1284349462220036,0.24665807571825704,22.33129011123562,0.24840854456482822,0.1275508166526403,49.82421171222942,150
/home/iiitn/Datasets/FaceForensics++/manipulated_sequences/Face2Face/c23/videos/865_739.mp4,1,0.3779524908809087,11.710165327932708,0.41222124059105975,0.23387014097922565,0.3219990725660185,4.790936923405451,0.18053758019835206,0.16310372107171278,0.6432716168267103,150
/home/iiitn/Datasets/FaceForensics++/manipulated_sequences/Face2Face/c23/videos/873_872.mp4,1,0.2641777611092427,11.782787533337718,0.0007419678605805798,0.23920242280683435,0.23087880333007402,10.590154437880576,0.04115384591525933,0.025810710223300875,1.9713799319603276,150
/home/iiitn/Datasets/FaceForensics++/manipulated_sequences/Face2Face/c23/videos/869_780.mp4,1,0.15763200678351677,4.519751194567177,0.47869287504340147,0.19751714890343272,0.19295430292904872,6.014770281172294,0.3437631591371291,0.5156215800841822,32.939351849942355,150
/home/iiitn/Datasets/FaceForensics++/manipulated_sequences/Face2Face/c23/videos/866_878.mp4,1,0.25503908485042875,8.812537224885569,0.027176001648577492,0.3031178644256145,0.2519552684607516,7.053790160122227,0.021166468078137064,0.13461957260438354,0.2970810018778041,150
/home/iiitn/Datasets/FaceForensics++/manipulated_sequences/Face2Face/c23/videos/875_979.mp4,1,0.27541993457356734,11.84208582275375,0.19268793978140794,0.06115375377165333,0.25368198518474067,9.053499520446225,0.4519856965333699,0.3312666117452151,1.6437980364912035,150
/home/iiitn/Datasets/FaceForensics++/manipulated_sequences/Face2Face/c23/videos/876_891.mp4,1,0.21293359644412932,5.8135994982311034,0.1820636370274188,0.03758557277257171,0.2318807562815515,7.337155333053265,0.26928770023747284,0.10269741010033488,0.005541241000678537,150
/home/iiitn/Datasets/FaceForensics++/manipulated_sequences/Face2Face/c23/videos/877_886.mp4,1,0.20089091720481125,8.799522411167624,0.39060658336073767,0.1322934903873495,0.27465929289783597,11.221584274023543,0.39202791243638346,0.0390336791472556,1.6405054519496298,150
/home/iiitn/Datasets/FaceForensics++/manipulated_sequences/Face2Face/c23/videos/874_291.mp4,1,0.1813478441524493,4.807460525655311,0.49202361340564144,0.11131573014095446,0.23959373978677734,6.551057578666799,0.5977581075465692,0.025641709044189137,15.938641673993898,150
/home/iiitn/Datasets/FaceForensics++/manipulated_sequences/Face2Face/c23/videos/879_963.mp4,1,0.23501797748786749,6.321685806242954,0.18661889410833166,0.07447378847450895,0.23905795277372954,7.119523105793178,0.4819687454708892,0.039553327948646376,0.48984611589773247,150
/home/iiitn/Datasets/FaceForensics++/manipulated_sequences/Face2Face/c23/videos/878_866.mp4,1,0.17399072188394715,4.519804546881055,0.19165651739562217,0.08673647747423928,0.22219410780563256,5.99908198611377,0.39935660987191984,0.13704674110547468,1.868139155183784,150
/home/iiitn/Datasets/FaceForensics++/manipulated_sequences/Face2Face/c23/videos/885_802.mp4,1,0.19809519241113327,6.511564064216604,0.15980547795986563,0.03979341031663626,0.34077588142769527,27.267821747813333,0.42186582695888414,0.056754223930541144,0.12037580163304341,150
/home/iiitn/Datasets/FaceForensics++/manipulated_sequences/Face2Face/c23/videos/881_856.mp4,1,0.2544778500346623,11.29343348747595,0.17768467580583777,0.15114964623716193,0.2660981298035599,9.662627252833511,0.23962647752093466,0.1549471717304852,0.31499861750363517,150
/home/iiitn/Datasets/FaceForensics++/manipulated_sequences/Face2Face/c23/videos/883_013.mp4,1,0.23581942807180378,10.753639447697253,0.3560504313700141,0.11697977782535375,0.31605550388190146,18.065447622311257,0.4241218916552129,0.08228308506358102,99.63251943615793,150
/home/iiitn/Datasets/FaceForensics++/manipulated_sequences/Face2Face/c23/videos/884_968.mp4,1,0.17536085459175577,4.371312459390672,0.8417306546991723,0.3175323566376366,0.2205240235007059,7.99025590930535,0.6822032739057851,0.17261307528496547,73.80383582978894,150
/home/iiitn/Datasets/FaceForensics++/manipulated_sequences/Face2Face/c23/videos/887_275.mp4,1,0.3016837622663178,20.42249769752716,0.6498636142991715,0.06913900243073472,0.34425192524573206,23.07902978896215,0.511561029993337,0.026358599352282353,5.012425707240567,150
/home/iiitn/Datasets/FaceForensics++/manipulated_sequences/Face2Face/c23/videos/886_877.mp4,1,0.2377678497269011,9.537499509326343,0.4140612203050889,0.06524387656148385,0.23687760385422788,14.490780642124937,0.4419104383706751,0.02560606284323523,0.46286159757315565,150
/home/iiitn/Datasets/FaceForensics++/manipulated_sequences/Face2Face/c23/videos/890_837.mp4,1,0.3768691337610071,33.27750588793012,0.9025432698857697,0.07039416443420053,0.3760696473838628,25.47807656393263,0.4709695125065642,0.03052472408990778,1.8502683756283371,150
/home/iiitn/Datasets/FaceForensics++/manipulated_sequences/Face2Face/c23/videos/888_937.mp4,1,0.21334675013286084,11.273768028179775,0.34688411006876624,0.18453653434919212,0.2530710166830281,18.560984622374093,0.28265265991288896,0.36791824830040204,0.4851509939486662,150
/home/iiitn/Datasets/FaceForensics++/manipulated_sequences/Face2Face/c23/videos/891_876.mp4,1,0.21741069321479145,7.244732172891429,0.13240994935243963,0.11193072077690332,0.24082822492505204,7.860542043348231,0.06647235826194031,0.19816405788366978,0.9365154632338867,150
/home/iiitn/Datasets/FaceForensics++/manipulated_sequences/Face2Face/c23/videos/893_913.mp4,1,0.24416626310095535,6.0537438705946585,0.2515750483640958,0.1296224184610056,0.24504352504787555,6.7993409001910345,0.2596043603524116,0.06271000441421151,1.769086687927112,150
/home/iiitn/Datasets/FaceForensics++/manipulated_sequences/Face2Face/c23/videos/882_952.mp4,1,0.20124107087981488,6.491412919486884,0.4529961694515146,0.0601575179115024,0.2017001951986255,5.806241451222611,0.42914624409114416,0.023314035457614624,3.1247173607892957,150
/home/iiitn/Datasets/FaceForensics++/manipulated_sequences/Face2Face/c23/videos/897_969.mp4,1,0.16895191722100988,7.296080582676612,-0.038762336001638836,0.12230942134190219,0.2201893696455177,10.979732550816784,0.22774982266931154,0.09638379665082035,0.4633533884419955,150
/home/iiitn/Datasets/FaceForensics++/manipulated_sequences/Face2Face/c23/videos/896_128.mp4,1,0.20047946684394935,7.5528395086517195,0.1983235548579728,0.11207953408798617,0.22083289765222233,9.609260847016762,-0.039501776085329315,0.047394798280957696,0.06614059675288458,150
/home/iiitn/Datasets/FaceForensics++/manipulated_sequences/Face2Face/c23/videos/895_915.mp4,1,0.2327129385298988,14.103112254745644,0.43699278565740435,0.05068386772487862,0.23998574727148356,10.32852373095428,0.5555663589439207,0.04451285184774104,0.30616179340301397,150
/home/iiitn/Datasets/FaceForensics++/manipulated_sequences/Face2Face/c23/videos/898_922.mp4,1,0.2369294150354044,9.938250702559658,0.2897915694638391,0.24821766332506157,0.21468583877597233,6.6183486437930625,0.1619988894518709,0.21291917308099262,0.045219336190574104,150
/home/iiitn/Datasets/FaceForensics++/manipulated_sequences/Face2Face/c23/videos/889_045.mp4,1,0.2725237332480164,10.881270929264938,0.22652622394463898,0.06523198674552147,0.23951627962088762,7.51987836870651,0.38417423959622976,0.19580759670349038,13.623634604745945,150
/home/iiitn/Datasets/FaceForensics++/manipulated_sequences/Face2Face/c23/videos/899_914.mp4,1,0.19971666295468124,7.020017142970443,-0.021661468327996924,0.09849726598933178,0.26321279679221443,7.887816666513415,0.18085832673218105,0.17791059741737392,0.22723378002580294,150
/home/iiitn/Datasets/FaceForensics++/manipulated_sequences/Face2Face/c23/videos/892_112.mp4,1,0.24485447159136944,14.524390859179732,0.12479150201998061,0.1577315221845619,0.2137519745464221,7.88085960423978,0.5181522902213994,0.5076879286615191,0.9173087030166716,150
/home/iiitn/Datasets/FaceForensics++/manipulated_sequences/Face2Face/c23/videos/900_926.mp4,1,0.26271880385060653,13.26824556414366,0.42758728346085473,0.07049441768321339,0.2728623421497081,14.827402896820965,0.3960635910695654,0.06696969242926328,0.5828595836704653,150
/home/iiitn/Datasets/FaceForensics++/manipulated_sequences/Face2Face/c23/videos/903_792.mp4,1,0.2086725640255899,10.41599891892193,0.019246436582471407,0.18250514054416359,0.2021839616906119,6.534617857684317,0.2712095519599901,0.07996475860686213,0.9937203396599098,150
/home/iiitn/Datasets/FaceForensics++/manipulated_sequences/Face2Face/c23/videos/894_848.mp4,1,0.20755116670055937,10.262386948276651,0.1873460686492999,0.20629501742245063,0.25283690500402023,10.533326636687457,0.45505530720010867,0.02412251430380712,0.8971591772397316,150
/home/iiitn/Datasets/FaceForensics++/manipulated_sequences/Face2Face/c23/videos/901_902.mp4,1,0.18514934283998705,7.837434706539587,0.03173466900219273,0.17963885917063582,0.22565668871784808,8.156823811237532,0.48187054538220836,0.4075224062200152,0.11062669878909513,150
/home/iiitn/Datasets/FaceForensics++/manipulated_sequences/Face2Face/c23/videos/905_860.mp4,1,0.27790984074333974,13.857281091135066,0.3604548688568668,0.05437370685731149,0.21842855451447266,7.268544954870301,0.5081063339298852,0.09361495150607797,2.4661431444708053,150
/home/iiitn/Datasets/FaceForensics++/manipulated_sequences/Face2Face/c23/videos/902_901.mp4,1,0.20914984606097367,6.277338334429032,0.21103975669930422,0.3988599043199815,0.3207068102918827,10.718098619923888,0.5031324011129247,0.0523691520095392,0.01756321362519415,150
/home/iiitn/Datasets/FaceForensics++/manipulated_sequences/Face2Face/c23/videos/909_857.mp4,1,0.33483093198342456,15.28514325427674,0.17574651673502598,0.12258916233975985,0.23069430984177086,12.26618995634941,0.29432900705781356,0.22952696936279657,0.5734587074699381,150
/home/iiitn/Datasets/FaceForensics++/manipulated_sequences/Face2Face/c23/videos/907_795.mp4,1,0.21487660055378824,8.34633315530123,0.26164988129513816,0.10908582069316908,0.2557921237425181,8.456849203141225,0.2363724205730694,0.17341096386258714,0.41570890902909224,150
/home/iiitn/Datasets/FaceForensics++/manipulated_sequences/Face2Face/c23/videos/911_910.mp4,1,0.21781332163765357,5.25928465581222,0.3522862558542177,0.08381569834170371,0.23392800383482104,8.527273981340693,0.2338365332138467,0.1833903494436323,0.0755087794069905,150
/home/iiitn/Datasets/FaceForensics++/manipulated_sequences/Face2Face/c23/videos/910_911.mp4,1,0.1828827010455039,4.441099046882474,0.5559166768475484,0.2064541018056678,0.21617924163115862,6.712869904362484,0.7115186623889497,0.40927303689209565,2.6630088284210403,150
/home/iiitn/Datasets/FaceForensics++/manipulated_sequences/Face2Face/c23/videos/912_927.mp4,1,0.22434027587438418,7.224497845161573,0.32915155473145585,0.035587930643602946,0.1692208556081394,4.827722113034863,0.03903517511206828,0.22389926710026542,1.517402642352692,150
/home/iiitn/Datasets/FaceForensics++/manipulated_sequences/Face2Face/c23/videos/913_893.mp4,1,0.30349210215248956,12.141475665769235,0.2692976431114733,0.031147332265129123,0.2781458906040553,11.299130577309613,0.3226460286811662,0.09291532624686853,1.9734662984472258,150
/home/iiitn/Datasets/FaceForensics++/manipulated_sequences/Face2Face/c23/videos/904_046.mp4,1,0.22274310045453813,6.768776756348976,0.2697881821483816,0.16644585906835202,0.23402443664527736,8.3934181353165,0.6887878437187466,0.1192190251645462,7.756057560819229,150
/home/iiitn/Datasets/FaceForensics++/manipulated_sequences/Face2Face/c23/videos/906_847.mp4,1,0.20591635091878713,7.566718834435402,0.23464873225769167,0.059503303887340354,0.21600666674694732,11.185404707027898,0.42487780574330664,0.2708581505336401,0.08180517111889148,150
/home/iiitn/Datasets/FaceForensics++/manipulated_sequences/Face2Face/c23/videos/908_207.mp4,1,0.3006738221720872,27.625722672794854,0.27003154994472517,0.3222645349229542,0.3005662101785202,16.72876484082357,0.050136041337550084,0.2503493649458459,0.4234642449600813,150
/home/iiitn/Datasets/FaceForensics++/manipulated_sequences/Face2Face/c23/videos/914_899.mp4,1,0.20635772848361525,6.468557859543246,0.0974356728465568,0.20398737682147605,0.2242658182319134,6.765276518762977,0.03593682867555826,0.30086084330175256,0.853022202334664,150
/home/iiitn/Datasets/FaceForensics++/manipulated_sequences/Face2Face/c23/videos/915_895.mp4,1,0.23096146275157584,8.592933045514874,-0.0006510277990603164,0.09027032168630078,0.22300583023532225,12.47902530377263,0.07362593126979251,0.007058003096822993,1.1323323553040445,150
/home/iiitn/Datasets/FaceForensics++/manipulated_sequences/Face2Face/c23/videos/917_924.mp4,1,0.2450361780398763,8.262443746158505,0.27067669187644144,0.09272642181594822,0.23644384106428604,7.57799688891933,0.4484445843168465,0.09334612284056075,54.192623642641095,150
/home/iiitn/Datasets/FaceForensics++/manipulated_sequences/Face2Face/c23/videos/916_783.mp4,1,0.2848261063822868,20.397787620405733,0.5351933121018716,0.1470496874813386,0.3138598566266131,18.37883221637657,0.4983805830822341,0.18970663081965514,0.6562371475021126,150
/home/iiitn/Datasets/FaceForensics++/manipulated_sequences/Face2Face/c23/videos/919_015.mp4,1,0.2507350224936457,10.48857895878429,0.3162132353419018,0.11978909885747635,0.2597563805079188,8.338056691570161,0.4335373006201089,0.2701461225168009,0.884378662170945,150
/home/iiitn/Datasets/FaceForensics++/manipulated_sequences/Face2Face/c23/videos/918_934.mp4,1,0.1709967496147058,5.199617894929216,0.4880699246549843,0.3202979957712405,0.19053000825453967,5.73122289059772,0.3837081865613341,0.17025216124407483,0.5917339968183781,150
/home/iiitn/Datasets/FaceForensics++/manipulated_sequences/Face2Face/c23/videos/924_917.mp4,1,0.15955373140354132,5.644086960257031,0.2514089619112481,0.3505600992450952,0.1880857382523169,6.426524751352926,0.40791868281277927,0.11939813853425944,0.19016683649425947,150
/home/iiitn/Datasets/FaceForensics++/manipulated_sequences/Face2Face/c23/videos/922_898.mp4,1,0.21247170726684636,8.82887562602881,0.13571144261923793,0.01624875015994372,0.16861485873390436,4.818651707383255,0.09959613030730424,0.3547544980033029,2.272627988138482,150
/home/iiitn/Datasets/FaceForensics++/manipulated_sequences/Face2Face/c23/videos/923_023.mp4,1,0.17555218546530096,5.306124526127419,0.08309846964058963,0.364522234083758,0.20090357045017196,8.630246980646792,0.42750092691710484,0.13514550839174613,0.19183526418510563,150
/home/iiitn/Datasets/FaceForensics++/manipulated_sequences/Face2Face/c23/videos/926_900.mp4,1,0.2132463293078497,8.792525962159871,0.06732213486121412,0.3264797794968614,0.2213970789267291,11.73811447042254,0.10949000854269914,0.10846015880938698,0.15192790719038599,150
/home/iiitn/Datasets/FaceForensics++/manipulated_sequences/Face2Face/c23/videos/927_912.mp4,1,0.16042713403899755,4.628456028964274,0.40970730004420747,0.15648225545903013,0.1868347912460564,9.02413211704067,0.48096898625638135,0.20343936854910413,0.968042987183124,150
/home/iiitn/Datasets/FaceForensics++/manipulated_sequences/Face2Face/c23/videos/925_933.mp4,1,0.22404647607423026,6.723167578937656,0.19125888755863518,0.12967309820624687,0.22092607825751384,7.634563497352935,0.41196013637402595,0.3016748570579534,2.7509934120472272,150
/home/iiitn/Datasets/FaceForensics++/manipulated_sequences/Face2Face/c23/videos/931_936.mp4,1,0.17856762505058346,6.434469803152722,0.2605541245547521,0.32890855110535283,0.244667868829047,15.510044634975728,0.16257301699329774,0.18367811174114243,0.3597306535841311,150
/home/iiitn/Datasets/FaceForensics++/manipulated_sequences/Face2Face/c23/videos/929_962.mp4,1,0.2270319047120816,7.951592152609983,0.17465091097539764,0.289351735982292,0.17999582957718804,4.921664809315626,0.16607626849973176,0.0254075869461612,28.597670475709116,150
/home/iiitn/Datasets/FaceForensics++/manipulated_sequences/Face2Face/c23/videos/921_569.mp4,1,0.2780236144049138,24.175366221122754,0.4092073003977475,0.14673752034700083,0.31654293632493014,15.587520038906282,0.46770674292286185,0.0951588828067837,0.31974154627872914,150
/home/iiitn/Datasets/FaceForensics++/manipulated_sequences/Face2Face/c23/videos/920_811.mp4,1,0.23899370409361553,10.766134590651946,0.3326108897026762,0.08082293149234805,0.20763430082279033,8.601776541564062,0.461204465123679,0.05454367244687319,12.834199308520338,150
/home/iiitn/Datasets/FaceForensics++/manipulated_sequences/Face2Face/c23/videos/930_763.mp4,1,0.261027322445086,10.204748433551286,0.12113613901192487,0.05434105942676315,0.25264814233316213,8.596546679398317,0.18137328821943965,0.10823783687579573,5.770661556615222,150
/home/iiitn/Datasets/FaceForensics++/manipulated_sequences/Face2Face/c23/videos/928_160.mp4,1,0.2703926192392725,12.184910407400432,0.6153613868442535,0.31203971849072215,0.25266947621011715,12.054753127046482,0.7118591673002763,0.3008432299757843,0.32008005711151233,150
/home/iiitn/Datasets/FaceForensics++/manipulated_sequences/Face2Face/c23/videos/933_925.mp4,1,0.2270363543532076,8.590098697181,0.4328031261899383,0.30385486060696887,0.23372400588419776,6.162274716028563,0.4739315522292394,0.2750176281615181,0.30208086168092657,150
/home/iiitn/Datasets/FaceForensics++/manipulated_sequences/Face2Face/c23/videos/932_384.mp4,1,0.20724889930344537,8.443089023916965,0.2661963032946348,0.05289339735478235,0.16351134509348772,3.8790835625361257,0.45822131316222475,0.007128573575569667,1.383077639077632,150
/home/iiitn/Datasets/FaceForensics++/manipulated_sequences/Face2Face/c23/videos/936_931.mp4,1,0.18469624807058252,5.198751028288455,0.31881583718240586,0.11306711014498101,0.21796343092435508,7.631263338362842,0.30656148508849485,0.1015320202092251,108.58566255802606,150
/home/iiitn/Datasets/FaceForensics++/manipulated_sequences/Face2Face/c23/videos/937_888.mp4,1,0.16746615867740652,5.095822562458484,0.42576287968012577,0.14934702097644956,0.20370998151009542,5.870669871007197,0.41910965876112427,0.16496597913523134,6.79441573870236,150
/home/iiitn/Datasets/FaceForensics++/manipulated_sequences/Face2Face/c23/videos/934_918.mp4,1,0.2780994653211452,15.879905197629975,0.20706498210750013,0.142081237139031,0.23810779155607484,8.969225187284918,0.1025524978180707,0.05964044531882703,24.815190032729085,150
/home/iiitn/Datasets/FaceForensics++/manipulated_sequences/Face2Face/c23/videos/940_941.mp4,1,0.19982466607675495,7.793419846550471,0.1919812509670257,0.06388723113979188,0.25082065035637235,10.535003262166631,0.13481137294633747,0.14392056597620817,0.999073984056329,150
/home/iiitn/Datasets/FaceForensics++/manipulated_sequences/Face2Face/c23/videos/938_987.mp4,1,0.21568933243895175,9.497844704417657,-0.11361551614177878,0.05236125782469735,0.17607736776809615,6.226979931571601,0.14496691331497255,0.1569640193063966,1.1381678347978474,150
/home/iiitn/Datasets/FaceForensics++/manipulated_sequences/Face2Face/c23/videos/939_115.mp4,1,0.18592888398217358,5.507766236587351,0.20057387194734985,0.013256297518096372,0.16048712283617086,3.7229179899520584,0.045604549215502,0.2267294888853878,1.4395722323526092,150
/home/iiitn/Datasets/FaceForensics++/manipulated_sequences/Face2Face/c23/videos/941_940.mp4,1,0.3060645834625409,23.345152143771646,0.22601405288079898,0.2911817929228939,0.32901823976531336,30.875397443304582,0.20065077341593637,0.09333610494853449,0.2705769059982677,150
/home/iiitn/Datasets/FaceForensics++/manipulated_sequences/Face2Face/c23/videos/942_943.mp4,1,0.19159660484130137,7.597664105378347,0.08136601636051928,0.2984664318540224,0.2911130936492759,13.594983311608715,0.38953418977908777,0.09387716873775494,3.080419932491908,150
/home/iiitn/Datasets/FaceForensics++/manipulated_sequences/Face2Face/c23/videos/944_032.mp4,1,0.24673018803134547,8.045219045331363,0.48758045564322,0.12290641228059461,0.2503187219342204,9.608406618183443,0.3444821207137963,0.027415125829302906,5.435771037873634,150
/home/iiitn/Datasets/FaceForensics++/manipulated_sequences/Face2Face/c23/videos/935_733.mp4,1,0.21405617572124702,10.408370890261617,0.5588877091531457,0.2544094440757126,0.1942816190968225,6.8908726378702,0.3850176500774846,0.09554976258676895,0.6332670016445762,150
/home/iiitn/Datasets/FaceForensics++/manipulated_sequences/Face2Face/c23/videos/949_868.mp4,1,0.22138170495969442,11.279654791869092,0.15718181966865813,0.23519530510359685,0.2512269383385473,9.032430605506285,0.3748165265058996,0.11959613925782371,1.1128977737409618,150
/home/iiitn/Datasets/FaceForensics++/manipulated_sequences/Face2Face/c23/videos/943_942.mp4,1,0.1443526627074362,4.428016273129974,-0.1382436487070806,0.40947502893965443,0.18080225399931585,7.807424551848499,-0.09010039444240608,0.139336646998913,0.2665903115100216,150
/home/iiitn/Datasets/FaceForensics++/manipulated_sequences/Face2Face/c23/videos/945_044.mp4,1,0.32316541163712637,73.99854064728275,0.19499644256806692,0.02468966115687175,0.3171473100289722,94.03605851221248,0.17026509184026248,0.06261753007137923,0.46124546100728026,150
/home/iiitn/Datasets/FaceForensics++/manipulated_sequences/Face2Face/c23/videos/946_049.mp4,1,0.20438219736393284,6.708004261789211,0.6915208486640415,0.39106851561559536,0.2517564436367032,12.174010869026477,0.7198595786461303,0.08623603835063842,2.800506798161254,150
/home/iiitn/Datasets/FaceForensics++/manipulated_sequences/Face2Face/c23/videos/952_882.mp4,1,0.27375826263870534,14.709106708025324,0.6470084984422512,0.13766378957486472,0.27591057663923696,8.357387323096157,0.5794817996852835,0.06346711726263678,0.8700982777121828,150
/home/iiitn/Datasets/FaceForensics++/manipulated_sequences/Face2Face/c23/videos/955_078.mp4,1,0.25786906702036266,13.200912185821375,0.5459707344477581,0.26390300013489576,0.28698412108777205,16.615284054283396,0.5301961190730975,0.09525913756674714,0.3021545378042743,150
/home/iiitn/Datasets/FaceForensics++/manipulated_sequences/Face2Face/c23/videos/954_976.mp4,1,0.2740678339455975,11.183173094408966,0.01623116278762179,0.08476880412625261,0.19636349758042884,9.299043467488621,0.4155392718671216,0.12396167426976192,1.6579925947926366,150
/home/iiitn/Datasets/FaceForensics++/manipulated_sequences/Face2Face/c23/videos/947_951.mp4,1,0.18074810290515933,7.264138234552127,0.49813870949584604,0.07697768982534776,0.2772482324512513,17.279166020062334,0.595168968365022,0.26652741734420476,1.8362012673325971,150
/home/iiitn/Datasets/FaceForensics++/manipulated_sequences/Face2Face/c23/videos/951_947.mp4,1,0.22598213712681703,14.478515729850756,0.3573230456573766,0.3112634283497064,0.25260172725171876,9.50366318333652,0.2506905790652125,0.08310036170182822,1.7078943203358499,150
/home/iiitn/Datasets/FaceForensics++/manipulated_sequences/Face2Face/c23/videos/948_965.mp4,1,0.25028501508674145,8.273729684562134,0.5891429494104513,0.14418739000114814,0.17277833787303923,3.8618692782144044,0.43856611823305175,0.4827430367541363,2.683849727141861,150
/home/iiitn/Datasets/FaceForensics++/manipulated_sequences/Face2Face/c23/videos/956_958.mp4,1,0.18364266753306838,7.499669389682478,-0.020467769878614487,0.3969449360648289,0.20403937448617027,6.944168401529287,0.22157476479508267,0.4474276913069235,1.7341387488285276,150
/home/iiitn/Datasets/FaceForensics++/manipulated_sequences/Face2Face/c23/videos/953_974.mp4,1,0.19860640372194963,5.91624531137158,0.37814262786062364,0.18034347483035598,0.1940312073009595,6.033697866240348,0.3292138587441477,0.03652141366308462,31.075829576463093,150
/home/iiitn/Datasets/FaceForensics++/manipulated_sequences/Face2Face/c23/videos/950_836.mp4,1,0.2930918387552592,18.971510681569494,0.48003147700522913,0.15224956725753735,0.2957723209046441,23.079637139438443,0.5731349214365262,0.163335981902771,0.2075740768264991,150
/home/iiitn/Datasets/FaceForensics++/manipulated_sequences/Face2Face/c23/videos/958_956.mp4,1,0.2064819985443017,6.331241605122362,0.26251352293196234,0.07402617962019913,0.18622099160543637,10.461757010214528,0.5276349347227752,0.3596147197188564,6.332579546490094,150
/home/iiitn/Datasets/FaceForensics++/manipulated_sequences/Face2Face/c23/videos/964_174.mp4,1,0.2666412146689534,3.565041734061777,0.37708468844588783,0.3530780563423526,0.2892771727243451,4.648079304721084,0.4632431125110224,0.2429525027487663,2.425235563823778,150
/home/iiitn/Datasets/FaceForensics++/manipulated_sequences/Face2Face/c23/videos/962_929.mp4,1,0.17096837658802808,5.720783926675779,0.532438043176291,0.04233992128894822,0.2071424447520117,7.021462347950437,0.15035095063088333,0.28071781578228466,1.4794482423814028,150
/home/iiitn/Datasets/FaceForensics++/manipulated_sequences/Face2Face/c23/videos/960_999.mp4,1,0.22547805244499322,5.523511293150933,-0.06539480578967434,0.05443664539863683,0.28588372170714976,16.555154839128367,0.580110251142241,0.07942092697291962,0.7235143264243368,150
/home/iiitn/Datasets/FaceForensics++/manipulated_sequences/Face2Face/c23/videos/963_879.mp4,1,0.3248691407520588,15.43176100066271,0.7674862031018276,0.1603169287928389,0.3422929041602858,19.19703196824511,0.6224428371106818,0.14023805079516072,0.26029022570186705,150
/home/iiitn/Datasets/FaceForensics++/manipulated_sequences/Face2Face/c23/videos/959_957.mp4,1,0.25979655502050325,8.061128533988603,0.2730218690847149,0.16007012355267328,0.287460449845304,11.2539859832023,0.35120461271674047,0.15269161896152483,2.946080443902204,150
/home/iiitn/Datasets/FaceForensics++/manipulated_sequences/Face2Face/c23/videos/957_959.mp4,1,0.3131867805261654,32.588798057888596,0.4152136150122503,0.01902663945395135,0.40551501070443713,46.374604401250956,0.8021439623519856,0.026619468377369348,4.9158796126831295,150
/home/iiitn/Datasets/FaceForensics++/manipulated_sequences/Face2Face/c23/videos/966_988.mp4,1,0.20747110182448433,7.67497881037395,0.14609243818645204,0.1688336169626706,0.2505951320873934,11.7106264719732,-0.0415356102990503,0.07420916490393122,9.077558759977167,150
/home/iiitn/Datasets/FaceForensics++/manipulated_sequences/Face2Face/c23/videos/961_069.mp4,1,0.17373957533158993,21.141181284743332,0.2944164626073921,0.3438959422781746,0.25290030266517105,14.144804267125293,0.35549391248807366,0.23972799041935325,1.4021085495797074,150
/home/iiitn/Datasets/FaceForensics++/manipulated_sequences/Face2Face/c23/videos/969_897.mp4,1,0.18504713440567724,7.802145922214142,0.39436341416316933,0.1763428727086935,0.221323616722941,9.361191474559796,0.06415967606138785,0.33192279975501965,0.23457273496816322,150
/home/iiitn/Datasets/FaceForensics++/manipulated_sequences/Face2Face/c23/videos/967_984.mp4,1,0.3559102235165364,27.893561459253945,0.5859472152541725,0.09690260504713955,0.4604980126756983,39.457951912271604,0.6318623108682209,0.03650485111867607,0.7552775849333073,150
/home/iiitn/Datasets/FaceForensics++/manipulated_sequences/Face2Face/c23/videos/968_884.mp4,1,0.22720912986507846,8.907726987786923,0.3734290712833268,0.23706919393936746,0.21641131582878792,8.807488129611215,0.4943854659562439,0.14494823819316346,3.249477025877868,150
/home/iiitn/Datasets/FaceForensics++/manipulated_sequences/Face2Face/c23/videos/970_973.mp4,1,0.2666116935144651,10.246191208027739,0.5189850248072738,0.05187374715621084,0.20744059935917172,8.443918884556979,0.4290789301344902,0.010855333474663576,0.6335812443163135,150
/home/iiitn/Datasets/FaceForensics++/manipulated_sequences/Face2Face/c23/videos/965_948.mp4,1,0.22223447304578162,6.526313119906269,0.08558999731295304,0.17070133949341826,0.25920868679752784,6.979491039121771,0.4827738165157192,0.3151731568776465,0.6931016029404905,150
/home/iiitn/Datasets/FaceForensics++/manipulated_sequences/Face2Face/c23/videos/974_953.mp4,1,0.25464076253722323,12.629950970401074,0.3010725946103771,0.12373651710512305,0.2555633015328292,15.695659841363913,0.15426372472843256,0.0812262980873473,7.513438966301091,150
/home/iiitn/Datasets/FaceForensics++/manipulated_sequences/Face2Face/c23/videos/973_970.mp4,1,0.2377791984904496,9.71245667166157,0.37112061520542516,0.06836895832950572,0.30028891399747315,13.893030984746195,0.34980410108464755,0.0796308381832221,0.2739298331743611,150
/home/iiitn/Datasets/FaceForensics++/manipulated_sequences/Face2Face/c23/videos/976_954.mp4,1,0.16104146554708834,4.899253251847718,0.16565447469330227,0.2459930817717362,0.30209646632554826,14.592908529545843,0.03165436498766903,0.14313211216426036,6.149848487574944,150
/home/iiitn/Datasets/FaceForensics++/manipulated_sequences/Face2Face/c23/videos/977_075.mp4,1,0.1820836593798739,4.779754240971485,0.3891149411635546,0.04924030925304027,0.21537820463899093,6.514705237048386,0.31332082377450204,0.2609045038620559,2.024985600296208,150
/home/iiitn/Datasets/FaceForensics++/manipulated_sequences/Face2Face/c23/videos/980_992.mp4,1,0.22798971960718983,8.692129544643857,0.23607552573694524,0.05436240887079443,0.26791460904529885,11.686072276005325,0.21180246541650952,0.05034575277678638,12.407553526281943,150
/home/iiitn/Datasets/FaceForensics++/manipulated_sequences/Face2Face/c23/videos/978_975.mp4,1,0.23157181696408516,7.308457706159874,0.4061456171848931,0.29117178485091716,0.24958938986536294,7.457661794370995,0.5225952259667136,0.4163115889069124,0.5667987497576067,150
/home/iiitn/Datasets/FaceForensics++/manipulated_sequences/Face2Face/c23/videos/981_985.mp4,1,0.2955593301474075,16.011128937425664,0.609214816225189,0.16612609632350028,0.2840638456727955,15.002092822677731,0.4876382175174893,0.2084743154039149,1.6763588166774361,150
/home/iiitn/Datasets/FaceForensics++/manipulated_sequences/Face2Face/c23/videos/975_978.mp4,1,0.21246448457367087,5.025316257168233,0.2866153570276348,0.25795285212820945,0.21271857740494182,5.861221598726366,0.31536699895796955,0.22804394519634089,0.1292948802633922,150
/home/iiitn/Datasets/FaceForensics++/manipulated_sequences/Face2Face/c23/videos/979_875.mp4,1,0.2929910833957093,10.763459612417813,0.4398190735614362,0.15038323209452767,0.5033659973181643,86.41367385796708,0.7799189325850567,0.014406425285962443,4.4618794184069355,150
/home/iiitn/Datasets/FaceForensics++/manipulated_sequences/Face2Face/c23/videos/972_718.mp4,1,0.16206484469446616,6.492115750746834,0.5013208814336757,0.31157917554473835,0.1958882468857741,6.2955081172559275,0.33374376142155837,0.15282341974970304,0.1531995380243414,150
/home/iiitn/Datasets/FaceForensics++/manipulated_sequences/Face2Face/c23/videos/982_004.mp4,1,0.2595073963760283,17.127894735895808,0.40497976784643885,0.060007040803615415,0.31379325193383606,32.35799703903993,0.2290588424840362,0.030162117103308753,0.017338947442659732,150
/home/iiitn/Datasets/FaceForensics++/manipulated_sequences/Face2Face/c23/videos/983_113.mp4,1,0.19241984035965795,9.664576373849831,0.4193022686070391,0.20011913194598518,0.20767606383366302,8.143397325538276,0.3493577941212686,0.08788593514085498,46.61293078009644,150
/home/iiitn/Datasets/FaceForensics++/manipulated_sequences/Face2Face/c23/videos/985_981.mp4,1,0.17574039200524524,4.620447127739408,0.2517182376826463,0.22362783515228404,0.23879735010561642,12.103098606369214,0.22455891481640378,0.3077419801110515,0.7835358453969924,150
/home/iiitn/Datasets/FaceForensics++/manipulated_sequences/Face2Face/c23/videos/984_967.mp4,1,0.19033708639100574,6.1353664022360865,0.16137656760898073,0.16100728955918212,0.1947722397238122,6.843318071160603,0.44280071901576346,0.37327533059677065,39.50142098791302,150
/home/iiitn/Datasets/FaceForensics++/manipulated_sequences/Face2Face/c23/videos/971_564.mp4,1,0.19970286592805034,6.1775172674268966,0.19479285580021422,0.2663447199673978,0.2631420411947819,11.895581657843337,0.5205044733709915,0.0598278541425902,0.7764180304830001,150
/home/iiitn/Datasets/FaceForensics++/manipulated_sequences/Face2Face/c23/videos/987_938.mp4,1,0.17675779029030672,5.096279005605696,0.2554926345023505,0.18885032718296646,0.1376878993486784,3.347820247869039,0.2733534366838372,0.136937196749857,0.36171877463518154,150
/home/iiitn/Datasets/FaceForensics++/manipulated_sequences/Face2Face/c23/videos/988_966.mp4,1,0.27946164782853455,27.905963412030463,-0.07960956117959439,0.10603781126298802,0.23939412251405678,16.83553393820056,0.07031769364244578,0.18390819411550097,0.21187144252284834,150
/home/iiitn/Datasets/FaceForensics++/manipulated_sequences/Face2Face/c23/videos/989_993.mp4,1,0.2950931524746532,18.285798934516357,0.2852707167520935,0.12431981097748927,0.2619413088033108,9.855933711700708,0.39213857923754003,0.4480595936803215,1.3521778898699206,150
/home/iiitn/Datasets/FaceForensics++/manipulated_sequences/Face2Face/c23/videos/992_980.mp4,1,0.24579789466422206,12.008799635525206,0.10632310602486982,0.2695109421498269,0.20287971844992514,8.714952335064565,0.17237075531010224,0.39901392420830556,35.27995764690912,150
/home/iiitn/Datasets/FaceForensics++/manipulated_sequences/Face2Face/c23/videos/990_008.mp4,1,0.15216295816266998,4.8428833172075665,0.16745722779470565,0.03661728451084273,0.16390362170680975,5.50707890181711,0.12537974066240745,0.1747328158811344,1.0805918327158235,150
/home/iiitn/Datasets/FaceForensics++/manipulated_sequences/Face2Face/c23/videos/991_064.mp4,1,0.24356946395348192,13.586164263808072,0.3229934527257827,0.1860959975609721,0.2845496242599659,11.314704802808228,0.27057046512364624,0.17804724263457064,0.013863784076360979,150
/home/iiitn/Datasets/FaceForensics++/manipulated_sequences/Face2Face/c23/videos/986_994.mp4,1,0.19885209895107023,8.84483843061736,0.24549896497605872,0.18578734164945013,0.23457204713436064,9.195628212880719,0.2196146939117464,0.08957574877862395,4.459972552568411,150
/home/iiitn/Datasets/FaceForensics++/manipulated_sequences/Face2Face/c23/videos/993_989.mp4,1,0.21402445016653227,7.41875619367537,0.2605163572324243,0.08106744655773519,0.25781323425181607,10.124003051305346,0.1219788156678195,0.17934417932717547,1.327253288347407,150
/home/iiitn/Datasets/FaceForensics++/manipulated_sequences/Face2Face/c23/videos/994_986.mp4,1,0.17841364401091422,6.477228723537576,-0.05995394151309968,0.3817465245070739,0.22364430416840966,8.536508658679978,0.31077447198118285,0.1481144486561918,1.9730453622517385,150
/home/iiitn/Datasets/FaceForensics++/manipulated_sequences/Face2Face/c23/videos/995_233.mp4,1,0.2539146017704336,15.571465184997136,0.03947430939214095,0.18906886725010216,0.25836137319549474,16.59200937793749,0.1027034349068076,0.041119877977204594,5.052626952331225,150
/home/iiitn/Datasets/FaceForensics++/manipulated_sequences/Face2Face/c23/videos/997_040.mp4,1,0.2569161013382544,17.238920597870855,0.2737123860490831,0.014924811995219953,0.28923839725594963,20.70297345961224,0.4161399203817793,0.09124396922517912,1.6189449896287575,150
/home/iiitn/Datasets/FaceForensics++/manipulated_sequences/Face2Face/c23/videos/996_056.mp4,1,0.16632094495556718,4.658141285734854,0.3385388184968441,0.08044713013237875,0.22928075126697553,6.966202052342267,0.27224536964544693,0.13179823982970112,1.0047196227387183,150
/home/iiitn/Datasets/FaceForensics++/manipulated_sequences/Face2Face/c23/videos/999_960.mp4,1,0.18609248016847688,4.591155178911301,0.30741379760730697,0.23294626846180655,0.20064802270992552,5.059940521375181,0.3078649871673556,0.33467053101797894,0.8167151669086049,150
/home/iiitn/Datasets/FaceForensics++/manipulated_sequences/Face2Face/c23/videos/998_561.mp4,1,0.15681984101946655,3.141765364665781,0.2641940330399302,0.3220906022958216,0.17773779124876296,5.700966195883056,0.4460305176381664,0.1772143576375639,4.865887692194427,150
