{
  "LogisticRegression": {
    "cv_auc_mean": 0.9957194010416666,
    "cv_auc_std": 0.0026081986473444796,
    "cv_acc_mean": 0.9848958333333334,
    "cv_fold_aucs": [
      0.9976942274305556,
      0.9913736979166667,
      0.9980197482638888,
      0.9974772135416666,
      0.9940321180555555
    ],
    "test_auc": 0.993575848044306,
    "test_acc": 0.9474778991159646,
    "test_precision": 0.9864559819413092,
    "test_recall": 0.9075804776739356,
    "test_f1": 0.9453758788534343
  },
  "RandomForest": {
    "cv_auc_mean": 0.999728732638889,
    "cv_auc_std": 0.0004261574845194437,
    "cv_acc_mean": 0.996875,
    "cv_fold_aucs": [
      1.0,
      0.9999457465277778,
      0.9998101128472222,
      1.0,
      0.9988878038194444
    ],
    "test_auc": 0.9999026479750779,
    "test_acc": 0.9979199167966719,
    "test_precision": 0.9989594172736732,
    "test_recall": 0.9968847352024922,
    "test_f1": 0.997920997920998
  },
  "LightGBM": {
    "cv_auc_mean": 0.999338107638889,
    "cv_auc_std": 0.000969848156230874,
    "cv_acc_mean": 0.9953125,
    "cv_fold_aucs": [
      0.9995388454861112,
      0.9999457465277778,
      0.9998101128472222,
      0.999972873263889,
      0.9974229600694444
    ],
    "test_auc": 1.0,
    "test_acc": 0.999479979199168,
    "test_precision": 1.0,
    "test_recall": 0.9989615784008308,
    "test_f1": 0.9994805194805195
  },
  "best_classifier": "LightGBM",
  "best_test_auc": 1.0,
  "cohens_d": {
    "s_benford_dev": 0.019651970451630255,
    "s_block_artifact": 0.002113246125235949,
    "s_blur_mag": 0.09169908782607626,
    "s_dbl_compress": 0.0177359417029741,
    "s_face_bg_diff": 0.01603960751015367,
    "s_flow_dir_consist": 0.06204276081079225,
    "s_flow_mag": 0.12007051906218294,
    "s_noise_hf_ratio": 0.7667408356634661,
    "s_noise_res_std": 0.057662618242037895,
    "s_noise_vmr": 0.26452320692644665,
    "s_prnu_energy": 0.0001495928992538964,
    "s_prnu_face_periph": 0.15955211414255502,
    "s_shadow_score": 0.17227535765227664,
    "t_blink_duration": 0.8255725544943243,
    "t_blink_rate": 0.6048768455280839,
    "t_blink_symmetry": 0.9570988432110299,
    "t_boundary_color_disc": 0.024128458499381257,
    "t_boundary_freq_leakage": 0.014764964278428336,
    "t_boundary_grad_temporal": 0.06536080020829764,
    "t_coupling_consistency": 0.7152220928687886,
    "t_dct_temporal_autocorr": 1.6027778111783182,
    "t_dct_temporal_std": 0.10002602614284643,
    "t_face_ssim_mean": 1.1384145923556943,
    "t_face_ssim_min": 0.555243137695555,
    "t_face_ssim_std": 0.9277525790617048,
    "t_interpupillary_std": 0.08636968626530253,
    "t_jaw_chin_rigidity": 0.413561926171389,
    "t_landmark_accel_var": 0.7790960875693271,
    "t_landmark_jitter": 1.2576410757216387,
    "t_landmark_velocity_autocorr": 0.8419578587407858,
    "t_motion_blur_coupling": 0.17687003626661252,
    "t_noise_corr_std": 0.4470013697475287,
    "t_noise_spectral_entropy": 1.9123223982178466,
    "t_noise_temporal_corr": 0.17377762150342266,
    "t_nose_bridge_std": 0.22250798398197202,
    "t_prnu_face_vs_bg": 0.11819387452725047,
    "t_prnu_temporal_stability": 0.45867644455682466,
    "t_residual_entropy": 0.1636708389412992,
    "t_residual_flow_corr": 0.2041025277143773,
    "t_rigid_dist_var": 0.13384833114617953,
    "t_rppg_harmonic_ratio": 0.04967743124477365,
    "t_rppg_interregion_corr": 0.002684991772771965,
    "t_rppg_peak_prominence": 1.6450906920021773,
    "t_rppg_snr": 1.2317395566906326,
    "t_skin_bg_decorrelation": 0.9218176824446951,
    "t_skin_color_jitter": 0.058984000019115655,
    "t_skin_texture_corr": 0.6594813378056364,
    "t_specular_stability": 0.0742659878144946,
    "t_specular_symmetry": 0.22352718454005896,
    "t_texture_warp_residual": 0.6329508708479801
  },
  "n_features": 50,
  "feature_names": [
    "s_benford_dev",
    "s_block_artifact",
    "s_blur_mag",
    "s_dbl_compress",
    "s_face_bg_diff",
    "s_flow_dir_consist",
    "s_flow_mag",
    "s_noise_hf_ratio",
    "s_noise_res_std",
    "s_noise_vmr",
    "s_prnu_energy",
    "s_prnu_face_periph",
    "s_shadow_score",
    "t_blink_duration",
    "t_blink_rate",
    "t_blink_symmetry",
    "t_boundary_color_disc",
    "t_boundary_freq_leakage",
    "t_boundary_grad_temporal",
    "t_coupling_consistency",
    "t_dct_temporal_autocorr",
    "t_dct_temporal_std",
    "t_face_ssim_mean",
    "t_face_ssim_min",
    "t_face_ssim_std",
    "t_interpupillary_std",
    "t_jaw_chin_rigidity",
    "t_landmark_accel_var",
    "t_landmark_jitter",
    "t_landmark_velocity_autocorr",
    "t_motion_blur_coupling",
    "t_noise_corr_std",
    "t_noise_spectral_entropy",
    "t_noise_temporal_corr",
    "t_nose_bridge_std",
    "t_prnu_face_vs_bg",
    "t_prnu_temporal_stability",
    "t_residual_entropy",
    "t_residual_flow_corr",
    "t_rigid_dist_var",
    "t_rppg_harmonic_ratio",
    "t_rppg_interregion_corr",
    "t_rppg_peak_prominence",
    "t_rppg_snr",
    "t_skin_bg_decorrelation",
    "t_skin_color_jitter",
    "t_skin_texture_corr",
    "t_specular_stability",
    "t_specular_symmetry",
    "t_texture_warp_residual"
  ]
}