{
  "LogisticRegression": {
    "cv_fold_aucs": [
      0.8753720238095237,
      0.9125744047619048,
      0.8947510822510822,
      0.8991815476190477,
      0.9132508116883117,
      0.9026650432900434,
      0.8760484307359307,
      0.9088203463203463,
      0.910498903508772,
      0.9033717105263158
    ],
    "cv_auc_mean": 0.8996534304511277,
    "cv_auc_std": 0.013219042385841139,
    "cv_ci_lo": 0.8896855799783064,
    "cv_ci_hi": 0.9096212809239489,
    "test_auc": 0.9686416059660076
  },
  "RandomForest": {
    "cv_fold_aucs": [
      0.9059794372294374,
      0.9083130411255411,
      0.9052353896103896,
      0.8789231601731601,
      0.9217397186147186,
      0.9120670995670995,
      0.8690814393939396,
      0.9030032467532467,
      0.9172149122807017,
      0.8800027412280701
    ],
    "cv_auc_mean": 0.9001560185976304,
    "cv_auc_std": 0.016898846373084864,
    "cv_ci_lo": 0.8874134031423303,
    "cv_ci_hi": 0.9128986340529305,
    "test_auc": 0.9964771938952481
  },
  "LightGBM": {
    "cv_fold_aucs": [
      0.9262040043290042,
      0.9288419913419914,
      0.9210971320346321,
      0.9076366341991342,
      0.9364853896103896,
      0.9309050324675325,
      0.8905573593073594,
      0.9380749458874459,
      0.931126644736842,
      0.9199561403508774
    ],
    "cv_auc_mean": 0.9230885274265208,
    "cv_auc_std": 0.013723708270263195,
    "cv_ci_lo": 0.9127401324386112,
    "cv_ci_hi": 0.9334369224144304,
    "test_auc": 0.9931711758584808
  },
  "best_classifier": "RandomForest",
  "best_test_auc": 0.9964771938952481,
  "experiment_name": "Multi-manip\u2192NeuralTextures",
  "best_test_ci_lo": 0.9935874791098016,
  "best_test_ci_hi": 0.9985559029797684,
  "previous_auc": 0.9965,
  "delta": -2.280610475191569e-05
}