{
  "LogisticRegression": {
    "cv_auc_mean": 0.9731583644651687,
    "cv_auc_std": 0.0067564384206932615,
    "cv_acc_mean": 0.926445550478677,
    "cv_fold_aucs": [
      0.9795464409722223,
      0.9615071614583333,
      0.9788394415357766,
      0.9698407504363002,
      0.9760580279232112
    ],
    "test_auc": 0.6908168574401664,
    "test_acc": 0.586153045288912,
    "test_precision": 0.7862068965517242,
    "test_recall": 0.2372528616024974,
    "test_f1": 0.3645083932853717
  },
  "RandomForest": {
    "cv_auc_mean": 0.9727093388688918,
    "cv_auc_std": 0.002994307469961409,
    "cv_acc_mean": 0.9139237924281985,
    "cv_fold_aucs": [
      0.9756944444444444,
      0.9723036024305556,
      0.9722949389179755,
      0.9675501745200698,
      0.9757035340314135
    ],
    "test_auc": 0.8078498959417273,
    "test_acc": 0.5996876626756897,
    "test_precision": 0.9033613445378151,
    "test_recall": 0.22372528616024975,
    "test_f1": 0.3586321934945788
  },
  "LightGBM": {
    "cv_auc_mean": 0.9802454870200699,
    "cv_auc_std": 0.003521737398743131,
    "cv_acc_mean": 0.9269623041775457,
    "cv_fold_aucs": [
      0.9823676215277777,
      0.9769422743055556,
      0.9820298865619547,
      0.975294502617801,
      0.98459315008726
    ],
    "test_auc": 0.7718435657301422,
    "test_acc": 0.5809474232170745,
    "test_precision": 1.0,
    "test_recall": 0.16233090530697192,
    "test_f1": 0.279319606087735
  },
  "best_classifier": "RandomForest",
  "best_test_auc": 0.8078498959417273,
  "cohens_d": {
    "s_benford_dev": 0.14623798581592484,
    "s_block_artifact": 0.03606800814740857,
    "s_blur_mag": 0.11974517160393193,
    "s_dbl_compress": 0.02486776379871057,
    "s_face_bg_diff": 0.008056345918254635,
    "s_flow_dir_consist": 0.0960529998225233,
    "s_flow_mag": 0.20103585588429632,
    "s_noise_hf_ratio": 0.21294407392452894,
    "s_noise_res_std": 0.3404790639567276,
    "s_noise_vmr": 0.02243176129273554,
    "s_prnu_energy": 0.3184988064249572,
    "s_prnu_face_periph": 0.25604227282707465,
    "s_shadow_score": 0.014597899092623575,
    "t_blink_duration": 0.6118996783942552,
    "t_blink_rate": 0.40690940990040325,
    "t_blink_symmetry": 0.00020347450885235642,
    "t_boundary_color_disc": 0.06266082025876485,
    "t_boundary_freq_leakage": 0.19759256403724426,
    "t_boundary_grad_temporal": 0.2360065788348418,
    "t_coupling_consistency": 0.40101990354337075,
    "t_dct_temporal_autocorr": 1.2964088987059716,
    "t_dct_temporal_std": 0.13492476683460597,
    "t_face_ssim_mean": 0.709992341665231,
    "t_face_ssim_min": 0.36542904941096294,
    "t_face_ssim_std": 0.727660165381653,
    "t_interpupillary_std": 0.1014507125475344,
    "t_jaw_chin_rigidity": 0.4629948398795671,
    "t_landmark_accel_var": 0.5640097838925443,
    "t_landmark_jitter": 0.9761231216799174,
    "t_landmark_velocity_autocorr": 0.5433080255864903,
    "t_motion_blur_coupling": 0.33783589115073875,
    "t_noise_corr_std": 0.2849163175683275,
    "t_noise_spectral_entropy": 2.2296352049652546,
    "t_noise_temporal_corr": 0.22578922452476516,
    "t_nose_bridge_std": 0.20414659432409746,
    "t_prnu_face_vs_bg": 0.0297721727227295,
    "t_prnu_temporal_stability": 0.0621887086728513,
    "t_residual_entropy": 0.23615743191420663,
    "t_residual_flow_corr": 0.09454882833154565,
    "t_rigid_dist_var": 0.14213694623899906,
    "t_rppg_harmonic_ratio": 0.12063194597932561,
    "t_rppg_interregion_corr": 0.02820733476390762,
    "t_rppg_peak_prominence": 1.6757010352475081,
    "t_rppg_snr": 1.2530471971189028,
    "t_skin_bg_decorrelation": 0.7169071495472941,
    "t_skin_color_jitter": 0.1555604593003222,
    "t_skin_texture_corr": 0.22886954088746192,
    "t_specular_stability": 0.19427314099496368,
    "t_specular_symmetry": 0.10003472240131892,
    "t_texture_warp_residual": 0.36122675265786186
  },
  "n_features": 50,
  "feature_names": [
    "s_benford_dev",
    "s_block_artifact",
    "s_blur_mag",
    "s_dbl_compress",
    "s_face_bg_diff",
    "s_flow_dir_consist",
    "s_flow_mag",
    "s_noise_hf_ratio",
    "s_noise_res_std",
    "s_noise_vmr",
    "s_prnu_energy",
    "s_prnu_face_periph",
    "s_shadow_score",
    "t_blink_duration",
    "t_blink_rate",
    "t_blink_symmetry",
    "t_boundary_color_disc",
    "t_boundary_freq_leakage",
    "t_boundary_grad_temporal",
    "t_coupling_consistency",
    "t_dct_temporal_autocorr",
    "t_dct_temporal_std",
    "t_face_ssim_mean",
    "t_face_ssim_min",
    "t_face_ssim_std",
    "t_interpupillary_std",
    "t_jaw_chin_rigidity",
    "t_landmark_accel_var",
    "t_landmark_jitter",
    "t_landmark_velocity_autocorr",
    "t_motion_blur_coupling",
    "t_noise_corr_std",
    "t_noise_spectral_entropy",
    "t_noise_temporal_corr",
    "t_nose_bridge_std",
    "t_prnu_face_vs_bg",
    "t_prnu_temporal_stability",
    "t_residual_entropy",
    "t_residual_flow_corr",
    "t_rigid_dist_var",
    "t_rppg_harmonic_ratio",
    "t_rppg_interregion_corr",
    "t_rppg_peak_prominence",
    "t_rppg_snr",
    "t_skin_bg_decorrelation",
    "t_skin_color_jitter",
    "t_skin_texture_corr",
    "t_specular_stability",
    "t_specular_symmetry",
    "t_texture_warp_residual"
  ]
}